"Question ID","Canonical Problem","Difficulty","Topology","Question Language ID","Explanation Style ID","Question","Answer","Explanation","Divisor","Remainder","Quotient","Dividend","Lower Bound","Upper Bound"
"NS-REM-002:CP-002:NS-REM-002-HUMAN-REVIEW-500:CP-002:0","CP-002","Hard","Bounded Search","QL-007","ES-006","Find the least number greater than 8068 that leaves remainder 61 on division by 97.","8112","Check numbers satisfying the remainder condition near the bound.

Answer:

8112","97","61","","","8068",""
"NS-REM-002:CP-002:NS-REM-002-HUMAN-REVIEW-500:CP-002:1","CP-002","Medium","Bounded Search","QL-008","ES-005","Which is the smallest number above 1346 that gives remainder 15 when divided by 34?","1375","Use the remainder condition and the given bound.

The required number is:

1375","34","15","","","1346",""
"NS-REM-002:CP-002:NS-REM-002-HUMAN-REVIEW-500:CP-002:2","CP-002","Hard","Bounded Search","QL-006","ES-005","A number leaves remainder 12 when divided by 64. Find the smallest such number greater than 4761.","4812","Use the remainder condition and the given bound.

The required number is:

4812","64","12","","","4761",""
"NS-REM-002:CP-002:NS-REM-002-HUMAN-REVIEW-500:CP-002:3","CP-002","Easy","Bounded Search","QL-008","ES-006","Which is the smallest number above 176 that gives remainder 9 when divided by 10?","179","Check numbers satisfying the remainder condition near the bound.

Answer:

179","10","9","","","176",""
"NS-REM-002:CP-002:NS-REM-002-HUMAN-REVIEW-500:CP-002:4","CP-002","Medium","Bounded Search","QL-007","ES-005","Find the least number greater than 1403 that leaves remainder 14 on division by 22.","1422","Use the remainder condition and the given bound.

The required number is:

1422","22","14","","","1403",""
"NS-REM-002:CP-002:NS-REM-002-HUMAN-REVIEW-500:CP-002:5","CP-002","Easy","Bounded Search","QL-007","ES-006","Find the least number greater than 194 that leaves remainder 9 on division by 10.","199","Check numbers satisfying the remainder condition near the bound.

Answer:

199","10","9","","","194",""
"NS-REM-002:CP-002:NS-REM-002-HUMAN-REVIEW-500:CP-002:6","CP-002","Easy","Bounded Search","QL-008","ES-006","Which is the smallest number above 119 that gives remainder 10 when divided by 17?","129","Check numbers satisfying the remainder condition near the bound.

Answer:

129","17","10","","","119",""
"NS-REM-002:CP-002:NS-REM-002-HUMAN-REVIEW-500:CP-002:7","CP-002","Medium","Bounded Search","QL-006","ES-005","A number leaves remainder 34 when divided by 41. Find the smallest such number greater than 1017.","1018","Use the remainder condition and the given bound.

The required number is:

1018","41","34","","","1017",""
"NS-REM-002:CP-002:NS-REM-002-HUMAN-REVIEW-500:CP-002:8","CP-002","Medium","Bounded Search","QL-007","ES-006","Find the least number greater than 1307 that leaves remainder 2 on division by 23.","1313","Check numbers satisfying the remainder condition near the bound.

Answer:

1313","23","2","","","1307",""
"NS-REM-002:CP-002:NS-REM-002-HUMAN-REVIEW-500:CP-002:9","CP-002","Easy","Bounded Search","QL-008","ES-005","Which is the smallest number above 136 that gives remainder 3 when divided by 10?","143","Use the remainder condition and the given bound.

The required number is:

143","10","3","","","136",""
"NS-REM-002:CP-002:NS-REM-002-HUMAN-REVIEW-500:CP-002:10","CP-002","Medium","Bounded Search","QL-006","ES-006","A number leaves remainder 25 when divided by 26. Find the smallest such number greater than 998.","1013","Check numbers satisfying the remainder condition near the bound.

Answer:

1013","26","25","","","998",""
"NS-REM-002:CP-002:NS-REM-002-HUMAN-REVIEW-500:CP-002:11","CP-002","Medium","Bounded Search","QL-007","ES-005","Find the least number greater than 518 that leaves remainder 20 on division by 23.","526","Use the remainder condition and the given bound.

The required number is:

526","23","20","","","518",""
"NS-REM-002:CP-002:NS-REM-002-HUMAN-REVIEW-500:CP-002:12","CP-002","Medium","Bounded Search","QL-006","ES-006","A number leaves remainder 19 when divided by 32. Find the smallest such number greater than 724.","755","Check numbers satisfying the remainder condition near the bound.

Answer:

755","32","19","","","724",""
"NS-REM-002:CP-002:NS-REM-002-HUMAN-REVIEW-500:CP-002:13","CP-002","Easy","Bounded Search","QL-006","ES-005","A number leaves remainder 9 when divided by 19. Find the smallest such number greater than 73.","85","Use the remainder condition and the given bound.

The required number is:

85","19","9","","","73",""
"NS-REM-002:CP-002:NS-REM-002-HUMAN-REVIEW-500:CP-002:14","CP-002","Easy","Bounded Search","QL-007","ES-005","Find the least number greater than 93 that leaves remainder 13 on division by 14.","97","Use the remainder condition and the given bound.

The required number is:

97","14","13","","","93",""
"NS-REM-002:CP-002:NS-REM-002-HUMAN-REVIEW-500:CP-002:15","CP-002","Easy","Bounded Search","QL-007","ES-005","Find the least number greater than 177 that leaves remainder 6 on division by 12.","186","Use the remainder condition and the given bound.

The required number is:

186","12","6","","","177",""
"NS-REM-002:CP-002:NS-REM-002-HUMAN-REVIEW-500:CP-002:16","CP-002","Medium","Bounded Search","QL-008","ES-006","Which is the smallest number above 401 that gives remainder 0 when divided by 19?","418","Check numbers satisfying the remainder condition near the bound.

Answer:

418","19","0","","","401",""
"NS-REM-002:CP-002:NS-REM-002-HUMAN-REVIEW-500:CP-002:17","CP-002","Easy","Bounded Search","QL-008","ES-006","Which is the smallest number above 103 that gives remainder 2 when divided by 5?","107","Check numbers satisfying the remainder condition near the bound.

Answer:

107","5","2","","","103",""
"NS-REM-002:CP-002:NS-REM-002-HUMAN-REVIEW-500:CP-002:18","CP-002","Easy","Bounded Search","QL-008","ES-005","Which is the smallest number above 100 that gives remainder 7 when divided by 10?","107","Use the remainder condition and the given bound.

The required number is:

107","10","7","","","100",""
"NS-REM-002:CP-002:NS-REM-002-HUMAN-REVIEW-500:CP-002:19","CP-002","Hard","Bounded Search","QL-007","ES-005","Find the least number greater than 9054 that leaves remainder 6 on division by 38.","9088","Use the remainder condition and the given bound.

The required number is:

9088","38","6","","","9054",""
"NS-REM-002:CP-002:NS-REM-002-HUMAN-REVIEW-500:CP-002:20","CP-002","Easy","Bounded Search","QL-008","ES-006","Which is the smallest number above 63 that gives remainder 8 when divided by 10?","68","Check numbers satisfying the remainder condition near the bound.

Answer:

68","10","8","","","63",""
"NS-REM-002:CP-002:NS-REM-002-HUMAN-REVIEW-500:CP-002:21","CP-002","Hard","Bounded Search","QL-006","ES-006","A number leaves remainder 9 when divided by 10. Find the smallest such number greater than 7325.","7329","Check numbers satisfying the remainder condition near the bound.

Answer:

7329","10","9","","","7325",""
"NS-REM-002:CP-002:NS-REM-002-HUMAN-REVIEW-500:CP-002:22","CP-002","Hard","Bounded Search","QL-008","ES-005","Which is the smallest number above 1444 that gives remainder 0 when divided by 2?","1446","Use the remainder condition and the given bound.

The required number is:

1446","2","0","","","1444",""
"NS-REM-002:CP-002:NS-REM-002-HUMAN-REVIEW-500:CP-002:23","CP-002","Hard","Bounded Search","QL-007","ES-005","Find the least number greater than 1171 that leaves remainder 1 on division by 6.","1177","Use the remainder condition and the given bound.

The required number is:

1177","6","1","","","1171",""
"NS-REM-002:CP-002:NS-REM-002-HUMAN-REVIEW-500:CP-002:24","CP-002","Medium","Bounded Search","QL-007","ES-006","Find the least number greater than 121 that leaves remainder 15 on division by 23.","130","Check numbers satisfying the remainder condition near the bound.

Answer:

130","23","15","","","121",""
"NS-REM-002:CP-002:NS-REM-002-HUMAN-REVIEW-500:CP-002:25","CP-002","Easy","Bounded Search","QL-006","ES-005","A number leaves remainder 1 when divided by 2. Find the smallest such number greater than 144.","145","Use the remainder condition and the given bound.

The required number is:

145","2","1","","","144",""
"NS-REM-002:CP-002:NS-REM-002-HUMAN-REVIEW-500:CP-002:26","CP-002","Medium","Bounded Search","QL-008","ES-006","Which is the smallest number above 642 that gives remainder 0 when divided by 6?","648","Check numbers satisfying the remainder condition near the bound.

Answer:

648","6","0","","","642",""
"NS-REM-002:CP-002:NS-REM-002-HUMAN-REVIEW-500:CP-002:27","CP-002","Hard","Bounded Search","QL-006","ES-006","A number leaves remainder 16 when divided by 17. Find the smallest such number greater than 2503.","2515","Check numbers satisfying the remainder condition near the bound.

Answer:

2515","17","16","","","2503",""
"NS-REM-002:CP-002:NS-REM-002-HUMAN-REVIEW-500:CP-002:28","CP-002","Medium","Bounded Search","QL-006","ES-005","A number leaves remainder 8 when divided by 14. Find the smallest such number greater than 1998.","2010","Use the remainder condition and the given bound.

The required number is:

2010","14","8","","","1998",""
"NS-REM-002:CP-002:NS-REM-002-HUMAN-REVIEW-500:CP-002:29","CP-002","Medium","Bounded Search","QL-008","ES-005","Which is the smallest number above 1143 that gives remainder 5 when divided by 16?","1157","Use the remainder condition and the given bound.

The required number is:

1157","16","5","","","1143",""
"NS-REM-002:CP-002:NS-REM-002-HUMAN-REVIEW-500:CP-002:30","CP-002","Easy","Bounded Search","QL-006","ES-006","A number leaves remainder 14 when divided by 17. Find the smallest such number greater than 116.","133","Check numbers satisfying the remainder condition near the bound.

Answer:

133","17","14","","","116",""
"NS-REM-002:CP-002:NS-REM-002-HUMAN-REVIEW-500:CP-002:31","CP-002","Medium","Bounded Search","QL-007","ES-005","Find the least number greater than 489 that leaves remainder 0 on division by 3.","492","Use the remainder condition and the given bound.

The required number is:

492","3","0","","","489",""
"NS-REM-002:CP-002:NS-REM-002-HUMAN-REVIEW-500:CP-002:32","CP-002","Medium","Bounded Search","QL-007","ES-006","Find the least number greater than 396 that leaves remainder 44 on division by 49.","436","Check numbers satisfying the remainder condition near the bound.

Answer:

436","49","44","","","396",""
"NS-REM-002:CP-002:NS-REM-002-HUMAN-REVIEW-500:CP-002:33","CP-002","Hard","Bounded Search","QL-006","ES-006","A number leaves remainder 16 when divided by 22. Find the smallest such number greater than 8777.","8794","Check numbers satisfying the remainder condition near the bound.

Answer:

8794","22","16","","","8777",""
"NS-REM-002:CP-002:NS-REM-002-HUMAN-REVIEW-500:CP-002:34","CP-002","Medium","Bounded Search","QL-008","ES-005","Which is the smallest number above 896 that gives remainder 23 when divided by 36?","923","Use the remainder condition and the given bound.

The required number is:

923","36","23","","","896",""
"NS-REM-002:CP-002:NS-REM-002-HUMAN-REVIEW-500:CP-002:35","CP-002","Easy","Bounded Search","QL-007","ES-005","Find the least number greater than 146 that leaves remainder 0 on division by 4.","148","Use the remainder condition and the given bound.

The required number is:

148","4","0","","","146",""
"NS-REM-002:CP-002:NS-REM-002-HUMAN-REVIEW-500:CP-002:36","CP-002","Easy","Bounded Search","QL-007","ES-006","Find the least number greater than 80 that leaves remainder 5 on division by 12.","89","Check numbers satisfying the remainder condition near the bound.

Answer:

89","12","5","","","80",""
"NS-REM-002:CP-002:NS-REM-002-HUMAN-REVIEW-500:CP-002:37","CP-002","Easy","Bounded Search","QL-006","ES-006","A number leaves remainder 6 when divided by 9. Find the smallest such number greater than 33.","42","Check numbers satisfying the remainder condition near the bound.

Answer:

42","9","6","","","33",""
"NS-REM-002:CP-002:NS-REM-002-HUMAN-REVIEW-500:CP-002:38","CP-002","Hard","Bounded Search","QL-006","ES-006","A number leaves remainder 31 when divided by 54. Find the smallest such number greater than 5179.","5215","Check numbers satisfying the remainder condition near the bound.

Answer:

5215","54","31","","","5179",""
"NS-REM-002:CP-002:NS-REM-002-HUMAN-REVIEW-500:CP-002:39","CP-002","Easy","Bounded Search","QL-006","ES-005","A number leaves remainder 0 when divided by 12. Find the smallest such number greater than 137.","144","Use the remainder condition and the given bound.

The required number is:

144","12","0","","","137",""
"NS-REM-002:CP-002:NS-REM-002-HUMAN-REVIEW-500:CP-002:40","CP-002","Medium","Bounded Search","QL-006","ES-006","A number leaves remainder 32 when divided by 37. Find the smallest such number greater than 1195.","1216","Check numbers satisfying the remainder condition near the bound.

Answer:

1216","37","32","","","1195",""
"NS-REM-002:CP-002:NS-REM-002-HUMAN-REVIEW-500:CP-002:41","CP-002","Easy","Bounded Search","QL-006","ES-006","A number leaves remainder 8 when divided by 11. Find the smallest such number greater than 42.","52","Check numbers satisfying the remainder condition near the bound.

Answer:

52","11","8","","","42",""
"NS-REM-002:CP-002:NS-REM-002-HUMAN-REVIEW-500:CP-002:42","CP-002","Easy","Bounded Search","QL-006","ES-005","A number leaves remainder 2 when divided by 6. Find the smallest such number greater than 163.","164","Use the remainder condition and the given bound.

The required number is:

164","6","2","","","163",""
"NS-REM-002:CP-002:NS-REM-002-HUMAN-REVIEW-500:CP-002:43","CP-002","Easy","Bounded Search","QL-008","ES-005","Which is the smallest number above 96 that gives remainder 5 when divided by 10?","105","Use the remainder condition and the given bound.

The required number is:

105","10","5","","","96",""
"NS-REM-002:CP-002:NS-REM-002-HUMAN-REVIEW-500:CP-002:44","CP-002","Easy","Bounded Search","QL-006","ES-006","A number leaves remainder 0 when divided by 12. Find the smallest such number greater than 14.","24","Check numbers satisfying the remainder condition near the bound.

Answer:

24","12","0","","","14",""
"NS-REM-002:CP-002:NS-REM-002-HUMAN-REVIEW-500:CP-002:45","CP-002","Easy","Bounded Search","QL-008","ES-005","Which is the smallest number above 77 that gives remainder 1 when divided by 2?","79","Use the remainder condition and the given bound.

The required number is:

79","2","1","","","77",""
"NS-REM-002:CP-002:NS-REM-002-HUMAN-REVIEW-500:CP-002:46","CP-002","Medium","Bounded Search","QL-008","ES-005","Which is the smallest number above 1317 that gives remainder 4 when divided by 49?","1327","Use the remainder condition and the given bound.

The required number is:

1327","49","4","","","1317",""
"NS-REM-002:CP-002:NS-REM-002-HUMAN-REVIEW-500:CP-002:47","CP-002","Easy","Bounded Search","QL-007","ES-006","Find the least number greater than 60 that leaves remainder 5 on division by 8.","61","Check numbers satisfying the remainder condition near the bound.

Answer:

61","8","5","","","60",""
"NS-REM-002:CP-002:NS-REM-002-HUMAN-REVIEW-500:CP-002:48","CP-002","Hard","Bounded Search","QL-007","ES-006","Find the least number greater than 4454 that leaves remainder 24 on division by 81.","4479","Check numbers satisfying the remainder condition near the bound.

Answer:

4479","81","24","","","4454",""
"NS-REM-002:CP-002:NS-REM-002-HUMAN-REVIEW-500:CP-002:49","CP-002","Easy","Bounded Search","QL-007","ES-006","Find the least number greater than 168 that leaves remainder 5 on division by 10.","175","Check numbers satisfying the remainder condition near the bound.

Answer:

175","10","5","","","168",""
"NS-REM-002:CP-002:NS-REM-002-HUMAN-REVIEW-500:CP-002:50","CP-002","Medium","Bounded Search","QL-008","ES-005","Which is the smallest number above 308 that gives remainder 31 when divided by 42?","325","Use the remainder condition and the given bound.

The required number is:

325","42","31","","","308",""
"NS-REM-002:CP-002:NS-REM-002-HUMAN-REVIEW-500:CP-002:51","CP-002","Hard","Bounded Search","QL-006","ES-005","A number leaves remainder 7 when divided by 9. Find the smallest such number greater than 9260.","9268","Use the remainder condition and the given bound.

The required number is:

9268","9","7","","","9260",""
"NS-REM-002:CP-002:NS-REM-002-HUMAN-REVIEW-500:CP-002:52","CP-002","Medium","Bounded Search","QL-006","ES-005","A number leaves remainder 11 when divided by 44. Find the smallest such number greater than 875.","891","Use the remainder condition and the given bound.

The required number is:

891","44","11","","","875",""
"NS-REM-002:CP-002:NS-REM-002-HUMAN-REVIEW-500:CP-002:53","CP-002","Easy","Bounded Search","QL-008","ES-005","Which is the smallest number above 116 that gives remainder 2 when divided by 10?","122","Use the remainder condition and the given bound.

The required number is:

122","10","2","","","116",""
"NS-REM-002:CP-002:NS-REM-002-HUMAN-REVIEW-500:CP-002:54","CP-002","Easy","Bounded Search","QL-006","ES-005","A number leaves remainder 0 when divided by 19. Find the smallest such number greater than 54.","57","Use the remainder condition and the given bound.

The required number is:

57","19","0","","","54",""
"NS-REM-002:CP-002:NS-REM-002-HUMAN-REVIEW-500:CP-002:55","CP-002","Easy","Bounded Search","QL-008","ES-006","Which is the smallest number above 148 that gives remainder 11 when divided by 19?","163","Check numbers satisfying the remainder condition near the bound.

Answer:

163","19","11","","","148",""
"NS-REM-002:CP-002:NS-REM-002-HUMAN-REVIEW-500:CP-002:56","CP-002","Easy","Bounded Search","QL-007","ES-006","Find the least number greater than 34 that leaves remainder 7 on division by 20.","47","Check numbers satisfying the remainder condition near the bound.

Answer:

47","20","7","","","34",""
"NS-REM-002:CP-002:NS-REM-002-HUMAN-REVIEW-500:CP-002:57","CP-002","Medium","Bounded Search","QL-008","ES-005","Which is the smallest number above 130 that gives remainder 4 when divided by 20?","144","Use the remainder condition and the given bound.

The required number is:

144","20","4","","","130",""
"NS-REM-002:CP-002:NS-REM-002-HUMAN-REVIEW-500:CP-002:58","CP-002","Easy","Bounded Search","QL-008","ES-006","Which is the smallest number above 110 that gives remainder 1 when divided by 8?","113","Check numbers satisfying the remainder condition near the bound.

Answer:

113","8","1","","","110",""
"NS-REM-002:CP-002:NS-REM-002-HUMAN-REVIEW-500:CP-002:59","CP-002","Medium","Bounded Search","QL-008","ES-005","Which is the smallest number above 383 that gives remainder 2 when divided by 3?","386","Use the remainder condition and the given bound.

The required number is:

386","3","2","","","383",""
"NS-REM-002:CP-002:NS-REM-002-HUMAN-REVIEW-500:CP-002:60","CP-002","Easy","Bounded Search","QL-006","ES-005","A number leaves remainder 16 when divided by 17. Find the smallest such number greater than 42.","50","Use the remainder condition and the given bound.

The required number is:

50","17","16","","","42",""
"NS-REM-002:CP-002:NS-REM-002-HUMAN-REVIEW-500:CP-002:61","CP-002","Easy","Bounded Search","QL-008","ES-006","Which is the smallest number above 105 that gives remainder 5 when divided by 19?","119","Check numbers satisfying the remainder condition near the bound.

Answer:

119","19","5","","","105",""
"NS-REM-002:CP-002:NS-REM-002-HUMAN-REVIEW-500:CP-002:62","CP-002","Easy","Bounded Search","QL-006","ES-005","A number leaves remainder 0 when divided by 10. Find the smallest such number greater than 115.","120","Use the remainder condition and the given bound.

The required number is:

120","10","0","","","115",""
"NS-REM-002:CP-002:NS-REM-002-HUMAN-REVIEW-500:CP-002:63","CP-002","Easy","Bounded Search","QL-006","ES-005","A number leaves remainder 15 when divided by 19. Find the smallest such number greater than 122.","129","Use the remainder condition and the given bound.

The required number is:

129","19","15","","","122",""
"NS-REM-002:CP-002:NS-REM-002-HUMAN-REVIEW-500:CP-002:64","CP-002","Medium","Bounded Search","QL-007","ES-005","Find the least number greater than 171 that leaves remainder 4 on division by 46.","188","Use the remainder condition and the given bound.

The required number is:

188","46","4","","","171",""
"NS-REM-002:CP-002:NS-REM-002-HUMAN-REVIEW-500:CP-002:65","CP-002","Medium","Bounded Search","QL-008","ES-005","Which is the smallest number above 627 that gives remainder 7 when divided by 49?","644","Use the remainder condition and the given bound.

The required number is:

644","49","7","","","627",""
"NS-REM-002:CP-002:NS-REM-002-HUMAN-REVIEW-500:CP-002:66","CP-002","Easy","Bounded Search","QL-008","ES-006","Which is the smallest number above 85 that gives remainder 3 when divided by 5?","88","Check numbers satisfying the remainder condition near the bound.

Answer:

88","5","3","","","85",""
"NS-REM-002:CP-002:NS-REM-002-HUMAN-REVIEW-500:CP-002:67","CP-002","Medium","Bounded Search","QL-008","ES-005","Which is the smallest number above 353 that gives remainder 12 when divided by 45?","372","Use the remainder condition and the given bound.

The required number is:

372","45","12","","","353",""
"NS-REM-002:CP-002:NS-REM-002-HUMAN-REVIEW-500:CP-002:68","CP-002","Hard","Bounded Search","QL-007","ES-006","Find the least number greater than 4773 that leaves remainder 22 on division by 33.","4774","Check numbers satisfying the remainder condition near the bound.

Answer:

4774","33","22","","","4773",""
"NS-REM-002:CP-002:NS-REM-002-HUMAN-REVIEW-500:CP-002:69","CP-002","Easy","Bounded Search","QL-007","ES-005","Find the least number greater than 97 that leaves remainder 1 on division by 6.","103","Use the remainder condition and the given bound.

The required number is:

103","6","1","","","97",""
"NS-REM-002:CP-002:NS-REM-002-HUMAN-REVIEW-500:CP-002:70","CP-002","Medium","Bounded Search","QL-006","ES-005","A number leaves remainder 2 when divided by 5. Find the smallest such number greater than 836.","837","Use the remainder condition and the given bound.

The required number is:

837","5","2","","","836",""
"NS-REM-002:CP-002:NS-REM-002-HUMAN-REVIEW-500:CP-002:71","CP-002","Easy","Bounded Search","QL-007","ES-006","Find the least number greater than 17 that leaves remainder 4 on division by 11.","26","Check numbers satisfying the remainder condition near the bound.

Answer:

26","11","4","","","17",""
"NS-REM-002:CP-002:NS-REM-002-HUMAN-REVIEW-500:CP-002:72","CP-002","Easy","Bounded Search","QL-006","ES-005","A number leaves remainder 0 when divided by 7. Find the smallest such number greater than 21.","28","Use the remainder condition and the given bound.

The required number is:

28","7","0","","","21",""
"NS-REM-002:CP-002:NS-REM-002-HUMAN-REVIEW-500:CP-002:73","CP-002","Medium","Bounded Search","QL-006","ES-005","A number leaves remainder 10 when divided by 28. Find the smallest such number greater than 118.","122","Use the remainder condition and the given bound.

The required number is:

122","28","10","","","118",""
"NS-REM-002:CP-002:NS-REM-002-HUMAN-REVIEW-500:CP-002:74","CP-002","Medium","Bounded Search","QL-008","ES-005","Which is the smallest number above 1292 that gives remainder 15 when divided by 44?","1335","Use the remainder condition and the given bound.

The required number is:

1335","44","15","","","1292",""
"NS-REM-002:CP-002:NS-REM-002-HUMAN-REVIEW-500:CP-002:75","CP-002","Easy","Bounded Search","QL-007","ES-005","Find the least number greater than 199 that leaves remainder 10 on division by 13.","205","Use the remainder condition and the given bound.

The required number is:

205","13","10","","","199",""
"NS-REM-002:CP-002:NS-REM-002-HUMAN-REVIEW-500:CP-002:76","CP-002","Medium","Bounded Search","QL-006","ES-005","A number leaves remainder 13 when divided by 22. Find the smallest such number greater than 665.","673","Use the remainder condition and the given bound.

The required number is:

673","22","13","","","665",""
"NS-REM-002:CP-002:NS-REM-002-HUMAN-REVIEW-500:CP-002:77","CP-002","Medium","Bounded Search","QL-006","ES-006","A number leaves remainder 2 when divided by 13. Find the smallest such number greater than 872.","873","Check numbers satisfying the remainder condition near the bound.

Answer:

873","13","2","","","872",""
"NS-REM-002:CP-002:NS-REM-002-HUMAN-REVIEW-500:CP-002:78","CP-002","Easy","Bounded Search","QL-007","ES-006","Find the least number greater than 167 that leaves remainder 7 on division by 10.","177","Check numbers satisfying the remainder condition near the bound.

Answer:

177","10","7","","","167",""
"NS-REM-002:CP-002:NS-REM-002-HUMAN-REVIEW-500:CP-002:79","CP-002","Medium","Bounded Search","QL-007","ES-005","Find the least number greater than 140 that leaves remainder 15 on division by 39.","171","Use the remainder condition and the given bound.

The required number is:

171","39","15","","","140",""
"NS-REM-002:CP-002:NS-REM-002-HUMAN-REVIEW-500:CP-002:80","CP-002","Medium","Bounded Search","QL-008","ES-005","Which is the smallest number above 831 that gives remainder 12 when divided by 49?","845","Use the remainder condition and the given bound.

The required number is:

845","49","12","","","831",""
"NS-REM-002:CP-002:NS-REM-002-HUMAN-REVIEW-500:CP-002:81","CP-002","Medium","Bounded Search","QL-008","ES-006","Which is the smallest number above 1204 that gives remainder 1 when divided by 22?","1211","Check numbers satisfying the remainder condition near the bound.

Answer:

1211","22","1","","","1204",""
"NS-REM-002:CP-002:NS-REM-002-HUMAN-REVIEW-500:CP-002:82","CP-002","Medium","Bounded Search","QL-006","ES-006","A number leaves remainder 12 when divided by 15. Find the smallest such number greater than 1963.","1977","Check numbers satisfying the remainder condition near the bound.

Answer:

1977","15","12","","","1963",""
"NS-REM-002:CP-002:NS-REM-002-HUMAN-REVIEW-500:CP-002:83","CP-002","Easy","Bounded Search","QL-008","ES-006","Which is the smallest number above 150 that gives remainder 9 when divided by 12?","153","Check numbers satisfying the remainder condition near the bound.

Answer:

153","12","9","","","150",""
"NS-REM-002:CP-002:NS-REM-002-HUMAN-REVIEW-500:CP-002:84","CP-002","Hard","Bounded Search","QL-006","ES-006","A number leaves remainder 20 when divided by 21. Find the smallest such number greater than 5087.","5102","Check numbers satisfying the remainder condition near the bound.

Answer:

5102","21","20","","","5087",""
"NS-REM-002:CP-002:NS-REM-002-HUMAN-REVIEW-500:CP-002:85","CP-002","Medium","Bounded Search","QL-006","ES-005","A number leaves remainder 3 when divided by 4. Find the smallest such number greater than 740.","743","Use the remainder condition and the given bound.

The required number is:

743","4","3","","","740",""
"NS-REM-002:CP-002:NS-REM-002-HUMAN-REVIEW-500:CP-002:86","CP-002","Easy","Bounded Search","QL-008","ES-005","Which is the smallest number above 136 that gives remainder 4 when divided by 6?","142","Use the remainder condition and the given bound.

The required number is:

142","6","4","","","136",""
"NS-REM-002:CP-002:NS-REM-002-HUMAN-REVIEW-500:CP-002:87","CP-002","Easy","Bounded Search","QL-008","ES-005","Which is the smallest number above 174 that gives remainder 9 when divided by 20?","189","Use the remainder condition and the given bound.

The required number is:

189","20","9","","","174",""
"NS-REM-002:CP-002:NS-REM-002-HUMAN-REVIEW-500:CP-002:88","CP-002","Hard","Bounded Search","QL-007","ES-006","Find the least number greater than 8645 that leaves remainder 44 on division by 48.","8684","Check numbers satisfying the remainder condition near the bound.

Answer:

8684","48","44","","","8645",""
"NS-REM-002:CP-002:NS-REM-002-HUMAN-REVIEW-500:CP-002:89","CP-002","Medium","Bounded Search","QL-008","ES-006","Which is the smallest number above 549 that gives remainder 3 when divided by 10?","553","Check numbers satisfying the remainder condition near the bound.

Answer:

553","10","3","","","549",""
"NS-REM-002:CP-002:NS-REM-002-HUMAN-REVIEW-500:CP-002:90","CP-002","Easy","Bounded Search","QL-006","ES-005","A number leaves remainder 9 when divided by 14. Find the smallest such number greater than 109.","121","Use the remainder condition and the given bound.

The required number is:

121","14","9","","","109",""
"NS-REM-002:CP-002:NS-REM-002-HUMAN-REVIEW-500:CP-002:91","CP-002","Medium","Bounded Search","QL-007","ES-006","Find the least number greater than 1426 that leaves remainder 26 on division by 36.","1430","Check numbers satisfying the remainder condition near the bound.

Answer:

1430","36","26","","","1426",""
"NS-REM-002:CP-002:NS-REM-002-HUMAN-REVIEW-500:CP-002:92","CP-002","Medium","Bounded Search","QL-006","ES-006","A number leaves remainder 40 when divided by 41. Find the smallest such number greater than 1129.","1147","Check numbers satisfying the remainder condition near the bound.

Answer:

1147","41","40","","","1129",""
"NS-REM-002:CP-002:NS-REM-002-HUMAN-REVIEW-500:CP-002:93","CP-002","Medium","Bounded Search","QL-006","ES-006","A number leaves remainder 0 when divided by 12. Find the smallest such number greater than 901.","912","Check numbers satisfying the remainder condition near the bound.

Answer:

912","12","0","","","901",""
"NS-REM-002:CP-002:NS-REM-002-HUMAN-REVIEW-500:CP-002:94","CP-002","Easy","Bounded Search","QL-008","ES-005","Which is the smallest number above 58 that gives remainder 0 when divided by 3?","60","Use the remainder condition and the given bound.

The required number is:

60","3","0","","","58",""
"NS-REM-002:CP-002:NS-REM-002-HUMAN-REVIEW-500:CP-002:95","CP-002","Medium","Bounded Search","QL-006","ES-006","A number leaves remainder 28 when divided by 45. Find the smallest such number greater than 1072.","1108","Check numbers satisfying the remainder condition near the bound.

Answer:

1108","45","28","","","1072",""
"NS-REM-002:CP-002:NS-REM-002-HUMAN-REVIEW-500:CP-002:96","CP-002","Easy","Bounded Search","QL-007","ES-006","Find the least number greater than 192 that leaves remainder 1 on division by 9.","199","Check numbers satisfying the remainder condition near the bound.

Answer:

199","9","1","","","192",""
"NS-REM-002:CP-002:NS-REM-002-HUMAN-REVIEW-500:CP-002:97","CP-002","Hard","Bounded Search","QL-007","ES-005","Find the least number greater than 7309 that leaves remainder 37 on division by 77.","7352","Use the remainder condition and the given bound.

The required number is:

7352","77","37","","","7309",""
"NS-REM-002:CP-002:NS-REM-002-HUMAN-REVIEW-500:CP-002:98","CP-002","Easy","Bounded Search","QL-006","ES-005","A number leaves remainder 11 when divided by 14. Find the smallest such number greater than 45.","53","Use the remainder condition and the given bound.

The required number is:

53","14","11","","","45",""
"NS-REM-002:CP-002:NS-REM-002-HUMAN-REVIEW-500:CP-002:99","CP-002","Medium","Bounded Search","QL-008","ES-006","Which is the smallest number above 1266 that gives remainder 2 when divided by 4?","1270","Check numbers satisfying the remainder condition near the bound.

Answer:

1270","4","2","","","1266",""
"NS-REM-002:CP-002:NS-REM-002-HUMAN-REVIEW-500:CP-002:100","CP-002","Easy","Bounded Search","QL-008","ES-006","Which is the smallest number above 139 that gives remainder 2 when divided by 5?","142","Check numbers satisfying the remainder condition near the bound.

Answer:

142","5","2","","","139",""
"NS-REM-002:CP-002:NS-REM-002-HUMAN-REVIEW-500:CP-002:101","CP-002","Medium","Bounded Search","QL-007","ES-005","Find the least number greater than 1854 that leaves remainder 6 on division by 16.","1862","Use the remainder condition and the given bound.

The required number is:

1862","16","6","","","1854",""
"NS-REM-002:CP-002:NS-REM-002-HUMAN-REVIEW-500:CP-002:102","CP-002","Medium","Bounded Search","QL-006","ES-006","A number leaves remainder 17 when divided by 22. Find the smallest such number greater than 175.","193","Check numbers satisfying the remainder condition near the bound.

Answer:

193","22","17","","","175",""
"NS-REM-002:CP-002:NS-REM-002-HUMAN-REVIEW-500:CP-002:103","CP-002","Medium","Bounded Search","QL-006","ES-006","A number leaves remainder 12 when divided by 32. Find the smallest such number greater than 1004.","1036","Check numbers satisfying the remainder condition near the bound.

Answer:

1036","32","12","","","1004",""
"NS-REM-002:CP-002:NS-REM-002-HUMAN-REVIEW-500:CP-002:104","CP-002","Medium","Bounded Search","QL-006","ES-006","A number leaves remainder 17 when divided by 34. Find the smallest such number greater than 1526.","1547","Check numbers satisfying the remainder condition near the bound.

Answer:

1547","34","17","","","1526",""
"NS-REM-002:CP-002:NS-REM-002-HUMAN-REVIEW-500:CP-002:105","CP-002","Easy","Bounded Search","QL-007","ES-006","Find the least number greater than 140 that leaves remainder 14 on division by 20.","154","Check numbers satisfying the remainder condition near the bound.

Answer:

154","20","14","","","140",""
"NS-REM-002:CP-002:NS-REM-002-HUMAN-REVIEW-500:CP-002:106","CP-002","Easy","Bounded Search","QL-006","ES-006","A number leaves remainder 6 when divided by 11. Find the smallest such number greater than 65.","72","Check numbers satisfying the remainder condition near the bound.

Answer:

72","11","6","","","65",""
"NS-REM-002:CP-002:NS-REM-002-HUMAN-REVIEW-500:CP-002:107","CP-002","Hard","Bounded Search","QL-006","ES-006","A number leaves remainder 8 when divided by 10. Find the smallest such number greater than 1718.","1728","Check numbers satisfying the remainder condition near the bound.

Answer:

1728","10","8","","","1718",""
"NS-REM-002:CP-002:NS-REM-002-HUMAN-REVIEW-500:CP-002:108","CP-002","Medium","Bounded Search","QL-008","ES-006","Which is the smallest number above 1631 that gives remainder 9 when divided by 10?","1639","Check numbers satisfying the remainder condition near the bound.

Answer:

1639","10","9","","","1631",""
"NS-REM-002:CP-002:NS-REM-002-HUMAN-REVIEW-500:CP-002:109","CP-002","Medium","Bounded Search","QL-007","ES-005","Find the least number greater than 137 that leaves remainder 46 on division by 48.","142","Use the remainder condition and the given bound.

The required number is:

142","48","46","","","137",""
"NS-REM-002:CP-002:NS-REM-002-HUMAN-REVIEW-500:CP-002:110","CP-002","Easy","Bounded Search","QL-007","ES-006","Find the least number greater than 61 that leaves remainder 14 on division by 19.","71","Check numbers satisfying the remainder condition near the bound.

Answer:

71","19","14","","","61",""
"NS-REM-002:CP-002:NS-REM-002-HUMAN-REVIEW-500:CP-002:111","CP-002","Medium","Bounded Search","QL-008","ES-005","Which is the smallest number above 1137 that gives remainder 15 when divided by 22?","1159","Use the remainder condition and the given bound.

The required number is:

1159","22","15","","","1137",""
"NS-REM-002:CP-002:NS-REM-002-HUMAN-REVIEW-500:CP-002:112","CP-002","Easy","Bounded Search","QL-008","ES-005","Which is the smallest number above 139 that gives remainder 0 when divided by 5?","140","Use the remainder condition and the given bound.

The required number is:

140","5","0","","","139",""
"NS-REM-002:CP-002:NS-REM-002-HUMAN-REVIEW-500:CP-002:113","CP-002","Medium","Bounded Search","QL-008","ES-006","Which is the smallest number above 349 that gives remainder 1 when divided by 2?","351","Check numbers satisfying the remainder condition near the bound.

Answer:

351","2","1","","","349",""
"NS-REM-002:CP-002:NS-REM-002-HUMAN-REVIEW-500:CP-002:114","CP-002","Hard","Bounded Search","QL-006","ES-005","A number leaves remainder 0 when divided by 8. Find the smallest such number greater than 8611.","8616","Use the remainder condition and the given bound.

The required number is:

8616","8","0","","","8611",""
"NS-REM-002:CP-002:NS-REM-002-HUMAN-REVIEW-500:CP-002:115","CP-002","Medium","Bounded Search","QL-008","ES-005","Which is the smallest number above 188 that gives remainder 26 when divided by 45?","206","Use the remainder condition and the given bound.

The required number is:

206","45","26","","","188",""
"NS-REM-002:CP-002:NS-REM-002-HUMAN-REVIEW-500:CP-002:116","CP-002","Hard","Bounded Search","QL-006","ES-005","A number leaves remainder 22 when divided by 36. Find the smallest such number greater than 7115.","7150","Use the remainder condition and the given bound.

The required number is:

7150","36","22","","","7115",""
"NS-REM-002:CP-002:NS-REM-002-HUMAN-REVIEW-500:CP-002:117","CP-002","Medium","Bounded Search","QL-006","ES-006","A number leaves remainder 13 when divided by 35. Find the smallest such number greater than 613.","643","Check numbers satisfying the remainder condition near the bound.

Answer:

643","35","13","","","613",""
"NS-REM-002:CP-002:NS-REM-002-HUMAN-REVIEW-500:CP-002:118","CP-002","Hard","Bounded Search","QL-008","ES-005","Which is the smallest number above 9204 that gives remainder 4 when divided by 80?","9284","Use the remainder condition and the given bound.

The required number is:

9284","80","4","","","9204",""
"NS-REM-002:CP-002:NS-REM-002-HUMAN-REVIEW-500:CP-002:119","CP-002","Hard","Bounded Search","QL-007","ES-006","Find the least number greater than 7745 that leaves remainder 10 on division by 15.","7750","Check numbers satisfying the remainder condition near the bound.

Answer:

7750","15","10","","","7745",""
"NS-REM-002:CP-002:NS-REM-002-HUMAN-REVIEW-500:CP-002:120","CP-002","Medium","Bounded Search","QL-006","ES-006","A number leaves remainder 2 when divided by 9. Find the smallest such number greater than 1055.","1064","Check numbers satisfying the remainder condition near the bound.

Answer:

1064","9","2","","","1055",""
"NS-REM-002:CP-002:NS-REM-002-HUMAN-REVIEW-500:CP-002:121","CP-002","Easy","Bounded Search","QL-008","ES-006","Which is the smallest number above 144 that gives remainder 5 when divided by 9?","149","Check numbers satisfying the remainder condition near the bound.

Answer:

149","9","5","","","144",""
"NS-REM-002:CP-002:NS-REM-002-HUMAN-REVIEW-500:CP-002:122","CP-002","Hard","Bounded Search","QL-007","ES-005","Find the least number greater than 6426 that leaves remainder 57 on division by 64.","6457","Use the remainder condition and the given bound.

The required number is:

6457","64","57","","","6426",""
"NS-REM-002:CP-002:NS-REM-002-HUMAN-REVIEW-500:CP-002:123","CP-002","Medium","Bounded Search","QL-008","ES-005","Which is the smallest number above 1441 that gives remainder 36 when divided by 39?","1479","Use the remainder condition and the given bound.

The required number is:

1479","39","36","","","1441",""
"NS-REM-002:CP-002:NS-REM-002-HUMAN-REVIEW-500:CP-002:124","CP-002","Easy","Bounded Search","QL-008","ES-005","Which is the smallest number above 54 that gives remainder 1 when divided by 2?","55","Use the remainder condition and the given bound.

The required number is:

55","2","1","","","54",""
"NS-REM-002:CP-002:NS-REM-002-HUMAN-REVIEW-500:CP-002:125","CP-002","Hard","Bounded Search","QL-006","ES-005","A number leaves remainder 19 when divided by 61. Find the smallest such number greater than 9808.","9840","Use the remainder condition and the given bound.

The required number is:

9840","61","19","","","9808",""
"NS-REM-002:CP-002:NS-REM-002-HUMAN-REVIEW-500:CP-002:126","CP-002","Medium","Bounded Search","QL-006","ES-006","A number leaves remainder 1 when divided by 2. Find the smallest such number greater than 1384.","1385","Check numbers satisfying the remainder condition near the bound.

Answer:

1385","2","1","","","1384",""
"NS-REM-002:CP-002:NS-REM-002-HUMAN-REVIEW-500:CP-002:127","CP-002","Medium","Bounded Search","QL-008","ES-005","Which is the smallest number above 338 that gives remainder 12 when divided by 49?","355","Use the remainder condition and the given bound.

The required number is:

355","49","12","","","338",""
"NS-REM-002:CP-002:NS-REM-002-HUMAN-REVIEW-500:CP-002:128","CP-002","Easy","Bounded Search","QL-007","ES-006","Find the least number greater than 39 that leaves remainder 3 on division by 20.","43","Check numbers satisfying the remainder condition near the bound.

Answer:

43","20","3","","","39",""
"NS-REM-002:CP-002:NS-REM-002-HUMAN-REVIEW-500:CP-002:129","CP-002","Medium","Bounded Search","QL-006","ES-005","A number leaves remainder 9 when divided by 41. Find the smallest such number greater than 883.","911","Use the remainder condition and the given bound.

The required number is:

911","41","9","","","883",""
"NS-REM-002:CP-002:NS-REM-002-HUMAN-REVIEW-500:CP-002:130","CP-002","Medium","Bounded Search","QL-008","ES-005","Which is the smallest number above 617 that gives remainder 4 when divided by 21?","634","Use the remainder condition and the given bound.

The required number is:

634","21","4","","","617",""
"NS-REM-002:CP-002:NS-REM-002-HUMAN-REVIEW-500:CP-002:131","CP-002","Easy","Bounded Search","QL-006","ES-005","A number leaves remainder 9 when divided by 15. Find the smallest such number greater than 160.","174","Use the remainder condition and the given bound.

The required number is:

174","15","9","","","160",""
"NS-REM-002:CP-002:NS-REM-002-HUMAN-REVIEW-500:CP-002:132","CP-002","Medium","Bounded Search","QL-008","ES-006","Which is the smallest number above 371 that gives remainder 4 when divided by 6?","376","Check numbers satisfying the remainder condition near the bound.

Answer:

376","6","4","","","371",""
"NS-REM-002:CP-002:NS-REM-002-HUMAN-REVIEW-500:CP-002:133","CP-002","Medium","Bounded Search","QL-008","ES-005","Which is the smallest number above 1794 that gives remainder 18 when divided by 29?","1816","Use the remainder condition and the given bound.

The required number is:

1816","29","18","","","1794",""
"NS-REM-002:CP-002:NS-REM-002-HUMAN-REVIEW-500:CP-002:134","CP-002","Hard","Bounded Search","QL-007","ES-005","Find the least number greater than 7598 that leaves remainder 6 on division by 23.","7619","Use the remainder condition and the given bound.

The required number is:

7619","23","6","","","7598",""
"NS-REM-002:CP-002:NS-REM-002-HUMAN-REVIEW-500:CP-002:135","CP-002","Medium","Bounded Search","QL-007","ES-006","Find the least number greater than 549 that leaves remainder 21 on division by 28.","553","Check numbers satisfying the remainder condition near the bound.

Answer:

553","28","21","","","549",""
"NS-REM-002:CP-002:NS-REM-002-HUMAN-REVIEW-500:CP-002:136","CP-002","Easy","Bounded Search","QL-008","ES-005","Which is the smallest number above 31 that gives remainder 2 when divided by 6?","32","Use the remainder condition and the given bound.

The required number is:

32","6","2","","","31",""
"NS-REM-002:CP-002:NS-REM-002-HUMAN-REVIEW-500:CP-002:137","CP-002","Medium","Bounded Search","QL-008","ES-005","Which is the smallest number above 1116 that gives remainder 9 when divided by 30?","1119","Use the remainder condition and the given bound.

The required number is:

1119","30","9","","","1116",""
"NS-REM-002:CP-002:NS-REM-002-HUMAN-REVIEW-500:CP-002:138","CP-002","Easy","Bounded Search","QL-006","ES-006","A number leaves remainder 0 when divided by 14. Find the smallest such number greater than 151.","154","Check numbers satisfying the remainder condition near the bound.

Answer:

154","14","0","","","151",""
"NS-REM-002:CP-002:NS-REM-002-HUMAN-REVIEW-500:CP-002:139","CP-002","Easy","Bounded Search","QL-008","ES-005","Which is the smallest number above 31 that gives remainder 7 when divided by 13?","33","Use the remainder condition and the given bound.

The required number is:

33","13","7","","","31",""
"NS-REM-002:CP-002:NS-REM-002-HUMAN-REVIEW-500:CP-002:140","CP-002","Easy","Bounded Search","QL-006","ES-005","A number leaves remainder 3 when divided by 6. Find the smallest such number greater than 11.","15","Use the remainder condition and the given bound.

The required number is:

15","6","3","","","11",""
"NS-REM-002:CP-002:NS-REM-002-HUMAN-REVIEW-500:CP-002:141","CP-002","Easy","Bounded Search","QL-006","ES-006","A number leaves remainder 0 when divided by 2. Find the smallest such number greater than 78.","80","Check numbers satisfying the remainder condition near the bound.

Answer:

80","2","0","","","78",""
"NS-REM-002:CP-002:NS-REM-002-HUMAN-REVIEW-500:CP-002:142","CP-002","Easy","Bounded Search","QL-008","ES-005","Which is the smallest number above 148 that gives remainder 0 when divided by 7?","154","Use the remainder condition and the given bound.

The required number is:

154","7","0","","","148",""
"NS-REM-002:CP-002:NS-REM-002-HUMAN-REVIEW-500:CP-002:143","CP-002","Hard","Bounded Search","QL-008","ES-006","Which is the smallest number above 3066 that gives remainder 9 when divided by 17?","3069","Check numbers satisfying the remainder condition near the bound.

Answer:

3069","17","9","","","3066",""
"NS-REM-002:CP-002:NS-REM-002-HUMAN-REVIEW-500:CP-002:144","CP-002","Easy","Bounded Search","QL-006","ES-005","A number leaves remainder 1 when divided by 4. Find the smallest such number greater than 122.","125","Use the remainder condition and the given bound.

The required number is:

125","4","1","","","122",""
"NS-REM-002:CP-002:NS-REM-002-HUMAN-REVIEW-500:CP-002:145","CP-002","Medium","Bounded Search","QL-006","ES-006","A number leaves remainder 22 when divided by 35. Find the smallest such number greater than 1558.","1562","Check numbers satisfying the remainder condition near the bound.

Answer:

1562","35","22","","","1558",""
"NS-REM-002:CP-002:NS-REM-002-HUMAN-REVIEW-500:CP-002:146","CP-002","Medium","Bounded Search","QL-008","ES-005","Which is the smallest number above 699 that gives remainder 11 when divided by 23?","701","Use the remainder condition and the given bound.

The required number is:

701","23","11","","","699",""
"NS-REM-002:CP-002:NS-REM-002-HUMAN-REVIEW-500:CP-002:147","CP-002","Medium","Bounded Search","QL-006","ES-005","A number leaves remainder 11 when divided by 33. Find the smallest such number greater than 819.","836","Use the remainder condition and the given bound.

The required number is:

836","33","11","","","819",""
"NS-REM-002:CP-002:NS-REM-002-HUMAN-REVIEW-500:CP-002:148","CP-002","Medium","Bounded Search","QL-008","ES-006","Which is the smallest number above 830 that gives remainder 7 when divided by 30?","847","Check numbers satisfying the remainder condition near the bound.

Answer:

847","30","7","","","830",""
"NS-REM-002:CP-002:NS-REM-002-HUMAN-REVIEW-500:CP-002:149","CP-002","Medium","Bounded Search","QL-006","ES-005","A number leaves remainder 2 when divided by 5. Find the smallest such number greater than 761.","762","Use the remainder condition and the given bound.

The required number is:

762","5","2","","","761",""
"NS-REM-002:CP-002:NS-REM-002-HUMAN-REVIEW-500:CP-002:150","CP-002","Medium","Bounded Search","QL-006","ES-006","A number leaves remainder 0 when divided by 8. Find the smallest such number greater than 108.","112","Check numbers satisfying the remainder condition near the bound.

Answer:

112","8","0","","","108",""
"NS-REM-002:CP-002:NS-REM-002-HUMAN-REVIEW-500:CP-002:151","CP-002","Hard","Bounded Search","QL-007","ES-006","Find the least number greater than 4122 that leaves remainder 46 on division by 75.","4171","Check numbers satisfying the remainder condition near the bound.

Answer:

4171","75","46","","","4122",""
"NS-REM-002:CP-002:NS-REM-002-HUMAN-REVIEW-500:CP-002:152","CP-002","Hard","Bounded Search","QL-007","ES-005","Find the least number greater than 9953 that leaves remainder 4 on division by 50.","9954","Use the remainder condition and the given bound.

The required number is:

9954","50","4","","","9953",""
"NS-REM-002:CP-002:NS-REM-002-HUMAN-REVIEW-500:CP-002:153","CP-002","Easy","Bounded Search","QL-008","ES-006","Which is the smallest number above 58 that gives remainder 9 when divided by 12?","69","Check numbers satisfying the remainder condition near the bound.

Answer:

69","12","9","","","58",""
"NS-REM-002:CP-002:NS-REM-002-HUMAN-REVIEW-500:CP-002:154","CP-002","Medium","Bounded Search","QL-008","ES-006","Which is the smallest number above 901 that gives remainder 18 when divided by 46?","938","Check numbers satisfying the remainder condition near the bound.

Answer:

938","46","18","","","901",""
"NS-REM-002:CP-002:NS-REM-002-HUMAN-REVIEW-500:CP-002:155","CP-002","Hard","Bounded Search","QL-007","ES-006","Find the least number greater than 3733 that leaves remainder 12 on division by 31.","3763","Check numbers satisfying the remainder condition near the bound.

Answer:

3763","31","12","","","3733",""
"NS-REM-002:CP-002:NS-REM-002-HUMAN-REVIEW-500:CP-002:156","CP-002","Easy","Bounded Search","QL-007","ES-005","Find the least number greater than 92 that leaves remainder 0 on division by 2.","94","Use the remainder condition and the given bound.

The required number is:

94","2","0","","","92",""
"NS-REM-002:CP-002:NS-REM-002-HUMAN-REVIEW-500:CP-002:157","CP-002","Easy","Bounded Search","QL-006","ES-006","A number leaves remainder 13 when divided by 16. Find the smallest such number greater than 29.","45","Check numbers satisfying the remainder condition near the bound.

Answer:

45","16","13","","","29",""
"NS-REM-002:CP-002:NS-REM-002-HUMAN-REVIEW-500:CP-002:158","CP-002","Hard","Bounded Search","QL-008","ES-005","Which is the smallest number above 3059 that gives remainder 47 when divided by 51?","3107","Use the remainder condition and the given bound.

The required number is:

3107","51","47","","","3059",""
"NS-REM-002:CP-002:NS-REM-002-HUMAN-REVIEW-500:CP-002:159","CP-002","Easy","Bounded Search","QL-008","ES-005","Which is the smallest number above 108 that gives remainder 13 when divided by 15?","118","Use the remainder condition and the given bound.

The required number is:

118","15","13","","","108",""
"NS-REM-002:CP-002:NS-REM-002-HUMAN-REVIEW-500:CP-002:160","CP-002","Medium","Bounded Search","QL-008","ES-006","Which is the smallest number above 594 that gives remainder 1 when divided by 31?","621","Check numbers satisfying the remainder condition near the bound.

Answer:

621","31","1","","","594",""
"NS-REM-002:CP-002:NS-REM-002-HUMAN-REVIEW-500:CP-002:161","CP-002","Easy","Bounded Search","QL-006","ES-006","A number leaves remainder 16 when divided by 20. Find the smallest such number greater than 191.","196","Check numbers satisfying the remainder condition near the bound.

Answer:

196","20","16","","","191",""
"NS-REM-002:CP-002:NS-REM-002-HUMAN-REVIEW-500:CP-002:162","CP-002","Medium","Bounded Search","QL-006","ES-005","A number leaves remainder 4 when divided by 35. Find the smallest such number greater than 868.","879","Use the remainder condition and the given bound.

The required number is:

879","35","4","","","868",""
"NS-REM-002:CP-002:NS-REM-002-HUMAN-REVIEW-500:CP-002:163","CP-002","Hard","Bounded Search","QL-006","ES-006","A number leaves remainder 0 when divided by 2. Find the smallest such number greater than 7703.","7704","Check numbers satisfying the remainder condition near the bound.

Answer:

7704","2","0","","","7703",""
"NS-REM-002:CP-002:NS-REM-002-HUMAN-REVIEW-500:CP-002:164","CP-002","Medium","Bounded Search","QL-008","ES-006","Which is the smallest number above 271 that gives remainder 11 when divided by 18?","281","Check numbers satisfying the remainder condition near the bound.

Answer:

281","18","11","","","271",""
"NS-REM-002:CP-002:NS-REM-002-HUMAN-REVIEW-500:CP-002:165","CP-002","Medium","Bounded Search","QL-007","ES-006","Find the least number greater than 1392 that leaves remainder 34 on division by 50.","1434","Check numbers satisfying the remainder condition near the bound.

Answer:

1434","50","34","","","1392",""
"NS-REM-002:CP-002:NS-REM-002-HUMAN-REVIEW-500:CP-002:166","CP-002","Easy","Bounded Search","QL-008","ES-005","Which is the smallest number above 20 that gives remainder 7 when divided by 15?","22","Use the remainder condition and the given bound.

The required number is:

22","15","7","","","20",""
"NS-REM-002:CP-002:NS-REM-002-HUMAN-REVIEW-500:CP-002:167","CP-002","Easy","Bounded Search","QL-007","ES-006","Find the least number greater than 148 that leaves remainder 7 on division by 13.","150","Check numbers satisfying the remainder condition near the bound.

Answer:

150","13","7","","","148",""
"NS-REM-002:CP-002:NS-REM-002-HUMAN-REVIEW-500:CP-002:168","CP-002","Hard","Bounded Search","QL-006","ES-006","A number leaves remainder 0 when divided by 3. Find the smallest such number greater than 6266.","6267","Check numbers satisfying the remainder condition near the bound.

Answer:

6267","3","0","","","6266",""
"NS-REM-002:CP-002:NS-REM-002-HUMAN-REVIEW-500:CP-002:169","CP-002","Easy","Bounded Search","QL-006","ES-006","A number leaves remainder 4 when divided by 8. Find the smallest such number greater than 151.","156","Check numbers satisfying the remainder condition near the bound.

Answer:

156","8","4","","","151",""
"NS-REM-002:CP-002:NS-REM-002-HUMAN-REVIEW-500:CP-002:170","CP-002","Easy","Bounded Search","QL-008","ES-006","Which is the smallest number above 196 that gives remainder 2 when divided by 6?","200","Check numbers satisfying the remainder condition near the bound.

Answer:

200","6","2","","","196",""
"NS-REM-002:CP-002:NS-REM-002-HUMAN-REVIEW-500:CP-002:171","CP-002","Medium","Bounded Search","QL-006","ES-006","A number leaves remainder 1 when divided by 8. Find the smallest such number greater than 1155.","1161","Check numbers satisfying the remainder condition near the bound.

Answer:

1161","8","1","","","1155",""
"NS-REM-002:CP-002:NS-REM-002-HUMAN-REVIEW-500:CP-002:172","CP-002","Hard","Bounded Search","QL-007","ES-005","Find the least number greater than 4977 that leaves remainder 73 on division by 93.","5002","Use the remainder condition and the given bound.

The required number is:

5002","93","73","","","4977",""
"NS-REM-002:CP-002:NS-REM-002-HUMAN-REVIEW-500:CP-002:173","CP-002","Easy","Bounded Search","QL-006","ES-006","A number leaves remainder 7 when divided by 16. Find the smallest such number greater than 121.","135","Check numbers satisfying the remainder condition near the bound.

Answer:

135","16","7","","","121",""
"NS-REM-002:CP-002:NS-REM-002-HUMAN-REVIEW-500:CP-002:174","CP-002","Medium","Bounded Search","QL-008","ES-006","Which is the smallest number above 1483 that gives remainder 16 when divided by 39?","1498","Check numbers satisfying the remainder condition near the bound.

Answer:

1498","39","16","","","1483",""
"NS-REM-002:CP-002:NS-REM-002-HUMAN-REVIEW-500:CP-002:175","CP-002","Easy","Bounded Search","QL-007","ES-006","Find the least number greater than 151 that leaves remainder 9 on division by 10.","159","Check numbers satisfying the remainder condition near the bound.

Answer:

159","10","9","","","151",""
"NS-REM-002:CP-002:NS-REM-002-HUMAN-REVIEW-500:CP-002:176","CP-002","Medium","Bounded Search","QL-007","ES-006","Find the least number greater than 657 that leaves remainder 0 on division by 6.","660","Check numbers satisfying the remainder condition near the bound.

Answer:

660","6","0","","","657",""
"NS-REM-002:CP-002:NS-REM-002-HUMAN-REVIEW-500:CP-002:177","CP-002","Medium","Bounded Search","QL-006","ES-006","A number leaves remainder 15 when divided by 35. Find the smallest such number greater than 1729.","1730","Check numbers satisfying the remainder condition near the bound.

Answer:

1730","35","15","","","1729",""
"NS-REM-002:CP-002:NS-REM-002-HUMAN-REVIEW-500:CP-002:178","CP-002","Hard","Bounded Search","QL-008","ES-005","Which is the smallest number above 1982 that gives remainder 26 when divided by 92?","2050","Use the remainder condition and the given bound.

The required number is:

2050","92","26","","","1982",""
"NS-REM-002:CP-002:NS-REM-002-HUMAN-REVIEW-500:CP-002:179","CP-002","Easy","Bounded Search","QL-008","ES-005","Which is the smallest number above 164 that gives remainder 5 when divided by 18?","167","Use the remainder condition and the given bound.

The required number is:

167","18","5","","","164",""
"NS-REM-002:CP-002:NS-REM-002-HUMAN-REVIEW-500:CP-002:180","CP-002","Easy","Bounded Search","QL-006","ES-006","A number leaves remainder 5 when divided by 8. Find the smallest such number greater than 65.","69","Check numbers satisfying the remainder condition near the bound.

Answer:

69","8","5","","","65",""
"NS-REM-002:CP-002:NS-REM-002-HUMAN-REVIEW-500:CP-002:181","CP-002","Hard","Bounded Search","QL-008","ES-006","Which is the smallest number above 8668 that gives remainder 2 when divided by 52?","8686","Check numbers satisfying the remainder condition near the bound.

Answer:

8686","52","2","","","8668",""
"NS-REM-002:CP-002:NS-REM-002-HUMAN-REVIEW-500:CP-002:182","CP-002","Medium","Bounded Search","QL-008","ES-006","Which is the smallest number above 1445 that gives remainder 3 when divided by 8?","1451","Check numbers satisfying the remainder condition near the bound.

Answer:

1451","8","3","","","1445",""
"NS-REM-002:CP-002:NS-REM-002-HUMAN-REVIEW-500:CP-002:183","CP-002","Medium","Bounded Search","QL-006","ES-006","A number leaves remainder 26 when divided by 35. Find the smallest such number greater than 1072.","1076","Check numbers satisfying the remainder condition near the bound.

Answer:

1076","35","26","","","1072",""
"NS-REM-002:CP-002:NS-REM-002-HUMAN-REVIEW-500:CP-002:184","CP-002","Medium","Bounded Search","QL-007","ES-005","Find the least number greater than 1838 that leaves remainder 17 on division by 28.","1865","Use the remainder condition and the given bound.

The required number is:

1865","28","17","","","1838",""
"NS-REM-002:CP-002:NS-REM-002-HUMAN-REVIEW-500:CP-002:185","CP-002","Easy","Bounded Search","QL-006","ES-005","A number leaves remainder 0 when divided by 2. Find the smallest such number greater than 51.","52","Use the remainder condition and the given bound.

The required number is:

52","2","0","","","51",""
"NS-REM-002:CP-002:NS-REM-002-HUMAN-REVIEW-500:CP-002:186","CP-002","Hard","Bounded Search","QL-007","ES-006","Find the least number greater than 6776 that leaves remainder 31 on division by 52.","6791","Check numbers satisfying the remainder condition near the bound.

Answer:

6791","52","31","","","6776",""
"NS-REM-002:CP-002:NS-REM-002-HUMAN-REVIEW-500:CP-002:187","CP-002","Easy","Bounded Search","QL-008","ES-005","Which is the smallest number above 64 that gives remainder 4 when divided by 13?","69","Use the remainder condition and the given bound.

The required number is:

69","13","4","","","64",""
"NS-REM-002:CP-002:NS-REM-002-HUMAN-REVIEW-500:CP-002:188","CP-002","Medium","Bounded Search","QL-007","ES-005","Find the least number greater than 1903 that leaves remainder 22 on division by 25.","1922","Use the remainder condition and the given bound.

The required number is:

1922","25","22","","","1903",""
"NS-REM-002:CP-002:NS-REM-002-HUMAN-REVIEW-500:CP-002:189","CP-002","Easy","Bounded Search","QL-007","ES-006","Find the least number greater than 195 that leaves remainder 6 on division by 16.","198","Check numbers satisfying the remainder condition near the bound.

Answer:

198","16","6","","","195",""
"NS-REM-002:CP-002:NS-REM-002-HUMAN-REVIEW-500:CP-002:190","CP-002","Easy","Bounded Search","QL-006","ES-006","A number leaves remainder 4 when divided by 8. Find the smallest such number greater than 199.","204","Check numbers satisfying the remainder condition near the bound.

Answer:

204","8","4","","","199",""
"NS-REM-002:CP-002:NS-REM-002-HUMAN-REVIEW-500:CP-002:191","CP-002","Hard","Bounded Search","QL-008","ES-006","Which is the smallest number above 7899 that gives remainder 3 when divided by 4?","7903","Check numbers satisfying the remainder condition near the bound.

Answer:

7903","4","3","","","7899",""
"NS-REM-002:CP-002:NS-REM-002-HUMAN-REVIEW-500:CP-002:192","CP-002","Easy","Bounded Search","QL-007","ES-006","Find the least number greater than 181 that leaves remainder 7 on division by 17.","194","Check numbers satisfying the remainder condition near the bound.

Answer:

194","17","7","","","181",""
"NS-REM-002:CP-002:NS-REM-002-HUMAN-REVIEW-500:CP-002:193","CP-002","Hard","Bounded Search","QL-008","ES-006","Which is the smallest number above 5052 that gives remainder 5 when divided by 12?","5057","Check numbers satisfying the remainder condition near the bound.

Answer:

5057","12","5","","","5052",""
"NS-REM-002:CP-002:NS-REM-002-HUMAN-REVIEW-500:CP-002:194","CP-002","Medium","Bounded Search","QL-007","ES-005","Find the least number greater than 512 that leaves remainder 10 on division by 15.","520","Use the remainder condition and the given bound.

The required number is:

520","15","10","","","512",""
"NS-REM-002:CP-002:NS-REM-002-HUMAN-REVIEW-500:CP-002:195","CP-002","Easy","Bounded Search","QL-006","ES-005","A number leaves remainder 3 when divided by 6. Find the smallest such number greater than 51.","57","Use the remainder condition and the given bound.

The required number is:

57","6","3","","","51",""
"NS-REM-002:CP-002:NS-REM-002-HUMAN-REVIEW-500:CP-002:196","CP-002","Medium","Bounded Search","QL-007","ES-006","Find the least number greater than 1892 that leaves remainder 18 on division by 32.","1906","Check numbers satisfying the remainder condition near the bound.

Answer:

1906","32","18","","","1892",""
"NS-REM-002:CP-002:NS-REM-002-HUMAN-REVIEW-500:CP-002:197","CP-002","Easy","Bounded Search","QL-007","ES-006","Find the least number greater than 71 that leaves remainder 0 on division by 3.","72","Check numbers satisfying the remainder condition near the bound.

Answer:

72","3","0","","","71",""
"NS-REM-002:CP-002:NS-REM-002-HUMAN-REVIEW-500:CP-002:198","CP-002","Medium","Bounded Search","QL-006","ES-006","A number leaves remainder 0 when divided by 38. Find the smallest such number greater than 1212.","1216","Check numbers satisfying the remainder condition near the bound.

Answer:

1216","38","0","","","1212",""
"NS-REM-002:CP-002:NS-REM-002-HUMAN-REVIEW-500:CP-002:199","CP-002","Easy","Bounded Search","QL-006","ES-006","A number leaves remainder 2 when divided by 7. Find the smallest such number greater than 66.","72","Check numbers satisfying the remainder condition near the bound.

Answer:

72","7","2","","","66",""
"NS-REM-002:CP-002:NS-REM-002-HUMAN-REVIEW-500:CP-002:200","CP-002","Easy","Bounded Search","QL-006","ES-005","A number leaves remainder 4 when divided by 16. Find the smallest such number greater than 94.","100","Use the remainder condition and the given bound.

The required number is:

100","16","4","","","94",""
"NS-REM-002:CP-002:NS-REM-002-HUMAN-REVIEW-500:CP-002:201","CP-002","Easy","Bounded Search","QL-008","ES-006","Which is the smallest number above 56 that gives remainder 4 when divided by 9?","58","Check numbers satisfying the remainder condition near the bound.

Answer:

58","9","4","","","56",""
"NS-REM-002:CP-002:NS-REM-002-HUMAN-REVIEW-500:CP-002:202","CP-002","Easy","Bounded Search","QL-006","ES-005","A number leaves remainder 9 when divided by 19. Find the smallest such number greater than 35.","47","Use the remainder condition and the given bound.

The required number is:

47","19","9","","","35",""
"NS-REM-002:CP-002:NS-REM-002-HUMAN-REVIEW-500:CP-002:203","CP-002","Medium","Bounded Search","QL-006","ES-006","A number leaves remainder 9 when divided by 46. Find the smallest such number greater than 1849.","1895","Check numbers satisfying the remainder condition near the bound.

Answer:

1895","46","9","","","1849",""
"NS-REM-002:CP-002:NS-REM-002-HUMAN-REVIEW-500:CP-002:204","CP-002","Medium","Bounded Search","QL-008","ES-006","Which is the smallest number above 324 that gives remainder 1 when divided by 3?","325","Check numbers satisfying the remainder condition near the bound.

Answer:

325","3","1","","","324",""
"NS-REM-002:CP-002:NS-REM-002-HUMAN-REVIEW-500:CP-002:205","CP-002","Easy","Bounded Search","QL-008","ES-006","Which is the smallest number above 66 that gives remainder 6 when divided by 15?","81","Check numbers satisfying the remainder condition near the bound.

Answer:

81","15","6","","","66",""
"NS-REM-002:CP-002:NS-REM-002-HUMAN-REVIEW-500:CP-002:206","CP-002","Hard","Bounded Search","QL-007","ES-005","Find the least number greater than 6911 that leaves remainder 30 on division by 66.","6960","Use the remainder condition and the given bound.

The required number is:

6960","66","30","","","6911",""
"NS-REM-002:CP-002:NS-REM-002-HUMAN-REVIEW-500:CP-002:207","CP-002","Easy","Bounded Search","QL-006","ES-005","A number leaves remainder 3 when divided by 18. Find the smallest such number greater than 22.","39","Use the remainder condition and the given bound.

The required number is:

39","18","3","","","22",""
"NS-REM-002:CP-002:NS-REM-002-HUMAN-REVIEW-500:CP-002:208","CP-002","Medium","Bounded Search","QL-007","ES-005","Find the least number greater than 687 that leaves remainder 4 on division by 8.","692","Use the remainder condition and the given bound.

The required number is:

692","8","4","","","687",""
"NS-REM-002:CP-002:NS-REM-002-HUMAN-REVIEW-500:CP-002:209","CP-002","Easy","Bounded Search","QL-008","ES-006","Which is the smallest number above 193 that gives remainder 3 when divided by 7?","199","Check numbers satisfying the remainder condition near the bound.

Answer:

199","7","3","","","193",""
"NS-REM-002:CP-002:NS-REM-002-HUMAN-REVIEW-500:CP-002:210","CP-002","Hard","Bounded Search","QL-007","ES-006","Find the least number greater than 6688 that leaves remainder 2 on division by 19.","6690","Check numbers satisfying the remainder condition near the bound.

Answer:

6690","19","2","","","6688",""
"NS-REM-002:CP-002:NS-REM-002-HUMAN-REVIEW-500:CP-002:211","CP-002","Easy","Bounded Search","QL-008","ES-006","Which is the smallest number above 169 that gives remainder 6 when divided by 8?","174","Check numbers satisfying the remainder condition near the bound.

Answer:

174","8","6","","","169",""
"NS-REM-002:CP-002:NS-REM-002-HUMAN-REVIEW-500:CP-002:212","CP-002","Medium","Bounded Search","QL-008","ES-005","Which is the smallest number above 1778 that gives remainder 1 when divided by 2?","1779","Use the remainder condition and the given bound.

The required number is:

1779","2","1","","","1778",""
"NS-REM-002:CP-002:NS-REM-002-HUMAN-REVIEW-500:CP-002:213","CP-002","Easy","Bounded Search","QL-006","ES-006","A number leaves remainder 4 when divided by 20. Find the smallest such number greater than 38.","44","Check numbers satisfying the remainder condition near the bound.

Answer:

44","20","4","","","38",""
"NS-REM-002:CP-002:NS-REM-002-HUMAN-REVIEW-500:CP-002:214","CP-002","Medium","Bounded Search","QL-007","ES-005","Find the least number greater than 414 that leaves remainder 17 on division by 20.","417","Use the remainder condition and the given bound.

The required number is:

417","20","17","","","414",""
"NS-REM-002:CP-002:NS-REM-002-HUMAN-REVIEW-500:CP-002:215","CP-002","Easy","Bounded Search","QL-007","ES-005","Find the least number greater than 25 that leaves remainder 8 on division by 14.","36","Use the remainder condition and the given bound.

The required number is:

36","14","8","","","25",""
"NS-REM-002:CP-002:NS-REM-002-HUMAN-REVIEW-500:CP-002:216","CP-002","Medium","Bounded Search","QL-006","ES-006","A number leaves remainder 12 when divided by 21. Find the smallest such number greater than 761.","768","Check numbers satisfying the remainder condition near the bound.

Answer:

768","21","12","","","761",""
"NS-REM-002:CP-002:NS-REM-002-HUMAN-REVIEW-500:CP-002:217","CP-002","Medium","Bounded Search","QL-007","ES-006","Find the least number greater than 681 that leaves remainder 2 on division by 42.","716","Check numbers satisfying the remainder condition near the bound.

Answer:

716","42","2","","","681",""
"NS-REM-002:CP-002:NS-REM-002-HUMAN-REVIEW-500:CP-002:218","CP-002","Medium","Bounded Search","QL-007","ES-005","Find the least number greater than 1711 that leaves remainder 3 on division by 13.","1719","Use the remainder condition and the given bound.

The required number is:

1719","13","3","","","1711",""
"NS-REM-002:CP-002:NS-REM-002-HUMAN-REVIEW-500:CP-002:219","CP-002","Easy","Bounded Search","QL-008","ES-006","Which is the smallest number above 50 that gives remainder 9 when divided by 19?","66","Check numbers satisfying the remainder condition near the bound.

Answer:

66","19","9","","","50",""
"NS-REM-002:CP-002:NS-REM-002-HUMAN-REVIEW-500:CP-002:220","CP-002","Medium","Bounded Search","QL-008","ES-006","Which is the smallest number above 166 that gives remainder 6 when divided by 8?","174","Check numbers satisfying the remainder condition near the bound.

Answer:

174","8","6","","","166",""
"NS-REM-002:CP-002:NS-REM-002-HUMAN-REVIEW-500:CP-002:221","CP-002","Easy","Bounded Search","QL-006","ES-006","A number leaves remainder 1 when divided by 19. Find the smallest such number greater than 39.","58","Check numbers satisfying the remainder condition near the bound.

Answer:

58","19","1","","","39",""
"NS-REM-002:CP-002:NS-REM-002-HUMAN-REVIEW-500:CP-002:222","CP-002","Easy","Bounded Search","QL-008","ES-006","Which is the smallest number above 153 that gives remainder 12 when divided by 16?","156","Check numbers satisfying the remainder condition near the bound.

Answer:

156","16","12","","","153",""
"NS-REM-002:CP-002:NS-REM-002-HUMAN-REVIEW-500:CP-002:223","CP-002","Medium","Bounded Search","QL-007","ES-005","Find the least number greater than 646 that leaves remainder 7 on division by 12.","655","Use the remainder condition and the given bound.

The required number is:

655","12","7","","","646",""
"NS-REM-002:CP-002:NS-REM-002-HUMAN-REVIEW-500:CP-002:224","CP-002","Medium","Bounded Search","QL-008","ES-006","Which is the smallest number above 752 that gives remainder 36 when divided by 46?","772","Check numbers satisfying the remainder condition near the bound.

Answer:

772","46","36","","","752",""
"NS-REM-002:CP-002:NS-REM-002-HUMAN-REVIEW-500:CP-002:225","CP-002","Easy","Bounded Search","QL-008","ES-006","Which is the smallest number above 128 that gives remainder 5 when divided by 15?","140","Check numbers satisfying the remainder condition near the bound.

Answer:

140","15","5","","","128",""
"NS-REM-002:CP-002:NS-REM-002-HUMAN-REVIEW-500:CP-002:226","CP-002","Hard","Bounded Search","QL-007","ES-006","Find the least number greater than 7293 that leaves remainder 57 on division by 63.","7302","Check numbers satisfying the remainder condition near the bound.

Answer:

7302","63","57","","","7293",""
"NS-REM-002:CP-002:NS-REM-002-HUMAN-REVIEW-500:CP-002:227","CP-002","Easy","Bounded Search","QL-008","ES-006","Which is the smallest number above 154 that gives remainder 3 when divided by 4?","155","Check numbers satisfying the remainder condition near the bound.

Answer:

155","4","3","","","154",""
"NS-REM-002:CP-002:NS-REM-002-HUMAN-REVIEW-500:CP-002:228","CP-002","Medium","Bounded Search","QL-008","ES-006","Which is the smallest number above 1573 that gives remainder 14 when divided by 27?","1580","Check numbers satisfying the remainder condition near the bound.

Answer:

1580","27","14","","","1573",""
"NS-REM-002:CP-002:NS-REM-002-HUMAN-REVIEW-500:CP-002:229","CP-002","Hard","Bounded Search","QL-008","ES-005","Which is the smallest number above 2647 that gives remainder 47 when divided by 95?","2707","Use the remainder condition and the given bound.

The required number is:

2707","95","47","","","2647",""
"NS-REM-002:CP-002:NS-REM-002-HUMAN-REVIEW-500:CP-002:230","CP-002","Medium","Bounded Search","QL-006","ES-005","A number leaves remainder 8 when divided by 13. Find the smallest such number greater than 1710.","1711","Use the remainder condition and the given bound.

The required number is:

1711","13","8","","","1710",""
"NS-REM-002:CP-002:NS-REM-002-HUMAN-REVIEW-500:CP-002:231","CP-002","Easy","Bounded Search","QL-006","ES-006","A number leaves remainder 7 when divided by 15. Find the smallest such number greater than 194.","202","Check numbers satisfying the remainder condition near the bound.

Answer:

202","15","7","","","194",""
"NS-REM-002:CP-002:NS-REM-002-HUMAN-REVIEW-500:CP-002:232","CP-002","Medium","Bounded Search","QL-007","ES-006","Find the least number greater than 477 that leaves remainder 10 on division by 11.","483","Check numbers satisfying the remainder condition near the bound.

Answer:

483","11","10","","","477",""
"NS-REM-002:CP-002:NS-REM-002-HUMAN-REVIEW-500:CP-002:233","CP-002","Easy","Bounded Search","QL-007","ES-005","Find the least number greater than 63 that leaves remainder 16 on division by 18.","70","Use the remainder condition and the given bound.

The required number is:

70","18","16","","","63",""
"NS-REM-002:CP-002:NS-REM-002-HUMAN-REVIEW-500:CP-002:234","CP-002","Medium","Bounded Search","QL-006","ES-005","A number leaves remainder 26 when divided by 33. Find the smallest such number greater than 1606.","1610","Use the remainder condition and the given bound.

The required number is:

1610","33","26","","","1606",""
"NS-REM-002:CP-002:NS-REM-002-HUMAN-REVIEW-500:CP-002:235","CP-002","Medium","Bounded Search","QL-008","ES-005","Which is the smallest number above 941 that gives remainder 36 when divided by 44?","960","Use the remainder condition and the given bound.

The required number is:

960","44","36","","","941",""
"NS-REM-002:CP-002:NS-REM-002-HUMAN-REVIEW-500:CP-002:236","CP-002","Medium","Bounded Search","QL-006","ES-005","A number leaves remainder 5 when divided by 24. Find the smallest such number greater than 1421.","1445","Use the remainder condition and the given bound.

The required number is:

1445","24","5","","","1421",""
"NS-REM-002:CP-002:NS-REM-002-HUMAN-REVIEW-500:CP-002:237","CP-002","Hard","Bounded Search","QL-007","ES-006","Find the least number greater than 6486 that leaves remainder 38 on division by 63.","6527","Check numbers satisfying the remainder condition near the bound.

Answer:

6527","63","38","","","6486",""
"NS-REM-002:CP-002:NS-REM-002-HUMAN-REVIEW-500:CP-002:238","CP-002","Hard","Bounded Search","QL-008","ES-006","Which is the smallest number above 3619 that gives remainder 7 when divided by 85?","3662","Check numbers satisfying the remainder condition near the bound.

Answer:

3662","85","7","","","3619",""
"NS-REM-002:CP-002:NS-REM-002-HUMAN-REVIEW-500:CP-002:239","CP-002","Medium","Bounded Search","QL-006","ES-006","A number leaves remainder 0 when divided by 32. Find the smallest such number greater than 1325.","1344","Check numbers satisfying the remainder condition near the bound.

Answer:

1344","32","0","","","1325",""
"NS-REM-002:CP-002:NS-REM-002-HUMAN-REVIEW-500:CP-002:240","CP-002","Medium","Bounded Search","QL-007","ES-005","Find the least number greater than 1344 that leaves remainder 33 on division by 45.","1383","Use the remainder condition and the given bound.

The required number is:

1383","45","33","","","1344",""
"NS-REM-002:CP-002:NS-REM-002-HUMAN-REVIEW-500:CP-002:241","CP-002","Easy","Bounded Search","QL-008","ES-006","Which is the smallest number above 161 that gives remainder 10 when divided by 13?","166","Check numbers satisfying the remainder condition near the bound.

Answer:

166","13","10","","","161",""
"NS-REM-002:CP-002:NS-REM-002-HUMAN-REVIEW-500:CP-002:242","CP-002","Easy","Bounded Search","QL-008","ES-006","Which is the smallest number above 149 that gives remainder 2 when divided by 10?","152","Check numbers satisfying the remainder condition near the bound.

Answer:

152","10","2","","","149",""
"NS-REM-002:CP-002:NS-REM-002-HUMAN-REVIEW-500:CP-002:243","CP-002","Easy","Bounded Search","QL-006","ES-006","A number leaves remainder 15 when divided by 18. Find the smallest such number greater than 194.","195","Check numbers satisfying the remainder condition near the bound.

Answer:

195","18","15","","","194",""
"NS-REM-002:CP-002:NS-REM-002-HUMAN-REVIEW-500:CP-002:244","CP-002","Medium","Bounded Search","QL-007","ES-005","Find the least number greater than 487 that leaves remainder 25 on division by 31.","490","Use the remainder condition and the given bound.

The required number is:

490","31","25","","","487",""
"NS-REM-002:CP-002:NS-REM-002-HUMAN-REVIEW-500:CP-002:245","CP-002","Easy","Bounded Search","QL-008","ES-005","Which is the smallest number above 71 that gives remainder 5 when divided by 10?","75","Use the remainder condition and the given bound.

The required number is:

75","10","5","","","71",""
"NS-REM-002:CP-002:NS-REM-002-HUMAN-REVIEW-500:CP-002:246","CP-002","Easy","Bounded Search","QL-007","ES-006","Find the least number greater than 19 that leaves remainder 1 on division by 9.","28","Check numbers satisfying the remainder condition near the bound.

Answer:

28","9","1","","","19",""
"NS-REM-002:CP-002:NS-REM-002-HUMAN-REVIEW-500:CP-002:247","CP-002","Hard","Bounded Search","QL-007","ES-006","Find the least number greater than 3988 that leaves remainder 19 on division by 22.","4001","Check numbers satisfying the remainder condition near the bound.

Answer:

4001","22","19","","","3988",""
"NS-REM-002:CP-002:NS-REM-002-HUMAN-REVIEW-500:CP-002:248","CP-002","Medium","Bounded Search","QL-008","ES-005","Which is the smallest number above 131 that gives remainder 27 when divided by 33?","159","Use the remainder condition and the given bound.

The required number is:

159","33","27","","","131",""
"NS-REM-002:CP-002:NS-REM-002-HUMAN-REVIEW-500:CP-002:249","CP-002","Medium","Bounded Search","QL-007","ES-005","Find the least number greater than 1955 that leaves remainder 31 on division by 40.","1991","Use the remainder condition and the given bound.

The required number is:

1991","40","31","","","1955",""
"NS-REM-002:CP-002:NS-REM-002-HUMAN-REVIEW-500:CP-002:250","CP-002","Easy","Bounded Search","QL-007","ES-006","Find the least number greater than 68 that leaves remainder 11 on division by 14.","81","Check numbers satisfying the remainder condition near the bound.

Answer:

81","14","11","","","68",""
"NS-REM-002:CP-002:NS-REM-002-HUMAN-REVIEW-500:CP-002:251","CP-002","Medium","Bounded Search","QL-008","ES-006","Which is the smallest number above 781 that gives remainder 15 when divided by 37?","792","Check numbers satisfying the remainder condition near the bound.

Answer:

792","37","15","","","781",""
"NS-REM-002:CP-002:NS-REM-002-HUMAN-REVIEW-500:CP-002:252","CP-002","Hard","Bounded Search","QL-008","ES-006","Which is the smallest number above 5252 that gives remainder 15 when divided by 23?","5259","Check numbers satisfying the remainder condition near the bound.

Answer:

5259","23","15","","","5252",""
"NS-REM-002:CP-002:NS-REM-002-HUMAN-REVIEW-500:CP-002:253","CP-002","Medium","Bounded Search","QL-008","ES-006","Which is the smallest number above 1478 that gives remainder 16 when divided by 20?","1496","Check numbers satisfying the remainder condition near the bound.

Answer:

1496","20","16","","","1478",""
"NS-REM-002:CP-002:NS-REM-002-HUMAN-REVIEW-500:CP-002:254","CP-002","Medium","Bounded Search","QL-007","ES-005","Find the least number greater than 1223 that leaves remainder 0 on division by 7.","1225","Use the remainder condition and the given bound.

The required number is:

1225","7","0","","","1223",""
"NS-REM-002:CP-002:NS-REM-002-HUMAN-REVIEW-500:CP-002:255","CP-002","Easy","Bounded Search","QL-006","ES-005","A number leaves remainder 1 when divided by 5. Find the smallest such number greater than 38.","41","Use the remainder condition and the given bound.

The required number is:

41","5","1","","","38",""
"NS-REM-002:CP-002:NS-REM-002-HUMAN-REVIEW-500:CP-002:256","CP-002","Hard","Bounded Search","QL-007","ES-005","Find the least number greater than 7909 that leaves remainder 17 on division by 54.","7955","Use the remainder condition and the given bound.

The required number is:

7955","54","17","","","7909",""
"NS-REM-002:CP-002:NS-REM-002-HUMAN-REVIEW-500:CP-002:257","CP-002","Hard","Bounded Search","QL-006","ES-005","A number leaves remainder 36 when divided by 69. Find the smallest such number greater than 3436.","3486","Use the remainder condition and the given bound.

The required number is:

3486","69","36","","","3436",""
"NS-REM-002:CP-002:NS-REM-002-HUMAN-REVIEW-500:CP-002:258","CP-002","Easy","Bounded Search","QL-006","ES-006","A number leaves remainder 7 when divided by 10. Find the smallest such number greater than 129.","137","Check numbers satisfying the remainder condition near the bound.

Answer:

137","10","7","","","129",""
"NS-REM-002:CP-002:NS-REM-002-HUMAN-REVIEW-500:CP-002:259","CP-002","Medium","Bounded Search","QL-008","ES-006","Which is the smallest number above 1862 that gives remainder 2 when divided by 11?","1872","Check numbers satisfying the remainder condition near the bound.

Answer:

1872","11","2","","","1862",""
"NS-REM-002:CP-002:NS-REM-002-HUMAN-REVIEW-500:CP-002:260","CP-002","Easy","Bounded Search","QL-007","ES-005","Find the least number greater than 37 that leaves remainder 0 on division by 19.","38","Use the remainder condition and the given bound.

The required number is:

38","19","0","","","37",""
"NS-REM-002:CP-002:NS-REM-002-HUMAN-REVIEW-500:CP-002:261","CP-002","Medium","Bounded Search","QL-006","ES-006","A number leaves remainder 28 when divided by 43. Find the smallest such number greater than 1944.","1963","Check numbers satisfying the remainder condition near the bound.

Answer:

1963","43","28","","","1944",""
"NS-REM-002:CP-002:NS-REM-002-HUMAN-REVIEW-500:CP-002:262","CP-002","Medium","Bounded Search","QL-008","ES-006","Which is the smallest number above 310 that gives remainder 8 when divided by 16?","312","Check numbers satisfying the remainder condition near the bound.

Answer:

312","16","8","","","310",""
"NS-REM-002:CP-002:NS-REM-002-HUMAN-REVIEW-500:CP-002:263","CP-002","Medium","Bounded Search","QL-006","ES-006","A number leaves remainder 27 when divided by 44. Find the smallest such number greater than 390.","423","Check numbers satisfying the remainder condition near the bound.

Answer:

423","44","27","","","390",""
"NS-REM-002:CP-002:NS-REM-002-HUMAN-REVIEW-500:CP-002:264","CP-002","Easy","Bounded Search","QL-006","ES-006","A number leaves remainder 3 when divided by 13. Find the smallest such number greater than 181.","185","Check numbers satisfying the remainder condition near the bound.

Answer:

185","13","3","","","181",""
"NS-REM-002:CP-002:NS-REM-002-HUMAN-REVIEW-500:CP-002:265","CP-002","Hard","Bounded Search","QL-007","ES-006","Find the least number greater than 9947 that leaves remainder 1 on division by 3.","9949","Check numbers satisfying the remainder condition near the bound.

Answer:

9949","3","1","","","9947",""
"NS-REM-002:CP-002:NS-REM-002-HUMAN-REVIEW-500:CP-002:266","CP-002","Easy","Bounded Search","QL-006","ES-005","A number leaves remainder 2 when divided by 6. Find the smallest such number greater than 94.","98","Use the remainder condition and the given bound.

The required number is:

98","6","2","","","94",""
"NS-REM-002:CP-002:NS-REM-002-HUMAN-REVIEW-500:CP-002:267","CP-002","Easy","Bounded Search","QL-007","ES-006","Find the least number greater than 18 that leaves remainder 13 on division by 14.","27","Check numbers satisfying the remainder condition near the bound.

Answer:

27","14","13","","","18",""
"NS-REM-002:CP-002:NS-REM-002-HUMAN-REVIEW-500:CP-002:268","CP-002","Medium","Bounded Search","QL-008","ES-006","Which is the smallest number above 455 that gives remainder 26 when divided by 40?","466","Check numbers satisfying the remainder condition near the bound.

Answer:

466","40","26","","","455",""
"NS-REM-002:CP-002:NS-REM-002-HUMAN-REVIEW-500:CP-002:269","CP-002","Easy","Bounded Search","QL-008","ES-006","Which is the smallest number above 38 that gives remainder 2 when divided by 3?","41","Check numbers satisfying the remainder condition near the bound.

Answer:

41","3","2","","","38",""
"NS-REM-002:CP-002:NS-REM-002-HUMAN-REVIEW-500:CP-002:270","CP-002","Easy","Bounded Search","QL-007","ES-006","Find the least number greater than 103 that leaves remainder 11 on division by 20.","111","Check numbers satisfying the remainder condition near the bound.

Answer:

111","20","11","","","103",""
"NS-REM-002:CP-002:NS-REM-002-HUMAN-REVIEW-500:CP-002:271","CP-002","Medium","Bounded Search","QL-008","ES-005","Which is the smallest number above 305 that gives remainder 2 when divided by 6?","308","Use the remainder condition and the given bound.

The required number is:

308","6","2","","","305",""
"NS-REM-002:CP-002:NS-REM-002-HUMAN-REVIEW-500:CP-002:272","CP-002","Medium","Bounded Search","QL-006","ES-005","A number leaves remainder 3 when divided by 14. Find the smallest such number greater than 364.","367","Use the remainder condition and the given bound.

The required number is:

367","14","3","","","364",""
"NS-REM-002:CP-002:NS-REM-002-HUMAN-REVIEW-500:CP-002:273","CP-002","Medium","Bounded Search","QL-006","ES-006","A number leaves remainder 30 when divided by 36. Find the smallest such number greater than 274.","282","Check numbers satisfying the remainder condition near the bound.

Answer:

282","36","30","","","274",""
"NS-REM-002:CP-002:NS-REM-002-HUMAN-REVIEW-500:CP-002:274","CP-002","Hard","Bounded Search","QL-008","ES-006","Which is the smallest number above 4746 that gives remainder 27 when divided by 50?","4777","Check numbers satisfying the remainder condition near the bound.

Answer:

4777","50","27","","","4746",""
"NS-REM-002:CP-002:NS-REM-002-HUMAN-REVIEW-500:CP-002:275","CP-002","Easy","Bounded Search","QL-006","ES-005","A number leaves remainder 14 when divided by 15. Find the smallest such number greater than 174.","179","Use the remainder condition and the given bound.

The required number is:

179","15","14","","","174",""
"NS-REM-002:CP-002:NS-REM-002-HUMAN-REVIEW-500:CP-002:276","CP-002","Hard","Bounded Search","QL-008","ES-006","Which is the smallest number above 7429 that gives remainder 3 when divided by 5?","7433","Check numbers satisfying the remainder condition near the bound.

Answer:

7433","5","3","","","7429",""
"NS-REM-002:CP-002:NS-REM-002-HUMAN-REVIEW-500:CP-002:277","CP-002","Medium","Bounded Search","QL-008","ES-006","Which is the smallest number above 252 that gives remainder 5 when divided by 21?","257","Check numbers satisfying the remainder condition near the bound.

Answer:

257","21","5","","","252",""
"NS-REM-002:CP-002:NS-REM-002-HUMAN-REVIEW-500:CP-002:278","CP-002","Easy","Bounded Search","QL-008","ES-006","Which is the smallest number above 128 that gives remainder 3 when divided by 8?","131","Check numbers satisfying the remainder condition near the bound.

Answer:

131","8","3","","","128",""
"NS-REM-002:CP-002:NS-REM-002-HUMAN-REVIEW-500:CP-002:279","CP-002","Medium","Bounded Search","QL-007","ES-006","Find the least number greater than 1212 that leaves remainder 36 on division by 40.","1236","Check numbers satisfying the remainder condition near the bound.

Answer:

1236","40","36","","","1212",""
"NS-REM-002:CP-002:NS-REM-002-HUMAN-REVIEW-500:CP-002:280","CP-002","Easy","Bounded Search","QL-008","ES-006","Which is the smallest number above 125 that gives remainder 10 when divided by 17?","129","Check numbers satisfying the remainder condition near the bound.

Answer:

129","17","10","","","125",""
"NS-REM-002:CP-002:NS-REM-002-HUMAN-REVIEW-500:CP-002:281","CP-002","Easy","Bounded Search","QL-007","ES-006","Find the least number greater than 107 that leaves remainder 3 on division by 12.","111","Check numbers satisfying the remainder condition near the bound.

Answer:

111","12","3","","","107",""
"NS-REM-002:CP-002:NS-REM-002-HUMAN-REVIEW-500:CP-002:282","CP-002","Easy","Bounded Search","QL-006","ES-005","A number leaves remainder 10 when divided by 14. Find the smallest such number greater than 38.","52","Use the remainder condition and the given bound.

The required number is:

52","14","10","","","38",""
"NS-REM-002:CP-002:NS-REM-002-HUMAN-REVIEW-500:CP-002:283","CP-002","Medium","Bounded Search","QL-006","ES-005","A number leaves remainder 25 when divided by 49. Find the smallest such number greater than 157.","172","Use the remainder condition and the given bound.

The required number is:

172","49","25","","","157",""
"NS-REM-002:CP-002:NS-REM-002-HUMAN-REVIEW-500:CP-002:284","CP-002","Easy","Bounded Search","QL-006","ES-005","A number leaves remainder 4 when divided by 7. Find the smallest such number greater than 70.","74","Use the remainder condition and the given bound.

The required number is:

74","7","4","","","70",""
"NS-REM-002:CP-002:NS-REM-002-HUMAN-REVIEW-500:CP-002:285","CP-002","Medium","Bounded Search","QL-008","ES-006","Which is the smallest number above 255 that gives remainder 35 when divided by 41?","281","Check numbers satisfying the remainder condition near the bound.

Answer:

281","41","35","","","255",""
"NS-REM-002:CP-002:NS-REM-002-HUMAN-REVIEW-500:CP-002:286","CP-002","Medium","Bounded Search","QL-008","ES-005","Which is the smallest number above 1173 that gives remainder 2 when divided by 4?","1174","Use the remainder condition and the given bound.

The required number is:

1174","4","2","","","1173",""
"NS-REM-002:CP-002:NS-REM-002-HUMAN-REVIEW-500:CP-002:287","CP-002","Easy","Bounded Search","QL-008","ES-005","Which is the smallest number above 161 that gives remainder 9 when divided by 12?","165","Use the remainder condition and the given bound.

The required number is:

165","12","9","","","161",""
"NS-REM-002:CP-002:NS-REM-002-HUMAN-REVIEW-500:CP-002:288","CP-002","Medium","Bounded Search","QL-006","ES-006","A number leaves remainder 5 when divided by 9. Find the smallest such number greater than 1897.","1904","Check numbers satisfying the remainder condition near the bound.

Answer:

1904","9","5","","","1897",""
"NS-REM-002:CP-002:NS-REM-002-HUMAN-REVIEW-500:CP-002:289","CP-002","Medium","Bounded Search","QL-007","ES-005","Find the least number greater than 248 that leaves remainder 13 on division by 38.","279","Use the remainder condition and the given bound.

The required number is:

279","38","13","","","248",""
"NS-REM-002:CP-002:NS-REM-002-HUMAN-REVIEW-500:CP-002:290","CP-002","Easy","Bounded Search","QL-007","ES-005","Find the least number greater than 29 that leaves remainder 1 on division by 2.","31","Use the remainder condition and the given bound.

The required number is:

31","2","1","","","29",""
"NS-REM-002:CP-002:NS-REM-002-HUMAN-REVIEW-500:CP-002:291","CP-002","Medium","Bounded Search","QL-008","ES-005","Which is the smallest number above 1167 that gives remainder 23 when divided by 33?","1178","Use the remainder condition and the given bound.

The required number is:

1178","33","23","","","1167",""
"NS-REM-002:CP-002:NS-REM-002-HUMAN-REVIEW-500:CP-002:292","CP-002","Easy","Bounded Search","QL-006","ES-005","A number leaves remainder 2 when divided by 11. Find the smallest such number greater than 104.","112","Use the remainder condition and the given bound.

The required number is:

112","11","2","","","104",""
"NS-REM-002:CP-002:NS-REM-002-HUMAN-REVIEW-500:CP-002:293","CP-002","Hard","Bounded Search","QL-007","ES-006","Find the least number greater than 6519 that leaves remainder 6 on division by 14.","6530","Check numbers satisfying the remainder condition near the bound.

Answer:

6530","14","6","","","6519",""
"NS-REM-002:CP-002:NS-REM-002-HUMAN-REVIEW-500:CP-002:294","CP-002","Hard","Bounded Search","QL-008","ES-005","Which is the smallest number above 6239 that gives remainder 34 when divided by 53?","6288","Use the remainder condition and the given bound.

The required number is:

6288","53","34","","","6239",""
"NS-REM-002:CP-002:NS-REM-002-HUMAN-REVIEW-500:CP-002:295","CP-002","Hard","Bounded Search","QL-006","ES-005","A number leaves remainder 17 when divided by 27. Find the smallest such number greater than 5091.","5093","Use the remainder condition and the given bound.

The required number is:

5093","27","17","","","5091",""
"NS-REM-002:CP-002:NS-REM-002-HUMAN-REVIEW-500:CP-002:296","CP-002","Easy","Bounded Search","QL-006","ES-005","A number leaves remainder 11 when divided by 12. Find the smallest such number greater than 105.","107","Use the remainder condition and the given bound.

The required number is:

107","12","11","","","105",""
"NS-REM-002:CP-002:NS-REM-002-HUMAN-REVIEW-500:CP-002:297","CP-002","Hard","Bounded Search","QL-008","ES-006","Which is the smallest number above 3540 that gives remainder 68 when divided by 100?","3568","Check numbers satisfying the remainder condition near the bound.

Answer:

3568","100","68","","","3540",""
"NS-REM-002:CP-002:NS-REM-002-HUMAN-REVIEW-500:CP-002:298","CP-002","Hard","Bounded Search","QL-006","ES-006","A number leaves remainder 43 when divided by 65. Find the smallest such number greater than 7504.","7518","Check numbers satisfying the remainder condition near the bound.

Answer:

7518","65","43","","","7504",""
"NS-REM-002:CP-002:NS-REM-002-HUMAN-REVIEW-500:CP-002:299","CP-002","Medium","Bounded Search","QL-006","ES-005","A number leaves remainder 13 when divided by 49. Find the smallest such number greater than 992.","993","Use the remainder condition and the given bound.

The required number is:

993","49","13","","","992",""
"NS-REM-002:CP-002:NS-REM-002-HUMAN-REVIEW-500:CP-002:300","CP-002","Medium","Bounded Search","QL-007","ES-005","Find the least number greater than 1796 that leaves remainder 3 on division by 48.","1827","Use the remainder condition and the given bound.

The required number is:

1827","48","3","","","1796",""
"NS-REM-002:CP-002:NS-REM-002-HUMAN-REVIEW-500:CP-002:301","CP-002","Easy","Bounded Search","QL-006","ES-005","A number leaves remainder 0 when divided by 12. Find the smallest such number greater than 179.","180","Use the remainder condition and the given bound.

The required number is:

180","12","0","","","179",""
"NS-REM-002:CP-002:NS-REM-002-HUMAN-REVIEW-500:CP-002:302","CP-002","Medium","Bounded Search","QL-007","ES-006","Find the least number greater than 1008 that leaves remainder 9 on division by 28.","1017","Check numbers satisfying the remainder condition near the bound.

Answer:

1017","28","9","","","1008",""
"NS-REM-002:CP-002:NS-REM-002-HUMAN-REVIEW-500:CP-002:303","CP-002","Easy","Bounded Search","QL-008","ES-006","Which is the smallest number above 110 that gives remainder 14 when divided by 17?","116","Check numbers satisfying the remainder condition near the bound.

Answer:

116","17","14","","","110",""
"NS-REM-002:CP-002:NS-REM-002-HUMAN-REVIEW-500:CP-002:304","CP-002","Medium","Bounded Search","QL-008","ES-005","Which is the smallest number above 847 that gives remainder 21 when divided by 22?","857","Use the remainder condition and the given bound.

The required number is:

857","22","21","","","847",""
"NS-REM-002:CP-002:NS-REM-002-HUMAN-REVIEW-500:CP-002:305","CP-002","Hard","Bounded Search","QL-007","ES-006","Find the least number greater than 9488 that leaves remainder 7 on division by 63.","9520","Check numbers satisfying the remainder condition near the bound.

Answer:

9520","63","7","","","9488",""
"NS-REM-002:CP-002:NS-REM-002-HUMAN-REVIEW-500:CP-002:306","CP-002","Medium","Bounded Search","QL-007","ES-005","Find the least number greater than 1272 that leaves remainder 11 on division by 22.","1287","Use the remainder condition and the given bound.

The required number is:

1287","22","11","","","1272",""
"NS-REM-002:CP-002:NS-REM-002-HUMAN-REVIEW-500:CP-002:307","CP-002","Easy","Bounded Search","QL-006","ES-005","A number leaves remainder 6 when divided by 9. Find the smallest such number greater than 183.","186","Use the remainder condition and the given bound.

The required number is:

186","9","6","","","183",""
"NS-REM-002:CP-002:NS-REM-002-HUMAN-REVIEW-500:CP-002:308","CP-002","Hard","Bounded Search","QL-008","ES-005","Which is the smallest number above 8622 that gives remainder 17 when divided by 74?","8675","Use the remainder condition and the given bound.

The required number is:

8675","74","17","","","8622",""
"NS-REM-002:CP-002:NS-REM-002-HUMAN-REVIEW-500:CP-002:309","CP-002","Hard","Bounded Search","QL-006","ES-006","A number leaves remainder 28 when divided by 40. Find the smallest such number greater than 6211.","6228","Check numbers satisfying the remainder condition near the bound.

Answer:

6228","40","28","","","6211",""
"NS-REM-002:CP-002:NS-REM-002-HUMAN-REVIEW-500:CP-002:310","CP-002","Medium","Bounded Search","QL-007","ES-005","Find the least number greater than 175 that leaves remainder 10 on division by 16.","186","Use the remainder condition and the given bound.

The required number is:

186","16","10","","","175",""
"NS-REM-002:CP-002:NS-REM-002-HUMAN-REVIEW-500:CP-002:311","CP-002","Easy","Bounded Search","QL-008","ES-006","Which is the smallest number above 146 that gives remainder 1 when divided by 8?","153","Check numbers satisfying the remainder condition near the bound.

Answer:

153","8","1","","","146",""
"NS-REM-002:CP-002:NS-REM-002-HUMAN-REVIEW-500:CP-002:312","CP-002","Easy","Bounded Search","QL-006","ES-006","A number leaves remainder 5 when divided by 15. Find the smallest such number greater than 115.","125","Check numbers satisfying the remainder condition near the bound.

Answer:

125","15","5","","","115",""
"NS-REM-002:CP-002:NS-REM-002-HUMAN-REVIEW-500:CP-002:313","CP-002","Medium","Bounded Search","QL-007","ES-006","Find the least number greater than 1714 that leaves remainder 17 on division by 45.","1727","Check numbers satisfying the remainder condition near the bound.

Answer:

1727","45","17","","","1714",""
"NS-REM-002:CP-002:NS-REM-002-HUMAN-REVIEW-500:CP-002:314","CP-002","Hard","Bounded Search","QL-007","ES-005","Find the least number greater than 4991 that leaves remainder 34 on division by 54.","5002","Use the remainder condition and the given bound.

The required number is:

5002","54","34","","","4991",""
"NS-REM-002:CP-002:NS-REM-002-HUMAN-REVIEW-500:CP-002:315","CP-002","Medium","Bounded Search","QL-006","ES-005","A number leaves remainder 17 when divided by 28. Find the smallest such number greater than 118.","129","Use the remainder condition and the given bound.

The required number is:

129","28","17","","","118",""
"NS-REM-002:CP-002:NS-REM-002-HUMAN-REVIEW-500:CP-002:316","CP-002","Hard","Bounded Search","QL-008","ES-005","Which is the smallest number above 1684 that gives remainder 17 when divided by 21?","1697","Use the remainder condition and the given bound.

The required number is:

1697","21","17","","","1684",""
"NS-REM-002:CP-002:NS-REM-002-HUMAN-REVIEW-500:CP-002:317","CP-002","Easy","Bounded Search","QL-007","ES-005","Find the least number greater than 172 that leaves remainder 1 on division by 14.","183","Use the remainder condition and the given bound.

The required number is:

183","14","1","","","172",""
"NS-REM-002:CP-002:NS-REM-002-HUMAN-REVIEW-500:CP-002:318","CP-002","Medium","Bounded Search","QL-007","ES-006","Find the least number greater than 997 that leaves remainder 15 on division by 45.","1005","Check numbers satisfying the remainder condition near the bound.

Answer:

1005","45","15","","","997",""
"NS-REM-002:CP-002:NS-REM-002-HUMAN-REVIEW-500:CP-002:319","CP-002","Medium","Bounded Search","QL-008","ES-006","Which is the smallest number above 1075 that gives remainder 38 when divided by 39?","1091","Check numbers satisfying the remainder condition near the bound.

Answer:

1091","39","38","","","1075",""
"NS-REM-002:CP-002:NS-REM-002-HUMAN-REVIEW-500:CP-002:320","CP-002","Hard","Bounded Search","QL-007","ES-006","Find the least number greater than 6692 that leaves remainder 30 on division by 47.","6704","Check numbers satisfying the remainder condition near the bound.

Answer:

6704","47","30","","","6692",""
"NS-REM-002:CP-002:NS-REM-002-HUMAN-REVIEW-500:CP-002:321","CP-002","Medium","Bounded Search","QL-008","ES-006","Which is the smallest number above 1342 that gives remainder 0 when divided by 22?","1364","Check numbers satisfying the remainder condition near the bound.

Answer:

1364","22","0","","","1342",""
"NS-REM-002:CP-002:NS-REM-002-HUMAN-REVIEW-500:CP-002:322","CP-002","Easy","Bounded Search","QL-006","ES-006","A number leaves remainder 0 when divided by 19. Find the smallest such number greater than 37.","38","Check numbers satisfying the remainder condition near the bound.

Answer:

38","19","0","","","37",""
"NS-REM-002:CP-002:NS-REM-002-HUMAN-REVIEW-500:CP-002:323","CP-002","Easy","Bounded Search","QL-008","ES-006","Which is the smallest number above 131 that gives remainder 8 when divided by 16?","136","Check numbers satisfying the remainder condition near the bound.

Answer:

136","16","8","","","131",""
"NS-REM-002:CP-002:NS-REM-002-HUMAN-REVIEW-500:CP-002:324","CP-002","Medium","Bounded Search","QL-006","ES-006","A number leaves remainder 0 when divided by 27. Find the smallest such number greater than 220.","243","Check numbers satisfying the remainder condition near the bound.

Answer:

243","27","0","","","220",""
"NS-REM-002:CP-002:NS-REM-002-HUMAN-REVIEW-500:CP-002:325","CP-002","Easy","Bounded Search","QL-008","ES-006","Which is the smallest number above 81 that gives remainder 0 when divided by 3?","84","Check numbers satisfying the remainder condition near the bound.

Answer:

84","3","0","","","81",""
"NS-REM-002:CP-002:NS-REM-002-HUMAN-REVIEW-500:CP-002:326","CP-002","Easy","Bounded Search","QL-006","ES-006","A number leaves remainder 0 when divided by 3. Find the smallest such number greater than 18.","21","Check numbers satisfying the remainder condition near the bound.

Answer:

21","3","0","","","18",""
"NS-REM-002:CP-002:NS-REM-002-HUMAN-REVIEW-500:CP-002:327","CP-002","Medium","Bounded Search","QL-006","ES-005","A number leaves remainder 12 when divided by 44. Find the smallest such number greater than 1409.","1420","Use the remainder condition and the given bound.

The required number is:

1420","44","12","","","1409",""
"NS-REM-002:CP-002:NS-REM-002-HUMAN-REVIEW-500:CP-002:328","CP-002","Medium","Bounded Search","QL-008","ES-005","Which is the smallest number above 1958 that gives remainder 7 when divided by 17?","1962","Use the remainder condition and the given bound.

The required number is:

1962","17","7","","","1958",""
"NS-REM-002:CP-002:NS-REM-002-HUMAN-REVIEW-500:CP-002:329","CP-002","Medium","Bounded Search","QL-007","ES-005","Find the least number greater than 264 that leaves remainder 8 on division by 18.","278","Use the remainder condition and the given bound.

The required number is:

278","18","8","","","264",""
"NS-REM-002:CP-002:NS-REM-002-HUMAN-REVIEW-500:CP-002:330","CP-002","Medium","Bounded Search","QL-006","ES-006","A number leaves remainder 13 when divided by 33. Find the smallest such number greater than 434.","442","Check numbers satisfying the remainder condition near the bound.

Answer:

442","33","13","","","434",""
"NS-REM-002:CP-002:NS-REM-002-HUMAN-REVIEW-500:CP-002:331","CP-002","Easy","Bounded Search","QL-008","ES-005","Which is the smallest number above 128 that gives remainder 0 when divided by 5?","130","Use the remainder condition and the given bound.

The required number is:

130","5","0","","","128",""
"NS-REM-002:CP-002:NS-REM-002-HUMAN-REVIEW-500:CP-002:332","CP-002","Hard","Bounded Search","QL-006","ES-006","A number leaves remainder 38 when divided by 62. Find the smallest such number greater than 3359.","3386","Check numbers satisfying the remainder condition near the bound.

Answer:

3386","62","38","","","3359",""
"NS-REM-002:CP-002:NS-REM-002-HUMAN-REVIEW-500:CP-002:333","CP-002","Easy","Bounded Search","QL-006","ES-006","A number leaves remainder 13 when divided by 18. Find the smallest such number greater than 139.","157","Check numbers satisfying the remainder condition near the bound.

Answer:

157","18","13","","","139",""
"NS-REM-002:CP-002:NS-REM-002-HUMAN-REVIEW-500:CP-002:334","CP-002","Hard","Bounded Search","QL-006","ES-006","A number leaves remainder 52 when divided by 76. Find the smallest such number greater than 7684.","7728","Check numbers satisfying the remainder condition near the bound.

Answer:

7728","76","52","","","7684",""
"NS-REM-002:CP-002:NS-REM-002-HUMAN-REVIEW-500:CP-002:335","CP-002","Medium","Bounded Search","QL-007","ES-005","Find the least number greater than 1424 that leaves remainder 11 on division by 14.","1425","Use the remainder condition and the given bound.

The required number is:

1425","14","11","","","1424",""
"NS-REM-002:CP-002:NS-REM-002-HUMAN-REVIEW-500:CP-002:336","CP-002","Medium","Bounded Search","QL-007","ES-006","Find the least number greater than 1289 that leaves remainder 6 on division by 8.","1294","Check numbers satisfying the remainder condition near the bound.

Answer:

1294","8","6","","","1289",""
"NS-REM-002:CP-002:NS-REM-002-HUMAN-REVIEW-500:CP-002:337","CP-002","Easy","Bounded Search","QL-008","ES-006","Which is the smallest number above 198 that gives remainder 5 when divided by 14?","201","Check numbers satisfying the remainder condition near the bound.

Answer:

201","14","5","","","198",""
"NS-REM-002:CP-002:NS-REM-002-HUMAN-REVIEW-500:CP-002:338","CP-002","Easy","Bounded Search","QL-008","ES-005","Which is the smallest number above 10 that gives remainder 5 when divided by 9?","14","Use the remainder condition and the given bound.

The required number is:

14","9","5","","","10",""
"NS-REM-002:CP-002:NS-REM-002-HUMAN-REVIEW-500:CP-002:339","CP-002","Easy","Bounded Search","QL-006","ES-006","A number leaves remainder 3 when divided by 12. Find the smallest such number greater than 164.","171","Check numbers satisfying the remainder condition near the bound.

Answer:

171","12","3","","","164",""
"NS-REM-002:CP-002:NS-REM-002-HUMAN-REVIEW-500:CP-002:340","CP-002","Easy","Bounded Search","QL-007","ES-005","Find the least number greater than 189 that leaves remainder 0 on division by 7.","196","Use the remainder condition and the given bound.

The required number is:

196","7","0","","","189",""
"NS-REM-002:CP-002:NS-REM-002-HUMAN-REVIEW-500:CP-002:341","CP-002","Easy","Bounded Search","QL-008","ES-006","Which is the smallest number above 71 that gives remainder 1 when divided by 3?","73","Check numbers satisfying the remainder condition near the bound.

Answer:

73","3","1","","","71",""
"NS-REM-002:CP-002:NS-REM-002-HUMAN-REVIEW-500:CP-002:342","CP-002","Medium","Bounded Search","QL-008","ES-006","Which is the smallest number above 1860 that gives remainder 3 when divided by 43?","1895","Check numbers satisfying the remainder condition near the bound.

Answer:

1895","43","3","","","1860",""
"NS-REM-002:CP-002:NS-REM-002-HUMAN-REVIEW-500:CP-002:343","CP-002","Medium","Bounded Search","QL-006","ES-006","A number leaves remainder 4 when divided by 18. Find the smallest such number greater than 1767.","1768","Check numbers satisfying the remainder condition near the bound.

Answer:

1768","18","4","","","1767",""
"NS-REM-002:CP-002:NS-REM-002-HUMAN-REVIEW-500:CP-002:344","CP-002","Easy","Bounded Search","QL-008","ES-006","Which is the smallest number above 16 that gives remainder 11 when divided by 14?","25","Check numbers satisfying the remainder condition near the bound.

Answer:

25","14","11","","","16",""
"NS-REM-002:CP-002:NS-REM-002-HUMAN-REVIEW-500:CP-002:345","CP-002","Medium","Bounded Search","QL-006","ES-005","A number leaves remainder 23 when divided by 41. Find the smallest such number greater than 610.","638","Use the remainder condition and the given bound.

The required number is:

638","41","23","","","610",""
"NS-REM-002:CP-002:NS-REM-002-HUMAN-REVIEW-500:CP-002:346","CP-002","Medium","Bounded Search","QL-006","ES-005","A number leaves remainder 9 when divided by 28. Find the smallest such number greater than 454.","457","Use the remainder condition and the given bound.

The required number is:

457","28","9","","","454",""
"NS-REM-002:CP-002:NS-REM-002-HUMAN-REVIEW-500:CP-002:347","CP-002","Hard","Bounded Search","QL-008","ES-005","Which is the smallest number above 9297 that gives remainder 58 when divided by 79?","9301","Use the remainder condition and the given bound.

The required number is:

9301","79","58","","","9297",""
"NS-REM-002:CP-002:NS-REM-002-HUMAN-REVIEW-500:CP-002:348","CP-002","Medium","Bounded Search","QL-008","ES-005","Which is the smallest number above 1711 that gives remainder 9 when divided by 10?","1719","Use the remainder condition and the given bound.

The required number is:

1719","10","9","","","1711",""
"NS-REM-002:CP-002:NS-REM-002-HUMAN-REVIEW-500:CP-002:349","CP-002","Easy","Bounded Search","QL-008","ES-006","Which is the smallest number above 67 that gives remainder 0 when divided by 2?","68","Check numbers satisfying the remainder condition near the bound.

Answer:

68","2","0","","","67",""
"NS-REM-002:CP-002:NS-REM-002-HUMAN-REVIEW-500:CP-002:350","CP-002","Easy","Bounded Search","QL-007","ES-005","Find the least number greater than 198 that leaves remainder 0 on division by 3.","201","Use the remainder condition and the given bound.

The required number is:

201","3","0","","","198",""
"NS-REM-002:CP-002:NS-REM-002-HUMAN-REVIEW-500:CP-002:351","CP-002","Easy","Bounded Search","QL-008","ES-005","Which is the smallest number above 135 that gives remainder 11 when divided by 17?","147","Use the remainder condition and the given bound.

The required number is:

147","17","11","","","135",""
"NS-REM-002:CP-002:NS-REM-002-HUMAN-REVIEW-500:CP-002:352","CP-002","Hard","Bounded Search","QL-006","ES-005","A number leaves remainder 53 when divided by 85. Find the smallest such number greater than 4855.","4898","Use the remainder condition and the given bound.

The required number is:

4898","85","53","","","4855",""
"NS-REM-002:CP-002:NS-REM-002-HUMAN-REVIEW-500:CP-002:353","CP-002","Hard","Bounded Search","QL-008","ES-006","Which is the smallest number above 1351 that gives remainder 3 when divided by 7?","1354","Check numbers satisfying the remainder condition near the bound.

Answer:

1354","7","3","","","1351",""
"NS-REM-002:CP-002:NS-REM-002-HUMAN-REVIEW-500:CP-002:354","CP-002","Easy","Bounded Search","QL-007","ES-005","Find the least number greater than 141 that leaves remainder 2 on division by 8.","146","Use the remainder condition and the given bound.

The required number is:

146","8","2","","","141",""
"NS-REM-002:CP-002:NS-REM-002-HUMAN-REVIEW-500:CP-002:355","CP-002","Medium","Bounded Search","QL-007","ES-006","Find the least number greater than 555 that leaves remainder 13 on division by 19.","564","Check numbers satisfying the remainder condition near the bound.

Answer:

564","19","13","","","555",""
"NS-REM-002:CP-002:NS-REM-002-HUMAN-REVIEW-500:CP-002:356","CP-002","Hard","Bounded Search","QL-008","ES-006","Which is the smallest number above 9968 that gives remainder 64 when divided by 74?","9980","Check numbers satisfying the remainder condition near the bound.

Answer:

9980","74","64","","","9968",""
"NS-REM-002:CP-002:NS-REM-002-HUMAN-REVIEW-500:CP-002:357","CP-002","Easy","Bounded Search","QL-006","ES-005","A number leaves remainder 15 when divided by 16. Find the smallest such number greater than 74.","79","Use the remainder condition and the given bound.

The required number is:

79","16","15","","","74",""
"NS-REM-002:CP-002:NS-REM-002-HUMAN-REVIEW-500:CP-002:358","CP-002","Medium","Bounded Search","QL-007","ES-005","Find the least number greater than 590 that leaves remainder 31 on division by 47.","595","Use the remainder condition and the given bound.

The required number is:

595","47","31","","","590",""
"NS-REM-002:CP-002:NS-REM-002-HUMAN-REVIEW-500:CP-002:359","CP-002","Hard","Bounded Search","QL-008","ES-006","Which is the smallest number above 7465 that gives remainder 54 when divided by 99?","7479","Check numbers satisfying the remainder condition near the bound.

Answer:

7479","99","54","","","7465",""
"NS-REM-002:CP-002:NS-REM-002-HUMAN-REVIEW-500:CP-002:360","CP-002","Medium","Bounded Search","QL-006","ES-005","A number leaves remainder 4 when divided by 15. Find the smallest such number greater than 489.","499","Use the remainder condition and the given bound.

The required number is:

499","15","4","","","489",""
"NS-REM-002:CP-002:NS-REM-002-HUMAN-REVIEW-500:CP-002:361","CP-002","Hard","Bounded Search","QL-006","ES-005","A number leaves remainder 56 when divided by 70. Find the smallest such number greater than 1732.","1736","Use the remainder condition and the given bound.

The required number is:

1736","70","56","","","1732",""
"NS-REM-002:CP-002:NS-REM-002-HUMAN-REVIEW-500:CP-002:362","CP-002","Easy","Bounded Search","QL-008","ES-006","Which is the smallest number above 160 that gives remainder 0 when divided by 3?","162","Check numbers satisfying the remainder condition near the bound.

Answer:

162","3","0","","","160",""
"NS-REM-002:CP-002:NS-REM-002-HUMAN-REVIEW-500:CP-002:363","CP-002","Hard","Bounded Search","QL-006","ES-005","A number leaves remainder 6 when divided by 33. Find the smallest such number greater than 7426.","7431","Use the remainder condition and the given bound.

The required number is:

7431","33","6","","","7426",""
"NS-REM-002:CP-002:NS-REM-002-HUMAN-REVIEW-500:CP-002:364","CP-002","Easy","Bounded Search","QL-008","ES-006","Which is the smallest number above 134 that gives remainder 0 when divided by 3?","135","Check numbers satisfying the remainder condition near the bound.

Answer:

135","3","0","","","134",""
"NS-REM-002:CP-002:NS-REM-002-HUMAN-REVIEW-500:CP-002:365","CP-002","Medium","Bounded Search","QL-007","ES-006","Find the least number greater than 546 that leaves remainder 0 on division by 3.","549","Check numbers satisfying the remainder condition near the bound.

Answer:

549","3","0","","","546",""
"NS-REM-002:CP-002:NS-REM-002-HUMAN-REVIEW-500:CP-002:366","CP-002","Medium","Bounded Search","QL-008","ES-006","Which is the smallest number above 184 that gives remainder 21 when divided by 22?","197","Check numbers satisfying the remainder condition near the bound.

Answer:

197","22","21","","","184",""
"NS-REM-002:CP-002:NS-REM-002-HUMAN-REVIEW-500:CP-002:367","CP-002","Easy","Bounded Search","QL-007","ES-006","Find the least number greater than 59 that leaves remainder 2 on division by 10.","62","Check numbers satisfying the remainder condition near the bound.

Answer:

62","10","2","","","59",""
"NS-REM-002:CP-002:NS-REM-002-HUMAN-REVIEW-500:CP-002:368","CP-002","Easy","Bounded Search","QL-006","ES-006","A number leaves remainder 2 when divided by 3. Find the smallest such number greater than 120.","122","Check numbers satisfying the remainder condition near the bound.

Answer:

122","3","2","","","120",""
"NS-REM-002:CP-002:NS-REM-002-HUMAN-REVIEW-500:CP-002:369","CP-002","Medium","Bounded Search","QL-008","ES-006","Which is the smallest number above 450 that gives remainder 20 when divided by 43?","493","Check numbers satisfying the remainder condition near the bound.

Answer:

493","43","20","","","450",""
"NS-REM-002:CP-002:NS-REM-002-HUMAN-REVIEW-500:CP-002:370","CP-002","Easy","Bounded Search","QL-007","ES-005","Find the least number greater than 126 that leaves remainder 8 on division by 12.","128","Use the remainder condition and the given bound.

The required number is:

128","12","8","","","126",""
"NS-REM-002:CP-002:NS-REM-002-HUMAN-REVIEW-500:CP-002:371","CP-002","Easy","Bounded Search","QL-007","ES-005","Find the least number greater than 22 that leaves remainder 3 on division by 7.","24","Use the remainder condition and the given bound.

The required number is:

24","7","3","","","22",""
"NS-REM-002:CP-002:NS-REM-002-HUMAN-REVIEW-500:CP-002:372","CP-002","Easy","Bounded Search","QL-008","ES-005","Which is the smallest number above 66 that gives remainder 6 when divided by 15?","81","Use the remainder condition and the given bound.

The required number is:

81","15","6","","","66",""
"NS-REM-002:CP-002:NS-REM-002-HUMAN-REVIEW-500:CP-002:373","CP-002","Easy","Bounded Search","QL-008","ES-006","Which is the smallest number above 137 that gives remainder 13 when divided by 20?","153","Check numbers satisfying the remainder condition near the bound.

Answer:

153","20","13","","","137",""
"NS-REM-002:CP-002:NS-REM-002-HUMAN-REVIEW-500:CP-002:374","CP-002","Easy","Bounded Search","QL-007","ES-005","Find the least number greater than 78 that leaves remainder 0 on division by 3.","81","Use the remainder condition and the given bound.

The required number is:

81","3","0","","","78",""
"NS-REM-002:CP-002:NS-REM-002-HUMAN-REVIEW-500:CP-002:375","CP-002","Easy","Bounded Search","QL-006","ES-006","A number leaves remainder 3 when divided by 4. Find the smallest such number greater than 114.","115","Check numbers satisfying the remainder condition near the bound.

Answer:

115","4","3","","","114",""
"NS-REM-002:CP-002:NS-REM-002-HUMAN-REVIEW-500:CP-002:376","CP-002","Hard","Bounded Search","QL-006","ES-005","A number leaves remainder 36 when divided by 42. Find the smallest such number greater than 7638.","7680","Use the remainder condition and the given bound.

The required number is:

7680","42","36","","","7638",""
"NS-REM-002:CP-002:NS-REM-002-HUMAN-REVIEW-500:CP-002:377","CP-002","Medium","Bounded Search","QL-006","ES-006","A number leaves remainder 11 when divided by 25. Find the smallest such number greater than 180.","186","Check numbers satisfying the remainder condition near the bound.

Answer:

186","25","11","","","180",""
"NS-REM-002:CP-002:NS-REM-002-HUMAN-REVIEW-500:CP-002:378","CP-002","Medium","Bounded Search","QL-008","ES-005","Which is the smallest number above 1377 that gives remainder 5 when divided by 19?","1392","Use the remainder condition and the given bound.

The required number is:

1392","19","5","","","1377",""
"NS-REM-002:CP-002:NS-REM-002-HUMAN-REVIEW-500:CP-002:379","CP-002","Medium","Bounded Search","QL-007","ES-005","Find the least number greater than 923 that leaves remainder 5 on division by 42.","929","Use the remainder condition and the given bound.

The required number is:

929","42","5","","","923",""
"NS-REM-002:CP-002:NS-REM-002-HUMAN-REVIEW-500:CP-002:380","CP-002","Hard","Bounded Search","QL-007","ES-005","Find the least number greater than 8776 that leaves remainder 58 on division by 63.","8815","Use the remainder condition and the given bound.

The required number is:

8815","63","58","","","8776",""
"NS-REM-002:CP-002:NS-REM-002-HUMAN-REVIEW-500:CP-002:381","CP-002","Easy","Bounded Search","QL-006","ES-006","A number leaves remainder 16 when divided by 20. Find the smallest such number greater than 126.","136","Check numbers satisfying the remainder condition near the bound.

Answer:

136","20","16","","","126",""
"NS-REM-002:CP-002:NS-REM-002-HUMAN-REVIEW-500:CP-002:382","CP-002","Easy","Bounded Search","QL-007","ES-005","Find the least number greater than 144 that leaves remainder 11 on division by 13.","154","Use the remainder condition and the given bound.

The required number is:

154","13","11","","","144",""
"NS-REM-002:CP-002:NS-REM-002-HUMAN-REVIEW-500:CP-002:383","CP-002","Medium","Bounded Search","QL-008","ES-006","Which is the smallest number above 1633 that gives remainder 14 when divided by 40?","1654","Check numbers satisfying the remainder condition near the bound.

Answer:

1654","40","14","","","1633",""
"NS-REM-002:CP-002:NS-REM-002-HUMAN-REVIEW-500:CP-002:384","CP-002","Easy","Bounded Search","QL-007","ES-006","Find the least number greater than 22 that leaves remainder 3 on division by 12.","27","Check numbers satisfying the remainder condition near the bound.

Answer:

27","12","3","","","22",""
"NS-REM-002:CP-002:NS-REM-002-HUMAN-REVIEW-500:CP-002:385","CP-002","Medium","Bounded Search","QL-007","ES-005","Find the least number greater than 1171 that leaves remainder 26 on division by 41.","1174","Use the remainder condition and the given bound.

The required number is:

1174","41","26","","","1171",""
"NS-REM-002:CP-002:NS-REM-002-HUMAN-REVIEW-500:CP-002:386","CP-002","Easy","Bounded Search","QL-008","ES-006","Which is the smallest number above 189 that gives remainder 8 when divided by 15?","203","Check numbers satisfying the remainder condition near the bound.

Answer:

203","15","8","","","189",""
"NS-REM-002:CP-002:NS-REM-002-HUMAN-REVIEW-500:CP-002:387","CP-002","Medium","Bounded Search","QL-007","ES-005","Find the least number greater than 626 that leaves remainder 0 on division by 19.","627","Use the remainder condition and the given bound.

The required number is:

627","19","0","","","626",""
"NS-REM-002:CP-002:NS-REM-002-HUMAN-REVIEW-500:CP-002:388","CP-002","Easy","Bounded Search","QL-007","ES-006","Find the least number greater than 184 that leaves remainder 9 on division by 19.","199","Check numbers satisfying the remainder condition near the bound.

Answer:

199","19","9","","","184",""
"NS-REM-002:CP-002:NS-REM-002-HUMAN-REVIEW-500:CP-002:389","CP-002","Hard","Bounded Search","QL-008","ES-006","Which is the smallest number above 1073 that gives remainder 3 when divided by 5?","1078","Check numbers satisfying the remainder condition near the bound.

Answer:

1078","5","3","","","1073",""
"NS-REM-002:CP-002:NS-REM-002-HUMAN-REVIEW-500:CP-002:390","CP-002","Hard","Bounded Search","QL-006","ES-006","A number leaves remainder 8 when divided by 66. Find the smallest such number greater than 7864.","7928","Check numbers satisfying the remainder condition near the bound.

Answer:

7928","66","8","","","7864",""
"NS-REM-002:CP-002:NS-REM-002-HUMAN-REVIEW-500:CP-002:391","CP-002","Medium","Bounded Search","QL-008","ES-006","Which is the smallest number above 837 that gives remainder 9 when divided by 28?","849","Check numbers satisfying the remainder condition near the bound.

Answer:

849","28","9","","","837",""
"NS-REM-002:CP-002:NS-REM-002-HUMAN-REVIEW-500:CP-002:392","CP-002","Easy","Bounded Search","QL-006","ES-005","A number leaves remainder 0 when divided by 4. Find the smallest such number greater than 14.","16","Use the remainder condition and the given bound.

The required number is:

16","4","0","","","14",""
"NS-REM-002:CP-002:NS-REM-002-HUMAN-REVIEW-500:CP-002:393","CP-002","Medium","Bounded Search","QL-006","ES-006","A number leaves remainder 31 when divided by 40. Find the smallest such number greater than 1404.","1431","Check numbers satisfying the remainder condition near the bound.

Answer:

1431","40","31","","","1404",""
"NS-REM-002:CP-002:NS-REM-002-HUMAN-REVIEW-500:CP-002:394","CP-002","Medium","Bounded Search","QL-007","ES-006","Find the least number greater than 905 that leaves remainder 6 on division by 21.","909","Check numbers satisfying the remainder condition near the bound.

Answer:

909","21","6","","","905",""
"NS-REM-002:CP-002:NS-REM-002-HUMAN-REVIEW-500:CP-002:395","CP-002","Easy","Bounded Search","QL-008","ES-005","Which is the smallest number above 143 that gives remainder 0 when divided by 13?","156","Use the remainder condition and the given bound.

The required number is:

156","13","0","","","143",""
"NS-REM-002:CP-002:NS-REM-002-HUMAN-REVIEW-500:CP-002:396","CP-002","Medium","Bounded Search","QL-007","ES-006","Find the least number greater than 659 that leaves remainder 4 on division by 16.","660","Check numbers satisfying the remainder condition near the bound.

Answer:

660","16","4","","","659",""
"NS-REM-002:CP-002:NS-REM-002-HUMAN-REVIEW-500:CP-002:397","CP-002","Medium","Bounded Search","QL-008","ES-005","Which is the smallest number above 181 that gives remainder 18 when divided by 29?","192","Use the remainder condition and the given bound.

The required number is:

192","29","18","","","181",""
"NS-REM-002:CP-002:NS-REM-002-HUMAN-REVIEW-500:CP-002:398","CP-002","Hard","Bounded Search","QL-008","ES-006","Which is the smallest number above 1285 that gives remainder 8 when divided by 14?","1296","Check numbers satisfying the remainder condition near the bound.

Answer:

1296","14","8","","","1285",""
"NS-REM-002:CP-002:NS-REM-002-HUMAN-REVIEW-500:CP-002:399","CP-002","Easy","Bounded Search","QL-007","ES-006","Find the least number greater than 199 that leaves remainder 1 on division by 2.","201","Check numbers satisfying the remainder condition near the bound.

Answer:

201","2","1","","","199",""
"NS-REM-002:CP-002:NS-REM-002-HUMAN-REVIEW-500:CP-002:400","CP-002","Hard","Bounded Search","QL-008","ES-006","Which is the smallest number above 5346 that gives remainder 0 when divided by 14?","5348","Check numbers satisfying the remainder condition near the bound.

Answer:

5348","14","0","","","5346",""
"NS-REM-002:CP-002:NS-REM-002-HUMAN-REVIEW-500:CP-002:401","CP-002","Medium","Bounded Search","QL-006","ES-006","A number leaves remainder 5 when divided by 22. Find the smallest such number greater than 1677.","1699","Check numbers satisfying the remainder condition near the bound.

Answer:

1699","22","5","","","1677",""
"NS-REM-002:CP-002:NS-REM-002-HUMAN-REVIEW-500:CP-002:402","CP-002","Hard","Bounded Search","QL-006","ES-005","A number leaves remainder 64 when divided by 99. Find the smallest such number greater than 2834.","2836","Use the remainder condition and the given bound.

The required number is:

2836","99","64","","","2834",""
"NS-REM-002:CP-002:NS-REM-002-HUMAN-REVIEW-500:CP-002:403","CP-002","Easy","Bounded Search","QL-008","ES-006","Which is the smallest number above 63 that gives remainder 4 when divided by 7?","67","Check numbers satisfying the remainder condition near the bound.

Answer:

67","7","4","","","63",""
"NS-REM-002:CP-002:NS-REM-002-HUMAN-REVIEW-500:CP-002:404","CP-002","Medium","Bounded Search","QL-007","ES-005","Find the least number greater than 681 that leaves remainder 38 on division by 49.","724","Use the remainder condition and the given bound.

The required number is:

724","49","38","","","681",""
"NS-REM-002:CP-002:NS-REM-002-HUMAN-REVIEW-500:CP-002:405","CP-002","Easy","Bounded Search","QL-007","ES-006","Find the least number greater than 38 that leaves remainder 5 on division by 8.","45","Check numbers satisfying the remainder condition near the bound.

Answer:

45","8","5","","","38",""
"NS-REM-002:CP-002:NS-REM-002-HUMAN-REVIEW-500:CP-002:406","CP-002","Easy","Bounded Search","QL-007","ES-005","Find the least number greater than 167 that leaves remainder 2 on division by 9.","173","Use the remainder condition and the given bound.

The required number is:

173","9","2","","","167",""
"NS-REM-002:CP-002:NS-REM-002-HUMAN-REVIEW-500:CP-002:407","CP-002","Easy","Bounded Search","QL-006","ES-006","A number leaves remainder 3 when divided by 8. Find the smallest such number greater than 26.","27","Check numbers satisfying the remainder condition near the bound.

Answer:

27","8","3","","","26",""
"NS-REM-002:CP-002:NS-REM-002-HUMAN-REVIEW-500:CP-002:408","CP-002","Medium","Bounded Search","QL-006","ES-005","A number leaves remainder 42 when divided by 48. Find the smallest such number greater than 777.","810","Use the remainder condition and the given bound.

The required number is:

810","48","42","","","777",""
"NS-REM-002:CP-002:NS-REM-002-HUMAN-REVIEW-500:CP-002:409","CP-002","Easy","Bounded Search","QL-007","ES-005","Find the least number greater than 52 that leaves remainder 1 on division by 8.","57","Use the remainder condition and the given bound.

The required number is:

57","8","1","","","52",""
"NS-REM-002:CP-002:NS-REM-002-HUMAN-REVIEW-500:CP-002:410","CP-002","Hard","Bounded Search","QL-008","ES-006","Which is the smallest number above 3952 that gives remainder 47 when divided by 89?","3963","Check numbers satisfying the remainder condition near the bound.

Answer:

3963","89","47","","","3952",""
"NS-REM-002:CP-002:NS-REM-002-HUMAN-REVIEW-500:CP-002:411","CP-002","Hard","Bounded Search","QL-006","ES-006","A number leaves remainder 13 when divided by 55. Find the smallest such number greater than 5411.","5458","Check numbers satisfying the remainder condition near the bound.

Answer:

5458","55","13","","","5411",""
"NS-REM-002:CP-002:NS-REM-002-HUMAN-REVIEW-500:CP-002:412","CP-002","Medium","Bounded Search","QL-006","ES-006","A number leaves remainder 5 when divided by 8. Find the smallest such number greater than 1148.","1149","Check numbers satisfying the remainder condition near the bound.

Answer:

1149","8","5","","","1148",""
"NS-REM-002:CP-002:NS-REM-002-HUMAN-REVIEW-500:CP-002:413","CP-002","Easy","Bounded Search","QL-006","ES-005","A number leaves remainder 2 when divided by 12. Find the smallest such number greater than 114.","122","Use the remainder condition and the given bound.

The required number is:

122","12","2","","","114",""
"NS-REM-002:CP-002:NS-REM-002-HUMAN-REVIEW-500:CP-002:414","CP-002","Easy","Bounded Search","QL-006","ES-006","A number leaves remainder 7 when divided by 8. Find the smallest such number greater than 145.","151","Check numbers satisfying the remainder condition near the bound.

Answer:

151","8","7","","","145",""
"NS-REM-002:CP-002:NS-REM-002-HUMAN-REVIEW-500:CP-002:415","CP-002","Easy","Bounded Search","QL-006","ES-006","A number leaves remainder 10 when divided by 14. Find the smallest such number greater than 76.","80","Check numbers satisfying the remainder condition near the bound.

Answer:

80","14","10","","","76",""
"NS-REM-002:CP-002:NS-REM-002-HUMAN-REVIEW-500:CP-002:416","CP-002","Medium","Bounded Search","QL-008","ES-005","Which is the smallest number above 1545 that gives remainder 3 when divided by 14?","1557","Use the remainder condition and the given bound.

The required number is:

1557","14","3","","","1545",""
"NS-REM-002:CP-002:NS-REM-002-HUMAN-REVIEW-500:CP-002:417","CP-002","Medium","Bounded Search","QL-008","ES-005","Which is the smallest number above 101 that gives remainder 14 when divided by 22?","102","Use the remainder condition and the given bound.

The required number is:

102","22","14","","","101",""
"NS-REM-002:CP-002:NS-REM-002-HUMAN-REVIEW-500:CP-002:418","CP-002","Hard","Bounded Search","QL-008","ES-005","Which is the smallest number above 2628 that gives remainder 9 when divided by 54?","2655","Use the remainder condition and the given bound.

The required number is:

2655","54","9","","","2628",""
"NS-REM-002:CP-002:NS-REM-002-HUMAN-REVIEW-500:CP-002:419","CP-002","Easy","Bounded Search","QL-006","ES-005","A number leaves remainder 0 when divided by 6. Find the smallest such number greater than 85.","90","Use the remainder condition and the given bound.

The required number is:

90","6","0","","","85",""
"NS-REM-002:CP-002:NS-REM-002-HUMAN-REVIEW-500:CP-002:420","CP-002","Easy","Bounded Search","QL-006","ES-005","A number leaves remainder 3 when divided by 5. Find the smallest such number greater than 14.","18","Use the remainder condition and the given bound.

The required number is:

18","5","3","","","14",""
"NS-REM-002:CP-002:NS-REM-002-HUMAN-REVIEW-500:CP-002:421","CP-002","Easy","Bounded Search","QL-008","ES-005","Which is the smallest number above 133 that gives remainder 2 when divided by 17?","138","Use the remainder condition and the given bound.

The required number is:

138","17","2","","","133",""
"NS-REM-002:CP-002:NS-REM-002-HUMAN-REVIEW-500:CP-002:422","CP-002","Easy","Bounded Search","QL-006","ES-006","A number leaves remainder 4 when divided by 7. Find the smallest such number greater than 164.","165","Check numbers satisfying the remainder condition near the bound.

Answer:

165","7","4","","","164",""
"NS-REM-002:CP-002:NS-REM-002-HUMAN-REVIEW-500:CP-002:423","CP-002","Medium","Bounded Search","QL-008","ES-006","Which is the smallest number above 862 that gives remainder 32 when divided by 43?","892","Check numbers satisfying the remainder condition near the bound.

Answer:

892","43","32","","","862",""
"NS-REM-002:CP-002:NS-REM-002-HUMAN-REVIEW-500:CP-002:424","CP-002","Medium","Bounded Search","QL-008","ES-005","Which is the smallest number above 340 that gives remainder 36 when divided by 41?","364","Use the remainder condition and the given bound.

The required number is:

364","41","36","","","340",""
"NS-REM-002:CP-002:NS-REM-002-HUMAN-REVIEW-500:CP-002:425","CP-002","Medium","Bounded Search","QL-008","ES-005","Which is the smallest number above 1412 that gives remainder 11 when divided by 21?","1418","Use the remainder condition and the given bound.

The required number is:

1418","21","11","","","1412",""
"NS-REM-002:CP-002:NS-REM-002-HUMAN-REVIEW-500:CP-002:426","CP-002","Hard","Bounded Search","QL-006","ES-005","A number leaves remainder 52 when divided by 66. Find the smallest such number greater than 9421.","9424","Use the remainder condition and the given bound.

The required number is:

9424","66","52","","","9421",""
"NS-REM-002:CP-002:NS-REM-002-HUMAN-REVIEW-500:CP-002:427","CP-002","Medium","Bounded Search","QL-007","ES-006","Find the least number greater than 1010 that leaves remainder 5 on division by 24.","1013","Check numbers satisfying the remainder condition near the bound.

Answer:

1013","24","5","","","1010",""
"NS-REM-002:CP-002:NS-REM-002-HUMAN-REVIEW-500:CP-002:428","CP-002","Easy","Bounded Search","QL-008","ES-005","Which is the smallest number above 20 that gives remainder 6 when divided by 7?","27","Use the remainder condition and the given bound.

The required number is:

27","7","6","","","20",""
"NS-REM-002:CP-002:NS-REM-002-HUMAN-REVIEW-500:CP-002:429","CP-002","Easy","Bounded Search","QL-006","ES-005","A number leaves remainder 3 when divided by 6. Find the smallest such number greater than 119.","123","Use the remainder condition and the given bound.

The required number is:

123","6","3","","","119",""
"NS-REM-002:CP-002:NS-REM-002-HUMAN-REVIEW-500:CP-002:430","CP-002","Medium","Bounded Search","QL-006","ES-005","A number leaves remainder 8 when divided by 43. Find the smallest such number greater than 1722.","1728","Use the remainder condition and the given bound.

The required number is:

1728","43","8","","","1722",""
"NS-REM-002:CP-002:NS-REM-002-HUMAN-REVIEW-500:CP-002:431","CP-002","Medium","Bounded Search","QL-006","ES-006","A number leaves remainder 34 when divided by 36. Find the smallest such number greater than 691.","718","Check numbers satisfying the remainder condition near the bound.

Answer:

718","36","34","","","691",""
"NS-REM-002:CP-002:NS-REM-002-HUMAN-REVIEW-500:CP-002:432","CP-002","Medium","Bounded Search","QL-006","ES-005","A number leaves remainder 3 when divided by 4. Find the smallest such number greater than 1879.","1883","Use the remainder condition and the given bound.

The required number is:

1883","4","3","","","1879",""
"NS-REM-002:CP-002:NS-REM-002-HUMAN-REVIEW-500:CP-002:433","CP-002","Medium","Bounded Search","QL-007","ES-005","Find the least number greater than 1099 that leaves remainder 30 on division by 46.","1134","Use the remainder condition and the given bound.

The required number is:

1134","46","30","","","1099",""
"NS-REM-002:CP-002:NS-REM-002-HUMAN-REVIEW-500:CP-002:434","CP-002","Hard","Bounded Search","QL-008","ES-006","Which is the smallest number above 2342 that gives remainder 25 when divided by 46?","2371","Check numbers satisfying the remainder condition near the bound.

Answer:

2371","46","25","","","2342",""
"NS-REM-002:CP-002:NS-REM-002-HUMAN-REVIEW-500:CP-002:435","CP-002","Easy","Bounded Search","QL-008","ES-005","Which is the smallest number above 35 that gives remainder 0 when divided by 2?","36","Use the remainder condition and the given bound.

The required number is:

36","2","0","","","35",""
"NS-REM-002:CP-002:NS-REM-002-HUMAN-REVIEW-500:CP-002:436","CP-002","Medium","Bounded Search","QL-007","ES-005","Find the least number greater than 301 that leaves remainder 3 on division by 17.","309","Use the remainder condition and the given bound.

The required number is:

309","17","3","","","301",""
"NS-REM-002:CP-002:NS-REM-002-HUMAN-REVIEW-500:CP-002:437","CP-002","Medium","Bounded Search","QL-006","ES-006","A number leaves remainder 20 when divided by 28. Find the smallest such number greater than 882.","888","Check numbers satisfying the remainder condition near the bound.

Answer:

888","28","20","","","882",""
"NS-REM-002:CP-002:NS-REM-002-HUMAN-REVIEW-500:CP-002:438","CP-002","Medium","Bounded Search","QL-006","ES-006","A number leaves remainder 5 when divided by 12. Find the smallest such number greater than 1373.","1385","Check numbers satisfying the remainder condition near the bound.

Answer:

1385","12","5","","","1373",""
"NS-REM-002:CP-002:NS-REM-002-HUMAN-REVIEW-500:CP-002:439","CP-002","Easy","Bounded Search","QL-008","ES-006","Which is the smallest number above 73 that gives remainder 8 when divided by 9?","80","Check numbers satisfying the remainder condition near the bound.

Answer:

80","9","8","","","73",""
"NS-REM-002:CP-002:NS-REM-002-HUMAN-REVIEW-500:CP-002:440","CP-002","Hard","Bounded Search","QL-006","ES-006","A number leaves remainder 18 when divided by 22. Find the smallest such number greater than 8879.","8884","Check numbers satisfying the remainder condition near the bound.

Answer:

8884","22","18","","","8879",""
"NS-REM-002:CP-002:NS-REM-002-HUMAN-REVIEW-500:CP-002:441","CP-002","Medium","Bounded Search","QL-006","ES-005","A number leaves remainder 6 when divided by 11. Find the smallest such number greater than 1199.","1205","Use the remainder condition and the given bound.

The required number is:

1205","11","6","","","1199",""
"NS-REM-002:CP-002:NS-REM-002-HUMAN-REVIEW-500:CP-002:442","CP-002","Easy","Bounded Search","QL-008","ES-005","Which is the smallest number above 91 that gives remainder 4 when divided by 8?","92","Use the remainder condition and the given bound.

The required number is:

92","8","4","","","91",""
"NS-REM-002:CP-002:NS-REM-002-HUMAN-REVIEW-500:CP-002:443","CP-002","Hard","Bounded Search","QL-006","ES-006","A number leaves remainder 12 when divided by 65. Find the smallest such number greater than 5940.","5992","Check numbers satisfying the remainder condition near the bound.

Answer:

5992","65","12","","","5940",""
"NS-REM-002:CP-002:NS-REM-002-HUMAN-REVIEW-500:CP-002:444","CP-002","Easy","Bounded Search","QL-006","ES-006","A number leaves remainder 5 when divided by 17. Find the smallest such number greater than 25.","39","Check numbers satisfying the remainder condition near the bound.

Answer:

39","17","5","","","25",""
"NS-REM-002:CP-002:NS-REM-002-HUMAN-REVIEW-500:CP-002:445","CP-002","Hard","Bounded Search","QL-007","ES-005","Find the least number greater than 8923 that leaves remainder 15 on division by 63.","8961","Use the remainder condition and the given bound.

The required number is:

8961","63","15","","","8923",""
"NS-REM-002:CP-002:NS-REM-002-HUMAN-REVIEW-500:CP-002:446","CP-002","Medium","Bounded Search","QL-006","ES-006","A number leaves remainder 9 when divided by 33. Find the smallest such number greater than 1014.","1032","Check numbers satisfying the remainder condition near the bound.

Answer:

1032","33","9","","","1014",""
"NS-REM-002:CP-002:NS-REM-002-HUMAN-REVIEW-500:CP-002:447","CP-002","Easy","Bounded Search","QL-008","ES-005","Which is the smallest number above 37 that gives remainder 15 when divided by 20?","55","Use the remainder condition and the given bound.

The required number is:

55","20","15","","","37",""
"NS-REM-002:CP-002:NS-REM-002-HUMAN-REVIEW-500:CP-002:448","CP-002","Medium","Bounded Search","QL-006","ES-005","A number leaves remainder 14 when divided by 21. Find the smallest such number greater than 353.","371","Use the remainder condition and the given bound.

The required number is:

371","21","14","","","353",""
"NS-REM-002:CP-002:NS-REM-002-HUMAN-REVIEW-500:CP-002:449","CP-002","Hard","Bounded Search","QL-007","ES-006","Find the least number greater than 9636 that leaves remainder 11 on division by 42.","9671","Check numbers satisfying the remainder condition near the bound.

Answer:

9671","42","11","","","9636",""
"NS-REM-002:CP-002:NS-REM-002-HUMAN-REVIEW-500:CP-002:450","CP-002","Medium","Bounded Search","QL-008","ES-006","Which is the smallest number above 388 that gives remainder 31 when divided by 42?","409","Check numbers satisfying the remainder condition near the bound.

Answer:

409","42","31","","","388",""
"NS-REM-002:CP-002:NS-REM-002-HUMAN-REVIEW-500:CP-002:451","CP-002","Easy","Bounded Search","QL-007","ES-006","Find the least number greater than 120 that leaves remainder 9 on division by 15.","129","Check numbers satisfying the remainder condition near the bound.

Answer:

129","15","9","","","120",""
"NS-REM-002:CP-002:NS-REM-002-HUMAN-REVIEW-500:CP-002:452","CP-002","Medium","Bounded Search","QL-007","ES-006","Find the least number greater than 252 that leaves remainder 24 on division by 27.","267","Check numbers satisfying the remainder condition near the bound.

Answer:

267","27","24","","","252",""
"NS-REM-002:CP-002:NS-REM-002-HUMAN-REVIEW-500:CP-002:453","CP-002","Medium","Bounded Search","QL-006","ES-006","A number leaves remainder 10 when divided by 33. Find the smallest such number greater than 909.","934","Check numbers satisfying the remainder condition near the bound.

Answer:

934","33","10","","","909",""
"NS-REM-002:CP-002:NS-REM-002-HUMAN-REVIEW-500:CP-002:454","CP-002","Medium","Bounded Search","QL-008","ES-005","Which is the smallest number above 406 that gives remainder 1 when divided by 9?","415","Use the remainder condition and the given bound.

The required number is:

415","9","1","","","406",""
"NS-REM-002:CP-002:NS-REM-002-HUMAN-REVIEW-500:CP-002:455","CP-002","Medium","Bounded Search","QL-006","ES-006","A number leaves remainder 9 when divided by 19. Find the smallest such number greater than 526.","541","Check numbers satisfying the remainder condition near the bound.

Answer:

541","19","9","","","526",""
"NS-REM-002:CP-002:NS-REM-002-HUMAN-REVIEW-500:CP-002:456","CP-002","Easy","Bounded Search","QL-008","ES-006","Which is the smallest number above 134 that gives remainder 0 when divided by 5?","135","Check numbers satisfying the remainder condition near the bound.

Answer:

135","5","0","","","134",""
"NS-REM-002:CP-002:NS-REM-002-HUMAN-REVIEW-500:CP-002:457","CP-002","Hard","Bounded Search","QL-006","ES-005","A number leaves remainder 13 when divided by 37. Find the smallest such number greater than 2094.","2122","Use the remainder condition and the given bound.

The required number is:

2122","37","13","","","2094",""
"NS-REM-002:CP-002:NS-REM-002-HUMAN-REVIEW-500:CP-002:458","CP-002","Medium","Bounded Search","QL-006","ES-005","A number leaves remainder 9 when divided by 11. Find the smallest such number greater than 1077.","1087","Use the remainder condition and the given bound.

The required number is:

1087","11","9","","","1077",""
"NS-REM-002:CP-002:NS-REM-002-HUMAN-REVIEW-500:CP-002:459","CP-002","Easy","Bounded Search","QL-007","ES-006","Find the least number greater than 168 that leaves remainder 1 on division by 3.","169","Check numbers satisfying the remainder condition near the bound.

Answer:

169","3","1","","","168",""
"NS-REM-002:CP-002:NS-REM-002-HUMAN-REVIEW-500:CP-002:460","CP-002","Hard","Bounded Search","QL-008","ES-006","Which is the smallest number above 6371 that gives remainder 49 when divided by 75?","6424","Check numbers satisfying the remainder condition near the bound.

Answer:

6424","75","49","","","6371",""
"NS-REM-002:CP-002:NS-REM-002-HUMAN-REVIEW-500:CP-002:461","CP-002","Medium","Bounded Search","QL-006","ES-005","A number leaves remainder 2 when divided by 15. Find the smallest such number greater than 1501.","1502","Use the remainder condition and the given bound.

The required number is:

1502","15","2","","","1501",""
"NS-REM-002:CP-002:NS-REM-002-HUMAN-REVIEW-500:CP-002:462","CP-002","Medium","Bounded Search","QL-007","ES-006","Find the least number greater than 324 that leaves remainder 0 on division by 7.","329","Check numbers satisfying the remainder condition near the bound.

Answer:

329","7","0","","","324",""
"NS-REM-002:CP-002:NS-REM-002-HUMAN-REVIEW-500:CP-002:463","CP-002","Medium","Bounded Search","QL-006","ES-005","A number leaves remainder 25 when divided by 26. Find the smallest such number greater than 1206.","1221","Use the remainder condition and the given bound.

The required number is:

1221","26","25","","","1206",""
"NS-REM-002:CP-002:NS-REM-002-HUMAN-REVIEW-500:CP-002:464","CP-002","Medium","Bounded Search","QL-008","ES-006","Which is the smallest number above 749 that gives remainder 0 when divided by 8?","752","Check numbers satisfying the remainder condition near the bound.

Answer:

752","8","0","","","749",""
"NS-REM-002:CP-002:NS-REM-002-HUMAN-REVIEW-500:CP-002:465","CP-002","Hard","Bounded Search","QL-006","ES-006","A number leaves remainder 51 when divided by 70. Find the smallest such number greater than 5696.","5721","Check numbers satisfying the remainder condition near the bound.

Answer:

5721","70","51","","","5696",""
"NS-REM-002:CP-002:NS-REM-002-HUMAN-REVIEW-500:CP-002:466","CP-002","Easy","Bounded Search","QL-008","ES-005","Which is the smallest number above 181 that gives remainder 10 when divided by 17?","197","Use the remainder condition and the given bound.

The required number is:

197","17","10","","","181",""
"NS-REM-002:CP-002:NS-REM-002-HUMAN-REVIEW-500:CP-002:467","CP-002","Hard","Bounded Search","QL-008","ES-005","Which is the smallest number above 1409 that gives remainder 17 when divided by 42?","1445","Use the remainder condition and the given bound.

The required number is:

1445","42","17","","","1409",""
"NS-REM-002:CP-002:NS-REM-002-HUMAN-REVIEW-500:CP-002:468","CP-002","Easy","Bounded Search","QL-006","ES-005","A number leaves remainder 2 when divided by 6. Find the smallest such number greater than 179.","182","Use the remainder condition and the given bound.

The required number is:

182","6","2","","","179",""
"NS-REM-002:CP-002:NS-REM-002-HUMAN-REVIEW-500:CP-002:469","CP-002","Easy","Bounded Search","QL-006","ES-005","A number leaves remainder 4 when divided by 7. Find the smallest such number greater than 119.","123","Use the remainder condition and the given bound.

The required number is:

123","7","4","","","119",""
"NS-REM-002:CP-002:NS-REM-002-HUMAN-REVIEW-500:CP-002:470","CP-002","Easy","Bounded Search","QL-008","ES-005","Which is the smallest number above 173 that gives remainder 2 when divided by 3?","176","Use the remainder condition and the given bound.

The required number is:

176","3","2","","","173",""
"NS-REM-002:CP-002:NS-REM-002-HUMAN-REVIEW-500:CP-002:471","CP-002","Medium","Bounded Search","QL-007","ES-006","Find the least number greater than 1028 that leaves remainder 20 on division by 26.","1034","Check numbers satisfying the remainder condition near the bound.

Answer:

1034","26","20","","","1028",""
"NS-REM-002:CP-002:NS-REM-002-HUMAN-REVIEW-500:CP-002:472","CP-002","Easy","Bounded Search","QL-006","ES-005","A number leaves remainder 2 when divided by 3. Find the smallest such number greater than 14.","17","Use the remainder condition and the given bound.

The required number is:

17","3","2","","","14",""
"NS-REM-002:CP-002:NS-REM-002-HUMAN-REVIEW-500:CP-002:473","CP-002","Easy","Bounded Search","QL-008","ES-006","Which is the smallest number above 155 that gives remainder 0 when divided by 4?","156","Check numbers satisfying the remainder condition near the bound.

Answer:

156","4","0","","","155",""
"NS-REM-002:CP-002:NS-REM-002-HUMAN-REVIEW-500:CP-002:474","CP-002","Medium","Bounded Search","QL-008","ES-005","Which is the smallest number above 123 that gives remainder 33 when divided by 48?","129","Use the remainder condition and the given bound.

The required number is:

129","48","33","","","123",""
"NS-REM-002:CP-002:NS-REM-002-HUMAN-REVIEW-500:CP-002:475","CP-002","Hard","Bounded Search","QL-008","ES-005","Which is the smallest number above 2087 that gives remainder 28 when divided by 30?","2098","Use the remainder condition and the given bound.

The required number is:

2098","30","28","","","2087",""
"NS-REM-002:CP-002:NS-REM-002-HUMAN-REVIEW-500:CP-002:476","CP-002","Easy","Bounded Search","QL-007","ES-006","Find the least number greater than 51 that leaves remainder 9 on division by 15.","54","Check numbers satisfying the remainder condition near the bound.

Answer:

54","15","9","","","51",""
"NS-REM-002:CP-002:NS-REM-002-HUMAN-REVIEW-500:CP-002:477","CP-002","Hard","Bounded Search","QL-007","ES-005","Find the least number greater than 3445 that leaves remainder 8 on division by 16.","3448","Use the remainder condition and the given bound.

The required number is:

3448","16","8","","","3445",""
"NS-REM-002:CP-002:NS-REM-002-HUMAN-REVIEW-500:CP-002:478","CP-002","Hard","Bounded Search","QL-008","ES-006","Which is the smallest number above 9848 that gives remainder 5 when divided by 8?","9853","Check numbers satisfying the remainder condition near the bound.

Answer:

9853","8","5","","","9848",""
"NS-REM-002:CP-002:NS-REM-002-HUMAN-REVIEW-500:CP-002:479","CP-002","Hard","Bounded Search","QL-008","ES-005","Which is the smallest number above 9933 that gives remainder 11 when divided by 85?","9956","Use the remainder condition and the given bound.

The required number is:

9956","85","11","","","9933",""
"NS-REM-002:CP-002:NS-REM-002-HUMAN-REVIEW-500:CP-002:480","CP-002","Easy","Bounded Search","QL-008","ES-005","Which is the smallest number above 33 that gives remainder 15 when divided by 17?","49","Use the remainder condition and the given bound.

The required number is:

49","17","15","","","33",""
"NS-REM-002:CP-002:NS-REM-002-HUMAN-REVIEW-500:CP-002:481","CP-002","Hard","Bounded Search","QL-007","ES-005","Find the least number greater than 1252 that leaves remainder 8 on division by 51.","1283","Use the remainder condition and the given bound.

The required number is:

1283","51","8","","","1252",""
"NS-REM-002:CP-002:NS-REM-002-HUMAN-REVIEW-500:CP-002:482","CP-002","Easy","Bounded Search","QL-007","ES-005","Find the least number greater than 92 that leaves remainder 4 on division by 6.","94","Use the remainder condition and the given bound.

The required number is:

94","6","4","","","92",""
"NS-REM-002:CP-002:NS-REM-002-HUMAN-REVIEW-500:CP-002:483","CP-002","Medium","Bounded Search","QL-008","ES-005","Which is the smallest number above 1796 that gives remainder 3 when divided by 31?","1801","Use the remainder condition and the given bound.

The required number is:

1801","31","3","","","1796",""
"NS-REM-002:CP-002:NS-REM-002-HUMAN-REVIEW-500:CP-002:484","CP-002","Easy","Bounded Search","QL-006","ES-006","A number leaves remainder 2 when divided by 6. Find the smallest such number greater than 151.","152","Check numbers satisfying the remainder condition near the bound.

Answer:

152","6","2","","","151",""
"NS-REM-002:CP-002:NS-REM-002-HUMAN-REVIEW-500:CP-002:485","CP-002","Medium","Bounded Search","QL-006","ES-005","A number leaves remainder 1 when divided by 37. Find the smallest such number greater than 1957.","1962","Use the remainder condition and the given bound.

The required number is:

1962","37","1","","","1957",""
"NS-REM-002:CP-002:NS-REM-002-HUMAN-REVIEW-500:CP-002:486","CP-002","Easy","Bounded Search","QL-008","ES-006","Which is the smallest number above 29 that gives remainder 0 when divided by 20?","40","Check numbers satisfying the remainder condition near the bound.

Answer:

40","20","0","","","29",""
"NS-REM-002:CP-002:NS-REM-002-HUMAN-REVIEW-500:CP-002:487","CP-002","Hard","Bounded Search","QL-008","ES-006","Which is the smallest number above 3239 that gives remainder 35 when divided by 70?","3255","Check numbers satisfying the remainder condition near the bound.

Answer:

3255","70","35","","","3239",""
"NS-REM-002:CP-002:NS-REM-002-HUMAN-REVIEW-500:CP-002:488","CP-002","Medium","Bounded Search","QL-006","ES-006","A number leaves remainder 2 when divided by 48. Find the smallest such number greater than 472.","482","Check numbers satisfying the remainder condition near the bound.

Answer:

482","48","2","","","472",""
"NS-REM-002:CP-002:NS-REM-002-HUMAN-REVIEW-500:CP-002:489","CP-002","Hard","Bounded Search","QL-006","ES-005","A number leaves remainder 2 when divided by 17. Find the smallest such number greater than 8182.","8196","Use the remainder condition and the given bound.

The required number is:

8196","17","2","","","8182",""
"NS-REM-002:CP-002:NS-REM-002-HUMAN-REVIEW-500:CP-002:490","CP-002","Medium","Bounded Search","QL-007","ES-006","Find the least number greater than 1783 that leaves remainder 3 on division by 8.","1787","Check numbers satisfying the remainder condition near the bound.

Answer:

1787","8","3","","","1783",""
"NS-REM-002:CP-002:NS-REM-002-HUMAN-REVIEW-500:CP-002:491","CP-002","Hard","Bounded Search","QL-008","ES-005","Which is the smallest number above 9081 that gives remainder 3 when divided by 35?","9103","Use the remainder condition and the given bound.

The required number is:

9103","35","3","","","9081",""
"NS-REM-002:CP-002:NS-REM-002-HUMAN-REVIEW-500:CP-002:492","CP-002","Medium","Bounded Search","QL-007","ES-006","Find the least number greater than 1357 that leaves remainder 33 on division by 50.","1383","Check numbers satisfying the remainder condition near the bound.

Answer:

1383","50","33","","","1357",""
"NS-REM-002:CP-002:NS-REM-002-HUMAN-REVIEW-500:CP-002:493","CP-002","Hard","Bounded Search","QL-007","ES-005","Find the least number greater than 1031 that leaves remainder 22 on division by 82.","1088","Use the remainder condition and the given bound.

The required number is:

1088","82","22","","","1031",""
"NS-REM-002:CP-002:NS-REM-002-HUMAN-REVIEW-500:CP-002:494","CP-002","Medium","Bounded Search","QL-006","ES-005","A number leaves remainder 0 when divided by 3. Find the smallest such number greater than 1455.","1458","Use the remainder condition and the given bound.

The required number is:

1458","3","0","","","1455",""
"NS-REM-002:CP-002:NS-REM-002-HUMAN-REVIEW-500:CP-002:495","CP-002","Easy","Bounded Search","QL-007","ES-006","Find the least number greater than 149 that leaves remainder 4 on division by 19.","156","Check numbers satisfying the remainder condition near the bound.

Answer:

156","19","4","","","149",""
"NS-REM-002:CP-002:NS-REM-002-HUMAN-REVIEW-500:CP-002:496","CP-002","Hard","Bounded Search","QL-006","ES-006","A number leaves remainder 5 when divided by 84. Find the smallest such number greater than 1170.","1181","Check numbers satisfying the remainder condition near the bound.

Answer:

1181","84","5","","","1170",""
"NS-REM-002:CP-002:NS-REM-002-HUMAN-REVIEW-500:CP-002:497","CP-002","Medium","Bounded Search","QL-008","ES-006","Which is the smallest number above 472 that gives remainder 0 when divided by 5?","475","Check numbers satisfying the remainder condition near the bound.

Answer:

475","5","0","","","472",""
"NS-REM-002:CP-002:NS-REM-002-HUMAN-REVIEW-500:CP-002:498","CP-002","Easy","Bounded Search","QL-007","ES-005","Find the least number greater than 73 that leaves remainder 11 on division by 16.","75","Use the remainder condition and the given bound.

The required number is:

75","16","11","","","73",""
"NS-REM-002:CP-002:NS-REM-002-HUMAN-REVIEW-500:CP-002:499","CP-002","Easy","Bounded Search","QL-006","ES-005","A number leaves remainder 4 when divided by 8. Find the smallest such number greater than 105.","108","Use the remainder condition and the given bound.

The required number is:

108","8","4","","","105",""
