"Question ID","Canonical Problem","Difficulty","Topology","Question Language ID","Explanation Style ID","Question","Answer","Explanation","Divisor","Remainder","Quotient","Dividend","Lower Bound","Upper Bound"
"NS-REM-002:CP-005:NS-REM-002-HUMAN-REVIEW-500:CP-005:0","CP-005","Medium","Range Summation","QL-017","ES-009","What is the sum of numbers between 909 and 4103 whose remainder is 4 when divided by 39?","206599","Find the valid numbers in the range.

They form an arithmetic sequence.

Sum the terms.

Answer:

206599","39","4","","","909","4103"
"NS-REM-002:CP-005:NS-REM-002-HUMAN-REVIEW-500:CP-005:1","CP-005","Medium","Range Summation","QL-017","ES-010","What is the sum of numbers between 268 and 6382 whose remainder is 4 when divided by 40?","508572","Use the first term, last term, and number of terms.

Required sum:

508572","40","4","","","268","6382"
"NS-REM-002:CP-005:NS-REM-002-HUMAN-REVIEW-500:CP-005:2","CP-005","Medium","Range Summation","QL-017","ES-009","What is the sum of numbers between 724 and 7919 whose remainder is 13 when divided by 20?","1556280","Find the valid numbers in the range.

They form an arithmetic sequence.

Sum the terms.

Answer:

1556280","20","13","","","724","7919"
"NS-REM-002:CP-005:NS-REM-002-HUMAN-REVIEW-500:CP-005:3","CP-005","Hard","Range Summation","QL-016","ES-009","Add all integers from 9563 to 27762 that give remainder 8 on division by 11.","30888920","Find the valid numbers in the range.

They form an arithmetic sequence.

Sum the terms.

Answer:

30888920","11","8","","","9563","27762"
"NS-REM-002:CP-005:NS-REM-002-HUMAN-REVIEW-500:CP-005:4","CP-005","Medium","Range Summation","QL-015","ES-009","Find the sum of all numbers between 1013 and 1022 that leave remainder 0 when divided by 9.","1017","Find the valid numbers in the range.

They form an arithmetic sequence.

Sum the terms.

Answer:

1017","9","0","","","1013","1022"
"NS-REM-002:CP-005:NS-REM-002-HUMAN-REVIEW-500:CP-005:5","CP-005","Easy","Range Summation","QL-016","ES-009","Add all integers from 198 to 209 that give remainder 8 on division by 11.","206","Find the valid numbers in the range.

They form an arithmetic sequence.

Sum the terms.

Answer:

206","11","8","","","198","209"
"NS-REM-002:CP-005:NS-REM-002-HUMAN-REVIEW-500:CP-005:6","CP-005","Medium","Range Summation","QL-016","ES-009","Add all integers from 1681 to 4694 that give remainder 7 on division by 17.","563922","Find the valid numbers in the range.

They form an arithmetic sequence.

Sum the terms.

Answer:

563922","17","7","","","1681","4694"
"NS-REM-002:CP-005:NS-REM-002-HUMAN-REVIEW-500:CP-005:7","CP-005","Easy","Range Summation","QL-016","ES-010","Add all integers from 67 to 157 that give remainder 0 on division by 14.","784","Use the first term, last term, and number of terms.

Required sum:

784","14","0","","","67","157"
"NS-REM-002:CP-005:NS-REM-002-HUMAN-REVIEW-500:CP-005:8","CP-005","Medium","Range Summation","QL-015","ES-010","Find the sum of all numbers between 1581 and 1886 that leave remainder 11 when divided by 44.","12089","Use the first term, last term, and number of terms.

Required sum:

12089","44","11","","","1581","1886"
"NS-REM-002:CP-005:NS-REM-002-HUMAN-REVIEW-500:CP-005:9","CP-005","Easy","Range Summation","QL-017","ES-009","What is the sum of numbers between 179 and 223 whose remainder is 6 when divided by 11?","794","Find the valid numbers in the range.

They form an arithmetic sequence.

Sum the terms.

Answer:

794","11","6","","","179","223"
"NS-REM-002:CP-005:NS-REM-002-HUMAN-REVIEW-500:CP-005:10","CP-005","Easy","Range Summation","QL-016","ES-010","Add all integers from 156 to 204 that give remainder 0 on division by 10.","900","Use the first term, last term, and number of terms.

Required sum:

900","10","0","","","156","204"
"NS-REM-002:CP-005:NS-REM-002-HUMAN-REVIEW-500:CP-005:11","CP-005","Easy","Range Summation","QL-016","ES-010","Add all integers from 143 to 212 that give remainder 1 on division by 18.","688","Use the first term, last term, and number of terms.

Required sum:

688","18","1","","","143","212"
"NS-REM-002:CP-005:NS-REM-002-HUMAN-REVIEW-500:CP-005:12","CP-005","Hard","Range Summation","QL-015","ES-010","Find the sum of all numbers between 3877 and 17838 that leave remainder 0 when divided by 49.","3100230","Use the first term, last term, and number of terms.

Required sum:

3100230","49","0","","","3877","17838"
"NS-REM-002:CP-005:NS-REM-002-HUMAN-REVIEW-500:CP-005:13","CP-005","Medium","Range Summation","QL-017","ES-009","What is the sum of numbers between 1525 and 8082 whose remainder is 1 when divided by 10?","3152736","Find the valid numbers in the range.

They form an arithmetic sequence.

Sum the terms.

Answer:

3152736","10","1","","","1525","8082"
"NS-REM-002:CP-005:NS-REM-002-HUMAN-REVIEW-500:CP-005:14","CP-005","Easy","Range Summation","QL-017","ES-009","What is the sum of numbers between 114 and 364 whose remainder is 9 when divided by 13?","4617","Find the valid numbers in the range.

They form an arithmetic sequence.

Sum the terms.

Answer:

4617","13","9","","","114","364"
"NS-REM-002:CP-005:NS-REM-002-HUMAN-REVIEW-500:CP-005:15","CP-005","Easy","Range Summation","QL-016","ES-010","Add all integers from 41 to 413 that give remainder 1 on division by 8.","10575","Use the first term, last term, and number of terms.

Required sum:

10575","8","1","","","41","413"
"NS-REM-002:CP-005:NS-REM-002-HUMAN-REVIEW-500:CP-005:16","CP-005","Medium","Range Summation","QL-017","ES-009","What is the sum of numbers between 1042 and 2388 whose remainder is 0 when divided by 10?","229810","Find the valid numbers in the range.

They form an arithmetic sequence.

Sum the terms.

Answer:

229810","10","0","","","1042","2388"
"NS-REM-002:CP-005:NS-REM-002-HUMAN-REVIEW-500:CP-005:17","CP-005","Medium","Range Summation","QL-015","ES-009","Find the sum of all numbers between 363 and 7749 that leave remainder 13 when divided by 15.","1995306","Find the valid numbers in the range.

They form an arithmetic sequence.

Sum the terms.

Answer:

1995306","15","13","","","363","7749"
"NS-REM-002:CP-005:NS-REM-002-HUMAN-REVIEW-500:CP-005:18","CP-005","Easy","Range Summation","QL-015","ES-010","Find the sum of all numbers between 104 and 492 that leave remainder 1 when divided by 15.","7631","Use the first term, last term, and number of terms.

Required sum:

7631","15","1","","","104","492"
"NS-REM-002:CP-005:NS-REM-002-HUMAN-REVIEW-500:CP-005:19","CP-005","Medium","Range Summation","QL-016","ES-009","Add all integers from 1319 to 9214 that give remainder 3 on division by 10.","4161720","Find the valid numbers in the range.

They form an arithmetic sequence.

Sum the terms.

Answer:

4161720","10","3","","","1319","9214"
"NS-REM-002:CP-005:NS-REM-002-HUMAN-REVIEW-500:CP-005:20","CP-005","Medium","Range Summation","QL-016","ES-009","Add all integers from 670 to 5340 that give remainder 1 on division by 6.","2337112","Find the valid numbers in the range.

They form an arithmetic sequence.

Sum the terms.

Answer:

2337112","6","1","","","670","5340"
"NS-REM-002:CP-005:NS-REM-002-HUMAN-REVIEW-500:CP-005:21","CP-005","Hard","Range Summation","QL-016","ES-009","Add all integers from 3506 to 9084 that give remainder 0 on division by 18.","1950210","Find the valid numbers in the range.

They form an arithmetic sequence.

Sum the terms.

Answer:

1950210","18","0","","","3506","9084"
"NS-REM-002:CP-005:NS-REM-002-HUMAN-REVIEW-500:CP-005:22","CP-005","Easy","Range Summation","QL-015","ES-010","Find the sum of all numbers between 110 and 415 that leave remainder 1 when divided by 2.","40239","Use the first term, last term, and number of terms.

Required sum:

40239","2","1","","","110","415"
"NS-REM-002:CP-005:NS-REM-002-HUMAN-REVIEW-500:CP-005:23","CP-005","Easy","Range Summation","QL-016","ES-010","Add all integers from 186 to 260 that give remainder 1 on division by 13.","1110","Use the first term, last term, and number of terms.

Required sum:

1110","13","1","","","186","260"
"NS-REM-002:CP-005:NS-REM-002-HUMAN-REVIEW-500:CP-005:24","CP-005","Medium","Range Summation","QL-017","ES-009","What is the sum of numbers between 1293 and 2861 whose remainder is 7 when divided by 18?","180699","Find the valid numbers in the range.

They form an arithmetic sequence.

Sum the terms.

Answer:

180699","18","7","","","1293","2861"
"NS-REM-002:CP-005:NS-REM-002-HUMAN-REVIEW-500:CP-005:25","CP-005","Easy","Range Summation","QL-016","ES-010","Add all integers from 129 to 136 that give remainder 5 on division by 7.","131","Use the first term, last term, and number of terms.

Required sum:

131","7","5","","","129","136"
"NS-REM-002:CP-005:NS-REM-002-HUMAN-REVIEW-500:CP-005:26","CP-005","Medium","Range Summation","QL-017","ES-009","What is the sum of numbers between 1640 and 8015 whose remainder is 8 when divided by 19?","1621032","Find the valid numbers in the range.

They form an arithmetic sequence.

Sum the terms.

Answer:

1621032","19","8","","","1640","8015"
"NS-REM-002:CP-005:NS-REM-002-HUMAN-REVIEW-500:CP-005:27","CP-005","Easy","Range Summation","QL-017","ES-009","What is the sum of numbers between 45 and 423 whose remainder is 6 when divided by 7?","12609","Find the valid numbers in the range.

They form an arithmetic sequence.

Sum the terms.

Answer:

12609","7","6","","","45","423"
"NS-REM-002:CP-005:NS-REM-002-HUMAN-REVIEW-500:CP-005:28","CP-005","Medium","Range Summation","QL-017","ES-010","What is the sum of numbers between 689 and 9764 whose remainder is 1 when divided by 11?","4311450","Use the first term, last term, and number of terms.

Required sum:

4311450","11","1","","","689","9764"
"NS-REM-002:CP-005:NS-REM-002-HUMAN-REVIEW-500:CP-005:29","CP-005","Hard","Range Summation","QL-016","ES-010","Add all integers from 9389 to 12374 that give remainder 4 on division by 39.","838145","Use the first term, last term, and number of terms.

Required sum:

838145","39","4","","","9389","12374"
"NS-REM-002:CP-005:NS-REM-002-HUMAN-REVIEW-500:CP-005:30","CP-005","Easy","Range Summation","QL-017","ES-010","What is the sum of numbers between 198 and 226 whose remainder is 2 when divided by 9?","627","Use the first term, last term, and number of terms.

Required sum:

627","9","2","","","198","226"
"NS-REM-002:CP-005:NS-REM-002-HUMAN-REVIEW-500:CP-005:31","CP-005","Easy","Range Summation","QL-017","ES-009","What is the sum of numbers between 13 and 282 whose remainder is 1 when divided by 2?","19845","Find the valid numbers in the range.

They form an arithmetic sequence.

Sum the terms.

Answer:

19845","2","1","","","13","282"
"NS-REM-002:CP-005:NS-REM-002-HUMAN-REVIEW-500:CP-005:32","CP-005","Easy","Range Summation","QL-016","ES-009","Add all integers from 139 to 393 that give remainder 2 on division by 12.","5586","Find the valid numbers in the range.

They form an arithmetic sequence.

Sum the terms.

Answer:

5586","12","2","","","139","393"
"NS-REM-002:CP-005:NS-REM-002-HUMAN-REVIEW-500:CP-005:33","CP-005","Medium","Range Summation","QL-016","ES-009","Add all integers from 851 to 4831 that give remainder 29 on division by 44.","258895","Find the valid numbers in the range.

They form an arithmetic sequence.

Sum the terms.

Answer:

258895","44","29","","","851","4831"
"NS-REM-002:CP-005:NS-REM-002-HUMAN-REVIEW-500:CP-005:34","CP-005","Easy","Range Summation","QL-016","ES-010","Add all integers from 101 to 461 that give remainder 10 on division by 14.","7358","Use the first term, last term, and number of terms.

Required sum:

7358","14","10","","","101","461"
"NS-REM-002:CP-005:NS-REM-002-HUMAN-REVIEW-500:CP-005:35","CP-005","Easy","Range Summation","QL-016","ES-010","Add all integers from 23 to 455 that give remainder 7 on division by 8.","13145","Use the first term, last term, and number of terms.

Required sum:

13145","8","7","","","23","455"
"NS-REM-002:CP-005:NS-REM-002-HUMAN-REVIEW-500:CP-005:36","CP-005","Medium","Range Summation","QL-017","ES-010","What is the sum of numbers between 1681 and 7687 whose remainder is 2 when divided by 9?","3122894","Use the first term, last term, and number of terms.

Required sum:

3122894","9","2","","","1681","7687"
"NS-REM-002:CP-005:NS-REM-002-HUMAN-REVIEW-500:CP-005:37","CP-005","Medium","Range Summation","QL-017","ES-010","What is the sum of numbers between 1224 and 4759 whose remainder is 1 when divided by 50?","213071","Use the first term, last term, and number of terms.

Required sum:

213071","50","1","","","1224","4759"
"NS-REM-002:CP-005:NS-REM-002-HUMAN-REVIEW-500:CP-005:38","CP-005","Easy","Range Summation","QL-016","ES-009","Add all integers from 110 to 338 that give remainder 0 on division by 6.","8550","Find the valid numbers in the range.

They form an arithmetic sequence.

Sum the terms.

Answer:

8550","6","0","","","110","338"
"NS-REM-002:CP-005:NS-REM-002-HUMAN-REVIEW-500:CP-005:39","CP-005","Hard","Range Summation","QL-015","ES-009","Find the sum of all numbers between 2596 and 7850 that leave remainder 12 when divided by 27.","1018485","Find the valid numbers in the range.

They form an arithmetic sequence.

Sum the terms.

Answer:

1018485","27","12","","","2596","7850"
"NS-REM-002:CP-005:NS-REM-002-HUMAN-REVIEW-500:CP-005:40","CP-005","Easy","Range Summation","QL-017","ES-009","What is the sum of numbers between 16 and 331 whose remainder is 3 when divided by 13?","4300","Find the valid numbers in the range.

They form an arithmetic sequence.

Sum the terms.

Answer:

4300","13","3","","","16","331"
"NS-REM-002:CP-005:NS-REM-002-HUMAN-REVIEW-500:CP-005:41","CP-005","Easy","Range Summation","QL-016","ES-009","Add all integers from 200 to 214 that give remainder 12 on division by 14.","208","Find the valid numbers in the range.

They form an arithmetic sequence.

Sum the terms.

Answer:

208","14","12","","","200","214"
"NS-REM-002:CP-005:NS-REM-002-HUMAN-REVIEW-500:CP-005:42","CP-005","Medium","Range Summation","QL-015","ES-009","Find the sum of all numbers between 1267 and 9252 that leave remainder 1 when divided by 12.","3495905","Find the valid numbers in the range.

They form an arithmetic sequence.

Sum the terms.

Answer:

3495905","12","1","","","1267","9252"
"NS-REM-002:CP-005:NS-REM-002-HUMAN-REVIEW-500:CP-005:43","CP-005","Easy","Range Summation","QL-015","ES-009","Find the sum of all numbers between 90 and 361 that leave remainder 3 when divided by 17.","3720","Find the valid numbers in the range.

They form an arithmetic sequence.

Sum the terms.

Answer:

3720","17","3","","","90","361"
"NS-REM-002:CP-005:NS-REM-002-HUMAN-REVIEW-500:CP-005:44","CP-005","Medium","Range Summation","QL-017","ES-010","What is the sum of numbers between 1535 and 1578 whose remainder is 27 when divided by 43?","1575","Use the first term, last term, and number of terms.

Required sum:

1575","43","27","","","1535","1578"
"NS-REM-002:CP-005:NS-REM-002-HUMAN-REVIEW-500:CP-005:45","CP-005","Easy","Range Summation","QL-017","ES-010","What is the sum of numbers between 131 and 256 whose remainder is 0 when divided by 8?","3136","Use the first term, last term, and number of terms.

Required sum:

3136","8","0","","","131","256"
"NS-REM-002:CP-005:NS-REM-002-HUMAN-REVIEW-500:CP-005:46","CP-005","Medium","Range Summation","QL-016","ES-010","Add all integers from 681 to 8443 that give remainder 11 on division by 22.","1611445","Use the first term, last term, and number of terms.

Required sum:

1611445","22","11","","","681","8443"
"NS-REM-002:CP-005:NS-REM-002-HUMAN-REVIEW-500:CP-005:47","CP-005","Easy","Range Summation","QL-017","ES-010","What is the sum of numbers between 154 and 335 whose remainder is 6 when divided by 20?","2214","Use the first term, last term, and number of terms.

Required sum:

2214","20","6","","","154","335"
"NS-REM-002:CP-005:NS-REM-002-HUMAN-REVIEW-500:CP-005:48","CP-005","Medium","Range Summation","QL-015","ES-010","Find the sum of all numbers between 1534 and 4550 that leave remainder 19 when divided by 27.","337773","Use the first term, last term, and number of terms.

Required sum:

337773","27","19","","","1534","4550"
"NS-REM-002:CP-005:NS-REM-002-HUMAN-REVIEW-500:CP-005:49","CP-005","Medium","Range Summation","QL-016","ES-010","Add all integers from 214 to 1969 that give remainder 20 on division by 28.","68292","Use the first term, last term, and number of terms.

Required sum:

68292","28","20","","","214","1969"
"NS-REM-002:CP-005:NS-REM-002-HUMAN-REVIEW-500:CP-005:50","CP-005","Easy","Range Summation","QL-016","ES-009","Add all integers from 141 to 207 that give remainder 8 on division by 18.","716","Find the valid numbers in the range.

They form an arithmetic sequence.

Sum the terms.

Answer:

716","18","8","","","141","207"
"NS-REM-002:CP-005:NS-REM-002-HUMAN-REVIEW-500:CP-005:51","CP-005","Medium","Range Summation","QL-017","ES-010","What is the sum of numbers between 946 and 987 whose remainder is 11 when divided by 41?","954","Use the first term, last term, and number of terms.

Required sum:

954","41","11","","","946","987"
"NS-REM-002:CP-005:NS-REM-002-HUMAN-REVIEW-500:CP-005:52","CP-005","Easy","Range Summation","QL-017","ES-010","What is the sum of numbers between 101 and 130 whose remainder is 8 when divided by 12?","348","Use the first term, last term, and number of terms.

Required sum:

348","12","8","","","101","130"
"NS-REM-002:CP-005:NS-REM-002-HUMAN-REVIEW-500:CP-005:53","CP-005","Easy","Range Summation","QL-016","ES-009","Add all integers from 200 to 244 that give remainder 5 on division by 17.","678","Find the valid numbers in the range.

They form an arithmetic sequence.

Sum the terms.

Answer:

678","17","5","","","200","244"
"NS-REM-002:CP-005:NS-REM-002-HUMAN-REVIEW-500:CP-005:54","CP-005","Medium","Range Summation","QL-017","ES-010","What is the sum of numbers between 682 and 9045 whose remainder is 6 when divided by 18?","2262690","Use the first term, last term, and number of terms.

Required sum:

2262690","18","6","","","682","9045"
"NS-REM-002:CP-005:NS-REM-002-HUMAN-REVIEW-500:CP-005:55","CP-005","Medium","Range Summation","QL-015","ES-010","Find the sum of all numbers between 299 and 886 that leave remainder 20 when divided by 29.","11710","Use the first term, last term, and number of terms.

Required sum:

11710","29","20","","","299","886"
"NS-REM-002:CP-005:NS-REM-002-HUMAN-REVIEW-500:CP-005:56","CP-005","Easy","Range Summation","QL-015","ES-010","Find the sum of all numbers between 198 and 418 that leave remainder 4 when divided by 18.","4030","Use the first term, last term, and number of terms.

Required sum:

4030","18","4","","","198","418"
"NS-REM-002:CP-005:NS-REM-002-HUMAN-REVIEW-500:CP-005:57","CP-005","Easy","Range Summation","QL-017","ES-009","What is the sum of numbers between 166 and 173 whose remainder is 3 when divided by 7?","171","Find the valid numbers in the range.

They form an arithmetic sequence.

Sum the terms.

Answer:

171","7","3","","","166","173"
"NS-REM-002:CP-005:NS-REM-002-HUMAN-REVIEW-500:CP-005:58","CP-005","Easy","Range Summation","QL-015","ES-010","Find the sum of all numbers between 54 and 393 that leave remainder 2 when divided by 12.","6272","Use the first term, last term, and number of terms.

Required sum:

6272","12","2","","","54","393"
"NS-REM-002:CP-005:NS-REM-002-HUMAN-REVIEW-500:CP-005:59","CP-005","Medium","Range Summation","QL-015","ES-010","Find the sum of all numbers between 170 and 9420 that leave remainder 1 when divided by 4.","11086040","Use the first term, last term, and number of terms.

Required sum:

11086040","4","1","","","170","9420"
"NS-REM-002:CP-005:NS-REM-002-HUMAN-REVIEW-500:CP-005:60","CP-005","Hard","Range Summation","QL-016","ES-010","Add all integers from 6875 to 48399 that give remainder 9 on division by 33.","34779297","Use the first term, last term, and number of terms.

Required sum:

34779297","33","9","","","6875","48399"
"NS-REM-002:CP-005:NS-REM-002-HUMAN-REVIEW-500:CP-005:61","CP-005","Easy","Range Summation","QL-016","ES-009","Add all integers from 181 to 261 that give remainder 18 on division by 20.","912","Find the valid numbers in the range.

They form an arithmetic sequence.

Sum the terms.

Answer:

912","20","18","","","181","261"
"NS-REM-002:CP-005:NS-REM-002-HUMAN-REVIEW-500:CP-005:62","CP-005","Medium","Range Summation","QL-016","ES-009","Add all integers from 568 to 6238 that give remainder 23 on division by 40.","483226","Find the valid numbers in the range.

They form an arithmetic sequence.

Sum the terms.

Answer:

483226","40","23","","","568","6238"
"NS-REM-002:CP-005:NS-REM-002-HUMAN-REVIEW-500:CP-005:63","CP-005","Easy","Range Summation","QL-017","ES-009","What is the sum of numbers between 109 and 160 whose remainder is 16 when divided by 18?","426","Find the valid numbers in the range.

They form an arithmetic sequence.

Sum the terms.

Answer:

426","18","16","","","109","160"
"NS-REM-002:CP-005:NS-REM-002-HUMAN-REVIEW-500:CP-005:64","CP-005","Easy","Range Summation","QL-017","ES-009","What is the sum of numbers between 73 and 282 whose remainder is 5 when divided by 16?","2353","Find the valid numbers in the range.

They form an arithmetic sequence.

Sum the terms.

Answer:

2353","16","5","","","73","282"
"NS-REM-002:CP-005:NS-REM-002-HUMAN-REVIEW-500:CP-005:65","CP-005","Hard","Range Summation","QL-016","ES-009","Add all integers from 4015 to 47607 that give remainder 66 on division by 68.","16562158","Find the valid numbers in the range.

They form an arithmetic sequence.

Sum the terms.

Answer:

16562158","68","66","","","4015","47607"
"NS-REM-002:CP-005:NS-REM-002-HUMAN-REVIEW-500:CP-005:66","CP-005","Medium","Range Summation","QL-016","ES-010","Add all integers from 1877 to 3132 that give remainder 9 on division by 35.","90414","Use the first term, last term, and number of terms.

Required sum:

90414","35","9","","","1877","3132"
"NS-REM-002:CP-005:NS-REM-002-HUMAN-REVIEW-500:CP-005:67","CP-005","Medium","Range Summation","QL-016","ES-009","Add all integers from 1958 to 5138 that give remainder 4 on division by 26.","433466","Find the valid numbers in the range.

They form an arithmetic sequence.

Sum the terms.

Answer:

433466","26","4","","","1958","5138"
"NS-REM-002:CP-005:NS-REM-002-HUMAN-REVIEW-500:CP-005:68","CP-005","Hard","Range Summation","QL-017","ES-010","What is the sum of numbers between 1382 and 5112 whose remainder is 45 when divided by 62?","194280","Use the first term, last term, and number of terms.

Required sum:

194280","62","45","","","1382","5112"
"NS-REM-002:CP-005:NS-REM-002-HUMAN-REVIEW-500:CP-005:69","CP-005","Medium","Range Summation","QL-017","ES-010","What is the sum of numbers between 840 and 7669 whose remainder is 8 when divided by 9?","3230304","Use the first term, last term, and number of terms.

Required sum:

3230304","9","8","","","840","7669"
"NS-REM-002:CP-005:NS-REM-002-HUMAN-REVIEW-500:CP-005:70","CP-005","Medium","Range Summation","QL-015","ES-010","Find the sum of all numbers between 322 and 2442 that leave remainder 6 when divided by 43.","67718","Use the first term, last term, and number of terms.

Required sum:

67718","43","6","","","322","2442"
"NS-REM-002:CP-005:NS-REM-002-HUMAN-REVIEW-500:CP-005:71","CP-005","Easy","Range Summation","QL-016","ES-009","Add all integers from 74 to 138 that give remainder 1 on division by 6.","1060","Find the valid numbers in the range.

They form an arithmetic sequence.

Sum the terms.

Answer:

1060","6","1","","","74","138"
"NS-REM-002:CP-005:NS-REM-002-HUMAN-REVIEW-500:CP-005:72","CP-005","Easy","Range Summation","QL-017","ES-010","What is the sum of numbers between 62 and 266 whose remainder is 1 when divided by 3?","11186","Use the first term, last term, and number of terms.

Required sum:

11186","3","1","","","62","266"
"NS-REM-002:CP-005:NS-REM-002-HUMAN-REVIEW-500:CP-005:73","CP-005","Hard","Range Summation","QL-015","ES-010","Find the sum of all numbers between 3149 and 31573 that leave remainder 9 when divided by 24.","20572785","Use the first term, last term, and number of terms.

Required sum:

20572785","24","9","","","3149","31573"
"NS-REM-002:CP-005:NS-REM-002-HUMAN-REVIEW-500:CP-005:74","CP-005","Easy","Range Summation","QL-016","ES-010","Add all integers from 172 to 185 that give remainder 2 on division by 13.","184","Use the first term, last term, and number of terms.

Required sum:

184","13","2","","","172","185"
"NS-REM-002:CP-005:NS-REM-002-HUMAN-REVIEW-500:CP-005:75","CP-005","Hard","Range Summation","QL-017","ES-009","What is the sum of numbers between 9167 and 27392 whose remainder is 5 when divided by 22?","15132528","Find the valid numbers in the range.

They form an arithmetic sequence.

Sum the terms.

Answer:

15132528","22","5","","","9167","27392"
"NS-REM-002:CP-005:NS-REM-002-HUMAN-REVIEW-500:CP-005:76","CP-005","Hard","Range Summation","QL-015","ES-010","Find the sum of all numbers between 3105 and 41830 that leave remainder 4 when divided by 78.","11166596","Use the first term, last term, and number of terms.

Required sum:

11166596","78","4","","","3105","41830"
"NS-REM-002:CP-005:NS-REM-002-HUMAN-REVIEW-500:CP-005:77","CP-005","Medium","Range Summation","QL-015","ES-010","Find the sum of all numbers between 507 and 776 that leave remainder 6 when divided by 11.","16100","Use the first term, last term, and number of terms.

Required sum:

16100","11","6","","","507","776"
"NS-REM-002:CP-005:NS-REM-002-HUMAN-REVIEW-500:CP-005:78","CP-005","Medium","Range Summation","QL-015","ES-010","Find the sum of all numbers between 1010 and 9125 that leave remainder 0 when divided by 31.","1327947","Use the first term, last term, and number of terms.

Required sum:

1327947","31","0","","","1010","9125"
"NS-REM-002:CP-005:NS-REM-002-HUMAN-REVIEW-500:CP-005:79","CP-005","Medium","Range Summation","QL-017","ES-010","What is the sum of numbers between 933 and 1002 whose remainder is 19 when divided by 38?","969","Use the first term, last term, and number of terms.

Required sum:

969","38","19","","","933","1002"
"NS-REM-002:CP-005:NS-REM-002-HUMAN-REVIEW-500:CP-005:80","CP-005","Medium","Range Summation","QL-016","ES-009","Add all integers from 1475 to 3172 that give remainder 5 on division by 18.","217892","Find the valid numbers in the range.

They form an arithmetic sequence.

Sum the terms.

Answer:

217892","18","5","","","1475","3172"
"NS-REM-002:CP-005:NS-REM-002-HUMAN-REVIEW-500:CP-005:81","CP-005","Easy","Range Summation","QL-017","ES-009","What is the sum of numbers between 117 and 184 whose remainder is 4 when divided by 6?","1812","Find the valid numbers in the range.

They form an arithmetic sequence.

Sum the terms.

Answer:

1812","6","4","","","117","184"
"NS-REM-002:CP-005:NS-REM-002-HUMAN-REVIEW-500:CP-005:82","CP-005","Hard","Range Summation","QL-017","ES-010","What is the sum of numbers between 1220 and 34814 whose remainder is 17 when divided by 24?","25205783","Use the first term, last term, and number of terms.

Required sum:

25205783","24","17","","","1220","34814"
"NS-REM-002:CP-005:NS-REM-002-HUMAN-REVIEW-500:CP-005:83","CP-005","Easy","Range Summation","QL-017","ES-009","What is the sum of numbers between 102 and 184 whose remainder is 0 when divided by 17?","680","Find the valid numbers in the range.

They form an arithmetic sequence.

Sum the terms.

Answer:

680","17","0","","","102","184"
"NS-REM-002:CP-005:NS-REM-002-HUMAN-REVIEW-500:CP-005:84","CP-005","Hard","Range Summation","QL-016","ES-009","Add all integers from 3207 to 18582 that give remainder 2 on division by 43.","3903095","Find the valid numbers in the range.

They form an arithmetic sequence.

Sum the terms.

Answer:

3903095","43","2","","","3207","18582"
"NS-REM-002:CP-005:NS-REM-002-HUMAN-REVIEW-500:CP-005:85","CP-005","Medium","Range Summation","QL-017","ES-010","What is the sum of numbers between 1937 and 6066 whose remainder is 28 when divided by 32?","515484","Use the first term, last term, and number of terms.

Required sum:

515484","32","28","","","1937","6066"
"NS-REM-002:CP-005:NS-REM-002-HUMAN-REVIEW-500:CP-005:86","CP-005","Medium","Range Summation","QL-016","ES-009","Add all integers from 1636 to 1815 that give remainder 21 on division by 24.","12075","Find the valid numbers in the range.

They form an arithmetic sequence.

Sum the terms.

Answer:

12075","24","21","","","1636","1815"
"NS-REM-002:CP-005:NS-REM-002-HUMAN-REVIEW-500:CP-005:87","CP-005","Medium","Range Summation","QL-016","ES-009","Add all integers from 239 to 2642 that give remainder 17 on division by 31.","111111","Find the valid numbers in the range.

They form an arithmetic sequence.

Sum the terms.

Answer:

111111","31","17","","","239","2642"
"NS-REM-002:CP-005:NS-REM-002-HUMAN-REVIEW-500:CP-005:88","CP-005","Easy","Range Summation","QL-017","ES-009","What is the sum of numbers between 158 and 297 whose remainder is 0 when divided by 3?","10716","Find the valid numbers in the range.

They form an arithmetic sequence.

Sum the terms.

Answer:

10716","3","0","","","158","297"
"NS-REM-002:CP-005:NS-REM-002-HUMAN-REVIEW-500:CP-005:89","CP-005","Medium","Range Summation","QL-016","ES-010","Add all integers from 1574 to 3202 that give remainder 10 on division by 27.","145546","Use the first term, last term, and number of terms.

Required sum:

145546","27","10","","","1574","3202"
"NS-REM-002:CP-005:NS-REM-002-HUMAN-REVIEW-500:CP-005:90","CP-005","Medium","Range Summation","QL-015","ES-010","Find the sum of all numbers between 731 and 6450 that leave remainder 3 when divided by 13.","1577180","Use the first term, last term, and number of terms.

Required sum:

1577180","13","3","","","731","6450"
"NS-REM-002:CP-005:NS-REM-002-HUMAN-REVIEW-500:CP-005:91","CP-005","Easy","Range Summation","QL-017","ES-010","What is the sum of numbers between 198 and 279 whose remainder is 2 when divided by 3?","6453","Use the first term, last term, and number of terms.

Required sum:

6453","3","2","","","198","279"
"NS-REM-002:CP-005:NS-REM-002-HUMAN-REVIEW-500:CP-005:92","CP-005","Easy","Range Summation","QL-017","ES-009","What is the sum of numbers between 180 and 441 whose remainder is 0 when divided by 4?","20460","Find the valid numbers in the range.

They form an arithmetic sequence.

Sum the terms.

Answer:

20460","4","0","","","180","441"
"NS-REM-002:CP-005:NS-REM-002-HUMAN-REVIEW-500:CP-005:93","CP-005","Easy","Range Summation","QL-016","ES-009","Add all integers from 39 to 91 that give remainder 2 on division by 3.","1105","Find the valid numbers in the range.

They form an arithmetic sequence.

Sum the terms.

Answer:

1105","3","2","","","39","91"
"NS-REM-002:CP-005:NS-REM-002-HUMAN-REVIEW-500:CP-005:94","CP-005","Hard","Range Summation","QL-016","ES-009","Add all integers from 5925 to 11996 that give remainder 1 on division by 3.","18136052","Find the valid numbers in the range.

They form an arithmetic sequence.

Sum the terms.

Answer:

18136052","3","1","","","5925","11996"
"NS-REM-002:CP-005:NS-REM-002-HUMAN-REVIEW-500:CP-005:95","CP-005","Medium","Range Summation","QL-015","ES-009","Find the sum of all numbers between 1727 and 3888 that leave remainder 9 when divided by 35.","171349","Find the valid numbers in the range.

They form an arithmetic sequence.

Sum the terms.

Answer:

171349","35","9","","","1727","3888"
"NS-REM-002:CP-005:NS-REM-002-HUMAN-REVIEW-500:CP-005:96","CP-005","Easy","Range Summation","QL-016","ES-010","Add all integers from 95 to 137 that give remainder 1 on division by 3.","1631","Use the first term, last term, and number of terms.

Required sum:

1631","3","1","","","95","137"
"NS-REM-002:CP-005:NS-REM-002-HUMAN-REVIEW-500:CP-005:97","CP-005","Easy","Range Summation","QL-017","ES-010","What is the sum of numbers between 76 and 233 whose remainder is 1 when divided by 2?","12245","Use the first term, last term, and number of terms.

Required sum:

12245","2","1","","","76","233"
"NS-REM-002:CP-005:NS-REM-002-HUMAN-REVIEW-500:CP-005:98","CP-005","Easy","Range Summation","QL-015","ES-010","Find the sum of all numbers between 161 and 239 that leave remainder 8 when divided by 10.","1624","Use the first term, last term, and number of terms.

Required sum:

1624","10","8","","","161","239"
"NS-REM-002:CP-005:NS-REM-002-HUMAN-REVIEW-500:CP-005:99","CP-005","Hard","Range Summation","QL-016","ES-009","Add all integers from 4685 to 19314 that give remainder 5 on division by 80.","2196915","Find the valid numbers in the range.

They form an arithmetic sequence.

Sum the terms.

Answer:

2196915","80","5","","","4685","19314"
"NS-REM-002:CP-005:NS-REM-002-HUMAN-REVIEW-500:CP-005:100","CP-005","Easy","Range Summation","QL-017","ES-009","What is the sum of numbers between 78 and 312 whose remainder is 12 when divided by 20?","2424","Find the valid numbers in the range.

They form an arithmetic sequence.

Sum the terms.

Answer:

2424","20","12","","","78","312"
"NS-REM-002:CP-005:NS-REM-002-HUMAN-REVIEW-500:CP-005:101","CP-005","Medium","Range Summation","QL-015","ES-010","Find the sum of all numbers between 616 and 9875 that leave remainder 16 when divided by 49.","993951","Use the first term, last term, and number of terms.

Required sum:

993951","49","16","","","616","9875"
"NS-REM-002:CP-005:NS-REM-002-HUMAN-REVIEW-500:CP-005:102","CP-005","Hard","Range Summation","QL-015","ES-009","Find the sum of all numbers between 9649 and 16334 that leave remainder 21 when divided by 27.","3222636","Find the valid numbers in the range.

They form an arithmetic sequence.

Sum the terms.

Answer:

3222636","27","21","","","9649","16334"
"NS-REM-002:CP-005:NS-REM-002-HUMAN-REVIEW-500:CP-005:103","CP-005","Hard","Range Summation","QL-016","ES-009","Add all integers from 9564 to 12987 that give remainder 43 on division by 49.","790195","Find the valid numbers in the range.

They form an arithmetic sequence.

Sum the terms.

Answer:

790195","49","43","","","9564","12987"
"NS-REM-002:CP-005:NS-REM-002-HUMAN-REVIEW-500:CP-005:104","CP-005","Easy","Range Summation","QL-015","ES-009","Find the sum of all numbers between 183 and 289 that leave remainder 0 when divided by 2.","12508","Find the valid numbers in the range.

They form an arithmetic sequence.

Sum the terms.

Answer:

12508","2","0","","","183","289"
"NS-REM-002:CP-005:NS-REM-002-HUMAN-REVIEW-500:CP-005:105","CP-005","Medium","Range Summation","QL-016","ES-009","Add all integers from 1355 to 4528 that give remainder 13 on division by 18.","517088","Find the valid numbers in the range.

They form an arithmetic sequence.

Sum the terms.

Answer:

517088","18","13","","","1355","4528"
"NS-REM-002:CP-005:NS-REM-002-HUMAN-REVIEW-500:CP-005:106","CP-005","Medium","Range Summation","QL-016","ES-010","Add all integers from 1717 to 7514 that give remainder 26 on division by 48.","560714","Use the first term, last term, and number of terms.

Required sum:

560714","48","26","","","1717","7514"
"NS-REM-002:CP-005:NS-REM-002-HUMAN-REVIEW-500:CP-005:107","CP-005","Easy","Range Summation","QL-016","ES-010","Add all integers from 67 to 385 that give remainder 5 on division by 20.","3760","Use the first term, last term, and number of terms.

Required sum:

3760","20","5","","","67","385"
"NS-REM-002:CP-005:NS-REM-002-HUMAN-REVIEW-500:CP-005:108","CP-005","Easy","Range Summation","QL-017","ES-010","What is the sum of numbers between 35 and 454 whose remainder is 0 when divided by 2?","51450","Use the first term, last term, and number of terms.

Required sum:

51450","2","0","","","35","454"
"NS-REM-002:CP-005:NS-REM-002-HUMAN-REVIEW-500:CP-005:109","CP-005","Easy","Range Summation","QL-016","ES-010","Add all integers from 41 to 104 that give remainder 11 on division by 20.","213","Use the first term, last term, and number of terms.

Required sum:

213","20","11","","","41","104"
"NS-REM-002:CP-005:NS-REM-002-HUMAN-REVIEW-500:CP-005:110","CP-005","Medium","Range Summation","QL-017","ES-009","What is the sum of numbers between 625 and 6126 whose remainder is 10 when divided by 11?","1691376","Find the valid numbers in the range.

They form an arithmetic sequence.

Sum the terms.

Answer:

1691376","11","10","","","625","6126"
"NS-REM-002:CP-005:NS-REM-002-HUMAN-REVIEW-500:CP-005:111","CP-005","Easy","Range Summation","QL-017","ES-010","What is the sum of numbers between 178 and 431 whose remainder is 2 when divided by 4?","19456","Use the first term, last term, and number of terms.

Required sum:

19456","4","2","","","178","431"
"NS-REM-002:CP-005:NS-REM-002-HUMAN-REVIEW-500:CP-005:112","CP-005","Hard","Range Summation","QL-015","ES-010","Find the sum of all numbers between 8086 and 39110 that leave remainder 11 when divided by 12.","61021842","Use the first term, last term, and number of terms.

Required sum:

61021842","12","11","","","8086","39110"
"NS-REM-002:CP-005:NS-REM-002-HUMAN-REVIEW-500:CP-005:113","CP-005","Easy","Range Summation","QL-017","ES-009","What is the sum of numbers between 100 and 193 whose remainder is 2 when divided by 18?","730","Find the valid numbers in the range.

They form an arithmetic sequence.

Sum the terms.

Answer:

730","18","2","","","100","193"
"NS-REM-002:CP-005:NS-REM-002-HUMAN-REVIEW-500:CP-005:114","CP-005","Hard","Range Summation","QL-015","ES-009","Find the sum of all numbers between 9969 and 10341 that leave remainder 45 when divided by 92.","40476","Find the valid numbers in the range.

They form an arithmetic sequence.

Sum the terms.

Answer:

40476","92","45","","","9969","10341"
"NS-REM-002:CP-005:NS-REM-002-HUMAN-REVIEW-500:CP-005:115","CP-005","Easy","Range Summation","QL-016","ES-009","Add all integers from 104 to 197 that give remainder 14 on division by 15.","1043","Find the valid numbers in the range.

They form an arithmetic sequence.

Sum the terms.

Answer:

1043","15","14","","","104","197"
"NS-REM-002:CP-005:NS-REM-002-HUMAN-REVIEW-500:CP-005:116","CP-005","Medium","Range Summation","QL-017","ES-009","What is the sum of numbers between 488 and 9725 whose remainder is 2 when divided by 5?","9432629","Find the valid numbers in the range.

They form an arithmetic sequence.

Sum the terms.

Answer:

9432629","5","2","","","488","9725"
"NS-REM-002:CP-005:NS-REM-002-HUMAN-REVIEW-500:CP-005:117","CP-005","Easy","Range Summation","QL-016","ES-009","Add all integers from 119 to 197 that give remainder 0 on division by 4.","3160","Find the valid numbers in the range.

They form an arithmetic sequence.

Sum the terms.

Answer:

3160","4","0","","","119","197"
"NS-REM-002:CP-005:NS-REM-002-HUMAN-REVIEW-500:CP-005:118","CP-005","Medium","Range Summation","QL-016","ES-009","Add all integers from 187 to 4095 that give remainder 5 on division by 8.","1046949","Find the valid numbers in the range.

They form an arithmetic sequence.

Sum the terms.

Answer:

1046949","8","5","","","187","4095"
"NS-REM-002:CP-005:NS-REM-002-HUMAN-REVIEW-500:CP-005:119","CP-005","Easy","Range Summation","QL-016","ES-009","Add all integers from 129 to 285 that give remainder 4 on division by 5.","6608","Find the valid numbers in the range.

They form an arithmetic sequence.

Sum the terms.

Answer:

6608","5","4","","","129","285"
"NS-REM-002:CP-005:NS-REM-002-HUMAN-REVIEW-500:CP-005:120","CP-005","Hard","Range Summation","QL-017","ES-009","What is the sum of numbers between 1810 and 40327 whose remainder is 4 when divided by 78?","10384552","Find the valid numbers in the range.

They form an arithmetic sequence.

Sum the terms.

Answer:

10384552","78","4","","","1810","40327"
"NS-REM-002:CP-005:NS-REM-002-HUMAN-REVIEW-500:CP-005:121","CP-005","Easy","Range Summation","QL-015","ES-009","Find the sum of all numbers between 14 and 471 that leave remainder 1 when divided by 3.","36860","Find the valid numbers in the range.

They form an arithmetic sequence.

Sum the terms.

Answer:

36860","3","1","","","14","471"
"NS-REM-002:CP-005:NS-REM-002-HUMAN-REVIEW-500:CP-005:122","CP-005","Medium","Range Summation","QL-015","ES-010","Find the sum of all numbers between 1095 and 1098 that leave remainder 0 when divided by 3.","2193","Use the first term, last term, and number of terms.

Required sum:

2193","3","0","","","1095","1098"
"NS-REM-002:CP-005:NS-REM-002-HUMAN-REVIEW-500:CP-005:123","CP-005","Medium","Range Summation","QL-017","ES-010","What is the sum of numbers between 999 and 2127 whose remainder is 33 when divided by 42?","41715","Use the first term, last term, and number of terms.

Required sum:

41715","42","33","","","999","2127"
"NS-REM-002:CP-005:NS-REM-002-HUMAN-REVIEW-500:CP-005:124","CP-005","Medium","Range Summation","QL-016","ES-009","Add all integers from 1502 to 3591 that give remainder 4 on division by 7.","760955","Find the valid numbers in the range.

They form an arithmetic sequence.

Sum the terms.

Answer:

760955","7","4","","","1502","3591"
"NS-REM-002:CP-005:NS-REM-002-HUMAN-REVIEW-500:CP-005:125","CP-005","Medium","Range Summation","QL-016","ES-010","Add all integers from 845 to 8878 that give remainder 45 on division by 50.","780045","Use the first term, last term, and number of terms.

Required sum:

780045","50","45","","","845","8878"
"NS-REM-002:CP-005:NS-REM-002-HUMAN-REVIEW-500:CP-005:126","CP-005","Easy","Range Summation","QL-015","ES-010","Find the sum of all numbers between 191 and 370 that leave remainder 12 when divided by 13.","3899","Use the first term, last term, and number of terms.

Required sum:

3899","13","12","","","191","370"
"NS-REM-002:CP-005:NS-REM-002-HUMAN-REVIEW-500:CP-005:127","CP-005","Medium","Range Summation","QL-015","ES-010","Find the sum of all numbers between 981 and 9567 that leave remainder 15 when divided by 16.","2834823","Use the first term, last term, and number of terms.

Required sum:

2834823","16","15","","","981","9567"
"NS-REM-002:CP-005:NS-REM-002-HUMAN-REVIEW-500:CP-005:128","CP-005","Easy","Range Summation","QL-016","ES-010","Add all integers from 20 to 461 that give remainder 12 on division by 18.","5688","Use the first term, last term, and number of terms.

Required sum:

5688","18","12","","","20","461"
"NS-REM-002:CP-005:NS-REM-002-HUMAN-REVIEW-500:CP-005:129","CP-005","Medium","Range Summation","QL-016","ES-009","Add all integers from 1625 to 4463 that give remainder 7 on division by 34.","256200","Find the valid numbers in the range.

They form an arithmetic sequence.

Sum the terms.

Answer:

256200","34","7","","","1625","4463"
"NS-REM-002:CP-005:NS-REM-002-HUMAN-REVIEW-500:CP-005:130","CP-005","Easy","Range Summation","QL-015","ES-010","Find the sum of all numbers between 47 and 497 that leave remainder 1 when divided by 2.","61472","Use the first term, last term, and number of terms.

Required sum:

61472","2","1","","","47","497"
"NS-REM-002:CP-005:NS-REM-002-HUMAN-REVIEW-500:CP-005:131","CP-005","Easy","Range Summation","QL-017","ES-009","What is the sum of numbers between 11 and 461 whose remainder is 6 when divided by 14?","7584","Find the valid numbers in the range.

They form an arithmetic sequence.

Sum the terms.

Answer:

7584","14","6","","","11","461"
"NS-REM-002:CP-005:NS-REM-002-HUMAN-REVIEW-500:CP-005:132","CP-005","Medium","Range Summation","QL-015","ES-010","Find the sum of all numbers between 1351 and 5286 that leave remainder 9 when divided by 21.","623502","Use the first term, last term, and number of terms.

Required sum:

623502","21","9","","","1351","5286"
"NS-REM-002:CP-005:NS-REM-002-HUMAN-REVIEW-500:CP-005:133","CP-005","Easy","Range Summation","QL-015","ES-010","Find the sum of all numbers between 146 and 330 that leave remainder 2 when divided by 8.","5712","Use the first term, last term, and number of terms.

Required sum:

5712","8","2","","","146","330"
"NS-REM-002:CP-005:NS-REM-002-HUMAN-REVIEW-500:CP-005:134","CP-005","Easy","Range Summation","QL-016","ES-010","Add all integers from 146 to 495 that give remainder 4 on division by 5.","22505","Use the first term, last term, and number of terms.

Required sum:

22505","5","4","","","146","495"
"NS-REM-002:CP-005:NS-REM-002-HUMAN-REVIEW-500:CP-005:135","CP-005","Easy","Range Summation","QL-017","ES-010","What is the sum of numbers between 59 and 466 whose remainder is 0 when divided by 4?","26724","Use the first term, last term, and number of terms.

Required sum:

26724","4","0","","","59","466"
"NS-REM-002:CP-005:NS-REM-002-HUMAN-REVIEW-500:CP-005:136","CP-005","Easy","Range Summation","QL-016","ES-010","Add all integers from 70 to 194 that give remainder 1 on division by 12.","1463","Use the first term, last term, and number of terms.

Required sum:

1463","12","1","","","70","194"
"NS-REM-002:CP-005:NS-REM-002-HUMAN-REVIEW-500:CP-005:137","CP-005","Easy","Range Summation","QL-017","ES-009","What is the sum of numbers between 190 and 297 whose remainder is 0 when divided by 13?","1924","Find the valid numbers in the range.

They form an arithmetic sequence.

Sum the terms.

Answer:

1924","13","0","","","190","297"
"NS-REM-002:CP-005:NS-REM-002-HUMAN-REVIEW-500:CP-005:138","CP-005","Hard","Range Summation","QL-015","ES-010","Find the sum of all numbers between 1542 and 12216 that leave remainder 7 when divided by 8.","9183465","Use the first term, last term, and number of terms.

Required sum:

9183465","8","7","","","1542","12216"
"NS-REM-002:CP-005:NS-REM-002-HUMAN-REVIEW-500:CP-005:139","CP-005","Medium","Range Summation","QL-015","ES-010","Find the sum of all numbers between 1318 and 9367 that leave remainder 23 when divided by 31.","1388270","Use the first term, last term, and number of terms.

Required sum:

1388270","31","23","","","1318","9367"
"NS-REM-002:CP-005:NS-REM-002-HUMAN-REVIEW-500:CP-005:140","CP-005","Easy","Range Summation","QL-015","ES-010","Find the sum of all numbers between 64 and 398 that leave remainder 4 when divided by 14.","5640","Use the first term, last term, and number of terms.

Required sum:

5640","14","4","","","64","398"
"NS-REM-002:CP-005:NS-REM-002-HUMAN-REVIEW-500:CP-005:141","CP-005","Easy","Range Summation","QL-016","ES-009","Add all integers from 161 to 403 that give remainder 4 on division by 17.","3983","Find the valid numbers in the range.

They form an arithmetic sequence.

Sum the terms.

Answer:

3983","17","4","","","161","403"
"NS-REM-002:CP-005:NS-REM-002-HUMAN-REVIEW-500:CP-005:142","CP-005","Medium","Range Summation","QL-015","ES-009","Find the sum of all numbers between 612 and 5183 that leave remainder 2 when divided by 28.","475600","Find the valid numbers in the range.

They form an arithmetic sequence.

Sum the terms.

Answer:

475600","28","2","","","612","5183"
"NS-REM-002:CP-005:NS-REM-002-HUMAN-REVIEW-500:CP-005:143","CP-005","Hard","Range Summation","QL-017","ES-010","What is the sum of numbers between 1738 and 22150 whose remainder is 1 when divided by 4?","60955335","Use the first term, last term, and number of terms.

Required sum:

60955335","4","1","","","1738","22150"
"NS-REM-002:CP-005:NS-REM-002-HUMAN-REVIEW-500:CP-005:144","CP-005","Medium","Range Summation","QL-015","ES-010","Find the sum of all numbers between 679 and 7032 that leave remainder 20 when divided by 40.","613740","Use the first term, last term, and number of terms.

Required sum:

613740","40","20","","","679","7032"
"NS-REM-002:CP-005:NS-REM-002-HUMAN-REVIEW-500:CP-005:145","CP-005","Easy","Range Summation","QL-016","ES-009","Add all integers from 186 to 206 that give remainder 3 on division by 20.","203","Find the valid numbers in the range.

They form an arithmetic sequence.

Sum the terms.

Answer:

203","20","3","","","186","206"
"NS-REM-002:CP-005:NS-REM-002-HUMAN-REVIEW-500:CP-005:146","CP-005","Easy","Range Summation","QL-016","ES-010","Add all integers from 14 to 427 that give remainder 10 on division by 14.","6380","Use the first term, last term, and number of terms.

Required sum:

6380","14","10","","","14","427"
"NS-REM-002:CP-005:NS-REM-002-HUMAN-REVIEW-500:CP-005:147","CP-005","Medium","Range Summation","QL-016","ES-010","Add all integers from 1391 to 8458 that give remainder 32 on division by 33.","1055555","Use the first term, last term, and number of terms.

Required sum:

1055555","33","32","","","1391","8458"
"NS-REM-002:CP-005:NS-REM-002-HUMAN-REVIEW-500:CP-005:148","CP-005","Easy","Range Summation","QL-017","ES-010","What is the sum of numbers between 27 and 210 whose remainder is 0 when divided by 4?","5428","Use the first term, last term, and number of terms.

Required sum:

5428","4","0","","","27","210"
"NS-REM-002:CP-005:NS-REM-002-HUMAN-REVIEW-500:CP-005:149","CP-005","Medium","Range Summation","QL-015","ES-010","Find the sum of all numbers between 1855 and 9769 that leave remainder 11 when divided by 45.","1019656","Use the first term, last term, and number of terms.

Required sum:

1019656","45","11","","","1855","9769"
"NS-REM-002:CP-005:NS-REM-002-HUMAN-REVIEW-500:CP-005:150","CP-005","Medium","Range Summation","QL-015","ES-010","Find the sum of all numbers between 1726 and 4140 that leave remainder 10 when divided by 15.","472535","Use the first term, last term, and number of terms.

Required sum:

472535","15","10","","","1726","4140"
"NS-REM-002:CP-005:NS-REM-002-HUMAN-REVIEW-500:CP-005:151","CP-005","Easy","Range Summation","QL-015","ES-010","Find the sum of all numbers between 74 and 210 that leave remainder 2 when divided by 6.","3220","Use the first term, last term, and number of terms.

Required sum:

3220","6","2","","","74","210"
"NS-REM-002:CP-005:NS-REM-002-HUMAN-REVIEW-500:CP-005:152","CP-005","Easy","Range Summation","QL-017","ES-010","What is the sum of numbers between 198 and 478 whose remainder is 7 when divided by 8?","11725","Use the first term, last term, and number of terms.

Required sum:

11725","8","7","","","198","478"
"NS-REM-002:CP-005:NS-REM-002-HUMAN-REVIEW-500:CP-005:153","CP-005","Hard","Range Summation","QL-017","ES-010","What is the sum of numbers between 5014 and 28983 whose remainder is 25 when divided by 31?","13156065","Use the first term, last term, and number of terms.

Required sum:

13156065","31","25","","","5014","28983"
"NS-REM-002:CP-005:NS-REM-002-HUMAN-REVIEW-500:CP-005:154","CP-005","Easy","Range Summation","QL-015","ES-010","Find the sum of all numbers between 112 and 127 that leave remainder 3 when divided by 15.","123","Use the first term, last term, and number of terms.

Required sum:

123","15","3","","","112","127"
"NS-REM-002:CP-005:NS-REM-002-HUMAN-REVIEW-500:CP-005:155","CP-005","Easy","Range Summation","QL-015","ES-009","Find the sum of all numbers between 131 and 151 that leave remainder 10 when divided by 20.","150","Find the valid numbers in the range.

They form an arithmetic sequence.

Sum the terms.

Answer:

150","20","10","","","131","151"
"NS-REM-002:CP-005:NS-REM-002-HUMAN-REVIEW-500:CP-005:156","CP-005","Easy","Range Summation","QL-015","ES-009","Find the sum of all numbers between 63 and 496 that leave remainder 3 when divided by 4.","30411","Find the valid numbers in the range.

They form an arithmetic sequence.

Sum the terms.

Answer:

30411","4","3","","","63","496"
"NS-REM-002:CP-005:NS-REM-002-HUMAN-REVIEW-500:CP-005:157","CP-005","Hard","Range Summation","QL-017","ES-009","What is the sum of numbers between 8902 and 29740 whose remainder is 24 when divided by 42?","9584208","Find the valid numbers in the range.

They form an arithmetic sequence.

Sum the terms.

Answer:

9584208","42","24","","","8902","29740"
"NS-REM-002:CP-005:NS-REM-002-HUMAN-REVIEW-500:CP-005:158","CP-005","Medium","Range Summation","QL-015","ES-010","Find the sum of all numbers between 1171 and 4655 that leave remainder 1 when divided by 4.","2537223","Use the first term, last term, and number of terms.

Required sum:

2537223","4","1","","","1171","4655"
"NS-REM-002:CP-005:NS-REM-002-HUMAN-REVIEW-500:CP-005:159","CP-005","Hard","Range Summation","QL-016","ES-010","Add all integers from 3397 to 39392 that give remainder 10 on division by 16.","48136500","Use the first term, last term, and number of terms.

Required sum:

48136500","16","10","","","3397","39392"
"NS-REM-002:CP-005:NS-REM-002-HUMAN-REVIEW-500:CP-005:160","CP-005","Easy","Range Summation","QL-015","ES-010","Find the sum of all numbers between 116 and 355 that leave remainder 2 when divided by 20.","2784","Use the first term, last term, and number of terms.

Required sum:

2784","20","2","","","116","355"
"NS-REM-002:CP-005:NS-REM-002-HUMAN-REVIEW-500:CP-005:161","CP-005","Medium","Range Summation","QL-016","ES-010","Add all integers from 542 to 6989 that give remainder 13 on division by 18.","1348228","Use the first term, last term, and number of terms.

Required sum:

1348228","18","13","","","542","6989"
"NS-REM-002:CP-005:NS-REM-002-HUMAN-REVIEW-500:CP-005:162","CP-005","Easy","Range Summation","QL-015","ES-010","Find the sum of all numbers between 175 and 355 that leave remainder 0 when divided by 9.","5310","Use the first term, last term, and number of terms.

Required sum:

5310","9","0","","","175","355"
"NS-REM-002:CP-005:NS-REM-002-HUMAN-REVIEW-500:CP-005:163","CP-005","Medium","Range Summation","QL-017","ES-010","What is the sum of numbers between 117 and 7513 whose remainder is 23 when divided by 28?","1007688","Use the first term, last term, and number of terms.

Required sum:

1007688","28","23","","","117","7513"
"NS-REM-002:CP-005:NS-REM-002-HUMAN-REVIEW-500:CP-005:164","CP-005","Easy","Range Summation","QL-016","ES-010","Add all integers from 43 to 101 that give remainder 0 on division by 9.","504","Use the first term, last term, and number of terms.

Required sum:

504","9","0","","","43","101"
"NS-REM-002:CP-005:NS-REM-002-HUMAN-REVIEW-500:CP-005:165","CP-005","Medium","Range Summation","QL-016","ES-009","Add all integers from 278 to 3914 that give remainder 25 on division by 34.","224593","Find the valid numbers in the range.

They form an arithmetic sequence.

Sum the terms.

Answer:

224593","34","25","","","278","3914"
"NS-REM-002:CP-005:NS-REM-002-HUMAN-REVIEW-500:CP-005:166","CP-005","Easy","Range Summation","QL-016","ES-009","Add all integers from 112 to 351 that give remainder 0 on division by 4.","13800","Find the valid numbers in the range.

They form an arithmetic sequence.

Sum the terms.

Answer:

13800","4","0","","","112","351"
"NS-REM-002:CP-005:NS-REM-002-HUMAN-REVIEW-500:CP-005:167","CP-005","Hard","Range Summation","QL-015","ES-010","Find the sum of all numbers between 2344 and 46524 that leave remainder 8 when divided by 95.","11356695","Use the first term, last term, and number of terms.

Required sum:

11356695","95","8","","","2344","46524"
"NS-REM-002:CP-005:NS-REM-002-HUMAN-REVIEW-500:CP-005:168","CP-005","Medium","Range Summation","QL-017","ES-009","What is the sum of numbers between 670 and 4739 whose remainder is 25 when divided by 45?","243225","Find the valid numbers in the range.

They form an arithmetic sequence.

Sum the terms.

Answer:

243225","45","25","","","670","4739"
"NS-REM-002:CP-005:NS-REM-002-HUMAN-REVIEW-500:CP-005:169","CP-005","Medium","Range Summation","QL-017","ES-010","What is the sum of numbers between 213 and 1811 whose remainder is 33 when divided by 37?","44594","Use the first term, last term, and number of terms.

Required sum:

44594","37","33","","","213","1811"
"NS-REM-002:CP-005:NS-REM-002-HUMAN-REVIEW-500:CP-005:170","CP-005","Medium","Range Summation","QL-017","ES-010","What is the sum of numbers between 104 and 9566 whose remainder is 1 when divided by 5?","9154548","Use the first term, last term, and number of terms.

Required sum:

9154548","5","1","","","104","9566"
"NS-REM-002:CP-005:NS-REM-002-HUMAN-REVIEW-500:CP-005:171","CP-005","Medium","Range Summation","QL-015","ES-009","Find the sum of all numbers between 933 and 8851 that leave remainder 10 when divided by 15.","2583240","Find the valid numbers in the range.

They form an arithmetic sequence.

Sum the terms.

Answer:

2583240","15","10","","","933","8851"
"NS-REM-002:CP-005:NS-REM-002-HUMAN-REVIEW-500:CP-005:172","CP-005","Medium","Range Summation","QL-017","ES-009","What is the sum of numbers between 1579 and 6816 whose remainder is 24 when divided by 47?","466977","Find the valid numbers in the range.

They form an arithmetic sequence.

Sum the terms.

Answer:

466977","47","24","","","1579","6816"
"NS-REM-002:CP-005:NS-REM-002-HUMAN-REVIEW-500:CP-005:173","CP-005","Hard","Range Summation","QL-016","ES-009","Add all integers from 9137 to 32902 that give remainder 6 on division by 8.","62456362","Find the valid numbers in the range.

They form an arithmetic sequence.

Sum the terms.

Answer:

62456362","8","6","","","9137","32902"
"NS-REM-002:CP-005:NS-REM-002-HUMAN-REVIEW-500:CP-005:174","CP-005","Easy","Range Summation","QL-015","ES-010","Find the sum of all numbers between 160 and 408 that leave remainder 1 when divided by 15.","4862","Use the first term, last term, and number of terms.

Required sum:

4862","15","1","","","160","408"
"NS-REM-002:CP-005:NS-REM-002-HUMAN-REVIEW-500:CP-005:175","CP-005","Easy","Range Summation","QL-017","ES-010","What is the sum of numbers between 41 and 297 whose remainder is 2 when divided by 3?","14491","Use the first term, last term, and number of terms.

Required sum:

14491","3","2","","","41","297"
"NS-REM-002:CP-005:NS-REM-002-HUMAN-REVIEW-500:CP-005:176","CP-005","Medium","Range Summation","QL-017","ES-010","What is the sum of numbers between 1431 and 8684 whose remainder is 0 when divided by 17?","2154495","Use the first term, last term, and number of terms.

Required sum:

2154495","17","0","","","1431","8684"
"NS-REM-002:CP-005:NS-REM-002-HUMAN-REVIEW-500:CP-005:177","CP-005","Easy","Range Summation","QL-015","ES-009","Find the sum of all numbers between 44 and 248 that leave remainder 3 when divided by 5.","6068","Find the valid numbers in the range.

They form an arithmetic sequence.

Sum the terms.

Answer:

6068","5","3","","","44","248"
"NS-REM-002:CP-005:NS-REM-002-HUMAN-REVIEW-500:CP-005:178","CP-005","Easy","Range Summation","QL-015","ES-009","Find the sum of all numbers between 156 and 428 that leave remainder 1 when divided by 19.","4137","Find the valid numbers in the range.

They form an arithmetic sequence.

Sum the terms.

Answer:

4137","19","1","","","156","428"
"NS-REM-002:CP-005:NS-REM-002-HUMAN-REVIEW-500:CP-005:179","CP-005","Easy","Range Summation","QL-016","ES-009","Add all integers from 188 to 273 that give remainder 9 on division by 11.","1876","Find the valid numbers in the range.

They form an arithmetic sequence.

Sum the terms.

Answer:

1876","11","9","","","188","273"
"NS-REM-002:CP-005:NS-REM-002-HUMAN-REVIEW-500:CP-005:180","CP-005","Medium","Range Summation","QL-017","ES-009","What is the sum of numbers between 300 and 7202 whose remainder is 28 when divided by 38?","679112","Find the valid numbers in the range.

They form an arithmetic sequence.

Sum the terms.

Answer:

679112","38","28","","","300","7202"
"NS-REM-002:CP-005:NS-REM-002-HUMAN-REVIEW-500:CP-005:181","CP-005","Medium","Range Summation","QL-017","ES-010","What is the sum of numbers between 1723 and 5761 whose remainder is 7 when divided by 12?","1260043","Use the first term, last term, and number of terms.

Required sum:

1260043","12","7","","","1723","5761"
"NS-REM-002:CP-005:NS-REM-002-HUMAN-REVIEW-500:CP-005:182","CP-005","Medium","Range Summation","QL-015","ES-009","Find the sum of all numbers between 546 and 9324 that leave remainder 2 when divided by 4.","10830130","Find the valid numbers in the range.

They form an arithmetic sequence.

Sum the terms.

Answer:

10830130","4","2","","","546","9324"
"NS-REM-002:CP-005:NS-REM-002-HUMAN-REVIEW-500:CP-005:183","CP-005","Medium","Range Summation","QL-017","ES-010","What is the sum of numbers between 1404 and 5246 whose remainder is 21 when divided by 23?","556611","Use the first term, last term, and number of terms.

Required sum:

556611","23","21","","","1404","5246"
"NS-REM-002:CP-005:NS-REM-002-HUMAN-REVIEW-500:CP-005:184","CP-005","Easy","Range Summation","QL-017","ES-009","What is the sum of numbers between 126 and 336 whose remainder is 4 when divided by 10?","4914","Find the valid numbers in the range.

They form an arithmetic sequence.

Sum the terms.

Answer:

4914","10","4","","","126","336"
"NS-REM-002:CP-005:NS-REM-002-HUMAN-REVIEW-500:CP-005:185","CP-005","Hard","Range Summation","QL-016","ES-009","Add all integers from 4801 to 46485 that give remainder 18 on division by 95.","11268252","Find the valid numbers in the range.

They form an arithmetic sequence.

Sum the terms.

Answer:

11268252","95","18","","","4801","46485"
"NS-REM-002:CP-005:NS-REM-002-HUMAN-REVIEW-500:CP-005:186","CP-005","Easy","Range Summation","QL-016","ES-009","Add all integers from 73 to 446 that give remainder 2 on division by 20.","4978","Find the valid numbers in the range.

They form an arithmetic sequence.

Sum the terms.

Answer:

4978","20","2","","","73","446"
"NS-REM-002:CP-005:NS-REM-002-HUMAN-REVIEW-500:CP-005:187","CP-005","Hard","Range Summation","QL-016","ES-010","Add all integers from 9515 to 11258 that give remainder 27 on division by 67.","269841","Use the first term, last term, and number of terms.

Required sum:

269841","67","27","","","9515","11258"
"NS-REM-002:CP-005:NS-REM-002-HUMAN-REVIEW-500:CP-005:188","CP-005","Easy","Range Summation","QL-016","ES-009","Add all integers from 71 to 136 that give remainder 3 on division by 9.","714","Find the valid numbers in the range.

They form an arithmetic sequence.

Sum the terms.

Answer:

714","9","3","","","71","136"
"NS-REM-002:CP-005:NS-REM-002-HUMAN-REVIEW-500:CP-005:189","CP-005","Easy","Range Summation","QL-017","ES-010","What is the sum of numbers between 11 and 202 whose remainder is 7 when divided by 10?","2033","Use the first term, last term, and number of terms.

Required sum:

2033","10","7","","","11","202"
"NS-REM-002:CP-005:NS-REM-002-HUMAN-REVIEW-500:CP-005:190","CP-005","Easy","Range Summation","QL-016","ES-009","Add all integers from 65 to 450 that give remainder 3 on division by 6.","16512","Find the valid numbers in the range.

They form an arithmetic sequence.

Sum the terms.

Answer:

16512","6","3","","","65","450"
"NS-REM-002:CP-005:NS-REM-002-HUMAN-REVIEW-500:CP-005:191","CP-005","Medium","Range Summation","QL-017","ES-010","What is the sum of numbers between 1250 and 8549 whose remainder is 9 when divided by 23?","1557087","Use the first term, last term, and number of terms.

Required sum:

1557087","23","9","","","1250","8549"
"NS-REM-002:CP-005:NS-REM-002-HUMAN-REVIEW-500:CP-005:192","CP-005","Easy","Range Summation","QL-015","ES-009","Find the sum of all numbers between 97 and 262 that leave remainder 3 when divided by 6.","5040","Find the valid numbers in the range.

They form an arithmetic sequence.

Sum the terms.

Answer:

5040","6","3","","","97","262"
"NS-REM-002:CP-005:NS-REM-002-HUMAN-REVIEW-500:CP-005:193","CP-005","Easy","Range Summation","QL-015","ES-010","Find the sum of all numbers between 47 and 161 that leave remainder 4 when divided by 7.","1688","Use the first term, last term, and number of terms.

Required sum:

1688","7","4","","","47","161"
"NS-REM-002:CP-005:NS-REM-002-HUMAN-REVIEW-500:CP-005:194","CP-005","Medium","Range Summation","QL-016","ES-010","Add all integers from 345 to 5987 that give remainder 25 on division by 45.","396875","Use the first term, last term, and number of terms.

Required sum:

396875","45","25","","","345","5987"
"NS-REM-002:CP-005:NS-REM-002-HUMAN-REVIEW-500:CP-005:195","CP-005","Hard","Range Summation","QL-015","ES-009","Find the sum of all numbers between 1192 and 39938 that leave remainder 15 when divided by 55.","14472480","Find the valid numbers in the range.

They form an arithmetic sequence.

Sum the terms.

Answer:

14472480","55","15","","","1192","39938"
"NS-REM-002:CP-005:NS-REM-002-HUMAN-REVIEW-500:CP-005:196","CP-005","Easy","Range Summation","QL-015","ES-010","Find the sum of all numbers between 134 and 367 that leave remainder 2 when divided by 5.","11844","Use the first term, last term, and number of terms.

Required sum:

11844","5","2","","","134","367"
"NS-REM-002:CP-005:NS-REM-002-HUMAN-REVIEW-500:CP-005:197","CP-005","Hard","Range Summation","QL-015","ES-009","Find the sum of all numbers between 2550 and 17545 that leave remainder 7 when divided by 41.","3668980","Find the valid numbers in the range.

They form an arithmetic sequence.

Sum the terms.

Answer:

3668980","41","7","","","2550","17545"
"NS-REM-002:CP-005:NS-REM-002-HUMAN-REVIEW-500:CP-005:198","CP-005","Medium","Range Summation","QL-016","ES-010","Add all integers from 1289 to 3498 that give remainder 29 on division by 34.","156585","Use the first term, last term, and number of terms.

Required sum:

156585","34","29","","","1289","3498"
"NS-REM-002:CP-005:NS-REM-002-HUMAN-REVIEW-500:CP-005:199","CP-005","Hard","Range Summation","QL-017","ES-009","What is the sum of numbers between 9038 and 9049 whose remainder is 10 when divided by 11?","9041","Find the valid numbers in the range.

They form an arithmetic sequence.

Sum the terms.

Answer:

9041","11","10","","","9038","9049"
"NS-REM-002:CP-005:NS-REM-002-HUMAN-REVIEW-500:CP-005:200","CP-005","Medium","Range Summation","QL-017","ES-009","What is the sum of numbers between 1208 and 6909 whose remainder is 11 when divided by 38?","608700","Find the valid numbers in the range.

They form an arithmetic sequence.

Sum the terms.

Answer:

608700","38","11","","","1208","6909"
"NS-REM-002:CP-005:NS-REM-002-HUMAN-REVIEW-500:CP-005:201","CP-005","Easy","Range Summation","QL-017","ES-010","What is the sum of numbers between 179 and 300 whose remainder is 2 when divided by 6?","4780","Use the first term, last term, and number of terms.

Required sum:

4780","6","2","","","179","300"
"NS-REM-002:CP-005:NS-REM-002-HUMAN-REVIEW-500:CP-005:202","CP-005","Easy","Range Summation","QL-017","ES-010","What is the sum of numbers between 160 and 389 whose remainder is 11 when divided by 12?","5225","Use the first term, last term, and number of terms.

Required sum:

5225","12","11","","","160","389"
"NS-REM-002:CP-005:NS-REM-002-HUMAN-REVIEW-500:CP-005:203","CP-005","Medium","Range Summation","QL-016","ES-009","Add all integers from 520 to 7725 that give remainder 20 on division by 45.","662000","Find the valid numbers in the range.

They form an arithmetic sequence.

Sum the terms.

Answer:

662000","45","20","","","520","7725"
"NS-REM-002:CP-005:NS-REM-002-HUMAN-REVIEW-500:CP-005:204","CP-005","Hard","Range Summation","QL-015","ES-009","Find the sum of all numbers between 9074 and 20483 that leave remainder 65 when divided by 88.","1924650","Find the valid numbers in the range.

They form an arithmetic sequence.

Sum the terms.

Answer:

1924650","88","65","","","9074","20483"
"NS-REM-002:CP-005:NS-REM-002-HUMAN-REVIEW-500:CP-005:205","CP-005","Medium","Range Summation","QL-017","ES-009","What is the sum of numbers between 453 and 3634 whose remainder is 21 when divided by 23?","284255","Find the valid numbers in the range.

They form an arithmetic sequence.

Sum the terms.

Answer:

284255","23","21","","","453","3634"
"NS-REM-002:CP-005:NS-REM-002-HUMAN-REVIEW-500:CP-005:206","CP-005","Easy","Range Summation","QL-017","ES-009","What is the sum of numbers between 179 and 239 whose remainder is 7 when divided by 9?","1257","Find the valid numbers in the range.

They form an arithmetic sequence.

Sum the terms.

Answer:

1257","9","7","","","179","239"
"NS-REM-002:CP-005:NS-REM-002-HUMAN-REVIEW-500:CP-005:207","CP-005","Easy","Range Summation","QL-017","ES-010","What is the sum of numbers between 82 and 271 whose remainder is 0 when divided by 6?","5664","Use the first term, last term, and number of terms.

Required sum:

5664","6","0","","","82","271"
"NS-REM-002:CP-005:NS-REM-002-HUMAN-REVIEW-500:CP-005:208","CP-005","Easy","Range Summation","QL-015","ES-010","Find the sum of all numbers between 14 and 213 that leave remainder 0 when divided by 9.","2475","Use the first term, last term, and number of terms.

Required sum:

2475","9","0","","","14","213"
"NS-REM-002:CP-005:NS-REM-002-HUMAN-REVIEW-500:CP-005:209","CP-005","Medium","Range Summation","QL-015","ES-009","Find the sum of all numbers between 498 and 1762 that leave remainder 2 when divided by 34.","41588","Find the valid numbers in the range.

They form an arithmetic sequence.

Sum the terms.

Answer:

41588","34","2","","","498","1762"
"NS-REM-002:CP-005:NS-REM-002-HUMAN-REVIEW-500:CP-005:210","CP-005","Easy","Range Summation","QL-016","ES-009","Add all integers from 38 to 277 that give remainder 4 on division by 14.","2686","Find the valid numbers in the range.

They form an arithmetic sequence.

Sum the terms.

Answer:

2686","14","4","","","38","277"
"NS-REM-002:CP-005:NS-REM-002-HUMAN-REVIEW-500:CP-005:211","CP-005","Medium","Range Summation","QL-017","ES-010","What is the sum of numbers between 535 and 762 whose remainder is 3 when divided by 15?","9720","Use the first term, last term, and number of terms.

Required sum:

9720","15","3","","","535","762"
"NS-REM-002:CP-005:NS-REM-002-HUMAN-REVIEW-500:CP-005:212","CP-005","Hard","Range Summation","QL-016","ES-009","Add all integers from 5541 to 13775 that give remainder 70 on division by 88.","898566","Find the valid numbers in the range.

They form an arithmetic sequence.

Sum the terms.

Answer:

898566","88","70","","","5541","13775"
"NS-REM-002:CP-005:NS-REM-002-HUMAN-REVIEW-500:CP-005:213","CP-005","Easy","Range Summation","QL-016","ES-009","Add all integers from 105 to 484 that give remainder 4 on division by 17.","6739","Find the valid numbers in the range.

They form an arithmetic sequence.

Sum the terms.

Answer:

6739","17","4","","","105","484"
"NS-REM-002:CP-005:NS-REM-002-HUMAN-REVIEW-500:CP-005:214","CP-005","Medium","Range Summation","QL-015","ES-009","Find the sum of all numbers between 1422 and 1466 that leave remainder 24 when divided by 44.","1432","Find the valid numbers in the range.

They form an arithmetic sequence.

Sum the terms.

Answer:

1432","44","24","","","1422","1466"
"NS-REM-002:CP-005:NS-REM-002-HUMAN-REVIEW-500:CP-005:215","CP-005","Easy","Range Summation","QL-015","ES-010","Find the sum of all numbers between 79 and 96 that leave remainder 9 when divided by 14.","172","Use the first term, last term, and number of terms.

Required sum:

172","14","9","","","79","96"
"NS-REM-002:CP-005:NS-REM-002-HUMAN-REVIEW-500:CP-005:216","CP-005","Hard","Range Summation","QL-016","ES-010","Add all integers from 1871 to 33021 that give remainder 69 on division by 99.","5477259","Use the first term, last term, and number of terms.

Required sum:

5477259","99","69","","","1871","33021"
"NS-REM-002:CP-005:NS-REM-002-HUMAN-REVIEW-500:CP-005:217","CP-005","Easy","Range Summation","QL-016","ES-010","Add all integers from 90 to 480 that give remainder 1 on division by 8.","13680","Use the first term, last term, and number of terms.

Required sum:

13680","8","1","","","90","480"
"NS-REM-002:CP-005:NS-REM-002-HUMAN-REVIEW-500:CP-005:218","CP-005","Easy","Range Summation","QL-017","ES-009","What is the sum of numbers between 78 and 346 whose remainder is 5 when divided by 7?","8037","Find the valid numbers in the range.

They form an arithmetic sequence.

Sum the terms.

Answer:

8037","7","5","","","78","346"
"NS-REM-002:CP-005:NS-REM-002-HUMAN-REVIEW-500:CP-005:219","CP-005","Medium","Range Summation","QL-015","ES-009","Find the sum of all numbers between 733 and 8682 that leave remainder 1 when divided by 2.","18710325","Find the valid numbers in the range.

They form an arithmetic sequence.

Sum the terms.

Answer:

18710325","2","1","","","733","8682"
"NS-REM-002:CP-005:NS-REM-002-HUMAN-REVIEW-500:CP-005:220","CP-005","Easy","Range Summation","QL-015","ES-010","Find the sum of all numbers between 185 and 374 that leave remainder 7 when divided by 11.","4794","Use the first term, last term, and number of terms.

Required sum:

4794","11","7","","","185","374"
"NS-REM-002:CP-005:NS-REM-002-HUMAN-REVIEW-500:CP-005:221","CP-005","Hard","Range Summation","QL-017","ES-010","What is the sum of numbers between 4407 and 31540 whose remainder is 8 when divided by 48?","10147400","Use the first term, last term, and number of terms.

Required sum:

10147400","48","8","","","4407","31540"
"NS-REM-002:CP-005:NS-REM-002-HUMAN-REVIEW-500:CP-005:222","CP-005","Easy","Range Summation","QL-016","ES-010","Add all integers from 51 to 134 that give remainder 2 on division by 5.","1564","Use the first term, last term, and number of terms.

Required sum:

1564","5","2","","","51","134"
"NS-REM-002:CP-005:NS-REM-002-HUMAN-REVIEW-500:CP-005:223","CP-005","Medium","Range Summation","QL-016","ES-009","Add all integers from 1452 to 3962 that give remainder 26 on division by 41.","168113","Find the valid numbers in the range.

They form an arithmetic sequence.

Sum the terms.

Answer:

168113","41","26","","","1452","3962"
"NS-REM-002:CP-005:NS-REM-002-HUMAN-REVIEW-500:CP-005:224","CP-005","Medium","Range Summation","QL-016","ES-010","Add all integers from 1509 to 8525 that give remainder 28 on division by 47.","746490","Use the first term, last term, and number of terms.

Required sum:

746490","47","28","","","1509","8525"
"NS-REM-002:CP-005:NS-REM-002-HUMAN-REVIEW-500:CP-005:225","CP-005","Medium","Range Summation","QL-015","ES-009","Find the sum of all numbers between 1281 and 3720 that leave remainder 2 when divided by 18.","338040","Find the valid numbers in the range.

They form an arithmetic sequence.

Sum the terms.

Answer:

338040","18","2","","","1281","3720"
"NS-REM-002:CP-005:NS-REM-002-HUMAN-REVIEW-500:CP-005:226","CP-005","Easy","Range Summation","QL-015","ES-009","Find the sum of all numbers between 102 and 363 that leave remainder 13 when divided by 16.","3664","Find the valid numbers in the range.

They form an arithmetic sequence.

Sum the terms.

Answer:

3664","16","13","","","102","363"
"NS-REM-002:CP-005:NS-REM-002-HUMAN-REVIEW-500:CP-005:227","CP-005","Medium","Range Summation","QL-015","ES-010","Find the sum of all numbers between 1806 and 3676 that leave remainder 6 when divided by 42.","123120","Use the first term, last term, and number of terms.

Required sum:

123120","42","6","","","1806","3676"
"NS-REM-002:CP-005:NS-REM-002-HUMAN-REVIEW-500:CP-005:228","CP-005","Easy","Range Summation","QL-016","ES-009","Add all integers from 199 to 202 that give remainder 0 on division by 3.","201","Find the valid numbers in the range.

They form an arithmetic sequence.

Sum the terms.

Answer:

201","3","0","","","199","202"
"NS-REM-002:CP-005:NS-REM-002-HUMAN-REVIEW-500:CP-005:229","CP-005","Medium","Range Summation","QL-017","ES-010","What is the sum of numbers between 244 and 4783 whose remainder is 10 when divided by 14?","812916","Use the first term, last term, and number of terms.

Required sum:

812916","14","10","","","244","4783"
"NS-REM-002:CP-005:NS-REM-002-HUMAN-REVIEW-500:CP-005:230","CP-005","Hard","Range Summation","QL-017","ES-009","What is the sum of numbers between 3503 and 22081 whose remainder is 38 when divided by 95?","2511838","Find the valid numbers in the range.

They form an arithmetic sequence.

Sum the terms.

Answer:

2511838","95","38","","","3503","22081"
"NS-REM-002:CP-005:NS-REM-002-HUMAN-REVIEW-500:CP-005:231","CP-005","Hard","Range Summation","QL-015","ES-010","Find the sum of all numbers between 7288 and 45589 that leave remainder 7 when divided by 14.","72310665","Use the first term, last term, and number of terms.

Required sum:

72310665","14","7","","","7288","45589"
"NS-REM-002:CP-005:NS-REM-002-HUMAN-REVIEW-500:CP-005:232","CP-005","Easy","Range Summation","QL-016","ES-009","Add all integers from 108 to 306 that give remainder 1 on division by 17.","2255","Find the valid numbers in the range.

They form an arithmetic sequence.

Sum the terms.

Answer:

2255","17","1","","","108","306"
"NS-REM-002:CP-005:NS-REM-002-HUMAN-REVIEW-500:CP-005:233","CP-005","Medium","Range Summation","QL-015","ES-009","Find the sum of all numbers between 1987 and 6114 that leave remainder 19 when divided by 28.","595497","Find the valid numbers in the range.

They form an arithmetic sequence.

Sum the terms.

Answer:

595497","28","19","","","1987","6114"
"NS-REM-002:CP-005:NS-REM-002-HUMAN-REVIEW-500:CP-005:234","CP-005","Medium","Range Summation","QL-015","ES-010","Find the sum of all numbers between 1187 and 3753 that leave remainder 20 when divided by 27.","235315","Use the first term, last term, and number of terms.

Required sum:

235315","27","20","","","1187","3753"
"NS-REM-002:CP-005:NS-REM-002-HUMAN-REVIEW-500:CP-005:235","CP-005","Easy","Range Summation","QL-016","ES-010","Add all integers from 97 to 379 that give remainder 4 on division by 17.","4114","Use the first term, last term, and number of terms.

Required sum:

4114","17","4","","","97","379"
"NS-REM-002:CP-005:NS-REM-002-HUMAN-REVIEW-500:CP-005:236","CP-005","Easy","Range Summation","QL-016","ES-009","Add all integers from 22 to 283 that give remainder 4 on division by 5.","7878","Find the valid numbers in the range.

They form an arithmetic sequence.

Sum the terms.

Answer:

7878","5","4","","","22","283"
"NS-REM-002:CP-005:NS-REM-002-HUMAN-REVIEW-500:CP-005:237","CP-005","Medium","Range Summation","QL-015","ES-009","Find the sum of all numbers between 801 and 3009 that leave remainder 39 when divided by 46.","91296","Find the valid numbers in the range.

They form an arithmetic sequence.

Sum the terms.

Answer:

91296","46","39","","","801","3009"
"NS-REM-002:CP-005:NS-REM-002-HUMAN-REVIEW-500:CP-005:238","CP-005","Medium","Range Summation","QL-016","ES-010","Add all integers from 1091 to 9242 that give remainder 6 on division by 18.","2342916","Use the first term, last term, and number of terms.

Required sum:

2342916","18","6","","","1091","9242"
"NS-REM-002:CP-005:NS-REM-002-HUMAN-REVIEW-500:CP-005:239","CP-005","Easy","Range Summation","QL-016","ES-009","Add all integers from 39 to 286 that give remainder 2 on division by 17.","2289","Find the valid numbers in the range.

They form an arithmetic sequence.

Sum the terms.

Answer:

2289","17","2","","","39","286"
"NS-REM-002:CP-005:NS-REM-002-HUMAN-REVIEW-500:CP-005:240","CP-005","Medium","Range Summation","QL-017","ES-010","What is the sum of numbers between 821 and 1525 whose remainder is 26 when divided by 49?","16485","Use the first term, last term, and number of terms.

Required sum:

16485","49","26","","","821","1525"
"NS-REM-002:CP-005:NS-REM-002-HUMAN-REVIEW-500:CP-005:241","CP-005","Hard","Range Summation","QL-015","ES-010","Find the sum of all numbers between 9409 and 11962 that leave remainder 10 when divided by 67.","406467","Use the first term, last term, and number of terms.

Required sum:

406467","67","10","","","9409","11962"
"NS-REM-002:CP-005:NS-REM-002-HUMAN-REVIEW-500:CP-005:242","CP-005","Easy","Range Summation","QL-016","ES-009","Add all integers from 33 to 491 that give remainder 11 on division by 18.","6575","Find the valid numbers in the range.

They form an arithmetic sequence.

Sum the terms.

Answer:

6575","18","11","","","33","491"
"NS-REM-002:CP-005:NS-REM-002-HUMAN-REVIEW-500:CP-005:243","CP-005","Easy","Range Summation","QL-015","ES-010","Find the sum of all numbers between 41 and 455 that leave remainder 0 when divided by 17.","5916","Use the first term, last term, and number of terms.

Required sum:

5916","17","0","","","41","455"
"NS-REM-002:CP-005:NS-REM-002-HUMAN-REVIEW-500:CP-005:244","CP-005","Easy","Range Summation","QL-016","ES-009","Add all integers from 100 to 188 that give remainder 4 on division by 9.","1435","Find the valid numbers in the range.

They form an arithmetic sequence.

Sum the terms.

Answer:

1435","9","4","","","100","188"
"NS-REM-002:CP-005:NS-REM-002-HUMAN-REVIEW-500:CP-005:245","CP-005","Easy","Range Summation","QL-017","ES-010","What is the sum of numbers between 29 and 291 whose remainder is 8 when divided by 10?","4238","Use the first term, last term, and number of terms.

Required sum:

4238","10","8","","","29","291"
"NS-REM-002:CP-005:NS-REM-002-HUMAN-REVIEW-500:CP-005:246","CP-005","Easy","Range Summation","QL-015","ES-010","Find the sum of all numbers between 176 and 489 that leave remainder 1 when divided by 2.","52281","Use the first term, last term, and number of terms.

Required sum:

52281","2","1","","","176","489"
"NS-REM-002:CP-005:NS-REM-002-HUMAN-REVIEW-500:CP-005:247","CP-005","Easy","Range Summation","QL-016","ES-009","Add all integers from 45 to 460 that give remainder 2 on division by 7.","14986","Find the valid numbers in the range.

They form an arithmetic sequence.

Sum the terms.

Answer:

14986","7","2","","","45","460"
"NS-REM-002:CP-005:NS-REM-002-HUMAN-REVIEW-500:CP-005:248","CP-005","Hard","Range Summation","QL-015","ES-010","Find the sum of all numbers between 3980 and 9591 that leave remainder 1 when divided by 48.","791973","Use the first term, last term, and number of terms.

Required sum:

791973","48","1","","","3980","9591"
"NS-REM-002:CP-005:NS-REM-002-HUMAN-REVIEW-500:CP-005:249","CP-005","Easy","Range Summation","QL-017","ES-009","What is the sum of numbers between 47 and 319 whose remainder is 10 when divided by 12?","4048","Find the valid numbers in the range.

They form an arithmetic sequence.

Sum the terms.

Answer:

4048","12","10","","","47","319"
"NS-REM-002:CP-005:NS-REM-002-HUMAN-REVIEW-500:CP-005:250","CP-005","Easy","Range Summation","QL-015","ES-010","Find the sum of all numbers between 34 and 425 that leave remainder 15 when divided by 17.","5428","Use the first term, last term, and number of terms.

Required sum:

5428","17","15","","","34","425"
"NS-REM-002:CP-005:NS-REM-002-HUMAN-REVIEW-500:CP-005:251","CP-005","Easy","Range Summation","QL-015","ES-009","Find the sum of all numbers between 152 and 188 that leave remainder 1 when divided by 2.","3060","Find the valid numbers in the range.

They form an arithmetic sequence.

Sum the terms.

Answer:

3060","2","1","","","152","188"
"NS-REM-002:CP-005:NS-REM-002-HUMAN-REVIEW-500:CP-005:252","CP-005","Hard","Range Summation","QL-015","ES-009","Find the sum of all numbers between 1929 and 41106 that leave remainder 2 when divided by 7.","120447440","Find the valid numbers in the range.

They form an arithmetic sequence.

Sum the terms.

Answer:

120447440","7","2","","","1929","41106"
"NS-REM-002:CP-005:NS-REM-002-HUMAN-REVIEW-500:CP-005:253","CP-005","Medium","Range Summation","QL-017","ES-009","What is the sum of numbers between 576 and 851 whose remainder is 17 when divided by 18?","10785","Find the valid numbers in the range.

They form an arithmetic sequence.

Sum the terms.

Answer:

10785","18","17","","","576","851"
"NS-REM-002:CP-005:NS-REM-002-HUMAN-REVIEW-500:CP-005:254","CP-005","Medium","Range Summation","QL-017","ES-009","What is the sum of numbers between 1251 and 3392 whose remainder is 12 when divided by 16?","311416","Find the valid numbers in the range.

They form an arithmetic sequence.

Sum the terms.

Answer:

311416","16","12","","","1251","3392"
"NS-REM-002:CP-005:NS-REM-002-HUMAN-REVIEW-500:CP-005:255","CP-005","Easy","Range Summation","QL-015","ES-010","Find the sum of all numbers between 170 and 179 that leave remainder 7 when divided by 9.","178","Use the first term, last term, and number of terms.

Required sum:

178","9","7","","","170","179"
"NS-REM-002:CP-005:NS-REM-002-HUMAN-REVIEW-500:CP-005:256","CP-005","Easy","Range Summation","QL-016","ES-009","Add all integers from 197 to 455 that give remainder 9 on division by 15.","5508","Find the valid numbers in the range.

They form an arithmetic sequence.

Sum the terms.

Answer:

5508","15","9","","","197","455"
"NS-REM-002:CP-005:NS-REM-002-HUMAN-REVIEW-500:CP-005:257","CP-005","Medium","Range Summation","QL-016","ES-010","Add all integers from 1095 to 2944 that give remainder 1 on division by 3.","1246340","Use the first term, last term, and number of terms.

Required sum:

1246340","3","1","","","1095","2944"
"NS-REM-002:CP-005:NS-REM-002-HUMAN-REVIEW-500:CP-005:258","CP-005","Easy","Range Summation","QL-017","ES-009","What is the sum of numbers between 30 and 364 whose remainder is 6 when divided by 10?","6468","Find the valid numbers in the range.

They form an arithmetic sequence.

Sum the terms.

Answer:

6468","10","6","","","30","364"
"NS-REM-002:CP-005:NS-REM-002-HUMAN-REVIEW-500:CP-005:259","CP-005","Medium","Range Summation","QL-016","ES-009","Add all integers from 451 to 8048 that give remainder 15 on division by 34.","951552","Find the valid numbers in the range.

They form an arithmetic sequence.

Sum the terms.

Answer:

951552","34","15","","","451","8048"
"NS-REM-002:CP-005:NS-REM-002-HUMAN-REVIEW-500:CP-005:260","CP-005","Easy","Range Summation","QL-017","ES-009","What is the sum of numbers between 93 and 100 whose remainder is 0 when divided by 7?","98","Find the valid numbers in the range.

They form an arithmetic sequence.

Sum the terms.

Answer:

98","7","0","","","93","100"
"NS-REM-002:CP-005:NS-REM-002-HUMAN-REVIEW-500:CP-005:261","CP-005","Hard","Range Summation","QL-017","ES-009","What is the sum of numbers between 6626 and 35487 whose remainder is 2 when divided by 7?","86822134","Find the valid numbers in the range.

They form an arithmetic sequence.

Sum the terms.

Answer:

86822134","7","2","","","6626","35487"
"NS-REM-002:CP-005:NS-REM-002-HUMAN-REVIEW-500:CP-005:262","CP-005","Easy","Range Summation","QL-015","ES-010","Find the sum of all numbers between 98 and 110 that leave remainder 9 when divided by 12.","105","Use the first term, last term, and number of terms.

Required sum:

105","12","9","","","98","110"
"NS-REM-002:CP-005:NS-REM-002-HUMAN-REVIEW-500:CP-005:263","CP-005","Easy","Range Summation","QL-016","ES-010","Add all integers from 161 to 178 that give remainder 11 on division by 17.","164","Use the first term, last term, and number of terms.

Required sum:

164","17","11","","","161","178"
"NS-REM-002:CP-005:NS-REM-002-HUMAN-REVIEW-500:CP-005:264","CP-005","Easy","Range Summation","QL-015","ES-010","Find the sum of all numbers between 37 and 472 that leave remainder 0 when divided by 5.","22185","Use the first term, last term, and number of terms.

Required sum:

22185","5","0","","","37","472"
"NS-REM-002:CP-005:NS-REM-002-HUMAN-REVIEW-500:CP-005:265","CP-005","Hard","Range Summation","QL-017","ES-010","What is the sum of numbers between 2738 and 34730 whose remainder is 50 when divided by 95?","6323805","Use the first term, last term, and number of terms.

Required sum:

6323805","95","50","","","2738","34730"
"NS-REM-002:CP-005:NS-REM-002-HUMAN-REVIEW-500:CP-005:266","CP-005","Medium","Range Summation","QL-016","ES-010","Add all integers from 1196 to 9880 that give remainder 36 on division by 43.","1114737","Use the first term, last term, and number of terms.

Required sum:

1114737","43","36","","","1196","9880"
"NS-REM-002:CP-005:NS-REM-002-HUMAN-REVIEW-500:CP-005:267","CP-005","Easy","Range Summation","QL-015","ES-010","Find the sum of all numbers between 104 and 204 that leave remainder 2 when divided by 3.","5219","Use the first term, last term, and number of terms.

Required sum:

5219","3","2","","","104","204"
"NS-REM-002:CP-005:NS-REM-002-HUMAN-REVIEW-500:CP-005:268","CP-005","Easy","Range Summation","QL-016","ES-010","Add all integers from 183 to 196 that give remainder 8 on division by 13.","190","Use the first term, last term, and number of terms.

Required sum:

190","13","8","","","183","196"
"NS-REM-002:CP-005:NS-REM-002-HUMAN-REVIEW-500:CP-005:269","CP-005","Easy","Range Summation","QL-016","ES-010","Add all integers from 125 to 446 that give remainder 15 on division by 17.","5453","Use the first term, last term, and number of terms.

Required sum:

5453","17","15","","","125","446"
"NS-REM-002:CP-005:NS-REM-002-HUMAN-REVIEW-500:CP-005:270","CP-005","Medium","Range Summation","QL-015","ES-009","Find the sum of all numbers between 1983 and 2029 that leave remainder 28 when divided by 46.","2006","Find the valid numbers in the range.

They form an arithmetic sequence.

Sum the terms.

Answer:

2006","46","28","","","1983","2029"
"NS-REM-002:CP-005:NS-REM-002-HUMAN-REVIEW-500:CP-005:271","CP-005","Hard","Range Summation","QL-017","ES-009","What is the sum of numbers between 8463 and 9751 whose remainder is 41 when divided by 72?","163386","Find the valid numbers in the range.

They form an arithmetic sequence.

Sum the terms.

Answer:

163386","72","41","","","8463","9751"
"NS-REM-002:CP-005:NS-REM-002-HUMAN-REVIEW-500:CP-005:272","CP-005","Easy","Range Summation","QL-016","ES-010","Add all integers from 94 to 429 that give remainder 4 on division by 11.","7875","Use the first term, last term, and number of terms.

Required sum:

7875","11","4","","","94","429"
"NS-REM-002:CP-005:NS-REM-002-HUMAN-REVIEW-500:CP-005:273","CP-005","Easy","Range Summation","QL-015","ES-009","Find the sum of all numbers between 191 and 397 that leave remainder 13 when divided by 14.","4395","Find the valid numbers in the range.

They form an arithmetic sequence.

Sum the terms.

Answer:

4395","14","13","","","191","397"
"NS-REM-002:CP-005:NS-REM-002-HUMAN-REVIEW-500:CP-005:274","CP-005","Easy","Range Summation","QL-016","ES-009","Add all integers from 44 to 421 that give remainder 4 on division by 17.","5137","Find the valid numbers in the range.

They form an arithmetic sequence.

Sum the terms.

Answer:

5137","17","4","","","44","421"
"NS-REM-002:CP-005:NS-REM-002-HUMAN-REVIEW-500:CP-005:275","CP-005","Medium","Range Summation","QL-015","ES-010","Find the sum of all numbers between 861 and 4697 that leave remainder 5 when divided by 12.","890560","Use the first term, last term, and number of terms.

Required sum:

890560","12","5","","","861","4697"
"NS-REM-002:CP-005:NS-REM-002-HUMAN-REVIEW-500:CP-005:276","CP-005","Medium","Range Summation","QL-015","ES-009","Find the sum of all numbers between 149 and 3271 that leave remainder 15 when divided by 19.","281342","Find the valid numbers in the range.

They form an arithmetic sequence.

Sum the terms.

Answer:

281342","19","15","","","149","3271"
"NS-REM-002:CP-005:NS-REM-002-HUMAN-REVIEW-500:CP-005:277","CP-005","Easy","Range Summation","QL-016","ES-010","Add all integers from 172 to 189 that give remainder 2 on division by 17.","361","Use the first term, last term, and number of terms.

Required sum:

361","17","2","","","172","189"
"NS-REM-002:CP-005:NS-REM-002-HUMAN-REVIEW-500:CP-005:278","CP-005","Medium","Range Summation","QL-016","ES-009","Add all integers from 881 to 923 that give remainder 28 on division by 42.","910","Find the valid numbers in the range.

They form an arithmetic sequence.

Sum the terms.

Answer:

910","42","28","","","881","923"
"NS-REM-002:CP-005:NS-REM-002-HUMAN-REVIEW-500:CP-005:279","CP-005","Medium","Range Summation","QL-017","ES-010","What is the sum of numbers between 698 and 7869 whose remainder is 21 when divided by 41?","749875","Use the first term, last term, and number of terms.

Required sum:

749875","41","21","","","698","7869"
"NS-REM-002:CP-005:NS-REM-002-HUMAN-REVIEW-500:CP-005:280","CP-005","Hard","Range Summation","QL-016","ES-010","Add all integers from 6588 to 34504 that give remainder 18 on division by 53.","10818783","Use the first term, last term, and number of terms.

Required sum:

10818783","53","18","","","6588","34504"
"NS-REM-002:CP-005:NS-REM-002-HUMAN-REVIEW-500:CP-005:281","CP-005","Medium","Range Summation","QL-016","ES-010","Add all integers from 1949 to 5421 that give remainder 20 on division by 35.","365805","Use the first term, last term, and number of terms.

Required sum:

365805","35","20","","","1949","5421"
"NS-REM-002:CP-005:NS-REM-002-HUMAN-REVIEW-500:CP-005:282","CP-005","Medium","Range Summation","QL-015","ES-009","Find the sum of all numbers between 1447 and 7234 that leave remainder 27 when divided by 36.","699867","Find the valid numbers in the range.

They form an arithmetic sequence.

Sum the terms.

Answer:

699867","36","27","","","1447","7234"
"NS-REM-002:CP-005:NS-REM-002-HUMAN-REVIEW-500:CP-005:283","CP-005","Easy","Range Summation","QL-017","ES-010","What is the sum of numbers between 101 and 167 whose remainder is 8 when divided by 20?","384","Use the first term, last term, and number of terms.

Required sum:

384","20","8","","","101","167"
"NS-REM-002:CP-005:NS-REM-002-HUMAN-REVIEW-500:CP-005:284","CP-005","Medium","Range Summation","QL-016","ES-009","Add all integers from 1359 to 7560 that give remainder 31 on division by 35.","793613","Find the valid numbers in the range.

They form an arithmetic sequence.

Sum the terms.

Answer:

793613","35","31","","","1359","7560"
"NS-REM-002:CP-005:NS-REM-002-HUMAN-REVIEW-500:CP-005:285","CP-005","Hard","Range Summation","QL-015","ES-010","Find the sum of all numbers between 7474 and 48457 that leave remainder 7 when divided by 13.","88140952","Use the first term, last term, and number of terms.

Required sum:

88140952","13","7","","","7474","48457"
"NS-REM-002:CP-005:NS-REM-002-HUMAN-REVIEW-500:CP-005:286","CP-005","Medium","Range Summation","QL-017","ES-010","What is the sum of numbers between 138 and 839 whose remainder is 18 when divided by 41?","8811","Use the first term, last term, and number of terms.

Required sum:

8811","41","18","","","138","839"
"NS-REM-002:CP-005:NS-REM-002-HUMAN-REVIEW-500:CP-005:287","CP-005","Easy","Range Summation","QL-015","ES-009","Find the sum of all numbers between 82 and 95 that leave remainder 6 when divided by 13.","84","Find the valid numbers in the range.

They form an arithmetic sequence.

Sum the terms.

Answer:

84","13","6","","","82","95"
"NS-REM-002:CP-005:NS-REM-002-HUMAN-REVIEW-500:CP-005:288","CP-005","Medium","Range Summation","QL-015","ES-009","Find the sum of all numbers between 228 and 7687 that leave remainder 5 when divided by 38.","779529","Find the valid numbers in the range.

They form an arithmetic sequence.

Sum the terms.

Answer:

779529","38","5","","","228","7687"
"NS-REM-002:CP-005:NS-REM-002-HUMAN-REVIEW-500:CP-005:289","CP-005","Medium","Range Summation","QL-015","ES-010","Find the sum of all numbers between 309 and 6200 that leave remainder 20 when divided by 22.","868818","Use the first term, last term, and number of terms.

Required sum:

868818","22","20","","","309","6200"
"NS-REM-002:CP-005:NS-REM-002-HUMAN-REVIEW-500:CP-005:290","CP-005","Easy","Range Summation","QL-016","ES-010","Add all integers from 145 to 153 that give remainder 4 on division by 8.","148","Use the first term, last term, and number of terms.

Required sum:

148","8","4","","","145","153"
"NS-REM-002:CP-005:NS-REM-002-HUMAN-REVIEW-500:CP-005:291","CP-005","Medium","Range Summation","QL-016","ES-010","Add all integers from 1587 to 5437 that give remainder 2 on division by 37.","363844","Use the first term, last term, and number of terms.

Required sum:

363844","37","2","","","1587","5437"
"NS-REM-002:CP-005:NS-REM-002-HUMAN-REVIEW-500:CP-005:292","CP-005","Medium","Range Summation","QL-015","ES-010","Find the sum of all numbers between 869 and 3974 that leave remainder 3 when divided by 11.","685709","Use the first term, last term, and number of terms.

Required sum:

685709","11","3","","","869","3974"
"NS-REM-002:CP-005:NS-REM-002-HUMAN-REVIEW-500:CP-005:293","CP-005","Medium","Range Summation","QL-017","ES-010","What is the sum of numbers between 101 and 7120 whose remainder is 13 when divided by 22?","1155200","Use the first term, last term, and number of terms.

Required sum:

1155200","22","13","","","101","7120"
"NS-REM-002:CP-005:NS-REM-002-HUMAN-REVIEW-500:CP-005:294","CP-005","Easy","Range Summation","QL-016","ES-010","Add all integers from 180 to 376 that give remainder 8 on division by 10.","5282","Use the first term, last term, and number of terms.

Required sum:

5282","10","8","","","180","376"
"NS-REM-002:CP-005:NS-REM-002-HUMAN-REVIEW-500:CP-005:295","CP-005","Medium","Range Summation","QL-015","ES-010","Find the sum of all numbers between 142 and 3173 that leave remainder 26 when divided by 27.","185864","Use the first term, last term, and number of terms.

Required sum:

185864","27","26","","","142","3173"
"NS-REM-002:CP-005:NS-REM-002-HUMAN-REVIEW-500:CP-005:296","CP-005","Medium","Range Summation","QL-016","ES-009","Add all integers from 1623 to 7188 that give remainder 2 on division by 45.","542676","Find the valid numbers in the range.

They form an arithmetic sequence.

Sum the terms.

Answer:

542676","45","2","","","1623","7188"
"NS-REM-002:CP-005:NS-REM-002-HUMAN-REVIEW-500:CP-005:297","CP-005","Medium","Range Summation","QL-017","ES-009","What is the sum of numbers between 1416 and 5034 whose remainder is 0 when divided by 5?","2331675","Find the valid numbers in the range.

They form an arithmetic sequence.

Sum the terms.

Answer:

2331675","5","0","","","1416","5034"
"NS-REM-002:CP-005:NS-REM-002-HUMAN-REVIEW-500:CP-005:298","CP-005","Hard","Range Summation","QL-015","ES-010","Find the sum of all numbers between 7640 and 24497 that leave remainder 4 when divided by 22.","12313450","Use the first term, last term, and number of terms.

Required sum:

12313450","22","4","","","7640","24497"
"NS-REM-002:CP-005:NS-REM-002-HUMAN-REVIEW-500:CP-005:299","CP-005","Easy","Range Summation","QL-016","ES-010","Add all integers from 148 to 268 that give remainder 1 on division by 7.","3735","Use the first term, last term, and number of terms.

Required sum:

3735","7","1","","","148","268"
"NS-REM-002:CP-005:NS-REM-002-HUMAN-REVIEW-500:CP-005:300","CP-005","Medium","Range Summation","QL-015","ES-010","Find the sum of all numbers between 1808 and 7087 that leave remainder 6 when divided by 8.","2937000","Use the first term, last term, and number of terms.

Required sum:

2937000","8","6","","","1808","7087"
"NS-REM-002:CP-005:NS-REM-002-HUMAN-REVIEW-500:CP-005:301","CP-005","Easy","Range Summation","QL-015","ES-009","Find the sum of all numbers between 183 and 459 that leave remainder 5 when divided by 10.","8960","Find the valid numbers in the range.

They form an arithmetic sequence.

Sum the terms.

Answer:

8960","10","5","","","183","459"
"NS-REM-002:CP-005:NS-REM-002-HUMAN-REVIEW-500:CP-005:302","CP-005","Hard","Range Summation","QL-017","ES-010","What is the sum of numbers between 8290 and 45699 whose remainder is 12 when divided by 39?","25893000","Use the first term, last term, and number of terms.

Required sum:

25893000","39","12","","","8290","45699"
"NS-REM-002:CP-005:NS-REM-002-HUMAN-REVIEW-500:CP-005:303","CP-005","Easy","Range Summation","QL-015","ES-010","Find the sum of all numbers between 23 and 241 that leave remainder 1 when divided by 6.","4921","Use the first term, last term, and number of terms.

Required sum:

4921","6","1","","","23","241"
"NS-REM-002:CP-005:NS-REM-002-HUMAN-REVIEW-500:CP-005:304","CP-005","Hard","Range Summation","QL-017","ES-010","What is the sum of numbers between 6862 and 39017 whose remainder is 10 when divided by 48?","15363100","Use the first term, last term, and number of terms.

Required sum:

15363100","48","10","","","6862","39017"
"NS-REM-002:CP-005:NS-REM-002-HUMAN-REVIEW-500:CP-005:305","CP-005","Hard","Range Summation","QL-016","ES-009","Add all integers from 8010 to 48994 that give remainder 63 on division by 78.","14987844","Find the valid numbers in the range.

They form an arithmetic sequence.

Sum the terms.

Answer:

14987844","78","63","","","8010","48994"
"NS-REM-002:CP-005:NS-REM-002-HUMAN-REVIEW-500:CP-005:306","CP-005","Hard","Range Summation","QL-016","ES-009","Add all integers from 5311 to 38844 that give remainder 10 on division by 26.","28471590","Find the valid numbers in the range.

They form an arithmetic sequence.

Sum the terms.

Answer:

28471590","26","10","","","5311","38844"
"NS-REM-002:CP-005:NS-REM-002-HUMAN-REVIEW-500:CP-005:307","CP-005","Easy","Range Summation","QL-016","ES-009","Add all integers from 68 to 213 that give remainder 4 on division by 7.","2810","Find the valid numbers in the range.

They form an arithmetic sequence.

Sum the terms.

Answer:

2810","7","4","","","68","213"
"NS-REM-002:CP-005:NS-REM-002-HUMAN-REVIEW-500:CP-005:308","CP-005","Medium","Range Summation","QL-015","ES-010","Find the sum of all numbers between 1633 and 8546 that leave remainder 6 when divided by 24.","1463616","Use the first term, last term, and number of terms.

Required sum:

1463616","24","6","","","1633","8546"
"NS-REM-002:CP-005:NS-REM-002-HUMAN-REVIEW-500:CP-005:309","CP-005","Hard","Range Summation","QL-017","ES-009","What is the sum of numbers between 9275 and 25003 whose remainder is 39 when divided by 90?","2999325","Find the valid numbers in the range.

They form an arithmetic sequence.

Sum the terms.

Answer:

2999325","90","39","","","9275","25003"
"NS-REM-002:CP-005:NS-REM-002-HUMAN-REVIEW-500:CP-005:310","CP-005","Medium","Range Summation","QL-016","ES-009","Add all integers from 1337 to 8766 that give remainder 9 on division by 21.","1791063","Find the valid numbers in the range.

They form an arithmetic sequence.

Sum the terms.

Answer:

1791063","21","9","","","1337","8766"
"NS-REM-002:CP-005:NS-REM-002-HUMAN-REVIEW-500:CP-005:311","CP-005","Easy","Range Summation","QL-015","ES-010","Find the sum of all numbers between 89 and 346 that leave remainder 0 when divided by 2.","28122","Use the first term, last term, and number of terms.

Required sum:

28122","2","0","","","89","346"
"NS-REM-002:CP-005:NS-REM-002-HUMAN-REVIEW-500:CP-005:312","CP-005","Hard","Range Summation","QL-017","ES-010","What is the sum of numbers between 6351 and 27024 whose remainder is 5 when divided by 15?","23002265","Use the first term, last term, and number of terms.

Required sum:

23002265","15","5","","","6351","27024"
"NS-REM-002:CP-005:NS-REM-002-HUMAN-REVIEW-500:CP-005:313","CP-005","Medium","Range Summation","QL-017","ES-009","What is the sum of numbers between 1342 and 9839 whose remainder is 0 when divided by 5?","9497410","Find the valid numbers in the range.

They form an arithmetic sequence.

Sum the terms.

Answer:

9497410","5","0","","","1342","9839"
"NS-REM-002:CP-005:NS-REM-002-HUMAN-REVIEW-500:CP-005:314","CP-005","Medium","Range Summation","QL-017","ES-010","What is the sum of numbers between 861 and 5786 whose remainder is 7 when divided by 12?","1363250","Use the first term, last term, and number of terms.

Required sum:

1363250","12","7","","","861","5786"
"NS-REM-002:CP-005:NS-REM-002-HUMAN-REVIEW-500:CP-005:315","CP-005","Easy","Range Summation","QL-016","ES-009","Add all integers from 83 to 465 that give remainder 10 on division by 14.","7452","Find the valid numbers in the range.

They form an arithmetic sequence.

Sum the terms.

Answer:

7452","14","10","","","83","465"
"NS-REM-002:CP-005:NS-REM-002-HUMAN-REVIEW-500:CP-005:316","CP-005","Medium","Range Summation","QL-016","ES-010","Add all integers from 1136 to 5755 that give remainder 1 on division by 33.","482930","Use the first term, last term, and number of terms.

Required sum:

482930","33","1","","","1136","5755"
"NS-REM-002:CP-005:NS-REM-002-HUMAN-REVIEW-500:CP-005:317","CP-005","Medium","Range Summation","QL-016","ES-010","Add all integers from 1241 to 4268 that give remainder 7 on division by 17.","489945","Use the first term, last term, and number of terms.

Required sum:

489945","17","7","","","1241","4268"
"NS-REM-002:CP-005:NS-REM-002-HUMAN-REVIEW-500:CP-005:318","CP-005","Medium","Range Summation","QL-015","ES-009","Find the sum of all numbers between 1070 and 8408 that leave remainder 31 when divided by 36.","964716","Find the valid numbers in the range.

They form an arithmetic sequence.

Sum the terms.

Answer:

964716","36","31","","","1070","8408"
"NS-REM-002:CP-005:NS-REM-002-HUMAN-REVIEW-500:CP-005:319","CP-005","Easy","Range Summation","QL-016","ES-009","Add all integers from 112 to 200 that give remainder 2 on division by 6.","2370","Find the valid numbers in the range.

They form an arithmetic sequence.

Sum the terms.

Answer:

2370","6","2","","","112","200"
"NS-REM-002:CP-005:NS-REM-002-HUMAN-REVIEW-500:CP-005:320","CP-005","Hard","Range Summation","QL-017","ES-010","What is the sum of numbers between 6256 and 17508 whose remainder is 4 when divided by 12?","11141564","Use the first term, last term, and number of terms.

Required sum:

11141564","12","4","","","6256","17508"
"NS-REM-002:CP-005:NS-REM-002-HUMAN-REVIEW-500:CP-005:321","CP-005","Hard","Range Summation","QL-016","ES-010","Add all integers from 9688 to 39412 that give remainder 1 on division by 2.","364862100","Use the first term, last term, and number of terms.

Required sum:

364862100","2","1","","","9688","39412"
"NS-REM-002:CP-005:NS-REM-002-HUMAN-REVIEW-500:CP-005:322","CP-005","Easy","Range Summation","QL-016","ES-009","Add all integers from 107 to 118 that give remainder 2 on division by 3.","446","Find the valid numbers in the range.

They form an arithmetic sequence.

Sum the terms.

Answer:

446","3","2","","","107","118"
"NS-REM-002:CP-005:NS-REM-002-HUMAN-REVIEW-500:CP-005:323","CP-005","Medium","Range Summation","QL-017","ES-010","What is the sum of numbers between 1845 and 1883 whose remainder is 5 when divided by 6?","13055","Use the first term, last term, and number of terms.

Required sum:

13055","6","5","","","1845","1883"
"NS-REM-002:CP-005:NS-REM-002-HUMAN-REVIEW-500:CP-005:324","CP-005","Medium","Range Summation","QL-017","ES-009","What is the sum of numbers between 931 and 7923 whose remainder is 24 when divided by 48?","644736","Find the valid numbers in the range.

They form an arithmetic sequence.

Sum the terms.

Answer:

644736","48","24","","","931","7923"
"NS-REM-002:CP-005:NS-REM-002-HUMAN-REVIEW-500:CP-005:325","CP-005","Hard","Range Summation","QL-016","ES-010","Add all integers from 6975 to 18356 that give remainder 19 on division by 30.","4812320","Use the first term, last term, and number of terms.

Required sum:

4812320","30","19","","","6975","18356"
"NS-REM-002:CP-005:NS-REM-002-HUMAN-REVIEW-500:CP-005:326","CP-005","Hard","Range Summation","QL-015","ES-009","Find the sum of all numbers between 4901 and 8798 that leave remainder 0 when divided by 66.","404976","Find the valid numbers in the range.

They form an arithmetic sequence.

Sum the terms.

Answer:

404976","66","0","","","4901","8798"
"NS-REM-002:CP-005:NS-REM-002-HUMAN-REVIEW-500:CP-005:327","CP-005","Hard","Range Summation","QL-017","ES-010","What is the sum of numbers between 3161 and 48180 whose remainder is 30 when divided by 95?","12149805","Use the first term, last term, and number of terms.

Required sum:

12149805","95","30","","","3161","48180"
"NS-REM-002:CP-005:NS-REM-002-HUMAN-REVIEW-500:CP-005:328","CP-005","Hard","Range Summation","QL-016","ES-010","Add all integers from 8846 to 12895 that give remainder 0 on division by 6.","7338600","Use the first term, last term, and number of terms.

Required sum:

7338600","6","0","","","8846","12895"
"NS-REM-002:CP-005:NS-REM-002-HUMAN-REVIEW-500:CP-005:329","CP-005","Medium","Range Summation","QL-015","ES-010","Find the sum of all numbers between 126 and 751 that leave remainder 5 when divided by 6.","45760","Use the first term, last term, and number of terms.

Required sum:

45760","6","5","","","126","751"
"NS-REM-002:CP-005:NS-REM-002-HUMAN-REVIEW-500:CP-005:330","CP-005","Hard","Range Summation","QL-015","ES-010","Find the sum of all numbers between 1945 and 37317 that leave remainder 23 when divided by 53.","13095211","Use the first term, last term, and number of terms.

Required sum:

13095211","53","23","","","1945","37317"
"NS-REM-002:CP-005:NS-REM-002-HUMAN-REVIEW-500:CP-005:331","CP-005","Easy","Range Summation","QL-016","ES-010","Add all integers from 94 to 409 that give remainder 4 on division by 7.","11205","Use the first term, last term, and number of terms.

Required sum:

11205","7","4","","","94","409"
"NS-REM-002:CP-005:NS-REM-002-HUMAN-REVIEW-500:CP-005:332","CP-005","Easy","Range Summation","QL-015","ES-010","Find the sum of all numbers between 171 and 362 that leave remainder 3 when divided by 8.","6312","Use the first term, last term, and number of terms.

Required sum:

6312","8","3","","","171","362"
"NS-REM-002:CP-005:NS-REM-002-HUMAN-REVIEW-500:CP-005:333","CP-005","Easy","Range Summation","QL-016","ES-009","Add all integers from 130 to 239 that give remainder 1 on division by 3.","6808","Find the valid numbers in the range.

They form an arithmetic sequence.

Sum the terms.

Answer:

6808","3","1","","","130","239"
"NS-REM-002:CP-005:NS-REM-002-HUMAN-REVIEW-500:CP-005:334","CP-005","Easy","Range Summation","QL-017","ES-010","What is the sum of numbers between 77 and 151 whose remainder is 1 when divided by 4?","2147","Use the first term, last term, and number of terms.

Required sum:

2147","4","1","","","77","151"
"NS-REM-002:CP-005:NS-REM-002-HUMAN-REVIEW-500:CP-005:335","CP-005","Medium","Range Summation","QL-017","ES-009","What is the sum of numbers between 1794 and 2271 whose remainder is 2 when divided by 48?","20420","Find the valid numbers in the range.

They form an arithmetic sequence.

Sum the terms.

Answer:

20420","48","2","","","1794","2271"
"NS-REM-002:CP-005:NS-REM-002-HUMAN-REVIEW-500:CP-005:336","CP-005","Easy","Range Summation","QL-016","ES-010","Add all integers from 95 to 299 that give remainder 4 on division by 11.","3537","Use the first term, last term, and number of terms.

Required sum:

3537","11","4","","","95","299"
"NS-REM-002:CP-005:NS-REM-002-HUMAN-REVIEW-500:CP-005:337","CP-005","Hard","Range Summation","QL-016","ES-010","Add all integers from 3145 to 36650 that give remainder 5 on division by 33.","20202560","Use the first term, last term, and number of terms.

Required sum:

20202560","33","5","","","3145","36650"
"NS-REM-002:CP-005:NS-REM-002-HUMAN-REVIEW-500:CP-005:338","CP-005","Medium","Range Summation","QL-016","ES-009","Add all integers from 662 to 8061 that give remainder 5 on division by 8.","4037625","Find the valid numbers in the range.

They form an arithmetic sequence.

Sum the terms.

Answer:

4037625","8","5","","","662","8061"
"NS-REM-002:CP-005:NS-REM-002-HUMAN-REVIEW-500:CP-005:339","CP-005","Medium","Range Summation","QL-015","ES-009","Find the sum of all numbers between 1053 and 1525 that leave remainder 6 when divided by 15.","41232","Find the valid numbers in the range.

They form an arithmetic sequence.

Sum the terms.

Answer:

41232","15","6","","","1053","1525"
"NS-REM-002:CP-005:NS-REM-002-HUMAN-REVIEW-500:CP-005:340","CP-005","Medium","Range Summation","QL-015","ES-010","Find the sum of all numbers between 1447 and 7318 that leave remainder 2 when divided by 22.","1169460","Use the first term, last term, and number of terms.

Required sum:

1169460","22","2","","","1447","7318"
"NS-REM-002:CP-005:NS-REM-002-HUMAN-REVIEW-500:CP-005:341","CP-005","Easy","Range Summation","QL-015","ES-010","Find the sum of all numbers between 133 and 309 that leave remainder 14 when divided by 15.","2598","Use the first term, last term, and number of terms.

Required sum:

2598","15","14","","","133","309"
"NS-REM-002:CP-005:NS-REM-002-HUMAN-REVIEW-500:CP-005:342","CP-005","Medium","Range Summation","QL-016","ES-009","Add all integers from 190 to 8128 that give remainder 7 on division by 21.","1570401","Find the valid numbers in the range.

They form an arithmetic sequence.

Sum the terms.

Answer:

1570401","21","7","","","190","8128"
"NS-REM-002:CP-005:NS-REM-002-HUMAN-REVIEW-500:CP-005:343","CP-005","Easy","Range Summation","QL-015","ES-010","Find the sum of all numbers between 151 and 457 that leave remainder 15 when divided by 16.","5757","Use the first term, last term, and number of terms.

Required sum:

5757","16","15","","","151","457"
"NS-REM-002:CP-005:NS-REM-002-HUMAN-REVIEW-500:CP-005:344","CP-005","Easy","Range Summation","QL-017","ES-010","What is the sum of numbers between 150 and 168 whose remainder is 0 when divided by 18?","162","Use the first term, last term, and number of terms.

Required sum:

162","18","0","","","150","168"
"NS-REM-002:CP-005:NS-REM-002-HUMAN-REVIEW-500:CP-005:345","CP-005","Hard","Range Summation","QL-016","ES-009","Add all integers from 1334 to 26585 that give remainder 15 on division by 37.","9537412","Find the valid numbers in the range.

They form an arithmetic sequence.

Sum the terms.

Answer:

9537412","37","15","","","1334","26585"
"NS-REM-002:CP-005:NS-REM-002-HUMAN-REVIEW-500:CP-005:346","CP-005","Easy","Range Summation","QL-016","ES-009","Add all integers from 142 to 360 that give remainder 4 on division by 8.","6804","Find the valid numbers in the range.

They form an arithmetic sequence.

Sum the terms.

Answer:

6804","8","4","","","142","360"
"NS-REM-002:CP-005:NS-REM-002-HUMAN-REVIEW-500:CP-005:347","CP-005","Hard","Range Summation","QL-015","ES-009","Find the sum of all numbers between 6362 and 10889 that leave remainder 19 when divided by 20.","1950154","Find the valid numbers in the range.

They form an arithmetic sequence.

Sum the terms.

Answer:

1950154","20","19","","","6362","10889"
"NS-REM-002:CP-005:NS-REM-002-HUMAN-REVIEW-500:CP-005:348","CP-005","Easy","Range Summation","QL-017","ES-010","What is the sum of numbers between 194 and 308 whose remainder is 2 when divided by 6?","5020","Use the first term, last term, and number of terms.

Required sum:

5020","6","2","","","194","308"
"NS-REM-002:CP-005:NS-REM-002-HUMAN-REVIEW-500:CP-005:349","CP-005","Hard","Range Summation","QL-016","ES-009","Add all integers from 7150 to 25034 that give remainder 9 on division by 56.","5129839","Find the valid numbers in the range.

They form an arithmetic sequence.

Sum the terms.

Answer:

5129839","56","9","","","7150","25034"
"NS-REM-002:CP-005:NS-REM-002-HUMAN-REVIEW-500:CP-005:350","CP-005","Medium","Range Summation","QL-017","ES-009","What is the sum of numbers between 717 and 8611 whose remainder is 15 when divided by 44?","838260","Find the valid numbers in the range.

They form an arithmetic sequence.

Sum the terms.

Answer:

838260","44","15","","","717","8611"
"NS-REM-002:CP-005:NS-REM-002-HUMAN-REVIEW-500:CP-005:351","CP-005","Medium","Range Summation","QL-017","ES-010","What is the sum of numbers between 1953 and 1998 whose remainder is 23 when divided by 45?","1958","Use the first term, last term, and number of terms.

Required sum:

1958","45","23","","","1953","1998"
"NS-REM-002:CP-005:NS-REM-002-HUMAN-REVIEW-500:CP-005:352","CP-005","Medium","Range Summation","QL-015","ES-009","Find the sum of all numbers between 508 and 2926 that leave remainder 22 when divided by 25.","167034","Find the valid numbers in the range.

They form an arithmetic sequence.

Sum the terms.

Answer:

167034","25","22","","","508","2926"
"NS-REM-002:CP-005:NS-REM-002-HUMAN-REVIEW-500:CP-005:353","CP-005","Hard","Range Summation","QL-016","ES-010","Add all integers from 4998 to 36695 that give remainder 1 on division by 5.","132142794","Use the first term, last term, and number of terms.

Required sum:

132142794","5","1","","","4998","36695"
"NS-REM-002:CP-005:NS-REM-002-HUMAN-REVIEW-500:CP-005:354","CP-005","Medium","Range Summation","QL-016","ES-009","Add all integers from 821 to 2925 that give remainder 11 on division by 14.","282823","Find the valid numbers in the range.

They form an arithmetic sequence.

Sum the terms.

Answer:

282823","14","11","","","821","2925"
"NS-REM-002:CP-005:NS-REM-002-HUMAN-REVIEW-500:CP-005:355","CP-005","Easy","Range Summation","QL-017","ES-010","What is the sum of numbers between 145 and 163 whose remainder is 0 when divided by 18?","162","Use the first term, last term, and number of terms.

Required sum:

162","18","0","","","145","163"
"NS-REM-002:CP-005:NS-REM-002-HUMAN-REVIEW-500:CP-005:356","CP-005","Hard","Range Summation","QL-015","ES-010","Find the sum of all numbers between 6305 and 18366 that leave remainder 5 when divided by 34.","4383185","Use the first term, last term, and number of terms.

Required sum:

4383185","34","5","","","6305","18366"
"NS-REM-002:CP-005:NS-REM-002-HUMAN-REVIEW-500:CP-005:357","CP-005","Easy","Range Summation","QL-017","ES-009","What is the sum of numbers between 161 and 224 whose remainder is 0 when divided by 2?","6176","Find the valid numbers in the range.

They form an arithmetic sequence.

Sum the terms.

Answer:

6176","2","0","","","161","224"
"NS-REM-002:CP-005:NS-REM-002-HUMAN-REVIEW-500:CP-005:358","CP-005","Medium","Range Summation","QL-017","ES-009","What is the sum of numbers between 1365 and 6394 whose remainder is 23 when divided by 39?","501036","Find the valid numbers in the range.

They form an arithmetic sequence.

Sum the terms.

Answer:

501036","39","23","","","1365","6394"
"NS-REM-002:CP-005:NS-REM-002-HUMAN-REVIEW-500:CP-005:359","CP-005","Easy","Range Summation","QL-016","ES-009","Add all integers from 126 to 290 that give remainder 0 on division by 5.","6930","Find the valid numbers in the range.

They form an arithmetic sequence.

Sum the terms.

Answer:

6930","5","0","","","126","290"
"NS-REM-002:CP-005:NS-REM-002-HUMAN-REVIEW-500:CP-005:360","CP-005","Medium","Range Summation","QL-017","ES-009","What is the sum of numbers between 1779 and 3444 whose remainder is 15 when divided by 47?","91000","Find the valid numbers in the range.

They form an arithmetic sequence.

Sum the terms.

Answer:

91000","47","15","","","1779","3444"
"NS-REM-002:CP-005:NS-REM-002-HUMAN-REVIEW-500:CP-005:361","CP-005","Hard","Range Summation","QL-016","ES-009","Add all integers from 4363 to 24507 that give remainder 0 on division by 5.","58158615","Find the valid numbers in the range.

They form an arithmetic sequence.

Sum the terms.

Answer:

58158615","5","0","","","4363","24507"
"NS-REM-002:CP-005:NS-REM-002-HUMAN-REVIEW-500:CP-005:362","CP-005","Medium","Range Summation","QL-017","ES-010","What is the sum of numbers between 148 and 7355 whose remainder is 2 when divided by 6?","4506152","Use the first term, last term, and number of terms.

Required sum:

4506152","6","2","","","148","7355"
"NS-REM-002:CP-005:NS-REM-002-HUMAN-REVIEW-500:CP-005:363","CP-005","Easy","Range Summation","QL-015","ES-010","Find the sum of all numbers between 67 and 111 that leave remainder 2 when divided by 11.","338","Use the first term, last term, and number of terms.

Required sum:

338","11","2","","","67","111"
"NS-REM-002:CP-005:NS-REM-002-HUMAN-REVIEW-500:CP-005:364","CP-005","Medium","Range Summation","QL-015","ES-010","Find the sum of all numbers between 1675 and 9138 that leave remainder 3 when divided by 9.","4488225","Use the first term, last term, and number of terms.

Required sum:

4488225","9","3","","","1675","9138"
"NS-REM-002:CP-005:NS-REM-002-HUMAN-REVIEW-500:CP-005:365","CP-005","Easy","Range Summation","QL-017","ES-010","What is the sum of numbers between 144 and 353 whose remainder is 3 when divided by 16?","3159","Use the first term, last term, and number of terms.

Required sum:

3159","16","3","","","144","353"
"NS-REM-002:CP-005:NS-REM-002-HUMAN-REVIEW-500:CP-005:366","CP-005","Medium","Range Summation","QL-015","ES-010","Find the sum of all numbers between 1902 and 5714 that leave remainder 6 when divided by 8.","1815462","Use the first term, last term, and number of terms.

Required sum:

1815462","8","6","","","1902","5714"
"NS-REM-002:CP-005:NS-REM-002-HUMAN-REVIEW-500:CP-005:367","CP-005","Easy","Range Summation","QL-017","ES-010","What is the sum of numbers between 82 and 137 whose remainder is 6 when divided by 11?","525","Use the first term, last term, and number of terms.

Required sum:

525","11","6","","","82","137"
"NS-REM-002:CP-005:NS-REM-002-HUMAN-REVIEW-500:CP-005:368","CP-005","Medium","Range Summation","QL-015","ES-009","Find the sum of all numbers between 1312 and 6274 that leave remainder 10 when divided by 14.","1345450","Find the valid numbers in the range.

They form an arithmetic sequence.

Sum the terms.

Answer:

1345450","14","10","","","1312","6274"
"NS-REM-002:CP-005:NS-REM-002-HUMAN-REVIEW-500:CP-005:369","CP-005","Medium","Range Summation","QL-015","ES-009","Find the sum of all numbers between 476 and 8293 that leave remainder 0 when divided by 25.","1368900","Find the valid numbers in the range.

They form an arithmetic sequence.

Sum the terms.

Answer:

1368900","25","0","","","476","8293"
"NS-REM-002:CP-005:NS-REM-002-HUMAN-REVIEW-500:CP-005:370","CP-005","Easy","Range Summation","QL-016","ES-010","Add all integers from 124 to 432 that give remainder 5 on division by 20.","4400","Use the first term, last term, and number of terms.

Required sum:

4400","20","5","","","124","432"
"NS-REM-002:CP-005:NS-REM-002-HUMAN-REVIEW-500:CP-005:371","CP-005","Medium","Range Summation","QL-015","ES-009","Find the sum of all numbers between 1814 and 5738 that leave remainder 22 when divided by 28.","532134","Find the valid numbers in the range.

They form an arithmetic sequence.

Sum the terms.

Answer:

532134","28","22","","","1814","5738"
"NS-REM-002:CP-005:NS-REM-002-HUMAN-REVIEW-500:CP-005:372","CP-005","Medium","Range Summation","QL-016","ES-010","Add all integers from 896 to 6776 that give remainder 1 on division by 26.","866936","Use the first term, last term, and number of terms.

Required sum:

866936","26","1","","","896","6776"
"NS-REM-002:CP-005:NS-REM-002-HUMAN-REVIEW-500:CP-005:373","CP-005","Easy","Range Summation","QL-016","ES-010","Add all integers from 33 to 117 that give remainder 0 on division by 2.","3150","Use the first term, last term, and number of terms.

Required sum:

3150","2","0","","","33","117"
"NS-REM-002:CP-005:NS-REM-002-HUMAN-REVIEW-500:CP-005:374","CP-005","Hard","Range Summation","QL-017","ES-010","What is the sum of numbers between 5644 and 19662 whose remainder is 25 when divided by 100?","1774500","Use the first term, last term, and number of terms.

Required sum:

1774500","100","25","","","5644","19662"
"NS-REM-002:CP-005:NS-REM-002-HUMAN-REVIEW-500:CP-005:375","CP-005","Easy","Range Summation","QL-015","ES-009","Find the sum of all numbers between 192 and 371 that leave remainder 0 when divided by 9.","5670","Find the valid numbers in the range.

They form an arithmetic sequence.

Sum the terms.

Answer:

5670","9","0","","","192","371"
"NS-REM-002:CP-005:NS-REM-002-HUMAN-REVIEW-500:CP-005:376","CP-005","Easy","Range Summation","QL-017","ES-009","What is the sum of numbers between 70 and 458 whose remainder is 1 when divided by 7?","14756","Find the valid numbers in the range.

They form an arithmetic sequence.

Sum the terms.

Answer:

14756","7","1","","","70","458"
"NS-REM-002:CP-005:NS-REM-002-HUMAN-REVIEW-500:CP-005:377","CP-005","Easy","Range Summation","QL-015","ES-009","Find the sum of all numbers between 88 and 373 that leave remainder 8 when divided by 12.","5520","Find the valid numbers in the range.

They form an arithmetic sequence.

Sum the terms.

Answer:

5520","12","8","","","88","373"
"NS-REM-002:CP-005:NS-REM-002-HUMAN-REVIEW-500:CP-005:378","CP-005","Hard","Range Summation","QL-016","ES-010","Add all integers from 3389 to 32177 that give remainder 25 on division by 42.","12186835","Use the first term, last term, and number of terms.

Required sum:

12186835","42","25","","","3389","32177"
"NS-REM-002:CP-005:NS-REM-002-HUMAN-REVIEW-500:CP-005:379","CP-005","Medium","Range Summation","QL-017","ES-010","What is the sum of numbers between 808 and 2309 whose remainder is 5 when divided by 7?","335185","Use the first term, last term, and number of terms.

Required sum:

335185","7","5","","","808","2309"
"NS-REM-002:CP-005:NS-REM-002-HUMAN-REVIEW-500:CP-005:380","CP-005","Medium","Range Summation","QL-016","ES-009","Add all integers from 1612 to 8722 that give remainder 15 on division by 43.","853875","Find the valid numbers in the range.

They form an arithmetic sequence.

Sum the terms.

Answer:

853875","43","15","","","1612","8722"
"NS-REM-002:CP-005:NS-REM-002-HUMAN-REVIEW-500:CP-005:381","CP-005","Hard","Range Summation","QL-016","ES-010","Add all integers from 9837 to 17713 that give remainder 75 on division by 82.","1325760","Use the first term, last term, and number of terms.

Required sum:

1325760","82","75","","","9837","17713"
"NS-REM-002:CP-005:NS-REM-002-HUMAN-REVIEW-500:CP-005:382","CP-005","Easy","Range Summation","QL-015","ES-010","Find the sum of all numbers between 71 and 307 that leave remainder 1 when divided by 3.","15010","Use the first term, last term, and number of terms.

Required sum:

15010","3","1","","","71","307"
"NS-REM-002:CP-005:NS-REM-002-HUMAN-REVIEW-500:CP-005:383","CP-005","Medium","Range Summation","QL-016","ES-010","Add all integers from 1232 to 7998 that give remainder 43 on division by 48.","649023","Use the first term, last term, and number of terms.

Required sum:

649023","48","43","","","1232","7998"
"NS-REM-002:CP-005:NS-REM-002-HUMAN-REVIEW-500:CP-005:384","CP-005","Medium","Range Summation","QL-015","ES-010","Find the sum of all numbers between 1713 and 4792 that leave remainder 7 when divided by 31.","322938","Use the first term, last term, and number of terms.

Required sum:

322938","31","7","","","1713","4792"
"NS-REM-002:CP-005:NS-REM-002-HUMAN-REVIEW-500:CP-005:385","CP-005","Hard","Range Summation","QL-015","ES-010","Find the sum of all numbers between 6962 and 19610 that leave remainder 3 when divided by 31.","5420892","Use the first term, last term, and number of terms.

Required sum:

5420892","31","3","","","6962","19610"
"NS-REM-002:CP-005:NS-REM-002-HUMAN-REVIEW-500:CP-005:386","CP-005","Medium","Range Summation","QL-015","ES-009","Find the sum of all numbers between 1851 and 5591 that leave remainder 0 when divided by 20.","695640","Find the valid numbers in the range.

They form an arithmetic sequence.

Sum the terms.

Answer:

695640","20","0","","","1851","5591"
"NS-REM-002:CP-005:NS-REM-002-HUMAN-REVIEW-500:CP-005:387","CP-005","Medium","Range Summation","QL-017","ES-010","What is the sum of numbers between 1708 and 1716 whose remainder is 7 when divided by 8?","1711","Use the first term, last term, and number of terms.

Required sum:

1711","8","7","","","1708","1716"
"NS-REM-002:CP-005:NS-REM-002-HUMAN-REVIEW-500:CP-005:388","CP-005","Easy","Range Summation","QL-016","ES-009","Add all integers from 177 to 402 that give remainder 8 on division by 13.","5175","Find the valid numbers in the range.

They form an arithmetic sequence.

Sum the terms.

Answer:

5175","13","8","","","177","402"
"NS-REM-002:CP-005:NS-REM-002-HUMAN-REVIEW-500:CP-005:389","CP-005","Easy","Range Summation","QL-015","ES-009","Find the sum of all numbers between 64 and 201 that leave remainder 9 when divided by 12.","1620","Find the valid numbers in the range.

They form an arithmetic sequence.

Sum the terms.

Answer:

1620","12","9","","","64","201"
"NS-REM-002:CP-005:NS-REM-002-HUMAN-REVIEW-500:CP-005:390","CP-005","Hard","Range Summation","QL-017","ES-009","What is the sum of numbers between 8142 and 39269 whose remainder is 22 when divided by 85?","8672187","Find the valid numbers in the range.

They form an arithmetic sequence.

Sum the terms.

Answer:

8672187","85","22","","","8142","39269"
"NS-REM-002:CP-005:NS-REM-002-HUMAN-REVIEW-500:CP-005:391","CP-005","Medium","Range Summation","QL-017","ES-009","What is the sum of numbers between 1915 and 9012 whose remainder is 0 when divided by 32?","1211232","Find the valid numbers in the range.

They form an arithmetic sequence.

Sum the terms.

Answer:

1211232","32","0","","","1915","9012"
"NS-REM-002:CP-005:NS-REM-002-HUMAN-REVIEW-500:CP-005:392","CP-005","Easy","Range Summation","QL-015","ES-009","Find the sum of all numbers between 32 and 332 that leave remainder 1 when divided by 4.","13575","Find the valid numbers in the range.

They form an arithmetic sequence.

Sum the terms.

Answer:

13575","4","1","","","32","332"
"NS-REM-002:CP-005:NS-REM-002-HUMAN-REVIEW-500:CP-005:393","CP-005","Easy","Range Summation","QL-015","ES-010","Find the sum of all numbers between 105 and 283 that leave remainder 4 when divided by 9.","3950","Use the first term, last term, and number of terms.

Required sum:

3950","9","4","","","105","283"
"NS-REM-002:CP-005:NS-REM-002-HUMAN-REVIEW-500:CP-005:394","CP-005","Medium","Range Summation","QL-017","ES-010","What is the sum of numbers between 497 and 5205 whose remainder is 3 when divided by 32?","419097","Use the first term, last term, and number of terms.

Required sum:

419097","32","3","","","497","5205"
"NS-REM-002:CP-005:NS-REM-002-HUMAN-REVIEW-500:CP-005:395","CP-005","Hard","Range Summation","QL-016","ES-010","Add all integers from 9457 to 9475 that give remainder 10 on division by 18.","9460","Use the first term, last term, and number of terms.

Required sum:

9460","18","10","","","9457","9475"
"NS-REM-002:CP-005:NS-REM-002-HUMAN-REVIEW-500:CP-005:396","CP-005","Easy","Range Summation","QL-016","ES-010","Add all integers from 134 to 148 that give remainder 7 on division by 14.","147","Use the first term, last term, and number of terms.

Required sum:

147","14","7","","","134","148"
"NS-REM-002:CP-005:NS-REM-002-HUMAN-REVIEW-500:CP-005:397","CP-005","Medium","Range Summation","QL-016","ES-009","Add all integers from 1918 to 9654 that give remainder 26 on division by 28.","1595280","Find the valid numbers in the range.

They form an arithmetic sequence.

Sum the terms.

Answer:

1595280","28","26","","","1918","9654"
"NS-REM-002:CP-005:NS-REM-002-HUMAN-REVIEW-500:CP-005:398","CP-005","Easy","Range Summation","QL-015","ES-010","Find the sum of all numbers between 123 and 411 that leave remainder 5 when divided by 13.","5973","Use the first term, last term, and number of terms.

Required sum:

5973","13","5","","","123","411"
"NS-REM-002:CP-005:NS-REM-002-HUMAN-REVIEW-500:CP-005:399","CP-005","Medium","Range Summation","QL-017","ES-009","What is the sum of numbers between 1278 and 1313 whose remainder is 1 when divided by 35?","1296","Find the valid numbers in the range.

They form an arithmetic sequence.

Sum the terms.

Answer:

1296","35","1","","","1278","1313"
"NS-REM-002:CP-005:NS-REM-002-HUMAN-REVIEW-500:CP-005:400","CP-005","Hard","Range Summation","QL-015","ES-010","Find the sum of all numbers between 9743 and 19026 that leave remainder 22 when divided by 27.","4934398","Use the first term, last term, and number of terms.

Required sum:

4934398","27","22","","","9743","19026"
"NS-REM-002:CP-005:NS-REM-002-HUMAN-REVIEW-500:CP-005:401","CP-005","Medium","Range Summation","QL-016","ES-010","Add all integers from 1920 to 5152 that give remainder 12 on division by 14.","817740","Use the first term, last term, and number of terms.

Required sum:

817740","14","12","","","1920","5152"
"NS-REM-002:CP-005:NS-REM-002-HUMAN-REVIEW-500:CP-005:402","CP-005","Hard","Range Summation","QL-016","ES-010","Add all integers from 5456 to 10654 that give remainder 71 on division by 98.","424477","Use the first term, last term, and number of terms.

Required sum:

424477","98","71","","","5456","10654"
"NS-REM-002:CP-005:NS-REM-002-HUMAN-REVIEW-500:CP-005:403","CP-005","Easy","Range Summation","QL-017","ES-009","What is the sum of numbers between 114 and 194 whose remainder is 7 when divided by 9?","1359","Find the valid numbers in the range.

They form an arithmetic sequence.

Sum the terms.

Answer:

1359","9","7","","","114","194"
"NS-REM-002:CP-005:NS-REM-002-HUMAN-REVIEW-500:CP-005:404","CP-005","Medium","Range Summation","QL-015","ES-009","Find the sum of all numbers between 771 and 3758 that leave remainder 4 when divided by 21.","321133","Find the valid numbers in the range.

They form an arithmetic sequence.

Sum the terms.

Answer:

321133","21","4","","","771","3758"
"NS-REM-002:CP-005:NS-REM-002-HUMAN-REVIEW-500:CP-005:405","CP-005","Hard","Range Summation","QL-016","ES-010","Add all integers from 1417 to 21001 that give remainder 20 on division by 32.","6856848","Use the first term, last term, and number of terms.

Required sum:

6856848","32","20","","","1417","21001"
"NS-REM-002:CP-005:NS-REM-002-HUMAN-REVIEW-500:CP-005:406","CP-005","Medium","Range Summation","QL-016","ES-010","Add all integers from 476 to 3243 that give remainder 29 on division by 32.","161211","Use the first term, last term, and number of terms.

Required sum:

161211","32","29","","","476","3243"
"NS-REM-002:CP-005:NS-REM-002-HUMAN-REVIEW-500:CP-005:407","CP-005","Medium","Range Summation","QL-015","ES-010","Find the sum of all numbers between 1495 and 7321 that leave remainder 2 when divided by 3.","8559365","Use the first term, last term, and number of terms.

Required sum:

8559365","3","2","","","1495","7321"
"NS-REM-002:CP-005:NS-REM-002-HUMAN-REVIEW-500:CP-005:408","CP-005","Medium","Range Summation","QL-015","ES-010","Find the sum of all numbers between 120 and 8566 that leave remainder 3 when divided by 10.","3669835","Use the first term, last term, and number of terms.

Required sum:

3669835","10","3","","","120","8566"
"NS-REM-002:CP-005:NS-REM-002-HUMAN-REVIEW-500:CP-005:409","CP-005","Easy","Range Summation","QL-017","ES-009","What is the sum of numbers between 108 and 330 whose remainder is 0 when divided by 14?","3472","Find the valid numbers in the range.

They form an arithmetic sequence.

Sum the terms.

Answer:

3472","14","0","","","108","330"
"NS-REM-002:CP-005:NS-REM-002-HUMAN-REVIEW-500:CP-005:410","CP-005","Hard","Range Summation","QL-017","ES-010","What is the sum of numbers between 4835 and 40676 whose remainder is 22 when divided by 72?","11323524","Use the first term, last term, and number of terms.

Required sum:

11323524","72","22","","","4835","40676"
"NS-REM-002:CP-005:NS-REM-002-HUMAN-REVIEW-500:CP-005:411","CP-005","Easy","Range Summation","QL-017","ES-010","What is the sum of numbers between 160 and 457 whose remainder is 0 when divided by 9?","10098","Use the first term, last term, and number of terms.

Required sum:

10098","9","0","","","160","457"
"NS-REM-002:CP-005:NS-REM-002-HUMAN-REVIEW-500:CP-005:412","CP-005","Medium","Range Summation","QL-015","ES-010","Find the sum of all numbers between 1920 and 9688 that leave remainder 4 when divided by 22.","2051636","Use the first term, last term, and number of terms.

Required sum:

2051636","22","4","","","1920","9688"
"NS-REM-002:CP-005:NS-REM-002-HUMAN-REVIEW-500:CP-005:413","CP-005","Medium","Range Summation","QL-017","ES-010","What is the sum of numbers between 1815 and 5440 whose remainder is 15 when divided by 31?","426114","Use the first term, last term, and number of terms.

Required sum:

426114","31","15","","","1815","5440"
"NS-REM-002:CP-005:NS-REM-002-HUMAN-REVIEW-500:CP-005:414","CP-005","Easy","Range Summation","QL-015","ES-009","Find the sum of all numbers between 33 and 473 that leave remainder 4 when divided by 7.","16128","Find the valid numbers in the range.

They form an arithmetic sequence.

Sum the terms.

Answer:

16128","7","4","","","33","473"
"NS-REM-002:CP-005:NS-REM-002-HUMAN-REVIEW-500:CP-005:415","CP-005","Hard","Range Summation","QL-017","ES-010","What is the sum of numbers between 7695 and 41468 whose remainder is 10 when divided by 37?","22439714","Use the first term, last term, and number of terms.

Required sum:

22439714","37","10","","","7695","41468"
"NS-REM-002:CP-005:NS-REM-002-HUMAN-REVIEW-500:CP-005:416","CP-005","Medium","Range Summation","QL-015","ES-010","Find the sum of all numbers between 394 and 4659 that leave remainder 0 when divided by 4.","2692716","Use the first term, last term, and number of terms.

Required sum:

2692716","4","0","","","394","4659"
"NS-REM-002:CP-005:NS-REM-002-HUMAN-REVIEW-500:CP-005:417","CP-005","Medium","Range Summation","QL-017","ES-009","What is the sum of numbers between 506 and 8546 whose remainder is 7 when divided by 36?","1013600","Find the valid numbers in the range.

They form an arithmetic sequence.

Sum the terms.

Answer:

1013600","36","7","","","506","8546"
"NS-REM-002:CP-005:NS-REM-002-HUMAN-REVIEW-500:CP-005:418","CP-005","Medium","Range Summation","QL-015","ES-009","Find the sum of all numbers between 677 and 4406 that leave remainder 4 when divided by 17.","555603","Find the valid numbers in the range.

They form an arithmetic sequence.

Sum the terms.

Answer:

555603","17","4","","","677","4406"
"NS-REM-002:CP-005:NS-REM-002-HUMAN-REVIEW-500:CP-005:419","CP-005","Medium","Range Summation","QL-015","ES-010","Find the sum of all numbers between 596 and 5893 that leave remainder 31 when divided by 33.","519760","Use the first term, last term, and number of terms.

Required sum:

519760","33","31","","","596","5893"
"NS-REM-002:CP-005:NS-REM-002-HUMAN-REVIEW-500:CP-005:420","CP-005","Medium","Range Summation","QL-015","ES-009","Find the sum of all numbers between 789 and 7139 that leave remainder 29 when divided by 40.","627891","Find the valid numbers in the range.

They form an arithmetic sequence.

Sum the terms.

Answer:

627891","40","29","","","789","7139"
"NS-REM-002:CP-005:NS-REM-002-HUMAN-REVIEW-500:CP-005:421","CP-005","Easy","Range Summation","QL-016","ES-010","Add all integers from 35 to 154 that give remainder 0 on division by 18.","630","Use the first term, last term, and number of terms.

Required sum:

630","18","0","","","35","154"
"NS-REM-002:CP-005:NS-REM-002-HUMAN-REVIEW-500:CP-005:422","CP-005","Easy","Range Summation","QL-017","ES-010","What is the sum of numbers between 56 and 494 whose remainder is 3 when divided by 8?","15125","Use the first term, last term, and number of terms.

Required sum:

15125","8","3","","","56","494"
"NS-REM-002:CP-005:NS-REM-002-HUMAN-REVIEW-500:CP-005:423","CP-005","Easy","Range Summation","QL-015","ES-010","Find the sum of all numbers between 50 and 401 that leave remainder 10 when divided by 15.","5460","Use the first term, last term, and number of terms.

Required sum:

5460","15","10","","","50","401"
"NS-REM-002:CP-005:NS-REM-002-HUMAN-REVIEW-500:CP-005:424","CP-005","Hard","Range Summation","QL-016","ES-010","Add all integers from 3228 to 45957 that give remainder 1 on division by 77.","13633020","Use the first term, last term, and number of terms.

Required sum:

13633020","77","1","","","3228","45957"
"NS-REM-002:CP-005:NS-REM-002-HUMAN-REVIEW-500:CP-005:425","CP-005","Medium","Range Summation","QL-017","ES-010","What is the sum of numbers between 1643 and 2736 whose remainder is 42 when divided by 44?","54950","Use the first term, last term, and number of terms.

Required sum:

54950","44","42","","","1643","2736"
"NS-REM-002:CP-005:NS-REM-002-HUMAN-REVIEW-500:CP-005:426","CP-005","Easy","Range Summation","QL-015","ES-010","Find the sum of all numbers between 66 and 179 that leave remainder 3 when divided by 14.","976","Use the first term, last term, and number of terms.

Required sum:

976","14","3","","","66","179"
"NS-REM-002:CP-005:NS-REM-002-HUMAN-REVIEW-500:CP-005:427","CP-005","Medium","Range Summation","QL-017","ES-010","What is the sum of numbers between 1165 and 3298 whose remainder is 2 when divided by 46?","102718","Use the first term, last term, and number of terms.

Required sum:

102718","46","2","","","1165","3298"
"NS-REM-002:CP-005:NS-REM-002-HUMAN-REVIEW-500:CP-005:428","CP-005","Medium","Range Summation","QL-017","ES-009","What is the sum of numbers between 1227 and 1911 whose remainder is 7 when divided by 33?","32718","Find the valid numbers in the range.

They form an arithmetic sequence.

Sum the terms.

Answer:

32718","33","7","","","1227","1911"
"NS-REM-002:CP-005:NS-REM-002-HUMAN-REVIEW-500:CP-005:429","CP-005","Medium","Range Summation","QL-015","ES-010","Find the sum of all numbers between 1731 and 2738 that leave remainder 6 when divided by 40.","56150","Use the first term, last term, and number of terms.

Required sum:

56150","40","6","","","1731","2738"
"NS-REM-002:CP-005:NS-REM-002-HUMAN-REVIEW-500:CP-005:430","CP-005","Easy","Range Summation","QL-016","ES-009","Add all integers from 88 to 323 that give remainder 0 on division by 2.","24190","Find the valid numbers in the range.

They form an arithmetic sequence.

Sum the terms.

Answer:

24190","2","0","","","88","323"
"NS-REM-002:CP-005:NS-REM-002-HUMAN-REVIEW-500:CP-005:431","CP-005","Easy","Range Summation","QL-015","ES-010","Find the sum of all numbers between 138 and 461 that leave remainder 1 when divided by 14.","6785","Use the first term, last term, and number of terms.

Required sum:

6785","14","1","","","138","461"
"NS-REM-002:CP-005:NS-REM-002-HUMAN-REVIEW-500:CP-005:432","CP-005","Medium","Range Summation","QL-015","ES-010","Find the sum of all numbers between 322 and 6546 that leave remainder 4 when divided by 22.","972388","Use the first term, last term, and number of terms.

Required sum:

972388","22","4","","","322","6546"
"NS-REM-002:CP-005:NS-REM-002-HUMAN-REVIEW-500:CP-005:433","CP-005","Easy","Range Summation","QL-016","ES-010","Add all integers from 106 to 198 that give remainder 1 on division by 14.","1085","Use the first term, last term, and number of terms.

Required sum:

1085","14","1","","","106","198"
"NS-REM-002:CP-005:NS-REM-002-HUMAN-REVIEW-500:CP-005:434","CP-005","Easy","Range Summation","QL-016","ES-010","Add all integers from 194 to 470 that give remainder 6 on division by 14.","6700","Use the first term, last term, and number of terms.

Required sum:

6700","14","6","","","194","470"
"NS-REM-002:CP-005:NS-REM-002-HUMAN-REVIEW-500:CP-005:435","CP-005","Easy","Range Summation","QL-015","ES-009","Find the sum of all numbers between 175 and 188 that leave remainder 10 when divided by 13.","179","Find the valid numbers in the range.

They form an arithmetic sequence.

Sum the terms.

Answer:

179","13","10","","","175","188"
"NS-REM-002:CP-005:NS-REM-002-HUMAN-REVIEW-500:CP-005:436","CP-005","Hard","Range Summation","QL-017","ES-010","What is the sum of numbers between 6134 and 39334 whose remainder is 16 when divided by 86?","8786518","Use the first term, last term, and number of terms.

Required sum:

8786518","86","16","","","6134","39334"
"NS-REM-002:CP-005:NS-REM-002-HUMAN-REVIEW-500:CP-005:437","CP-005","Medium","Range Summation","QL-016","ES-009","Add all integers from 1294 to 3984 that give remainder 2 on division by 5.","1420051","Find the valid numbers in the range.

They form an arithmetic sequence.

Sum the terms.

Answer:

1420051","5","2","","","1294","3984"
"NS-REM-002:CP-005:NS-REM-002-HUMAN-REVIEW-500:CP-005:438","CP-005","Easy","Range Summation","QL-016","ES-009","Add all integers from 175 to 195 that give remainder 12 on division by 20.","192","Find the valid numbers in the range.

They form an arithmetic sequence.

Sum the terms.

Answer:

192","20","12","","","175","195"
"NS-REM-002:CP-005:NS-REM-002-HUMAN-REVIEW-500:CP-005:439","CP-005","Medium","Range Summation","QL-017","ES-009","What is the sum of numbers between 1194 and 3418 whose remainder is 7 when divided by 22?","235212","Find the valid numbers in the range.

They form an arithmetic sequence.

Sum the terms.

Answer:

235212","22","7","","","1194","3418"
"NS-REM-002:CP-005:NS-REM-002-HUMAN-REVIEW-500:CP-005:440","CP-005","Easy","Range Summation","QL-015","ES-010","Find the sum of all numbers between 18 and 297 that leave remainder 8 when divided by 13.","3465","Use the first term, last term, and number of terms.

Required sum:

3465","13","8","","","18","297"
"NS-REM-002:CP-005:NS-REM-002-HUMAN-REVIEW-500:CP-005:441","CP-005","Easy","Range Summation","QL-017","ES-010","What is the sum of numbers between 94 and 142 whose remainder is 3 when divided by 5?","1062","Use the first term, last term, and number of terms.

Required sum:

1062","5","3","","","94","142"
"NS-REM-002:CP-005:NS-REM-002-HUMAN-REVIEW-500:CP-005:442","CP-005","Medium","Range Summation","QL-016","ES-010","Add all integers from 237 to 5436 that give remainder 3 on division by 25.","590824","Use the first term, last term, and number of terms.

Required sum:

590824","25","3","","","237","5436"
"NS-REM-002:CP-005:NS-REM-002-HUMAN-REVIEW-500:CP-005:443","CP-005","Hard","Range Summation","QL-015","ES-009","Find the sum of all numbers between 7585 and 36422 that leave remainder 0 when divided by 2.","317275676","Find the valid numbers in the range.

They form an arithmetic sequence.

Sum the terms.

Answer:

317275676","2","0","","","7585","36422"
"NS-REM-002:CP-005:NS-REM-002-HUMAN-REVIEW-500:CP-005:444","CP-005","Medium","Range Summation","QL-015","ES-009","Find the sum of all numbers between 1231 and 8111 that leave remainder 3 when divided by 28.","1147590","Find the valid numbers in the range.

They form an arithmetic sequence.

Sum the terms.

Answer:

1147590","28","3","","","1231","8111"
"NS-REM-002:CP-005:NS-REM-002-HUMAN-REVIEW-500:CP-005:445","CP-005","Easy","Range Summation","QL-017","ES-010","What is the sum of numbers between 144 and 305 whose remainder is 6 when divided by 18?","1998","Use the first term, last term, and number of terms.

Required sum:

1998","18","6","","","144","305"
"NS-REM-002:CP-005:NS-REM-002-HUMAN-REVIEW-500:CP-005:446","CP-005","Medium","Range Summation","QL-015","ES-010","Find the sum of all numbers between 884 and 5199 that leave remainder 24 when divided by 27.","485520","Use the first term, last term, and number of terms.

Required sum:

485520","27","24","","","884","5199"
"NS-REM-002:CP-005:NS-REM-002-HUMAN-REVIEW-500:CP-005:447","CP-005","Easy","Range Summation","QL-015","ES-009","Find the sum of all numbers between 37 and 419 that leave remainder 3 when divided by 5.","17556","Find the valid numbers in the range.

They form an arithmetic sequence.

Sum the terms.

Answer:

17556","5","3","","","37","419"
"NS-REM-002:CP-005:NS-REM-002-HUMAN-REVIEW-500:CP-005:448","CP-005","Medium","Range Summation","QL-016","ES-009","Add all integers from 682 to 5351 that give remainder 19 on division by 27.","521768","Find the valid numbers in the range.

They form an arithmetic sequence.

Sum the terms.

Answer:

521768","27","19","","","682","5351"
"NS-REM-002:CP-005:NS-REM-002-HUMAN-REVIEW-500:CP-005:449","CP-005","Medium","Range Summation","QL-017","ES-009","What is the sum of numbers between 1511 and 4636 whose remainder is 16 when divided by 37?","257754","Find the valid numbers in the range.

They form an arithmetic sequence.

Sum the terms.

Answer:

257754","37","16","","","1511","4636"
"NS-REM-002:CP-005:NS-REM-002-HUMAN-REVIEW-500:CP-005:450","CP-005","Medium","Range Summation","QL-017","ES-009","What is the sum of numbers between 1272 and 7783 whose remainder is 10 when divided by 18?","1634608","Find the valid numbers in the range.

They form an arithmetic sequence.

Sum the terms.

Answer:

1634608","18","10","","","1272","7783"
"NS-REM-002:CP-005:NS-REM-002-HUMAN-REVIEW-500:CP-005:451","CP-005","Medium","Range Summation","QL-016","ES-010","Add all integers from 815 to 4855 that give remainder 9 on division by 20.","573478","Use the first term, last term, and number of terms.

Required sum:

573478","20","9","","","815","4855"
"NS-REM-002:CP-005:NS-REM-002-HUMAN-REVIEW-500:CP-005:452","CP-005","Easy","Range Summation","QL-016","ES-010","Add all integers from 200 to 343 that give remainder 8 on division by 12.","3192","Use the first term, last term, and number of terms.

Required sum:

3192","12","8","","","200","343"
"NS-REM-002:CP-005:NS-REM-002-HUMAN-REVIEW-500:CP-005:453","CP-005","Easy","Range Summation","QL-016","ES-009","Add all integers from 78 to 337 that give remainder 1 on division by 6.","9152","Find the valid numbers in the range.

They form an arithmetic sequence.

Sum the terms.

Answer:

9152","6","1","","","78","337"
"NS-REM-002:CP-005:NS-REM-002-HUMAN-REVIEW-500:CP-005:454","CP-005","Easy","Range Summation","QL-016","ES-009","Add all integers from 47 to 312 that give remainder 2 on division by 10.","4914","Find the valid numbers in the range.

They form an arithmetic sequence.

Sum the terms.

Answer:

4914","10","2","","","47","312"
"NS-REM-002:CP-005:NS-REM-002-HUMAN-REVIEW-500:CP-005:455","CP-005","Medium","Range Summation","QL-015","ES-010","Find the sum of all numbers between 418 and 4927 that leave remainder 1 when divided by 4.","3012471","Use the first term, last term, and number of terms.

Required sum:

3012471","4","1","","","418","4927"
"NS-REM-002:CP-005:NS-REM-002-HUMAN-REVIEW-500:CP-005:456","CP-005","Easy","Range Summation","QL-017","ES-010","What is the sum of numbers between 106 and 113 whose remainder is 3 when divided by 7?","108","Use the first term, last term, and number of terms.

Required sum:

108","7","3","","","106","113"
"NS-REM-002:CP-005:NS-REM-002-HUMAN-REVIEW-500:CP-005:457","CP-005","Easy","Range Summation","QL-015","ES-010","Find the sum of all numbers between 112 and 201 that leave remainder 13 when divided by 19.","622","Use the first term, last term, and number of terms.

Required sum:

622","19","13","","","112","201"
"NS-REM-002:CP-005:NS-REM-002-HUMAN-REVIEW-500:CP-005:458","CP-005","Easy","Range Summation","QL-016","ES-009","Add all integers from 22 to 224 that give remainder 6 on division by 20.","1160","Find the valid numbers in the range.

They form an arithmetic sequence.

Sum the terms.

Answer:

1160","20","6","","","22","224"
"NS-REM-002:CP-005:NS-REM-002-HUMAN-REVIEW-500:CP-005:459","CP-005","Hard","Range Summation","QL-015","ES-010","Find the sum of all numbers between 8558 and 8649 that leave remainder 42 when divided by 91.","8596","Use the first term, last term, and number of terms.

Required sum:

8596","91","42","","","8558","8649"
"NS-REM-002:CP-005:NS-REM-002-HUMAN-REVIEW-500:CP-005:460","CP-005","Easy","Range Summation","QL-017","ES-010","What is the sum of numbers between 194 and 259 whose remainder is 1 when divided by 4?","3632","Use the first term, last term, and number of terms.

Required sum:

3632","4","1","","","194","259"
"NS-REM-002:CP-005:NS-REM-002-HUMAN-REVIEW-500:CP-005:461","CP-005","Easy","Range Summation","QL-017","ES-010","What is the sum of numbers between 149 and 478 whose remainder is 8 when divided by 9?","11618","Use the first term, last term, and number of terms.

Required sum:

11618","9","8","","","149","478"
"NS-REM-002:CP-005:NS-REM-002-HUMAN-REVIEW-500:CP-005:462","CP-005","Easy","Range Summation","QL-016","ES-010","Add all integers from 161 to 313 that give remainder 3 on division by 12.","2844","Use the first term, last term, and number of terms.

Required sum:

2844","12","3","","","161","313"
"NS-REM-002:CP-005:NS-REM-002-HUMAN-REVIEW-500:CP-005:463","CP-005","Medium","Range Summation","QL-017","ES-009","What is the sum of numbers between 284 and 6992 whose remainder is 15 when divided by 29?","840840","Find the valid numbers in the range.

They form an arithmetic sequence.

Sum the terms.

Answer:

840840","29","15","","","284","6992"
"NS-REM-002:CP-005:NS-REM-002-HUMAN-REVIEW-500:CP-005:464","CP-005","Medium","Range Summation","QL-015","ES-009","Find the sum of all numbers between 469 and 5326 that leave remainder 5 when divided by 7.","2012253","Find the valid numbers in the range.

They form an arithmetic sequence.

Sum the terms.

Answer:

2012253","7","5","","","469","5326"
"NS-REM-002:CP-005:NS-REM-002-HUMAN-REVIEW-500:CP-005:465","CP-005","Easy","Range Summation","QL-015","ES-009","Find the sum of all numbers between 19 and 337 that leave remainder 6 when divided by 8.","7120","Find the valid numbers in the range.

They form an arithmetic sequence.

Sum the terms.

Answer:

7120","8","6","","","19","337"
"NS-REM-002:CP-005:NS-REM-002-HUMAN-REVIEW-500:CP-005:466","CP-005","Easy","Range Summation","QL-015","ES-010","Find the sum of all numbers between 71 and 133 that leave remainder 8 when divided by 9.","686","Use the first term, last term, and number of terms.

Required sum:

686","9","8","","","71","133"
"NS-REM-002:CP-005:NS-REM-002-HUMAN-REVIEW-500:CP-005:467","CP-005","Medium","Range Summation","QL-017","ES-010","What is the sum of numbers between 1304 and 9875 whose remainder is 7 when divided by 25?","1914626","Use the first term, last term, and number of terms.

Required sum:

1914626","25","7","","","1304","9875"
"NS-REM-002:CP-005:NS-REM-002-HUMAN-REVIEW-500:CP-005:468","CP-005","Easy","Range Summation","QL-017","ES-010","What is the sum of numbers between 113 and 490 whose remainder is 9 when divided by 10?","11552","Use the first term, last term, and number of terms.

Required sum:

11552","10","9","","","113","490"
"NS-REM-002:CP-005:NS-REM-002-HUMAN-REVIEW-500:CP-005:469","CP-005","Hard","Range Summation","QL-016","ES-009","Add all integers from 1133 to 7028 that give remainder 10 on division by 44.","546720","Find the valid numbers in the range.

They form an arithmetic sequence.

Sum the terms.

Answer:

546720","44","10","","","1133","7028"
"NS-REM-002:CP-005:NS-REM-002-HUMAN-REVIEW-500:CP-005:470","CP-005","Medium","Range Summation","QL-015","ES-010","Find the sum of all numbers between 369 and 3939 that leave remainder 2 when divided by 42.","182240","Use the first term, last term, and number of terms.

Required sum:

182240","42","2","","","369","3939"
"NS-REM-002:CP-005:NS-REM-002-HUMAN-REVIEW-500:CP-005:471","CP-005","Medium","Range Summation","QL-015","ES-010","Find the sum of all numbers between 1149 and 7048 that leave remainder 5 when divided by 10.","2419000","Use the first term, last term, and number of terms.

Required sum:

2419000","10","5","","","1149","7048"
"NS-REM-002:CP-005:NS-REM-002-HUMAN-REVIEW-500:CP-005:472","CP-005","Medium","Range Summation","QL-015","ES-009","Find the sum of all numbers between 1862 and 5387 that leave remainder 10 when divided by 32.","402486","Find the valid numbers in the range.

They form an arithmetic sequence.

Sum the terms.

Answer:

402486","32","10","","","1862","5387"
"NS-REM-002:CP-005:NS-REM-002-HUMAN-REVIEW-500:CP-005:473","CP-005","Medium","Range Summation","QL-016","ES-009","Add all integers from 992 to 1421 that give remainder 20 on division by 39.","13090","Find the valid numbers in the range.

They form an arithmetic sequence.

Sum the terms.

Answer:

13090","39","20","","","992","1421"
"NS-REM-002:CP-005:NS-REM-002-HUMAN-REVIEW-500:CP-005:474","CP-005","Medium","Range Summation","QL-015","ES-009","Find the sum of all numbers between 152 and 4277 that leave remainder 20 when divided by 24.","381152","Find the valid numbers in the range.

They form an arithmetic sequence.

Sum the terms.

Answer:

381152","24","20","","","152","4277"
"NS-REM-002:CP-005:NS-REM-002-HUMAN-REVIEW-500:CP-005:475","CP-005","Hard","Range Summation","QL-015","ES-010","Find the sum of all numbers between 5221 and 40990 that leave remainder 23 when divided by 29.","28490931","Use the first term, last term, and number of terms.

Required sum:

28490931","29","23","","","5221","40990"
"NS-REM-002:CP-005:NS-REM-002-HUMAN-REVIEW-500:CP-005:476","CP-005","Easy","Range Summation","QL-017","ES-009","What is the sum of numbers between 159 and 239 whose remainder is 14 when divided by 19?","778","Find the valid numbers in the range.

They form an arithmetic sequence.

Sum the terms.

Answer:

778","19","14","","","159","239"
"NS-REM-002:CP-005:NS-REM-002-HUMAN-REVIEW-500:CP-005:477","CP-005","Hard","Range Summation","QL-016","ES-009","Add all integers from 6389 to 35268 that give remainder 0 on division by 3.","200520783","Find the valid numbers in the range.

They form an arithmetic sequence.

Sum the terms.

Answer:

200520783","3","0","","","6389","35268"
"NS-REM-002:CP-005:NS-REM-002-HUMAN-REVIEW-500:CP-005:478","CP-005","Easy","Range Summation","QL-015","ES-009","Find the sum of all numbers between 174 and 431 that leave remainder 2 when divided by 14.","5454","Find the valid numbers in the range.

They form an arithmetic sequence.

Sum the terms.

Answer:

5454","14","2","","","174","431"
"NS-REM-002:CP-005:NS-REM-002-HUMAN-REVIEW-500:CP-005:479","CP-005","Medium","Range Summation","QL-017","ES-010","What is the sum of numbers between 1497 and 3790 whose remainder is 37 when divided by 39?","156350","Use the first term, last term, and number of terms.

Required sum:

156350","39","37","","","1497","3790"
"NS-REM-002:CP-005:NS-REM-002-HUMAN-REVIEW-500:CP-005:480","CP-005","Hard","Range Summation","QL-015","ES-010","Find the sum of all numbers between 1834 and 34365 that leave remainder 25 when divided by 42.","14014044","Use the first term, last term, and number of terms.

Required sum:

14014044","42","25","","","1834","34365"
"NS-REM-002:CP-005:NS-REM-002-HUMAN-REVIEW-500:CP-005:481","CP-005","Easy","Range Summation","QL-017","ES-010","What is the sum of numbers between 33 and 488 whose remainder is 0 when divided by 16?","7392","Use the first term, last term, and number of terms.

Required sum:

7392","16","0","","","33","488"
"NS-REM-002:CP-005:NS-REM-002-HUMAN-REVIEW-500:CP-005:482","CP-005","Easy","Range Summation","QL-017","ES-009","What is the sum of numbers between 108 and 133 whose remainder is 2 when divided by 9?","357","Find the valid numbers in the range.

They form an arithmetic sequence.

Sum the terms.

Answer:

357","9","2","","","108","133"
"NS-REM-002:CP-005:NS-REM-002-HUMAN-REVIEW-500:CP-005:483","CP-005","Hard","Range Summation","QL-015","ES-009","Find the sum of all numbers between 6516 and 15611 that leave remainder 28 when divided by 29.","3473625","Find the valid numbers in the range.

They form an arithmetic sequence.

Sum the terms.

Answer:

3473625","29","28","","","6516","15611"
"NS-REM-002:CP-005:NS-REM-002-HUMAN-REVIEW-500:CP-005:484","CP-005","Medium","Range Summation","QL-017","ES-010","What is the sum of numbers between 1565 and 5630 whose remainder is 2 when divided by 9?","1626070","Use the first term, last term, and number of terms.

Required sum:

1626070","9","2","","","1565","5630"
"NS-REM-002:CP-005:NS-REM-002-HUMAN-REVIEW-500:CP-005:485","CP-005","Easy","Range Summation","QL-016","ES-010","Add all integers from 163 to 172 that give remainder 1 on division by 9.","335","Use the first term, last term, and number of terms.

Required sum:

335","9","1","","","163","172"
"NS-REM-002:CP-005:NS-REM-002-HUMAN-REVIEW-500:CP-005:486","CP-005","Hard","Range Summation","QL-015","ES-010","Find the sum of all numbers between 5505 and 12383 that leave remainder 21 when divided by 80.","768926","Use the first term, last term, and number of terms.

Required sum:

768926","80","21","","","5505","12383"
"NS-REM-002:CP-005:NS-REM-002-HUMAN-REVIEW-500:CP-005:487","CP-005","Easy","Range Summation","QL-017","ES-009","What is the sum of numbers between 57 and 451 whose remainder is 0 when divided by 3?","33462","Find the valid numbers in the range.

They form an arithmetic sequence.

Sum the terms.

Answer:

33462","3","0","","","57","451"
"NS-REM-002:CP-005:NS-REM-002-HUMAN-REVIEW-500:CP-005:488","CP-005","Easy","Range Summation","QL-016","ES-010","Add all integers from 163 to 408 that give remainder 7 on division by 8.","8897","Use the first term, last term, and number of terms.

Required sum:

8897","8","7","","","163","408"
"NS-REM-002:CP-005:NS-REM-002-HUMAN-REVIEW-500:CP-005:489","CP-005","Easy","Range Summation","QL-017","ES-010","What is the sum of numbers between 138 and 349 whose remainder is 0 when divided by 9?","5589","Use the first term, last term, and number of terms.

Required sum:

5589","9","0","","","138","349"
"NS-REM-002:CP-005:NS-REM-002-HUMAN-REVIEW-500:CP-005:490","CP-005","Hard","Range Summation","QL-016","ES-010","Add all integers from 9593 to 43875 that give remainder 8 on division by 13.","70502832","Use the first term, last term, and number of terms.

Required sum:

70502832","13","8","","","9593","43875"
"NS-REM-002:CP-005:NS-REM-002-HUMAN-REVIEW-500:CP-005:491","CP-005","Medium","Range Summation","QL-017","ES-009","What is the sum of numbers between 823 and 5455 whose remainder is 4 when divided by 9?","1615040","Find the valid numbers in the range.

They form an arithmetic sequence.

Sum the terms.

Answer:

1615040","9","4","","","823","5455"
"NS-REM-002:CP-005:NS-REM-002-HUMAN-REVIEW-500:CP-005:492","CP-005","Hard","Range Summation","QL-015","ES-009","Find the sum of all numbers between 7159 and 31733 that leave remainder 36 when divided by 48.","9959424","Find the valid numbers in the range.

They form an arithmetic sequence.

Sum the terms.

Answer:

9959424","48","36","","","7159","31733"
"NS-REM-002:CP-005:NS-REM-002-HUMAN-REVIEW-500:CP-005:493","CP-005","Medium","Range Summation","QL-017","ES-009","What is the sum of numbers between 1142 and 5970 whose remainder is 36 when divided by 47?","366783","Find the valid numbers in the range.

They form an arithmetic sequence.

Sum the terms.

Answer:

366783","47","36","","","1142","5970"
"NS-REM-002:CP-005:NS-REM-002-HUMAN-REVIEW-500:CP-005:494","CP-005","Easy","Range Summation","QL-015","ES-009","Find the sum of all numbers between 102 and 487 that leave remainder 2 when divided by 4.","28518","Find the valid numbers in the range.

They form an arithmetic sequence.

Sum the terms.

Answer:

28518","4","2","","","102","487"
"NS-REM-002:CP-005:NS-REM-002-HUMAN-REVIEW-500:CP-005:495","CP-005","Easy","Range Summation","QL-017","ES-010","What is the sum of numbers between 126 and 145 whose remainder is 5 when divided by 19?","138","Use the first term, last term, and number of terms.

Required sum:

138","19","5","","","126","145"
"NS-REM-002:CP-005:NS-REM-002-HUMAN-REVIEW-500:CP-005:496","CP-005","Medium","Range Summation","QL-017","ES-010","What is the sum of numbers between 390 and 7364 whose remainder is 24 when divided by 40?","675816","Use the first term, last term, and number of terms.

Required sum:

675816","40","24","","","390","7364"
"NS-REM-002:CP-005:NS-REM-002-HUMAN-REVIEW-500:CP-005:497","CP-005","Easy","Range Summation","QL-015","ES-009","Find the sum of all numbers between 188 and 227 that leave remainder 0 when divided by 7.","1239","Find the valid numbers in the range.

They form an arithmetic sequence.

Sum the terms.

Answer:

1239","7","0","","","188","227"
"NS-REM-002:CP-005:NS-REM-002-HUMAN-REVIEW-500:CP-005:498","CP-005","Medium","Range Summation","QL-016","ES-010","Add all integers from 882 to 8050 that give remainder 39 on division by 47.","681921","Use the first term, last term, and number of terms.

Required sum:

681921","47","39","","","882","8050"
"NS-REM-002:CP-005:NS-REM-002-HUMAN-REVIEW-500:CP-005:499","CP-005","Easy","Range Summation","QL-016","ES-010","Add all integers from 111 to 356 that give remainder 9 on division by 20.","2868","Use the first term, last term, and number of terms.

Required sum:

2868","20","9","","","111","356"
