[12:23:16.972] [32mINFO[39m (12032): [36mGeneration job worker started[39m
    [35mintervalMs[39m: 1500
    [35mconcurrency[39m: 1
[12:23:16.987] [32mINFO[39m (12032): [36mAPI server running on http://0.0.0.0:3001[39m
[12:23:21.421] [33mWARN[39m (12032): [36mGeneration job worker disabled because the generation_jobs table is missing. Run the migration to enable async generation jobs.[39m
[12:23:23.006] [33mWARN[39m (12032): [36mGeneration job worker disabled because the generation_jobs table is missing. Run the migration to enable async generation jobs.[39m
[12:23:24.450] [33mWARN[39m (12032): [36mGeneration job worker disabled because the generation_jobs table is missing. Run the migration to enable async generation jobs.[39m
[12:47:03.636] [32mINFO[39m (12032): [36mrequest completed[39m
    [35mreq[39m: {
      "id": 1,
      "method": "GET",
      "url": "/health"
    }
    [35mres[39m: {
      "statusCode": 200
    }
    [35mresponseTime[39m: 5
Generation metrics {
  patternId: 'registry-equations-medium',
  topic: 'Equations',
  subtopic: 'equations',
  generationId: 'gen_186071c',
  generationDomain: 'quant',
  selectedMotif: 'eqn-lin-single',
  difficultyLabel: 'Medium',
  metrics: {
    generationDurationMs: 4,
    validationRetries: 0,
    uniquenessFailures: 0,
    branchingFactor: 0,
    branchingComplexity: undefined,
    clueDensity: 0,
    inferenceDepth: 3,
    redundancyScore: 0,
    deductionDependencyScore: undefined,
    redundancyRatio: undefined,
    anchorDensity: undefined,
    directClueRatio: undefined
  }
}
[12:47:08.519] [33mWARN[39m (12032): [36mGeneration cache lookup failed; falling back to live generation[39m
    [35mpatternId[39m: "registry-equations-medium"
    error: {
      "query": "select \"key\", \"pattern_id\", \"generation_domain\", \"generator_version\", \"motif_version\", \"topology_version\", \"request_fingerprint\", \"payload\", \"artifact_metadata\", \"created_at\", \"last_accessed_at\", \"hit_count\" from \"reasoning_scenario_cache\" where \"reasoning_scenario_cache\".\"key\" = $1 limit $2",
      "params": [
        "e008d86b224ac5a1ba48f02e535e751308f9b62f91b5bf8e8c0576c8f2315f67",
        1
      ],
      "cause": {
        "name": "PostgresError",
        "severity_local": "ERROR",
        "severity": "ERROR",
        "code": "42P01",
        "position": "214",
        "file": "parse_relation.c",
        "line": "1449",
        "routine": "parserOpenTable"
      }
    }
[12:47:09.201] [33mWARN[39m (12032): [36mGeneration cache store failed; continuing without cache persistence[39m
    [35mpatternId[39m: "registry-equations-medium"
    error: {
      "query": "insert into \"reasoning_scenario_cache\" (\"key\", \"pattern_id\", \"generation_domain\", \"generator_version\", \"motif_version\", \"topology_version\", \"request_fingerprint\", \"payload\", \"artifact_metadata\", \"created_at\", \"last_accessed_at\", \"hit_count\") values ($1, $2, $3, $4, $5, $6, $7, $8, $9, default, default, default) on conflict (\"key\") do update set \"generator_version\" = $10, \"motif_version\" = $11, \"topology_version\" = $12, \"payload\" = $13, \"artifact_metadata\" = $14, \"last_accessed_at\" = $15",
      "params": [
        "e008d86b224ac5a1ba48f02e535e751308f9b62f91b5bf8e8c0576c8f2315f67",
        "registry-equations-medium",
        "quant",
        "reasoning-generator-v1",
        "motif-registry-v1:8ebc81d7f6c507c8c62870de5ee820ead68a5ec672a3d303c0e93cd75ea79fa8",
        "topology-contract-v1:409c496459b1fc1a7b1e335f0b47e27c83be21a95c5dd9d7ddf09476ffefd733",
        "e689159ae4cc9d9e59a303cae9640b628d5455fb86a2bc838f035c82c467cb18",
        "{\"generationContext\":{\"seed\":\"auto-seed:67b78ab3-5fec-4c09-919d-c068ed915917\",\"generationId\":\"gen_186071c\",\"timestamp\":1778311023826},\"questions\":[{\"text\":\"Solve the equation $5x-7=2x+11$.\",\"options\":[\"$x=6$\",\"$x=-6$\",\"$x=3$\",\"$x=18$\"],\"correct\":0,\"explanation\":\"Move variable terms to one side: $5x-2x=11+7$.\\n$3x=18$, so $x=6$.\\nFinal answer = $x=6$.\",\"section\":\"Quant\",\"topic\":\"Equations\",\"subtopic\":\"equations\",\"optionMetadata\":[{\"value\":\"$x=6$\",\"isCorrect\":true,\"distractorType\":\"correct\",\"likelyMistake\":\"Correct equation path\",\"reasoningTrap\":\"None\"},{\"value\":\"$x=-6$\",\"isCorrect\":false,\"distractorType\":\"wrongIntermediateValue\",\"likelyMistake\":\"Sign_Flip_Vieta\",\"reasoningTrap\":\"Sign_Flip_Vieta\"},{\"value\":\"$x=3$\",\"isCorrect\":false,\"distractorType\":\"wrongIntermediateValue\",\"likelyMistake\":\"Substitution_Direction_Flip\",\"reasoningTrap\":\"Substitution_Direction_Flip\"},{\"value\":\"$x=18$\",\"isCorrect\":false,\"distractorType\":\"wrongIntermediateValue\",\"likelyMistake\":\"Integer_Constraint_Violation\",\"reasoningTrap\":\"Integer_Constraint_Violation\"}],\"examRealismMetadata\":{\"examProfile\":\"custom\",\"wordingStyle\":\"balanced\",\"archetypeId\":\"easy-one-step-arithmetic\",\"archetypeCategory\":\"one-step-arithmetic\",\"reasoningTraps\":[\"Sign_Flip_Vieta\",\"Substitution_Direction_Flip\",\"Integer_Constraint_Violation\"],\"weightingSummary\":[\"Archetype weight 1.00\",\"Trap bias 1.00\",\"Inference bias 1.00\",\"Distractor mix wrongIntermediateValue, wrongIntermediateValue, wrongIntermediateValue\"]},\"debugMetadata\":{\"selectedPattern\":\"registry-equations-medium\",\"seed\":\"auto-seed:67b78ab3-5fec-4c09-919d-c068ed915917\",\"generationId\":\"gen_186071c\",\"generationDomain\":\"quant\",\"selectedMotif\":\"eqn-lin-single\",\"selectedArchetype\":\"easy-one-step-arithmetic\",\"structuralSignatureKey\":\"eqn-lin-single::linear-balance::5|2|18\",\"scenarioLogicBranch\":\"linear-balance\",\"compatibilityWarnings\":[],\"generationMetrics\":{\"generationDurationMs\":4,\"validationRetries\":0,\"uniquenessFailures\":0,\"branchingFactor\":0,\"clueDensity\":0,\"inferenceDepth\":3,\"redundancyScore\":0},\"proceduralScenario\":{\"id\":\"quant:gen_186071c:registry-equations-medium\",\"domain\":\"quant\",\"subtype\":\"equations\",\"metadata\":{\"patternId\":\"registry-equations-medium\",\"topic\":\"Equations\",\"subtopic\":\"equations\",\"generationDomain\":\"quant\",\"seed\":\"auto-seed:67b78ab3-5fec-4c09-919d-c068ed915917\"},\"entities\":[],\"constraints\":[{\"id\":\"quant-formula\",\"type\":\"formula\",\"operator\":\"EQUALS\",\"expression\":\"0\",\"metadata\":{\"variables\":[]}}],\"content\":{\"stem\":\"Solve the equation $5x-7=2x+11$.\",\"prompt\":\"Solve the equation $5x-7=2x+11$.\",\"options\":[\"$x=6$\",\"$x=-6$\",\"$x=3$\",\"$x=18$\"],\"explanation\":\"Move variable terms to one side: $5x-2x=11+7$.\\n$3x=18$, so $x=6$.\\nFinal answer = $x=6$.\",\"artifacts\":{}},\"difficulty\":{\"label\":\"Medium\",\"score\":4.3,\"inferenceDepth\":3,\"metrics\":{\"reasoningDepth\":3,\"dependencyComplexity\":3,\"estimatedSolveTime\":93,\"distractorCount\":3,\"calculationComplexity\":2,\"cognitiveLoadBase\":2.5,\"ambiguityScoreBase\":0}},\"validation\":{\"passed\":false,\"warnings\":[\"Scenario has no normalized entities.\"],\"metrics\":{\"clueCount\":0,\"inferenceDepth\":0,\"uniquenessVerified\":0,\"entityCount\":0,\"constraintCount\":1,\"hasPrompt\":1,\"warningCount\":0,\"difficultyScore\":4.3,\"reasoningDepth\":3,\"redundancyScore\":0,\"redundancyRatio\":0,\"hasFormula\":1}}},\"validationReportDetail\":{\"passed\":false,\"stageResults\":[{\"stage\":\"structural validity\",\"passed\":false,\"diagnostics\":[\"Scenario has no normalized entities.\"],\"metrics\":{\"entityCount\":0,\"constraintCount\":1,\"hasPrompt\":1}},{\"stage\":\"solvability\",\"passed\":true,\"diagnostics\":[],\"metrics\":{\"warningCount\":0}},{\"stage\":\"uniqueness\",\"passed\":true,\"diagnostics\":[],\"metrics\":{\"uniquenessVerified\":0}},{\"stage\":\"difficulty calibration\",\"passed\":true,\"diagnostics\":[],\"metrics\":{\"difficultyScore\":4.3,\"reasoningDepth\":3}},{\"stage\":\"redundancy analysis\",\"passed\":true,\"diagnostics\":[],\"metrics\":{\"redundancyScore\":0,\"redundancyRatio\":0}},{\"stage\":\"equation solvability\",\"passed\":true,\"diagnostics\":[],\"metrics\":{\"hasFormula\":1}}],\"warnings\":[\"Scenario has no normalized entities.\"],\"metrics\":{\"clueCount\":0,\"inferenceDepth\":0,\"uniquenessVerified\":0,\"entityCount\":0,\"constraintCount\":1,\"hasPrompt\":1,\"warningCount\":0,\"difficultyScore\":4.3,\"reasoningDepth\":3,\"redundancyScore\":0,\"redundancyRatio\":0,\"hasFormula\":1}},\"difficultyAssessment\":{\"difficultyLabel\":\"Medium\",\"difficultyScore\":4.3,\"cognitiveLoad\":2.23,\"inferenceDepth\":3,\"calculationComplexity\":2,\"distractorComplexity\":3,\"ambiguityScore\":1.05,\"solvingTimeEstimate\":93,\"domainContributions\":{\"operationCount\":2,\"visualComplexity\":0,\"inferenceComplexity\":3},\"metrics\":{\"reasoningDepth\":3,\"dependencyComplexity\":3,\"estimatedSolveTime\":93,\"distractorCount\":3,\"calculationComplexity\":2,\"cognitiveLoadBase\":2.5,\"ambiguityScoreBase\":0}},\"qualityAssessment\":{\"approved\":false,\"rejectionReasons\":[\"failed-validation\",\"low-realism-score\",\"weak-distractors\"],\"qualityMetrics\":{\"realismScore\":0,\"validationPassed\":0,\"structuralDiversityScore\":1,\"repeatedStructureWarnings\":0,\"directClueRatio\":0,\"difficultyConfidence\":10,\"distractorComplexity\":3,\"distractorTypeCount\":0,\"genericDistractorRatio\":1,\"hasStructuralSignature\":1}},\"extractedPatternIntelligence\":{\"domain\":\"quant\",\"structure\":{\"domain\":\"quant\",\"subtype\":\"equations\",\"entityCount\":0,\"constraintCount\":1,\"structureTokens\":[\"variables:\",\"constraint:formula\"],\"topology\":\"formula-network\",\"metadata\":{\"formula\":\"0\"}},\"difficulty\":{\"cognitiveLoad\":2.5,\"inferenceDepth\":3,\"calculationComplexity\":2,\"distractorComplexity\":3,\"ambiguityScore\":0,\"solvingTimeEstimate\":93,\"difficultyBand\":\"Medium\"},\"distractors\":[{\"type\":\"wrongIntermediateValue\",\"label\":\"wrongIntermediateValue\",\"trapType\":\"wrongIntermediateValue\",\"frequency\":3}],\"motifs\":[{\"motifId\":\"eqn-lin-single\",\"domain\":\"quant\",\"archetype\":\"general\",\"confidence\":0.95,\"metadata\":{\"generated\":\"selectedMotif\"}}]},\"structuralSignature\":{\"domain\":\"quant\",\"topologyHash\":\"sig_604ec201\",\"inferenceHash\":\"sig_e06badb\",\"motifHash\":\"sig_122e7aa5\",\"distractorHash\":\"sig_4306d95f\"},\"corpusAlignment\":{\"score\":8.43,\"deviations\":[{\"metric\":\"topology-frequency\",\"actual\":\"formula-network\",\"expected\":\"higher-frequency corpus topology\",\"message\":\"Topology is less common than the target corpus profile.\"},{\"metric\":\"distractor-pattern\",\"actual\":\"wrongIntermediateValue\",\"expected\":\"higher-frequency corpus distractor families\",\"message\":\"Distractor distribution is weaker or less corpus-like than expected.\"}],\"matchedPatterns\":[\"Clue density aligns with extracted PYQ corpus ranges.\",\"Inference depth tracks the target corpus difficulty curve.\",\"Wording complexity resembles the PYQ corpus style.\",\"Formula/calculation complexity aligns with corpus behavior.\"]},\"originalityScore\":{\"score\":7.73,\"penalties\":[\"Distractor ordering looks mechanically repeated.\",\"Wording normalization indicates a repeated surface template pattern.\"],\"diagnostics\":[\"PYQ-derived intelligence is treated as calibration guidance only, not as a template source.\",\"Clue topology penalty 0, formula repetition penalty 0, distractor ordering penalty 0.667.\",\"Corpus alignment pressure 0.128 while preserving topic weighting and realism guidance only.\"]},\"difficultyConfidence\":{\"predictedDifficulty\":\"Medium\",\"confidence\":9.09,\"explanation\":\"Intended difficulty Medium (4.3), predicted Medium (3.2). Signals used: solving complexity 2.2, elimination depth 0, branching 0, distractor quality 3. Human-solver simulation combined inference depth 3 with solver trace support 0 and branching factor 0.\"}},\"reasoningSteps\":[\"balance linear terms: Start from the direct relation highlighted in the motif.\",\"direct: Move variable terms to one side: $5x-2x=11+7$.\",\"direct: $3x=18$, so $x=6$.\"],\"dependencyComplexity\":3,\"operationChain\":[\"transform\",\"compare\"],\"difficulty\":\"Medium\",\"difficultyScore\":4.3,\"difficultyLabel\":\"Medium\",\"difficultyMetadata\":{\"difficultyScore\":4.3,\"difficultyLabel\":\"Medium\",\"estimatedSolveTime\":93,\"operationCount\":2,\"reasoningDepth\":3,\"reasoningSteps\":[\"balance linear terms: Start from the direct relation highlighted in the motif.\",\"direct: Move variable terms to one side: $5x-2x=11+7$.\",\"direct: $3x=18$, so $x=6$.\"],\"dependencyComplexity\":3,\"operationChain\":[\"transform\",\"compare\"],\"usesPercentage\":false,\"usesRatio\":false,\"usesComparison\":false,\"visualComplexity\":0,\"inferenceComplexity\":3},\"generationMetrics\":{\"generationDurationMs\":4,\"validationRetries\":0,\"uniquenessFailures\":0,\"branchingFactor\":0,\"clueDensity\":0,\"inferenceDepth\":3,\"redundancyScore\":0}}]}",
        "{\"cachedQuestionCount\":1,\"selectedMotifs\":[\"eqn-lin-single\"],\"hasSolverTraces\":false,\"hasSvgSnapshots\":false,\"hasExplanationFlow\":false}",
        "reasoning-generator-v1",
        "motif-registry-v1:8ebc81d7f6c507c8c62870de5ee820ead68a5ec672a3d303c0e93cd75ea79fa8",
        "topology-contract-v1:409c496459b1fc1a7b1e335f0b47e27c83be21a95c5dd9d7ddf09476ffefd733",
        "{\"generationContext\":{\"seed\":\"auto-seed:67b78ab3-5fec-4c09-919d-c068ed915917\",\"generationId\":\"gen_186071c\",\"timestamp\":1778311023826},\"questions\":[{\"text\":\"Solve the equation $5x-7=2x+11$.\",\"options\":[\"$x=6$\",\"$x=-6$\",\"$x=3$\",\"$x=18$\"],\"correct\":0,\"explanation\":\"Move variable terms to one side: $5x-2x=11+7$.\\n$3x=18$, so $x=6$.\\nFinal answer = $x=6$.\",\"section\":\"Quant\",\"topic\":\"Equations\",\"subtopic\":\"equations\",\"optionMetadata\":[{\"value\":\"$x=6$\",\"isCorrect\":true,\"distractorType\":\"correct\",\"likelyMistake\":\"Correct equation path\",\"reasoningTrap\":\"None\"},{\"value\":\"$x=-6$\",\"isCorrect\":false,\"distractorType\":\"wrongIntermediateValue\",\"likelyMistake\":\"Sign_Flip_Vieta\",\"reasoningTrap\":\"Sign_Flip_Vieta\"},{\"value\":\"$x=3$\",\"isCorrect\":false,\"distractorType\":\"wrongIntermediateValue\",\"likelyMistake\":\"Substitution_Direction_Flip\",\"reasoningTrap\":\"Substitution_Direction_Flip\"},{\"value\":\"$x=18$\",\"isCorrect\":false,\"distractorType\":\"wrongIntermediateValue\",\"likelyMistake\":\"Integer_Constraint_Violation\",\"reasoningTrap\":\"Integer_Constraint_Violation\"}],\"examRealismMetadata\":{\"examProfile\":\"custom\",\"wordingStyle\":\"balanced\",\"archetypeId\":\"easy-one-step-arithmetic\",\"archetypeCategory\":\"one-step-arithmetic\",\"reasoningTraps\":[\"Sign_Flip_Vieta\",\"Substitution_Direction_Flip\",\"Integer_Constraint_Violation\"],\"weightingSummary\":[\"Archetype weight 1.00\",\"Trap bias 1.00\",\"Inference bias 1.00\",\"Distractor mix wrongIntermediateValue, wrongIntermediateValue, wrongIntermediateValue\"]},\"debugMetadata\":{\"selectedPattern\":\"registry-equations-medium\",\"seed\":\"auto-seed:67b78ab3-5fec-4c09-919d-c068ed915917\",\"generationId\":\"gen_186071c\",\"generationDomain\":\"quant\",\"selectedMotif\":\"eqn-lin-single\",\"selectedArchetype\":\"easy-one-step-arithmetic\",\"structuralSignatureKey\":\"eqn-lin-single::linear-balance::5|2|18\",\"scenarioLogicBranch\":\"linear-balance\",\"compatibilityWarnings\":[],\"generationMetrics\":{\"generationDurationMs\":4,\"validationRetries\":0,\"uniquenessFailures\":0,\"branchingFactor\":0,\"clueDensity\":0,\"inferenceDepth\":3,\"redundancyScore\":0},\"proceduralScenario\":{\"id\":\"quant:gen_186071c:registry-equations-medium\",\"domain\":\"quant\",\"subtype\":\"equations\",\"metadata\":{\"patternId\":\"registry-equations-medium\",\"topic\":\"Equations\",\"subtopic\":\"equations\",\"generationDomain\":\"quant\",\"seed\":\"auto-seed:67b78ab3-5fec-4c09-919d-c068ed915917\"},\"entities\":[],\"constraints\":[{\"id\":\"quant-formula\",\"type\":\"formula\",\"operator\":\"EQUALS\",\"expression\":\"0\",\"metadata\":{\"variables\":[]}}],\"content\":{\"stem\":\"Solve the equation $5x-7=2x+11$.\",\"prompt\":\"Solve the equation $5x-7=2x+11$.\",\"options\":[\"$x=6$\",\"$x=-6$\",\"$x=3$\",\"$x=18$\"],\"explanation\":\"Move variable terms to one side: $5x-2x=11+7$.\\n$3x=18$, so $x=6$.\\nFinal answer = $x=6$.\",\"artifacts\":{}},\"difficulty\":{\"label\":\"Medium\",\"score\":4.3,\"inferenceDepth\":3,\"metrics\":{\"reasoningDepth\":3,\"dependencyComplexity\":3,\"estimatedSolveTime\":93,\"distractorCount\":3,\"calculationComplexity\":2,\"cognitiveLoadBase\":2.5,\"ambiguityScoreBase\":0}},\"validation\":{\"passed\":false,\"warnings\":[\"Scenario has no normalized entities.\"],\"metrics\":{\"clueCount\":0,\"inferenceDepth\":0,\"uniquenessVerified\":0,\"entityCount\":0,\"constraintCount\":1,\"hasPrompt\":1,\"warningCount\":0,\"difficultyScore\":4.3,\"reasoningDepth\":3,\"redundancyScore\":0,\"redundancyRatio\":0,\"hasFormula\":1}}},\"validationReportDetail\":{\"passed\":false,\"stageResults\":[{\"stage\":\"structural validity\",\"passed\":false,\"diagnostics\":[\"Scenario has no normalized entities.\"],\"metrics\":{\"entityCount\":0,\"constraintCount\":1,\"hasPrompt\":1}},{\"stage\":\"solvability\",\"passed\":true,\"diagnostics\":[],\"metrics\":{\"warningCount\":0}},{\"stage\":\"uniqueness\",\"passed\":true,\"diagnostics\":[],\"metrics\":{\"uniquenessVerified\":0}},{\"stage\":\"difficulty calibration\",\"passed\":true,\"diagnostics\":[],\"metrics\":{\"difficultyScore\":4.3,\"reasoningDepth\":3}},{\"stage\":\"redundancy analysis\",\"passed\":true,\"diagnostics\":[],\"metrics\":{\"redundancyScore\":0,\"redundancyRatio\":0}},{\"stage\":\"equation solvability\",\"passed\":true,\"diagnostics\":[],\"metrics\":{\"hasFormula\":1}}],\"warnings\":[\"Scenario has no normalized entities.\"],\"metrics\":{\"clueCount\":0,\"inferenceDepth\":0,\"uniquenessVerified\":0,\"entityCount\":0,\"constraintCount\":1,\"hasPrompt\":1,\"warningCount\":0,\"difficultyScore\":4.3,\"reasoningDepth\":3,\"redundancyScore\":0,\"redundancyRatio\":0,\"hasFormula\":1}},\"difficultyAssessment\":{\"difficultyLabel\":\"Medium\",\"difficultyScore\":4.3,\"cognitiveLoad\":2.23,\"inferenceDepth\":3,\"calculationComplexity\":2,\"distractorComplexity\":3,\"ambiguityScore\":1.05,\"solvingTimeEstimate\":93,\"domainContributions\":{\"operationCount\":2,\"visualComplexity\":0,\"inferenceComplexity\":3},\"metrics\":{\"reasoningDepth\":3,\"dependencyComplexity\":3,\"estimatedSolveTime\":93,\"distractorCount\":3,\"calculationComplexity\":2,\"cognitiveLoadBase\":2.5,\"ambiguityScoreBase\":0}},\"qualityAssessment\":{\"approved\":false,\"rejectionReasons\":[\"failed-validation\",\"low-realism-score\",\"weak-distractors\"],\"qualityMetrics\":{\"realismScore\":0,\"validationPassed\":0,\"structuralDiversityScore\":1,\"repeatedStructureWarnings\":0,\"directClueRatio\":0,\"difficultyConfidence\":10,\"distractorComplexity\":3,\"distractorTypeCount\":0,\"genericDistractorRatio\":1,\"hasStructuralSignature\":1}},\"extractedPatternIntelligence\":{\"domain\":\"quant\",\"structure\":{\"domain\":\"quant\",\"subtype\":\"equations\",\"entityCount\":0,\"constraintCount\":1,\"structureTokens\":[\"variables:\",\"constraint:formula\"],\"topology\":\"formula-network\",\"metadata\":{\"formula\":\"0\"}},\"difficulty\":{\"cognitiveLoad\":2.5,\"inferenceDepth\":3,\"calculationComplexity\":2,\"distractorComplexity\":3,\"ambiguityScore\":0,\"solvingTimeEstimate\":93,\"difficultyBand\":\"Medium\"},\"distractors\":[{\"type\":\"wrongIntermediateValue\",\"label\":\"wrongIntermediateValue\",\"trapType\":\"wrongIntermediateValue\",\"frequency\":3}],\"motifs\":[{\"motifId\":\"eqn-lin-single\",\"domain\":\"quant\",\"archetype\":\"general\",\"confidence\":0.95,\"metadata\":{\"generated\":\"selectedMotif\"}}]},\"structuralSignature\":{\"domain\":\"quant\",\"topologyHash\":\"sig_604ec201\",\"inferenceHash\":\"sig_e06badb\",\"motifHash\":\"sig_122e7aa5\",\"distractorHash\":\"sig_4306d95f\"},\"corpusAlignment\":{\"score\":8.43,\"deviations\":[{\"metric\":\"topology-frequency\",\"actual\":\"formula-network\",\"expected\":\"higher-frequency corpus topology\",\"message\":\"Topology is less common than the target corpus profile.\"},{\"metric\":\"distractor-pattern\",\"actual\":\"wrongIntermediateValue\",\"expected\":\"higher-frequency corpus distractor families\",\"message\":\"Distractor distribution is weaker or less corpus-like than expected.\"}],\"matchedPatterns\":[\"Clue density aligns with extracted PYQ corpus ranges.\",\"Inference depth tracks the target corpus difficulty curve.\",\"Wording complexity resembles the PYQ corpus style.\",\"Formula/calculation complexity aligns with corpus behavior.\"]},\"originalityScore\":{\"score\":7.73,\"penalties\":[\"Distractor ordering looks mechanically repeated.\",\"Wording normalization indicates a repeated surface template pattern.\"],\"diagnostics\":[\"PYQ-derived intelligence is treated as calibration guidance only, not as a template source.\",\"Clue topology penalty 0, formula repetition penalty 0, distractor ordering penalty 0.667.\",\"Corpus alignment pressure 0.128 while preserving topic weighting and realism guidance only.\"]},\"difficultyConfidence\":{\"predictedDifficulty\":\"Medium\",\"confidence\":9.09,\"explanation\":\"Intended difficulty Medium (4.3), predicted Medium (3.2). Signals used: solving complexity 2.2, elimination depth 0, branching 0, distractor quality 3. Human-solver simulation combined inference depth 3 with solver trace support 0 and branching factor 0.\"}},\"reasoningSteps\":[\"balance linear terms: Start from the direct relation highlighted in the motif.\",\"direct: Move variable terms to one side: $5x-2x=11+7$.\",\"direct: $3x=18$, so $x=6$.\"],\"dependencyComplexity\":3,\"operationChain\":[\"transform\",\"compare\"],\"difficulty\":\"Medium\",\"difficultyScore\":4.3,\"difficultyLabel\":\"Medium\",\"difficultyMetadata\":{\"difficultyScore\":4.3,\"difficultyLabel\":\"Medium\",\"estimatedSolveTime\":93,\"operationCount\":2,\"reasoningDepth\":3,\"reasoningSteps\":[\"balance linear terms: Start from the direct relation highlighted in the motif.\",\"direct: Move variable terms to one side: $5x-2x=11+7$.\",\"direct: $3x=18$, so $x=6$.\"],\"dependencyComplexity\":3,\"operationChain\":[\"transform\",\"compare\"],\"usesPercentage\":false,\"usesRatio\":false,\"usesComparison\":false,\"visualComplexity\":0,\"inferenceComplexity\":3},\"generationMetrics\":{\"generationDurationMs\":4,\"validationRetries\":0,\"uniquenessFailures\":0,\"branchingFactor\":0,\"clueDensity\":0,\"inferenceDepth\":3,\"redundancyScore\":0}}]}",
        "{\"cachedQuestionCount\":1,\"selectedMotifs\":[\"eqn-lin-single\"],\"hasSolverTraces\":false,\"hasSvgSnapshots\":false,\"hasExplanationFlow\":false}",
        "2026-05-09T07:17:08.529Z"
      ],
      "cause": {
        "name": "PostgresError",
        "severity_local": "ERROR",
        "severity": "ERROR",
        "code": "42P01",
        "position": "13",
        "file": "parse_relation.c",
        "line": "1449",
        "routine": "parserOpenTable"
      }
    }
[12:47:09.201] [32mINFO[39m (12032): [36mrequest completed[39m
    [35mreq[39m: {
      "id": 2,
      "method": "POST",
      "url": "/api/generator/pattern"
    }
    [35mres[39m: {
      "statusCode": 200
    }
    [35mresponseTime[39m: 5385
Generation metrics {
  patternId: 'registry-equations-linear-medium',
  topic: 'Equations: Linear Systems',
  subtopic: 'equations',
  generationId: 'gen_5db4f587',
  generationDomain: 'quant',
  selectedMotif: 'eqn-lin-simultaneous',
  difficultyLabel: 'Medium',
  metrics: {
    generationDurationMs: 0,
    validationRetries: 0,
    uniquenessFailures: 0,
    branchingFactor: 0,
    branchingComplexity: undefined,
    clueDensity: 0,
    inferenceDepth: 4,
    redundancyScore: 0,
    deductionDependencyScore: undefined,
    redundancyRatio: undefined,
    anchorDensity: undefined,
    directClueRatio: undefined
  }
}
[12:47:09.910] [33mWARN[39m (12032): [36mGeneration cache lookup failed; falling back to live generation[39m
    [35mpatternId[39m: "registry-equations-linear-medium"
    error: {
      "query": "select \"key\", \"pattern_id\", \"generation_domain\", \"generator_version\", \"motif_version\", \"topology_version\", \"request_fingerprint\", \"payload\", \"artifact_metadata\", \"created_at\", \"last_accessed_at\", \"hit_count\" from \"reasoning_scenario_cache\" where \"reasoning_scenario_cache\".\"key\" = $1 limit $2",
      "params": [
        "25340dd99c5787ca45cad60e75fedfb42491da26e346ed01b6c8136e85753439",
        1
      ],
      "cause": {
        "name": "PostgresError",
        "severity_local": "ERROR",
        "severity": "ERROR",
        "code": "42P01",
        "position": "214",
        "file": "parse_relation.c",
        "line": "1449",
        "routine": "parserOpenTable"
      }
    }
[12:47:10.583] [33mWARN[39m (12032): [36mGeneration cache store failed; continuing without cache persistence[39m
    [35mpatternId[39m: "registry-equations-linear-medium"
    error: {
      "query": "insert into \"reasoning_scenario_cache\" (\"key\", \"pattern_id\", \"generation_domain\", \"generator_version\", \"motif_version\", \"topology_version\", \"request_fingerprint\", \"payload\", \"artifact_metadata\", \"created_at\", \"last_accessed_at\", \"hit_count\") values ($1, $2, $3, $4, $5, $6, $7, $8, $9, default, default, default) on conflict (\"key\") do update set \"generator_version\" = $10, \"motif_version\" = $11, \"topology_version\" = $12, \"payload\" = $13, \"artifact_metadata\" = $14, \"last_accessed_at\" = $15",
      "params": [
        "25340dd99c5787ca45cad60e75fedfb42491da26e346ed01b6c8136e85753439",
        "registry-equations-linear-medium",
        "quant",
        "reasoning-generator-v1",
        "motif-registry-v1:47b554b603aee5407eab39db35f5a396d0cd033c936e1a0d4e7bffa8c629a3b5",
        "topology-contract-v1:409c496459b1fc1a7b1e335f0b47e27c83be21a95c5dd9d7ddf09476ffefd733",
        "9f14c7a7471ddca220c49daa2c84bb5c9b14967f9d26f6bac4528c7a89973a85",
        "{\"generationContext\":{\"seed\":\"auto-seed:00c55f60-0725-4ba4-bfca-7bd4c139301d\",\"generationId\":\"gen_5db4f587\",\"timestamp\":1778311029239},\"questions\":[{\"text\":\"Solve the system $\\\\begin{cases}2x+y=11\\\\\\\\x-y=1\\\\end{cases}$. Find $x+y$.\",\"options\":[\"$7$\",\"$4$\",\"$3$\",\"$8$\"],\"correct\":0,\"explanation\":\"Add the equations: $(2x+y)+(x-y)=11+1$.\\n$3x=12$, so $x=4$. Then $4-y=1$, so $y=3$.\\nTherefore $x+y=4+3=7$.\\nFinal answer = $7$.\",\"section\":\"Quant\",\"topic\":\"Equations: Linear Systems\",\"subtopic\":\"equations\",\"optionMetadata\":[{\"value\":\"$7$\",\"isCorrect\":true,\"distractorType\":\"correct\",\"likelyMistake\":\"Correct equation path\",\"reasoningTrap\":\"None\"},{\"value\":\"$4$\",\"isCorrect\":false,\"distractorType\":\"wrongIntermediateValue\",\"likelyMistake\":\"Substitution_Direction_Flip\",\"reasoningTrap\":\"Substitution_Direction_Flip\"},{\"value\":\"$3$\",\"isCorrect\":false,\"distractorType\":\"wrongIntermediateValue\",\"likelyMistake\":\"Integer_Constraint_Violation\",\"reasoningTrap\":\"Integer_Constraint_Violation\"},{\"value\":\"$8$\",\"isCorrect\":false,\"distractorType\":\"wrongIntermediateValue\",\"likelyMistake\":\"Sign_Flip_Vieta\",\"reasoningTrap\":\"Sign_Flip_Vieta\"}],\"examRealismMetadata\":{\"examProfile\":\"custom\",\"wordingStyle\":\"balanced\",\"archetypeId\":\"medium-comparison-chain\",\"archetypeCategory\":\"comparison-chain\",\"reasoningTraps\":[\"Substitution_Direction_Flip\",\"Integer_Constraint_Violation\",\"Sign_Flip_Vieta\"],\"weightingSummary\":[\"Archetype weight 1.00\",\"Trap bias 1.00\",\"Inference bias 1.00\",\"Distractor mix wrongIntermediateValue, wrongIntermediateValue, wrongIntermediateValue\"]},\"debugMetadata\":{\"selectedPattern\":\"registry-equations-linear-medium\",\"seed\":\"auto-seed:00c55f60-0725-4ba4-bfca-7bd4c139301d\",\"generationId\":\"gen_5db4f587\",\"generationDomain\":\"quant\",\"selectedMotif\":\"eqn-lin-simultaneous\",\"selectedArchetype\":\"medium-comparison-chain\",\"structuralSignatureKey\":\"eqn-lin-simultaneous::elimination-two-variable::4|3\",\"scenarioLogicBranch\":\"elimination-two-variable\",\"compatibilityWarnings\":[],\"generationMetrics\":{\"generationDurationMs\":0,\"validationRetries\":0,\"uniquenessFailures\":0,\"branchingFactor\":0,\"clueDensity\":0,\"inferenceDepth\":4,\"redundancyScore\":0},\"proceduralScenario\":{\"id\":\"quant:gen_5db4f587:registry-equations-linear-medium\",\"domain\":\"quant\",\"subtype\":\"equations\",\"metadata\":{\"patternId\":\"registry-equations-linear-medium\",\"topic\":\"Equations: Linear Systems\",\"subtopic\":\"equations\",\"generationDomain\":\"quant\",\"seed\":\"auto-seed:00c55f60-0725-4ba4-bfca-7bd4c139301d\"},\"entities\":[],\"constraints\":[{\"id\":\"quant-formula\",\"type\":\"formula\",\"operator\":\"EQUALS\",\"expression\":\"0\",\"metadata\":{\"variables\":[]}}],\"content\":{\"stem\":\"Solve the system $\\\\begin{cases}2x+y=11\\\\\\\\x-y=1\\\\end{cases}$. Find $x+y$.\",\"prompt\":\"Solve the system $\\\\begin{cases}2x+y=11\\\\\\\\x-y=1\\\\end{cases}$. Find $x+y$.\",\"options\":[\"$7$\",\"$4$\",\"$3$\",\"$8$\"],\"explanation\":\"Add the equations: $(2x+y)+(x-y)=11+1$.\\n$3x=12$, so $x=4$. Then $4-y=1$, so $y=3$.\\nTherefore $x+y=4+3=7$.\\nFinal answer = $7$.\",\"artifacts\":{}},\"difficulty\":{\"label\":\"Medium\",\"score\":5.3,\"inferenceDepth\":4,\"metrics\":{\"reasoningDepth\":4,\"dependencyComplexity\":4,\"estimatedSolveTime\":111,\"distractorCount\":3,\"calculationComplexity\":3,\"cognitiveLoadBase\":3.3,\"ambiguityScoreBase\":0}},\"validation\":{\"passed\":false,\"warnings\":[\"Scenario has no normalized entities.\"],\"metrics\":{\"clueCount\":0,\"inferenceDepth\":0,\"uniquenessVerified\":0,\"entityCount\":0,\"constraintCount\":1,\"hasPrompt\":1,\"warningCount\":0,\"difficultyScore\":5.3,\"reasoningDepth\":4,\"redundancyScore\":0,\"redundancyRatio\":0,\"hasFormula\":1}}},\"validationReportDetail\":{\"passed\":false,\"stageResults\":[{\"stage\":\"structural validity\",\"passed\":false,\"diagnostics\":[\"Scenario has no normalized entities.\"],\"metrics\":{\"entityCount\":0,\"constraintCount\":1,\"hasPrompt\":1}},{\"stage\":\"solvability\",\"passed\":true,\"diagnostics\":[],\"metrics\":{\"warningCount\":0}},{\"stage\":\"uniqueness\",\"passed\":true,\"diagnostics\":[],\"metrics\":{\"uniquenessVerified\":0}},{\"stage\":\"difficulty calibration\",\"passed\":true,\"diagnostics\":[],\"metrics\":{\"difficultyScore\":5.3,\"reasoningDepth\":4}},{\"stage\":\"redundancy analysis\",\"passed\":true,\"diagnostics\":[],\"metrics\":{\"redundancyScore\":0,\"redundancyRatio\":0}},{\"stage\":\"equation solvability\",\"passed\":true,\"diagnostics\":[],\"metrics\":{\"hasFormula\":1}}],\"warnings\":[\"Scenario has no normalized entities.\"],\"metrics\":{\"clueCount\":0,\"inferenceDepth\":0,\"uniquenessVerified\":0,\"entityCount\":0,\"constraintCount\":1,\"hasPrompt\":1,\"warningCount\":0,\"difficultyScore\":5.3,\"reasoningDepth\":4,\"redundancyScore\":0,\"redundancyRatio\":0,\"hasFormula\":1}},\"difficultyAssessment\":{\"difficultyLabel\":\"Medium\",\"difficultyScore\":5.3,\"cognitiveLoad\":2.89,\"inferenceDepth\":4,\"calculationComplexity\":3,\"distractorComplexity\":3,\"ambiguityScore\":1.05,\"solvingTimeEstimate\":111,\"domainContributions\":{\"operationCount\":3,\"visualComplexity\":0,\"inferenceComplexity\":4},\"metrics\":{\"reasoningDepth\":4,\"dependencyComplexity\":4,\"estimatedSolveTime\":111,\"distractorCount\":3,\"calculationComplexity\":3,\"cognitiveLoadBase\":3.3,\"ambiguityScoreBase\":0}},\"qualityAssessment\":{\"approved\":false,\"rejectionReasons\":[\"failed-validation\",\"low-realism-score\",\"weak-distractors\"],\"qualityMetrics\":{\"realismScore\":0,\"validationPassed\":0,\"structuralDiversityScore\":1,\"repeatedStructureWarnings\":0,\"directClueRatio\":0,\"difficultyConfidence\":10,\"distractorComplexity\":3,\"distractorTypeCount\":0,\"genericDistractorRatio\":1,\"hasStructuralSignature\":1}},\"extractedPatternIntelligence\":{\"domain\":\"quant\",\"structure\":{\"domain\":\"quant\",\"subtype\":\"equations\",\"entityCount\":0,\"constraintCount\":1,\"structureTokens\":[\"variables:\",\"constraint:formula\"],\"topology\":\"formula-network\",\"metadata\":{\"formula\":\"0\"}},\"difficulty\":{\"cognitiveLoad\":3.3,\"inferenceDepth\":4,\"calculationComplexity\":3,\"distractorComplexity\":3,\"ambiguityScore\":0,\"solvingTimeEstimate\":111,\"difficultyBand\":\"Medium\"},\"distractors\":[{\"type\":\"wrongIntermediateValue\",\"label\":\"wrongIntermediateValue\",\"trapType\":\"wrongIntermediateValue\",\"frequency\":3}],\"motifs\":[{\"motifId\":\"eqn-lin-simultaneous\",\"domain\":\"quant\",\"archetype\":\"general\",\"confidence\":0.95,\"metadata\":{\"generated\":\"selectedMotif\"}}]},\"structuralSignature\":{\"domain\":\"quant\",\"topologyHash\":\"sig_604ec201\",\"inferenceHash\":\"sig_6484bed\",\"motifHash\":\"sig_c9b7d000\",\"distractorHash\":\"sig_4306d95f\"},\"corpusAlignment\":{\"score\":8.43,\"deviations\":[{\"metric\":\"topology-frequency\",\"actual\":\"formula-network\",\"expected\":\"higher-frequency corpus topology\",\"message\":\"Topology is less common than the target corpus profile.\"},{\"metric\":\"distractor-pattern\",\"actual\":\"wrongIntermediateValue\",\"expected\":\"higher-frequency corpus distractor families\",\"message\":\"Distractor distribution is weaker or less corpus-like than expected.\"}],\"matchedPatterns\":[\"Clue density aligns with extracted PYQ corpus ranges.\",\"Inference depth tracks the target corpus difficulty curve.\",\"Wording complexity resembles the PYQ corpus style.\",\"Formula/calculation complexity aligns with corpus behavior.\"]},\"originalityScore\":{\"score\":7.68,\"penalties\":[\"Distractor ordering looks mechanically repeated.\",\"Wording normalization indicates a repeated surface template pattern.\"],\"diagnostics\":[\"PYQ-derived intelligence is treated as calibration guidance only, not as a template source.\",\"Clue topology penalty 0, formula repetition penalty 0, distractor ordering penalty 0.667.\",\"Corpus alignment pressure 0.128 while preserving topic weighting and realism guidance only.\"]},\"difficultyConfidence\":{\"predictedDifficulty\":\"Medium\",\"confidence\":8.68,\"explanation\":\"Intended difficulty Medium (5.3), predicted Medium (3.9). Signals used: solving complexity 2.9, elimination depth 0, branching 0, distractor quality 3. Human-solver simulation combined inference depth 4 with solver trace support 0 and branching factor 0.\"}},\"reasoningSteps\":[\"elimination: Start from the direct relation highlighted in the motif.\",\"multi-step: Add the equations: $(2x+y)+(x-y)=11+1$.\",\"direct: $3x=12$, so $x=4$. Then $4-y=1$, so $y=3$.\",\"direct: Therefore $x+y=4+3=7$.\"],\"dependencyComplexity\":4,\"operationChain\":[\"compare\",\"transform\",\"compare\"],\"difficulty\":\"Medium\",\"difficultyScore\":5.3,\"difficultyLabel\":\"Medium\",\"difficultyMetadata\":{\"difficultyScore\":5.3,\"difficultyLabel\":\"Medium\",\"estimatedSolveTime\":111,\"operationCount\":3,\"reasoningDepth\":4,\"reasoningSteps\":[\"elimination: Start from the direct relation highlighted in the motif.\",\"multi-step: Add the equations: $(2x+y)+(x-y)=11+1$.\",\"direct: $3x=12$, so $x=4$. Then $4-y=1$, so $y=3$.\",\"direct: Therefore $x+y=4+3=7$.\"],\"dependencyComplexity\":4,\"operationChain\":[\"compare\",\"transform\",\"compare\"],\"usesPercentage\":false,\"usesRatio\":false,\"usesComparison\":false,\"visualComplexity\":0,\"inferenceComplexity\":4},\"generationMetrics\":{\"generationDurationMs\":0,\"validationRetries\":0,\"uniquenessFailures\":0,\"branchingFactor\":0,\"clueDensity\":0,\"inferenceDepth\":4,\"redundancyScore\":0}}]}",
        "{\"cachedQuestionCount\":1,\"selectedMotifs\":[\"eqn-lin-simultaneous\"],\"hasSolverTraces\":false,\"hasSvgSnapshots\":false,\"hasExplanationFlow\":false}",
        "reasoning-generator-v1",
        "motif-registry-v1:47b554b603aee5407eab39db35f5a396d0cd033c936e1a0d4e7bffa8c629a3b5",
        "topology-contract-v1:409c496459b1fc1a7b1e335f0b47e27c83be21a95c5dd9d7ddf09476ffefd733",
        "{\"generationContext\":{\"seed\":\"auto-seed:00c55f60-0725-4ba4-bfca-7bd4c139301d\",\"generationId\":\"gen_5db4f587\",\"timestamp\":1778311029239},\"questions\":[{\"text\":\"Solve the system $\\\\begin{cases}2x+y=11\\\\\\\\x-y=1\\\\end{cases}$. Find $x+y$.\",\"options\":[\"$7$\",\"$4$\",\"$3$\",\"$8$\"],\"correct\":0,\"explanation\":\"Add the equations: $(2x+y)+(x-y)=11+1$.\\n$3x=12$, so $x=4$. Then $4-y=1$, so $y=3$.\\nTherefore $x+y=4+3=7$.\\nFinal answer = $7$.\",\"section\":\"Quant\",\"topic\":\"Equations: Linear Systems\",\"subtopic\":\"equations\",\"optionMetadata\":[{\"value\":\"$7$\",\"isCorrect\":true,\"distractorType\":\"correct\",\"likelyMistake\":\"Correct equation path\",\"reasoningTrap\":\"None\"},{\"value\":\"$4$\",\"isCorrect\":false,\"distractorType\":\"wrongIntermediateValue\",\"likelyMistake\":\"Substitution_Direction_Flip\",\"reasoningTrap\":\"Substitution_Direction_Flip\"},{\"value\":\"$3$\",\"isCorrect\":false,\"distractorType\":\"wrongIntermediateValue\",\"likelyMistake\":\"Integer_Constraint_Violation\",\"reasoningTrap\":\"Integer_Constraint_Violation\"},{\"value\":\"$8$\",\"isCorrect\":false,\"distractorType\":\"wrongIntermediateValue\",\"likelyMistake\":\"Sign_Flip_Vieta\",\"reasoningTrap\":\"Sign_Flip_Vieta\"}],\"examRealismMetadata\":{\"examProfile\":\"custom\",\"wordingStyle\":\"balanced\",\"archetypeId\":\"medium-comparison-chain\",\"archetypeCategory\":\"comparison-chain\",\"reasoningTraps\":[\"Substitution_Direction_Flip\",\"Integer_Constraint_Violation\",\"Sign_Flip_Vieta\"],\"weightingSummary\":[\"Archetype weight 1.00\",\"Trap bias 1.00\",\"Inference bias 1.00\",\"Distractor mix wrongIntermediateValue, wrongIntermediateValue, wrongIntermediateValue\"]},\"debugMetadata\":{\"selectedPattern\":\"registry-equations-linear-medium\",\"seed\":\"auto-seed:00c55f60-0725-4ba4-bfca-7bd4c139301d\",\"generationId\":\"gen_5db4f587\",\"generationDomain\":\"quant\",\"selectedMotif\":\"eqn-lin-simultaneous\",\"selectedArchetype\":\"medium-comparison-chain\",\"structuralSignatureKey\":\"eqn-lin-simultaneous::elimination-two-variable::4|3\",\"scenarioLogicBranch\":\"elimination-two-variable\",\"compatibilityWarnings\":[],\"generationMetrics\":{\"generationDurationMs\":0,\"validationRetries\":0,\"uniquenessFailures\":0,\"branchingFactor\":0,\"clueDensity\":0,\"inferenceDepth\":4,\"redundancyScore\":0},\"proceduralScenario\":{\"id\":\"quant:gen_5db4f587:registry-equations-linear-medium\",\"domain\":\"quant\",\"subtype\":\"equations\",\"metadata\":{\"patternId\":\"registry-equations-linear-medium\",\"topic\":\"Equations: Linear Systems\",\"subtopic\":\"equations\",\"generationDomain\":\"quant\",\"seed\":\"auto-seed:00c55f60-0725-4ba4-bfca-7bd4c139301d\"},\"entities\":[],\"constraints\":[{\"id\":\"quant-formula\",\"type\":\"formula\",\"operator\":\"EQUALS\",\"expression\":\"0\",\"metadata\":{\"variables\":[]}}],\"content\":{\"stem\":\"Solve the system $\\\\begin{cases}2x+y=11\\\\\\\\x-y=1\\\\end{cases}$. Find $x+y$.\",\"prompt\":\"Solve the system $\\\\begin{cases}2x+y=11\\\\\\\\x-y=1\\\\end{cases}$. Find $x+y$.\",\"options\":[\"$7$\",\"$4$\",\"$3$\",\"$8$\"],\"explanation\":\"Add the equations: $(2x+y)+(x-y)=11+1$.\\n$3x=12$, so $x=4$. Then $4-y=1$, so $y=3$.\\nTherefore $x+y=4+3=7$.\\nFinal answer = $7$.\",\"artifacts\":{}},\"difficulty\":{\"label\":\"Medium\",\"score\":5.3,\"inferenceDepth\":4,\"metrics\":{\"reasoningDepth\":4,\"dependencyComplexity\":4,\"estimatedSolveTime\":111,\"distractorCount\":3,\"calculationComplexity\":3,\"cognitiveLoadBase\":3.3,\"ambiguityScoreBase\":0}},\"validation\":{\"passed\":false,\"warnings\":[\"Scenario has no normalized entities.\"],\"metrics\":{\"clueCount\":0,\"inferenceDepth\":0,\"uniquenessVerified\":0,\"entityCount\":0,\"constraintCount\":1,\"hasPrompt\":1,\"warningCount\":0,\"difficultyScore\":5.3,\"reasoningDepth\":4,\"redundancyScore\":0,\"redundancyRatio\":0,\"hasFormula\":1}}},\"validationReportDetail\":{\"passed\":false,\"stageResults\":[{\"stage\":\"structural validity\",\"passed\":false,\"diagnostics\":[\"Scenario has no normalized entities.\"],\"metrics\":{\"entityCount\":0,\"constraintCount\":1,\"hasPrompt\":1}},{\"stage\":\"solvability\",\"passed\":true,\"diagnostics\":[],\"metrics\":{\"warningCount\":0}},{\"stage\":\"uniqueness\",\"passed\":true,\"diagnostics\":[],\"metrics\":{\"uniquenessVerified\":0}},{\"stage\":\"difficulty calibration\",\"passed\":true,\"diagnostics\":[],\"metrics\":{\"difficultyScore\":5.3,\"reasoningDepth\":4}},{\"stage\":\"redundancy analysis\",\"passed\":true,\"diagnostics\":[],\"metrics\":{\"redundancyScore\":0,\"redundancyRatio\":0}},{\"stage\":\"equation solvability\",\"passed\":true,\"diagnostics\":[],\"metrics\":{\"hasFormula\":1}}],\"warnings\":[\"Scenario has no normalized entities.\"],\"metrics\":{\"clueCount\":0,\"inferenceDepth\":0,\"uniquenessVerified\":0,\"entityCount\":0,\"constraintCount\":1,\"hasPrompt\":1,\"warningCount\":0,\"difficultyScore\":5.3,\"reasoningDepth\":4,\"redundancyScore\":0,\"redundancyRatio\":0,\"hasFormula\":1}},\"difficultyAssessment\":{\"difficultyLabel\":\"Medium\",\"difficultyScore\":5.3,\"cognitiveLoad\":2.89,\"inferenceDepth\":4,\"calculationComplexity\":3,\"distractorComplexity\":3,\"ambiguityScore\":1.05,\"solvingTimeEstimate\":111,\"domainContributions\":{\"operationCount\":3,\"visualComplexity\":0,\"inferenceComplexity\":4},\"metrics\":{\"reasoningDepth\":4,\"dependencyComplexity\":4,\"estimatedSolveTime\":111,\"distractorCount\":3,\"calculationComplexity\":3,\"cognitiveLoadBase\":3.3,\"ambiguityScoreBase\":0}},\"qualityAssessment\":{\"approved\":false,\"rejectionReasons\":[\"failed-validation\",\"low-realism-score\",\"weak-distractors\"],\"qualityMetrics\":{\"realismScore\":0,\"validationPassed\":0,\"structuralDiversityScore\":1,\"repeatedStructureWarnings\":0,\"directClueRatio\":0,\"difficultyConfidence\":10,\"distractorComplexity\":3,\"distractorTypeCount\":0,\"genericDistractorRatio\":1,\"hasStructuralSignature\":1}},\"extractedPatternIntelligence\":{\"domain\":\"quant\",\"structure\":{\"domain\":\"quant\",\"subtype\":\"equations\",\"entityCount\":0,\"constraintCount\":1,\"structureTokens\":[\"variables:\",\"constraint:formula\"],\"topology\":\"formula-network\",\"metadata\":{\"formula\":\"0\"}},\"difficulty\":{\"cognitiveLoad\":3.3,\"inferenceDepth\":4,\"calculationComplexity\":3,\"distractorComplexity\":3,\"ambiguityScore\":0,\"solvingTimeEstimate\":111,\"difficultyBand\":\"Medium\"},\"distractors\":[{\"type\":\"wrongIntermediateValue\",\"label\":\"wrongIntermediateValue\",\"trapType\":\"wrongIntermediateValue\",\"frequency\":3}],\"motifs\":[{\"motifId\":\"eqn-lin-simultaneous\",\"domain\":\"quant\",\"archetype\":\"general\",\"confidence\":0.95,\"metadata\":{\"generated\":\"selectedMotif\"}}]},\"structuralSignature\":{\"domain\":\"quant\",\"topologyHash\":\"sig_604ec201\",\"inferenceHash\":\"sig_6484bed\",\"motifHash\":\"sig_c9b7d000\",\"distractorHash\":\"sig_4306d95f\"},\"corpusAlignment\":{\"score\":8.43,\"deviations\":[{\"metric\":\"topology-frequency\",\"actual\":\"formula-network\",\"expected\":\"higher-frequency corpus topology\",\"message\":\"Topology is less common than the target corpus profile.\"},{\"metric\":\"distractor-pattern\",\"actual\":\"wrongIntermediateValue\",\"expected\":\"higher-frequency corpus distractor families\",\"message\":\"Distractor distribution is weaker or less corpus-like than expected.\"}],\"matchedPatterns\":[\"Clue density aligns with extracted PYQ corpus ranges.\",\"Inference depth tracks the target corpus difficulty curve.\",\"Wording complexity resembles the PYQ corpus style.\",\"Formula/calculation complexity aligns with corpus behavior.\"]},\"originalityScore\":{\"score\":7.68,\"penalties\":[\"Distractor ordering looks mechanically repeated.\",\"Wording normalization indicates a repeated surface template pattern.\"],\"diagnostics\":[\"PYQ-derived intelligence is treated as calibration guidance only, not as a template source.\",\"Clue topology penalty 0, formula repetition penalty 0, distractor ordering penalty 0.667.\",\"Corpus alignment pressure 0.128 while preserving topic weighting and realism guidance only.\"]},\"difficultyConfidence\":{\"predictedDifficulty\":\"Medium\",\"confidence\":8.68,\"explanation\":\"Intended difficulty Medium (5.3), predicted Medium (3.9). Signals used: solving complexity 2.9, elimination depth 0, branching 0, distractor quality 3. Human-solver simulation combined inference depth 4 with solver trace support 0 and branching factor 0.\"}},\"reasoningSteps\":[\"elimination: Start from the direct relation highlighted in the motif.\",\"multi-step: Add the equations: $(2x+y)+(x-y)=11+1$.\",\"direct: $3x=12$, so $x=4$. Then $4-y=1$, so $y=3$.\",\"direct: Therefore $x+y=4+3=7$.\"],\"dependencyComplexity\":4,\"operationChain\":[\"compare\",\"transform\",\"compare\"],\"difficulty\":\"Medium\",\"difficultyScore\":5.3,\"difficultyLabel\":\"Medium\",\"difficultyMetadata\":{\"difficultyScore\":5.3,\"difficultyLabel\":\"Medium\",\"estimatedSolveTime\":111,\"operationCount\":3,\"reasoningDepth\":4,\"reasoningSteps\":[\"elimination: Start from the direct relation highlighted in the motif.\",\"multi-step: Add the equations: $(2x+y)+(x-y)=11+1$.\",\"direct: $3x=12$, so $x=4$. Then $4-y=1$, so $y=3$.\",\"direct: Therefore $x+y=4+3=7$.\"],\"dependencyComplexity\":4,\"operationChain\":[\"compare\",\"transform\",\"compare\"],\"usesPercentage\":false,\"usesRatio\":false,\"usesComparison\":false,\"visualComplexity\":0,\"inferenceComplexity\":4},\"generationMetrics\":{\"generationDurationMs\":0,\"validationRetries\":0,\"uniquenessFailures\":0,\"branchingFactor\":0,\"clueDensity\":0,\"inferenceDepth\":4,\"redundancyScore\":0}}]}",
        "{\"cachedQuestionCount\":1,\"selectedMotifs\":[\"eqn-lin-simultaneous\"],\"hasSolverTraces\":false,\"hasSvgSnapshots\":false,\"hasExplanationFlow\":false}",
        "2026-05-09T07:17:09.911Z"
      ],
      "cause": {
        "name": "PostgresError",
        "severity_local": "ERROR",
        "severity": "ERROR",
        "code": "42P01",
        "position": "13",
        "file": "parse_relation.c",
        "line": "1449",
        "routine": "parserOpenTable"
      }
    }
[12:47:10.583] [32mINFO[39m (12032): [36mrequest completed[39m
    [35mreq[39m: {
      "id": 3,
      "method": "POST",
      "url": "/api/generator/pattern"
    }
    [35mres[39m: {
      "statusCode": 200
    }
    [35mresponseTime[39m: 1346
Generation metrics {
  patternId: 'registry-equations-quadratic-medium',
  topic: 'Equations: Quadratics',
  subtopic: 'equations',
  generationId: 'gen_a1391dc6',
  generationDomain: 'quant',
  selectedMotif: 'eqn-quad-formula',
  difficultyLabel: 'Medium',
  metrics: {
    generationDurationMs: 0,
    validationRetries: 0,
    uniquenessFailures: 0,
    branchingFactor: 0,
    branchingComplexity: undefined,
    clueDensity: 0,
    inferenceDepth: 4,
    redundancyScore: 0,
    deductionDependencyScore: undefined,
    redundancyRatio: undefined,
    anchorDensity: undefined,
    directClueRatio: undefined
  }
}
[12:47:11.262] [33mWARN[39m (12032): [36mGeneration cache lookup failed; falling back to live generation[39m
    [35mpatternId[39m: "registry-equations-quadratic-medium"
    error: {
      "query": "select \"key\", \"pattern_id\", \"generation_domain\", \"generator_version\", \"motif_version\", \"topology_version\", \"request_fingerprint\", \"payload\", \"artifact_metadata\", \"created_at\", \"last_accessed_at\", \"hit_count\" from \"reasoning_scenario_cache\" where \"reasoning_scenario_cache\".\"key\" = $1 limit $2",
      "params": [
        "5fad404f1e3b0605f5ae387bffba39f1679c8e2b8dd0bc1adb1c8d160d305c9a",
        1
      ],
      "cause": {
        "name": "PostgresError",
        "severity_local": "ERROR",
        "severity": "ERROR",
        "code": "42P01",
        "position": "214",
        "file": "parse_relation.c",
        "line": "1449",
        "routine": "parserOpenTable"
      }
    }
[12:47:11.934] [33mWARN[39m (12032): [36mGeneration cache store failed; continuing without cache persistence[39m
    [35mpatternId[39m: "registry-equations-quadratic-medium"
    error: {
      "query": "insert into \"reasoning_scenario_cache\" (\"key\", \"pattern_id\", \"generation_domain\", \"generator_version\", \"motif_version\", \"topology_version\", \"request_fingerprint\", \"payload\", \"artifact_metadata\", \"created_at\", \"last_accessed_at\", \"hit_count\") values ($1, $2, $3, $4, $5, $6, $7, $8, $9, default, default, default) on conflict (\"key\") do update set \"generator_version\" = $10, \"motif_version\" = $11, \"topology_version\" = $12, \"payload\" = $13, \"artifact_metadata\" = $14, \"last_accessed_at\" = $15",
      "params": [
        "5fad404f1e3b0605f5ae387bffba39f1679c8e2b8dd0bc1adb1c8d160d305c9a",
        "registry-equations-quadratic-medium",
        "quant",
        "reasoning-generator-v1",
        "motif-registry-v1:d3e40b38eafb9d9d27e2b71873a5ea866483022de70bff7ffcb2471626a1b7b2",
        "topology-contract-v1:409c496459b1fc1a7b1e335f0b47e27c83be21a95c5dd9d7ddf09476ffefd733",
        "891dfa0c564bbaf7cb1e15e80554fba1f672144fcfc69d9891c32e3e909dfe83",
        "{\"generationContext\":{\"seed\":\"auto-seed:0027e35f-7e8b-495c-ad15-2f6b10d82f58\",\"generationId\":\"gen_a1391dc6\",\"timestamp\":1778311030592},\"questions\":[{\"text\":\"Solve $x^{2}-4x+1=0$. Choose the larger root.\",\"options\":[\"$2+\\\\sqrt{3}$\",\"$2-\\\\sqrt{3}$\",\"$4+\\\\sqrt{3}$\",\"$2+\\\\sqrt{5}$\"],\"correct\":0,\"explanation\":\"Here $D=b^{2}-4ac=(-4)^{2}-4(1)(1)=12$.\\n$x=\\\\frac{4\\\\pm\\\\sqrt{12}}{2}=2\\\\pm\\\\sqrt{3}$.\\nThe larger root is $2+\\\\sqrt{3}$.\\nFinal answer = $2+\\\\sqrt{3}$.\",\"section\":\"Quant\",\"topic\":\"Equations: Quadratics\",\"subtopic\":\"equations\",\"optionMetadata\":[{\"value\":\"$2+\\\\sqrt{3}$\",\"isCorrect\":true,\"distractorType\":\"correct\",\"likelyMistake\":\"Correct equation path\",\"reasoningTrap\":\"None\"},{\"value\":\"$2-\\\\sqrt{3}$\",\"isCorrect\":false,\"distractorType\":\"wrongIntermediateValue\",\"likelyMistake\":\"Surd_Rationalization_Slip\",\"reasoningTrap\":\"Surd_Rationalization_Slip\"},{\"value\":\"$4+\\\\sqrt{3}$\",\"isCorrect\":false,\"distractorType\":\"wrongIntermediateValue\",\"likelyMistake\":\"Discriminant_Sign_Error\",\"reasoningTrap\":\"Discriminant_Sign_Error\"},{\"value\":\"$2+\\\\sqrt{5}$\",\"isCorrect\":false,\"distractorType\":\"wrongIntermediateValue\",\"likelyMistake\":\"Perfect_Square_Assumption\",\"reasoningTrap\":\"Perfect_Square_Assumption\"}],\"examRealismMetadata\":{\"examProfile\":\"custom\",\"wordingStyle\":\"balanced\",\"archetypeId\":\"medium-multi-step-arithmetic\",\"archetypeCategory\":\"multi-step-arithmetic\",\"reasoningTraps\":[\"Surd_Rationalization_Slip\",\"Discriminant_Sign_Error\",\"Perfect_Square_Assumption\"],\"weightingSummary\":[\"Archetype weight 1.00\",\"Trap bias 1.00\",\"Inference bias 1.00\",\"Distractor mix wrongIntermediateValue, wrongIntermediateValue, wrongIntermediateValue\"]},\"debugMetadata\":{\"selectedPattern\":\"registry-equations-quadratic-medium\",\"seed\":\"auto-seed:0027e35f-7e8b-495c-ad15-2f6b10d82f58\",\"generationId\":\"gen_a1391dc6\",\"generationDomain\":\"quant\",\"selectedMotif\":\"eqn-quad-formula\",\"selectedArchetype\":\"medium-multi-step-arithmetic\",\"structuralSignatureKey\":\"eqn-quad-formula::surd-quadratic-formula::1|-4|1|12\",\"scenarioLogicBranch\":\"surd-quadratic-formula\",\"compatibilityWarnings\":[],\"generationMetrics\":{\"generationDurationMs\":0,\"validationRetries\":0,\"uniquenessFailures\":0,\"branchingFactor\":0,\"clueDensity\":0,\"inferenceDepth\":4,\"redundancyScore\":0},\"proceduralScenario\":{\"id\":\"quant:gen_a1391dc6:registry-equations-quadratic-medium\",\"domain\":\"quant\",\"subtype\":\"equations\",\"metadata\":{\"patternId\":\"registry-equations-quadratic-medium\",\"topic\":\"Equations: Quadratics\",\"subtopic\":\"equations\",\"generationDomain\":\"quant\",\"seed\":\"auto-seed:0027e35f-7e8b-495c-ad15-2f6b10d82f58\"},\"entities\":[],\"constraints\":[{\"id\":\"quant-formula\",\"type\":\"formula\",\"operator\":\"EQUALS\",\"expression\":\"0\",\"metadata\":{\"variables\":[]}}],\"content\":{\"stem\":\"Solve $x^{2}-4x+1=0$. Choose the larger root.\",\"prompt\":\"Solve $x^{2}-4x+1=0$. Choose the larger root.\",\"options\":[\"$2+\\\\sqrt{3}$\",\"$2-\\\\sqrt{3}$\",\"$4+\\\\sqrt{3}$\",\"$2+\\\\sqrt{5}$\"],\"explanation\":\"Here $D=b^{2}-4ac=(-4)^{2}-4(1)(1)=12$.\\n$x=\\\\frac{4\\\\pm\\\\sqrt{12}}{2}=2\\\\pm\\\\sqrt{3}$.\\nThe larger root is $2+\\\\sqrt{3}$.\\nFinal answer = $2+\\\\sqrt{3}$.\",\"artifacts\":{}},\"difficulty\":{\"label\":\"Medium\",\"score\":5.3,\"inferenceDepth\":4,\"metrics\":{\"reasoningDepth\":4,\"dependencyComplexity\":4,\"estimatedSolveTime\":111,\"distractorCount\":3,\"calculationComplexity\":3,\"cognitiveLoadBase\":3.3,\"ambiguityScoreBase\":0}},\"validation\":{\"passed\":false,\"warnings\":[\"Scenario has no normalized entities.\"],\"metrics\":{\"clueCount\":0,\"inferenceDepth\":0,\"uniquenessVerified\":0,\"entityCount\":0,\"constraintCount\":1,\"hasPrompt\":1,\"warningCount\":0,\"difficultyScore\":5.3,\"reasoningDepth\":4,\"redundancyScore\":0,\"redundancyRatio\":0,\"hasFormula\":1}}},\"validationReportDetail\":{\"passed\":false,\"stageResults\":[{\"stage\":\"structural validity\",\"passed\":false,\"diagnostics\":[\"Scenario has no normalized entities.\"],\"metrics\":{\"entityCount\":0,\"constraintCount\":1,\"hasPrompt\":1}},{\"stage\":\"solvability\",\"passed\":true,\"diagnostics\":[],\"metrics\":{\"warningCount\":0}},{\"stage\":\"uniqueness\",\"passed\":true,\"diagnostics\":[],\"metrics\":{\"uniquenessVerified\":0}},{\"stage\":\"difficulty calibration\",\"passed\":true,\"diagnostics\":[],\"metrics\":{\"difficultyScore\":5.3,\"reasoningDepth\":4}},{\"stage\":\"redundancy analysis\",\"passed\":true,\"diagnostics\":[],\"metrics\":{\"redundancyScore\":0,\"redundancyRatio\":0}},{\"stage\":\"equation solvability\",\"passed\":true,\"diagnostics\":[],\"metrics\":{\"hasFormula\":1}}],\"warnings\":[\"Scenario has no normalized entities.\"],\"metrics\":{\"clueCount\":0,\"inferenceDepth\":0,\"uniquenessVerified\":0,\"entityCount\":0,\"constraintCount\":1,\"hasPrompt\":1,\"warningCount\":0,\"difficultyScore\":5.3,\"reasoningDepth\":4,\"redundancyScore\":0,\"redundancyRatio\":0,\"hasFormula\":1}},\"difficultyAssessment\":{\"difficultyLabel\":\"Medium\",\"difficultyScore\":5.3,\"cognitiveLoad\":2.89,\"inferenceDepth\":4,\"calculationComplexity\":3,\"distractorComplexity\":3,\"ambiguityScore\":1.05,\"solvingTimeEstimate\":111,\"domainContributions\":{\"operationCount\":3,\"visualComplexity\":0,\"inferenceComplexity\":4},\"metrics\":{\"reasoningDepth\":4,\"dependencyComplexity\":4,\"estimatedSolveTime\":111,\"distractorCount\":3,\"calculationComplexity\":3,\"cognitiveLoadBase\":3.3,\"ambiguityScoreBase\":0}},\"qualityAssessment\":{\"approved\":false,\"rejectionReasons\":[\"failed-validation\",\"low-realism-score\",\"weak-distractors\"],\"qualityMetrics\":{\"realismScore\":0,\"validationPassed\":0,\"structuralDiversityScore\":1,\"repeatedStructureWarnings\":0,\"directClueRatio\":0,\"difficultyConfidence\":10,\"distractorComplexity\":3,\"distractorTypeCount\":0,\"genericDistractorRatio\":1,\"hasStructuralSignature\":1}},\"extractedPatternIntelligence\":{\"domain\":\"quant\",\"structure\":{\"domain\":\"quant\",\"subtype\":\"equations\",\"entityCount\":0,\"constraintCount\":1,\"structureTokens\":[\"variables:\",\"constraint:formula\"],\"topology\":\"formula-network\",\"metadata\":{\"formula\":\"0\"}},\"difficulty\":{\"cognitiveLoad\":3.3,\"inferenceDepth\":4,\"calculationComplexity\":3,\"distractorComplexity\":3,\"ambiguityScore\":0,\"solvingTimeEstimate\":111,\"difficultyBand\":\"Medium\"},\"distractors\":[{\"type\":\"wrongIntermediateValue\",\"label\":\"wrongIntermediateValue\",\"trapType\":\"wrongIntermediateValue\",\"frequency\":3}],\"motifs\":[{\"motifId\":\"eqn-quad-formula\",\"domain\":\"quant\",\"archetype\":\"general\",\"confidence\":0.95,\"metadata\":{\"generated\":\"selectedMotif\"}}]},\"structuralSignature\":{\"domain\":\"quant\",\"topologyHash\":\"sig_604ec201\",\"inferenceHash\":\"sig_6484bed\",\"motifHash\":\"sig_d987a05b\",\"distractorHash\":\"sig_4306d95f\"},\"corpusAlignment\":{\"score\":8.43,\"deviations\":[{\"metric\":\"topology-frequency\",\"actual\":\"formula-network\",\"expected\":\"higher-frequency corpus topology\",\"message\":\"Topology is less common than the target corpus profile.\"},{\"metric\":\"distractor-pattern\",\"actual\":\"wrongIntermediateValue\",\"expected\":\"higher-frequency corpus distractor families\",\"message\":\"Distractor distribution is weaker or less corpus-like than expected.\"}],\"matchedPatterns\":[\"Clue density aligns with extracted PYQ corpus ranges.\",\"Inference depth tracks the target corpus difficulty curve.\",\"Wording complexity resembles the PYQ corpus style.\",\"Formula/calculation complexity aligns with corpus behavior.\"]},\"originalityScore\":{\"score\":7.73,\"penalties\":[\"Distractor ordering looks mechanically repeated.\",\"Wording normalization indicates a repeated surface template pattern.\"],\"diagnostics\":[\"PYQ-derived intelligence is treated as calibration guidance only, not as a template source.\",\"Clue topology penalty 0, formula repetition penalty 0, distractor ordering penalty 0.667.\",\"Corpus alignment pressure 0.128 while preserving topic weighting and realism guidance only.\"]},\"difficultyConfidence\":{\"predictedDifficulty\":\"Medium\",\"confidence\":8.68,\"explanation\":\"Intended difficulty Medium (5.3), predicted Medium (3.9). Signals used: solving complexity 2.9, elimination depth 0, branching 0, distractor quality 3. Human-solver simulation combined inference depth 4 with solver trace support 0 and branching factor 0.\"}},\"reasoningSteps\":[\"quadratic formula: Apply the motif condition before evaluating the target quantity.\",\"multi-step: Here $D=b^2-4ac=(-4)^2-4(1)(1)=12$.\",\"multi-step: $x=\\\\frac{4\\\\pm\\\\sqrt{12}}{2}=2\\\\pm\\\\sqrt{3}$.\",\"direct: The larger root is $2+\\\\sqrt{3}$.\"],\"dependencyComplexity\":4,\"operationChain\":[\"transform\",\"aggregate\",\"compare\"],\"difficulty\":\"Medium\",\"difficultyScore\":5.3,\"difficultyLabel\":\"Medium\",\"difficultyMetadata\":{\"difficultyScore\":5.3,\"difficultyLabel\":\"Medium\",\"estimatedSolveTime\":111,\"operationCount\":3,\"reasoningDepth\":4,\"reasoningSteps\":[\"quadratic formula: Apply the motif condition before evaluating the target quantity.\",\"multi-step: Here $D=b^2-4ac=(-4)^2-4(1)(1)=12$.\",\"multi-step: $x=\\\\frac{4\\\\pm\\\\sqrt{12}}{2}=2\\\\pm\\\\sqrt{3}$.\",\"direct: The larger root is $2+\\\\sqrt{3}$.\"],\"dependencyComplexity\":4,\"operationChain\":[\"transform\",\"aggregate\",\"compare\"],\"usesPercentage\":false,\"usesRatio\":false,\"usesComparison\":false,\"visualComplexity\":0,\"inferenceComplexity\":4},\"generationMetrics\":{\"generationDurationMs\":0,\"validationRetries\":0,\"uniquenessFailures\":0,\"branchingFactor\":0,\"clueDensity\":0,\"inferenceDepth\":4,\"redundancyScore\":0}}]}",
        "{\"cachedQuestionCount\":1,\"selectedMotifs\":[\"eqn-quad-formula\"],\"hasSolverTraces\":false,\"hasSvgSnapshots\":false,\"hasExplanationFlow\":false}",
        "reasoning-generator-v1",
        "motif-registry-v1:d3e40b38eafb9d9d27e2b71873a5ea866483022de70bff7ffcb2471626a1b7b2",
        "topology-contract-v1:409c496459b1fc1a7b1e335f0b47e27c83be21a95c5dd9d7ddf09476ffefd733",
        "{\"generationContext\":{\"seed\":\"auto-seed:0027e35f-7e8b-495c-ad15-2f6b10d82f58\",\"generationId\":\"gen_a1391dc6\",\"timestamp\":1778311030592},\"questions\":[{\"text\":\"Solve $x^{2}-4x+1=0$. Choose the larger root.\",\"options\":[\"$2+\\\\sqrt{3}$\",\"$2-\\\\sqrt{3}$\",\"$4+\\\\sqrt{3}$\",\"$2+\\\\sqrt{5}$\"],\"correct\":0,\"explanation\":\"Here $D=b^{2}-4ac=(-4)^{2}-4(1)(1)=12$.\\n$x=\\\\frac{4\\\\pm\\\\sqrt{12}}{2}=2\\\\pm\\\\sqrt{3}$.\\nThe larger root is $2+\\\\sqrt{3}$.\\nFinal answer = $2+\\\\sqrt{3}$.\",\"section\":\"Quant\",\"topic\":\"Equations: Quadratics\",\"subtopic\":\"equations\",\"optionMetadata\":[{\"value\":\"$2+\\\\sqrt{3}$\",\"isCorrect\":true,\"distractorType\":\"correct\",\"likelyMistake\":\"Correct equation path\",\"reasoningTrap\":\"None\"},{\"value\":\"$2-\\\\sqrt{3}$\",\"isCorrect\":false,\"distractorType\":\"wrongIntermediateValue\",\"likelyMistake\":\"Surd_Rationalization_Slip\",\"reasoningTrap\":\"Surd_Rationalization_Slip\"},{\"value\":\"$4+\\\\sqrt{3}$\",\"isCorrect\":false,\"distractorType\":\"wrongIntermediateValue\",\"likelyMistake\":\"Discriminant_Sign_Error\",\"reasoningTrap\":\"Discriminant_Sign_Error\"},{\"value\":\"$2+\\\\sqrt{5}$\",\"isCorrect\":false,\"distractorType\":\"wrongIntermediateValue\",\"likelyMistake\":\"Perfect_Square_Assumption\",\"reasoningTrap\":\"Perfect_Square_Assumption\"}],\"examRealismMetadata\":{\"examProfile\":\"custom\",\"wordingStyle\":\"balanced\",\"archetypeId\":\"medium-multi-step-arithmetic\",\"archetypeCategory\":\"multi-step-arithmetic\",\"reasoningTraps\":[\"Surd_Rationalization_Slip\",\"Discriminant_Sign_Error\",\"Perfect_Square_Assumption\"],\"weightingSummary\":[\"Archetype weight 1.00\",\"Trap bias 1.00\",\"Inference bias 1.00\",\"Distractor mix wrongIntermediateValue, wrongIntermediateValue, wrongIntermediateValue\"]},\"debugMetadata\":{\"selectedPattern\":\"registry-equations-quadratic-medium\",\"seed\":\"auto-seed:0027e35f-7e8b-495c-ad15-2f6b10d82f58\",\"generationId\":\"gen_a1391dc6\",\"generationDomain\":\"quant\",\"selectedMotif\":\"eqn-quad-formula\",\"selectedArchetype\":\"medium-multi-step-arithmetic\",\"structuralSignatureKey\":\"eqn-quad-formula::surd-quadratic-formula::1|-4|1|12\",\"scenarioLogicBranch\":\"surd-quadratic-formula\",\"compatibilityWarnings\":[],\"generationMetrics\":{\"generationDurationMs\":0,\"validationRetries\":0,\"uniquenessFailures\":0,\"branchingFactor\":0,\"clueDensity\":0,\"inferenceDepth\":4,\"redundancyScore\":0},\"proceduralScenario\":{\"id\":\"quant:gen_a1391dc6:registry-equations-quadratic-medium\",\"domain\":\"quant\",\"subtype\":\"equations\",\"metadata\":{\"patternId\":\"registry-equations-quadratic-medium\",\"topic\":\"Equations: Quadratics\",\"subtopic\":\"equations\",\"generationDomain\":\"quant\",\"seed\":\"auto-seed:0027e35f-7e8b-495c-ad15-2f6b10d82f58\"},\"entities\":[],\"constraints\":[{\"id\":\"quant-formula\",\"type\":\"formula\",\"operator\":\"EQUALS\",\"expression\":\"0\",\"metadata\":{\"variables\":[]}}],\"content\":{\"stem\":\"Solve $x^{2}-4x+1=0$. Choose the larger root.\",\"prompt\":\"Solve $x^{2}-4x+1=0$. Choose the larger root.\",\"options\":[\"$2+\\\\sqrt{3}$\",\"$2-\\\\sqrt{3}$\",\"$4+\\\\sqrt{3}$\",\"$2+\\\\sqrt{5}$\"],\"explanation\":\"Here $D=b^{2}-4ac=(-4)^{2}-4(1)(1)=12$.\\n$x=\\\\frac{4\\\\pm\\\\sqrt{12}}{2}=2\\\\pm\\\\sqrt{3}$.\\nThe larger root is $2+\\\\sqrt{3}$.\\nFinal answer = $2+\\\\sqrt{3}$.\",\"artifacts\":{}},\"difficulty\":{\"label\":\"Medium\",\"score\":5.3,\"inferenceDepth\":4,\"metrics\":{\"reasoningDepth\":4,\"dependencyComplexity\":4,\"estimatedSolveTime\":111,\"distractorCount\":3,\"calculationComplexity\":3,\"cognitiveLoadBase\":3.3,\"ambiguityScoreBase\":0}},\"validation\":{\"passed\":false,\"warnings\":[\"Scenario has no normalized entities.\"],\"metrics\":{\"clueCount\":0,\"inferenceDepth\":0,\"uniquenessVerified\":0,\"entityCount\":0,\"constraintCount\":1,\"hasPrompt\":1,\"warningCount\":0,\"difficultyScore\":5.3,\"reasoningDepth\":4,\"redundancyScore\":0,\"redundancyRatio\":0,\"hasFormula\":1}}},\"validationReportDetail\":{\"passed\":false,\"stageResults\":[{\"stage\":\"structural validity\",\"passed\":false,\"diagnostics\":[\"Scenario has no normalized entities.\"],\"metrics\":{\"entityCount\":0,\"constraintCount\":1,\"hasPrompt\":1}},{\"stage\":\"solvability\",\"passed\":true,\"diagnostics\":[],\"metrics\":{\"warningCount\":0}},{\"stage\":\"uniqueness\",\"passed\":true,\"diagnostics\":[],\"metrics\":{\"uniquenessVerified\":0}},{\"stage\":\"difficulty calibration\",\"passed\":true,\"diagnostics\":[],\"metrics\":{\"difficultyScore\":5.3,\"reasoningDepth\":4}},{\"stage\":\"redundancy analysis\",\"passed\":true,\"diagnostics\":[],\"metrics\":{\"redundancyScore\":0,\"redundancyRatio\":0}},{\"stage\":\"equation solvability\",\"passed\":true,\"diagnostics\":[],\"metrics\":{\"hasFormula\":1}}],\"warnings\":[\"Scenario has no normalized entities.\"],\"metrics\":{\"clueCount\":0,\"inferenceDepth\":0,\"uniquenessVerified\":0,\"entityCount\":0,\"constraintCount\":1,\"hasPrompt\":1,\"warningCount\":0,\"difficultyScore\":5.3,\"reasoningDepth\":4,\"redundancyScore\":0,\"redundancyRatio\":0,\"hasFormula\":1}},\"difficultyAssessment\":{\"difficultyLabel\":\"Medium\",\"difficultyScore\":5.3,\"cognitiveLoad\":2.89,\"inferenceDepth\":4,\"calculationComplexity\":3,\"distractorComplexity\":3,\"ambiguityScore\":1.05,\"solvingTimeEstimate\":111,\"domainContributions\":{\"operationCount\":3,\"visualComplexity\":0,\"inferenceComplexity\":4},\"metrics\":{\"reasoningDepth\":4,\"dependencyComplexity\":4,\"estimatedSolveTime\":111,\"distractorCount\":3,\"calculationComplexity\":3,\"cognitiveLoadBase\":3.3,\"ambiguityScoreBase\":0}},\"qualityAssessment\":{\"approved\":false,\"rejectionReasons\":[\"failed-validation\",\"low-realism-score\",\"weak-distractors\"],\"qualityMetrics\":{\"realismScore\":0,\"validationPassed\":0,\"structuralDiversityScore\":1,\"repeatedStructureWarnings\":0,\"directClueRatio\":0,\"difficultyConfidence\":10,\"distractorComplexity\":3,\"distractorTypeCount\":0,\"genericDistractorRatio\":1,\"hasStructuralSignature\":1}},\"extractedPatternIntelligence\":{\"domain\":\"quant\",\"structure\":{\"domain\":\"quant\",\"subtype\":\"equations\",\"entityCount\":0,\"constraintCount\":1,\"structureTokens\":[\"variables:\",\"constraint:formula\"],\"topology\":\"formula-network\",\"metadata\":{\"formula\":\"0\"}},\"difficulty\":{\"cognitiveLoad\":3.3,\"inferenceDepth\":4,\"calculationComplexity\":3,\"distractorComplexity\":3,\"ambiguityScore\":0,\"solvingTimeEstimate\":111,\"difficultyBand\":\"Medium\"},\"distractors\":[{\"type\":\"wrongIntermediateValue\",\"label\":\"wrongIntermediateValue\",\"trapType\":\"wrongIntermediateValue\",\"frequency\":3}],\"motifs\":[{\"motifId\":\"eqn-quad-formula\",\"domain\":\"quant\",\"archetype\":\"general\",\"confidence\":0.95,\"metadata\":{\"generated\":\"selectedMotif\"}}]},\"structuralSignature\":{\"domain\":\"quant\",\"topologyHash\":\"sig_604ec201\",\"inferenceHash\":\"sig_6484bed\",\"motifHash\":\"sig_d987a05b\",\"distractorHash\":\"sig_4306d95f\"},\"corpusAlignment\":{\"score\":8.43,\"deviations\":[{\"metric\":\"topology-frequency\",\"actual\":\"formula-network\",\"expected\":\"higher-frequency corpus topology\",\"message\":\"Topology is less common than the target corpus profile.\"},{\"metric\":\"distractor-pattern\",\"actual\":\"wrongIntermediateValue\",\"expected\":\"higher-frequency corpus distractor families\",\"message\":\"Distractor distribution is weaker or less corpus-like than expected.\"}],\"matchedPatterns\":[\"Clue density aligns with extracted PYQ corpus ranges.\",\"Inference depth tracks the target corpus difficulty curve.\",\"Wording complexity resembles the PYQ corpus style.\",\"Formula/calculation complexity aligns with corpus behavior.\"]},\"originalityScore\":{\"score\":7.73,\"penalties\":[\"Distractor ordering looks mechanically repeated.\",\"Wording normalization indicates a repeated surface template pattern.\"],\"diagnostics\":[\"PYQ-derived intelligence is treated as calibration guidance only, not as a template source.\",\"Clue topology penalty 0, formula repetition penalty 0, distractor ordering penalty 0.667.\",\"Corpus alignment pressure 0.128 while preserving topic weighting and realism guidance only.\"]},\"difficultyConfidence\":{\"predictedDifficulty\":\"Medium\",\"confidence\":8.68,\"explanation\":\"Intended difficulty Medium (5.3), predicted Medium (3.9). Signals used: solving complexity 2.9, elimination depth 0, branching 0, distractor quality 3. Human-solver simulation combined inference depth 4 with solver trace support 0 and branching factor 0.\"}},\"reasoningSteps\":[\"quadratic formula: Apply the motif condition before evaluating the target quantity.\",\"multi-step: Here $D=b^2-4ac=(-4)^2-4(1)(1)=12$.\",\"multi-step: $x=\\\\frac{4\\\\pm\\\\sqrt{12}}{2}=2\\\\pm\\\\sqrt{3}$.\",\"direct: The larger root is $2+\\\\sqrt{3}$.\"],\"dependencyComplexity\":4,\"operationChain\":[\"transform\",\"aggregate\",\"compare\"],\"difficulty\":\"Medium\",\"difficultyScore\":5.3,\"difficultyLabel\":\"Medium\",\"difficultyMetadata\":{\"difficultyScore\":5.3,\"difficultyLabel\":\"Medium\",\"estimatedSolveTime\":111,\"operationCount\":3,\"reasoningDepth\":4,\"reasoningSteps\":[\"quadratic formula: Apply the motif condition before evaluating the target quantity.\",\"multi-step: Here $D=b^2-4ac=(-4)^2-4(1)(1)=12$.\",\"multi-step: $x=\\\\frac{4\\\\pm\\\\sqrt{12}}{2}=2\\\\pm\\\\sqrt{3}$.\",\"direct: The larger root is $2+\\\\sqrt{3}$.\"],\"dependencyComplexity\":4,\"operationChain\":[\"transform\",\"aggregate\",\"compare\"],\"usesPercentage\":false,\"usesRatio\":false,\"usesComparison\":false,\"visualComplexity\":0,\"inferenceComplexity\":4},\"generationMetrics\":{\"generationDurationMs\":0,\"validationRetries\":0,\"uniquenessFailures\":0,\"branchingFactor\":0,\"clueDensity\":0,\"inferenceDepth\":4,\"redundancyScore\":0}}]}",
        "{\"cachedQuestionCount\":1,\"selectedMotifs\":[\"eqn-quad-formula\"],\"hasSolverTraces\":false,\"hasSvgSnapshots\":false,\"hasExplanationFlow\":false}",
        "2026-05-09T07:17:11.264Z"
      ],
      "cause": {
        "name": "PostgresError",
        "severity_local": "ERROR",
        "severity": "ERROR",
        "code": "42P01",
        "position": "13",
        "file": "parse_relation.c",
        "line": "1449",
        "routine": "parserOpenTable"
      }
    }
[12:47:11.935] [32mINFO[39m (12032): [36mrequest completed[39m
    [35mreq[39m: {
      "id": 4,
      "method": "POST",
      "url": "/api/generator/pattern"
    }
    [35mres[39m: {
      "statusCode": 200
    }
    [35mresponseTime[39m: 1344
Generation metrics {
  patternId: 'registry-equations-special-hard',
  topic: 'Equations: Special Forms',
  subtopic: 'equations',
  generationId: 'gen_c4bb5d35',
  generationDomain: 'quant',
  selectedMotif: 'eqn-special-reciprocal',
  difficultyLabel: 'Hard',
  metrics: {
    generationDurationMs: 0,
    validationRetries: 0,
    uniquenessFailures: 0,
    branchingFactor: 0,
    branchingComplexity: undefined,
    clueDensity: 0,
    inferenceDepth: 4,
    redundancyScore: 0,
    deductionDependencyScore: undefined,
    redundancyRatio: undefined,
    anchorDensity: undefined,
    directClueRatio: undefined
  }
}
[12:47:12.616] [33mWARN[39m (12032): [36mGeneration cache lookup failed; falling back to live generation[39m
    [35mpatternId[39m: "registry-equations-special-hard"
    error: {
      "query": "select \"key\", \"pattern_id\", \"generation_domain\", \"generator_version\", \"motif_version\", \"topology_version\", \"request_fingerprint\", \"payload\", \"artifact_metadata\", \"created_at\", \"last_accessed_at\", \"hit_count\" from \"reasoning_scenario_cache\" where \"reasoning_scenario_cache\".\"key\" = $1 limit $2",
      "params": [
        "355bdeaa05f4e9fef8b846a9d4af2da79c5fe11ab61c80b3d4628c6195823164",
        1
      ],
      "cause": {
        "name": "PostgresError",
        "severity_local": "ERROR",
        "severity": "ERROR",
        "code": "42P01",
        "position": "214",
        "file": "parse_relation.c",
        "line": "1449",
        "routine": "parserOpenTable"
      }
    }
[12:47:13.289] [33mWARN[39m (12032): [36mGeneration cache store failed; continuing without cache persistence[39m
    [35mpatternId[39m: "registry-equations-special-hard"
    error: {
      "query": "insert into \"reasoning_scenario_cache\" (\"key\", \"pattern_id\", \"generation_domain\", \"generator_version\", \"motif_version\", \"topology_version\", \"request_fingerprint\", \"payload\", \"artifact_metadata\", \"created_at\", \"last_accessed_at\", \"hit_count\") values ($1, $2, $3, $4, $5, $6, $7, $8, $9, default, default, default) on conflict (\"key\") do update set \"generator_version\" = $10, \"motif_version\" = $11, \"topology_version\" = $12, \"payload\" = $13, \"artifact_metadata\" = $14, \"last_accessed_at\" = $15",
      "params": [
        "355bdeaa05f4e9fef8b846a9d4af2da79c5fe11ab61c80b3d4628c6195823164",
        "registry-equations-special-hard",
        "quant",
        "reasoning-generator-v1",
        "motif-registry-v1:06680ca3d5549782e3981bc3daeb7719e3d50799d09884b15ab19aab8e6749f3",
        "topology-contract-v1:409c496459b1fc1a7b1e335f0b47e27c83be21a95c5dd9d7ddf09476ffefd733",
        "c840e1ce4e64551f6c18188603dcb2cb8dd352d78686937e8342b577836ebfdc",
        "{\"generationContext\":{\"seed\":\"auto-seed:e9a7e2d1-89be-48f2-8198-21a710db87f0\",\"generationId\":\"gen_c4bb5d35\",\"timestamp\":1778311031945},\"questions\":[{\"text\":\"If $x+\\\\frac{1}{x}=5$, find $x^{2}+\\\\frac{1}{x^{2}}$.\",\"options\":[\"$23$\",\"$25$\",\"$5$\",\"$\\\\frac{1}{5}$\"],\"correct\":0,\"explanation\":\"Square both sides: $\\\\left(x+\\\\frac{1}{x}\\\\right)^{2}=25$.\\nSo $x^{2}+2+\\\\frac{1}{x^{2}}=25$.\\nTherefore $x^{2}+\\\\frac{1}{x^{2}}=23$.\\nFinal answer = $23$.\",\"section\":\"Quant\",\"topic\":\"Equations: Special Forms\",\"subtopic\":\"equations\",\"optionMetadata\":[{\"value\":\"$23$\",\"isCorrect\":true,\"distractorType\":\"correct\",\"likelyMistake\":\"Correct equation path\",\"reasoningTrap\":\"None\"},{\"value\":\"$25$\",\"isCorrect\":false,\"distractorType\":\"wrongIntermediateValue\",\"likelyMistake\":\"Symmetric_Power_Error\",\"reasoningTrap\":\"Symmetric_Power_Error\"},{\"value\":\"$5$\",\"isCorrect\":false,\"distractorType\":\"wrongIntermediateValue\",\"likelyMistake\":\"Reciprocal_Sum_Linear\",\"reasoningTrap\":\"Reciprocal_Sum_Linear\"},{\"value\":\"$\\\\frac{1}{5}$\",\"isCorrect\":false,\"distractorType\":\"wrongIntermediateValue\",\"likelyMistake\":\"Denominator_Zero_Trap\",\"reasoningTrap\":\"Denominator_Zero_Trap\"}],\"examRealismMetadata\":{\"examProfile\":\"custom\",\"wordingStyle\":\"balanced\",\"archetypeId\":\"hard-comparative-conditional-inference\",\"archetypeCategory\":\"comparative-conditional-inference\",\"reasoningTraps\":[\"Symmetric_Power_Error\",\"Reciprocal_Sum_Linear\",\"Denominator_Zero_Trap\"],\"weightingSummary\":[\"Archetype weight 1.00\",\"Trap bias 1.00\",\"Inference bias 1.00\",\"Distractor mix wrongIntermediateValue, wrongIntermediateValue, wrongIntermediateValue\"]},\"debugMetadata\":{\"selectedPattern\":\"registry-equations-special-hard\",\"seed\":\"auto-seed:e9a7e2d1-89be-48f2-8198-21a710db87f0\",\"generationId\":\"gen_c4bb5d35\",\"generationDomain\":\"quant\",\"selectedMotif\":\"eqn-special-reciprocal\",\"selectedArchetype\":\"hard-comparative-conditional-inference\",\"structuralSignatureKey\":\"eqn-special-reciprocal::reciprocal-to-quadratic::5\",\"scenarioLogicBranch\":\"reciprocal-to-quadratic\",\"compatibilityWarnings\":[],\"generationMetrics\":{\"generationDurationMs\":0,\"validationRetries\":0,\"uniquenessFailures\":0,\"branchingFactor\":0,\"clueDensity\":0,\"inferenceDepth\":4,\"redundancyScore\":0},\"proceduralScenario\":{\"id\":\"quant:gen_c4bb5d35:registry-equations-special-hard\",\"domain\":\"quant\",\"subtype\":\"equations\",\"metadata\":{\"patternId\":\"registry-equations-special-hard\",\"topic\":\"Equations: Special Forms\",\"subtopic\":\"equations\",\"generationDomain\":\"quant\",\"seed\":\"auto-seed:e9a7e2d1-89be-48f2-8198-21a710db87f0\"},\"entities\":[],\"constraints\":[{\"id\":\"quant-formula\",\"type\":\"formula\",\"operator\":\"EQUALS\",\"expression\":\"0\",\"metadata\":{\"variables\":[]}}],\"content\":{\"stem\":\"If $x+\\\\frac{1}{x}=5$, find $x^{2}+\\\\frac{1}{x^{2}}$.\",\"prompt\":\"If $x+\\\\frac{1}{x}=5$, find $x^{2}+\\\\frac{1}{x^{2}}$.\",\"options\":[\"$23$\",\"$25$\",\"$5$\",\"$\\\\frac{1}{5}$\"],\"explanation\":\"Square both sides: $\\\\left(x+\\\\frac{1}{x}\\\\right)^{2}=25$.\\nSo $x^{2}+2+\\\\frac{1}{x^{2}}=25$.\\nTherefore $x^{2}+\\\\frac{1}{x^{2}}=23$.\\nFinal answer = $23$.\",\"artifacts\":{}},\"difficulty\":{\"label\":\"Hard\",\"score\":7.7,\"inferenceDepth\":4,\"metrics\":{\"reasoningDepth\":4,\"dependencyComplexity\":4,\"estimatedSolveTime\":149,\"distractorCount\":3,\"calculationComplexity\":4,\"cognitiveLoadBase\":3.5,\"ambiguityScoreBase\":0}},\"validation\":{\"passed\":false,\"warnings\":[\"Scenario has no normalized entities.\"],\"metrics\":{\"clueCount\":0,\"inferenceDepth\":0,\"uniquenessVerified\":0,\"entityCount\":0,\"constraintCount\":1,\"hasPrompt\":1,\"warningCount\":0,\"difficultyScore\":7.7,\"reasoningDepth\":4,\"redundancyScore\":0,\"redundancyRatio\":0,\"hasFormula\":1}}},\"validationReportDetail\":{\"passed\":false,\"stageResults\":[{\"stage\":\"structural validity\",\"passed\":false,\"diagnostics\":[\"Scenario has no normalized entities.\"],\"metrics\":{\"entityCount\":0,\"constraintCount\":1,\"hasPrompt\":1}},{\"stage\":\"solvability\",\"passed\":true,\"diagnostics\":[],\"metrics\":{\"warningCount\":0}},{\"stage\":\"uniqueness\",\"passed\":true,\"diagnostics\":[],\"metrics\":{\"uniquenessVerified\":0}},{\"stage\":\"difficulty calibration\",\"passed\":true,\"diagnostics\":[],\"metrics\":{\"difficultyScore\":7.7,\"reasoningDepth\":4}},{\"stage\":\"redundancy analysis\",\"passed\":true,\"diagnostics\":[],\"metrics\":{\"redundancyScore\":0,\"redundancyRatio\":0}},{\"stage\":\"equation solvability\",\"passed\":true,\"diagnostics\":[],\"metrics\":{\"hasFormula\":1}}],\"warnings\":[\"Scenario has no normalized entities.\"],\"metrics\":{\"clueCount\":0,\"inferenceDepth\":0,\"uniquenessVerified\":0,\"entityCount\":0,\"constraintCount\":1,\"hasPrompt\":1,\"warningCount\":0,\"difficultyScore\":7.7,\"reasoningDepth\":4,\"redundancyScore\":0,\"redundancyRatio\":0,\"hasFormula\":1}},\"difficultyAssessment\":{\"difficultyLabel\":\"Hard\",\"difficultyScore\":7.7,\"cognitiveLoad\":3.31,\"inferenceDepth\":4,\"calculationComplexity\":4,\"distractorComplexity\":3,\"ambiguityScore\":1.05,\"solvingTimeEstimate\":149,\"domainContributions\":{\"operationCount\":4,\"visualComplexity\":0,\"inferenceComplexity\":4},\"metrics\":{\"reasoningDepth\":4,\"dependencyComplexity\":4,\"estimatedSolveTime\":149,\"distractorCount\":3,\"calculationComplexity\":4,\"cognitiveLoadBase\":3.5,\"ambiguityScoreBase\":0}},\"qualityAssessment\":{\"approved\":false,\"rejectionReasons\":[\"failed-validation\",\"low-realism-score\",\"weak-distractors\"],\"qualityMetrics\":{\"realismScore\":0,\"validationPassed\":0,\"structuralDiversityScore\":1,\"repeatedStructureWarnings\":0,\"directClueRatio\":0,\"difficultyConfidence\":10,\"distractorComplexity\":3,\"distractorTypeCount\":0,\"genericDistractorRatio\":1,\"hasStructuralSignature\":1}},\"extractedPatternIntelligence\":{\"domain\":\"quant\",\"structure\":{\"domain\":\"quant\",\"subtype\":\"equations\",\"entityCount\":0,\"constraintCount\":1,\"structureTokens\":[\"variables:\",\"constraint:formula\"],\"topology\":\"formula-network\",\"metadata\":{\"formula\":\"0\"}},\"difficulty\":{\"cognitiveLoad\":3.5,\"inferenceDepth\":4,\"calculationComplexity\":4,\"distractorComplexity\":3,\"ambiguityScore\":0,\"solvingTimeEstimate\":149,\"difficultyBand\":\"Hard\"},\"distractors\":[{\"type\":\"wrongIntermediateValue\",\"label\":\"wrongIntermediateValue\",\"trapType\":\"wrongIntermediateValue\",\"frequency\":3}],\"motifs\":[{\"motifId\":\"eqn-special-reciprocal\",\"domain\":\"quant\",\"archetype\":\"general\",\"confidence\":0.95,\"metadata\":{\"generated\":\"selectedMotif\"}}]},\"structuralSignature\":{\"domain\":\"quant\",\"topologyHash\":\"sig_604ec201\",\"inferenceHash\":\"sig_effffcdf\",\"motifHash\":\"sig_a7b41e65\",\"distractorHash\":\"sig_4306d95f\"},\"corpusAlignment\":{\"score\":8.43,\"deviations\":[{\"metric\":\"topology-frequency\",\"actual\":\"formula-network\",\"expected\":\"higher-frequency corpus topology\",\"message\":\"Topology is less common than the target corpus profile.\"},{\"metric\":\"distractor-pattern\",\"actual\":\"wrongIntermediateValue\",\"expected\":\"higher-frequency corpus distractor families\",\"message\":\"Distractor distribution is weaker or less corpus-like than expected.\"}],\"matchedPatterns\":[\"Clue density aligns with extracted PYQ corpus ranges.\",\"Inference depth tracks the target corpus difficulty curve.\",\"Wording complexity resembles the PYQ corpus style.\",\"Formula/calculation complexity aligns with corpus behavior.\"]},\"originalityScore\":{\"score\":8.04,\"penalties\":[\"Distractor ordering looks mechanically repeated.\"],\"diagnostics\":[\"PYQ-derived intelligence is treated as calibration guidance only, not as a template source.\",\"Clue topology penalty 0, formula repetition penalty 0, distractor ordering penalty 0.667.\",\"Corpus alignment pressure 0.128 while preserving topic weighting and realism guidance only.\"]},\"difficultyConfidence\":{\"predictedDifficulty\":\"Medium\",\"confidence\":4.54,\"explanation\":\"Intended difficulty Hard (7.7), predicted Medium (4.2). Signals used: solving complexity 3.3, elimination depth 0, branching 0, distractor quality 3. Human-solver simulation combined inference depth 4 with solver trace support 0 and branching factor 0.\"}},\"reasoningSteps\":[\"reciprocal substitution: Apply the motif condition before evaluating the target quantity.\",\"multi-step: Square both sides: $\\\\left(x+\\\\frac{1}{x}\\\\right)^2=25$.\",\"multi-step: So $x^2+2+\\\\frac{1}{x^2}=25$.\",\"direct: Therefore $x^2+\\\\frac{1}{x^2}=23$.\"],\"dependencyComplexity\":4,\"operationChain\":[\"compare\",\"filter\",\"infer\",\"compare\"],\"difficulty\":\"Hard\",\"difficultyScore\":7.7,\"difficultyLabel\":\"Hard\",\"difficultyMetadata\":{\"difficultyScore\":7.7,\"difficultyLabel\":\"Hard\",\"estimatedSolveTime\":149,\"operationCount\":4,\"reasoningDepth\":4,\"reasoningSteps\":[\"reciprocal substitution: Apply the motif condition before evaluating the target quantity.\",\"multi-step: Square both sides: $\\\\left(x+\\\\frac{1}{x}\\\\right)^2=25$.\",\"multi-step: So $x^2+2+\\\\frac{1}{x^2}=25$.\",\"direct: Therefore $x^2+\\\\frac{1}{x^2}=23$.\"],\"dependencyComplexity\":4,\"operationChain\":[\"compare\",\"filter\",\"infer\",\"compare\"],\"usesPercentage\":false,\"usesRatio\":false,\"usesComparison\":false,\"visualComplexity\":0,\"inferenceComplexity\":4},\"generationMetrics\":{\"generationDurationMs\":0,\"validationRetries\":0,\"uniquenessFailures\":0,\"branchingFactor\":0,\"clueDensity\":0,\"inferenceDepth\":4,\"redundancyScore\":0}}]}",
        "{\"cachedQuestionCount\":1,\"selectedMotifs\":[\"eqn-special-reciprocal\"],\"hasSolverTraces\":false,\"hasSvgSnapshots\":false,\"hasExplanationFlow\":false}",
        "reasoning-generator-v1",
        "motif-registry-v1:06680ca3d5549782e3981bc3daeb7719e3d50799d09884b15ab19aab8e6749f3",
        "topology-contract-v1:409c496459b1fc1a7b1e335f0b47e27c83be21a95c5dd9d7ddf09476ffefd733",
        "{\"generationContext\":{\"seed\":\"auto-seed:e9a7e2d1-89be-48f2-8198-21a710db87f0\",\"generationId\":\"gen_c4bb5d35\",\"timestamp\":1778311031945},\"questions\":[{\"text\":\"If $x+\\\\frac{1}{x}=5$, find $x^{2}+\\\\frac{1}{x^{2}}$.\",\"options\":[\"$23$\",\"$25$\",\"$5$\",\"$\\\\frac{1}{5}$\"],\"correct\":0,\"explanation\":\"Square both sides: $\\\\left(x+\\\\frac{1}{x}\\\\right)^{2}=25$.\\nSo $x^{2}+2+\\\\frac{1}{x^{2}}=25$.\\nTherefore $x^{2}+\\\\frac{1}{x^{2}}=23$.\\nFinal answer = $23$.\",\"section\":\"Quant\",\"topic\":\"Equations: Special Forms\",\"subtopic\":\"equations\",\"optionMetadata\":[{\"value\":\"$23$\",\"isCorrect\":true,\"distractorType\":\"correct\",\"likelyMistake\":\"Correct equation path\",\"reasoningTrap\":\"None\"},{\"value\":\"$25$\",\"isCorrect\":false,\"distractorType\":\"wrongIntermediateValue\",\"likelyMistake\":\"Symmetric_Power_Error\",\"reasoningTrap\":\"Symmetric_Power_Error\"},{\"value\":\"$5$\",\"isCorrect\":false,\"distractorType\":\"wrongIntermediateValue\",\"likelyMistake\":\"Reciprocal_Sum_Linear\",\"reasoningTrap\":\"Reciprocal_Sum_Linear\"},{\"value\":\"$\\\\frac{1}{5}$\",\"isCorrect\":false,\"distractorType\":\"wrongIntermediateValue\",\"likelyMistake\":\"Denominator_Zero_Trap\",\"reasoningTrap\":\"Denominator_Zero_Trap\"}],\"examRealismMetadata\":{\"examProfile\":\"custom\",\"wordingStyle\":\"balanced\",\"archetypeId\":\"hard-comparative-conditional-inference\",\"archetypeCategory\":\"comparative-conditional-inference\",\"reasoningTraps\":[\"Symmetric_Power_Error\",\"Reciprocal_Sum_Linear\",\"Denominator_Zero_Trap\"],\"weightingSummary\":[\"Archetype weight 1.00\",\"Trap bias 1.00\",\"Inference bias 1.00\",\"Distractor mix wrongIntermediateValue, wrongIntermediateValue, wrongIntermediateValue\"]},\"debugMetadata\":{\"selectedPattern\":\"registry-equations-special-hard\",\"seed\":\"auto-seed:e9a7e2d1-89be-48f2-8198-21a710db87f0\",\"generationId\":\"gen_c4bb5d35\",\"generationDomain\":\"quant\",\"selectedMotif\":\"eqn-special-reciprocal\",\"selectedArchetype\":\"hard-comparative-conditional-inference\",\"structuralSignatureKey\":\"eqn-special-reciprocal::reciprocal-to-quadratic::5\",\"scenarioLogicBranch\":\"reciprocal-to-quadratic\",\"compatibilityWarnings\":[],\"generationMetrics\":{\"generationDurationMs\":0,\"validationRetries\":0,\"uniquenessFailures\":0,\"branchingFactor\":0,\"clueDensity\":0,\"inferenceDepth\":4,\"redundancyScore\":0},\"proceduralScenario\":{\"id\":\"quant:gen_c4bb5d35:registry-equations-special-hard\",\"domain\":\"quant\",\"subtype\":\"equations\",\"metadata\":{\"patternId\":\"registry-equations-special-hard\",\"topic\":\"Equations: Special Forms\",\"subtopic\":\"equations\",\"generationDomain\":\"quant\",\"seed\":\"auto-seed:e9a7e2d1-89be-48f2-8198-21a710db87f0\"},\"entities\":[],\"constraints\":[{\"id\":\"quant-formula\",\"type\":\"formula\",\"operator\":\"EQUALS\",\"expression\":\"0\",\"metadata\":{\"variables\":[]}}],\"content\":{\"stem\":\"If $x+\\\\frac{1}{x}=5$, find $x^{2}+\\\\frac{1}{x^{2}}$.\",\"prompt\":\"If $x+\\\\frac{1}{x}=5$, find $x^{2}+\\\\frac{1}{x^{2}}$.\",\"options\":[\"$23$\",\"$25$\",\"$5$\",\"$\\\\frac{1}{5}$\"],\"explanation\":\"Square both sides: $\\\\left(x+\\\\frac{1}{x}\\\\right)^{2}=25$.\\nSo $x^{2}+2+\\\\frac{1}{x^{2}}=25$.\\nTherefore $x^{2}+\\\\frac{1}{x^{2}}=23$.\\nFinal answer = $23$.\",\"artifacts\":{}},\"difficulty\":{\"label\":\"Hard\",\"score\":7.7,\"inferenceDepth\":4,\"metrics\":{\"reasoningDepth\":4,\"dependencyComplexity\":4,\"estimatedSolveTime\":149,\"distractorCount\":3,\"calculationComplexity\":4,\"cognitiveLoadBase\":3.5,\"ambiguityScoreBase\":0}},\"validation\":{\"passed\":false,\"warnings\":[\"Scenario has no normalized entities.\"],\"metrics\":{\"clueCount\":0,\"inferenceDepth\":0,\"uniquenessVerified\":0,\"entityCount\":0,\"constraintCount\":1,\"hasPrompt\":1,\"warningCount\":0,\"difficultyScore\":7.7,\"reasoningDepth\":4,\"redundancyScore\":0,\"redundancyRatio\":0,\"hasFormula\":1}}},\"validationReportDetail\":{\"passed\":false,\"stageResults\":[{\"stage\":\"structural validity\",\"passed\":false,\"diagnostics\":[\"Scenario has no normalized entities.\"],\"metrics\":{\"entityCount\":0,\"constraintCount\":1,\"hasPrompt\":1}},{\"stage\":\"solvability\",\"passed\":true,\"diagnostics\":[],\"metrics\":{\"warningCount\":0}},{\"stage\":\"uniqueness\",\"passed\":true,\"diagnostics\":[],\"metrics\":{\"uniquenessVerified\":0}},{\"stage\":\"difficulty calibration\",\"passed\":true,\"diagnostics\":[],\"metrics\":{\"difficultyScore\":7.7,\"reasoningDepth\":4}},{\"stage\":\"redundancy analysis\",\"passed\":true,\"diagnostics\":[],\"metrics\":{\"redundancyScore\":0,\"redundancyRatio\":0}},{\"stage\":\"equation solvability\",\"passed\":true,\"diagnostics\":[],\"metrics\":{\"hasFormula\":1}}],\"warnings\":[\"Scenario has no normalized entities.\"],\"metrics\":{\"clueCount\":0,\"inferenceDepth\":0,\"uniquenessVerified\":0,\"entityCount\":0,\"constraintCount\":1,\"hasPrompt\":1,\"warningCount\":0,\"difficultyScore\":7.7,\"reasoningDepth\":4,\"redundancyScore\":0,\"redundancyRatio\":0,\"hasFormula\":1}},\"difficultyAssessment\":{\"difficultyLabel\":\"Hard\",\"difficultyScore\":7.7,\"cognitiveLoad\":3.31,\"inferenceDepth\":4,\"calculationComplexity\":4,\"distractorComplexity\":3,\"ambiguityScore\":1.05,\"solvingTimeEstimate\":149,\"domainContributions\":{\"operationCount\":4,\"visualComplexity\":0,\"inferenceComplexity\":4},\"metrics\":{\"reasoningDepth\":4,\"dependencyComplexity\":4,\"estimatedSolveTime\":149,\"distractorCount\":3,\"calculationComplexity\":4,\"cognitiveLoadBase\":3.5,\"ambiguityScoreBase\":0}},\"qualityAssessment\":{\"approved\":false,\"rejectionReasons\":[\"failed-validation\",\"low-realism-score\",\"weak-distractors\"],\"qualityMetrics\":{\"realismScore\":0,\"validationPassed\":0,\"structuralDiversityScore\":1,\"repeatedStructureWarnings\":0,\"directClueRatio\":0,\"difficultyConfidence\":10,\"distractorComplexity\":3,\"distractorTypeCount\":0,\"genericDistractorRatio\":1,\"hasStructuralSignature\":1}},\"extractedPatternIntelligence\":{\"domain\":\"quant\",\"structure\":{\"domain\":\"quant\",\"subtype\":\"equations\",\"entityCount\":0,\"constraintCount\":1,\"structureTokens\":[\"variables:\",\"constraint:formula\"],\"topology\":\"formula-network\",\"metadata\":{\"formula\":\"0\"}},\"difficulty\":{\"cognitiveLoad\":3.5,\"inferenceDepth\":4,\"calculationComplexity\":4,\"distractorComplexity\":3,\"ambiguityScore\":0,\"solvingTimeEstimate\":149,\"difficultyBand\":\"Hard\"},\"distractors\":[{\"type\":\"wrongIntermediateValue\",\"label\":\"wrongIntermediateValue\",\"trapType\":\"wrongIntermediateValue\",\"frequency\":3}],\"motifs\":[{\"motifId\":\"eqn-special-reciprocal\",\"domain\":\"quant\",\"archetype\":\"general\",\"confidence\":0.95,\"metadata\":{\"generated\":\"selectedMotif\"}}]},\"structuralSignature\":{\"domain\":\"quant\",\"topologyHash\":\"sig_604ec201\",\"inferenceHash\":\"sig_effffcdf\",\"motifHash\":\"sig_a7b41e65\",\"distractorHash\":\"sig_4306d95f\"},\"corpusAlignment\":{\"score\":8.43,\"deviations\":[{\"metric\":\"topology-frequency\",\"actual\":\"formula-network\",\"expected\":\"higher-frequency corpus topology\",\"message\":\"Topology is less common than the target corpus profile.\"},{\"metric\":\"distractor-pattern\",\"actual\":\"wrongIntermediateValue\",\"expected\":\"higher-frequency corpus distractor families\",\"message\":\"Distractor distribution is weaker or less corpus-like than expected.\"}],\"matchedPatterns\":[\"Clue density aligns with extracted PYQ corpus ranges.\",\"Inference depth tracks the target corpus difficulty curve.\",\"Wording complexity resembles the PYQ corpus style.\",\"Formula/calculation complexity aligns with corpus behavior.\"]},\"originalityScore\":{\"score\":8.04,\"penalties\":[\"Distractor ordering looks mechanically repeated.\"],\"diagnostics\":[\"PYQ-derived intelligence is treated as calibration guidance only, not as a template source.\",\"Clue topology penalty 0, formula repetition penalty 0, distractor ordering penalty 0.667.\",\"Corpus alignment pressure 0.128 while preserving topic weighting and realism guidance only.\"]},\"difficultyConfidence\":{\"predictedDifficulty\":\"Medium\",\"confidence\":4.54,\"explanation\":\"Intended difficulty Hard (7.7), predicted Medium (4.2). Signals used: solving complexity 3.3, elimination depth 0, branching 0, distractor quality 3. Human-solver simulation combined inference depth 4 with solver trace support 0 and branching factor 0.\"}},\"reasoningSteps\":[\"reciprocal substitution: Apply the motif condition before evaluating the target quantity.\",\"multi-step: Square both sides: $\\\\left(x+\\\\frac{1}{x}\\\\right)^2=25$.\",\"multi-step: So $x^2+2+\\\\frac{1}{x^2}=25$.\",\"direct: Therefore $x^2+\\\\frac{1}{x^2}=23$.\"],\"dependencyComplexity\":4,\"operationChain\":[\"compare\",\"filter\",\"infer\",\"compare\"],\"difficulty\":\"Hard\",\"difficultyScore\":7.7,\"difficultyLabel\":\"Hard\",\"difficultyMetadata\":{\"difficultyScore\":7.7,\"difficultyLabel\":\"Hard\",\"estimatedSolveTime\":149,\"operationCount\":4,\"reasoningDepth\":4,\"reasoningSteps\":[\"reciprocal substitution: Apply the motif condition before evaluating the target quantity.\",\"multi-step: Square both sides: $\\\\left(x+\\\\frac{1}{x}\\\\right)^2=25$.\",\"multi-step: So $x^2+2+\\\\frac{1}{x^2}=25$.\",\"direct: Therefore $x^2+\\\\frac{1}{x^2}=23$.\"],\"dependencyComplexity\":4,\"operationChain\":[\"compare\",\"filter\",\"infer\",\"compare\"],\"usesPercentage\":false,\"usesRatio\":false,\"usesComparison\":false,\"visualComplexity\":0,\"inferenceComplexity\":4},\"generationMetrics\":{\"generationDurationMs\":0,\"validationRetries\":0,\"uniquenessFailures\":0,\"branchingFactor\":0,\"clueDensity\":0,\"inferenceDepth\":4,\"redundancyScore\":0}}]}",
        "{\"cachedQuestionCount\":1,\"selectedMotifs\":[\"eqn-special-reciprocal\"],\"hasSolverTraces\":false,\"hasSvgSnapshots\":false,\"hasExplanationFlow\":false}",
        "2026-05-09T07:17:12.618Z"
      ],
      "cause": {
        "name": "PostgresError",
        "severity_local": "ERROR",
        "severity": "ERROR",
        "code": "42P01",
        "position": "13",
        "file": "parse_relation.c",
        "line": "1449",
        "routine": "parserOpenTable"
      }
    }
[12:47:13.289] [32mINFO[39m (12032): [36mrequest completed[39m
    [35mreq[39m: {
      "id": 5,
      "method": "POST",
      "url": "/api/generator/pattern"
    }
    [35mres[39m: {
      "statusCode": 200
    }
    [35mresponseTime[39m: 1345
Generation metrics {
  patternId: 'registry-equations-modulus-hard',
  topic: 'Equations: Modulus',
  subtopic: 'equations',
  generationId: 'gen_4b65d7bd',
  generationDomain: 'quant',
  selectedMotif: 'eqn-mod-double',
  difficultyLabel: 'Hard',
  metrics: {
    generationDurationMs: 0,
    validationRetries: 0,
    uniquenessFailures: 0,
    branchingFactor: 0,
    branchingComplexity: undefined,
    clueDensity: 0,
    inferenceDepth: 4,
    redundancyScore: 0,
    deductionDependencyScore: undefined,
    redundancyRatio: undefined,
    anchorDensity: undefined,
    directClueRatio: undefined
  }
}
[12:47:13.971] [33mWARN[39m (12032): [36mGeneration cache lookup failed; falling back to live generation[39m
    [35mpatternId[39m: "registry-equations-modulus-hard"
    error: {
      "query": "select \"key\", \"pattern_id\", \"generation_domain\", \"generator_version\", \"motif_version\", \"topology_version\", \"request_fingerprint\", \"payload\", \"artifact_metadata\", \"created_at\", \"last_accessed_at\", \"hit_count\" from \"reasoning_scenario_cache\" where \"reasoning_scenario_cache\".\"key\" = $1 limit $2",
      "params": [
        "6898afc486088d5c9897077e09776833d3403e3d85676383a0868a82b1621a5e",
        1
      ],
      "cause": {
        "name": "PostgresError",
        "severity_local": "ERROR",
        "severity": "ERROR",
        "code": "42P01",
        "position": "214",
        "file": "parse_relation.c",
        "line": "1449",
        "routine": "parserOpenTable"
      }
    }
[12:47:14.644] [33mWARN[39m (12032): [36mGeneration cache store failed; continuing without cache persistence[39m
    [35mpatternId[39m: "registry-equations-modulus-hard"
    error: {
      "query": "insert into \"reasoning_scenario_cache\" (\"key\", \"pattern_id\", \"generation_domain\", \"generator_version\", \"motif_version\", \"topology_version\", \"request_fingerprint\", \"payload\", \"artifact_metadata\", \"created_at\", \"last_accessed_at\", \"hit_count\") values ($1, $2, $3, $4, $5, $6, $7, $8, $9, default, default, default) on conflict (\"key\") do update set \"generator_version\" = $10, \"motif_version\" = $11, \"topology_version\" = $12, \"payload\" = $13, \"artifact_metadata\" = $14, \"last_accessed_at\" = $15",
      "params": [
        "6898afc486088d5c9897077e09776833d3403e3d85676383a0868a82b1621a5e",
        "registry-equations-modulus-hard",
        "quant",
        "reasoning-generator-v1",
        "motif-registry-v1:9a460e6e1fd81e26a795b22d2f5e24dccbed371bdaca3a45340f4e22a540989b",
        "topology-contract-v1:409c496459b1fc1a7b1e335f0b47e27c83be21a95c5dd9d7ddf09476ffefd733",
        "a0ee6b9d9c9a1a7813aeec251d5e6441191205ca0dffdab4d8d669e76ecf9667",
        "{\"generationContext\":{\"seed\":\"auto-seed:8546b1ed-44b9-42c8-8efa-0c3ab7259633\",\"generationId\":\"gen_4b65d7bd\",\"timestamp\":1778311033300},\"questions\":[{\"text\":\"Find the number of real solutions of $|x-2|+|x-8|=6$.\",\"options\":[\"$\\\\text{Infinitely many}$\",\"$2$\",\"$1$\",\"$0$\"],\"correct\":0,\"explanation\":\"$|x-2|+|x-8|$ is the sum of distances from $2$ and $8$.\\nFor every $x$ between $2$ and $8$, the sum of distances is exactly $6$.\\nHence there are infinitely many real solutions.\\nFinal answer = $\\\\text{Infinitely many}$.\",\"section\":\"Quant\",\"topic\":\"Equations: Modulus\",\"subtopic\":\"equations\",\"optionMetadata\":[{\"value\":\"$\\\\text{Infinitely many}$\",\"isCorrect\":true,\"distractorType\":\"correct\",\"likelyMistake\":\"Correct equation path\",\"reasoningTrap\":\"None\"},{\"value\":\"$2$\",\"isCorrect\":false,\"distractorType\":\"wrongIntermediateValue\",\"likelyMistake\":\"Modulus_Case_Omission\",\"reasoningTrap\":\"Modulus_Case_Omission\"},{\"value\":\"$1$\",\"isCorrect\":false,\"distractorType\":\"wrongIntermediateValue\",\"likelyMistake\":\"Modulus_Distance_Error\",\"reasoningTrap\":\"Modulus_Distance_Error\"},{\"value\":\"$0$\",\"isCorrect\":false,\"distractorType\":\"wrongIntermediateValue\",\"likelyMistake\":\"Integer_Constraint_Violation\",\"reasoningTrap\":\"Integer_Constraint_Violation\"}],\"examRealismMetadata\":{\"examProfile\":\"custom\",\"wordingStyle\":\"balanced\",\"archetypeId\":\"hard-nested-operations\",\"archetypeCategory\":\"nested-operations\",\"reasoningTraps\":[\"Modulus_Case_Omission\",\"Modulus_Distance_Error\",\"Integer_Constraint_Violation\"],\"weightingSummary\":[\"Archetype weight 1.00\",\"Trap bias 1.00\",\"Inference bias 1.00\",\"Distractor mix wrongIntermediateValue, wrongIntermediateValue, wrongIntermediateValue\"]},\"debugMetadata\":{\"selectedPattern\":\"registry-equations-modulus-hard\",\"seed\":\"auto-seed:8546b1ed-44b9-42c8-8efa-0c3ab7259633\",\"generationId\":\"gen_4b65d7bd\",\"generationDomain\":\"quant\",\"selectedMotif\":\"eqn-mod-double\",\"selectedArchetype\":\"hard-nested-operations\",\"structuralSignatureKey\":\"eqn-mod-double::distance-critical-points::999\",\"scenarioLogicBranch\":\"distance-critical-points\",\"compatibilityWarnings\":[],\"generationMetrics\":{\"generationDurationMs\":0,\"validationRetries\":0,\"uniquenessFailures\":0,\"branchingFactor\":0,\"clueDensity\":0,\"inferenceDepth\":4,\"redundancyScore\":0},\"proceduralScenario\":{\"id\":\"quant:gen_4b65d7bd:registry-equations-modulus-hard\",\"domain\":\"quant\",\"subtype\":\"equations\",\"metadata\":{\"patternId\":\"registry-equations-modulus-hard\",\"topic\":\"Equations: Modulus\",\"subtopic\":\"equations\",\"generationDomain\":\"quant\",\"seed\":\"auto-seed:8546b1ed-44b9-42c8-8efa-0c3ab7259633\"},\"entities\":[],\"constraints\":[{\"id\":\"quant-formula\",\"type\":\"formula\",\"operator\":\"EQUALS\",\"expression\":\"0\",\"metadata\":{\"variables\":[]}}],\"content\":{\"stem\":\"Find the number of real solutions of $|x-2|+|x-8|=6$.\",\"prompt\":\"Find the number of real solutions of $|x-2|+|x-8|=6$.\",\"options\":[\"$\\\\text{Infinitely many}$\",\"$2$\",\"$1$\",\"$0$\"],\"explanation\":\"$|x-2|+|x-8|$ is the sum of distances from $2$ and $8$.\\nFor every $x$ between $2$ and $8$, the sum of distances is exactly $6$.\\nHence there are infinitely many real solutions.\\nFinal answer = $\\\\text{Infinitely many}$.\",\"artifacts\":{}},\"difficulty\":{\"label\":\"Hard\",\"score\":7.7,\"inferenceDepth\":4,\"metrics\":{\"reasoningDepth\":4,\"dependencyComplexity\":4,\"estimatedSolveTime\":149,\"distractorCount\":3,\"calculationComplexity\":4,\"cognitiveLoadBase\":3.5,\"ambiguityScoreBase\":0}},\"validation\":{\"passed\":false,\"warnings\":[\"Scenario has no normalized entities.\"],\"metrics\":{\"clueCount\":0,\"inferenceDepth\":0,\"uniquenessVerified\":0,\"entityCount\":0,\"constraintCount\":1,\"hasPrompt\":1,\"warningCount\":0,\"difficultyScore\":7.7,\"reasoningDepth\":4,\"redundancyScore\":0,\"redundancyRatio\":0,\"hasFormula\":1}}},\"validationReportDetail\":{\"passed\":false,\"stageResults\":[{\"stage\":\"structural validity\",\"passed\":false,\"diagnostics\":[\"Scenario has no normalized entities.\"],\"metrics\":{\"entityCount\":0,\"constraintCount\":1,\"hasPrompt\":1}},{\"stage\":\"solvability\",\"passed\":true,\"diagnostics\":[],\"metrics\":{\"warningCount\":0}},{\"stage\":\"uniqueness\",\"passed\":true,\"diagnostics\":[],\"metrics\":{\"uniquenessVerified\":0}},{\"stage\":\"difficulty calibration\",\"passed\":true,\"diagnostics\":[],\"metrics\":{\"difficultyScore\":7.7,\"reasoningDepth\":4}},{\"stage\":\"redundancy analysis\",\"passed\":true,\"diagnostics\":[],\"metrics\":{\"redundancyScore\":0,\"redundancyRatio\":0}},{\"stage\":\"equation solvability\",\"passed\":true,\"diagnostics\":[],\"metrics\":{\"hasFormula\":1}}],\"warnings\":[\"Scenario has no normalized entities.\"],\"metrics\":{\"clueCount\":0,\"inferenceDepth\":0,\"uniquenessVerified\":0,\"entityCount\":0,\"constraintCount\":1,\"hasPrompt\":1,\"warningCount\":0,\"difficultyScore\":7.7,\"reasoningDepth\":4,\"redundancyScore\":0,\"redundancyRatio\":0,\"hasFormula\":1}},\"difficultyAssessment\":{\"difficultyLabel\":\"Hard\",\"difficultyScore\":7.7,\"cognitiveLoad\":3.31,\"inferenceDepth\":4,\"calculationComplexity\":4,\"distractorComplexity\":3,\"ambiguityScore\":1.05,\"solvingTimeEstimate\":149,\"domainContributions\":{\"operationCount\":4,\"visualComplexity\":0,\"inferenceComplexity\":4},\"metrics\":{\"reasoningDepth\":4,\"dependencyComplexity\":4,\"estimatedSolveTime\":149,\"distractorCount\":3,\"calculationComplexity\":4,\"cognitiveLoadBase\":3.5,\"ambiguityScoreBase\":0}},\"qualityAssessment\":{\"approved\":false,\"rejectionReasons\":[\"failed-validation\",\"low-realism-score\",\"weak-distractors\"],\"qualityMetrics\":{\"realismScore\":0,\"validationPassed\":0,\"structuralDiversityScore\":1,\"repeatedStructureWarnings\":0,\"directClueRatio\":0,\"difficultyConfidence\":10,\"distractorComplexity\":3,\"distractorTypeCount\":0,\"genericDistractorRatio\":1,\"hasStructuralSignature\":1}},\"extractedPatternIntelligence\":{\"domain\":\"quant\",\"structure\":{\"domain\":\"quant\",\"subtype\":\"equations\",\"entityCount\":0,\"constraintCount\":1,\"structureTokens\":[\"variables:\",\"constraint:formula\"],\"topology\":\"formula-network\",\"metadata\":{\"formula\":\"0\"}},\"difficulty\":{\"cognitiveLoad\":3.5,\"inferenceDepth\":4,\"calculationComplexity\":4,\"distractorComplexity\":3,\"ambiguityScore\":0,\"solvingTimeEstimate\":149,\"difficultyBand\":\"Hard\"},\"distractors\":[{\"type\":\"wrongIntermediateValue\",\"label\":\"wrongIntermediateValue\",\"trapType\":\"wrongIntermediateValue\",\"frequency\":3}],\"motifs\":[{\"motifId\":\"eqn-mod-double\",\"domain\":\"quant\",\"archetype\":\"general\",\"confidence\":0.95,\"metadata\":{\"generated\":\"selectedMotif\"}}]},\"structuralSignature\":{\"domain\":\"quant\",\"topologyHash\":\"sig_604ec201\",\"inferenceHash\":\"sig_effffcdf\",\"motifHash\":\"sig_aef4179\",\"distractorHash\":\"sig_4306d95f\"},\"corpusAlignment\":{\"score\":8.43,\"deviations\":[{\"metric\":\"topology-frequency\",\"actual\":\"formula-network\",\"expected\":\"higher-frequency corpus topology\",\"message\":\"Topology is less common than the target corpus profile.\"},{\"metric\":\"distractor-pattern\",\"actual\":\"wrongIntermediateValue\",\"expected\":\"higher-frequency corpus distractor families\",\"message\":\"Distractor distribution is weaker or less corpus-like than expected.\"}],\"matchedPatterns\":[\"Clue density aligns with extracted PYQ corpus ranges.\",\"Inference depth tracks the target corpus difficulty curve.\",\"Wording complexity resembles the PYQ corpus style.\",\"Formula/calculation complexity aligns with corpus behavior.\"]},\"originalityScore\":{\"score\":7.41,\"penalties\":[\"Distractor ordering looks mechanically repeated.\",\"Wording normalization indicates a repeated surface template pattern.\"],\"diagnostics\":[\"PYQ-derived intelligence is treated as calibration guidance only, not as a template source.\",\"Clue topology penalty 0, formula repetition penalty 0, distractor ordering penalty 0.667.\",\"Corpus alignment pressure 0.128 while preserving topic weighting and realism guidance only.\"]},\"difficultyConfidence\":{\"predictedDifficulty\":\"Medium\",\"confidence\":4.54,\"explanation\":\"Intended difficulty Hard (7.7), predicted Medium (4.2). Signals used: solving complexity 3.3, elimination depth 0, branching 0, distractor quality 3. Human-solver simulation combined inference depth 4 with solver trace support 0 and branching factor 0.\"}},\"reasoningSteps\":[\"critical point analysis: Apply the motif condition before evaluating the target quantity.\",\"conditional: $|x-2|+|x-8|$ is the sum of distances from $2$ and $8$.\",\"conditional: For every $x$ between $2$ and $8$, the sum of distances is exactly $6$.\",\"direct: Hence there are infinitely many real solutions.\"],\"dependencyComplexity\":4,\"operationChain\":[\"transform\",\"aggregate\",\"reverse\",\"infer\"],\"difficulty\":\"Hard\",\"difficultyScore\":7.7,\"difficultyLabel\":\"Hard\",\"difficultyMetadata\":{\"difficultyScore\":7.7,\"difficultyLabel\":\"Hard\",\"estimatedSolveTime\":149,\"operationCount\":4,\"reasoningDepth\":4,\"reasoningSteps\":[\"critical point analysis: Apply the motif condition before evaluating the target quantity.\",\"conditional: $|x-2|+|x-8|$ is the sum of distances from $2$ and $8$.\",\"conditional: For every $x$ between $2$ and $8$, the sum of distances is exactly $6$.\",\"direct: Hence there are infinitely many real solutions.\"],\"dependencyComplexity\":4,\"operationChain\":[\"transform\",\"aggregate\",\"reverse\",\"infer\"],\"usesPercentage\":false,\"usesRatio\":false,\"usesComparison\":false,\"visualComplexity\":0,\"inferenceComplexity\":4},\"generationMetrics\":{\"generationDurationMs\":0,\"validationRetries\":0,\"uniquenessFailures\":0,\"branchingFactor\":0,\"clueDensity\":0,\"inferenceDepth\":4,\"redundancyScore\":0}}]}",
        "{\"cachedQuestionCount\":1,\"selectedMotifs\":[\"eqn-mod-double\"],\"hasSolverTraces\":false,\"hasSvgSnapshots\":false,\"hasExplanationFlow\":false}",
        "reasoning-generator-v1",
        "motif-registry-v1:9a460e6e1fd81e26a795b22d2f5e24dccbed371bdaca3a45340f4e22a540989b",
        "topology-contract-v1:409c496459b1fc1a7b1e335f0b47e27c83be21a95c5dd9d7ddf09476ffefd733",
        "{\"generationContext\":{\"seed\":\"auto-seed:8546b1ed-44b9-42c8-8efa-0c3ab7259633\",\"generationId\":\"gen_4b65d7bd\",\"timestamp\":1778311033300},\"questions\":[{\"text\":\"Find the number of real solutions of $|x-2|+|x-8|=6$.\",\"options\":[\"$\\\\text{Infinitely many}$\",\"$2$\",\"$1$\",\"$0$\"],\"correct\":0,\"explanation\":\"$|x-2|+|x-8|$ is the sum of distances from $2$ and $8$.\\nFor every $x$ between $2$ and $8$, the sum of distances is exactly $6$.\\nHence there are infinitely many real solutions.\\nFinal answer = $\\\\text{Infinitely many}$.\",\"section\":\"Quant\",\"topic\":\"Equations: Modulus\",\"subtopic\":\"equations\",\"optionMetadata\":[{\"value\":\"$\\\\text{Infinitely many}$\",\"isCorrect\":true,\"distractorType\":\"correct\",\"likelyMistake\":\"Correct equation path\",\"reasoningTrap\":\"None\"},{\"value\":\"$2$\",\"isCorrect\":false,\"distractorType\":\"wrongIntermediateValue\",\"likelyMistake\":\"Modulus_Case_Omission\",\"reasoningTrap\":\"Modulus_Case_Omission\"},{\"value\":\"$1$\",\"isCorrect\":false,\"distractorType\":\"wrongIntermediateValue\",\"likelyMistake\":\"Modulus_Distance_Error\",\"reasoningTrap\":\"Modulus_Distance_Error\"},{\"value\":\"$0$\",\"isCorrect\":false,\"distractorType\":\"wrongIntermediateValue\",\"likelyMistake\":\"Integer_Constraint_Violation\",\"reasoningTrap\":\"Integer_Constraint_Violation\"}],\"examRealismMetadata\":{\"examProfile\":\"custom\",\"wordingStyle\":\"balanced\",\"archetypeId\":\"hard-nested-operations\",\"archetypeCategory\":\"nested-operations\",\"reasoningTraps\":[\"Modulus_Case_Omission\",\"Modulus_Distance_Error\",\"Integer_Constraint_Violation\"],\"weightingSummary\":[\"Archetype weight 1.00\",\"Trap bias 1.00\",\"Inference bias 1.00\",\"Distractor mix wrongIntermediateValue, wrongIntermediateValue, wrongIntermediateValue\"]},\"debugMetadata\":{\"selectedPattern\":\"registry-equations-modulus-hard\",\"seed\":\"auto-seed:8546b1ed-44b9-42c8-8efa-0c3ab7259633\",\"generationId\":\"gen_4b65d7bd\",\"generationDomain\":\"quant\",\"selectedMotif\":\"eqn-mod-double\",\"selectedArchetype\":\"hard-nested-operations\",\"structuralSignatureKey\":\"eqn-mod-double::distance-critical-points::999\",\"scenarioLogicBranch\":\"distance-critical-points\",\"compatibilityWarnings\":[],\"generationMetrics\":{\"generationDurationMs\":0,\"validationRetries\":0,\"uniquenessFailures\":0,\"branchingFactor\":0,\"clueDensity\":0,\"inferenceDepth\":4,\"redundancyScore\":0},\"proceduralScenario\":{\"id\":\"quant:gen_4b65d7bd:registry-equations-modulus-hard\",\"domain\":\"quant\",\"subtype\":\"equations\",\"metadata\":{\"patternId\":\"registry-equations-modulus-hard\",\"topic\":\"Equations: Modulus\",\"subtopic\":\"equations\",\"generationDomain\":\"quant\",\"seed\":\"auto-seed:8546b1ed-44b9-42c8-8efa-0c3ab7259633\"},\"entities\":[],\"constraints\":[{\"id\":\"quant-formula\",\"type\":\"formula\",\"operator\":\"EQUALS\",\"expression\":\"0\",\"metadata\":{\"variables\":[]}}],\"content\":{\"stem\":\"Find the number of real solutions of $|x-2|+|x-8|=6$.\",\"prompt\":\"Find the number of real solutions of $|x-2|+|x-8|=6$.\",\"options\":[\"$\\\\text{Infinitely many}$\",\"$2$\",\"$1$\",\"$0$\"],\"explanation\":\"$|x-2|+|x-8|$ is the sum of distances from $2$ and $8$.\\nFor every $x$ between $2$ and $8$, the sum of distances is exactly $6$.\\nHence there are infinitely many real solutions.\\nFinal answer = $\\\\text{Infinitely many}$.\",\"artifacts\":{}},\"difficulty\":{\"label\":\"Hard\",\"score\":7.7,\"inferenceDepth\":4,\"metrics\":{\"reasoningDepth\":4,\"dependencyComplexity\":4,\"estimatedSolveTime\":149,\"distractorCount\":3,\"calculationComplexity\":4,\"cognitiveLoadBase\":3.5,\"ambiguityScoreBase\":0}},\"validation\":{\"passed\":false,\"warnings\":[\"Scenario has no normalized entities.\"],\"metrics\":{\"clueCount\":0,\"inferenceDepth\":0,\"uniquenessVerified\":0,\"entityCount\":0,\"constraintCount\":1,\"hasPrompt\":1,\"warningCount\":0,\"difficultyScore\":7.7,\"reasoningDepth\":4,\"redundancyScore\":0,\"redundancyRatio\":0,\"hasFormula\":1}}},\"validationReportDetail\":{\"passed\":false,\"stageResults\":[{\"stage\":\"structural validity\",\"passed\":false,\"diagnostics\":[\"Scenario has no normalized entities.\"],\"metrics\":{\"entityCount\":0,\"constraintCount\":1,\"hasPrompt\":1}},{\"stage\":\"solvability\",\"passed\":true,\"diagnostics\":[],\"metrics\":{\"warningCount\":0}},{\"stage\":\"uniqueness\",\"passed\":true,\"diagnostics\":[],\"metrics\":{\"uniquenessVerified\":0}},{\"stage\":\"difficulty calibration\",\"passed\":true,\"diagnostics\":[],\"metrics\":{\"difficultyScore\":7.7,\"reasoningDepth\":4}},{\"stage\":\"redundancy analysis\",\"passed\":true,\"diagnostics\":[],\"metrics\":{\"redundancyScore\":0,\"redundancyRatio\":0}},{\"stage\":\"equation solvability\",\"passed\":true,\"diagnostics\":[],\"metrics\":{\"hasFormula\":1}}],\"warnings\":[\"Scenario has no normalized entities.\"],\"metrics\":{\"clueCount\":0,\"inferenceDepth\":0,\"uniquenessVerified\":0,\"entityCount\":0,\"constraintCount\":1,\"hasPrompt\":1,\"warningCount\":0,\"difficultyScore\":7.7,\"reasoningDepth\":4,\"redundancyScore\":0,\"redundancyRatio\":0,\"hasFormula\":1}},\"difficultyAssessment\":{\"difficultyLabel\":\"Hard\",\"difficultyScore\":7.7,\"cognitiveLoad\":3.31,\"inferenceDepth\":4,\"calculationComplexity\":4,\"distractorComplexity\":3,\"ambiguityScore\":1.05,\"solvingTimeEstimate\":149,\"domainContributions\":{\"operationCount\":4,\"visualComplexity\":0,\"inferenceComplexity\":4},\"metrics\":{\"reasoningDepth\":4,\"dependencyComplexity\":4,\"estimatedSolveTime\":149,\"distractorCount\":3,\"calculationComplexity\":4,\"cognitiveLoadBase\":3.5,\"ambiguityScoreBase\":0}},\"qualityAssessment\":{\"approved\":false,\"rejectionReasons\":[\"failed-validation\",\"low-realism-score\",\"weak-distractors\"],\"qualityMetrics\":{\"realismScore\":0,\"validationPassed\":0,\"structuralDiversityScore\":1,\"repeatedStructureWarnings\":0,\"directClueRatio\":0,\"difficultyConfidence\":10,\"distractorComplexity\":3,\"distractorTypeCount\":0,\"genericDistractorRatio\":1,\"hasStructuralSignature\":1}},\"extractedPatternIntelligence\":{\"domain\":\"quant\",\"structure\":{\"domain\":\"quant\",\"subtype\":\"equations\",\"entityCount\":0,\"constraintCount\":1,\"structureTokens\":[\"variables:\",\"constraint:formula\"],\"topology\":\"formula-network\",\"metadata\":{\"formula\":\"0\"}},\"difficulty\":{\"cognitiveLoad\":3.5,\"inferenceDepth\":4,\"calculationComplexity\":4,\"distractorComplexity\":3,\"ambiguityScore\":0,\"solvingTimeEstimate\":149,\"difficultyBand\":\"Hard\"},\"distractors\":[{\"type\":\"wrongIntermediateValue\",\"label\":\"wrongIntermediateValue\",\"trapType\":\"wrongIntermediateValue\",\"frequency\":3}],\"motifs\":[{\"motifId\":\"eqn-mod-double\",\"domain\":\"quant\",\"archetype\":\"general\",\"confidence\":0.95,\"metadata\":{\"generated\":\"selectedMotif\"}}]},\"structuralSignature\":{\"domain\":\"quant\",\"topologyHash\":\"sig_604ec201\",\"inferenceHash\":\"sig_effffcdf\",\"motifHash\":\"sig_aef4179\",\"distractorHash\":\"sig_4306d95f\"},\"corpusAlignment\":{\"score\":8.43,\"deviations\":[{\"metric\":\"topology-frequency\",\"actual\":\"formula-network\",\"expected\":\"higher-frequency corpus topology\",\"message\":\"Topology is less common than the target corpus profile.\"},{\"metric\":\"distractor-pattern\",\"actual\":\"wrongIntermediateValue\",\"expected\":\"higher-frequency corpus distractor families\",\"message\":\"Distractor distribution is weaker or less corpus-like than expected.\"}],\"matchedPatterns\":[\"Clue density aligns with extracted PYQ corpus ranges.\",\"Inference depth tracks the target corpus difficulty curve.\",\"Wording complexity resembles the PYQ corpus style.\",\"Formula/calculation complexity aligns with corpus behavior.\"]},\"originalityScore\":{\"score\":7.41,\"penalties\":[\"Distractor ordering looks mechanically repeated.\",\"Wording normalization indicates a repeated surface template pattern.\"],\"diagnostics\":[\"PYQ-derived intelligence is treated as calibration guidance only, not as a template source.\",\"Clue topology penalty 0, formula repetition penalty 0, distractor ordering penalty 0.667.\",\"Corpus alignment pressure 0.128 while preserving topic weighting and realism guidance only.\"]},\"difficultyConfidence\":{\"predictedDifficulty\":\"Medium\",\"confidence\":4.54,\"explanation\":\"Intended difficulty Hard (7.7), predicted Medium (4.2). Signals used: solving complexity 3.3, elimination depth 0, branching 0, distractor quality 3. Human-solver simulation combined inference depth 4 with solver trace support 0 and branching factor 0.\"}},\"reasoningSteps\":[\"critical point analysis: Apply the motif condition before evaluating the target quantity.\",\"conditional: $|x-2|+|x-8|$ is the sum of distances from $2$ and $8$.\",\"conditional: For every $x$ between $2$ and $8$, the sum of distances is exactly $6$.\",\"direct: Hence there are infinitely many real solutions.\"],\"dependencyComplexity\":4,\"operationChain\":[\"transform\",\"aggregate\",\"reverse\",\"infer\"],\"difficulty\":\"Hard\",\"difficultyScore\":7.7,\"difficultyLabel\":\"Hard\",\"difficultyMetadata\":{\"difficultyScore\":7.7,\"difficultyLabel\":\"Hard\",\"estimatedSolveTime\":149,\"operationCount\":4,\"reasoningDepth\":4,\"reasoningSteps\":[\"critical point analysis: Apply the motif condition before evaluating the target quantity.\",\"conditional: $|x-2|+|x-8|$ is the sum of distances from $2$ and $8$.\",\"conditional: For every $x$ between $2$ and $8$, the sum of distances is exactly $6$.\",\"direct: Hence there are infinitely many real solutions.\"],\"dependencyComplexity\":4,\"operationChain\":[\"transform\",\"aggregate\",\"reverse\",\"infer\"],\"usesPercentage\":false,\"usesRatio\":false,\"usesComparison\":false,\"visualComplexity\":0,\"inferenceComplexity\":4},\"generationMetrics\":{\"generationDurationMs\":0,\"validationRetries\":0,\"uniquenessFailures\":0,\"branchingFactor\":0,\"clueDensity\":0,\"inferenceDepth\":4,\"redundancyScore\":0}}]}",
        "{\"cachedQuestionCount\":1,\"selectedMotifs\":[\"eqn-mod-double\"],\"hasSolverTraces\":false,\"hasSvgSnapshots\":false,\"hasExplanationFlow\":false}",
        "2026-05-09T07:17:13.973Z"
      ],
      "cause": {
        "name": "PostgresError",
        "severity_local": "ERROR",
        "severity": "ERROR",
        "code": "42P01",
        "position": "13",
        "file": "parse_relation.c",
        "line": "1449",
        "routine": "parserOpenTable"
      }
    }
[12:47:14.645] [32mINFO[39m (12032): [36mrequest completed[39m
    [35mreq[39m: {
      "id": 6,
      "method": "POST",
      "url": "/api/generator/pattern"
    }
    [35mres[39m: {
      "statusCode": 200
    }
    [35mresponseTime[39m: 1345
Generation metrics {
  patternId: 'registry-equations-word-problems-medium',
  topic: 'Equations: Word Problems',
  subtopic: 'equations',
  generationId: 'gen_2d0b0c00',
  generationDomain: 'quant',
  selectedMotif: 'eqn-word-age',
  difficultyLabel: 'Medium',
  metrics: {
    generationDurationMs: 1,
    validationRetries: 0,
    uniquenessFailures: 0,
    branchingFactor: 0,
    branchingComplexity: undefined,
    clueDensity: 0,
    inferenceDepth: 4,
    redundancyScore: 0,
    deductionDependencyScore: undefined,
    redundancyRatio: undefined,
    anchorDensity: undefined,
    directClueRatio: undefined
  }
}
[12:47:15.330] [33mWARN[39m (12032): [36mGeneration cache lookup failed; falling back to live generation[39m
    [35mpatternId[39m: "registry-equations-word-problems-medium"
    error: {
      "query": "select \"key\", \"pattern_id\", \"generation_domain\", \"generator_version\", \"motif_version\", \"topology_version\", \"request_fingerprint\", \"payload\", \"artifact_metadata\", \"created_at\", \"last_accessed_at\", \"hit_count\" from \"reasoning_scenario_cache\" where \"reasoning_scenario_cache\".\"key\" = $1 limit $2",
      "params": [
        "5688ed4ca91bef909f088a91d8ded6512ff6b0c3dd773e6fbb42e7627d89c479",
        1
      ],
      "cause": {
        "name": "PostgresError",
        "severity_local": "ERROR",
        "severity": "ERROR",
        "code": "42P01",
        "position": "214",
        "file": "parse_relation.c",
        "line": "1449",
        "routine": "parserOpenTable"
      }
    }
[12:47:16.002] [33mWARN[39m (12032): [36mGeneration cache store failed; continuing without cache persistence[39m
    [35mpatternId[39m: "registry-equations-word-problems-medium"
    error: {
      "query": "insert into \"reasoning_scenario_cache\" (\"key\", \"pattern_id\", \"generation_domain\", \"generator_version\", \"motif_version\", \"topology_version\", \"request_fingerprint\", \"payload\", \"artifact_metadata\", \"created_at\", \"last_accessed_at\", \"hit_count\") values ($1, $2, $3, $4, $5, $6, $7, $8, $9, default, default, default) on conflict (\"key\") do update set \"generator_version\" = $10, \"motif_version\" = $11, \"topology_version\" = $12, \"payload\" = $13, \"artifact_metadata\" = $14, \"last_accessed_at\" = $15",
      "params": [
        "5688ed4ca91bef909f088a91d8ded6512ff6b0c3dd773e6fbb42e7627d89c479",
        "registry-equations-word-problems-medium",
        "quant",
        "reasoning-generator-v1",
        "motif-registry-v1:0c8f36bf69daac9c66df2ca38db96f13ceb5c1d19474e057f148f552d99d71eb",
        "topology-contract-v1:409c496459b1fc1a7b1e335f0b47e27c83be21a95c5dd9d7ddf09476ffefd733",
        "9d21455a3fbba84cda99c29f5d42e81cd19f68cfb507157d42585df5ce80a7b2",
        "{\"generationContext\":{\"seed\":\"auto-seed:ac17105d-d6b1-43ac-8ff8-6a1346f9cebb\",\"generationId\":\"gen_2d0b0c00\",\"timestamp\":1778311034655},\"questions\":[{\"text\":\"A father is $3$ times as old as his son. After $12$ years, he will be twice as old as his son. Find the son's present age.\",\"options\":[\"$12$\",\"$6$\",\"$24$\",\"$18$\"],\"correct\":0,\"explanation\":\"Let the son's present age be $s$. Then father's age is $3s$.\\nAfter $12$ years: $3s+12=2(s+12)$.\\nSo $3s+12=2s+24$, hence $s=12$.\\nFinal answer = $12$.\",\"section\":\"Quant\",\"topic\":\"Equations: Word Problems\",\"subtopic\":\"equations\",\"optionMetadata\":[{\"value\":\"$12$\",\"isCorrect\":true,\"distractorType\":\"correct\",\"likelyMistake\":\"Correct equation path\",\"reasoningTrap\":\"None\"},{\"value\":\"$6$\",\"isCorrect\":false,\"distractorType\":\"wrongIntermediateValue\",\"likelyMistake\":\"Age_Timeline_Shift\",\"reasoningTrap\":\"Age_Timeline_Shift\"},{\"value\":\"$24$\",\"isCorrect\":false,\"distractorType\":\"wrongIntermediateValue\",\"likelyMistake\":\"Substitution_Direction_Flip\",\"reasoningTrap\":\"Substitution_Direction_Flip\"},{\"value\":\"$18$\",\"isCorrect\":false,\"distractorType\":\"wrongIntermediateValue\",\"likelyMistake\":\"Integer_Constraint_Violation\",\"reasoningTrap\":\"Integer_Constraint_Violation\"}],\"examRealismMetadata\":{\"examProfile\":\"custom\",\"wordingStyle\":\"balanced\",\"archetypeId\":\"medium-comparison-chain\",\"archetypeCategory\":\"comparison-chain\",\"reasoningTraps\":[\"Age_Timeline_Shift\",\"Substitution_Direction_Flip\",\"Integer_Constraint_Violation\"],\"weightingSummary\":[\"Archetype weight 1.00\",\"Trap bias 1.00\",\"Inference bias 1.00\",\"Distractor mix wrongIntermediateValue, wrongIntermediateValue, wrongIntermediateValue\"]},\"debugMetadata\":{\"selectedPattern\":\"registry-equations-word-problems-medium\",\"seed\":\"auto-seed:ac17105d-d6b1-43ac-8ff8-6a1346f9cebb\",\"generationId\":\"gen_2d0b0c00\",\"generationDomain\":\"quant\",\"selectedMotif\":\"eqn-word-age\",\"selectedArchetype\":\"medium-comparison-chain\",\"structuralSignatureKey\":\"eqn-word-age::age-timeline::12\",\"scenarioLogicBranch\":\"age-timeline\",\"compatibilityWarnings\":[],\"generationMetrics\":{\"generationDurationMs\":1,\"validationRetries\":0,\"uniquenessFailures\":0,\"branchingFactor\":0,\"clueDensity\":0,\"inferenceDepth\":4,\"redundancyScore\":0},\"proceduralScenario\":{\"id\":\"quant:gen_2d0b0c00:registry-equations-word-problems-medium\",\"domain\":\"quant\",\"subtype\":\"equations\",\"metadata\":{\"patternId\":\"registry-equations-word-problems-medium\",\"topic\":\"Equations: Word Problems\",\"subtopic\":\"equations\",\"generationDomain\":\"quant\",\"seed\":\"auto-seed:ac17105d-d6b1-43ac-8ff8-6a1346f9cebb\"},\"entities\":[],\"constraints\":[{\"id\":\"quant-formula\",\"type\":\"formula\",\"operator\":\"EQUALS\",\"expression\":\"0\",\"metadata\":{\"variables\":[]}}],\"content\":{\"stem\":\"A father is $3$ times as old as his son. After $12$ years, he will be twice as old as his son. Find the son's present age.\",\"prompt\":\"A father is $3$ times as old as his son. After $12$ years, he will be twice as old as his son. Find the son's present age.\",\"options\":[\"$12$\",\"$6$\",\"$24$\",\"$18$\"],\"explanation\":\"Let the son's present age be $s$. Then father's age is $3s$.\\nAfter $12$ years: $3s+12=2(s+12)$.\\nSo $3s+12=2s+24$, hence $s=12$.\\nFinal answer = $12$.\",\"artifacts\":{}},\"difficulty\":{\"label\":\"Medium\",\"score\":4.6,\"inferenceDepth\":4,\"metrics\":{\"reasoningDepth\":4,\"dependencyComplexity\":4,\"estimatedSolveTime\":101,\"distractorCount\":3,\"calculationComplexity\":3,\"cognitiveLoadBase\":3.3,\"ambiguityScoreBase\":0}},\"validation\":{\"passed\":false,\"warnings\":[\"Scenario has no normalized entities.\"],\"metrics\":{\"clueCount\":0,\"inferenceDepth\":0,\"uniquenessVerified\":0,\"entityCount\":0,\"constraintCount\":1,\"hasPrompt\":1,\"warningCount\":0,\"difficultyScore\":4.6,\"reasoningDepth\":4,\"redundancyScore\":0,\"redundancyRatio\":0,\"hasFormula\":1}}},\"validationReportDetail\":{\"passed\":false,\"stageResults\":[{\"stage\":\"structural validity\",\"passed\":false,\"diagnostics\":[\"Scenario has no normalized entities.\"],\"metrics\":{\"entityCount\":0,\"constraintCount\":1,\"hasPrompt\":1}},{\"stage\":\"solvability\",\"passed\":true,\"diagnostics\":[],\"metrics\":{\"warningCount\":0}},{\"stage\":\"uniqueness\",\"passed\":true,\"diagnostics\":[],\"metrics\":{\"uniquenessVerified\":0}},{\"stage\":\"difficulty calibration\",\"passed\":true,\"diagnostics\":[],\"metrics\":{\"difficultyScore\":4.6,\"reasoningDepth\":4}},{\"stage\":\"redundancy analysis\",\"passed\":true,\"diagnostics\":[],\"metrics\":{\"redundancyScore\":0,\"redundancyRatio\":0}},{\"stage\":\"equation solvability\",\"passed\":true,\"diagnostics\":[],\"metrics\":{\"hasFormula\":1}}],\"warnings\":[\"Scenario has no normalized entities.\"],\"metrics\":{\"clueCount\":0,\"inferenceDepth\":0,\"uniquenessVerified\":0,\"entityCount\":0,\"constraintCount\":1,\"hasPrompt\":1,\"warningCount\":0,\"difficultyScore\":4.6,\"reasoningDepth\":4,\"redundancyScore\":0,\"redundancyRatio\":0,\"hasFormula\":1}},\"difficultyAssessment\":{\"difficultyLabel\":\"Medium\",\"difficultyScore\":4.6,\"cognitiveLoad\":2.89,\"inferenceDepth\":4,\"calculationComplexity\":3,\"distractorComplexity\":3,\"ambiguityScore\":1.05,\"solvingTimeEstimate\":101,\"domainContributions\":{\"operationCount\":3,\"visualComplexity\":0,\"inferenceComplexity\":4},\"metrics\":{\"reasoningDepth\":4,\"dependencyComplexity\":4,\"estimatedSolveTime\":101,\"distractorCount\":3,\"calculationComplexity\":3,\"cognitiveLoadBase\":3.3,\"ambiguityScoreBase\":0}},\"qualityAssessment\":{\"approved\":false,\"rejectionReasons\":[\"failed-validation\",\"low-realism-score\",\"weak-distractors\"],\"qualityMetrics\":{\"realismScore\":0,\"validationPassed\":0,\"structuralDiversityScore\":1,\"repeatedStructureWarnings\":0,\"directClueRatio\":0,\"difficultyConfidence\":10,\"distractorComplexity\":3,\"distractorTypeCount\":0,\"genericDistractorRatio\":1,\"hasStructuralSignature\":1}},\"extractedPatternIntelligence\":{\"domain\":\"quant\",\"structure\":{\"domain\":\"quant\",\"subtype\":\"equations\",\"entityCount\":0,\"constraintCount\":1,\"structureTokens\":[\"variables:\",\"constraint:formula\"],\"topology\":\"formula-network\",\"metadata\":{\"formula\":\"0\"}},\"difficulty\":{\"cognitiveLoad\":3.3,\"inferenceDepth\":4,\"calculationComplexity\":3,\"distractorComplexity\":3,\"ambiguityScore\":0,\"solvingTimeEstimate\":101,\"difficultyBand\":\"Medium\"},\"distractors\":[{\"type\":\"wrongIntermediateValue\",\"label\":\"wrongIntermediateValue\",\"trapType\":\"wrongIntermediateValue\",\"frequency\":3}],\"motifs\":[{\"motifId\":\"eqn-word-age\",\"domain\":\"quant\",\"archetype\":\"general\",\"confidence\":0.95,\"metadata\":{\"generated\":\"selectedMotif\"}}]},\"structuralSignature\":{\"domain\":\"quant\",\"topologyHash\":\"sig_604ec201\",\"inferenceHash\":\"sig_6484bed\",\"motifHash\":\"sig_df191c69\",\"distractorHash\":\"sig_4306d95f\"},\"corpusAlignment\":{\"score\":7.58,\"deviations\":[{\"metric\":\"topology-frequency\",\"actual\":\"formula-network\",\"expected\":\"higher-frequency corpus topology\",\"message\":\"Topology is less common than the target corpus profile.\"},{\"metric\":\"distractor-pattern\",\"actual\":\"wrongIntermediateValue\",\"expected\":\"higher-frequency corpus distractor families\",\"message\":\"Distractor distribution is weaker or less corpus-like than expected.\"},{\"metric\":\"wording-complexity\",\"actual\":19.09,\"expected\":\"8-16\",\"message\":\"Question wording is simpler or denser than the target corpus.\"}],\"matchedPatterns\":[\"Clue density aligns with extracted PYQ corpus ranges.\",\"Inference depth tracks the target corpus difficulty curve.\",\"Formula/calculation complexity aligns with corpus behavior.\"]},\"originalityScore\":{\"score\":7.69,\"penalties\":[\"Distractor ordering looks mechanically repeated.\",\"Wording normalization indicates a repeated surface template pattern.\"],\"diagnostics\":[\"PYQ-derived intelligence is treated as calibration guidance only, not as a template source.\",\"Clue topology penalty 0, formula repetition penalty 0, distractor ordering penalty 0.667.\",\"Corpus alignment pressure 0 while preserving topic weighting and realism guidance only.\"]},\"difficultyConfidence\":{\"predictedDifficulty\":\"Medium\",\"confidence\":9.7,\"explanation\":\"Intended difficulty Medium (4.6), predicted Medium (3.9). Signals used: solving complexity 2.9, elimination depth 0, branching 0, distractor quality 3. Human-solver simulation combined inference depth 4 with solver trace support 0 and branching factor 0.\"}},\"reasoningSteps\":[\"timeline equation: Start from the direct relation highlighted in the motif.\",\"multi-step: Let the son's present age be $s$. Then father's age is $3s$.\",\"multi-step: After $12$ years: $3s+12=2(s+12)$.\",\"direct: So $3s+12=2s+24$, hence $s=12$.\"],\"dependencyComplexity\":4,\"operationChain\":[\"compare\",\"transform\",\"compare\"],\"difficulty\":\"Medium\",\"difficultyScore\":4.6,\"difficultyLabel\":\"Medium\",\"difficultyMetadata\":{\"difficultyScore\":4.6,\"difficultyLabel\":\"Medium\",\"estimatedSolveTime\":101,\"operationCount\":3,\"reasoningDepth\":4,\"reasoningSteps\":[\"timeline equation: Start from the direct relation highlighted in the motif.\",\"multi-step: Let the son's present age be $s$. Then father's age is $3s$.\",\"multi-step: After $12$ years: $3s+12=2(s+12)$.\",\"direct: So $3s+12=2s+24$, hence $s=12$.\"],\"dependencyComplexity\":4,\"operationChain\":[\"compare\",\"transform\",\"compare\"],\"usesPercentage\":false,\"usesRatio\":false,\"usesComparison\":false,\"visualComplexity\":0,\"inferenceComplexity\":4},\"generationMetrics\":{\"generationDurationMs\":1,\"validationRetries\":0,\"uniquenessFailures\":0,\"branchingFactor\":0,\"clueDensity\":0,\"inferenceDepth\":4,\"redundancyScore\":0}}]}",
        "{\"cachedQuestionCount\":1,\"selectedMotifs\":[\"eqn-word-age\"],\"hasSolverTraces\":false,\"hasSvgSnapshots\":false,\"hasExplanationFlow\":false}",
        "reasoning-generator-v1",
        "motif-registry-v1:0c8f36bf69daac9c66df2ca38db96f13ceb5c1d19474e057f148f552d99d71eb",
        "topology-contract-v1:409c496459b1fc1a7b1e335f0b47e27c83be21a95c5dd9d7ddf09476ffefd733",
        "{\"generationContext\":{\"seed\":\"auto-seed:ac17105d-d6b1-43ac-8ff8-6a1346f9cebb\",\"generationId\":\"gen_2d0b0c00\",\"timestamp\":1778311034655},\"questions\":[{\"text\":\"A father is $3$ times as old as his son. After $12$ years, he will be twice as old as his son. Find the son's present age.\",\"options\":[\"$12$\",\"$6$\",\"$24$\",\"$18$\"],\"correct\":0,\"explanation\":\"Let the son's present age be $s$. Then father's age is $3s$.\\nAfter $12$ years: $3s+12=2(s+12)$.\\nSo $3s+12=2s+24$, hence $s=12$.\\nFinal answer = $12$.\",\"section\":\"Quant\",\"topic\":\"Equations: Word Problems\",\"subtopic\":\"equations\",\"optionMetadata\":[{\"value\":\"$12$\",\"isCorrect\":true,\"distractorType\":\"correct\",\"likelyMistake\":\"Correct equation path\",\"reasoningTrap\":\"None\"},{\"value\":\"$6$\",\"isCorrect\":false,\"distractorType\":\"wrongIntermediateValue\",\"likelyMistake\":\"Age_Timeline_Shift\",\"reasoningTrap\":\"Age_Timeline_Shift\"},{\"value\":\"$24$\",\"isCorrect\":false,\"distractorType\":\"wrongIntermediateValue\",\"likelyMistake\":\"Substitution_Direction_Flip\",\"reasoningTrap\":\"Substitution_Direction_Flip\"},{\"value\":\"$18$\",\"isCorrect\":false,\"distractorType\":\"wrongIntermediateValue\",\"likelyMistake\":\"Integer_Constraint_Violation\",\"reasoningTrap\":\"Integer_Constraint_Violation\"}],\"examRealismMetadata\":{\"examProfile\":\"custom\",\"wordingStyle\":\"balanced\",\"archetypeId\":\"medium-comparison-chain\",\"archetypeCategory\":\"comparison-chain\",\"reasoningTraps\":[\"Age_Timeline_Shift\",\"Substitution_Direction_Flip\",\"Integer_Constraint_Violation\"],\"weightingSummary\":[\"Archetype weight 1.00\",\"Trap bias 1.00\",\"Inference bias 1.00\",\"Distractor mix wrongIntermediateValue, wrongIntermediateValue, wrongIntermediateValue\"]},\"debugMetadata\":{\"selectedPattern\":\"registry-equations-word-problems-medium\",\"seed\":\"auto-seed:ac17105d-d6b1-43ac-8ff8-6a1346f9cebb\",\"generationId\":\"gen_2d0b0c00\",\"generationDomain\":\"quant\",\"selectedMotif\":\"eqn-word-age\",\"selectedArchetype\":\"medium-comparison-chain\",\"structuralSignatureKey\":\"eqn-word-age::age-timeline::12\",\"scenarioLogicBranch\":\"age-timeline\",\"compatibilityWarnings\":[],\"generationMetrics\":{\"generationDurationMs\":1,\"validationRetries\":0,\"uniquenessFailures\":0,\"branchingFactor\":0,\"clueDensity\":0,\"inferenceDepth\":4,\"redundancyScore\":0},\"proceduralScenario\":{\"id\":\"quant:gen_2d0b0c00:registry-equations-word-problems-medium\",\"domain\":\"quant\",\"subtype\":\"equations\",\"metadata\":{\"patternId\":\"registry-equations-word-problems-medium\",\"topic\":\"Equations: Word Problems\",\"subtopic\":\"equations\",\"generationDomain\":\"quant\",\"seed\":\"auto-seed:ac17105d-d6b1-43ac-8ff8-6a1346f9cebb\"},\"entities\":[],\"constraints\":[{\"id\":\"quant-formula\",\"type\":\"formula\",\"operator\":\"EQUALS\",\"expression\":\"0\",\"metadata\":{\"variables\":[]}}],\"content\":{\"stem\":\"A father is $3$ times as old as his son. After $12$ years, he will be twice as old as his son. Find the son's present age.\",\"prompt\":\"A father is $3$ times as old as his son. After $12$ years, he will be twice as old as his son. Find the son's present age.\",\"options\":[\"$12$\",\"$6$\",\"$24$\",\"$18$\"],\"explanation\":\"Let the son's present age be $s$. Then father's age is $3s$.\\nAfter $12$ years: $3s+12=2(s+12)$.\\nSo $3s+12=2s+24$, hence $s=12$.\\nFinal answer = $12$.\",\"artifacts\":{}},\"difficulty\":{\"label\":\"Medium\",\"score\":4.6,\"inferenceDepth\":4,\"metrics\":{\"reasoningDepth\":4,\"dependencyComplexity\":4,\"estimatedSolveTime\":101,\"distractorCount\":3,\"calculationComplexity\":3,\"cognitiveLoadBase\":3.3,\"ambiguityScoreBase\":0}},\"validation\":{\"passed\":false,\"warnings\":[\"Scenario has no normalized entities.\"],\"metrics\":{\"clueCount\":0,\"inferenceDepth\":0,\"uniquenessVerified\":0,\"entityCount\":0,\"constraintCount\":1,\"hasPrompt\":1,\"warningCount\":0,\"difficultyScore\":4.6,\"reasoningDepth\":4,\"redundancyScore\":0,\"redundancyRatio\":0,\"hasFormula\":1}}},\"validationReportDetail\":{\"passed\":false,\"stageResults\":[{\"stage\":\"structural validity\",\"passed\":false,\"diagnostics\":[\"Scenario has no normalized entities.\"],\"metrics\":{\"entityCount\":0,\"constraintCount\":1,\"hasPrompt\":1}},{\"stage\":\"solvability\",\"passed\":true,\"diagnostics\":[],\"metrics\":{\"warningCount\":0}},{\"stage\":\"uniqueness\",\"passed\":true,\"diagnostics\":[],\"metrics\":{\"uniquenessVerified\":0}},{\"stage\":\"difficulty calibration\",\"passed\":true,\"diagnostics\":[],\"metrics\":{\"difficultyScore\":4.6,\"reasoningDepth\":4}},{\"stage\":\"redundancy analysis\",\"passed\":true,\"diagnostics\":[],\"metrics\":{\"redundancyScore\":0,\"redundancyRatio\":0}},{\"stage\":\"equation solvability\",\"passed\":true,\"diagnostics\":[],\"metrics\":{\"hasFormula\":1}}],\"warnings\":[\"Scenario has no normalized entities.\"],\"metrics\":{\"clueCount\":0,\"inferenceDepth\":0,\"uniquenessVerified\":0,\"entityCount\":0,\"constraintCount\":1,\"hasPrompt\":1,\"warningCount\":0,\"difficultyScore\":4.6,\"reasoningDepth\":4,\"redundancyScore\":0,\"redundancyRatio\":0,\"hasFormula\":1}},\"difficultyAssessment\":{\"difficultyLabel\":\"Medium\",\"difficultyScore\":4.6,\"cognitiveLoad\":2.89,\"inferenceDepth\":4,\"calculationComplexity\":3,\"distractorComplexity\":3,\"ambiguityScore\":1.05,\"solvingTimeEstimate\":101,\"domainContributions\":{\"operationCount\":3,\"visualComplexity\":0,\"inferenceComplexity\":4},\"metrics\":{\"reasoningDepth\":4,\"dependencyComplexity\":4,\"estimatedSolveTime\":101,\"distractorCount\":3,\"calculationComplexity\":3,\"cognitiveLoadBase\":3.3,\"ambiguityScoreBase\":0}},\"qualityAssessment\":{\"approved\":false,\"rejectionReasons\":[\"failed-validation\",\"low-realism-score\",\"weak-distractors\"],\"qualityMetrics\":{\"realismScore\":0,\"validationPassed\":0,\"structuralDiversityScore\":1,\"repeatedStructureWarnings\":0,\"directClueRatio\":0,\"difficultyConfidence\":10,\"distractorComplexity\":3,\"distractorTypeCount\":0,\"genericDistractorRatio\":1,\"hasStructuralSignature\":1}},\"extractedPatternIntelligence\":{\"domain\":\"quant\",\"structure\":{\"domain\":\"quant\",\"subtype\":\"equations\",\"entityCount\":0,\"constraintCount\":1,\"structureTokens\":[\"variables:\",\"constraint:formula\"],\"topology\":\"formula-network\",\"metadata\":{\"formula\":\"0\"}},\"difficulty\":{\"cognitiveLoad\":3.3,\"inferenceDepth\":4,\"calculationComplexity\":3,\"distractorComplexity\":3,\"ambiguityScore\":0,\"solvingTimeEstimate\":101,\"difficultyBand\":\"Medium\"},\"distractors\":[{\"type\":\"wrongIntermediateValue\",\"label\":\"wrongIntermediateValue\",\"trapType\":\"wrongIntermediateValue\",\"frequency\":3}],\"motifs\":[{\"motifId\":\"eqn-word-age\",\"domain\":\"quant\",\"archetype\":\"general\",\"confidence\":0.95,\"metadata\":{\"generated\":\"selectedMotif\"}}]},\"structuralSignature\":{\"domain\":\"quant\",\"topologyHash\":\"sig_604ec201\",\"inferenceHash\":\"sig_6484bed\",\"motifHash\":\"sig_df191c69\",\"distractorHash\":\"sig_4306d95f\"},\"corpusAlignment\":{\"score\":7.58,\"deviations\":[{\"metric\":\"topology-frequency\",\"actual\":\"formula-network\",\"expected\":\"higher-frequency corpus topology\",\"message\":\"Topology is less common than the target corpus profile.\"},{\"metric\":\"distractor-pattern\",\"actual\":\"wrongIntermediateValue\",\"expected\":\"higher-frequency corpus distractor families\",\"message\":\"Distractor distribution is weaker or less corpus-like than expected.\"},{\"metric\":\"wording-complexity\",\"actual\":19.09,\"expected\":\"8-16\",\"message\":\"Question wording is simpler or denser than the target corpus.\"}],\"matchedPatterns\":[\"Clue density aligns with extracted PYQ corpus ranges.\",\"Inference depth tracks the target corpus difficulty curve.\",\"Formula/calculation complexity aligns with corpus behavior.\"]},\"originalityScore\":{\"score\":7.69,\"penalties\":[\"Distractor ordering looks mechanically repeated.\",\"Wording normalization indicates a repeated surface template pattern.\"],\"diagnostics\":[\"PYQ-derived intelligence is treated as calibration guidance only, not as a template source.\",\"Clue topology penalty 0, formula repetition penalty 0, distractor ordering penalty 0.667.\",\"Corpus alignment pressure 0 while preserving topic weighting and realism guidance only.\"]},\"difficultyConfidence\":{\"predictedDifficulty\":\"Medium\",\"confidence\":9.7,\"explanation\":\"Intended difficulty Medium (4.6), predicted Medium (3.9). Signals used: solving complexity 2.9, elimination depth 0, branching 0, distractor quality 3. Human-solver simulation combined inference depth 4 with solver trace support 0 and branching factor 0.\"}},\"reasoningSteps\":[\"timeline equation: Start from the direct relation highlighted in the motif.\",\"multi-step: Let the son's present age be $s$. Then father's age is $3s$.\",\"multi-step: After $12$ years: $3s+12=2(s+12)$.\",\"direct: So $3s+12=2s+24$, hence $s=12$.\"],\"dependencyComplexity\":4,\"operationChain\":[\"compare\",\"transform\",\"compare\"],\"difficulty\":\"Medium\",\"difficultyScore\":4.6,\"difficultyLabel\":\"Medium\",\"difficultyMetadata\":{\"difficultyScore\":4.6,\"difficultyLabel\":\"Medium\",\"estimatedSolveTime\":101,\"operationCount\":3,\"reasoningDepth\":4,\"reasoningSteps\":[\"timeline equation: Start from the direct relation highlighted in the motif.\",\"multi-step: Let the son's present age be $s$. Then father's age is $3s$.\",\"multi-step: After $12$ years: $3s+12=2(s+12)$.\",\"direct: So $3s+12=2s+24$, hence $s=12$.\"],\"dependencyComplexity\":4,\"operationChain\":[\"compare\",\"transform\",\"compare\"],\"usesPercentage\":false,\"usesRatio\":false,\"usesComparison\":false,\"visualComplexity\":0,\"inferenceComplexity\":4},\"generationMetrics\":{\"generationDurationMs\":1,\"validationRetries\":0,\"uniquenessFailures\":0,\"branchingFactor\":0,\"clueDensity\":0,\"inferenceDepth\":4,\"redundancyScore\":0}}]}",
        "{\"cachedQuestionCount\":1,\"selectedMotifs\":[\"eqn-word-age\"],\"hasSolverTraces\":false,\"hasSvgSnapshots\":false,\"hasExplanationFlow\":false}",
        "2026-05-09T07:17:15.332Z"
      ],
      "cause": {
        "name": "PostgresError",
        "severity_local": "ERROR",
        "severity": "ERROR",
        "code": "42P01",
        "position": "13",
        "file": "parse_relation.c",
        "line": "1449",
        "routine": "parserOpenTable"
      }
    }
[12:47:16.003] [32mINFO[39m (12032): [36mrequest completed[39m
    [35mreq[39m: {
      "id": 7,
      "method": "POST",
      "url": "/api/generator/pattern"
    }
    [35mres[39m: {
      "statusCode": 200
    }
    [35mresponseTime[39m: 1350
[13:01:04.791] [32mINFO[39m (12032): [36mrequest completed[39m
    [35mreq[39m: {
      "id": 8,
      "method": "GET",
      "url": "/health"
    }
    [35mres[39m: {
      "statusCode": 200
    }
    [35mresponseTime[39m: 2
[13:01:10.155] [32mINFO[39m (12032): [36mrequest completed[39m
    [35mreq[39m: {
      "id": 9,
      "method": "POST",
      "url": "/api/generator/pattern"
    }
    [35mres[39m: {
      "statusCode": 404
    }
    [35mresponseTime[39m: 5126
[13:01:10.943] [32mINFO[39m (12032): [36mrequest completed[39m
    [35mreq[39m: {
      "id": 10,
      "method": "POST",
      "url": "/api/generator/pattern"
    }
    [35mres[39m: {
      "statusCode": 404
    }
    [35mresponseTime[39m: 716
[13:01:11.753] [32mINFO[39m (12032): [36mrequest completed[39m
    [35mreq[39m: {
      "id": 11,
      "method": "POST",
      "url": "/api/generator/pattern"
    }
    [35mres[39m: {
      "statusCode": 404
    }
    [35mresponseTime[39m: 789
[13:01:12.577] [32mINFO[39m (12032): [36mrequest completed[39m
    [35mreq[39m: {
      "id": 12,
      "method": "POST",
      "url": "/api/generator/pattern"
    }
    [35mres[39m: {
      "statusCode": 404
    }
    [35mresponseTime[39m: 770
[13:01:13.439] [32mINFO[39m (12032): [36mrequest completed[39m
    [35mreq[39m: {
      "id": 13,
      "method": "POST",
      "url": "/api/generator/pattern"
    }
    [35mres[39m: {
      "statusCode": 404
    }
    [35mresponseTime[39m: 715
[13:01:14.222] [32mINFO[39m (12032): [36mrequest completed[39m
    [35mreq[39m: {
      "id": 14,
      "method": "POST",
      "url": "/api/generator/pattern"
    }
    [35mres[39m: {
      "statusCode": 404
    }
    [35mresponseTime[39m: 734
