[11:57:34.801] [32mINFO[39m (33908): [36mGeneration job worker started[39m
    [35mintervalMs[39m: 1500
    [35mconcurrency[39m: 1
[11:57:34.911] [32mINFO[39m (33908): [36mAPI server running on http://0.0.0.0:3001[39m
[11:57:39.982] [33mWARN[39m (33908): [36mGeneration job worker disabled because the generation_jobs table is missing. Run the migration to enable async generation jobs.[39m
[11:57:40.985] [33mWARN[39m (33908): [36mGeneration job worker disabled because the generation_jobs table is missing. Run the migration to enable async generation jobs.[39m
[11:57:42.379] [33mWARN[39m (33908): [36mGeneration job worker disabled because the generation_jobs table is missing. Run the migration to enable async generation jobs.[39m
[11:57:44.591] [33mWARN[39m (33908): [36mGeneration job worker disabled because the generation_jobs table is missing. Run the migration to enable async generation jobs.[39m
Generation metrics {
  patternId: 'registry-equations-medium',
  topic: 'Equations',
  subtopic: 'equations',
  generationId: 'gen_4b7d4c43',
  generationDomain: 'quant',
  selectedMotif: 'eqn-quad-equal-roots-param',
  difficultyLabel: 'Medium',
  metrics: {
    generationDurationMs: 4,
    validationRetries: 0,
    uniquenessFailures: 0,
    branchingFactor: 0,
    branchingComplexity: undefined,
    clueDensity: 0,
    inferenceDepth: 3,
    redundancyScore: 0,
    deductionDependencyScore: undefined,
    redundancyRatio: undefined,
    anchorDensity: undefined,
    directClueRatio: undefined
  }
}
[12:02:00.830] [32mINFO[39m (33908): [36mrequest completed[39m
    [35mreq[39m: {
      "id": 1,
      "method": "GET",
      "url": "/health"
    }
    [35mres[39m: {
      "statusCode": 200
    }
    [35mresponseTime[39m: 5
[12:02:01.561] [33mWARN[39m (33908): [36mGeneration cache lookup failed; falling back to live generation[39m
    [35mpatternId[39m: "registry-equations-medium"
    error: {
      "query": "select \"key\", \"pattern_id\", \"generation_domain\", \"generator_version\", \"motif_version\", \"topology_version\", \"request_fingerprint\", \"payload\", \"artifact_metadata\", \"created_at\", \"last_accessed_at\", \"hit_count\" from \"reasoning_scenario_cache\" where \"reasoning_scenario_cache\".\"key\" = $1 limit $2",
      "params": [
        "206dd6365271301aee67d141219749a05ea7e70b4e2ecf29bfb034eba5e4d9d4",
        1
      ],
      "cause": {
        "name": "PostgresError",
        "severity_local": "ERROR",
        "severity": "ERROR",
        "code": "42P01",
        "position": "214",
        "file": "parse_relation.c",
        "line": "1449",
        "routine": "parserOpenTable"
      }
    }
[12:02:02.196] [33mWARN[39m (33908): [36mGeneration cache store failed; continuing without cache persistence[39m
    [35mpatternId[39m: "registry-equations-medium"
    error: {
      "query": "insert into \"reasoning_scenario_cache\" (\"key\", \"pattern_id\", \"generation_domain\", \"generator_version\", \"motif_version\", \"topology_version\", \"request_fingerprint\", \"payload\", \"artifact_metadata\", \"created_at\", \"last_accessed_at\", \"hit_count\") values ($1, $2, $3, $4, $5, $6, $7, $8, $9, default, default, default) on conflict (\"key\") do update set \"generator_version\" = $10, \"motif_version\" = $11, \"topology_version\" = $12, \"payload\" = $13, \"artifact_metadata\" = $14, \"last_accessed_at\" = $15",
      "params": [
        "206dd6365271301aee67d141219749a05ea7e70b4e2ecf29bfb034eba5e4d9d4",
        "registry-equations-medium",
        "quant",
        "reasoning-generator-v1",
        "motif-registry-v1:8ebc81d7f6c507c8c62870de5ee820ead68a5ec672a3d303c0e93cd75ea79fa8",
        "topology-contract-v1:409c496459b1fc1a7b1e335f0b47e27c83be21a95c5dd9d7ddf09476ffefd733",
        "5a5c1819b7eb865761df0e0ada48019c14b0dde8000a781adfddc99dd980574c",
        "{\"generationContext\":{\"seed\":\"auto-seed:c8a6c4b8-6bd4-4f7c-b24d-7de8904964ae\",\"generationId\":\"gen_4b7d4c43\",\"timestamp\":1778308320902},\"questions\":[{\"text\":\"For $3x^{2}-6x+3=0$, determine the nature of roots. Use $1$ for real and equal, $2$ for real and distinct, and $0$ for imaginary.\",\"options\":[\"$1$\",\"$2$\",\"$0$\",\"$-1$\"],\"correct\":0,\"explanation\":\"Compute $D=b^{2}-4ac=(-6)^{2}-4(3)(3)=36-36=0$.\\nSince $D=0$, the roots are real and equal.\\nFinal answer = $1$.\",\"section\":\"Quant\",\"topic\":\"Equations\",\"subtopic\":\"equations\",\"optionMetadata\":[{\"value\":\"$1$\",\"isCorrect\":true,\"distractorType\":\"correct\",\"likelyMistake\":\"Correct equation path\",\"reasoningTrap\":\"None\"},{\"value\":\"$2$\",\"isCorrect\":false,\"distractorType\":\"wrongIntermediateValue\",\"likelyMistake\":\"Discriminant_Sign_Error\",\"reasoningTrap\":\"Discriminant_Sign_Error\"},{\"value\":\"$0$\",\"isCorrect\":false,\"distractorType\":\"wrongIntermediateValue\",\"likelyMistake\":\"Inconsistent_Infinite_Swap\",\"reasoningTrap\":\"Inconsistent_Infinite_Swap\"},{\"value\":\"$-1$\",\"isCorrect\":false,\"distractorType\":\"wrongIntermediateValue\",\"likelyMistake\":\"Leading_Zero_Neglect\",\"reasoningTrap\":\"Leading_Zero_Neglect\"}],\"examRealismMetadata\":{\"examProfile\":\"custom\",\"wordingStyle\":\"balanced\",\"archetypeId\":\"medium-comparison-chain\",\"archetypeCategory\":\"comparison-chain\",\"reasoningTraps\":[\"Discriminant_Sign_Error\",\"Inconsistent_Infinite_Swap\",\"Leading_Zero_Neglect\"],\"weightingSummary\":[\"Archetype weight 1.00\",\"Trap bias 1.00\",\"Inference bias 1.00\",\"Distractor mix wrongIntermediateValue, wrongIntermediateValue, wrongIntermediateValue\"]},\"debugMetadata\":{\"selectedPattern\":\"registry-equations-medium\",\"seed\":\"auto-seed:c8a6c4b8-6bd4-4f7c-b24d-7de8904964ae\",\"generationId\":\"gen_4b7d4c43\",\"generationDomain\":\"quant\",\"selectedMotif\":\"eqn-quad-equal-roots-param\",\"selectedArchetype\":\"medium-comparison-chain\",\"structuralSignatureKey\":\"eqn-quad-equal-roots-param::discriminant-nature::3|-6|3|0\",\"scenarioLogicBranch\":\"discriminant-nature\",\"compatibilityWarnings\":[],\"generationMetrics\":{\"generationDurationMs\":4,\"validationRetries\":0,\"uniquenessFailures\":0,\"branchingFactor\":0,\"clueDensity\":0,\"inferenceDepth\":3,\"redundancyScore\":0},\"proceduralScenario\":{\"id\":\"quant:gen_4b7d4c43:registry-equations-medium\",\"domain\":\"quant\",\"subtype\":\"equations\",\"metadata\":{\"patternId\":\"registry-equations-medium\",\"topic\":\"Equations\",\"subtopic\":\"equations\",\"generationDomain\":\"quant\",\"seed\":\"auto-seed:c8a6c4b8-6bd4-4f7c-b24d-7de8904964ae\"},\"entities\":[],\"constraints\":[{\"id\":\"quant-formula\",\"type\":\"formula\",\"operator\":\"EQUALS\",\"expression\":\"0\",\"metadata\":{\"variables\":[]}}],\"content\":{\"stem\":\"For $3x^{2}-6x+3=0$, determine the nature of roots. Use $1$ for real and equal, $2$ for real and distinct, and $0$ for imaginary.\",\"prompt\":\"For $3x^{2}-6x+3=0$, determine the nature of roots. Use $1$ for real and equal, $2$ for real and distinct, and $0$ for imaginary.\",\"options\":[\"$1$\",\"$2$\",\"$0$\",\"$-1$\"],\"explanation\":\"Compute $D=b^{2}-4ac=(-6)^{2}-4(3)(3)=36-36=0$.\\nSince $D=0$, the roots are real and equal.\\nFinal answer = $1$.\",\"artifacts\":{}},\"difficulty\":{\"label\":\"Medium\",\"score\":4.6,\"inferenceDepth\":3,\"metrics\":{\"reasoningDepth\":3,\"dependencyComplexity\":3,\"estimatedSolveTime\":101,\"distractorCount\":3,\"calculationComplexity\":3,\"cognitiveLoadBase\":2.7,\"ambiguityScoreBase\":0}},\"validation\":{\"passed\":false,\"warnings\":[\"Scenario has no normalized entities.\"],\"metrics\":{\"clueCount\":0,\"inferenceDepth\":0,\"uniquenessVerified\":0,\"entityCount\":0,\"constraintCount\":1,\"hasPrompt\":1,\"warningCount\":0,\"difficultyScore\":4.6,\"reasoningDepth\":3,\"redundancyScore\":0,\"redundancyRatio\":0,\"hasFormula\":1}}},\"validationReportDetail\":{\"passed\":false,\"stageResults\":[{\"stage\":\"structural validity\",\"passed\":false,\"diagnostics\":[\"Scenario has no normalized entities.\"],\"metrics\":{\"entityCount\":0,\"constraintCount\":1,\"hasPrompt\":1}},{\"stage\":\"solvability\",\"passed\":true,\"diagnostics\":[],\"metrics\":{\"warningCount\":0}},{\"stage\":\"uniqueness\",\"passed\":true,\"diagnostics\":[],\"metrics\":{\"uniquenessVerified\":0}},{\"stage\":\"difficulty calibration\",\"passed\":true,\"diagnostics\":[],\"metrics\":{\"difficultyScore\":4.6,\"reasoningDepth\":3}},{\"stage\":\"redundancy analysis\",\"passed\":true,\"diagnostics\":[],\"metrics\":{\"redundancyScore\":0,\"redundancyRatio\":0}},{\"stage\":\"equation solvability\",\"passed\":true,\"diagnostics\":[],\"metrics\":{\"hasFormula\":1}}],\"warnings\":[\"Scenario has no normalized entities.\"],\"metrics\":{\"clueCount\":0,\"inferenceDepth\":0,\"uniquenessVerified\":0,\"entityCount\":0,\"constraintCount\":1,\"hasPrompt\":1,\"warningCount\":0,\"difficultyScore\":4.6,\"reasoningDepth\":3,\"redundancyScore\":0,\"redundancyRatio\":0,\"hasFormula\":1}},\"difficultyAssessment\":{\"difficultyLabel\":\"Medium\",\"difficultyScore\":4.6,\"cognitiveLoad\":2.65,\"inferenceDepth\":3,\"calculationComplexity\":3,\"distractorComplexity\":3,\"ambiguityScore\":1.05,\"solvingTimeEstimate\":101,\"domainContributions\":{\"operationCount\":3,\"visualComplexity\":0,\"inferenceComplexity\":3},\"metrics\":{\"reasoningDepth\":3,\"dependencyComplexity\":3,\"estimatedSolveTime\":101,\"distractorCount\":3,\"calculationComplexity\":3,\"cognitiveLoadBase\":2.7,\"ambiguityScoreBase\":0}},\"qualityAssessment\":{\"approved\":false,\"rejectionReasons\":[\"failed-validation\",\"low-realism-score\",\"weak-distractors\"],\"qualityMetrics\":{\"realismScore\":0,\"validationPassed\":0,\"structuralDiversityScore\":1,\"repeatedStructureWarnings\":0,\"directClueRatio\":0,\"difficultyConfidence\":10,\"distractorComplexity\":3,\"distractorTypeCount\":0,\"genericDistractorRatio\":1,\"hasStructuralSignature\":1}},\"extractedPatternIntelligence\":{\"domain\":\"quant\",\"structure\":{\"domain\":\"quant\",\"subtype\":\"equations\",\"entityCount\":0,\"constraintCount\":1,\"structureTokens\":[\"variables:\",\"constraint:formula\"],\"topology\":\"formula-network\",\"metadata\":{\"formula\":\"0\"}},\"difficulty\":{\"cognitiveLoad\":2.7,\"inferenceDepth\":3,\"calculationComplexity\":3,\"distractorComplexity\":3,\"ambiguityScore\":0,\"solvingTimeEstimate\":101,\"difficultyBand\":\"Medium\"},\"distractors\":[{\"type\":\"wrongIntermediateValue\",\"label\":\"wrongIntermediateValue\",\"trapType\":\"wrongIntermediateValue\",\"frequency\":3}],\"motifs\":[{\"motifId\":\"eqn-quad-equal-roots-param\",\"domain\":\"quant\",\"archetype\":\"general\",\"confidence\":0.95,\"metadata\":{\"generated\":\"selectedMotif\"}}]},\"structuralSignature\":{\"domain\":\"quant\",\"topologyHash\":\"sig_604ec201\",\"inferenceHash\":\"sig_2f396e69\",\"motifHash\":\"sig_9e6ebdf9\",\"distractorHash\":\"sig_4306d95f\"},\"corpusAlignment\":{\"score\":7.65,\"deviations\":[{\"metric\":\"topology-frequency\",\"actual\":\"formula-network\",\"expected\":\"higher-frequency corpus topology\",\"message\":\"Topology is less common than the target corpus profile.\"},{\"metric\":\"distractor-pattern\",\"actual\":\"wrongIntermediateValue\",\"expected\":\"higher-frequency corpus distractor families\",\"message\":\"Distractor distribution is weaker or less corpus-like than expected.\"},{\"metric\":\"wording-complexity\",\"actual\":18.83,\"expected\":\"8-16\",\"message\":\"Question wording is simpler or denser than the target corpus.\"}],\"matchedPatterns\":[\"Clue density aligns with extracted PYQ corpus ranges.\",\"Inference depth tracks the target corpus difficulty curve.\",\"Formula/calculation complexity aligns with corpus behavior.\"]},\"originalityScore\":{\"score\":7.69,\"penalties\":[\"Distractor ordering looks mechanically repeated.\",\"Wording normalization indicates a repeated surface template pattern.\"],\"diagnostics\":[\"PYQ-derived intelligence is treated as calibration guidance only, not as a template source.\",\"Clue topology penalty 0, formula repetition penalty 0, distractor ordering penalty 0.667.\",\"Corpus alignment pressure 0 while preserving topic weighting and realism guidance only.\"]},\"difficultyConfidence\":{\"predictedDifficulty\":\"Medium\",\"confidence\":9.09,\"explanation\":\"Intended difficulty Medium (4.6), predicted Medium (3.5). Signals used: solving complexity 2.6, elimination depth 0, branching 0, distractor quality 3. Human-solver simulation combined inference depth 3 with solver trace support 0 and branching factor 0.\"}},\"reasoningSteps\":[\"discriminant zero: Apply the motif condition before evaluating the target quantity.\",\"conditional: Compute $D=b^2-4ac=(-6)^2-4(3)(3)=36-36=0$.\",\"direct: Since $D=0$, the roots are real and equal.\"],\"dependencyComplexity\":3,\"operationChain\":[\"compare\",\"transform\",\"compare\"],\"difficulty\":\"Medium\",\"difficultyScore\":4.6,\"difficultyLabel\":\"Medium\",\"difficultyMetadata\":{\"difficultyScore\":4.6,\"difficultyLabel\":\"Medium\",\"estimatedSolveTime\":101,\"operationCount\":3,\"reasoningDepth\":3,\"reasoningSteps\":[\"discriminant zero: Apply the motif condition before evaluating the target quantity.\",\"conditional: Compute $D=b^2-4ac=(-6)^2-4(3)(3)=36-36=0$.\",\"direct: Since $D=0$, the roots are real and equal.\"],\"dependencyComplexity\":3,\"operationChain\":[\"compare\",\"transform\",\"compare\"],\"usesPercentage\":false,\"usesRatio\":false,\"usesComparison\":false,\"visualComplexity\":0,\"inferenceComplexity\":3},\"generationMetrics\":{\"generationDurationMs\":4,\"validationRetries\":0,\"uniquenessFailures\":0,\"branchingFactor\":0,\"clueDensity\":0,\"inferenceDepth\":3,\"redundancyScore\":0}}]}",
        "{\"cachedQuestionCount\":1,\"selectedMotifs\":[\"eqn-quad-equal-roots-param\"],\"hasSolverTraces\":false,\"hasSvgSnapshots\":false,\"hasExplanationFlow\":false}",
        "reasoning-generator-v1",
        "motif-registry-v1:8ebc81d7f6c507c8c62870de5ee820ead68a5ec672a3d303c0e93cd75ea79fa8",
        "topology-contract-v1:409c496459b1fc1a7b1e335f0b47e27c83be21a95c5dd9d7ddf09476ffefd733",
        "{\"generationContext\":{\"seed\":\"auto-seed:c8a6c4b8-6bd4-4f7c-b24d-7de8904964ae\",\"generationId\":\"gen_4b7d4c43\",\"timestamp\":1778308320902},\"questions\":[{\"text\":\"For $3x^{2}-6x+3=0$, determine the nature of roots. Use $1$ for real and equal, $2$ for real and distinct, and $0$ for imaginary.\",\"options\":[\"$1$\",\"$2$\",\"$0$\",\"$-1$\"],\"correct\":0,\"explanation\":\"Compute $D=b^{2}-4ac=(-6)^{2}-4(3)(3)=36-36=0$.\\nSince $D=0$, the roots are real and equal.\\nFinal answer = $1$.\",\"section\":\"Quant\",\"topic\":\"Equations\",\"subtopic\":\"equations\",\"optionMetadata\":[{\"value\":\"$1$\",\"isCorrect\":true,\"distractorType\":\"correct\",\"likelyMistake\":\"Correct equation path\",\"reasoningTrap\":\"None\"},{\"value\":\"$2$\",\"isCorrect\":false,\"distractorType\":\"wrongIntermediateValue\",\"likelyMistake\":\"Discriminant_Sign_Error\",\"reasoningTrap\":\"Discriminant_Sign_Error\"},{\"value\":\"$0$\",\"isCorrect\":false,\"distractorType\":\"wrongIntermediateValue\",\"likelyMistake\":\"Inconsistent_Infinite_Swap\",\"reasoningTrap\":\"Inconsistent_Infinite_Swap\"},{\"value\":\"$-1$\",\"isCorrect\":false,\"distractorType\":\"wrongIntermediateValue\",\"likelyMistake\":\"Leading_Zero_Neglect\",\"reasoningTrap\":\"Leading_Zero_Neglect\"}],\"examRealismMetadata\":{\"examProfile\":\"custom\",\"wordingStyle\":\"balanced\",\"archetypeId\":\"medium-comparison-chain\",\"archetypeCategory\":\"comparison-chain\",\"reasoningTraps\":[\"Discriminant_Sign_Error\",\"Inconsistent_Infinite_Swap\",\"Leading_Zero_Neglect\"],\"weightingSummary\":[\"Archetype weight 1.00\",\"Trap bias 1.00\",\"Inference bias 1.00\",\"Distractor mix wrongIntermediateValue, wrongIntermediateValue, wrongIntermediateValue\"]},\"debugMetadata\":{\"selectedPattern\":\"registry-equations-medium\",\"seed\":\"auto-seed:c8a6c4b8-6bd4-4f7c-b24d-7de8904964ae\",\"generationId\":\"gen_4b7d4c43\",\"generationDomain\":\"quant\",\"selectedMotif\":\"eqn-quad-equal-roots-param\",\"selectedArchetype\":\"medium-comparison-chain\",\"structuralSignatureKey\":\"eqn-quad-equal-roots-param::discriminant-nature::3|-6|3|0\",\"scenarioLogicBranch\":\"discriminant-nature\",\"compatibilityWarnings\":[],\"generationMetrics\":{\"generationDurationMs\":4,\"validationRetries\":0,\"uniquenessFailures\":0,\"branchingFactor\":0,\"clueDensity\":0,\"inferenceDepth\":3,\"redundancyScore\":0},\"proceduralScenario\":{\"id\":\"quant:gen_4b7d4c43:registry-equations-medium\",\"domain\":\"quant\",\"subtype\":\"equations\",\"metadata\":{\"patternId\":\"registry-equations-medium\",\"topic\":\"Equations\",\"subtopic\":\"equations\",\"generationDomain\":\"quant\",\"seed\":\"auto-seed:c8a6c4b8-6bd4-4f7c-b24d-7de8904964ae\"},\"entities\":[],\"constraints\":[{\"id\":\"quant-formula\",\"type\":\"formula\",\"operator\":\"EQUALS\",\"expression\":\"0\",\"metadata\":{\"variables\":[]}}],\"content\":{\"stem\":\"For $3x^{2}-6x+3=0$, determine the nature of roots. Use $1$ for real and equal, $2$ for real and distinct, and $0$ for imaginary.\",\"prompt\":\"For $3x^{2}-6x+3=0$, determine the nature of roots. Use $1$ for real and equal, $2$ for real and distinct, and $0$ for imaginary.\",\"options\":[\"$1$\",\"$2$\",\"$0$\",\"$-1$\"],\"explanation\":\"Compute $D=b^{2}-4ac=(-6)^{2}-4(3)(3)=36-36=0$.\\nSince $D=0$, the roots are real and equal.\\nFinal answer = $1$.\",\"artifacts\":{}},\"difficulty\":{\"label\":\"Medium\",\"score\":4.6,\"inferenceDepth\":3,\"metrics\":{\"reasoningDepth\":3,\"dependencyComplexity\":3,\"estimatedSolveTime\":101,\"distractorCount\":3,\"calculationComplexity\":3,\"cognitiveLoadBase\":2.7,\"ambiguityScoreBase\":0}},\"validation\":{\"passed\":false,\"warnings\":[\"Scenario has no normalized entities.\"],\"metrics\":{\"clueCount\":0,\"inferenceDepth\":0,\"uniquenessVerified\":0,\"entityCount\":0,\"constraintCount\":1,\"hasPrompt\":1,\"warningCount\":0,\"difficultyScore\":4.6,\"reasoningDepth\":3,\"redundancyScore\":0,\"redundancyRatio\":0,\"hasFormula\":1}}},\"validationReportDetail\":{\"passed\":false,\"stageResults\":[{\"stage\":\"structural validity\",\"passed\":false,\"diagnostics\":[\"Scenario has no normalized entities.\"],\"metrics\":{\"entityCount\":0,\"constraintCount\":1,\"hasPrompt\":1}},{\"stage\":\"solvability\",\"passed\":true,\"diagnostics\":[],\"metrics\":{\"warningCount\":0}},{\"stage\":\"uniqueness\",\"passed\":true,\"diagnostics\":[],\"metrics\":{\"uniquenessVerified\":0}},{\"stage\":\"difficulty calibration\",\"passed\":true,\"diagnostics\":[],\"metrics\":{\"difficultyScore\":4.6,\"reasoningDepth\":3}},{\"stage\":\"redundancy analysis\",\"passed\":true,\"diagnostics\":[],\"metrics\":{\"redundancyScore\":0,\"redundancyRatio\":0}},{\"stage\":\"equation solvability\",\"passed\":true,\"diagnostics\":[],\"metrics\":{\"hasFormula\":1}}],\"warnings\":[\"Scenario has no normalized entities.\"],\"metrics\":{\"clueCount\":0,\"inferenceDepth\":0,\"uniquenessVerified\":0,\"entityCount\":0,\"constraintCount\":1,\"hasPrompt\":1,\"warningCount\":0,\"difficultyScore\":4.6,\"reasoningDepth\":3,\"redundancyScore\":0,\"redundancyRatio\":0,\"hasFormula\":1}},\"difficultyAssessment\":{\"difficultyLabel\":\"Medium\",\"difficultyScore\":4.6,\"cognitiveLoad\":2.65,\"inferenceDepth\":3,\"calculationComplexity\":3,\"distractorComplexity\":3,\"ambiguityScore\":1.05,\"solvingTimeEstimate\":101,\"domainContributions\":{\"operationCount\":3,\"visualComplexity\":0,\"inferenceComplexity\":3},\"metrics\":{\"reasoningDepth\":3,\"dependencyComplexity\":3,\"estimatedSolveTime\":101,\"distractorCount\":3,\"calculationComplexity\":3,\"cognitiveLoadBase\":2.7,\"ambiguityScoreBase\":0}},\"qualityAssessment\":{\"approved\":false,\"rejectionReasons\":[\"failed-validation\",\"low-realism-score\",\"weak-distractors\"],\"qualityMetrics\":{\"realismScore\":0,\"validationPassed\":0,\"structuralDiversityScore\":1,\"repeatedStructureWarnings\":0,\"directClueRatio\":0,\"difficultyConfidence\":10,\"distractorComplexity\":3,\"distractorTypeCount\":0,\"genericDistractorRatio\":1,\"hasStructuralSignature\":1}},\"extractedPatternIntelligence\":{\"domain\":\"quant\",\"structure\":{\"domain\":\"quant\",\"subtype\":\"equations\",\"entityCount\":0,\"constraintCount\":1,\"structureTokens\":[\"variables:\",\"constraint:formula\"],\"topology\":\"formula-network\",\"metadata\":{\"formula\":\"0\"}},\"difficulty\":{\"cognitiveLoad\":2.7,\"inferenceDepth\":3,\"calculationComplexity\":3,\"distractorComplexity\":3,\"ambiguityScore\":0,\"solvingTimeEstimate\":101,\"difficultyBand\":\"Medium\"},\"distractors\":[{\"type\":\"wrongIntermediateValue\",\"label\":\"wrongIntermediateValue\",\"trapType\":\"wrongIntermediateValue\",\"frequency\":3}],\"motifs\":[{\"motifId\":\"eqn-quad-equal-roots-param\",\"domain\":\"quant\",\"archetype\":\"general\",\"confidence\":0.95,\"metadata\":{\"generated\":\"selectedMotif\"}}]},\"structuralSignature\":{\"domain\":\"quant\",\"topologyHash\":\"sig_604ec201\",\"inferenceHash\":\"sig_2f396e69\",\"motifHash\":\"sig_9e6ebdf9\",\"distractorHash\":\"sig_4306d95f\"},\"corpusAlignment\":{\"score\":7.65,\"deviations\":[{\"metric\":\"topology-frequency\",\"actual\":\"formula-network\",\"expected\":\"higher-frequency corpus topology\",\"message\":\"Topology is less common than the target corpus profile.\"},{\"metric\":\"distractor-pattern\",\"actual\":\"wrongIntermediateValue\",\"expected\":\"higher-frequency corpus distractor families\",\"message\":\"Distractor distribution is weaker or less corpus-like than expected.\"},{\"metric\":\"wording-complexity\",\"actual\":18.83,\"expected\":\"8-16\",\"message\":\"Question wording is simpler or denser than the target corpus.\"}],\"matchedPatterns\":[\"Clue density aligns with extracted PYQ corpus ranges.\",\"Inference depth tracks the target corpus difficulty curve.\",\"Formula/calculation complexity aligns with corpus behavior.\"]},\"originalityScore\":{\"score\":7.69,\"penalties\":[\"Distractor ordering looks mechanically repeated.\",\"Wording normalization indicates a repeated surface template pattern.\"],\"diagnostics\":[\"PYQ-derived intelligence is treated as calibration guidance only, not as a template source.\",\"Clue topology penalty 0, formula repetition penalty 0, distractor ordering penalty 0.667.\",\"Corpus alignment pressure 0 while preserving topic weighting and realism guidance only.\"]},\"difficultyConfidence\":{\"predictedDifficulty\":\"Medium\",\"confidence\":9.09,\"explanation\":\"Intended difficulty Medium (4.6), predicted Medium (3.5). Signals used: solving complexity 2.6, elimination depth 0, branching 0, distractor quality 3. Human-solver simulation combined inference depth 3 with solver trace support 0 and branching factor 0.\"}},\"reasoningSteps\":[\"discriminant zero: Apply the motif condition before evaluating the target quantity.\",\"conditional: Compute $D=b^2-4ac=(-6)^2-4(3)(3)=36-36=0$.\",\"direct: Since $D=0$, the roots are real and equal.\"],\"dependencyComplexity\":3,\"operationChain\":[\"compare\",\"transform\",\"compare\"],\"difficulty\":\"Medium\",\"difficultyScore\":4.6,\"difficultyLabel\":\"Medium\",\"difficultyMetadata\":{\"difficultyScore\":4.6,\"difficultyLabel\":\"Medium\",\"estimatedSolveTime\":101,\"operationCount\":3,\"reasoningDepth\":3,\"reasoningSteps\":[\"discriminant zero: Apply the motif condition before evaluating the target quantity.\",\"conditional: Compute $D=b^2-4ac=(-6)^2-4(3)(3)=36-36=0$.\",\"direct: Since $D=0$, the roots are real and equal.\"],\"dependencyComplexity\":3,\"operationChain\":[\"compare\",\"transform\",\"compare\"],\"usesPercentage\":false,\"usesRatio\":false,\"usesComparison\":false,\"visualComplexity\":0,\"inferenceComplexity\":3},\"generationMetrics\":{\"generationDurationMs\":4,\"validationRetries\":0,\"uniquenessFailures\":0,\"branchingFactor\":0,\"clueDensity\":0,\"inferenceDepth\":3,\"redundancyScore\":0}}]}",
        "{\"cachedQuestionCount\":1,\"selectedMotifs\":[\"eqn-quad-equal-roots-param\"],\"hasSolverTraces\":false,\"hasSvgSnapshots\":false,\"hasExplanationFlow\":false}",
        "2026-05-09T06:32:01.571Z"
      ],
      "cause": {
        "name": "PostgresError",
        "severity_local": "ERROR",
        "severity": "ERROR",
        "code": "42P01",
        "position": "13",
        "file": "parse_relation.c",
        "line": "1449",
        "routine": "parserOpenTable"
      }
    }
[12:02:02.197] [32mINFO[39m (33908): [36mrequest completed[39m
    [35mreq[39m: {
      "id": 2,
      "method": "POST",
      "url": "/api/generator/pattern"
    }
    [35mres[39m: {
      "statusCode": 200
    }
    [35mresponseTime[39m: 1306
[12:02:02.864] [33mWARN[39m (33908): [36mGeneration cache lookup failed; falling back to live generation[39m
    [35mpatternId[39m: "registry-equations-linear-medium"
    error: {
      "query": "select \"key\", \"pattern_id\", \"generation_domain\", \"generator_version\", \"motif_version\", \"topology_version\", \"request_fingerprint\", \"payload\", \"artifact_metadata\", \"created_at\", \"last_accessed_at\", \"hit_count\" from \"reasoning_scenario_cache\" where \"reasoning_scenario_cache\".\"key\" = $1 limit $2",
      "params": [
        "479e5d9af47cde3b4df9d298000ff32a5f0f25cc1c9e75d0a56bd188b474b755",
        1
      ],
      "cause": {
        "name": "PostgresError",
        "severity_local": "ERROR",
        "severity": "ERROR",
        "code": "42P01",
        "position": "214",
        "file": "parse_relation.c",
        "line": "1449",
        "routine": "parserOpenTable"
      }
    }
[12:02:02.986] [32mINFO[39m (33908): [36mrequest errored[39m
    [35mreq[39m: {
      "id": 3,
      "method": "POST",
      "url": "/api/generator/pattern"
    }
    [35mres[39m: {
      "statusCode": 500
    }
    [35mresponseTime[39m: 762
    err: {
      "type": "Error",
      "message": "failed with status code 500",
      "stack":
          Error: failed with status code 500
              at onResFinished (C:\Users\gurbaj\Downloads\f\node_modules\.pnpm\pino-http@10.5.0\node_modules\pino-http\logger.js:115:39)
              at ServerResponse.onResponseComplete (C:\Users\gurbaj\Downloads\f\node_modules\.pnpm\pino-http@10.5.0\node_modules\pino-http\logger.js:178:14)
              at ServerResponse.emit (node:events:520:35)
              at onFinish (node:_http_outgoing:1026:10)
              at callback (node:internal/streams/writable:764:21)
              at afterWrite (node:internal/streams/writable:708:5)
              at afterWriteTick (node:internal/streams/writable:694:10)
              at process.processTicksAndRejections (node:internal/process/task_queues:89:21)
    }
[12:02:03.799] [33mWARN[39m (33908): [36mGeneration cache lookup failed; falling back to live generation[39m
    [35mpatternId[39m: "registry-equations-quadratic-medium"
    error: {
      "query": "select \"key\", \"pattern_id\", \"generation_domain\", \"generator_version\", \"motif_version\", \"topology_version\", \"request_fingerprint\", \"payload\", \"artifact_metadata\", \"created_at\", \"last_accessed_at\", \"hit_count\" from \"reasoning_scenario_cache\" where \"reasoning_scenario_cache\".\"key\" = $1 limit $2",
      "params": [
        "df658b27062ac8c24e2505195099f9d92f3354d15d8389e566a2c137fbffd6c0",
        1
      ],
      "cause": {
        "name": "PostgresError",
        "severity_local": "ERROR",
        "severity": "ERROR",
        "code": "42P01",
        "position": "214",
        "file": "parse_relation.c",
        "line": "1449",
        "routine": "parserOpenTable"
      }
    }
[12:02:03.802] [32mINFO[39m (33908): [36mrequest errored[39m
    [35mreq[39m: {
      "id": 4,
      "method": "POST",
      "url": "/api/generator/pattern"
    }
    [35mres[39m: {
      "statusCode": 500
    }
    [35mresponseTime[39m: 797
    err: {
      "type": "Error",
      "message": "failed with status code 500",
      "stack":
          Error: failed with status code 500
              at onResFinished (C:\Users\gurbaj\Downloads\f\node_modules\.pnpm\pino-http@10.5.0\node_modules\pino-http\logger.js:115:39)
              at ServerResponse.onResponseComplete (C:\Users\gurbaj\Downloads\f\node_modules\.pnpm\pino-http@10.5.0\node_modules\pino-http\logger.js:178:14)
              at ServerResponse.emit (node:events:520:35)
              at onFinish (node:_http_outgoing:1026:10)
              at callback (node:internal/streams/writable:764:21)
              at afterWrite (node:internal/streams/writable:708:5)
              at afterWriteTick (node:internal/streams/writable:694:10)
              at process.processTicksAndRejections (node:internal/process/task_queues:89:21)
    }
Generation metrics {
  patternId: 'registry-equations-special-hard',
  topic: 'Equations: Special Forms',
  subtopic: 'equations',
  generationId: 'gen_2fd26db6',
  generationDomain: 'quant',
  selectedMotif: 'eqn-special-radical',
  difficultyLabel: 'Hard',
  metrics: {
    generationDurationMs: 1,
    validationRetries: 0,
    uniquenessFailures: 0,
    branchingFactor: 0,
    branchingComplexity: undefined,
    clueDensity: 0,
    inferenceDepth: 5,
    redundancyScore: 0,
    deductionDependencyScore: undefined,
    redundancyRatio: undefined,
    anchorDensity: undefined,
    directClueRatio: undefined
  }
}
[12:02:04.453] [33mWARN[39m (33908): [36mGeneration cache lookup failed; falling back to live generation[39m
    [35mpatternId[39m: "registry-equations-special-hard"
    error: {
      "query": "select \"key\", \"pattern_id\", \"generation_domain\", \"generator_version\", \"motif_version\", \"topology_version\", \"request_fingerprint\", \"payload\", \"artifact_metadata\", \"created_at\", \"last_accessed_at\", \"hit_count\" from \"reasoning_scenario_cache\" where \"reasoning_scenario_cache\".\"key\" = $1 limit $2",
      "params": [
        "beddf5a698878edc95121a42e636c6617527f5fc4c812b665f647a9d383b81de",
        1
      ],
      "cause": {
        "name": "PostgresError",
        "severity_local": "ERROR",
        "severity": "ERROR",
        "code": "42P01",
        "position": "214",
        "file": "parse_relation.c",
        "line": "1449",
        "routine": "parserOpenTable"
      }
    }
[12:02:05.079] [33mWARN[39m (33908): [36mGeneration cache store failed; continuing without cache persistence[39m
    [35mpatternId[39m: "registry-equations-special-hard"
    error: {
      "query": "insert into \"reasoning_scenario_cache\" (\"key\", \"pattern_id\", \"generation_domain\", \"generator_version\", \"motif_version\", \"topology_version\", \"request_fingerprint\", \"payload\", \"artifact_metadata\", \"created_at\", \"last_accessed_at\", \"hit_count\") values ($1, $2, $3, $4, $5, $6, $7, $8, $9, default, default, default) on conflict (\"key\") do update set \"generator_version\" = $10, \"motif_version\" = $11, \"topology_version\" = $12, \"payload\" = $13, \"artifact_metadata\" = $14, \"last_accessed_at\" = $15",
      "params": [
        "beddf5a698878edc95121a42e636c6617527f5fc4c812b665f647a9d383b81de",
        "registry-equations-special-hard",
        "quant",
        "reasoning-generator-v1",
        "motif-registry-v1:06680ca3d5549782e3981bc3daeb7719e3d50799d09884b15ab19aab8e6749f3",
        "topology-contract-v1:409c496459b1fc1a7b1e335f0b47e27c83be21a95c5dd9d7ddf09476ffefd733",
        "50a88a25ee916022e338f2f309d1b81c13949958a8aa9272b128e06dd0c44bac",
        "{\"generationContext\":{\"seed\":\"auto-seed:39efc7a6-a247-476a-9b86-ff9d3980cc79\",\"generationId\":\"gen_2fd26db6\",\"timestamp\":1778308323810},\"questions\":[{\"text\":\"Solve $\\\\sqrt{x+5}=x-1$. Choose the valid root.\",\"options\":[\"$4$\",\"$-1$\",\"$1$\",\"$5$\"],\"correct\":0,\"explanation\":\"Since $\\\\sqrt{x+5}=x-1$, we need $x\\\\ge1$.\\nSquaring gives $x+5=(x-1)^{2}=x^{2}-2x+1$.\\nSo $x^{2}-3x-4=0$, giving $x=4$ or $x=-1$.\\n$x=-1$ is extraneous because $x\\\\ge1$ is required. Hence $x=4$.\\nFinal answer = $4$.\",\"section\":\"Quant\",\"topic\":\"Equations: Special Forms\",\"subtopic\":\"equations\",\"optionMetadata\":[{\"value\":\"$4$\",\"isCorrect\":true,\"distractorType\":\"correct\",\"likelyMistake\":\"Correct equation path\",\"reasoningTrap\":\"None\"},{\"value\":\"$-1$\",\"isCorrect\":false,\"distractorType\":\"wrongIntermediateValue\",\"likelyMistake\":\"Extraneous_Root_Trap\",\"reasoningTrap\":\"Extraneous_Root_Trap\"},{\"value\":\"$1$\",\"isCorrect\":false,\"distractorType\":\"wrongIntermediateValue\",\"likelyMistake\":\"Square_Root_Principle_Error\",\"reasoningTrap\":\"Square_Root_Principle_Error\"},{\"value\":\"$5$\",\"isCorrect\":false,\"distractorType\":\"wrongIntermediateValue\",\"likelyMistake\":\"Surd_Rationalization_Slip\",\"reasoningTrap\":\"Surd_Rationalization_Slip\"}],\"examRealismMetadata\":{\"examProfile\":\"custom\",\"wordingStyle\":\"balanced\",\"archetypeId\":\"hard-comparative-conditional-inference\",\"archetypeCategory\":\"comparative-conditional-inference\",\"reasoningTraps\":[\"Extraneous_Root_Trap\",\"Square_Root_Principle_Error\",\"Surd_Rationalization_Slip\"],\"weightingSummary\":[\"Archetype weight 1.00\",\"Trap bias 1.00\",\"Inference bias 1.00\",\"Distractor mix wrongIntermediateValue, wrongIntermediateValue, wrongIntermediateValue\"]},\"debugMetadata\":{\"selectedPattern\":\"registry-equations-special-hard\",\"seed\":\"auto-seed:39efc7a6-a247-476a-9b86-ff9d3980cc79\",\"generationId\":\"gen_2fd26db6\",\"generationDomain\":\"quant\",\"selectedMotif\":\"eqn-special-radical\",\"selectedArchetype\":\"hard-comparative-conditional-inference\",\"structuralSignatureKey\":\"eqn-special-radical::radical-validate-root::4\",\"scenarioLogicBranch\":\"radical-validate-root\",\"compatibilityWarnings\":[],\"generationMetrics\":{\"generationDurationMs\":1,\"validationRetries\":0,\"uniquenessFailures\":0,\"branchingFactor\":0,\"clueDensity\":0,\"inferenceDepth\":5,\"redundancyScore\":0},\"proceduralScenario\":{\"id\":\"quant:gen_2fd26db6:registry-equations-special-hard\",\"domain\":\"quant\",\"subtype\":\"equations\",\"metadata\":{\"patternId\":\"registry-equations-special-hard\",\"topic\":\"Equations: Special Forms\",\"subtopic\":\"equations\",\"generationDomain\":\"quant\",\"seed\":\"auto-seed:39efc7a6-a247-476a-9b86-ff9d3980cc79\"},\"entities\":[],\"constraints\":[{\"id\":\"quant-formula\",\"type\":\"formula\",\"operator\":\"EQUALS\",\"expression\":\"0\",\"metadata\":{\"variables\":[]}}],\"content\":{\"stem\":\"Solve $\\\\sqrt{x+5}=x-1$. Choose the valid root.\",\"prompt\":\"Solve $\\\\sqrt{x+5}=x-1$. Choose the valid root.\",\"options\":[\"$4$\",\"$-1$\",\"$1$\",\"$5$\"],\"explanation\":\"Since $\\\\sqrt{x+5}=x-1$, we need $x\\\\ge1$.\\nSquaring gives $x+5=(x-1)^{2}=x^{2}-2x+1$.\\nSo $x^{2}-3x-4=0$, giving $x=4$ or $x=-1$.\\n$x=-1$ is extraneous because $x\\\\ge1$ is required. Hence $x=4$.\\nFinal answer = $4$.\",\"artifacts\":{}},\"difficulty\":{\"label\":\"Hard\",\"score\":7.7,\"inferenceDepth\":5,\"metrics\":{\"reasoningDepth\":5,\"dependencyComplexity\":5,\"estimatedSolveTime\":149,\"distractorCount\":3,\"calculationComplexity\":4,\"cognitiveLoadBase\":4.1,\"ambiguityScoreBase\":0}},\"validation\":{\"passed\":false,\"warnings\":[\"Scenario has no normalized entities.\"],\"metrics\":{\"clueCount\":0,\"inferenceDepth\":0,\"uniquenessVerified\":0,\"entityCount\":0,\"constraintCount\":1,\"hasPrompt\":1,\"warningCount\":0,\"difficultyScore\":7.7,\"reasoningDepth\":5,\"redundancyScore\":0,\"redundancyRatio\":0,\"hasFormula\":1}}},\"validationReportDetail\":{\"passed\":false,\"stageResults\":[{\"stage\":\"structural validity\",\"passed\":false,\"diagnostics\":[\"Scenario has no normalized entities.\"],\"metrics\":{\"entityCount\":0,\"constraintCount\":1,\"hasPrompt\":1}},{\"stage\":\"solvability\",\"passed\":true,\"diagnostics\":[],\"metrics\":{\"warningCount\":0}},{\"stage\":\"uniqueness\",\"passed\":true,\"diagnostics\":[],\"metrics\":{\"uniquenessVerified\":0}},{\"stage\":\"difficulty calibration\",\"passed\":true,\"diagnostics\":[],\"metrics\":{\"difficultyScore\":7.7,\"reasoningDepth\":5}},{\"stage\":\"redundancy analysis\",\"passed\":true,\"diagnostics\":[],\"metrics\":{\"redundancyScore\":0,\"redundancyRatio\":0}},{\"stage\":\"equation solvability\",\"passed\":true,\"diagnostics\":[],\"metrics\":{\"hasFormula\":1}}],\"warnings\":[\"Scenario has no normalized entities.\"],\"metrics\":{\"clueCount\":0,\"inferenceDepth\":0,\"uniquenessVerified\":0,\"entityCount\":0,\"constraintCount\":1,\"hasPrompt\":1,\"warningCount\":0,\"difficultyScore\":7.7,\"reasoningDepth\":5,\"redundancyScore\":0,\"redundancyRatio\":0,\"hasFormula\":1}},\"difficultyAssessment\":{\"difficultyLabel\":\"Hard\",\"difficultyScore\":7.7,\"cognitiveLoad\":3.55,\"inferenceDepth\":5,\"calculationComplexity\":4,\"distractorComplexity\":3,\"ambiguityScore\":1.05,\"solvingTimeEstimate\":149,\"domainContributions\":{\"operationCount\":4,\"visualComplexity\":0,\"inferenceComplexity\":5},\"metrics\":{\"reasoningDepth\":5,\"dependencyComplexity\":5,\"estimatedSolveTime\":149,\"distractorCount\":3,\"calculationComplexity\":4,\"cognitiveLoadBase\":4.1,\"ambiguityScoreBase\":0}},\"qualityAssessment\":{\"approved\":false,\"rejectionReasons\":[\"failed-validation\",\"low-realism-score\",\"weak-distractors\"],\"qualityMetrics\":{\"realismScore\":0,\"validationPassed\":0,\"structuralDiversityScore\":1,\"repeatedStructureWarnings\":0,\"directClueRatio\":0,\"difficultyConfidence\":10,\"distractorComplexity\":3,\"distractorTypeCount\":0,\"genericDistractorRatio\":1,\"hasStructuralSignature\":1}},\"extractedPatternIntelligence\":{\"domain\":\"quant\",\"structure\":{\"domain\":\"quant\",\"subtype\":\"equations\",\"entityCount\":0,\"constraintCount\":1,\"structureTokens\":[\"variables:\",\"constraint:formula\"],\"topology\":\"formula-network\",\"metadata\":{\"formula\":\"0\"}},\"difficulty\":{\"cognitiveLoad\":4.1,\"inferenceDepth\":5,\"calculationComplexity\":4,\"distractorComplexity\":3,\"ambiguityScore\":0,\"solvingTimeEstimate\":149,\"difficultyBand\":\"Hard\"},\"distractors\":[{\"type\":\"wrongIntermediateValue\",\"label\":\"wrongIntermediateValue\",\"trapType\":\"wrongIntermediateValue\",\"frequency\":3}],\"motifs\":[{\"motifId\":\"eqn-special-radical\",\"domain\":\"quant\",\"archetype\":\"general\",\"confidence\":0.95,\"metadata\":{\"generated\":\"selectedMotif\"}}]},\"structuralSignature\":{\"domain\":\"quant\",\"topologyHash\":\"sig_604ec201\",\"inferenceHash\":\"sig_127c4bc7\",\"motifHash\":\"sig_510b1ad\",\"distractorHash\":\"sig_4306d95f\"},\"corpusAlignment\":{\"score\":8.12,\"deviations\":[{\"metric\":\"topology-frequency\",\"actual\":\"formula-network\",\"expected\":\"higher-frequency corpus topology\",\"message\":\"Topology is less common than the target corpus profile.\"},{\"metric\":\"distractor-pattern\",\"actual\":\"wrongIntermediateValue\",\"expected\":\"higher-frequency corpus distractor families\",\"message\":\"Distractor distribution is weaker or less corpus-like than expected.\"}],\"matchedPatterns\":[\"Clue density aligns with extracted PYQ corpus ranges.\",\"Inference depth tracks the target corpus difficulty curve.\",\"Wording complexity resembles the PYQ corpus style.\",\"Formula/calculation complexity aligns with corpus behavior.\"]},\"originalityScore\":{\"score\":8.04,\"penalties\":[\"Distractor ordering looks mechanically repeated.\",\"Wording normalization indicates a repeated surface template pattern.\"],\"diagnostics\":[\"PYQ-derived intelligence is treated as calibration guidance only, not as a template source.\",\"Clue topology penalty 0, formula repetition penalty 0, distractor ordering penalty 0.667.\",\"Corpus alignment pressure 0 while preserving topic weighting and realism guidance only.\"]},\"difficultyConfidence\":{\"predictedDifficulty\":\"Medium\",\"confidence\":5.15,\"explanation\":\"Intended difficulty Hard (7.7), predicted Medium (4.6). Signals used: solving complexity 3.5, elimination depth 0, branching 0, distractor quality 3. Human-solver simulation combined inference depth 5 with solver trace support 0 and branching factor 0.\"}},\"reasoningSteps\":[\"square both sides: Apply the motif condition before evaluating the target quantity.\",\"multi-step: Since $\\\\sqrt{x+5}=x-1$, we need $x\\\\ge1$.\",\"multi-step: Squaring gives $x+5=(x-1)^2=x^2-2x+1$.\",\"multi-step: So $x^2-3x-4=0$, giving $x=4$ or $x=-1$.\",\"conditional: $x=-1$ is extraneous because $x\\\\ge1$ is required. Hence $x=4$.\"],\"dependencyComplexity\":5,\"operationChain\":[\"compare\",\"filter\",\"infer\",\"compare\"],\"difficulty\":\"Hard\",\"difficultyScore\":7.7,\"difficultyLabel\":\"Hard\",\"difficultyMetadata\":{\"difficultyScore\":7.7,\"difficultyLabel\":\"Hard\",\"estimatedSolveTime\":149,\"operationCount\":4,\"reasoningDepth\":5,\"reasoningSteps\":[\"square both sides: Apply the motif condition before evaluating the target quantity.\",\"multi-step: Since $\\\\sqrt{x+5}=x-1$, we need $x\\\\ge1$.\",\"multi-step: Squaring gives $x+5=(x-1)^2=x^2-2x+1$.\",\"multi-step: So $x^2-3x-4=0$, giving $x=4$ or $x=-1$.\",\"conditional: $x=-1$ is extraneous because $x\\\\ge1$ is required. Hence $x=4$.\"],\"dependencyComplexity\":5,\"operationChain\":[\"compare\",\"filter\",\"infer\",\"compare\"],\"usesPercentage\":false,\"usesRatio\":false,\"usesComparison\":false,\"visualComplexity\":0,\"inferenceComplexity\":5},\"generationMetrics\":{\"generationDurationMs\":1,\"validationRetries\":0,\"uniquenessFailures\":0,\"branchingFactor\":0,\"clueDensity\":0,\"inferenceDepth\":5,\"redundancyScore\":0}}]}",
        "{\"cachedQuestionCount\":1,\"selectedMotifs\":[\"eqn-special-radical\"],\"hasSolverTraces\":false,\"hasSvgSnapshots\":false,\"hasExplanationFlow\":false}",
        "reasoning-generator-v1",
        "motif-registry-v1:06680ca3d5549782e3981bc3daeb7719e3d50799d09884b15ab19aab8e6749f3",
        "topology-contract-v1:409c496459b1fc1a7b1e335f0b47e27c83be21a95c5dd9d7ddf09476ffefd733",
        "{\"generationContext\":{\"seed\":\"auto-seed:39efc7a6-a247-476a-9b86-ff9d3980cc79\",\"generationId\":\"gen_2fd26db6\",\"timestamp\":1778308323810},\"questions\":[{\"text\":\"Solve $\\\\sqrt{x+5}=x-1$. Choose the valid root.\",\"options\":[\"$4$\",\"$-1$\",\"$1$\",\"$5$\"],\"correct\":0,\"explanation\":\"Since $\\\\sqrt{x+5}=x-1$, we need $x\\\\ge1$.\\nSquaring gives $x+5=(x-1)^{2}=x^{2}-2x+1$.\\nSo $x^{2}-3x-4=0$, giving $x=4$ or $x=-1$.\\n$x=-1$ is extraneous because $x\\\\ge1$ is required. Hence $x=4$.\\nFinal answer = $4$.\",\"section\":\"Quant\",\"topic\":\"Equations: Special Forms\",\"subtopic\":\"equations\",\"optionMetadata\":[{\"value\":\"$4$\",\"isCorrect\":true,\"distractorType\":\"correct\",\"likelyMistake\":\"Correct equation path\",\"reasoningTrap\":\"None\"},{\"value\":\"$-1$\",\"isCorrect\":false,\"distractorType\":\"wrongIntermediateValue\",\"likelyMistake\":\"Extraneous_Root_Trap\",\"reasoningTrap\":\"Extraneous_Root_Trap\"},{\"value\":\"$1$\",\"isCorrect\":false,\"distractorType\":\"wrongIntermediateValue\",\"likelyMistake\":\"Square_Root_Principle_Error\",\"reasoningTrap\":\"Square_Root_Principle_Error\"},{\"value\":\"$5$\",\"isCorrect\":false,\"distractorType\":\"wrongIntermediateValue\",\"likelyMistake\":\"Surd_Rationalization_Slip\",\"reasoningTrap\":\"Surd_Rationalization_Slip\"}],\"examRealismMetadata\":{\"examProfile\":\"custom\",\"wordingStyle\":\"balanced\",\"archetypeId\":\"hard-comparative-conditional-inference\",\"archetypeCategory\":\"comparative-conditional-inference\",\"reasoningTraps\":[\"Extraneous_Root_Trap\",\"Square_Root_Principle_Error\",\"Surd_Rationalization_Slip\"],\"weightingSummary\":[\"Archetype weight 1.00\",\"Trap bias 1.00\",\"Inference bias 1.00\",\"Distractor mix wrongIntermediateValue, wrongIntermediateValue, wrongIntermediateValue\"]},\"debugMetadata\":{\"selectedPattern\":\"registry-equations-special-hard\",\"seed\":\"auto-seed:39efc7a6-a247-476a-9b86-ff9d3980cc79\",\"generationId\":\"gen_2fd26db6\",\"generationDomain\":\"quant\",\"selectedMotif\":\"eqn-special-radical\",\"selectedArchetype\":\"hard-comparative-conditional-inference\",\"structuralSignatureKey\":\"eqn-special-radical::radical-validate-root::4\",\"scenarioLogicBranch\":\"radical-validate-root\",\"compatibilityWarnings\":[],\"generationMetrics\":{\"generationDurationMs\":1,\"validationRetries\":0,\"uniquenessFailures\":0,\"branchingFactor\":0,\"clueDensity\":0,\"inferenceDepth\":5,\"redundancyScore\":0},\"proceduralScenario\":{\"id\":\"quant:gen_2fd26db6:registry-equations-special-hard\",\"domain\":\"quant\",\"subtype\":\"equations\",\"metadata\":{\"patternId\":\"registry-equations-special-hard\",\"topic\":\"Equations: Special Forms\",\"subtopic\":\"equations\",\"generationDomain\":\"quant\",\"seed\":\"auto-seed:39efc7a6-a247-476a-9b86-ff9d3980cc79\"},\"entities\":[],\"constraints\":[{\"id\":\"quant-formula\",\"type\":\"formula\",\"operator\":\"EQUALS\",\"expression\":\"0\",\"metadata\":{\"variables\":[]}}],\"content\":{\"stem\":\"Solve $\\\\sqrt{x+5}=x-1$. Choose the valid root.\",\"prompt\":\"Solve $\\\\sqrt{x+5}=x-1$. Choose the valid root.\",\"options\":[\"$4$\",\"$-1$\",\"$1$\",\"$5$\"],\"explanation\":\"Since $\\\\sqrt{x+5}=x-1$, we need $x\\\\ge1$.\\nSquaring gives $x+5=(x-1)^{2}=x^{2}-2x+1$.\\nSo $x^{2}-3x-4=0$, giving $x=4$ or $x=-1$.\\n$x=-1$ is extraneous because $x\\\\ge1$ is required. Hence $x=4$.\\nFinal answer = $4$.\",\"artifacts\":{}},\"difficulty\":{\"label\":\"Hard\",\"score\":7.7,\"inferenceDepth\":5,\"metrics\":{\"reasoningDepth\":5,\"dependencyComplexity\":5,\"estimatedSolveTime\":149,\"distractorCount\":3,\"calculationComplexity\":4,\"cognitiveLoadBase\":4.1,\"ambiguityScoreBase\":0}},\"validation\":{\"passed\":false,\"warnings\":[\"Scenario has no normalized entities.\"],\"metrics\":{\"clueCount\":0,\"inferenceDepth\":0,\"uniquenessVerified\":0,\"entityCount\":0,\"constraintCount\":1,\"hasPrompt\":1,\"warningCount\":0,\"difficultyScore\":7.7,\"reasoningDepth\":5,\"redundancyScore\":0,\"redundancyRatio\":0,\"hasFormula\":1}}},\"validationReportDetail\":{\"passed\":false,\"stageResults\":[{\"stage\":\"structural validity\",\"passed\":false,\"diagnostics\":[\"Scenario has no normalized entities.\"],\"metrics\":{\"entityCount\":0,\"constraintCount\":1,\"hasPrompt\":1}},{\"stage\":\"solvability\",\"passed\":true,\"diagnostics\":[],\"metrics\":{\"warningCount\":0}},{\"stage\":\"uniqueness\",\"passed\":true,\"diagnostics\":[],\"metrics\":{\"uniquenessVerified\":0}},{\"stage\":\"difficulty calibration\",\"passed\":true,\"diagnostics\":[],\"metrics\":{\"difficultyScore\":7.7,\"reasoningDepth\":5}},{\"stage\":\"redundancy analysis\",\"passed\":true,\"diagnostics\":[],\"metrics\":{\"redundancyScore\":0,\"redundancyRatio\":0}},{\"stage\":\"equation solvability\",\"passed\":true,\"diagnostics\":[],\"metrics\":{\"hasFormula\":1}}],\"warnings\":[\"Scenario has no normalized entities.\"],\"metrics\":{\"clueCount\":0,\"inferenceDepth\":0,\"uniquenessVerified\":0,\"entityCount\":0,\"constraintCount\":1,\"hasPrompt\":1,\"warningCount\":0,\"difficultyScore\":7.7,\"reasoningDepth\":5,\"redundancyScore\":0,\"redundancyRatio\":0,\"hasFormula\":1}},\"difficultyAssessment\":{\"difficultyLabel\":\"Hard\",\"difficultyScore\":7.7,\"cognitiveLoad\":3.55,\"inferenceDepth\":5,\"calculationComplexity\":4,\"distractorComplexity\":3,\"ambiguityScore\":1.05,\"solvingTimeEstimate\":149,\"domainContributions\":{\"operationCount\":4,\"visualComplexity\":0,\"inferenceComplexity\":5},\"metrics\":{\"reasoningDepth\":5,\"dependencyComplexity\":5,\"estimatedSolveTime\":149,\"distractorCount\":3,\"calculationComplexity\":4,\"cognitiveLoadBase\":4.1,\"ambiguityScoreBase\":0}},\"qualityAssessment\":{\"approved\":false,\"rejectionReasons\":[\"failed-validation\",\"low-realism-score\",\"weak-distractors\"],\"qualityMetrics\":{\"realismScore\":0,\"validationPassed\":0,\"structuralDiversityScore\":1,\"repeatedStructureWarnings\":0,\"directClueRatio\":0,\"difficultyConfidence\":10,\"distractorComplexity\":3,\"distractorTypeCount\":0,\"genericDistractorRatio\":1,\"hasStructuralSignature\":1}},\"extractedPatternIntelligence\":{\"domain\":\"quant\",\"structure\":{\"domain\":\"quant\",\"subtype\":\"equations\",\"entityCount\":0,\"constraintCount\":1,\"structureTokens\":[\"variables:\",\"constraint:formula\"],\"topology\":\"formula-network\",\"metadata\":{\"formula\":\"0\"}},\"difficulty\":{\"cognitiveLoad\":4.1,\"inferenceDepth\":5,\"calculationComplexity\":4,\"distractorComplexity\":3,\"ambiguityScore\":0,\"solvingTimeEstimate\":149,\"difficultyBand\":\"Hard\"},\"distractors\":[{\"type\":\"wrongIntermediateValue\",\"label\":\"wrongIntermediateValue\",\"trapType\":\"wrongIntermediateValue\",\"frequency\":3}],\"motifs\":[{\"motifId\":\"eqn-special-radical\",\"domain\":\"quant\",\"archetype\":\"general\",\"confidence\":0.95,\"metadata\":{\"generated\":\"selectedMotif\"}}]},\"structuralSignature\":{\"domain\":\"quant\",\"topologyHash\":\"sig_604ec201\",\"inferenceHash\":\"sig_127c4bc7\",\"motifHash\":\"sig_510b1ad\",\"distractorHash\":\"sig_4306d95f\"},\"corpusAlignment\":{\"score\":8.12,\"deviations\":[{\"metric\":\"topology-frequency\",\"actual\":\"formula-network\",\"expected\":\"higher-frequency corpus topology\",\"message\":\"Topology is less common than the target corpus profile.\"},{\"metric\":\"distractor-pattern\",\"actual\":\"wrongIntermediateValue\",\"expected\":\"higher-frequency corpus distractor families\",\"message\":\"Distractor distribution is weaker or less corpus-like than expected.\"}],\"matchedPatterns\":[\"Clue density aligns with extracted PYQ corpus ranges.\",\"Inference depth tracks the target corpus difficulty curve.\",\"Wording complexity resembles the PYQ corpus style.\",\"Formula/calculation complexity aligns with corpus behavior.\"]},\"originalityScore\":{\"score\":8.04,\"penalties\":[\"Distractor ordering looks mechanically repeated.\",\"Wording normalization indicates a repeated surface template pattern.\"],\"diagnostics\":[\"PYQ-derived intelligence is treated as calibration guidance only, not as a template source.\",\"Clue topology penalty 0, formula repetition penalty 0, distractor ordering penalty 0.667.\",\"Corpus alignment pressure 0 while preserving topic weighting and realism guidance only.\"]},\"difficultyConfidence\":{\"predictedDifficulty\":\"Medium\",\"confidence\":5.15,\"explanation\":\"Intended difficulty Hard (7.7), predicted Medium (4.6). Signals used: solving complexity 3.5, elimination depth 0, branching 0, distractor quality 3. Human-solver simulation combined inference depth 5 with solver trace support 0 and branching factor 0.\"}},\"reasoningSteps\":[\"square both sides: Apply the motif condition before evaluating the target quantity.\",\"multi-step: Since $\\\\sqrt{x+5}=x-1$, we need $x\\\\ge1$.\",\"multi-step: Squaring gives $x+5=(x-1)^2=x^2-2x+1$.\",\"multi-step: So $x^2-3x-4=0$, giving $x=4$ or $x=-1$.\",\"conditional: $x=-1$ is extraneous because $x\\\\ge1$ is required. Hence $x=4$.\"],\"dependencyComplexity\":5,\"operationChain\":[\"compare\",\"filter\",\"infer\",\"compare\"],\"difficulty\":\"Hard\",\"difficultyScore\":7.7,\"difficultyLabel\":\"Hard\",\"difficultyMetadata\":{\"difficultyScore\":7.7,\"difficultyLabel\":\"Hard\",\"estimatedSolveTime\":149,\"operationCount\":4,\"reasoningDepth\":5,\"reasoningSteps\":[\"square both sides: Apply the motif condition before evaluating the target quantity.\",\"multi-step: Since $\\\\sqrt{x+5}=x-1$, we need $x\\\\ge1$.\",\"multi-step: Squaring gives $x+5=(x-1)^2=x^2-2x+1$.\",\"multi-step: So $x^2-3x-4=0$, giving $x=4$ or $x=-1$.\",\"conditional: $x=-1$ is extraneous because $x\\\\ge1$ is required. Hence $x=4$.\"],\"dependencyComplexity\":5,\"operationChain\":[\"compare\",\"filter\",\"infer\",\"compare\"],\"usesPercentage\":false,\"usesRatio\":false,\"usesComparison\":false,\"visualComplexity\":0,\"inferenceComplexity\":5},\"generationMetrics\":{\"generationDurationMs\":1,\"validationRetries\":0,\"uniquenessFailures\":0,\"branchingFactor\":0,\"clueDensity\":0,\"inferenceDepth\":5,\"redundancyScore\":0}}]}",
        "{\"cachedQuestionCount\":1,\"selectedMotifs\":[\"eqn-special-radical\"],\"hasSolverTraces\":false,\"hasSvgSnapshots\":false,\"hasExplanationFlow\":false}",
        "2026-05-09T06:32:04.455Z"
      ],
      "cause": {
        "name": "PostgresError",
        "severity_local": "ERROR",
        "severity": "ERROR",
        "code": "42P01",
        "position": "13",
        "file": "parse_relation.c",
        "line": "1449",
        "routine": "parserOpenTable"
      }
    }
[12:02:05.080] [32mINFO[39m (33908): [36mrequest completed[39m
    [35mreq[39m: {
      "id": 5,
      "method": "POST",
      "url": "/api/generator/pattern"
    }
    [35mres[39m: {
      "statusCode": 200
    }
    [35mresponseTime[39m: 1273
Generation metrics {
  patternId: 'registry-equations-modulus-hard',
  topic: 'Equations: Modulus',
  subtopic: 'equations',
  generationId: 'gen_970f005c',
  generationDomain: 'quant',
  selectedMotif: 'eqn-mod-interval-count',
  difficultyLabel: 'Hard',
  metrics: {
    generationDurationMs: 1,
    validationRetries: 0,
    uniquenessFailures: 0,
    branchingFactor: 0,
    branchingComplexity: undefined,
    clueDensity: 0,
    inferenceDepth: 4,
    redundancyScore: 0,
    deductionDependencyScore: undefined,
    redundancyRatio: undefined,
    anchorDensity: undefined,
    directClueRatio: undefined
  }
}
[12:02:05.729] [33mWARN[39m (33908): [36mGeneration cache lookup failed; falling back to live generation[39m
    [35mpatternId[39m: "registry-equations-modulus-hard"
    error: {
      "query": "select \"key\", \"pattern_id\", \"generation_domain\", \"generator_version\", \"motif_version\", \"topology_version\", \"request_fingerprint\", \"payload\", \"artifact_metadata\", \"created_at\", \"last_accessed_at\", \"hit_count\" from \"reasoning_scenario_cache\" where \"reasoning_scenario_cache\".\"key\" = $1 limit $2",
      "params": [
        "c4a81e64fa9eb0e22716da1a8ba856231d86c9b0ba6029029baf6e3ed0cb17a9",
        1
      ],
      "cause": {
        "name": "PostgresError",
        "severity_local": "ERROR",
        "severity": "ERROR",
        "code": "42P01",
        "position": "214",
        "file": "parse_relation.c",
        "line": "1449",
        "routine": "parserOpenTable"
      }
    }
[12:02:06.538] [33mWARN[39m (33908): [36mGeneration cache store failed; continuing without cache persistence[39m
    [35mpatternId[39m: "registry-equations-modulus-hard"
    error: {
      "query": "insert into \"reasoning_scenario_cache\" (\"key\", \"pattern_id\", \"generation_domain\", \"generator_version\", \"motif_version\", \"topology_version\", \"request_fingerprint\", \"payload\", \"artifact_metadata\", \"created_at\", \"last_accessed_at\", \"hit_count\") values ($1, $2, $3, $4, $5, $6, $7, $8, $9, default, default, default) on conflict (\"key\") do update set \"generator_version\" = $10, \"motif_version\" = $11, \"topology_version\" = $12, \"payload\" = $13, \"artifact_metadata\" = $14, \"last_accessed_at\" = $15",
      "params": [
        "c4a81e64fa9eb0e22716da1a8ba856231d86c9b0ba6029029baf6e3ed0cb17a9",
        "registry-equations-modulus-hard",
        "quant",
        "reasoning-generator-v1",
        "motif-registry-v1:9a460e6e1fd81e26a795b22d2f5e24dccbed371bdaca3a45340f4e22a540989b",
        "topology-contract-v1:409c496459b1fc1a7b1e335f0b47e27c83be21a95c5dd9d7ddf09476ffefd733",
        "b21e0c8a0a391ea58c181f8a5ee7357a651c822a0f8f145723af867833640536",
        "{\"generationContext\":{\"seed\":\"auto-seed:10efaf83-566f-4d14-94d6-7e077879d99e\",\"generationId\":\"gen_970f005c\",\"timestamp\":1778308325091},\"questions\":[{\"text\":\"Find the number of real solutions of $|x-2|+|x-8|=6$.\",\"options\":[\"$\\\\text{Infinitely many}$\",\"$2$\",\"$1$\",\"$0$\"],\"correct\":0,\"explanation\":\"$|x-2|+|x-8|$ is the sum of distances from $2$ and $8$.\\nFor every $x$ between $2$ and $8$, the sum of distances is exactly $6$.\\nHence there are infinitely many real solutions.\\nFinal answer = $\\\\text{Infinitely many}$.\",\"section\":\"Quant\",\"topic\":\"Equations: Modulus\",\"subtopic\":\"equations\",\"optionMetadata\":[{\"value\":\"$\\\\text{Infinitely many}$\",\"isCorrect\":true,\"distractorType\":\"correct\",\"likelyMistake\":\"Correct equation path\",\"reasoningTrap\":\"None\"},{\"value\":\"$2$\",\"isCorrect\":false,\"distractorType\":\"wrongIntermediateValue\",\"likelyMistake\":\"Modulus_Case_Omission\",\"reasoningTrap\":\"Modulus_Case_Omission\"},{\"value\":\"$1$\",\"isCorrect\":false,\"distractorType\":\"wrongIntermediateValue\",\"likelyMistake\":\"Modulus_Distance_Error\",\"reasoningTrap\":\"Modulus_Distance_Error\"},{\"value\":\"$0$\",\"isCorrect\":false,\"distractorType\":\"wrongIntermediateValue\",\"likelyMistake\":\"Integer_Constraint_Violation\",\"reasoningTrap\":\"Integer_Constraint_Violation\"}],\"examRealismMetadata\":{\"examProfile\":\"custom\",\"wordingStyle\":\"balanced\",\"archetypeId\":\"hard-comparative-conditional-inference\",\"archetypeCategory\":\"comparative-conditional-inference\",\"reasoningTraps\":[\"Modulus_Case_Omission\",\"Modulus_Distance_Error\",\"Integer_Constraint_Violation\"],\"weightingSummary\":[\"Archetype weight 1.00\",\"Trap bias 1.00\",\"Inference bias 1.00\",\"Distractor mix wrongIntermediateValue, wrongIntermediateValue, wrongIntermediateValue\"]},\"debugMetadata\":{\"selectedPattern\":\"registry-equations-modulus-hard\",\"seed\":\"auto-seed:10efaf83-566f-4d14-94d6-7e077879d99e\",\"generationId\":\"gen_970f005c\",\"generationDomain\":\"quant\",\"selectedMotif\":\"eqn-mod-interval-count\",\"selectedArchetype\":\"hard-comparative-conditional-inference\",\"structuralSignatureKey\":\"eqn-mod-interval-count::distance-critical-points::999\",\"scenarioLogicBranch\":\"distance-critical-points\",\"compatibilityWarnings\":[],\"generationMetrics\":{\"generationDurationMs\":1,\"validationRetries\":0,\"uniquenessFailures\":0,\"branchingFactor\":0,\"clueDensity\":0,\"inferenceDepth\":4,\"redundancyScore\":0},\"proceduralScenario\":{\"id\":\"quant:gen_970f005c:registry-equations-modulus-hard\",\"domain\":\"quant\",\"subtype\":\"equations\",\"metadata\":{\"patternId\":\"registry-equations-modulus-hard\",\"topic\":\"Equations: Modulus\",\"subtopic\":\"equations\",\"generationDomain\":\"quant\",\"seed\":\"auto-seed:10efaf83-566f-4d14-94d6-7e077879d99e\"},\"entities\":[],\"constraints\":[{\"id\":\"quant-formula\",\"type\":\"formula\",\"operator\":\"EQUALS\",\"expression\":\"0\",\"metadata\":{\"variables\":[]}}],\"content\":{\"stem\":\"Find the number of real solutions of $|x-2|+|x-8|=6$.\",\"prompt\":\"Find the number of real solutions of $|x-2|+|x-8|=6$.\",\"options\":[\"$\\\\text{Infinitely many}$\",\"$2$\",\"$1$\",\"$0$\"],\"explanation\":\"$|x-2|+|x-8|$ is the sum of distances from $2$ and $8$.\\nFor every $x$ between $2$ and $8$, the sum of distances is exactly $6$.\\nHence there are infinitely many real solutions.\\nFinal answer = $\\\\text{Infinitely many}$.\",\"artifacts\":{}},\"difficulty\":{\"label\":\"Hard\",\"score\":7.7,\"inferenceDepth\":4,\"metrics\":{\"reasoningDepth\":4,\"dependencyComplexity\":4,\"estimatedSolveTime\":149,\"distractorCount\":3,\"calculationComplexity\":4,\"cognitiveLoadBase\":3.5,\"ambiguityScoreBase\":0}},\"validation\":{\"passed\":false,\"warnings\":[\"Scenario has no normalized entities.\"],\"metrics\":{\"clueCount\":0,\"inferenceDepth\":0,\"uniquenessVerified\":0,\"entityCount\":0,\"constraintCount\":1,\"hasPrompt\":1,\"warningCount\":0,\"difficultyScore\":7.7,\"reasoningDepth\":4,\"redundancyScore\":0,\"redundancyRatio\":0,\"hasFormula\":1}}},\"validationReportDetail\":{\"passed\":false,\"stageResults\":[{\"stage\":\"structural validity\",\"passed\":false,\"diagnostics\":[\"Scenario has no normalized entities.\"],\"metrics\":{\"entityCount\":0,\"constraintCount\":1,\"hasPrompt\":1}},{\"stage\":\"solvability\",\"passed\":true,\"diagnostics\":[],\"metrics\":{\"warningCount\":0}},{\"stage\":\"uniqueness\",\"passed\":true,\"diagnostics\":[],\"metrics\":{\"uniquenessVerified\":0}},{\"stage\":\"difficulty calibration\",\"passed\":true,\"diagnostics\":[],\"metrics\":{\"difficultyScore\":7.7,\"reasoningDepth\":4}},{\"stage\":\"redundancy analysis\",\"passed\":true,\"diagnostics\":[],\"metrics\":{\"redundancyScore\":0,\"redundancyRatio\":0}},{\"stage\":\"equation solvability\",\"passed\":true,\"diagnostics\":[],\"metrics\":{\"hasFormula\":1}}],\"warnings\":[\"Scenario has no normalized entities.\"],\"metrics\":{\"clueCount\":0,\"inferenceDepth\":0,\"uniquenessVerified\":0,\"entityCount\":0,\"constraintCount\":1,\"hasPrompt\":1,\"warningCount\":0,\"difficultyScore\":7.7,\"reasoningDepth\":4,\"redundancyScore\":0,\"redundancyRatio\":0,\"hasFormula\":1}},\"difficultyAssessment\":{\"difficultyLabel\":\"Hard\",\"difficultyScore\":7.7,\"cognitiveLoad\":3.31,\"inferenceDepth\":4,\"calculationComplexity\":4,\"distractorComplexity\":3,\"ambiguityScore\":1.05,\"solvingTimeEstimate\":149,\"domainContributions\":{\"operationCount\":4,\"visualComplexity\":0,\"inferenceComplexity\":4},\"metrics\":{\"reasoningDepth\":4,\"dependencyComplexity\":4,\"estimatedSolveTime\":149,\"distractorCount\":3,\"calculationComplexity\":4,\"cognitiveLoadBase\":3.5,\"ambiguityScoreBase\":0}},\"qualityAssessment\":{\"approved\":false,\"rejectionReasons\":[\"failed-validation\",\"low-realism-score\",\"weak-distractors\"],\"qualityMetrics\":{\"realismScore\":0,\"validationPassed\":0,\"structuralDiversityScore\":1,\"repeatedStructureWarnings\":0,\"directClueRatio\":0,\"difficultyConfidence\":10,\"distractorComplexity\":3,\"distractorTypeCount\":0,\"genericDistractorRatio\":1,\"hasStructuralSignature\":1}},\"extractedPatternIntelligence\":{\"domain\":\"quant\",\"structure\":{\"domain\":\"quant\",\"subtype\":\"equations\",\"entityCount\":0,\"constraintCount\":1,\"structureTokens\":[\"variables:\",\"constraint:formula\"],\"topology\":\"formula-network\",\"metadata\":{\"formula\":\"0\"}},\"difficulty\":{\"cognitiveLoad\":3.5,\"inferenceDepth\":4,\"calculationComplexity\":4,\"distractorComplexity\":3,\"ambiguityScore\":0,\"solvingTimeEstimate\":149,\"difficultyBand\":\"Hard\"},\"distractors\":[{\"type\":\"wrongIntermediateValue\",\"label\":\"wrongIntermediateValue\",\"trapType\":\"wrongIntermediateValue\",\"frequency\":3}],\"motifs\":[{\"motifId\":\"eqn-mod-interval-count\",\"domain\":\"quant\",\"archetype\":\"general\",\"confidence\":0.95,\"metadata\":{\"generated\":\"selectedMotif\"}}]},\"structuralSignature\":{\"domain\":\"quant\",\"topologyHash\":\"sig_604ec201\",\"inferenceHash\":\"sig_effffcdf\",\"motifHash\":\"sig_14c968f7\",\"distractorHash\":\"sig_4306d95f\"},\"corpusAlignment\":{\"score\":8.43,\"deviations\":[{\"metric\":\"topology-frequency\",\"actual\":\"formula-network\",\"expected\":\"higher-frequency corpus topology\",\"message\":\"Topology is less common than the target corpus profile.\"},{\"metric\":\"distractor-pattern\",\"actual\":\"wrongIntermediateValue\",\"expected\":\"higher-frequency corpus distractor families\",\"message\":\"Distractor distribution is weaker or less corpus-like than expected.\"}],\"matchedPatterns\":[\"Clue density aligns with extracted PYQ corpus ranges.\",\"Inference depth tracks the target corpus difficulty curve.\",\"Wording complexity resembles the PYQ corpus style.\",\"Formula/calculation complexity aligns with corpus behavior.\"]},\"originalityScore\":{\"score\":7.41,\"penalties\":[\"Distractor ordering looks mechanically repeated.\",\"Wording normalization indicates a repeated surface template pattern.\"],\"diagnostics\":[\"PYQ-derived intelligence is treated as calibration guidance only, not as a template source.\",\"Clue topology penalty 0, formula repetition penalty 0, distractor ordering penalty 0.667.\",\"Corpus alignment pressure 0.128 while preserving topic weighting and realism guidance only.\"]},\"difficultyConfidence\":{\"predictedDifficulty\":\"Medium\",\"confidence\":4.54,\"explanation\":\"Intended difficulty Hard (7.7), predicted Medium (4.2). Signals used: solving complexity 3.3, elimination depth 0, branching 0, distractor quality 3. Human-solver simulation combined inference depth 4 with solver trace support 0 and branching factor 0.\"}},\"reasoningSteps\":[\"solution counting: Apply the motif condition before evaluating the target quantity.\",\"conditional: $|x-2|+|x-8|$ is the sum of distances from $2$ and $8$.\",\"conditional: For every $x$ between $2$ and $8$, the sum of distances is exactly $6$.\",\"direct: Hence there are infinitely many real solutions.\"],\"dependencyComplexity\":4,\"operationChain\":[\"compare\",\"filter\",\"infer\",\"compare\"],\"difficulty\":\"Hard\",\"difficultyScore\":7.7,\"difficultyLabel\":\"Hard\",\"difficultyMetadata\":{\"difficultyScore\":7.7,\"difficultyLabel\":\"Hard\",\"estimatedSolveTime\":149,\"operationCount\":4,\"reasoningDepth\":4,\"reasoningSteps\":[\"solution counting: Apply the motif condition before evaluating the target quantity.\",\"conditional: $|x-2|+|x-8|$ is the sum of distances from $2$ and $8$.\",\"conditional: For every $x$ between $2$ and $8$, the sum of distances is exactly $6$.\",\"direct: Hence there are infinitely many real solutions.\"],\"dependencyComplexity\":4,\"operationChain\":[\"compare\",\"filter\",\"infer\",\"compare\"],\"usesPercentage\":false,\"usesRatio\":false,\"usesComparison\":false,\"visualComplexity\":0,\"inferenceComplexity\":4},\"generationMetrics\":{\"generationDurationMs\":1,\"validationRetries\":0,\"uniquenessFailures\":0,\"branchingFactor\":0,\"clueDensity\":0,\"inferenceDepth\":4,\"redundancyScore\":0}}]}",
        "{\"cachedQuestionCount\":1,\"selectedMotifs\":[\"eqn-mod-interval-count\"],\"hasSolverTraces\":false,\"hasSvgSnapshots\":false,\"hasExplanationFlow\":false}",
        "reasoning-generator-v1",
        "motif-registry-v1:9a460e6e1fd81e26a795b22d2f5e24dccbed371bdaca3a45340f4e22a540989b",
        "topology-contract-v1:409c496459b1fc1a7b1e335f0b47e27c83be21a95c5dd9d7ddf09476ffefd733",
        "{\"generationContext\":{\"seed\":\"auto-seed:10efaf83-566f-4d14-94d6-7e077879d99e\",\"generationId\":\"gen_970f005c\",\"timestamp\":1778308325091},\"questions\":[{\"text\":\"Find the number of real solutions of $|x-2|+|x-8|=6$.\",\"options\":[\"$\\\\text{Infinitely many}$\",\"$2$\",\"$1$\",\"$0$\"],\"correct\":0,\"explanation\":\"$|x-2|+|x-8|$ is the sum of distances from $2$ and $8$.\\nFor every $x$ between $2$ and $8$, the sum of distances is exactly $6$.\\nHence there are infinitely many real solutions.\\nFinal answer = $\\\\text{Infinitely many}$.\",\"section\":\"Quant\",\"topic\":\"Equations: Modulus\",\"subtopic\":\"equations\",\"optionMetadata\":[{\"value\":\"$\\\\text{Infinitely many}$\",\"isCorrect\":true,\"distractorType\":\"correct\",\"likelyMistake\":\"Correct equation path\",\"reasoningTrap\":\"None\"},{\"value\":\"$2$\",\"isCorrect\":false,\"distractorType\":\"wrongIntermediateValue\",\"likelyMistake\":\"Modulus_Case_Omission\",\"reasoningTrap\":\"Modulus_Case_Omission\"},{\"value\":\"$1$\",\"isCorrect\":false,\"distractorType\":\"wrongIntermediateValue\",\"likelyMistake\":\"Modulus_Distance_Error\",\"reasoningTrap\":\"Modulus_Distance_Error\"},{\"value\":\"$0$\",\"isCorrect\":false,\"distractorType\":\"wrongIntermediateValue\",\"likelyMistake\":\"Integer_Constraint_Violation\",\"reasoningTrap\":\"Integer_Constraint_Violation\"}],\"examRealismMetadata\":{\"examProfile\":\"custom\",\"wordingStyle\":\"balanced\",\"archetypeId\":\"hard-comparative-conditional-inference\",\"archetypeCategory\":\"comparative-conditional-inference\",\"reasoningTraps\":[\"Modulus_Case_Omission\",\"Modulus_Distance_Error\",\"Integer_Constraint_Violation\"],\"weightingSummary\":[\"Archetype weight 1.00\",\"Trap bias 1.00\",\"Inference bias 1.00\",\"Distractor mix wrongIntermediateValue, wrongIntermediateValue, wrongIntermediateValue\"]},\"debugMetadata\":{\"selectedPattern\":\"registry-equations-modulus-hard\",\"seed\":\"auto-seed:10efaf83-566f-4d14-94d6-7e077879d99e\",\"generationId\":\"gen_970f005c\",\"generationDomain\":\"quant\",\"selectedMotif\":\"eqn-mod-interval-count\",\"selectedArchetype\":\"hard-comparative-conditional-inference\",\"structuralSignatureKey\":\"eqn-mod-interval-count::distance-critical-points::999\",\"scenarioLogicBranch\":\"distance-critical-points\",\"compatibilityWarnings\":[],\"generationMetrics\":{\"generationDurationMs\":1,\"validationRetries\":0,\"uniquenessFailures\":0,\"branchingFactor\":0,\"clueDensity\":0,\"inferenceDepth\":4,\"redundancyScore\":0},\"proceduralScenario\":{\"id\":\"quant:gen_970f005c:registry-equations-modulus-hard\",\"domain\":\"quant\",\"subtype\":\"equations\",\"metadata\":{\"patternId\":\"registry-equations-modulus-hard\",\"topic\":\"Equations: Modulus\",\"subtopic\":\"equations\",\"generationDomain\":\"quant\",\"seed\":\"auto-seed:10efaf83-566f-4d14-94d6-7e077879d99e\"},\"entities\":[],\"constraints\":[{\"id\":\"quant-formula\",\"type\":\"formula\",\"operator\":\"EQUALS\",\"expression\":\"0\",\"metadata\":{\"variables\":[]}}],\"content\":{\"stem\":\"Find the number of real solutions of $|x-2|+|x-8|=6$.\",\"prompt\":\"Find the number of real solutions of $|x-2|+|x-8|=6$.\",\"options\":[\"$\\\\text{Infinitely many}$\",\"$2$\",\"$1$\",\"$0$\"],\"explanation\":\"$|x-2|+|x-8|$ is the sum of distances from $2$ and $8$.\\nFor every $x$ between $2$ and $8$, the sum of distances is exactly $6$.\\nHence there are infinitely many real solutions.\\nFinal answer = $\\\\text{Infinitely many}$.\",\"artifacts\":{}},\"difficulty\":{\"label\":\"Hard\",\"score\":7.7,\"inferenceDepth\":4,\"metrics\":{\"reasoningDepth\":4,\"dependencyComplexity\":4,\"estimatedSolveTime\":149,\"distractorCount\":3,\"calculationComplexity\":4,\"cognitiveLoadBase\":3.5,\"ambiguityScoreBase\":0}},\"validation\":{\"passed\":false,\"warnings\":[\"Scenario has no normalized entities.\"],\"metrics\":{\"clueCount\":0,\"inferenceDepth\":0,\"uniquenessVerified\":0,\"entityCount\":0,\"constraintCount\":1,\"hasPrompt\":1,\"warningCount\":0,\"difficultyScore\":7.7,\"reasoningDepth\":4,\"redundancyScore\":0,\"redundancyRatio\":0,\"hasFormula\":1}}},\"validationReportDetail\":{\"passed\":false,\"stageResults\":[{\"stage\":\"structural validity\",\"passed\":false,\"diagnostics\":[\"Scenario has no normalized entities.\"],\"metrics\":{\"entityCount\":0,\"constraintCount\":1,\"hasPrompt\":1}},{\"stage\":\"solvability\",\"passed\":true,\"diagnostics\":[],\"metrics\":{\"warningCount\":0}},{\"stage\":\"uniqueness\",\"passed\":true,\"diagnostics\":[],\"metrics\":{\"uniquenessVerified\":0}},{\"stage\":\"difficulty calibration\",\"passed\":true,\"diagnostics\":[],\"metrics\":{\"difficultyScore\":7.7,\"reasoningDepth\":4}},{\"stage\":\"redundancy analysis\",\"passed\":true,\"diagnostics\":[],\"metrics\":{\"redundancyScore\":0,\"redundancyRatio\":0}},{\"stage\":\"equation solvability\",\"passed\":true,\"diagnostics\":[],\"metrics\":{\"hasFormula\":1}}],\"warnings\":[\"Scenario has no normalized entities.\"],\"metrics\":{\"clueCount\":0,\"inferenceDepth\":0,\"uniquenessVerified\":0,\"entityCount\":0,\"constraintCount\":1,\"hasPrompt\":1,\"warningCount\":0,\"difficultyScore\":7.7,\"reasoningDepth\":4,\"redundancyScore\":0,\"redundancyRatio\":0,\"hasFormula\":1}},\"difficultyAssessment\":{\"difficultyLabel\":\"Hard\",\"difficultyScore\":7.7,\"cognitiveLoad\":3.31,\"inferenceDepth\":4,\"calculationComplexity\":4,\"distractorComplexity\":3,\"ambiguityScore\":1.05,\"solvingTimeEstimate\":149,\"domainContributions\":{\"operationCount\":4,\"visualComplexity\":0,\"inferenceComplexity\":4},\"metrics\":{\"reasoningDepth\":4,\"dependencyComplexity\":4,\"estimatedSolveTime\":149,\"distractorCount\":3,\"calculationComplexity\":4,\"cognitiveLoadBase\":3.5,\"ambiguityScoreBase\":0}},\"qualityAssessment\":{\"approved\":false,\"rejectionReasons\":[\"failed-validation\",\"low-realism-score\",\"weak-distractors\"],\"qualityMetrics\":{\"realismScore\":0,\"validationPassed\":0,\"structuralDiversityScore\":1,\"repeatedStructureWarnings\":0,\"directClueRatio\":0,\"difficultyConfidence\":10,\"distractorComplexity\":3,\"distractorTypeCount\":0,\"genericDistractorRatio\":1,\"hasStructuralSignature\":1}},\"extractedPatternIntelligence\":{\"domain\":\"quant\",\"structure\":{\"domain\":\"quant\",\"subtype\":\"equations\",\"entityCount\":0,\"constraintCount\":1,\"structureTokens\":[\"variables:\",\"constraint:formula\"],\"topology\":\"formula-network\",\"metadata\":{\"formula\":\"0\"}},\"difficulty\":{\"cognitiveLoad\":3.5,\"inferenceDepth\":4,\"calculationComplexity\":4,\"distractorComplexity\":3,\"ambiguityScore\":0,\"solvingTimeEstimate\":149,\"difficultyBand\":\"Hard\"},\"distractors\":[{\"type\":\"wrongIntermediateValue\",\"label\":\"wrongIntermediateValue\",\"trapType\":\"wrongIntermediateValue\",\"frequency\":3}],\"motifs\":[{\"motifId\":\"eqn-mod-interval-count\",\"domain\":\"quant\",\"archetype\":\"general\",\"confidence\":0.95,\"metadata\":{\"generated\":\"selectedMotif\"}}]},\"structuralSignature\":{\"domain\":\"quant\",\"topologyHash\":\"sig_604ec201\",\"inferenceHash\":\"sig_effffcdf\",\"motifHash\":\"sig_14c968f7\",\"distractorHash\":\"sig_4306d95f\"},\"corpusAlignment\":{\"score\":8.43,\"deviations\":[{\"metric\":\"topology-frequency\",\"actual\":\"formula-network\",\"expected\":\"higher-frequency corpus topology\",\"message\":\"Topology is less common than the target corpus profile.\"},{\"metric\":\"distractor-pattern\",\"actual\":\"wrongIntermediateValue\",\"expected\":\"higher-frequency corpus distractor families\",\"message\":\"Distractor distribution is weaker or less corpus-like than expected.\"}],\"matchedPatterns\":[\"Clue density aligns with extracted PYQ corpus ranges.\",\"Inference depth tracks the target corpus difficulty curve.\",\"Wording complexity resembles the PYQ corpus style.\",\"Formula/calculation complexity aligns with corpus behavior.\"]},\"originalityScore\":{\"score\":7.41,\"penalties\":[\"Distractor ordering looks mechanically repeated.\",\"Wording normalization indicates a repeated surface template pattern.\"],\"diagnostics\":[\"PYQ-derived intelligence is treated as calibration guidance only, not as a template source.\",\"Clue topology penalty 0, formula repetition penalty 0, distractor ordering penalty 0.667.\",\"Corpus alignment pressure 0.128 while preserving topic weighting and realism guidance only.\"]},\"difficultyConfidence\":{\"predictedDifficulty\":\"Medium\",\"confidence\":4.54,\"explanation\":\"Intended difficulty Hard (7.7), predicted Medium (4.2). Signals used: solving complexity 3.3, elimination depth 0, branching 0, distractor quality 3. Human-solver simulation combined inference depth 4 with solver trace support 0 and branching factor 0.\"}},\"reasoningSteps\":[\"solution counting: Apply the motif condition before evaluating the target quantity.\",\"conditional: $|x-2|+|x-8|$ is the sum of distances from $2$ and $8$.\",\"conditional: For every $x$ between $2$ and $8$, the sum of distances is exactly $6$.\",\"direct: Hence there are infinitely many real solutions.\"],\"dependencyComplexity\":4,\"operationChain\":[\"compare\",\"filter\",\"infer\",\"compare\"],\"difficulty\":\"Hard\",\"difficultyScore\":7.7,\"difficultyLabel\":\"Hard\",\"difficultyMetadata\":{\"difficultyScore\":7.7,\"difficultyLabel\":\"Hard\",\"estimatedSolveTime\":149,\"operationCount\":4,\"reasoningDepth\":4,\"reasoningSteps\":[\"solution counting: Apply the motif condition before evaluating the target quantity.\",\"conditional: $|x-2|+|x-8|$ is the sum of distances from $2$ and $8$.\",\"conditional: For every $x$ between $2$ and $8$, the sum of distances is exactly $6$.\",\"direct: Hence there are infinitely many real solutions.\"],\"dependencyComplexity\":4,\"operationChain\":[\"compare\",\"filter\",\"infer\",\"compare\"],\"usesPercentage\":false,\"usesRatio\":false,\"usesComparison\":false,\"visualComplexity\":0,\"inferenceComplexity\":4},\"generationMetrics\":{\"generationDurationMs\":1,\"validationRetries\":0,\"uniquenessFailures\":0,\"branchingFactor\":0,\"clueDensity\":0,\"inferenceDepth\":4,\"redundancyScore\":0}}]}",
        "{\"cachedQuestionCount\":1,\"selectedMotifs\":[\"eqn-mod-interval-count\"],\"hasSolverTraces\":false,\"hasSvgSnapshots\":false,\"hasExplanationFlow\":false}",
        "2026-05-09T06:32:05.731Z"
      ],
      "cause": {
        "name": "PostgresError",
        "severity_local": "ERROR",
        "severity": "ERROR",
        "code": "42P01",
        "position": "13",
        "file": "parse_relation.c",
        "line": "1449",
        "routine": "parserOpenTable"
      }
    }
[12:02:06.539] [32mINFO[39m (33908): [36mrequest completed[39m
    [35mreq[39m: {
      "id": 6,
      "method": "POST",
      "url": "/api/generator/pattern"
    }
    [35mres[39m: {
      "statusCode": 200
    }
    [35mresponseTime[39m: 1449
[12:02:07.192] [33mWARN[39m (33908): [36mGeneration cache lookup failed; falling back to live generation[39m
    [35mpatternId[39m: "registry-equations-word-problems-medium"
    error: {
      "query": "select \"key\", \"pattern_id\", \"generation_domain\", \"generator_version\", \"motif_version\", \"topology_version\", \"request_fingerprint\", \"payload\", \"artifact_metadata\", \"created_at\", \"last_accessed_at\", \"hit_count\" from \"reasoning_scenario_cache\" where \"reasoning_scenario_cache\".\"key\" = $1 limit $2",
      "params": [
        "31023203899fb2da613d576ddd14c695e0add4dc8f324d26c65089f1571dcb5d",
        1
      ],
      "cause": {
        "name": "PostgresError",
        "severity_local": "ERROR",
        "severity": "ERROR",
        "code": "42P01",
        "position": "214",
        "file": "parse_relation.c",
        "line": "1449",
        "routine": "parserOpenTable"
      }
    }
[12:02:07.194] [32mINFO[39m (33908): [36mrequest errored[39m
    [35mreq[39m: {
      "id": 7,
      "method": "POST",
      "url": "/api/generator/pattern"
    }
    [35mres[39m: {
      "statusCode": 500
    }
    [35mresponseTime[39m: 647
    err: {
      "type": "Error",
      "message": "failed with status code 500",
      "stack":
          Error: failed with status code 500
              at onResFinished (C:\Users\gurbaj\Downloads\f\node_modules\.pnpm\pino-http@10.5.0\node_modules\pino-http\logger.js:115:39)
              at ServerResponse.onResponseComplete (C:\Users\gurbaj\Downloads\f\node_modules\.pnpm\pino-http@10.5.0\node_modules\pino-http\logger.js:178:14)
              at ServerResponse.emit (node:events:520:35)
              at onFinish (node:_http_outgoing:1026:10)
              at callback (node:internal/streams/writable:764:21)
              at afterWrite (node:internal/streams/writable:708:5)
              at afterWriteTick (node:internal/streams/writable:694:10)
              at process.processTicksAndRejections (node:internal/process/task_queues:89:21)
    }
[12:03:13.508] [32mINFO[39m (33908): [36mrequest completed[39m
    [35mreq[39m: {
      "id": 8,
      "method": "GET",
      "url": "/health"
    }
    [35mres[39m: {
      "statusCode": 200
    }
    [35mresponseTime[39m: 1
[12:03:14.335] [33mWARN[39m (33908): [36mGeneration cache lookup failed; falling back to live generation[39m
    [35mpatternId[39m: "registry-equations-medium"
    error: {
      "query": "select \"key\", \"pattern_id\", \"generation_domain\", \"generator_version\", \"motif_version\", \"topology_version\", \"request_fingerprint\", \"payload\", \"artifact_metadata\", \"created_at\", \"last_accessed_at\", \"hit_count\" from \"reasoning_scenario_cache\" where \"reasoning_scenario_cache\".\"key\" = $1 limit $2",
      "params": [
        "a4bcc6c62c48210de2557d743dfcef469973a9283714ff2a0d1e5472d419714e",
        1
      ],
      "cause": {
        "name": "PostgresError",
        "severity_local": "ERROR",
        "severity": "ERROR",
        "code": "42P01",
        "position": "214",
        "file": "parse_relation.c",
        "line": "1449",
        "routine": "parserOpenTable"
      }
    }
[12:03:14.337] [32mINFO[39m (33908): [36mrequest errored[39m
    [35mreq[39m: {
      "id": 9,
      "method": "POST",
      "url": "/api/generator/pattern"
    }
    [35mres[39m: {
      "statusCode": 500
    }
    [35mresponseTime[39m: 713
    err: {
      "type": "Error",
      "message": "failed with status code 500",
      "stack":
          Error: failed with status code 500
              at onResFinished (C:\Users\gurbaj\Downloads\f\node_modules\.pnpm\pino-http@10.5.0\node_modules\pino-http\logger.js:115:39)
              at ServerResponse.onResponseComplete (C:\Users\gurbaj\Downloads\f\node_modules\.pnpm\pino-http@10.5.0\node_modules\pino-http\logger.js:178:14)
              at ServerResponse.emit (node:events:520:35)
              at onFinish (node:_http_outgoing:1026:10)
              at callback (node:internal/streams/writable:764:21)
              at afterWrite (node:internal/streams/writable:708:5)
              at afterWriteTick (node:internal/streams/writable:694:10)
              at process.processTicksAndRejections (node:internal/process/task_queues:89:21)
    }
[12:03:15.102] [33mWARN[39m (33908): [36mGeneration cache lookup failed; falling back to live generation[39m
    [35mpatternId[39m: "registry-equations-linear-medium"
    error: {
      "query": "select \"key\", \"pattern_id\", \"generation_domain\", \"generator_version\", \"motif_version\", \"topology_version\", \"request_fingerprint\", \"payload\", \"artifact_metadata\", \"created_at\", \"last_accessed_at\", \"hit_count\" from \"reasoning_scenario_cache\" where \"reasoning_scenario_cache\".\"key\" = $1 limit $2",
      "params": [
        "fb43a7d62d11d9f18943b33f4458716876f3d7a16d511b662573ae3b7e058f92",
        1
      ],
      "cause": {
        "name": "PostgresError",
        "severity_local": "ERROR",
        "severity": "ERROR",
        "code": "42P01",
        "position": "214",
        "file": "parse_relation.c",
        "line": "1449",
        "routine": "parserOpenTable"
      }
    }
[12:03:15.104] [32mINFO[39m (33908): [36mrequest errored[39m
    [35mreq[39m: {
      "id": 10,
      "method": "POST",
      "url": "/api/generator/pattern"
    }
    [35mres[39m: {
      "statusCode": 500
    }
    [35mresponseTime[39m: 738
    err: {
      "type": "Error",
      "message": "failed with status code 500",
      "stack":
          Error: failed with status code 500
              at onResFinished (C:\Users\gurbaj\Downloads\f\node_modules\.pnpm\pino-http@10.5.0\node_modules\pino-http\logger.js:115:39)
              at ServerResponse.onResponseComplete (C:\Users\gurbaj\Downloads\f\node_modules\.pnpm\pino-http@10.5.0\node_modules\pino-http\logger.js:178:14)
              at ServerResponse.emit (node:events:520:35)
              at onFinish (node:_http_outgoing:1026:10)
              at callback (node:internal/streams/writable:764:21)
              at afterWrite (node:internal/streams/writable:708:5)
              at afterWriteTick (node:internal/streams/writable:694:10)
              at process.processTicksAndRejections (node:internal/process/task_queues:89:21)
    }
Generation metrics {
  patternId: 'registry-equations-quadratic-medium',
  topic: 'Equations: Quadratics',
  subtopic: 'equations',
  generationId: 'gen_ce592e8f',
  generationDomain: 'quant',
  selectedMotif: 'eqn-lin-single',
  difficultyLabel: 'Medium',
  metrics: {
    generationDurationMs: 0,
    validationRetries: 0,
    uniquenessFailures: 0,
    branchingFactor: 0,
    branchingComplexity: undefined,
    clueDensity: 0,
    inferenceDepth: 3,
    redundancyScore: 0,
    deductionDependencyScore: undefined,
    redundancyRatio: undefined,
    anchorDensity: undefined,
    directClueRatio: undefined
  }
}
[12:03:15.980] [33mWARN[39m (33908): [36mGeneration cache lookup failed; falling back to live generation[39m
    [35mpatternId[39m: "registry-equations-quadratic-medium"
    error: {
      "query": "select \"key\", \"pattern_id\", \"generation_domain\", \"generator_version\", \"motif_version\", \"topology_version\", \"request_fingerprint\", \"payload\", \"artifact_metadata\", \"created_at\", \"last_accessed_at\", \"hit_count\" from \"reasoning_scenario_cache\" where \"reasoning_scenario_cache\".\"key\" = $1 limit $2",
      "params": [
        "9e1384d2a5af85c3eff2a9b397bfa7e74834c5f3f802f6a05e3f7af3910dbaf5",
        1
      ],
      "cause": {
        "name": "PostgresError",
        "severity_local": "ERROR",
        "severity": "ERROR",
        "code": "42P01",
        "position": "214",
        "file": "parse_relation.c",
        "line": "1449",
        "routine": "parserOpenTable"
      }
    }
[12:03:16.722] [33mWARN[39m (33908): [36mGeneration cache store failed; continuing without cache persistence[39m
    [35mpatternId[39m: "registry-equations-quadratic-medium"
    error: {
      "query": "insert into \"reasoning_scenario_cache\" (\"key\", \"pattern_id\", \"generation_domain\", \"generator_version\", \"motif_version\", \"topology_version\", \"request_fingerprint\", \"payload\", \"artifact_metadata\", \"created_at\", \"last_accessed_at\", \"hit_count\") values ($1, $2, $3, $4, $5, $6, $7, $8, $9, default, default, default) on conflict (\"key\") do update set \"generator_version\" = $10, \"motif_version\" = $11, \"topology_version\" = $12, \"payload\" = $13, \"artifact_metadata\" = $14, \"last_accessed_at\" = $15",
      "params": [
        "9e1384d2a5af85c3eff2a9b397bfa7e74834c5f3f802f6a05e3f7af3910dbaf5",
        "registry-equations-quadratic-medium",
        "quant",
        "reasoning-generator-v1",
        "motif-registry-v1:7a7c8e27e4121678c8750ca06c392819bca091ec6172e07bff2f612486d95658",
        "topology-contract-v1:409c496459b1fc1a7b1e335f0b47e27c83be21a95c5dd9d7ddf09476ffefd733",
        "8531c979af611f273f36cc9bfd8122950917d4d75ff14a44a828b2e5ba00c6ce",
        "{\"generationContext\":{\"seed\":\"auto-seed:c941a97a-220b-4465-89cd-dc47987ea294\",\"generationId\":\"gen_ce592e8f\",\"timestamp\":1778308395146},\"questions\":[{\"text\":\"Solve the equation $5x-7=2x+11$.\",\"options\":[\"$x=6$\",\"$x=-6$\",\"$x=3$\",\"$x=18$\"],\"correct\":0,\"explanation\":\"Move variable terms to one side: $5x-2x=11+7$.\\n$3x=18$, so $x=6$.\\nFinal answer = $x=6$.\",\"section\":\"Quant\",\"topic\":\"Equations: Quadratics\",\"subtopic\":\"equations\",\"optionMetadata\":[{\"value\":\"$x=6$\",\"isCorrect\":true,\"distractorType\":\"correct\",\"likelyMistake\":\"Correct equation path\",\"reasoningTrap\":\"None\"},{\"value\":\"$x=-6$\",\"isCorrect\":false,\"distractorType\":\"wrongIntermediateValue\",\"likelyMistake\":\"Sign_Flip_Vieta\",\"reasoningTrap\":\"Sign_Flip_Vieta\"},{\"value\":\"$x=3$\",\"isCorrect\":false,\"distractorType\":\"wrongIntermediateValue\",\"likelyMistake\":\"Substitution_Direction_Flip\",\"reasoningTrap\":\"Substitution_Direction_Flip\"},{\"value\":\"$x=18$\",\"isCorrect\":false,\"distractorType\":\"wrongIntermediateValue\",\"likelyMistake\":\"Integer_Constraint_Violation\",\"reasoningTrap\":\"Integer_Constraint_Violation\"}],\"examRealismMetadata\":{\"examProfile\":\"custom\",\"wordingStyle\":\"balanced\",\"archetypeId\":\"medium-comparison-chain\",\"archetypeCategory\":\"comparison-chain\",\"reasoningTraps\":[\"Sign_Flip_Vieta\",\"Substitution_Direction_Flip\",\"Integer_Constraint_Violation\"],\"weightingSummary\":[\"Archetype weight 1.00\",\"Trap bias 1.00\",\"Inference bias 1.00\",\"Distractor mix wrongIntermediateValue, wrongIntermediateValue, wrongIntermediateValue\"]},\"debugMetadata\":{\"selectedPattern\":\"registry-equations-quadratic-medium\",\"seed\":\"auto-seed:c941a97a-220b-4465-89cd-dc47987ea294\",\"generationId\":\"gen_ce592e8f\",\"generationDomain\":\"quant\",\"selectedMotif\":\"eqn-lin-single\",\"selectedArchetype\":\"medium-comparison-chain\",\"structuralSignatureKey\":\"eqn-lin-single::linear-balance::5|2|18\",\"scenarioLogicBranch\":\"linear-balance\",\"compatibilityWarnings\":[],\"generationMetrics\":{\"generationDurationMs\":0,\"validationRetries\":0,\"uniquenessFailures\":0,\"branchingFactor\":0,\"clueDensity\":0,\"inferenceDepth\":3,\"redundancyScore\":0},\"proceduralScenario\":{\"id\":\"quant:gen_ce592e8f:registry-equations-quadratic-medium\",\"domain\":\"quant\",\"subtype\":\"equations\",\"metadata\":{\"patternId\":\"registry-equations-quadratic-medium\",\"topic\":\"Equations: Quadratics\",\"subtopic\":\"equations\",\"generationDomain\":\"quant\",\"seed\":\"auto-seed:c941a97a-220b-4465-89cd-dc47987ea294\"},\"entities\":[],\"constraints\":[{\"id\":\"quant-formula\",\"type\":\"formula\",\"operator\":\"EQUALS\",\"expression\":\"0\",\"metadata\":{\"variables\":[]}}],\"content\":{\"stem\":\"Solve the equation $5x-7=2x+11$.\",\"prompt\":\"Solve the equation $5x-7=2x+11$.\",\"options\":[\"$x=6$\",\"$x=-6$\",\"$x=3$\",\"$x=18$\"],\"explanation\":\"Move variable terms to one side: $5x-2x=11+7$.\\n$3x=18$, so $x=6$.\\nFinal answer = $x=6$.\",\"artifacts\":{}},\"difficulty\":{\"label\":\"Medium\",\"score\":4.3,\"inferenceDepth\":3,\"metrics\":{\"reasoningDepth\":3,\"dependencyComplexity\":3,\"estimatedSolveTime\":97,\"distractorCount\":3,\"calculationComplexity\":3,\"cognitiveLoadBase\":2.7,\"ambiguityScoreBase\":0}},\"validation\":{\"passed\":false,\"warnings\":[\"Scenario has no normalized entities.\"],\"metrics\":{\"clueCount\":0,\"inferenceDepth\":0,\"uniquenessVerified\":0,\"entityCount\":0,\"constraintCount\":1,\"hasPrompt\":1,\"warningCount\":0,\"difficultyScore\":4.3,\"reasoningDepth\":3,\"redundancyScore\":0,\"redundancyRatio\":0,\"hasFormula\":1}}},\"validationReportDetail\":{\"passed\":false,\"stageResults\":[{\"stage\":\"structural validity\",\"passed\":false,\"diagnostics\":[\"Scenario has no normalized entities.\"],\"metrics\":{\"entityCount\":0,\"constraintCount\":1,\"hasPrompt\":1}},{\"stage\":\"solvability\",\"passed\":true,\"diagnostics\":[],\"metrics\":{\"warningCount\":0}},{\"stage\":\"uniqueness\",\"passed\":true,\"diagnostics\":[],\"metrics\":{\"uniquenessVerified\":0}},{\"stage\":\"difficulty calibration\",\"passed\":true,\"diagnostics\":[],\"metrics\":{\"difficultyScore\":4.3,\"reasoningDepth\":3}},{\"stage\":\"redundancy analysis\",\"passed\":true,\"diagnostics\":[],\"metrics\":{\"redundancyScore\":0,\"redundancyRatio\":0}},{\"stage\":\"equation solvability\",\"passed\":true,\"diagnostics\":[],\"metrics\":{\"hasFormula\":1}}],\"warnings\":[\"Scenario has no normalized entities.\"],\"metrics\":{\"clueCount\":0,\"inferenceDepth\":0,\"uniquenessVerified\":0,\"entityCount\":0,\"constraintCount\":1,\"hasPrompt\":1,\"warningCount\":0,\"difficultyScore\":4.3,\"reasoningDepth\":3,\"redundancyScore\":0,\"redundancyRatio\":0,\"hasFormula\":1}},\"difficultyAssessment\":{\"difficultyLabel\":\"Medium\",\"difficultyScore\":4.3,\"cognitiveLoad\":2.65,\"inferenceDepth\":3,\"calculationComplexity\":3,\"distractorComplexity\":3,\"ambiguityScore\":1.05,\"solvingTimeEstimate\":97,\"domainContributions\":{\"operationCount\":3,\"visualComplexity\":0,\"inferenceComplexity\":3},\"metrics\":{\"reasoningDepth\":3,\"dependencyComplexity\":3,\"estimatedSolveTime\":97,\"distractorCount\":3,\"calculationComplexity\":3,\"cognitiveLoadBase\":2.7,\"ambiguityScoreBase\":0}},\"qualityAssessment\":{\"approved\":false,\"rejectionReasons\":[\"failed-validation\",\"low-realism-score\",\"weak-distractors\"],\"qualityMetrics\":{\"realismScore\":0,\"validationPassed\":0,\"structuralDiversityScore\":1,\"repeatedStructureWarnings\":0,\"directClueRatio\":0,\"difficultyConfidence\":10,\"distractorComplexity\":3,\"distractorTypeCount\":0,\"genericDistractorRatio\":1,\"hasStructuralSignature\":1}},\"extractedPatternIntelligence\":{\"domain\":\"quant\",\"structure\":{\"domain\":\"quant\",\"subtype\":\"equations\",\"entityCount\":0,\"constraintCount\":1,\"structureTokens\":[\"variables:\",\"constraint:formula\"],\"topology\":\"formula-network\",\"metadata\":{\"formula\":\"0\"}},\"difficulty\":{\"cognitiveLoad\":2.7,\"inferenceDepth\":3,\"calculationComplexity\":3,\"distractorComplexity\":3,\"ambiguityScore\":0,\"solvingTimeEstimate\":97,\"difficultyBand\":\"Medium\"},\"distractors\":[{\"type\":\"wrongIntermediateValue\",\"label\":\"wrongIntermediateValue\",\"trapType\":\"wrongIntermediateValue\",\"frequency\":3}],\"motifs\":[{\"motifId\":\"eqn-lin-single\",\"domain\":\"quant\",\"archetype\":\"general\",\"confidence\":0.95,\"metadata\":{\"generated\":\"selectedMotif\"}}]},\"structuralSignature\":{\"domain\":\"quant\",\"topologyHash\":\"sig_604ec201\",\"inferenceHash\":\"sig_2f396e69\",\"motifHash\":\"sig_122e7aa5\",\"distractorHash\":\"sig_4306d95f\"},\"corpusAlignment\":{\"score\":8.43,\"deviations\":[{\"metric\":\"topology-frequency\",\"actual\":\"formula-network\",\"expected\":\"higher-frequency corpus topology\",\"message\":\"Topology is less common than the target corpus profile.\"},{\"metric\":\"distractor-pattern\",\"actual\":\"wrongIntermediateValue\",\"expected\":\"higher-frequency corpus distractor families\",\"message\":\"Distractor distribution is weaker or less corpus-like than expected.\"}],\"matchedPatterns\":[\"Clue density aligns with extracted PYQ corpus ranges.\",\"Inference depth tracks the target corpus difficulty curve.\",\"Wording complexity resembles the PYQ corpus style.\",\"Formula/calculation complexity aligns with corpus behavior.\"]},\"originalityScore\":{\"score\":7.73,\"penalties\":[\"Distractor ordering looks mechanically repeated.\",\"Wording normalization indicates a repeated surface template pattern.\"],\"diagnostics\":[\"PYQ-derived intelligence is treated as calibration guidance only, not as a template source.\",\"Clue topology penalty 0, formula repetition penalty 0, distractor ordering penalty 0.667.\",\"Corpus alignment pressure 0.128 while preserving topic weighting and realism guidance only.\"]},\"difficultyConfidence\":{\"predictedDifficulty\":\"Medium\",\"confidence\":9.53,\"explanation\":\"Intended difficulty Medium (4.3), predicted Medium (3.5). Signals used: solving complexity 2.6, elimination depth 0, branching 0, distractor quality 3. Human-solver simulation combined inference depth 3 with solver trace support 0 and branching factor 0.\"}},\"reasoningSteps\":[\"balance linear terms: Start from the direct relation highlighted in the motif.\",\"direct: Move variable terms to one side: $5x-2x=11+7$.\",\"direct: $3x=18$, so $x=6$.\"],\"dependencyComplexity\":3,\"operationChain\":[\"compare\",\"transform\",\"compare\"],\"difficulty\":\"Medium\",\"difficultyScore\":4.3,\"difficultyLabel\":\"Medium\",\"difficultyMetadata\":{\"difficultyScore\":4.3,\"difficultyLabel\":\"Medium\",\"estimatedSolveTime\":97,\"operationCount\":3,\"reasoningDepth\":3,\"reasoningSteps\":[\"balance linear terms: Start from the direct relation highlighted in the motif.\",\"direct: Move variable terms to one side: $5x-2x=11+7$.\",\"direct: $3x=18$, so $x=6$.\"],\"dependencyComplexity\":3,\"operationChain\":[\"compare\",\"transform\",\"compare\"],\"usesPercentage\":false,\"usesRatio\":false,\"usesComparison\":false,\"visualComplexity\":0,\"inferenceComplexity\":3},\"generationMetrics\":{\"generationDurationMs\":0,\"validationRetries\":0,\"uniquenessFailures\":0,\"branchingFactor\":0,\"clueDensity\":0,\"inferenceDepth\":3,\"redundancyScore\":0}}]}",
        "{\"cachedQuestionCount\":1,\"selectedMotifs\":[\"eqn-lin-single\"],\"hasSolverTraces\":false,\"hasSvgSnapshots\":false,\"hasExplanationFlow\":false}",
        "reasoning-generator-v1",
        "motif-registry-v1:7a7c8e27e4121678c8750ca06c392819bca091ec6172e07bff2f612486d95658",
        "topology-contract-v1:409c496459b1fc1a7b1e335f0b47e27c83be21a95c5dd9d7ddf09476ffefd733",
        "{\"generationContext\":{\"seed\":\"auto-seed:c941a97a-220b-4465-89cd-dc47987ea294\",\"generationId\":\"gen_ce592e8f\",\"timestamp\":1778308395146},\"questions\":[{\"text\":\"Solve the equation $5x-7=2x+11$.\",\"options\":[\"$x=6$\",\"$x=-6$\",\"$x=3$\",\"$x=18$\"],\"correct\":0,\"explanation\":\"Move variable terms to one side: $5x-2x=11+7$.\\n$3x=18$, so $x=6$.\\nFinal answer = $x=6$.\",\"section\":\"Quant\",\"topic\":\"Equations: Quadratics\",\"subtopic\":\"equations\",\"optionMetadata\":[{\"value\":\"$x=6$\",\"isCorrect\":true,\"distractorType\":\"correct\",\"likelyMistake\":\"Correct equation path\",\"reasoningTrap\":\"None\"},{\"value\":\"$x=-6$\",\"isCorrect\":false,\"distractorType\":\"wrongIntermediateValue\",\"likelyMistake\":\"Sign_Flip_Vieta\",\"reasoningTrap\":\"Sign_Flip_Vieta\"},{\"value\":\"$x=3$\",\"isCorrect\":false,\"distractorType\":\"wrongIntermediateValue\",\"likelyMistake\":\"Substitution_Direction_Flip\",\"reasoningTrap\":\"Substitution_Direction_Flip\"},{\"value\":\"$x=18$\",\"isCorrect\":false,\"distractorType\":\"wrongIntermediateValue\",\"likelyMistake\":\"Integer_Constraint_Violation\",\"reasoningTrap\":\"Integer_Constraint_Violation\"}],\"examRealismMetadata\":{\"examProfile\":\"custom\",\"wordingStyle\":\"balanced\",\"archetypeId\":\"medium-comparison-chain\",\"archetypeCategory\":\"comparison-chain\",\"reasoningTraps\":[\"Sign_Flip_Vieta\",\"Substitution_Direction_Flip\",\"Integer_Constraint_Violation\"],\"weightingSummary\":[\"Archetype weight 1.00\",\"Trap bias 1.00\",\"Inference bias 1.00\",\"Distractor mix wrongIntermediateValue, wrongIntermediateValue, wrongIntermediateValue\"]},\"debugMetadata\":{\"selectedPattern\":\"registry-equations-quadratic-medium\",\"seed\":\"auto-seed:c941a97a-220b-4465-89cd-dc47987ea294\",\"generationId\":\"gen_ce592e8f\",\"generationDomain\":\"quant\",\"selectedMotif\":\"eqn-lin-single\",\"selectedArchetype\":\"medium-comparison-chain\",\"structuralSignatureKey\":\"eqn-lin-single::linear-balance::5|2|18\",\"scenarioLogicBranch\":\"linear-balance\",\"compatibilityWarnings\":[],\"generationMetrics\":{\"generationDurationMs\":0,\"validationRetries\":0,\"uniquenessFailures\":0,\"branchingFactor\":0,\"clueDensity\":0,\"inferenceDepth\":3,\"redundancyScore\":0},\"proceduralScenario\":{\"id\":\"quant:gen_ce592e8f:registry-equations-quadratic-medium\",\"domain\":\"quant\",\"subtype\":\"equations\",\"metadata\":{\"patternId\":\"registry-equations-quadratic-medium\",\"topic\":\"Equations: Quadratics\",\"subtopic\":\"equations\",\"generationDomain\":\"quant\",\"seed\":\"auto-seed:c941a97a-220b-4465-89cd-dc47987ea294\"},\"entities\":[],\"constraints\":[{\"id\":\"quant-formula\",\"type\":\"formula\",\"operator\":\"EQUALS\",\"expression\":\"0\",\"metadata\":{\"variables\":[]}}],\"content\":{\"stem\":\"Solve the equation $5x-7=2x+11$.\",\"prompt\":\"Solve the equation $5x-7=2x+11$.\",\"options\":[\"$x=6$\",\"$x=-6$\",\"$x=3$\",\"$x=18$\"],\"explanation\":\"Move variable terms to one side: $5x-2x=11+7$.\\n$3x=18$, so $x=6$.\\nFinal answer = $x=6$.\",\"artifacts\":{}},\"difficulty\":{\"label\":\"Medium\",\"score\":4.3,\"inferenceDepth\":3,\"metrics\":{\"reasoningDepth\":3,\"dependencyComplexity\":3,\"estimatedSolveTime\":97,\"distractorCount\":3,\"calculationComplexity\":3,\"cognitiveLoadBase\":2.7,\"ambiguityScoreBase\":0}},\"validation\":{\"passed\":false,\"warnings\":[\"Scenario has no normalized entities.\"],\"metrics\":{\"clueCount\":0,\"inferenceDepth\":0,\"uniquenessVerified\":0,\"entityCount\":0,\"constraintCount\":1,\"hasPrompt\":1,\"warningCount\":0,\"difficultyScore\":4.3,\"reasoningDepth\":3,\"redundancyScore\":0,\"redundancyRatio\":0,\"hasFormula\":1}}},\"validationReportDetail\":{\"passed\":false,\"stageResults\":[{\"stage\":\"structural validity\",\"passed\":false,\"diagnostics\":[\"Scenario has no normalized entities.\"],\"metrics\":{\"entityCount\":0,\"constraintCount\":1,\"hasPrompt\":1}},{\"stage\":\"solvability\",\"passed\":true,\"diagnostics\":[],\"metrics\":{\"warningCount\":0}},{\"stage\":\"uniqueness\",\"passed\":true,\"diagnostics\":[],\"metrics\":{\"uniquenessVerified\":0}},{\"stage\":\"difficulty calibration\",\"passed\":true,\"diagnostics\":[],\"metrics\":{\"difficultyScore\":4.3,\"reasoningDepth\":3}},{\"stage\":\"redundancy analysis\",\"passed\":true,\"diagnostics\":[],\"metrics\":{\"redundancyScore\":0,\"redundancyRatio\":0}},{\"stage\":\"equation solvability\",\"passed\":true,\"diagnostics\":[],\"metrics\":{\"hasFormula\":1}}],\"warnings\":[\"Scenario has no normalized entities.\"],\"metrics\":{\"clueCount\":0,\"inferenceDepth\":0,\"uniquenessVerified\":0,\"entityCount\":0,\"constraintCount\":1,\"hasPrompt\":1,\"warningCount\":0,\"difficultyScore\":4.3,\"reasoningDepth\":3,\"redundancyScore\":0,\"redundancyRatio\":0,\"hasFormula\":1}},\"difficultyAssessment\":{\"difficultyLabel\":\"Medium\",\"difficultyScore\":4.3,\"cognitiveLoad\":2.65,\"inferenceDepth\":3,\"calculationComplexity\":3,\"distractorComplexity\":3,\"ambiguityScore\":1.05,\"solvingTimeEstimate\":97,\"domainContributions\":{\"operationCount\":3,\"visualComplexity\":0,\"inferenceComplexity\":3},\"metrics\":{\"reasoningDepth\":3,\"dependencyComplexity\":3,\"estimatedSolveTime\":97,\"distractorCount\":3,\"calculationComplexity\":3,\"cognitiveLoadBase\":2.7,\"ambiguityScoreBase\":0}},\"qualityAssessment\":{\"approved\":false,\"rejectionReasons\":[\"failed-validation\",\"low-realism-score\",\"weak-distractors\"],\"qualityMetrics\":{\"realismScore\":0,\"validationPassed\":0,\"structuralDiversityScore\":1,\"repeatedStructureWarnings\":0,\"directClueRatio\":0,\"difficultyConfidence\":10,\"distractorComplexity\":3,\"distractorTypeCount\":0,\"genericDistractorRatio\":1,\"hasStructuralSignature\":1}},\"extractedPatternIntelligence\":{\"domain\":\"quant\",\"structure\":{\"domain\":\"quant\",\"subtype\":\"equations\",\"entityCount\":0,\"constraintCount\":1,\"structureTokens\":[\"variables:\",\"constraint:formula\"],\"topology\":\"formula-network\",\"metadata\":{\"formula\":\"0\"}},\"difficulty\":{\"cognitiveLoad\":2.7,\"inferenceDepth\":3,\"calculationComplexity\":3,\"distractorComplexity\":3,\"ambiguityScore\":0,\"solvingTimeEstimate\":97,\"difficultyBand\":\"Medium\"},\"distractors\":[{\"type\":\"wrongIntermediateValue\",\"label\":\"wrongIntermediateValue\",\"trapType\":\"wrongIntermediateValue\",\"frequency\":3}],\"motifs\":[{\"motifId\":\"eqn-lin-single\",\"domain\":\"quant\",\"archetype\":\"general\",\"confidence\":0.95,\"metadata\":{\"generated\":\"selectedMotif\"}}]},\"structuralSignature\":{\"domain\":\"quant\",\"topologyHash\":\"sig_604ec201\",\"inferenceHash\":\"sig_2f396e69\",\"motifHash\":\"sig_122e7aa5\",\"distractorHash\":\"sig_4306d95f\"},\"corpusAlignment\":{\"score\":8.43,\"deviations\":[{\"metric\":\"topology-frequency\",\"actual\":\"formula-network\",\"expected\":\"higher-frequency corpus topology\",\"message\":\"Topology is less common than the target corpus profile.\"},{\"metric\":\"distractor-pattern\",\"actual\":\"wrongIntermediateValue\",\"expected\":\"higher-frequency corpus distractor families\",\"message\":\"Distractor distribution is weaker or less corpus-like than expected.\"}],\"matchedPatterns\":[\"Clue density aligns with extracted PYQ corpus ranges.\",\"Inference depth tracks the target corpus difficulty curve.\",\"Wording complexity resembles the PYQ corpus style.\",\"Formula/calculation complexity aligns with corpus behavior.\"]},\"originalityScore\":{\"score\":7.73,\"penalties\":[\"Distractor ordering looks mechanically repeated.\",\"Wording normalization indicates a repeated surface template pattern.\"],\"diagnostics\":[\"PYQ-derived intelligence is treated as calibration guidance only, not as a template source.\",\"Clue topology penalty 0, formula repetition penalty 0, distractor ordering penalty 0.667.\",\"Corpus alignment pressure 0.128 while preserving topic weighting and realism guidance only.\"]},\"difficultyConfidence\":{\"predictedDifficulty\":\"Medium\",\"confidence\":9.53,\"explanation\":\"Intended difficulty Medium (4.3), predicted Medium (3.5). Signals used: solving complexity 2.6, elimination depth 0, branching 0, distractor quality 3. Human-solver simulation combined inference depth 3 with solver trace support 0 and branching factor 0.\"}},\"reasoningSteps\":[\"balance linear terms: Start from the direct relation highlighted in the motif.\",\"direct: Move variable terms to one side: $5x-2x=11+7$.\",\"direct: $3x=18$, so $x=6$.\"],\"dependencyComplexity\":3,\"operationChain\":[\"compare\",\"transform\",\"compare\"],\"difficulty\":\"Medium\",\"difficultyScore\":4.3,\"difficultyLabel\":\"Medium\",\"difficultyMetadata\":{\"difficultyScore\":4.3,\"difficultyLabel\":\"Medium\",\"estimatedSolveTime\":97,\"operationCount\":3,\"reasoningDepth\":3,\"reasoningSteps\":[\"balance linear terms: Start from the direct relation highlighted in the motif.\",\"direct: Move variable terms to one side: $5x-2x=11+7$.\",\"direct: $3x=18$, so $x=6$.\"],\"dependencyComplexity\":3,\"operationChain\":[\"compare\",\"transform\",\"compare\"],\"usesPercentage\":false,\"usesRatio\":false,\"usesComparison\":false,\"visualComplexity\":0,\"inferenceComplexity\":3},\"generationMetrics\":{\"generationDurationMs\":0,\"validationRetries\":0,\"uniquenessFailures\":0,\"branchingFactor\":0,\"clueDensity\":0,\"inferenceDepth\":3,\"redundancyScore\":0}}]}",
        "{\"cachedQuestionCount\":1,\"selectedMotifs\":[\"eqn-lin-single\"],\"hasSolverTraces\":false,\"hasSvgSnapshots\":false,\"hasExplanationFlow\":false}",
        "2026-05-09T06:33:15.981Z"
      ],
      "cause": {
        "name": "PostgresError",
        "severity_local": "ERROR",
        "severity": "ERROR",
        "code": "42P01",
        "position": "13",
        "file": "parse_relation.c",
        "line": "1449",
        "routine": "parserOpenTable"
      }
    }
[12:03:16.723] [32mINFO[39m (33908): [36mrequest completed[39m
    [35mreq[39m: {
      "id": 11,
      "method": "POST",
      "url": "/api/generator/pattern"
    }
    [35mres[39m: {
      "statusCode": 200
    }
    [35mresponseTime[39m: 1580
Generation metrics {
  patternId: 'registry-equations-word-problems-medium',
  topic: 'Equations: Word Problems',
  subtopic: 'equations',
  generationId: 'gen_4d89ae6f',
  generationDomain: 'quant',
  selectedMotif: 'eqn-lin-single',
  difficultyLabel: 'Medium',
  metrics: {
    generationDurationMs: 0,
    validationRetries: 0,
    uniquenessFailures: 0,
    branchingFactor: 0,
    branchingComplexity: undefined,
    clueDensity: 0,
    inferenceDepth: 3,
    redundancyScore: 0,
    deductionDependencyScore: undefined,
    redundancyRatio: undefined,
    anchorDensity: undefined,
    directClueRatio: undefined
  }
}
[12:03:17.498] [33mWARN[39m (33908): [36mGeneration cache lookup failed; falling back to live generation[39m
    [35mpatternId[39m: "registry-equations-word-problems-medium"
    error: {
      "query": "select \"key\", \"pattern_id\", \"generation_domain\", \"generator_version\", \"motif_version\", \"topology_version\", \"request_fingerprint\", \"payload\", \"artifact_metadata\", \"created_at\", \"last_accessed_at\", \"hit_count\" from \"reasoning_scenario_cache\" where \"reasoning_scenario_cache\".\"key\" = $1 limit $2",
      "params": [
        "1c87cbc9ec6ceed1278c7b8aecfe4dcba4c336f7173ba9b8b9af43c04afe9770",
        1
      ],
      "cause": {
        "name": "PostgresError",
        "severity_local": "ERROR",
        "severity": "ERROR",
        "code": "42P01",
        "position": "214",
        "file": "parse_relation.c",
        "line": "1449",
        "routine": "parserOpenTable"
      }
    }
[12:03:18.192] [33mWARN[39m (33908): [36mGeneration cache store failed; continuing without cache persistence[39m
    [35mpatternId[39m: "registry-equations-word-problems-medium"
    error: {
      "query": "insert into \"reasoning_scenario_cache\" (\"key\", \"pattern_id\", \"generation_domain\", \"generator_version\", \"motif_version\", \"topology_version\", \"request_fingerprint\", \"payload\", \"artifact_metadata\", \"created_at\", \"last_accessed_at\", \"hit_count\") values ($1, $2, $3, $4, $5, $6, $7, $8, $9, default, default, default) on conflict (\"key\") do update set \"generator_version\" = $10, \"motif_version\" = $11, \"topology_version\" = $12, \"payload\" = $13, \"artifact_metadata\" = $14, \"last_accessed_at\" = $15",
      "params": [
        "1c87cbc9ec6ceed1278c7b8aecfe4dcba4c336f7173ba9b8b9af43c04afe9770",
        "registry-equations-word-problems-medium",
        "quant",
        "reasoning-generator-v1",
        "motif-registry-v1:0c8f36bf69daac9c66df2ca38db96f13ceb5c1d19474e057f148f552d99d71eb",
        "topology-contract-v1:409c496459b1fc1a7b1e335f0b47e27c83be21a95c5dd9d7ddf09476ffefd733",
        "762a2d3a85bf31a881c76c482c27e6d1fd0fa16d15bc19731dc7761a206868d7",
        "{\"generationContext\":{\"seed\":\"auto-seed:f82d40e6-e4d0-495c-b611-a7d1a182162b\",\"generationId\":\"gen_4d89ae6f\",\"timestamp\":1778308396798},\"questions\":[{\"text\":\"Solve the equation $5x-7=2x+11$.\",\"options\":[\"$x=6$\",\"$x=-6$\",\"$x=3$\",\"$x=18$\"],\"correct\":0,\"explanation\":\"Move variable terms to one side: $5x-2x=11+7$.\\n$3x=18$, so $x=6$.\\nFinal answer = $x=6$.\",\"section\":\"Quant\",\"topic\":\"Equations: Word Problems\",\"subtopic\":\"equations\",\"optionMetadata\":[{\"value\":\"$x=6$\",\"isCorrect\":true,\"distractorType\":\"correct\",\"likelyMistake\":\"Correct equation path\",\"reasoningTrap\":\"None\"},{\"value\":\"$x=-6$\",\"isCorrect\":false,\"distractorType\":\"wrongIntermediateValue\",\"likelyMistake\":\"Sign_Flip_Vieta\",\"reasoningTrap\":\"Sign_Flip_Vieta\"},{\"value\":\"$x=3$\",\"isCorrect\":false,\"distractorType\":\"wrongIntermediateValue\",\"likelyMistake\":\"Substitution_Direction_Flip\",\"reasoningTrap\":\"Substitution_Direction_Flip\"},{\"value\":\"$x=18$\",\"isCorrect\":false,\"distractorType\":\"wrongIntermediateValue\",\"likelyMistake\":\"Integer_Constraint_Violation\",\"reasoningTrap\":\"Integer_Constraint_Violation\"}],\"examRealismMetadata\":{\"examProfile\":\"custom\",\"wordingStyle\":\"balanced\",\"archetypeId\":\"easy-one-step-arithmetic\",\"archetypeCategory\":\"one-step-arithmetic\",\"reasoningTraps\":[\"Sign_Flip_Vieta\",\"Substitution_Direction_Flip\",\"Integer_Constraint_Violation\"],\"weightingSummary\":[\"Archetype weight 1.00\",\"Trap bias 1.00\",\"Inference bias 1.00\",\"Distractor mix wrongIntermediateValue, wrongIntermediateValue, wrongIntermediateValue\"]},\"debugMetadata\":{\"selectedPattern\":\"registry-equations-word-problems-medium\",\"seed\":\"auto-seed:f82d40e6-e4d0-495c-b611-a7d1a182162b\",\"generationId\":\"gen_4d89ae6f\",\"generationDomain\":\"quant\",\"selectedMotif\":\"eqn-lin-single\",\"selectedArchetype\":\"easy-one-step-arithmetic\",\"structuralSignatureKey\":\"eqn-lin-single::linear-balance::5|2|18\",\"scenarioLogicBranch\":\"linear-balance\",\"compatibilityWarnings\":[],\"generationMetrics\":{\"generationDurationMs\":0,\"validationRetries\":0,\"uniquenessFailures\":0,\"branchingFactor\":0,\"clueDensity\":0,\"inferenceDepth\":3,\"redundancyScore\":0},\"proceduralScenario\":{\"id\":\"quant:gen_4d89ae6f:registry-equations-word-problems-medium\",\"domain\":\"quant\",\"subtype\":\"equations\",\"metadata\":{\"patternId\":\"registry-equations-word-problems-medium\",\"topic\":\"Equations: Word Problems\",\"subtopic\":\"equations\",\"generationDomain\":\"quant\",\"seed\":\"auto-seed:f82d40e6-e4d0-495c-b611-a7d1a182162b\"},\"entities\":[],\"constraints\":[{\"id\":\"quant-formula\",\"type\":\"formula\",\"operator\":\"EQUALS\",\"expression\":\"0\",\"metadata\":{\"variables\":[]}}],\"content\":{\"stem\":\"Solve the equation $5x-7=2x+11$.\",\"prompt\":\"Solve the equation $5x-7=2x+11$.\",\"options\":[\"$x=6$\",\"$x=-6$\",\"$x=3$\",\"$x=18$\"],\"explanation\":\"Move variable terms to one side: $5x-2x=11+7$.\\n$3x=18$, so $x=6$.\\nFinal answer = $x=6$.\",\"artifacts\":{}},\"difficulty\":{\"label\":\"Medium\",\"score\":4.3,\"inferenceDepth\":3,\"metrics\":{\"reasoningDepth\":3,\"dependencyComplexity\":3,\"estimatedSolveTime\":93,\"distractorCount\":3,\"calculationComplexity\":2,\"cognitiveLoadBase\":2.5,\"ambiguityScoreBase\":0}},\"validation\":{\"passed\":false,\"warnings\":[\"Scenario has no normalized entities.\"],\"metrics\":{\"clueCount\":0,\"inferenceDepth\":0,\"uniquenessVerified\":0,\"entityCount\":0,\"constraintCount\":1,\"hasPrompt\":1,\"warningCount\":0,\"difficultyScore\":4.3,\"reasoningDepth\":3,\"redundancyScore\":0,\"redundancyRatio\":0,\"hasFormula\":1}}},\"validationReportDetail\":{\"passed\":false,\"stageResults\":[{\"stage\":\"structural validity\",\"passed\":false,\"diagnostics\":[\"Scenario has no normalized entities.\"],\"metrics\":{\"entityCount\":0,\"constraintCount\":1,\"hasPrompt\":1}},{\"stage\":\"solvability\",\"passed\":true,\"diagnostics\":[],\"metrics\":{\"warningCount\":0}},{\"stage\":\"uniqueness\",\"passed\":true,\"diagnostics\":[],\"metrics\":{\"uniquenessVerified\":0}},{\"stage\":\"difficulty calibration\",\"passed\":true,\"diagnostics\":[],\"metrics\":{\"difficultyScore\":4.3,\"reasoningDepth\":3}},{\"stage\":\"redundancy analysis\",\"passed\":true,\"diagnostics\":[],\"metrics\":{\"redundancyScore\":0,\"redundancyRatio\":0}},{\"stage\":\"equation solvability\",\"passed\":true,\"diagnostics\":[],\"metrics\":{\"hasFormula\":1}}],\"warnings\":[\"Scenario has no normalized entities.\"],\"metrics\":{\"clueCount\":0,\"inferenceDepth\":0,\"uniquenessVerified\":0,\"entityCount\":0,\"constraintCount\":1,\"hasPrompt\":1,\"warningCount\":0,\"difficultyScore\":4.3,\"reasoningDepth\":3,\"redundancyScore\":0,\"redundancyRatio\":0,\"hasFormula\":1}},\"difficultyAssessment\":{\"difficultyLabel\":\"Medium\",\"difficultyScore\":4.3,\"cognitiveLoad\":2.23,\"inferenceDepth\":3,\"calculationComplexity\":2,\"distractorComplexity\":3,\"ambiguityScore\":1.05,\"solvingTimeEstimate\":93,\"domainContributions\":{\"operationCount\":2,\"visualComplexity\":0,\"inferenceComplexity\":3},\"metrics\":{\"reasoningDepth\":3,\"dependencyComplexity\":3,\"estimatedSolveTime\":93,\"distractorCount\":3,\"calculationComplexity\":2,\"cognitiveLoadBase\":2.5,\"ambiguityScoreBase\":0}},\"qualityAssessment\":{\"approved\":false,\"rejectionReasons\":[\"failed-validation\",\"low-realism-score\",\"weak-distractors\"],\"qualityMetrics\":{\"realismScore\":0,\"validationPassed\":0,\"structuralDiversityScore\":1,\"repeatedStructureWarnings\":0,\"directClueRatio\":0,\"difficultyConfidence\":10,\"distractorComplexity\":3,\"distractorTypeCount\":0,\"genericDistractorRatio\":1,\"hasStructuralSignature\":1}},\"extractedPatternIntelligence\":{\"domain\":\"quant\",\"structure\":{\"domain\":\"quant\",\"subtype\":\"equations\",\"entityCount\":0,\"constraintCount\":1,\"structureTokens\":[\"variables:\",\"constraint:formula\"],\"topology\":\"formula-network\",\"metadata\":{\"formula\":\"0\"}},\"difficulty\":{\"cognitiveLoad\":2.5,\"inferenceDepth\":3,\"calculationComplexity\":2,\"distractorComplexity\":3,\"ambiguityScore\":0,\"solvingTimeEstimate\":93,\"difficultyBand\":\"Medium\"},\"distractors\":[{\"type\":\"wrongIntermediateValue\",\"label\":\"wrongIntermediateValue\",\"trapType\":\"wrongIntermediateValue\",\"frequency\":3}],\"motifs\":[{\"motifId\":\"eqn-lin-single\",\"domain\":\"quant\",\"archetype\":\"general\",\"confidence\":0.95,\"metadata\":{\"generated\":\"selectedMotif\"}}]},\"structuralSignature\":{\"domain\":\"quant\",\"topologyHash\":\"sig_604ec201\",\"inferenceHash\":\"sig_e06badb\",\"motifHash\":\"sig_122e7aa5\",\"distractorHash\":\"sig_4306d95f\"},\"corpusAlignment\":{\"score\":8.43,\"deviations\":[{\"metric\":\"topology-frequency\",\"actual\":\"formula-network\",\"expected\":\"higher-frequency corpus topology\",\"message\":\"Topology is less common than the target corpus profile.\"},{\"metric\":\"distractor-pattern\",\"actual\":\"wrongIntermediateValue\",\"expected\":\"higher-frequency corpus distractor families\",\"message\":\"Distractor distribution is weaker or less corpus-like than expected.\"}],\"matchedPatterns\":[\"Clue density aligns with extracted PYQ corpus ranges.\",\"Inference depth tracks the target corpus difficulty curve.\",\"Wording complexity resembles the PYQ corpus style.\",\"Formula/calculation complexity aligns with corpus behavior.\"]},\"originalityScore\":{\"score\":7.73,\"penalties\":[\"Distractor ordering looks mechanically repeated.\",\"Wording normalization indicates a repeated surface template pattern.\"],\"diagnostics\":[\"PYQ-derived intelligence is treated as calibration guidance only, not as a template source.\",\"Clue topology penalty 0, formula repetition penalty 0, distractor ordering penalty 0.667.\",\"Corpus alignment pressure 0.128 while preserving topic weighting and realism guidance only.\"]},\"difficultyConfidence\":{\"predictedDifficulty\":\"Medium\",\"confidence\":9.09,\"explanation\":\"Intended difficulty Medium (4.3), predicted Medium (3.2). Signals used: solving complexity 2.2, elimination depth 0, branching 0, distractor quality 3. Human-solver simulation combined inference depth 3 with solver trace support 0 and branching factor 0.\"}},\"reasoningSteps\":[\"balance linear terms: Start from the direct relation highlighted in the motif.\",\"direct: Move variable terms to one side: $5x-2x=11+7$.\",\"direct: $3x=18$, so $x=6$.\"],\"dependencyComplexity\":3,\"operationChain\":[\"transform\",\"compare\"],\"difficulty\":\"Medium\",\"difficultyScore\":4.3,\"difficultyLabel\":\"Medium\",\"difficultyMetadata\":{\"difficultyScore\":4.3,\"difficultyLabel\":\"Medium\",\"estimatedSolveTime\":93,\"operationCount\":2,\"reasoningDepth\":3,\"reasoningSteps\":[\"balance linear terms: Start from the direct relation highlighted in the motif.\",\"direct: Move variable terms to one side: $5x-2x=11+7$.\",\"direct: $3x=18$, so $x=6$.\"],\"dependencyComplexity\":3,\"operationChain\":[\"transform\",\"compare\"],\"usesPercentage\":false,\"usesRatio\":false,\"usesComparison\":false,\"visualComplexity\":0,\"inferenceComplexity\":3},\"generationMetrics\":{\"generationDurationMs\":0,\"validationRetries\":0,\"uniquenessFailures\":0,\"branchingFactor\":0,\"clueDensity\":0,\"inferenceDepth\":3,\"redundancyScore\":0}}]}",
        "{\"cachedQuestionCount\":1,\"selectedMotifs\":[\"eqn-lin-single\"],\"hasSolverTraces\":false,\"hasSvgSnapshots\":false,\"hasExplanationFlow\":false}",
        "reasoning-generator-v1",
        "motif-registry-v1:0c8f36bf69daac9c66df2ca38db96f13ceb5c1d19474e057f148f552d99d71eb",
        "topology-contract-v1:409c496459b1fc1a7b1e335f0b47e27c83be21a95c5dd9d7ddf09476ffefd733",
        "{\"generationContext\":{\"seed\":\"auto-seed:f82d40e6-e4d0-495c-b611-a7d1a182162b\",\"generationId\":\"gen_4d89ae6f\",\"timestamp\":1778308396798},\"questions\":[{\"text\":\"Solve the equation $5x-7=2x+11$.\",\"options\":[\"$x=6$\",\"$x=-6$\",\"$x=3$\",\"$x=18$\"],\"correct\":0,\"explanation\":\"Move variable terms to one side: $5x-2x=11+7$.\\n$3x=18$, so $x=6$.\\nFinal answer = $x=6$.\",\"section\":\"Quant\",\"topic\":\"Equations: Word Problems\",\"subtopic\":\"equations\",\"optionMetadata\":[{\"value\":\"$x=6$\",\"isCorrect\":true,\"distractorType\":\"correct\",\"likelyMistake\":\"Correct equation path\",\"reasoningTrap\":\"None\"},{\"value\":\"$x=-6$\",\"isCorrect\":false,\"distractorType\":\"wrongIntermediateValue\",\"likelyMistake\":\"Sign_Flip_Vieta\",\"reasoningTrap\":\"Sign_Flip_Vieta\"},{\"value\":\"$x=3$\",\"isCorrect\":false,\"distractorType\":\"wrongIntermediateValue\",\"likelyMistake\":\"Substitution_Direction_Flip\",\"reasoningTrap\":\"Substitution_Direction_Flip\"},{\"value\":\"$x=18$\",\"isCorrect\":false,\"distractorType\":\"wrongIntermediateValue\",\"likelyMistake\":\"Integer_Constraint_Violation\",\"reasoningTrap\":\"Integer_Constraint_Violation\"}],\"examRealismMetadata\":{\"examProfile\":\"custom\",\"wordingStyle\":\"balanced\",\"archetypeId\":\"easy-one-step-arithmetic\",\"archetypeCategory\":\"one-step-arithmetic\",\"reasoningTraps\":[\"Sign_Flip_Vieta\",\"Substitution_Direction_Flip\",\"Integer_Constraint_Violation\"],\"weightingSummary\":[\"Archetype weight 1.00\",\"Trap bias 1.00\",\"Inference bias 1.00\",\"Distractor mix wrongIntermediateValue, wrongIntermediateValue, wrongIntermediateValue\"]},\"debugMetadata\":{\"selectedPattern\":\"registry-equations-word-problems-medium\",\"seed\":\"auto-seed:f82d40e6-e4d0-495c-b611-a7d1a182162b\",\"generationId\":\"gen_4d89ae6f\",\"generationDomain\":\"quant\",\"selectedMotif\":\"eqn-lin-single\",\"selectedArchetype\":\"easy-one-step-arithmetic\",\"structuralSignatureKey\":\"eqn-lin-single::linear-balance::5|2|18\",\"scenarioLogicBranch\":\"linear-balance\",\"compatibilityWarnings\":[],\"generationMetrics\":{\"generationDurationMs\":0,\"validationRetries\":0,\"uniquenessFailures\":0,\"branchingFactor\":0,\"clueDensity\":0,\"inferenceDepth\":3,\"redundancyScore\":0},\"proceduralScenario\":{\"id\":\"quant:gen_4d89ae6f:registry-equations-word-problems-medium\",\"domain\":\"quant\",\"subtype\":\"equations\",\"metadata\":{\"patternId\":\"registry-equations-word-problems-medium\",\"topic\":\"Equations: Word Problems\",\"subtopic\":\"equations\",\"generationDomain\":\"quant\",\"seed\":\"auto-seed:f82d40e6-e4d0-495c-b611-a7d1a182162b\"},\"entities\":[],\"constraints\":[{\"id\":\"quant-formula\",\"type\":\"formula\",\"operator\":\"EQUALS\",\"expression\":\"0\",\"metadata\":{\"variables\":[]}}],\"content\":{\"stem\":\"Solve the equation $5x-7=2x+11$.\",\"prompt\":\"Solve the equation $5x-7=2x+11$.\",\"options\":[\"$x=6$\",\"$x=-6$\",\"$x=3$\",\"$x=18$\"],\"explanation\":\"Move variable terms to one side: $5x-2x=11+7$.\\n$3x=18$, so $x=6$.\\nFinal answer = $x=6$.\",\"artifacts\":{}},\"difficulty\":{\"label\":\"Medium\",\"score\":4.3,\"inferenceDepth\":3,\"metrics\":{\"reasoningDepth\":3,\"dependencyComplexity\":3,\"estimatedSolveTime\":93,\"distractorCount\":3,\"calculationComplexity\":2,\"cognitiveLoadBase\":2.5,\"ambiguityScoreBase\":0}},\"validation\":{\"passed\":false,\"warnings\":[\"Scenario has no normalized entities.\"],\"metrics\":{\"clueCount\":0,\"inferenceDepth\":0,\"uniquenessVerified\":0,\"entityCount\":0,\"constraintCount\":1,\"hasPrompt\":1,\"warningCount\":0,\"difficultyScore\":4.3,\"reasoningDepth\":3,\"redundancyScore\":0,\"redundancyRatio\":0,\"hasFormula\":1}}},\"validationReportDetail\":{\"passed\":false,\"stageResults\":[{\"stage\":\"structural validity\",\"passed\":false,\"diagnostics\":[\"Scenario has no normalized entities.\"],\"metrics\":{\"entityCount\":0,\"constraintCount\":1,\"hasPrompt\":1}},{\"stage\":\"solvability\",\"passed\":true,\"diagnostics\":[],\"metrics\":{\"warningCount\":0}},{\"stage\":\"uniqueness\",\"passed\":true,\"diagnostics\":[],\"metrics\":{\"uniquenessVerified\":0}},{\"stage\":\"difficulty calibration\",\"passed\":true,\"diagnostics\":[],\"metrics\":{\"difficultyScore\":4.3,\"reasoningDepth\":3}},{\"stage\":\"redundancy analysis\",\"passed\":true,\"diagnostics\":[],\"metrics\":{\"redundancyScore\":0,\"redundancyRatio\":0}},{\"stage\":\"equation solvability\",\"passed\":true,\"diagnostics\":[],\"metrics\":{\"hasFormula\":1}}],\"warnings\":[\"Scenario has no normalized entities.\"],\"metrics\":{\"clueCount\":0,\"inferenceDepth\":0,\"uniquenessVerified\":0,\"entityCount\":0,\"constraintCount\":1,\"hasPrompt\":1,\"warningCount\":0,\"difficultyScore\":4.3,\"reasoningDepth\":3,\"redundancyScore\":0,\"redundancyRatio\":0,\"hasFormula\":1}},\"difficultyAssessment\":{\"difficultyLabel\":\"Medium\",\"difficultyScore\":4.3,\"cognitiveLoad\":2.23,\"inferenceDepth\":3,\"calculationComplexity\":2,\"distractorComplexity\":3,\"ambiguityScore\":1.05,\"solvingTimeEstimate\":93,\"domainContributions\":{\"operationCount\":2,\"visualComplexity\":0,\"inferenceComplexity\":3},\"metrics\":{\"reasoningDepth\":3,\"dependencyComplexity\":3,\"estimatedSolveTime\":93,\"distractorCount\":3,\"calculationComplexity\":2,\"cognitiveLoadBase\":2.5,\"ambiguityScoreBase\":0}},\"qualityAssessment\":{\"approved\":false,\"rejectionReasons\":[\"failed-validation\",\"low-realism-score\",\"weak-distractors\"],\"qualityMetrics\":{\"realismScore\":0,\"validationPassed\":0,\"structuralDiversityScore\":1,\"repeatedStructureWarnings\":0,\"directClueRatio\":0,\"difficultyConfidence\":10,\"distractorComplexity\":3,\"distractorTypeCount\":0,\"genericDistractorRatio\":1,\"hasStructuralSignature\":1}},\"extractedPatternIntelligence\":{\"domain\":\"quant\",\"structure\":{\"domain\":\"quant\",\"subtype\":\"equations\",\"entityCount\":0,\"constraintCount\":1,\"structureTokens\":[\"variables:\",\"constraint:formula\"],\"topology\":\"formula-network\",\"metadata\":{\"formula\":\"0\"}},\"difficulty\":{\"cognitiveLoad\":2.5,\"inferenceDepth\":3,\"calculationComplexity\":2,\"distractorComplexity\":3,\"ambiguityScore\":0,\"solvingTimeEstimate\":93,\"difficultyBand\":\"Medium\"},\"distractors\":[{\"type\":\"wrongIntermediateValue\",\"label\":\"wrongIntermediateValue\",\"trapType\":\"wrongIntermediateValue\",\"frequency\":3}],\"motifs\":[{\"motifId\":\"eqn-lin-single\",\"domain\":\"quant\",\"archetype\":\"general\",\"confidence\":0.95,\"metadata\":{\"generated\":\"selectedMotif\"}}]},\"structuralSignature\":{\"domain\":\"quant\",\"topologyHash\":\"sig_604ec201\",\"inferenceHash\":\"sig_e06badb\",\"motifHash\":\"sig_122e7aa5\",\"distractorHash\":\"sig_4306d95f\"},\"corpusAlignment\":{\"score\":8.43,\"deviations\":[{\"metric\":\"topology-frequency\",\"actual\":\"formula-network\",\"expected\":\"higher-frequency corpus topology\",\"message\":\"Topology is less common than the target corpus profile.\"},{\"metric\":\"distractor-pattern\",\"actual\":\"wrongIntermediateValue\",\"expected\":\"higher-frequency corpus distractor families\",\"message\":\"Distractor distribution is weaker or less corpus-like than expected.\"}],\"matchedPatterns\":[\"Clue density aligns with extracted PYQ corpus ranges.\",\"Inference depth tracks the target corpus difficulty curve.\",\"Wording complexity resembles the PYQ corpus style.\",\"Formula/calculation complexity aligns with corpus behavior.\"]},\"originalityScore\":{\"score\":7.73,\"penalties\":[\"Distractor ordering looks mechanically repeated.\",\"Wording normalization indicates a repeated surface template pattern.\"],\"diagnostics\":[\"PYQ-derived intelligence is treated as calibration guidance only, not as a template source.\",\"Clue topology penalty 0, formula repetition penalty 0, distractor ordering penalty 0.667.\",\"Corpus alignment pressure 0.128 while preserving topic weighting and realism guidance only.\"]},\"difficultyConfidence\":{\"predictedDifficulty\":\"Medium\",\"confidence\":9.09,\"explanation\":\"Intended difficulty Medium (4.3), predicted Medium (3.2). Signals used: solving complexity 2.2, elimination depth 0, branching 0, distractor quality 3. Human-solver simulation combined inference depth 3 with solver trace support 0 and branching factor 0.\"}},\"reasoningSteps\":[\"balance linear terms: Start from the direct relation highlighted in the motif.\",\"direct: Move variable terms to one side: $5x-2x=11+7$.\",\"direct: $3x=18$, so $x=6$.\"],\"dependencyComplexity\":3,\"operationChain\":[\"transform\",\"compare\"],\"difficulty\":\"Medium\",\"difficultyScore\":4.3,\"difficultyLabel\":\"Medium\",\"difficultyMetadata\":{\"difficultyScore\":4.3,\"difficultyLabel\":\"Medium\",\"estimatedSolveTime\":93,\"operationCount\":2,\"reasoningDepth\":3,\"reasoningSteps\":[\"balance linear terms: Start from the direct relation highlighted in the motif.\",\"direct: Move variable terms to one side: $5x-2x=11+7$.\",\"direct: $3x=18$, so $x=6$.\"],\"dependencyComplexity\":3,\"operationChain\":[\"transform\",\"compare\"],\"usesPercentage\":false,\"usesRatio\":false,\"usesComparison\":false,\"visualComplexity\":0,\"inferenceComplexity\":3},\"generationMetrics\":{\"generationDurationMs\":0,\"validationRetries\":0,\"uniquenessFailures\":0,\"branchingFactor\":0,\"clueDensity\":0,\"inferenceDepth\":3,\"redundancyScore\":0}}]}",
        "{\"cachedQuestionCount\":1,\"selectedMotifs\":[\"eqn-lin-single\"],\"hasSolverTraces\":false,\"hasSvgSnapshots\":false,\"hasExplanationFlow\":false}",
        "2026-05-09T06:33:17.499Z"
      ],
      "cause": {
        "name": "PostgresError",
        "severity_local": "ERROR",
        "severity": "ERROR",
        "code": "42P01",
        "position": "13",
        "file": "parse_relation.c",
        "line": "1449",
        "routine": "parserOpenTable"
      }
    }
[12:03:18.193] [32mINFO[39m (33908): [36mrequest completed[39m
    [35mreq[39m: {
      "id": 12,
      "method": "POST",
      "url": "/api/generator/pattern"
    }
    [35mres[39m: {
      "statusCode": 200
    }
    [35mresponseTime[39m: 1396
[12:04:51.033] [32mINFO[39m (33908): [36mrequest completed[39m
    [35mreq[39m: {
      "id": 13,
      "method": "GET",
      "url": "/health"
    }
    [35mres[39m: {
      "statusCode": 200
    }
    [35mresponseTime[39m: 1
Generation metrics {
  patternId: 'registry-equations-medium',
  topic: 'Equations',
  subtopic: 'equations',
  generationId: 'gen_7e48dabc',
  generationDomain: 'quant',
  selectedMotif: 'eqn-lin-single',
  difficultyLabel: 'Medium',
  metrics: {
    generationDurationMs: 1,
    validationRetries: 0,
    uniquenessFailures: 0,
    branchingFactor: 0,
    branchingComplexity: undefined,
    clueDensity: 0,
    inferenceDepth: 3,
    redundancyScore: 0,
    deductionDependencyScore: undefined,
    redundancyRatio: undefined,
    anchorDensity: undefined,
    directClueRatio: undefined
  }
}
[12:04:52.205] [33mWARN[39m (33908): [36mGeneration cache lookup failed; falling back to live generation[39m
    [35mpatternId[39m: "registry-equations-medium"
    error: {
      "query": "select \"key\", \"pattern_id\", \"generation_domain\", \"generator_version\", \"motif_version\", \"topology_version\", \"request_fingerprint\", \"payload\", \"artifact_metadata\", \"created_at\", \"last_accessed_at\", \"hit_count\" from \"reasoning_scenario_cache\" where \"reasoning_scenario_cache\".\"key\" = $1 limit $2",
      "params": [
        "1b7386d17fe030b8aa8af193dc69b5f43303f6a69d03fa9fc7b84c932e55023b",
        1
      ],
      "cause": {
        "name": "PostgresError",
        "severity_local": "ERROR",
        "severity": "ERROR",
        "code": "42P01",
        "position": "214",
        "file": "parse_relation.c",
        "line": "1449",
        "routine": "parserOpenTable"
      }
    }
[12:04:52.928] [33mWARN[39m (33908): [36mGeneration cache store failed; continuing without cache persistence[39m
    [35mpatternId[39m: "registry-equations-medium"
    error: {
      "query": "insert into \"reasoning_scenario_cache\" (\"key\", \"pattern_id\", \"generation_domain\", \"generator_version\", \"motif_version\", \"topology_version\", \"request_fingerprint\", \"payload\", \"artifact_metadata\", \"created_at\", \"last_accessed_at\", \"hit_count\") values ($1, $2, $3, $4, $5, $6, $7, $8, $9, default, default, default) on conflict (\"key\") do update set \"generator_version\" = $10, \"motif_version\" = $11, \"topology_version\" = $12, \"payload\" = $13, \"artifact_metadata\" = $14, \"last_accessed_at\" = $15",
      "params": [
        "1b7386d17fe030b8aa8af193dc69b5f43303f6a69d03fa9fc7b84c932e55023b",
        "registry-equations-medium",
        "quant",
        "reasoning-generator-v1",
        "motif-registry-v1:8ebc81d7f6c507c8c62870de5ee820ead68a5ec672a3d303c0e93cd75ea79fa8",
        "topology-contract-v1:409c496459b1fc1a7b1e335f0b47e27c83be21a95c5dd9d7ddf09476ffefd733",
        "012c74bb12720e9ece48a15e24b2cf9504671fd6f0096382a00ad5f7c9e00524",
        "{\"generationContext\":{\"seed\":\"auto-seed:9a100653-ec1b-4d22-8385-cb58944c5331\",\"generationId\":\"gen_7e48dabc\",\"timestamp\":1778308491328},\"questions\":[{\"text\":\"Solve the equation $5x-7=2x+11$.\",\"options\":[\"$x=6$\",\"$x=-6$\",\"$x=3$\",\"$x=18$\"],\"correct\":0,\"explanation\":\"Move variable terms to one side: $5x-2x=11+7$.\\n$3x=18$, so $x=6$.\\nFinal answer = $x=6$.\",\"section\":\"Quant\",\"topic\":\"Equations\",\"subtopic\":\"equations\",\"optionMetadata\":[{\"value\":\"$x=6$\",\"isCorrect\":true,\"distractorType\":\"correct\",\"likelyMistake\":\"Correct equation path\",\"reasoningTrap\":\"None\"},{\"value\":\"$x=-6$\",\"isCorrect\":false,\"distractorType\":\"wrongIntermediateValue\",\"likelyMistake\":\"Sign_Flip_Vieta\",\"reasoningTrap\":\"Sign_Flip_Vieta\"},{\"value\":\"$x=3$\",\"isCorrect\":false,\"distractorType\":\"wrongIntermediateValue\",\"likelyMistake\":\"Substitution_Direction_Flip\",\"reasoningTrap\":\"Substitution_Direction_Flip\"},{\"value\":\"$x=18$\",\"isCorrect\":false,\"distractorType\":\"wrongIntermediateValue\",\"likelyMistake\":\"Integer_Constraint_Violation\",\"reasoningTrap\":\"Integer_Constraint_Violation\"}],\"examRealismMetadata\":{\"examProfile\":\"custom\",\"wordingStyle\":\"balanced\",\"archetypeId\":\"medium-multi-step-arithmetic\",\"archetypeCategory\":\"multi-step-arithmetic\",\"reasoningTraps\":[\"Sign_Flip_Vieta\",\"Substitution_Direction_Flip\",\"Integer_Constraint_Violation\"],\"weightingSummary\":[\"Archetype weight 1.00\",\"Trap bias 1.00\",\"Inference bias 1.00\",\"Distractor mix wrongIntermediateValue, wrongIntermediateValue, wrongIntermediateValue\"]},\"debugMetadata\":{\"selectedPattern\":\"registry-equations-medium\",\"seed\":\"auto-seed:9a100653-ec1b-4d22-8385-cb58944c5331\",\"generationId\":\"gen_7e48dabc\",\"generationDomain\":\"quant\",\"selectedMotif\":\"eqn-lin-single\",\"selectedArchetype\":\"medium-multi-step-arithmetic\",\"structuralSignatureKey\":\"eqn-lin-single::linear-balance::5|2|18\",\"scenarioLogicBranch\":\"linear-balance\",\"compatibilityWarnings\":[],\"generationMetrics\":{\"generationDurationMs\":1,\"validationRetries\":0,\"uniquenessFailures\":0,\"branchingFactor\":0,\"clueDensity\":0,\"inferenceDepth\":3,\"redundancyScore\":0},\"proceduralScenario\":{\"id\":\"quant:gen_7e48dabc:registry-equations-medium\",\"domain\":\"quant\",\"subtype\":\"equations\",\"metadata\":{\"patternId\":\"registry-equations-medium\",\"topic\":\"Equations\",\"subtopic\":\"equations\",\"generationDomain\":\"quant\",\"seed\":\"auto-seed:9a100653-ec1b-4d22-8385-cb58944c5331\"},\"entities\":[],\"constraints\":[{\"id\":\"quant-formula\",\"type\":\"formula\",\"operator\":\"EQUALS\",\"expression\":\"0\",\"metadata\":{\"variables\":[]}}],\"content\":{\"stem\":\"Solve the equation $5x-7=2x+11$.\",\"prompt\":\"Solve the equation $5x-7=2x+11$.\",\"options\":[\"$x=6$\",\"$x=-6$\",\"$x=3$\",\"$x=18$\"],\"explanation\":\"Move variable terms to one side: $5x-2x=11+7$.\\n$3x=18$, so $x=6$.\\nFinal answer = $x=6$.\",\"artifacts\":{}},\"difficulty\":{\"label\":\"Medium\",\"score\":4.3,\"inferenceDepth\":3,\"metrics\":{\"reasoningDepth\":3,\"dependencyComplexity\":3,\"estimatedSolveTime\":97,\"distractorCount\":3,\"calculationComplexity\":3,\"cognitiveLoadBase\":2.7,\"ambiguityScoreBase\":0}},\"validation\":{\"passed\":false,\"warnings\":[\"Scenario has no normalized entities.\"],\"metrics\":{\"clueCount\":0,\"inferenceDepth\":0,\"uniquenessVerified\":0,\"entityCount\":0,\"constraintCount\":1,\"hasPrompt\":1,\"warningCount\":0,\"difficultyScore\":4.3,\"reasoningDepth\":3,\"redundancyScore\":0,\"redundancyRatio\":0,\"hasFormula\":1}}},\"validationReportDetail\":{\"passed\":false,\"stageResults\":[{\"stage\":\"structural validity\",\"passed\":false,\"diagnostics\":[\"Scenario has no normalized entities.\"],\"metrics\":{\"entityCount\":0,\"constraintCount\":1,\"hasPrompt\":1}},{\"stage\":\"solvability\",\"passed\":true,\"diagnostics\":[],\"metrics\":{\"warningCount\":0}},{\"stage\":\"uniqueness\",\"passed\":true,\"diagnostics\":[],\"metrics\":{\"uniquenessVerified\":0}},{\"stage\":\"difficulty calibration\",\"passed\":true,\"diagnostics\":[],\"metrics\":{\"difficultyScore\":4.3,\"reasoningDepth\":3}},{\"stage\":\"redundancy analysis\",\"passed\":true,\"diagnostics\":[],\"metrics\":{\"redundancyScore\":0,\"redundancyRatio\":0}},{\"stage\":\"equation solvability\",\"passed\":true,\"diagnostics\":[],\"metrics\":{\"hasFormula\":1}}],\"warnings\":[\"Scenario has no normalized entities.\"],\"metrics\":{\"clueCount\":0,\"inferenceDepth\":0,\"uniquenessVerified\":0,\"entityCount\":0,\"constraintCount\":1,\"hasPrompt\":1,\"warningCount\":0,\"difficultyScore\":4.3,\"reasoningDepth\":3,\"redundancyScore\":0,\"redundancyRatio\":0,\"hasFormula\":1}},\"difficultyAssessment\":{\"difficultyLabel\":\"Medium\",\"difficultyScore\":4.3,\"cognitiveLoad\":2.65,\"inferenceDepth\":3,\"calculationComplexity\":3,\"distractorComplexity\":3,\"ambiguityScore\":1.05,\"solvingTimeEstimate\":97,\"domainContributions\":{\"operationCount\":3,\"visualComplexity\":0,\"inferenceComplexity\":3},\"metrics\":{\"reasoningDepth\":3,\"dependencyComplexity\":3,\"estimatedSolveTime\":97,\"distractorCount\":3,\"calculationComplexity\":3,\"cognitiveLoadBase\":2.7,\"ambiguityScoreBase\":0}},\"qualityAssessment\":{\"approved\":false,\"rejectionReasons\":[\"failed-validation\",\"low-realism-score\",\"weak-distractors\"],\"qualityMetrics\":{\"realismScore\":0,\"validationPassed\":0,\"structuralDiversityScore\":1,\"repeatedStructureWarnings\":0,\"directClueRatio\":0,\"difficultyConfidence\":10,\"distractorComplexity\":3,\"distractorTypeCount\":0,\"genericDistractorRatio\":1,\"hasStructuralSignature\":1}},\"extractedPatternIntelligence\":{\"domain\":\"quant\",\"structure\":{\"domain\":\"quant\",\"subtype\":\"equations\",\"entityCount\":0,\"constraintCount\":1,\"structureTokens\":[\"variables:\",\"constraint:formula\"],\"topology\":\"formula-network\",\"metadata\":{\"formula\":\"0\"}},\"difficulty\":{\"cognitiveLoad\":2.7,\"inferenceDepth\":3,\"calculationComplexity\":3,\"distractorComplexity\":3,\"ambiguityScore\":0,\"solvingTimeEstimate\":97,\"difficultyBand\":\"Medium\"},\"distractors\":[{\"type\":\"wrongIntermediateValue\",\"label\":\"wrongIntermediateValue\",\"trapType\":\"wrongIntermediateValue\",\"frequency\":3}],\"motifs\":[{\"motifId\":\"eqn-lin-single\",\"domain\":\"quant\",\"archetype\":\"general\",\"confidence\":0.95,\"metadata\":{\"generated\":\"selectedMotif\"}}]},\"structuralSignature\":{\"domain\":\"quant\",\"topologyHash\":\"sig_604ec201\",\"inferenceHash\":\"sig_2f396e69\",\"motifHash\":\"sig_122e7aa5\",\"distractorHash\":\"sig_4306d95f\"},\"corpusAlignment\":{\"score\":8.43,\"deviations\":[{\"metric\":\"topology-frequency\",\"actual\":\"formula-network\",\"expected\":\"higher-frequency corpus topology\",\"message\":\"Topology is less common than the target corpus profile.\"},{\"metric\":\"distractor-pattern\",\"actual\":\"wrongIntermediateValue\",\"expected\":\"higher-frequency corpus distractor families\",\"message\":\"Distractor distribution is weaker or less corpus-like than expected.\"}],\"matchedPatterns\":[\"Clue density aligns with extracted PYQ corpus ranges.\",\"Inference depth tracks the target corpus difficulty curve.\",\"Wording complexity resembles the PYQ corpus style.\",\"Formula/calculation complexity aligns with corpus behavior.\"]},\"originalityScore\":{\"score\":7.73,\"penalties\":[\"Distractor ordering looks mechanically repeated.\",\"Wording normalization indicates a repeated surface template pattern.\"],\"diagnostics\":[\"PYQ-derived intelligence is treated as calibration guidance only, not as a template source.\",\"Clue topology penalty 0, formula repetition penalty 0, distractor ordering penalty 0.667.\",\"Corpus alignment pressure 0.128 while preserving topic weighting and realism guidance only.\"]},\"difficultyConfidence\":{\"predictedDifficulty\":\"Medium\",\"confidence\":9.53,\"explanation\":\"Intended difficulty Medium (4.3), predicted Medium (3.5). Signals used: solving complexity 2.6, elimination depth 0, branching 0, distractor quality 3. Human-solver simulation combined inference depth 3 with solver trace support 0 and branching factor 0.\"}},\"reasoningSteps\":[\"balance linear terms: Start from the direct relation highlighted in the motif.\",\"direct: Move variable terms to one side: $5x-2x=11+7$.\",\"direct: $3x=18$, so $x=6$.\"],\"dependencyComplexity\":3,\"operationChain\":[\"transform\",\"aggregate\",\"compare\"],\"difficulty\":\"Medium\",\"difficultyScore\":4.3,\"difficultyLabel\":\"Medium\",\"difficultyMetadata\":{\"difficultyScore\":4.3,\"difficultyLabel\":\"Medium\",\"estimatedSolveTime\":97,\"operationCount\":3,\"reasoningDepth\":3,\"reasoningSteps\":[\"balance linear terms: Start from the direct relation highlighted in the motif.\",\"direct: Move variable terms to one side: $5x-2x=11+7$.\",\"direct: $3x=18$, so $x=6$.\"],\"dependencyComplexity\":3,\"operationChain\":[\"transform\",\"aggregate\",\"compare\"],\"usesPercentage\":false,\"usesRatio\":false,\"usesComparison\":false,\"visualComplexity\":0,\"inferenceComplexity\":3},\"generationMetrics\":{\"generationDurationMs\":1,\"validationRetries\":0,\"uniquenessFailures\":0,\"branchingFactor\":0,\"clueDensity\":0,\"inferenceDepth\":3,\"redundancyScore\":0}}]}",
        "{\"cachedQuestionCount\":1,\"selectedMotifs\":[\"eqn-lin-single\"],\"hasSolverTraces\":false,\"hasSvgSnapshots\":false,\"hasExplanationFlow\":false}",
        "reasoning-generator-v1",
        "motif-registry-v1:8ebc81d7f6c507c8c62870de5ee820ead68a5ec672a3d303c0e93cd75ea79fa8",
        "topology-contract-v1:409c496459b1fc1a7b1e335f0b47e27c83be21a95c5dd9d7ddf09476ffefd733",
        "{\"generationContext\":{\"seed\":\"auto-seed:9a100653-ec1b-4d22-8385-cb58944c5331\",\"generationId\":\"gen_7e48dabc\",\"timestamp\":1778308491328},\"questions\":[{\"text\":\"Solve the equation $5x-7=2x+11$.\",\"options\":[\"$x=6$\",\"$x=-6$\",\"$x=3$\",\"$x=18$\"],\"correct\":0,\"explanation\":\"Move variable terms to one side: $5x-2x=11+7$.\\n$3x=18$, so $x=6$.\\nFinal answer = $x=6$.\",\"section\":\"Quant\",\"topic\":\"Equations\",\"subtopic\":\"equations\",\"optionMetadata\":[{\"value\":\"$x=6$\",\"isCorrect\":true,\"distractorType\":\"correct\",\"likelyMistake\":\"Correct equation path\",\"reasoningTrap\":\"None\"},{\"value\":\"$x=-6$\",\"isCorrect\":false,\"distractorType\":\"wrongIntermediateValue\",\"likelyMistake\":\"Sign_Flip_Vieta\",\"reasoningTrap\":\"Sign_Flip_Vieta\"},{\"value\":\"$x=3$\",\"isCorrect\":false,\"distractorType\":\"wrongIntermediateValue\",\"likelyMistake\":\"Substitution_Direction_Flip\",\"reasoningTrap\":\"Substitution_Direction_Flip\"},{\"value\":\"$x=18$\",\"isCorrect\":false,\"distractorType\":\"wrongIntermediateValue\",\"likelyMistake\":\"Integer_Constraint_Violation\",\"reasoningTrap\":\"Integer_Constraint_Violation\"}],\"examRealismMetadata\":{\"examProfile\":\"custom\",\"wordingStyle\":\"balanced\",\"archetypeId\":\"medium-multi-step-arithmetic\",\"archetypeCategory\":\"multi-step-arithmetic\",\"reasoningTraps\":[\"Sign_Flip_Vieta\",\"Substitution_Direction_Flip\",\"Integer_Constraint_Violation\"],\"weightingSummary\":[\"Archetype weight 1.00\",\"Trap bias 1.00\",\"Inference bias 1.00\",\"Distractor mix wrongIntermediateValue, wrongIntermediateValue, wrongIntermediateValue\"]},\"debugMetadata\":{\"selectedPattern\":\"registry-equations-medium\",\"seed\":\"auto-seed:9a100653-ec1b-4d22-8385-cb58944c5331\",\"generationId\":\"gen_7e48dabc\",\"generationDomain\":\"quant\",\"selectedMotif\":\"eqn-lin-single\",\"selectedArchetype\":\"medium-multi-step-arithmetic\",\"structuralSignatureKey\":\"eqn-lin-single::linear-balance::5|2|18\",\"scenarioLogicBranch\":\"linear-balance\",\"compatibilityWarnings\":[],\"generationMetrics\":{\"generationDurationMs\":1,\"validationRetries\":0,\"uniquenessFailures\":0,\"branchingFactor\":0,\"clueDensity\":0,\"inferenceDepth\":3,\"redundancyScore\":0},\"proceduralScenario\":{\"id\":\"quant:gen_7e48dabc:registry-equations-medium\",\"domain\":\"quant\",\"subtype\":\"equations\",\"metadata\":{\"patternId\":\"registry-equations-medium\",\"topic\":\"Equations\",\"subtopic\":\"equations\",\"generationDomain\":\"quant\",\"seed\":\"auto-seed:9a100653-ec1b-4d22-8385-cb58944c5331\"},\"entities\":[],\"constraints\":[{\"id\":\"quant-formula\",\"type\":\"formula\",\"operator\":\"EQUALS\",\"expression\":\"0\",\"metadata\":{\"variables\":[]}}],\"content\":{\"stem\":\"Solve the equation $5x-7=2x+11$.\",\"prompt\":\"Solve the equation $5x-7=2x+11$.\",\"options\":[\"$x=6$\",\"$x=-6$\",\"$x=3$\",\"$x=18$\"],\"explanation\":\"Move variable terms to one side: $5x-2x=11+7$.\\n$3x=18$, so $x=6$.\\nFinal answer = $x=6$.\",\"artifacts\":{}},\"difficulty\":{\"label\":\"Medium\",\"score\":4.3,\"inferenceDepth\":3,\"metrics\":{\"reasoningDepth\":3,\"dependencyComplexity\":3,\"estimatedSolveTime\":97,\"distractorCount\":3,\"calculationComplexity\":3,\"cognitiveLoadBase\":2.7,\"ambiguityScoreBase\":0}},\"validation\":{\"passed\":false,\"warnings\":[\"Scenario has no normalized entities.\"],\"metrics\":{\"clueCount\":0,\"inferenceDepth\":0,\"uniquenessVerified\":0,\"entityCount\":0,\"constraintCount\":1,\"hasPrompt\":1,\"warningCount\":0,\"difficultyScore\":4.3,\"reasoningDepth\":3,\"redundancyScore\":0,\"redundancyRatio\":0,\"hasFormula\":1}}},\"validationReportDetail\":{\"passed\":false,\"stageResults\":[{\"stage\":\"structural validity\",\"passed\":false,\"diagnostics\":[\"Scenario has no normalized entities.\"],\"metrics\":{\"entityCount\":0,\"constraintCount\":1,\"hasPrompt\":1}},{\"stage\":\"solvability\",\"passed\":true,\"diagnostics\":[],\"metrics\":{\"warningCount\":0}},{\"stage\":\"uniqueness\",\"passed\":true,\"diagnostics\":[],\"metrics\":{\"uniquenessVerified\":0}},{\"stage\":\"difficulty calibration\",\"passed\":true,\"diagnostics\":[],\"metrics\":{\"difficultyScore\":4.3,\"reasoningDepth\":3}},{\"stage\":\"redundancy analysis\",\"passed\":true,\"diagnostics\":[],\"metrics\":{\"redundancyScore\":0,\"redundancyRatio\":0}},{\"stage\":\"equation solvability\",\"passed\":true,\"diagnostics\":[],\"metrics\":{\"hasFormula\":1}}],\"warnings\":[\"Scenario has no normalized entities.\"],\"metrics\":{\"clueCount\":0,\"inferenceDepth\":0,\"uniquenessVerified\":0,\"entityCount\":0,\"constraintCount\":1,\"hasPrompt\":1,\"warningCount\":0,\"difficultyScore\":4.3,\"reasoningDepth\":3,\"redundancyScore\":0,\"redundancyRatio\":0,\"hasFormula\":1}},\"difficultyAssessment\":{\"difficultyLabel\":\"Medium\",\"difficultyScore\":4.3,\"cognitiveLoad\":2.65,\"inferenceDepth\":3,\"calculationComplexity\":3,\"distractorComplexity\":3,\"ambiguityScore\":1.05,\"solvingTimeEstimate\":97,\"domainContributions\":{\"operationCount\":3,\"visualComplexity\":0,\"inferenceComplexity\":3},\"metrics\":{\"reasoningDepth\":3,\"dependencyComplexity\":3,\"estimatedSolveTime\":97,\"distractorCount\":3,\"calculationComplexity\":3,\"cognitiveLoadBase\":2.7,\"ambiguityScoreBase\":0}},\"qualityAssessment\":{\"approved\":false,\"rejectionReasons\":[\"failed-validation\",\"low-realism-score\",\"weak-distractors\"],\"qualityMetrics\":{\"realismScore\":0,\"validationPassed\":0,\"structuralDiversityScore\":1,\"repeatedStructureWarnings\":0,\"directClueRatio\":0,\"difficultyConfidence\":10,\"distractorComplexity\":3,\"distractorTypeCount\":0,\"genericDistractorRatio\":1,\"hasStructuralSignature\":1}},\"extractedPatternIntelligence\":{\"domain\":\"quant\",\"structure\":{\"domain\":\"quant\",\"subtype\":\"equations\",\"entityCount\":0,\"constraintCount\":1,\"structureTokens\":[\"variables:\",\"constraint:formula\"],\"topology\":\"formula-network\",\"metadata\":{\"formula\":\"0\"}},\"difficulty\":{\"cognitiveLoad\":2.7,\"inferenceDepth\":3,\"calculationComplexity\":3,\"distractorComplexity\":3,\"ambiguityScore\":0,\"solvingTimeEstimate\":97,\"difficultyBand\":\"Medium\"},\"distractors\":[{\"type\":\"wrongIntermediateValue\",\"label\":\"wrongIntermediateValue\",\"trapType\":\"wrongIntermediateValue\",\"frequency\":3}],\"motifs\":[{\"motifId\":\"eqn-lin-single\",\"domain\":\"quant\",\"archetype\":\"general\",\"confidence\":0.95,\"metadata\":{\"generated\":\"selectedMotif\"}}]},\"structuralSignature\":{\"domain\":\"quant\",\"topologyHash\":\"sig_604ec201\",\"inferenceHash\":\"sig_2f396e69\",\"motifHash\":\"sig_122e7aa5\",\"distractorHash\":\"sig_4306d95f\"},\"corpusAlignment\":{\"score\":8.43,\"deviations\":[{\"metric\":\"topology-frequency\",\"actual\":\"formula-network\",\"expected\":\"higher-frequency corpus topology\",\"message\":\"Topology is less common than the target corpus profile.\"},{\"metric\":\"distractor-pattern\",\"actual\":\"wrongIntermediateValue\",\"expected\":\"higher-frequency corpus distractor families\",\"message\":\"Distractor distribution is weaker or less corpus-like than expected.\"}],\"matchedPatterns\":[\"Clue density aligns with extracted PYQ corpus ranges.\",\"Inference depth tracks the target corpus difficulty curve.\",\"Wording complexity resembles the PYQ corpus style.\",\"Formula/calculation complexity aligns with corpus behavior.\"]},\"originalityScore\":{\"score\":7.73,\"penalties\":[\"Distractor ordering looks mechanically repeated.\",\"Wording normalization indicates a repeated surface template pattern.\"],\"diagnostics\":[\"PYQ-derived intelligence is treated as calibration guidance only, not as a template source.\",\"Clue topology penalty 0, formula repetition penalty 0, distractor ordering penalty 0.667.\",\"Corpus alignment pressure 0.128 while preserving topic weighting and realism guidance only.\"]},\"difficultyConfidence\":{\"predictedDifficulty\":\"Medium\",\"confidence\":9.53,\"explanation\":\"Intended difficulty Medium (4.3), predicted Medium (3.5). Signals used: solving complexity 2.6, elimination depth 0, branching 0, distractor quality 3. Human-solver simulation combined inference depth 3 with solver trace support 0 and branching factor 0.\"}},\"reasoningSteps\":[\"balance linear terms: Start from the direct relation highlighted in the motif.\",\"direct: Move variable terms to one side: $5x-2x=11+7$.\",\"direct: $3x=18$, so $x=6$.\"],\"dependencyComplexity\":3,\"operationChain\":[\"transform\",\"aggregate\",\"compare\"],\"difficulty\":\"Medium\",\"difficultyScore\":4.3,\"difficultyLabel\":\"Medium\",\"difficultyMetadata\":{\"difficultyScore\":4.3,\"difficultyLabel\":\"Medium\",\"estimatedSolveTime\":97,\"operationCount\":3,\"reasoningDepth\":3,\"reasoningSteps\":[\"balance linear terms: Start from the direct relation highlighted in the motif.\",\"direct: Move variable terms to one side: $5x-2x=11+7$.\",\"direct: $3x=18$, so $x=6$.\"],\"dependencyComplexity\":3,\"operationChain\":[\"transform\",\"aggregate\",\"compare\"],\"usesPercentage\":false,\"usesRatio\":false,\"usesComparison\":false,\"visualComplexity\":0,\"inferenceComplexity\":3},\"generationMetrics\":{\"generationDurationMs\":1,\"validationRetries\":0,\"uniquenessFailures\":0,\"branchingFactor\":0,\"clueDensity\":0,\"inferenceDepth\":3,\"redundancyScore\":0}}]}",
        "{\"cachedQuestionCount\":1,\"selectedMotifs\":[\"eqn-lin-single\"],\"hasSolverTraces\":false,\"hasSvgSnapshots\":false,\"hasExplanationFlow\":false}",
        "2026-05-09T06:34:52.207Z"
      ],
      "cause": {
        "name": "PostgresError",
        "severity_local": "ERROR",
        "severity": "ERROR",
        "code": "42P01",
        "position": "13",
        "file": "parse_relation.c",
        "line": "1449",
        "routine": "parserOpenTable"
      }
    }
[12:04:52.929] [32mINFO[39m (33908): [36mrequest completed[39m
    [35mreq[39m: {
      "id": 14,
      "method": "POST",
      "url": "/api/generator/pattern"
    }
    [35mres[39m: {
      "statusCode": 200
    }
    [35mresponseTime[39m: 1609
[12:04:53.669] [33mWARN[39m (33908): [36mGeneration cache lookup failed; falling back to live generation[39m
    [35mpatternId[39m: "registry-equations-linear-medium"
    error: {
      "query": "select \"key\", \"pattern_id\", \"generation_domain\", \"generator_version\", \"motif_version\", \"topology_version\", \"request_fingerprint\", \"payload\", \"artifact_metadata\", \"created_at\", \"last_accessed_at\", \"hit_count\" from \"reasoning_scenario_cache\" where \"reasoning_scenario_cache\".\"key\" = $1 limit $2",
      "params": [
        "425fb9f06a1d54a80aaa8916690713b921d470467228d37fda5313056a70e7aa",
        1
      ],
      "cause": {
        "name": "PostgresError",
        "severity_local": "ERROR",
        "severity": "ERROR",
        "code": "42P01",
        "position": "214",
        "file": "parse_relation.c",
        "line": "1449",
        "routine": "parserOpenTable"
      }
    }
[12:04:53.671] [32mINFO[39m (33908): [36mrequest errored[39m
    [35mreq[39m: {
      "id": 15,
      "method": "POST",
      "url": "/api/generator/pattern"
    }
    [35mres[39m: {
      "statusCode": 500
    }
    [35mresponseTime[39m: 704
    err: {
      "type": "Error",
      "message": "failed with status code 500",
      "stack":
          Error: failed with status code 500
              at onResFinished (C:\Users\gurbaj\Downloads\f\node_modules\.pnpm\pino-http@10.5.0\node_modules\pino-http\logger.js:115:39)
              at ServerResponse.onResponseComplete (C:\Users\gurbaj\Downloads\f\node_modules\.pnpm\pino-http@10.5.0\node_modules\pino-http\logger.js:178:14)
              at ServerResponse.emit (node:events:520:35)
              at onFinish (node:_http_outgoing:1026:10)
              at callback (node:internal/streams/writable:764:21)
              at afterWrite (node:internal/streams/writable:708:5)
              at afterWriteTick (node:internal/streams/writable:694:10)
              at process.processTicksAndRejections (node:internal/process/task_queues:89:21)
    }
[12:04:54.489] [33mWARN[39m (33908): [36mGeneration cache lookup failed; falling back to live generation[39m
    [35mpatternId[39m: "registry-equations-quadratic-medium"
    error: {
      "query": "select \"key\", \"pattern_id\", \"generation_domain\", \"generator_version\", \"motif_version\", \"topology_version\", \"request_fingerprint\", \"payload\", \"artifact_metadata\", \"created_at\", \"last_accessed_at\", \"hit_count\" from \"reasoning_scenario_cache\" where \"reasoning_scenario_cache\".\"key\" = $1 limit $2",
      "params": [
        "29dc46635c46b4c401a0b00301fedd45ca383fb41b6d7a93c38f283720dfcf0a",
        1
      ],
      "cause": {
        "name": "PostgresError",
        "severity_local": "ERROR",
        "severity": "ERROR",
        "code": "42P01",
        "position": "214",
        "file": "parse_relation.c",
        "line": "1449",
        "routine": "parserOpenTable"
      }
    }
[12:04:54.492] [32mINFO[39m (33908): [36mrequest errored[39m
    [35mreq[39m: {
      "id": 16,
      "method": "POST",
      "url": "/api/generator/pattern"
    }
    [35mres[39m: {
      "statusCode": 500
    }
    [35mresponseTime[39m: 711
    err: {
      "type": "Error",
      "message": "failed with status code 500",
      "stack":
          Error: failed with status code 500
              at onResFinished (C:\Users\gurbaj\Downloads\f\node_modules\.pnpm\pino-http@10.5.0\node_modules\pino-http\logger.js:115:39)
              at ServerResponse.onResponseComplete (C:\Users\gurbaj\Downloads\f\node_modules\.pnpm\pino-http@10.5.0\node_modules\pino-http\logger.js:178:14)
              at ServerResponse.emit (node:events:520:35)
              at onFinish (node:_http_outgoing:1026:10)
              at callback (node:internal/streams/writable:764:21)
              at afterWrite (node:internal/streams/writable:708:5)
              at afterWriteTick (node:internal/streams/writable:694:10)
              at process.processTicksAndRejections (node:internal/process/task_queues:89:21)
    }
Generation metrics {
  patternId: 'registry-equations-special-hard',
  topic: 'Equations: Special Forms',
  subtopic: 'equations',
  generationId: 'gen_18dbcb7e',
  generationDomain: 'quant',
  selectedMotif: 'eqn-special-radical',
  difficultyLabel: 'Hard',
  metrics: {
    generationDurationMs: 1,
    validationRetries: 0,
    uniquenessFailures: 0,
    branchingFactor: 0,
    branchingComplexity: undefined,
    clueDensity: 0,
    inferenceDepth: 5,
    redundancyScore: 0,
    deductionDependencyScore: undefined,
    redundancyRatio: undefined,
    anchorDensity: undefined,
    directClueRatio: undefined
  }
}
[12:04:55.340] [33mWARN[39m (33908): [36mGeneration cache lookup failed; falling back to live generation[39m
    [35mpatternId[39m: "registry-equations-special-hard"
    error: {
      "query": "select \"key\", \"pattern_id\", \"generation_domain\", \"generator_version\", \"motif_version\", \"topology_version\", \"request_fingerprint\", \"payload\", \"artifact_metadata\", \"created_at\", \"last_accessed_at\", \"hit_count\" from \"reasoning_scenario_cache\" where \"reasoning_scenario_cache\".\"key\" = $1 limit $2",
      "params": [
        "e03fdcbbb708046533deb7b589ee266242ccf851debcefe10372e4d07be05816",
        1
      ],
      "cause": {
        "name": "PostgresError",
        "severity_local": "ERROR",
        "severity": "ERROR",
        "code": "42P01",
        "position": "214",
        "file": "parse_relation.c",
        "line": "1449",
        "routine": "parserOpenTable"
      }
    }
[12:04:56.108] [33mWARN[39m (33908): [36mGeneration cache store failed; continuing without cache persistence[39m
    [35mpatternId[39m: "registry-equations-special-hard"
    error: {
      "query": "insert into \"reasoning_scenario_cache\" (\"key\", \"pattern_id\", \"generation_domain\", \"generator_version\", \"motif_version\", \"topology_version\", \"request_fingerprint\", \"payload\", \"artifact_metadata\", \"created_at\", \"last_accessed_at\", \"hit_count\") values ($1, $2, $3, $4, $5, $6, $7, $8, $9, default, default, default) on conflict (\"key\") do update set \"generator_version\" = $10, \"motif_version\" = $11, \"topology_version\" = $12, \"payload\" = $13, \"artifact_metadata\" = $14, \"last_accessed_at\" = $15",
      "params": [
        "e03fdcbbb708046533deb7b589ee266242ccf851debcefe10372e4d07be05816",
        "registry-equations-special-hard",
        "quant",
        "reasoning-generator-v1",
        "motif-registry-v1:06680ca3d5549782e3981bc3daeb7719e3d50799d09884b15ab19aab8e6749f3",
        "topology-contract-v1:409c496459b1fc1a7b1e335f0b47e27c83be21a95c5dd9d7ddf09476ffefd733",
        "1eb7ec7a0decfe4196759e76321d95f598130edcabc640185f81d89766126a79",
        "{\"generationContext\":{\"seed\":\"auto-seed:0644e231-80c7-4d99-9a08-1d1494149d37\",\"generationId\":\"gen_18dbcb7e\",\"timestamp\":1778308494533},\"questions\":[{\"text\":\"Solve $\\\\sqrt{x+5}=x-1$. Choose the valid root.\",\"options\":[\"$4$\",\"$-1$\",\"$1$\",\"$5$\"],\"correct\":0,\"explanation\":\"Since $\\\\sqrt{x+5}=x-1$, we need $x\\\\ge1$.\\nSquaring gives $x+5=(x-1)^{2}=x^{2}-2x+1$.\\nSo $x^{2}-3x-4=0$, giving $x=4$ or $x=-1$.\\n$x=-1$ is extraneous because $x\\\\ge1$ is required. Hence $x=4$.\\nFinal answer = $4$.\",\"section\":\"Quant\",\"topic\":\"Equations: Special Forms\",\"subtopic\":\"equations\",\"optionMetadata\":[{\"value\":\"$4$\",\"isCorrect\":true,\"distractorType\":\"correct\",\"likelyMistake\":\"Correct equation path\",\"reasoningTrap\":\"None\"},{\"value\":\"$-1$\",\"isCorrect\":false,\"distractorType\":\"wrongIntermediateValue\",\"likelyMistake\":\"Extraneous_Root_Trap\",\"reasoningTrap\":\"Extraneous_Root_Trap\"},{\"value\":\"$1$\",\"isCorrect\":false,\"distractorType\":\"wrongIntermediateValue\",\"likelyMistake\":\"Square_Root_Principle_Error\",\"reasoningTrap\":\"Square_Root_Principle_Error\"},{\"value\":\"$5$\",\"isCorrect\":false,\"distractorType\":\"wrongIntermediateValue\",\"likelyMistake\":\"Surd_Rationalization_Slip\",\"reasoningTrap\":\"Surd_Rationalization_Slip\"}],\"examRealismMetadata\":{\"examProfile\":\"custom\",\"wordingStyle\":\"balanced\",\"archetypeId\":\"hard-nested-operations\",\"archetypeCategory\":\"nested-operations\",\"reasoningTraps\":[\"Extraneous_Root_Trap\",\"Square_Root_Principle_Error\",\"Surd_Rationalization_Slip\"],\"weightingSummary\":[\"Archetype weight 1.00\",\"Trap bias 1.00\",\"Inference bias 1.00\",\"Distractor mix wrongIntermediateValue, wrongIntermediateValue, wrongIntermediateValue\"]},\"debugMetadata\":{\"selectedPattern\":\"registry-equations-special-hard\",\"seed\":\"auto-seed:0644e231-80c7-4d99-9a08-1d1494149d37\",\"generationId\":\"gen_18dbcb7e\",\"generationDomain\":\"quant\",\"selectedMotif\":\"eqn-special-radical\",\"selectedArchetype\":\"hard-nested-operations\",\"structuralSignatureKey\":\"eqn-special-radical::radical-validate-root::4\",\"scenarioLogicBranch\":\"radical-validate-root\",\"compatibilityWarnings\":[],\"generationMetrics\":{\"generationDurationMs\":1,\"validationRetries\":0,\"uniquenessFailures\":0,\"branchingFactor\":0,\"clueDensity\":0,\"inferenceDepth\":5,\"redundancyScore\":0},\"proceduralScenario\":{\"id\":\"quant:gen_18dbcb7e:registry-equations-special-hard\",\"domain\":\"quant\",\"subtype\":\"equations\",\"metadata\":{\"patternId\":\"registry-equations-special-hard\",\"topic\":\"Equations: Special Forms\",\"subtopic\":\"equations\",\"generationDomain\":\"quant\",\"seed\":\"auto-seed:0644e231-80c7-4d99-9a08-1d1494149d37\"},\"entities\":[],\"constraints\":[{\"id\":\"quant-formula\",\"type\":\"formula\",\"operator\":\"EQUALS\",\"expression\":\"0\",\"metadata\":{\"variables\":[]}}],\"content\":{\"stem\":\"Solve $\\\\sqrt{x+5}=x-1$. Choose the valid root.\",\"prompt\":\"Solve $\\\\sqrt{x+5}=x-1$. Choose the valid root.\",\"options\":[\"$4$\",\"$-1$\",\"$1$\",\"$5$\"],\"explanation\":\"Since $\\\\sqrt{x+5}=x-1$, we need $x\\\\ge1$.\\nSquaring gives $x+5=(x-1)^{2}=x^{2}-2x+1$.\\nSo $x^{2}-3x-4=0$, giving $x=4$ or $x=-1$.\\n$x=-1$ is extraneous because $x\\\\ge1$ is required. Hence $x=4$.\\nFinal answer = $4$.\",\"artifacts\":{}},\"difficulty\":{\"label\":\"Hard\",\"score\":7.7,\"inferenceDepth\":5,\"metrics\":{\"reasoningDepth\":5,\"dependencyComplexity\":5,\"estimatedSolveTime\":149,\"distractorCount\":3,\"calculationComplexity\":4,\"cognitiveLoadBase\":4.1,\"ambiguityScoreBase\":0}},\"validation\":{\"passed\":false,\"warnings\":[\"Scenario has no normalized entities.\"],\"metrics\":{\"clueCount\":0,\"inferenceDepth\":0,\"uniquenessVerified\":0,\"entityCount\":0,\"constraintCount\":1,\"hasPrompt\":1,\"warningCount\":0,\"difficultyScore\":7.7,\"reasoningDepth\":5,\"redundancyScore\":0,\"redundancyRatio\":0,\"hasFormula\":1}}},\"validationReportDetail\":{\"passed\":false,\"stageResults\":[{\"stage\":\"structural validity\",\"passed\":false,\"diagnostics\":[\"Scenario has no normalized entities.\"],\"metrics\":{\"entityCount\":0,\"constraintCount\":1,\"hasPrompt\":1}},{\"stage\":\"solvability\",\"passed\":true,\"diagnostics\":[],\"metrics\":{\"warningCount\":0}},{\"stage\":\"uniqueness\",\"passed\":true,\"diagnostics\":[],\"metrics\":{\"uniquenessVerified\":0}},{\"stage\":\"difficulty calibration\",\"passed\":true,\"diagnostics\":[],\"metrics\":{\"difficultyScore\":7.7,\"reasoningDepth\":5}},{\"stage\":\"redundancy analysis\",\"passed\":true,\"diagnostics\":[],\"metrics\":{\"redundancyScore\":0,\"redundancyRatio\":0}},{\"stage\":\"equation solvability\",\"passed\":true,\"diagnostics\":[],\"metrics\":{\"hasFormula\":1}}],\"warnings\":[\"Scenario has no normalized entities.\"],\"metrics\":{\"clueCount\":0,\"inferenceDepth\":0,\"uniquenessVerified\":0,\"entityCount\":0,\"constraintCount\":1,\"hasPrompt\":1,\"warningCount\":0,\"difficultyScore\":7.7,\"reasoningDepth\":5,\"redundancyScore\":0,\"redundancyRatio\":0,\"hasFormula\":1}},\"difficultyAssessment\":{\"difficultyLabel\":\"Hard\",\"difficultyScore\":7.7,\"cognitiveLoad\":3.55,\"inferenceDepth\":5,\"calculationComplexity\":4,\"distractorComplexity\":3,\"ambiguityScore\":1.05,\"solvingTimeEstimate\":149,\"domainContributions\":{\"operationCount\":4,\"visualComplexity\":0,\"inferenceComplexity\":5},\"metrics\":{\"reasoningDepth\":5,\"dependencyComplexity\":5,\"estimatedSolveTime\":149,\"distractorCount\":3,\"calculationComplexity\":4,\"cognitiveLoadBase\":4.1,\"ambiguityScoreBase\":0}},\"qualityAssessment\":{\"approved\":false,\"rejectionReasons\":[\"failed-validation\",\"low-realism-score\",\"weak-distractors\"],\"qualityMetrics\":{\"realismScore\":0,\"validationPassed\":0,\"structuralDiversityScore\":1,\"repeatedStructureWarnings\":0,\"directClueRatio\":0,\"difficultyConfidence\":10,\"distractorComplexity\":3,\"distractorTypeCount\":0,\"genericDistractorRatio\":1,\"hasStructuralSignature\":1}},\"extractedPatternIntelligence\":{\"domain\":\"quant\",\"structure\":{\"domain\":\"quant\",\"subtype\":\"equations\",\"entityCount\":0,\"constraintCount\":1,\"structureTokens\":[\"variables:\",\"constraint:formula\"],\"topology\":\"formula-network\",\"metadata\":{\"formula\":\"0\"}},\"difficulty\":{\"cognitiveLoad\":4.1,\"inferenceDepth\":5,\"calculationComplexity\":4,\"distractorComplexity\":3,\"ambiguityScore\":0,\"solvingTimeEstimate\":149,\"difficultyBand\":\"Hard\"},\"distractors\":[{\"type\":\"wrongIntermediateValue\",\"label\":\"wrongIntermediateValue\",\"trapType\":\"wrongIntermediateValue\",\"frequency\":3}],\"motifs\":[{\"motifId\":\"eqn-special-radical\",\"domain\":\"quant\",\"archetype\":\"general\",\"confidence\":0.95,\"metadata\":{\"generated\":\"selectedMotif\"}}]},\"structuralSignature\":{\"domain\":\"quant\",\"topologyHash\":\"sig_604ec201\",\"inferenceHash\":\"sig_127c4bc7\",\"motifHash\":\"sig_510b1ad\",\"distractorHash\":\"sig_4306d95f\"},\"corpusAlignment\":{\"score\":8.12,\"deviations\":[{\"metric\":\"topology-frequency\",\"actual\":\"formula-network\",\"expected\":\"higher-frequency corpus topology\",\"message\":\"Topology is less common than the target corpus profile.\"},{\"metric\":\"distractor-pattern\",\"actual\":\"wrongIntermediateValue\",\"expected\":\"higher-frequency corpus distractor families\",\"message\":\"Distractor distribution is weaker or less corpus-like than expected.\"}],\"matchedPatterns\":[\"Clue density aligns with extracted PYQ corpus ranges.\",\"Inference depth tracks the target corpus difficulty curve.\",\"Wording complexity resembles the PYQ corpus style.\",\"Formula/calculation complexity aligns with corpus behavior.\"]},\"originalityScore\":{\"score\":8.04,\"penalties\":[\"Distractor ordering looks mechanically repeated.\",\"Wording normalization indicates a repeated surface template pattern.\"],\"diagnostics\":[\"PYQ-derived intelligence is treated as calibration guidance only, not as a template source.\",\"Clue topology penalty 0, formula repetition penalty 0, distractor ordering penalty 0.667.\",\"Corpus alignment pressure 0 while preserving topic weighting and realism guidance only.\"]},\"difficultyConfidence\":{\"predictedDifficulty\":\"Medium\",\"confidence\":5.15,\"explanation\":\"Intended difficulty Hard (7.7), predicted Medium (4.6). Signals used: solving complexity 3.5, elimination depth 0, branching 0, distractor quality 3. Human-solver simulation combined inference depth 5 with solver trace support 0 and branching factor 0.\"}},\"reasoningSteps\":[\"square both sides: Apply the motif condition before evaluating the target quantity.\",\"multi-step: Since $\\\\sqrt{x+5}=x-1$, we need $x\\\\ge1$.\",\"multi-step: Squaring gives $x+5=(x-1)^2=x^2-2x+1$.\",\"multi-step: So $x^2-3x-4=0$, giving $x=4$ or $x=-1$.\",\"conditional: $x=-1$ is extraneous because $x\\\\ge1$ is required. Hence $x=4$.\"],\"dependencyComplexity\":5,\"operationChain\":[\"transform\",\"aggregate\",\"reverse\",\"infer\"],\"difficulty\":\"Hard\",\"difficultyScore\":7.7,\"difficultyLabel\":\"Hard\",\"difficultyMetadata\":{\"difficultyScore\":7.7,\"difficultyLabel\":\"Hard\",\"estimatedSolveTime\":149,\"operationCount\":4,\"reasoningDepth\":5,\"reasoningSteps\":[\"square both sides: Apply the motif condition before evaluating the target quantity.\",\"multi-step: Since $\\\\sqrt{x+5}=x-1$, we need $x\\\\ge1$.\",\"multi-step: Squaring gives $x+5=(x-1)^2=x^2-2x+1$.\",\"multi-step: So $x^2-3x-4=0$, giving $x=4$ or $x=-1$.\",\"conditional: $x=-1$ is extraneous because $x\\\\ge1$ is required. Hence $x=4$.\"],\"dependencyComplexity\":5,\"operationChain\":[\"transform\",\"aggregate\",\"reverse\",\"infer\"],\"usesPercentage\":false,\"usesRatio\":false,\"usesComparison\":false,\"visualComplexity\":0,\"inferenceComplexity\":5},\"generationMetrics\":{\"generationDurationMs\":1,\"validationRetries\":0,\"uniquenessFailures\":0,\"branchingFactor\":0,\"clueDensity\":0,\"inferenceDepth\":5,\"redundancyScore\":0}}]}",
        "{\"cachedQuestionCount\":1,\"selectedMotifs\":[\"eqn-special-radical\"],\"hasSolverTraces\":false,\"hasSvgSnapshots\":false,\"hasExplanationFlow\":false}",
        "reasoning-generator-v1",
        "motif-registry-v1:06680ca3d5549782e3981bc3daeb7719e3d50799d09884b15ab19aab8e6749f3",
        "topology-contract-v1:409c496459b1fc1a7b1e335f0b47e27c83be21a95c5dd9d7ddf09476ffefd733",
        "{\"generationContext\":{\"seed\":\"auto-seed:0644e231-80c7-4d99-9a08-1d1494149d37\",\"generationId\":\"gen_18dbcb7e\",\"timestamp\":1778308494533},\"questions\":[{\"text\":\"Solve $\\\\sqrt{x+5}=x-1$. Choose the valid root.\",\"options\":[\"$4$\",\"$-1$\",\"$1$\",\"$5$\"],\"correct\":0,\"explanation\":\"Since $\\\\sqrt{x+5}=x-1$, we need $x\\\\ge1$.\\nSquaring gives $x+5=(x-1)^{2}=x^{2}-2x+1$.\\nSo $x^{2}-3x-4=0$, giving $x=4$ or $x=-1$.\\n$x=-1$ is extraneous because $x\\\\ge1$ is required. Hence $x=4$.\\nFinal answer = $4$.\",\"section\":\"Quant\",\"topic\":\"Equations: Special Forms\",\"subtopic\":\"equations\",\"optionMetadata\":[{\"value\":\"$4$\",\"isCorrect\":true,\"distractorType\":\"correct\",\"likelyMistake\":\"Correct equation path\",\"reasoningTrap\":\"None\"},{\"value\":\"$-1$\",\"isCorrect\":false,\"distractorType\":\"wrongIntermediateValue\",\"likelyMistake\":\"Extraneous_Root_Trap\",\"reasoningTrap\":\"Extraneous_Root_Trap\"},{\"value\":\"$1$\",\"isCorrect\":false,\"distractorType\":\"wrongIntermediateValue\",\"likelyMistake\":\"Square_Root_Principle_Error\",\"reasoningTrap\":\"Square_Root_Principle_Error\"},{\"value\":\"$5$\",\"isCorrect\":false,\"distractorType\":\"wrongIntermediateValue\",\"likelyMistake\":\"Surd_Rationalization_Slip\",\"reasoningTrap\":\"Surd_Rationalization_Slip\"}],\"examRealismMetadata\":{\"examProfile\":\"custom\",\"wordingStyle\":\"balanced\",\"archetypeId\":\"hard-nested-operations\",\"archetypeCategory\":\"nested-operations\",\"reasoningTraps\":[\"Extraneous_Root_Trap\",\"Square_Root_Principle_Error\",\"Surd_Rationalization_Slip\"],\"weightingSummary\":[\"Archetype weight 1.00\",\"Trap bias 1.00\",\"Inference bias 1.00\",\"Distractor mix wrongIntermediateValue, wrongIntermediateValue, wrongIntermediateValue\"]},\"debugMetadata\":{\"selectedPattern\":\"registry-equations-special-hard\",\"seed\":\"auto-seed:0644e231-80c7-4d99-9a08-1d1494149d37\",\"generationId\":\"gen_18dbcb7e\",\"generationDomain\":\"quant\",\"selectedMotif\":\"eqn-special-radical\",\"selectedArchetype\":\"hard-nested-operations\",\"structuralSignatureKey\":\"eqn-special-radical::radical-validate-root::4\",\"scenarioLogicBranch\":\"radical-validate-root\",\"compatibilityWarnings\":[],\"generationMetrics\":{\"generationDurationMs\":1,\"validationRetries\":0,\"uniquenessFailures\":0,\"branchingFactor\":0,\"clueDensity\":0,\"inferenceDepth\":5,\"redundancyScore\":0},\"proceduralScenario\":{\"id\":\"quant:gen_18dbcb7e:registry-equations-special-hard\",\"domain\":\"quant\",\"subtype\":\"equations\",\"metadata\":{\"patternId\":\"registry-equations-special-hard\",\"topic\":\"Equations: Special Forms\",\"subtopic\":\"equations\",\"generationDomain\":\"quant\",\"seed\":\"auto-seed:0644e231-80c7-4d99-9a08-1d1494149d37\"},\"entities\":[],\"constraints\":[{\"id\":\"quant-formula\",\"type\":\"formula\",\"operator\":\"EQUALS\",\"expression\":\"0\",\"metadata\":{\"variables\":[]}}],\"content\":{\"stem\":\"Solve $\\\\sqrt{x+5}=x-1$. Choose the valid root.\",\"prompt\":\"Solve $\\\\sqrt{x+5}=x-1$. Choose the valid root.\",\"options\":[\"$4$\",\"$-1$\",\"$1$\",\"$5$\"],\"explanation\":\"Since $\\\\sqrt{x+5}=x-1$, we need $x\\\\ge1$.\\nSquaring gives $x+5=(x-1)^{2}=x^{2}-2x+1$.\\nSo $x^{2}-3x-4=0$, giving $x=4$ or $x=-1$.\\n$x=-1$ is extraneous because $x\\\\ge1$ is required. Hence $x=4$.\\nFinal answer = $4$.\",\"artifacts\":{}},\"difficulty\":{\"label\":\"Hard\",\"score\":7.7,\"inferenceDepth\":5,\"metrics\":{\"reasoningDepth\":5,\"dependencyComplexity\":5,\"estimatedSolveTime\":149,\"distractorCount\":3,\"calculationComplexity\":4,\"cognitiveLoadBase\":4.1,\"ambiguityScoreBase\":0}},\"validation\":{\"passed\":false,\"warnings\":[\"Scenario has no normalized entities.\"],\"metrics\":{\"clueCount\":0,\"inferenceDepth\":0,\"uniquenessVerified\":0,\"entityCount\":0,\"constraintCount\":1,\"hasPrompt\":1,\"warningCount\":0,\"difficultyScore\":7.7,\"reasoningDepth\":5,\"redundancyScore\":0,\"redundancyRatio\":0,\"hasFormula\":1}}},\"validationReportDetail\":{\"passed\":false,\"stageResults\":[{\"stage\":\"structural validity\",\"passed\":false,\"diagnostics\":[\"Scenario has no normalized entities.\"],\"metrics\":{\"entityCount\":0,\"constraintCount\":1,\"hasPrompt\":1}},{\"stage\":\"solvability\",\"passed\":true,\"diagnostics\":[],\"metrics\":{\"warningCount\":0}},{\"stage\":\"uniqueness\",\"passed\":true,\"diagnostics\":[],\"metrics\":{\"uniquenessVerified\":0}},{\"stage\":\"difficulty calibration\",\"passed\":true,\"diagnostics\":[],\"metrics\":{\"difficultyScore\":7.7,\"reasoningDepth\":5}},{\"stage\":\"redundancy analysis\",\"passed\":true,\"diagnostics\":[],\"metrics\":{\"redundancyScore\":0,\"redundancyRatio\":0}},{\"stage\":\"equation solvability\",\"passed\":true,\"diagnostics\":[],\"metrics\":{\"hasFormula\":1}}],\"warnings\":[\"Scenario has no normalized entities.\"],\"metrics\":{\"clueCount\":0,\"inferenceDepth\":0,\"uniquenessVerified\":0,\"entityCount\":0,\"constraintCount\":1,\"hasPrompt\":1,\"warningCount\":0,\"difficultyScore\":7.7,\"reasoningDepth\":5,\"redundancyScore\":0,\"redundancyRatio\":0,\"hasFormula\":1}},\"difficultyAssessment\":{\"difficultyLabel\":\"Hard\",\"difficultyScore\":7.7,\"cognitiveLoad\":3.55,\"inferenceDepth\":5,\"calculationComplexity\":4,\"distractorComplexity\":3,\"ambiguityScore\":1.05,\"solvingTimeEstimate\":149,\"domainContributions\":{\"operationCount\":4,\"visualComplexity\":0,\"inferenceComplexity\":5},\"metrics\":{\"reasoningDepth\":5,\"dependencyComplexity\":5,\"estimatedSolveTime\":149,\"distractorCount\":3,\"calculationComplexity\":4,\"cognitiveLoadBase\":4.1,\"ambiguityScoreBase\":0}},\"qualityAssessment\":{\"approved\":false,\"rejectionReasons\":[\"failed-validation\",\"low-realism-score\",\"weak-distractors\"],\"qualityMetrics\":{\"realismScore\":0,\"validationPassed\":0,\"structuralDiversityScore\":1,\"repeatedStructureWarnings\":0,\"directClueRatio\":0,\"difficultyConfidence\":10,\"distractorComplexity\":3,\"distractorTypeCount\":0,\"genericDistractorRatio\":1,\"hasStructuralSignature\":1}},\"extractedPatternIntelligence\":{\"domain\":\"quant\",\"structure\":{\"domain\":\"quant\",\"subtype\":\"equations\",\"entityCount\":0,\"constraintCount\":1,\"structureTokens\":[\"variables:\",\"constraint:formula\"],\"topology\":\"formula-network\",\"metadata\":{\"formula\":\"0\"}},\"difficulty\":{\"cognitiveLoad\":4.1,\"inferenceDepth\":5,\"calculationComplexity\":4,\"distractorComplexity\":3,\"ambiguityScore\":0,\"solvingTimeEstimate\":149,\"difficultyBand\":\"Hard\"},\"distractors\":[{\"type\":\"wrongIntermediateValue\",\"label\":\"wrongIntermediateValue\",\"trapType\":\"wrongIntermediateValue\",\"frequency\":3}],\"motifs\":[{\"motifId\":\"eqn-special-radical\",\"domain\":\"quant\",\"archetype\":\"general\",\"confidence\":0.95,\"metadata\":{\"generated\":\"selectedMotif\"}}]},\"structuralSignature\":{\"domain\":\"quant\",\"topologyHash\":\"sig_604ec201\",\"inferenceHash\":\"sig_127c4bc7\",\"motifHash\":\"sig_510b1ad\",\"distractorHash\":\"sig_4306d95f\"},\"corpusAlignment\":{\"score\":8.12,\"deviations\":[{\"metric\":\"topology-frequency\",\"actual\":\"formula-network\",\"expected\":\"higher-frequency corpus topology\",\"message\":\"Topology is less common than the target corpus profile.\"},{\"metric\":\"distractor-pattern\",\"actual\":\"wrongIntermediateValue\",\"expected\":\"higher-frequency corpus distractor families\",\"message\":\"Distractor distribution is weaker or less corpus-like than expected.\"}],\"matchedPatterns\":[\"Clue density aligns with extracted PYQ corpus ranges.\",\"Inference depth tracks the target corpus difficulty curve.\",\"Wording complexity resembles the PYQ corpus style.\",\"Formula/calculation complexity aligns with corpus behavior.\"]},\"originalityScore\":{\"score\":8.04,\"penalties\":[\"Distractor ordering looks mechanically repeated.\",\"Wording normalization indicates a repeated surface template pattern.\"],\"diagnostics\":[\"PYQ-derived intelligence is treated as calibration guidance only, not as a template source.\",\"Clue topology penalty 0, formula repetition penalty 0, distractor ordering penalty 0.667.\",\"Corpus alignment pressure 0 while preserving topic weighting and realism guidance only.\"]},\"difficultyConfidence\":{\"predictedDifficulty\":\"Medium\",\"confidence\":5.15,\"explanation\":\"Intended difficulty Hard (7.7), predicted Medium (4.6). Signals used: solving complexity 3.5, elimination depth 0, branching 0, distractor quality 3. Human-solver simulation combined inference depth 5 with solver trace support 0 and branching factor 0.\"}},\"reasoningSteps\":[\"square both sides: Apply the motif condition before evaluating the target quantity.\",\"multi-step: Since $\\\\sqrt{x+5}=x-1$, we need $x\\\\ge1$.\",\"multi-step: Squaring gives $x+5=(x-1)^2=x^2-2x+1$.\",\"multi-step: So $x^2-3x-4=0$, giving $x=4$ or $x=-1$.\",\"conditional: $x=-1$ is extraneous because $x\\\\ge1$ is required. Hence $x=4$.\"],\"dependencyComplexity\":5,\"operationChain\":[\"transform\",\"aggregate\",\"reverse\",\"infer\"],\"difficulty\":\"Hard\",\"difficultyScore\":7.7,\"difficultyLabel\":\"Hard\",\"difficultyMetadata\":{\"difficultyScore\":7.7,\"difficultyLabel\":\"Hard\",\"estimatedSolveTime\":149,\"operationCount\":4,\"reasoningDepth\":5,\"reasoningSteps\":[\"square both sides: Apply the motif condition before evaluating the target quantity.\",\"multi-step: Since $\\\\sqrt{x+5}=x-1$, we need $x\\\\ge1$.\",\"multi-step: Squaring gives $x+5=(x-1)^2=x^2-2x+1$.\",\"multi-step: So $x^2-3x-4=0$, giving $x=4$ or $x=-1$.\",\"conditional: $x=-1$ is extraneous because $x\\\\ge1$ is required. Hence $x=4$.\"],\"dependencyComplexity\":5,\"operationChain\":[\"transform\",\"aggregate\",\"reverse\",\"infer\"],\"usesPercentage\":false,\"usesRatio\":false,\"usesComparison\":false,\"visualComplexity\":0,\"inferenceComplexity\":5},\"generationMetrics\":{\"generationDurationMs\":1,\"validationRetries\":0,\"uniquenessFailures\":0,\"branchingFactor\":0,\"clueDensity\":0,\"inferenceDepth\":5,\"redundancyScore\":0}}]}",
        "{\"cachedQuestionCount\":1,\"selectedMotifs\":[\"eqn-special-radical\"],\"hasSolverTraces\":false,\"hasSvgSnapshots\":false,\"hasExplanationFlow\":false}",
        "2026-05-09T06:34:55.342Z"
      ],
      "cause": {
        "name": "PostgresError",
        "severity_local": "ERROR",
        "severity": "ERROR",
        "code": "42P01",
        "position": "13",
        "file": "parse_relation.c",
        "line": "1449",
        "routine": "parserOpenTable"
      }
    }
[12:04:56.109] [32mINFO[39m (33908): [36mrequest completed[39m
    [35mreq[39m: {
      "id": 17,
      "method": "POST",
      "url": "/api/generator/pattern"
    }
    [35mres[39m: {
      "statusCode": 200
    }
    [35mresponseTime[39m: 1577
Generation metrics {
  patternId: 'registry-equations-modulus-hard',
  topic: 'Equations: Modulus',
  subtopic: 'equations',
  generationId: 'gen_c20381d3',
  generationDomain: 'quant',
  selectedMotif: 'eqn-mod-nested',
  difficultyLabel: 'Hard',
  metrics: {
    generationDurationMs: 0,
    validationRetries: 0,
    uniquenessFailures: 0,
    branchingFactor: 0,
    branchingComplexity: undefined,
    clueDensity: 0,
    inferenceDepth: 4,
    redundancyScore: 0,
    deductionDependencyScore: undefined,
    redundancyRatio: undefined,
    anchorDensity: undefined,
    directClueRatio: undefined
  }
}
[12:04:56.913] [33mWARN[39m (33908): [36mGeneration cache lookup failed; falling back to live generation[39m
    [35mpatternId[39m: "registry-equations-modulus-hard"
    error: {
      "query": "select \"key\", \"pattern_id\", \"generation_domain\", \"generator_version\", \"motif_version\", \"topology_version\", \"request_fingerprint\", \"payload\", \"artifact_metadata\", \"created_at\", \"last_accessed_at\", \"hit_count\" from \"reasoning_scenario_cache\" where \"reasoning_scenario_cache\".\"key\" = $1 limit $2",
      "params": [
        "23471decc51da7f5d94c726ac40b30e5d3de7d60e972a250b5f4fe745a15f2fa",
        1
      ],
      "cause": {
        "name": "PostgresError",
        "severity_local": "ERROR",
        "severity": "ERROR",
        "code": "42P01",
        "position": "214",
        "file": "parse_relation.c",
        "line": "1449",
        "routine": "parserOpenTable"
      }
    }
[12:04:57.652] [33mWARN[39m (33908): [36mGeneration cache store failed; continuing without cache persistence[39m
    [35mpatternId[39m: "registry-equations-modulus-hard"
    error: {
      "query": "insert into \"reasoning_scenario_cache\" (\"key\", \"pattern_id\", \"generation_domain\", \"generator_version\", \"motif_version\", \"topology_version\", \"request_fingerprint\", \"payload\", \"artifact_metadata\", \"created_at\", \"last_accessed_at\", \"hit_count\") values ($1, $2, $3, $4, $5, $6, $7, $8, $9, default, default, default) on conflict (\"key\") do update set \"generator_version\" = $10, \"motif_version\" = $11, \"topology_version\" = $12, \"payload\" = $13, \"artifact_metadata\" = $14, \"last_accessed_at\" = $15",
      "params": [
        "23471decc51da7f5d94c726ac40b30e5d3de7d60e972a250b5f4fe745a15f2fa",
        "registry-equations-modulus-hard",
        "quant",
        "reasoning-generator-v1",
        "motif-registry-v1:9a460e6e1fd81e26a795b22d2f5e24dccbed371bdaca3a45340f4e22a540989b",
        "topology-contract-v1:409c496459b1fc1a7b1e335f0b47e27c83be21a95c5dd9d7ddf09476ffefd733",
        "cb44ad20cc3e59c426b1a3948fbc77f7a11e42cd6595024a853b666ae48b700d",
        "{\"generationContext\":{\"seed\":\"auto-seed:3f19a60c-1268-4f6d-9bd9-8f2c2979e74e\",\"generationId\":\"gen_c20381d3\",\"timestamp\":1778308496137},\"questions\":[{\"text\":\"Find the number of real solutions of $|x-2|+|x-8|=6$.\",\"options\":[\"$\\\\text{Infinitely many}$\",\"$2$\",\"$1$\",\"$0$\"],\"correct\":0,\"explanation\":\"$|x-2|+|x-8|$ is the sum of distances from $2$ and $8$.\\nFor every $x$ between $2$ and $8$, the sum of distances is exactly $6$.\\nHence there are infinitely many real solutions.\\nFinal answer = $\\\\text{Infinitely many}$.\",\"section\":\"Quant\",\"topic\":\"Equations: Modulus\",\"subtopic\":\"equations\",\"optionMetadata\":[{\"value\":\"$\\\\text{Infinitely many}$\",\"isCorrect\":true,\"distractorType\":\"correct\",\"likelyMistake\":\"Correct equation path\",\"reasoningTrap\":\"None\"},{\"value\":\"$2$\",\"isCorrect\":false,\"distractorType\":\"wrongIntermediateValue\",\"likelyMistake\":\"Modulus_Case_Omission\",\"reasoningTrap\":\"Modulus_Case_Omission\"},{\"value\":\"$1$\",\"isCorrect\":false,\"distractorType\":\"wrongIntermediateValue\",\"likelyMistake\":\"Modulus_Distance_Error\",\"reasoningTrap\":\"Modulus_Distance_Error\"},{\"value\":\"$0$\",\"isCorrect\":false,\"distractorType\":\"wrongIntermediateValue\",\"likelyMistake\":\"Integer_Constraint_Violation\",\"reasoningTrap\":\"Integer_Constraint_Violation\"}],\"examRealismMetadata\":{\"examProfile\":\"custom\",\"wordingStyle\":\"balanced\",\"archetypeId\":\"hard-nested-operations\",\"archetypeCategory\":\"nested-operations\",\"reasoningTraps\":[\"Modulus_Case_Omission\",\"Modulus_Distance_Error\",\"Integer_Constraint_Violation\"],\"weightingSummary\":[\"Archetype weight 1.00\",\"Trap bias 1.00\",\"Inference bias 1.00\",\"Distractor mix wrongIntermediateValue, wrongIntermediateValue, wrongIntermediateValue\"]},\"debugMetadata\":{\"selectedPattern\":\"registry-equations-modulus-hard\",\"seed\":\"auto-seed:3f19a60c-1268-4f6d-9bd9-8f2c2979e74e\",\"generationId\":\"gen_c20381d3\",\"generationDomain\":\"quant\",\"selectedMotif\":\"eqn-mod-nested\",\"selectedArchetype\":\"hard-nested-operations\",\"structuralSignatureKey\":\"eqn-mod-nested::distance-critical-points::999\",\"scenarioLogicBranch\":\"distance-critical-points\",\"compatibilityWarnings\":[],\"generationMetrics\":{\"generationDurationMs\":0,\"validationRetries\":0,\"uniquenessFailures\":0,\"branchingFactor\":0,\"clueDensity\":0,\"inferenceDepth\":4,\"redundancyScore\":0},\"proceduralScenario\":{\"id\":\"quant:gen_c20381d3:registry-equations-modulus-hard\",\"domain\":\"quant\",\"subtype\":\"equations\",\"metadata\":{\"patternId\":\"registry-equations-modulus-hard\",\"topic\":\"Equations: Modulus\",\"subtopic\":\"equations\",\"generationDomain\":\"quant\",\"seed\":\"auto-seed:3f19a60c-1268-4f6d-9bd9-8f2c2979e74e\"},\"entities\":[],\"constraints\":[{\"id\":\"quant-formula\",\"type\":\"formula\",\"operator\":\"EQUALS\",\"expression\":\"0\",\"metadata\":{\"variables\":[]}}],\"content\":{\"stem\":\"Find the number of real solutions of $|x-2|+|x-8|=6$.\",\"prompt\":\"Find the number of real solutions of $|x-2|+|x-8|=6$.\",\"options\":[\"$\\\\text{Infinitely many}$\",\"$2$\",\"$1$\",\"$0$\"],\"explanation\":\"$|x-2|+|x-8|$ is the sum of distances from $2$ and $8$.\\nFor every $x$ between $2$ and $8$, the sum of distances is exactly $6$.\\nHence there are infinitely many real solutions.\\nFinal answer = $\\\\text{Infinitely many}$.\",\"artifacts\":{}},\"difficulty\":{\"label\":\"Hard\",\"score\":7.7,\"inferenceDepth\":4,\"metrics\":{\"reasoningDepth\":4,\"dependencyComplexity\":4,\"estimatedSolveTime\":149,\"distractorCount\":3,\"calculationComplexity\":4,\"cognitiveLoadBase\":3.5,\"ambiguityScoreBase\":0}},\"validation\":{\"passed\":false,\"warnings\":[\"Scenario has no normalized entities.\"],\"metrics\":{\"clueCount\":0,\"inferenceDepth\":0,\"uniquenessVerified\":0,\"entityCount\":0,\"constraintCount\":1,\"hasPrompt\":1,\"warningCount\":0,\"difficultyScore\":7.7,\"reasoningDepth\":4,\"redundancyScore\":0,\"redundancyRatio\":0,\"hasFormula\":1}}},\"validationReportDetail\":{\"passed\":false,\"stageResults\":[{\"stage\":\"structural validity\",\"passed\":false,\"diagnostics\":[\"Scenario has no normalized entities.\"],\"metrics\":{\"entityCount\":0,\"constraintCount\":1,\"hasPrompt\":1}},{\"stage\":\"solvability\",\"passed\":true,\"diagnostics\":[],\"metrics\":{\"warningCount\":0}},{\"stage\":\"uniqueness\",\"passed\":true,\"diagnostics\":[],\"metrics\":{\"uniquenessVerified\":0}},{\"stage\":\"difficulty calibration\",\"passed\":true,\"diagnostics\":[],\"metrics\":{\"difficultyScore\":7.7,\"reasoningDepth\":4}},{\"stage\":\"redundancy analysis\",\"passed\":true,\"diagnostics\":[],\"metrics\":{\"redundancyScore\":0,\"redundancyRatio\":0}},{\"stage\":\"equation solvability\",\"passed\":true,\"diagnostics\":[],\"metrics\":{\"hasFormula\":1}}],\"warnings\":[\"Scenario has no normalized entities.\"],\"metrics\":{\"clueCount\":0,\"inferenceDepth\":0,\"uniquenessVerified\":0,\"entityCount\":0,\"constraintCount\":1,\"hasPrompt\":1,\"warningCount\":0,\"difficultyScore\":7.7,\"reasoningDepth\":4,\"redundancyScore\":0,\"redundancyRatio\":0,\"hasFormula\":1}},\"difficultyAssessment\":{\"difficultyLabel\":\"Hard\",\"difficultyScore\":7.7,\"cognitiveLoad\":3.31,\"inferenceDepth\":4,\"calculationComplexity\":4,\"distractorComplexity\":3,\"ambiguityScore\":1.05,\"solvingTimeEstimate\":149,\"domainContributions\":{\"operationCount\":4,\"visualComplexity\":0,\"inferenceComplexity\":4},\"metrics\":{\"reasoningDepth\":4,\"dependencyComplexity\":4,\"estimatedSolveTime\":149,\"distractorCount\":3,\"calculationComplexity\":4,\"cognitiveLoadBase\":3.5,\"ambiguityScoreBase\":0}},\"qualityAssessment\":{\"approved\":false,\"rejectionReasons\":[\"failed-validation\",\"low-realism-score\",\"weak-distractors\"],\"qualityMetrics\":{\"realismScore\":0,\"validationPassed\":0,\"structuralDiversityScore\":1,\"repeatedStructureWarnings\":0,\"directClueRatio\":0,\"difficultyConfidence\":10,\"distractorComplexity\":3,\"distractorTypeCount\":0,\"genericDistractorRatio\":1,\"hasStructuralSignature\":1}},\"extractedPatternIntelligence\":{\"domain\":\"quant\",\"structure\":{\"domain\":\"quant\",\"subtype\":\"equations\",\"entityCount\":0,\"constraintCount\":1,\"structureTokens\":[\"variables:\",\"constraint:formula\"],\"topology\":\"formula-network\",\"metadata\":{\"formula\":\"0\"}},\"difficulty\":{\"cognitiveLoad\":3.5,\"inferenceDepth\":4,\"calculationComplexity\":4,\"distractorComplexity\":3,\"ambiguityScore\":0,\"solvingTimeEstimate\":149,\"difficultyBand\":\"Hard\"},\"distractors\":[{\"type\":\"wrongIntermediateValue\",\"label\":\"wrongIntermediateValue\",\"trapType\":\"wrongIntermediateValue\",\"frequency\":3}],\"motifs\":[{\"motifId\":\"eqn-mod-nested\",\"domain\":\"quant\",\"archetype\":\"general\",\"confidence\":0.95,\"metadata\":{\"generated\":\"selectedMotif\"}}]},\"structuralSignature\":{\"domain\":\"quant\",\"topologyHash\":\"sig_604ec201\",\"inferenceHash\":\"sig_effffcdf\",\"motifHash\":\"sig_1102ba07\",\"distractorHash\":\"sig_4306d95f\"},\"corpusAlignment\":{\"score\":8.43,\"deviations\":[{\"metric\":\"topology-frequency\",\"actual\":\"formula-network\",\"expected\":\"higher-frequency corpus topology\",\"message\":\"Topology is less common than the target corpus profile.\"},{\"metric\":\"distractor-pattern\",\"actual\":\"wrongIntermediateValue\",\"expected\":\"higher-frequency corpus distractor families\",\"message\":\"Distractor distribution is weaker or less corpus-like than expected.\"}],\"matchedPatterns\":[\"Clue density aligns with extracted PYQ corpus ranges.\",\"Inference depth tracks the target corpus difficulty curve.\",\"Wording complexity resembles the PYQ corpus style.\",\"Formula/calculation complexity aligns with corpus behavior.\"]},\"originalityScore\":{\"score\":7.41,\"penalties\":[\"Distractor ordering looks mechanically repeated.\",\"Wording normalization indicates a repeated surface template pattern.\"],\"diagnostics\":[\"PYQ-derived intelligence is treated as calibration guidance only, not as a template source.\",\"Clue topology penalty 0, formula repetition penalty 0, distractor ordering penalty 0.667.\",\"Corpus alignment pressure 0.128 while preserving topic weighting and realism guidance only.\"]},\"difficultyConfidence\":{\"predictedDifficulty\":\"Medium\",\"confidence\":4.54,\"explanation\":\"Intended difficulty Hard (7.7), predicted Medium (4.2). Signals used: solving complexity 3.3, elimination depth 0, branching 0, distractor quality 3. Human-solver simulation combined inference depth 4 with solver trace support 0 and branching factor 0.\"}},\"reasoningSteps\":[\"nested case split: Apply the motif condition before evaluating the target quantity.\",\"conditional: $|x-2|+|x-8|$ is the sum of distances from $2$ and $8$.\",\"conditional: For every $x$ between $2$ and $8$, the sum of distances is exactly $6$.\",\"direct: Hence there are infinitely many real solutions.\"],\"dependencyComplexity\":4,\"operationChain\":[\"transform\",\"aggregate\",\"reverse\",\"infer\"],\"difficulty\":\"Hard\",\"difficultyScore\":7.7,\"difficultyLabel\":\"Hard\",\"difficultyMetadata\":{\"difficultyScore\":7.7,\"difficultyLabel\":\"Hard\",\"estimatedSolveTime\":149,\"operationCount\":4,\"reasoningDepth\":4,\"reasoningSteps\":[\"nested case split: Apply the motif condition before evaluating the target quantity.\",\"conditional: $|x-2|+|x-8|$ is the sum of distances from $2$ and $8$.\",\"conditional: For every $x$ between $2$ and $8$, the sum of distances is exactly $6$.\",\"direct: Hence there are infinitely many real solutions.\"],\"dependencyComplexity\":4,\"operationChain\":[\"transform\",\"aggregate\",\"reverse\",\"infer\"],\"usesPercentage\":false,\"usesRatio\":false,\"usesComparison\":false,\"visualComplexity\":0,\"inferenceComplexity\":4},\"generationMetrics\":{\"generationDurationMs\":0,\"validationRetries\":0,\"uniquenessFailures\":0,\"branchingFactor\":0,\"clueDensity\":0,\"inferenceDepth\":4,\"redundancyScore\":0}}]}",
        "{\"cachedQuestionCount\":1,\"selectedMotifs\":[\"eqn-mod-nested\"],\"hasSolverTraces\":false,\"hasSvgSnapshots\":false,\"hasExplanationFlow\":false}",
        "reasoning-generator-v1",
        "motif-registry-v1:9a460e6e1fd81e26a795b22d2f5e24dccbed371bdaca3a45340f4e22a540989b",
        "topology-contract-v1:409c496459b1fc1a7b1e335f0b47e27c83be21a95c5dd9d7ddf09476ffefd733",
        "{\"generationContext\":{\"seed\":\"auto-seed:3f19a60c-1268-4f6d-9bd9-8f2c2979e74e\",\"generationId\":\"gen_c20381d3\",\"timestamp\":1778308496137},\"questions\":[{\"text\":\"Find the number of real solutions of $|x-2|+|x-8|=6$.\",\"options\":[\"$\\\\text{Infinitely many}$\",\"$2$\",\"$1$\",\"$0$\"],\"correct\":0,\"explanation\":\"$|x-2|+|x-8|$ is the sum of distances from $2$ and $8$.\\nFor every $x$ between $2$ and $8$, the sum of distances is exactly $6$.\\nHence there are infinitely many real solutions.\\nFinal answer = $\\\\text{Infinitely many}$.\",\"section\":\"Quant\",\"topic\":\"Equations: Modulus\",\"subtopic\":\"equations\",\"optionMetadata\":[{\"value\":\"$\\\\text{Infinitely many}$\",\"isCorrect\":true,\"distractorType\":\"correct\",\"likelyMistake\":\"Correct equation path\",\"reasoningTrap\":\"None\"},{\"value\":\"$2$\",\"isCorrect\":false,\"distractorType\":\"wrongIntermediateValue\",\"likelyMistake\":\"Modulus_Case_Omission\",\"reasoningTrap\":\"Modulus_Case_Omission\"},{\"value\":\"$1$\",\"isCorrect\":false,\"distractorType\":\"wrongIntermediateValue\",\"likelyMistake\":\"Modulus_Distance_Error\",\"reasoningTrap\":\"Modulus_Distance_Error\"},{\"value\":\"$0$\",\"isCorrect\":false,\"distractorType\":\"wrongIntermediateValue\",\"likelyMistake\":\"Integer_Constraint_Violation\",\"reasoningTrap\":\"Integer_Constraint_Violation\"}],\"examRealismMetadata\":{\"examProfile\":\"custom\",\"wordingStyle\":\"balanced\",\"archetypeId\":\"hard-nested-operations\",\"archetypeCategory\":\"nested-operations\",\"reasoningTraps\":[\"Modulus_Case_Omission\",\"Modulus_Distance_Error\",\"Integer_Constraint_Violation\"],\"weightingSummary\":[\"Archetype weight 1.00\",\"Trap bias 1.00\",\"Inference bias 1.00\",\"Distractor mix wrongIntermediateValue, wrongIntermediateValue, wrongIntermediateValue\"]},\"debugMetadata\":{\"selectedPattern\":\"registry-equations-modulus-hard\",\"seed\":\"auto-seed:3f19a60c-1268-4f6d-9bd9-8f2c2979e74e\",\"generationId\":\"gen_c20381d3\",\"generationDomain\":\"quant\",\"selectedMotif\":\"eqn-mod-nested\",\"selectedArchetype\":\"hard-nested-operations\",\"structuralSignatureKey\":\"eqn-mod-nested::distance-critical-points::999\",\"scenarioLogicBranch\":\"distance-critical-points\",\"compatibilityWarnings\":[],\"generationMetrics\":{\"generationDurationMs\":0,\"validationRetries\":0,\"uniquenessFailures\":0,\"branchingFactor\":0,\"clueDensity\":0,\"inferenceDepth\":4,\"redundancyScore\":0},\"proceduralScenario\":{\"id\":\"quant:gen_c20381d3:registry-equations-modulus-hard\",\"domain\":\"quant\",\"subtype\":\"equations\",\"metadata\":{\"patternId\":\"registry-equations-modulus-hard\",\"topic\":\"Equations: Modulus\",\"subtopic\":\"equations\",\"generationDomain\":\"quant\",\"seed\":\"auto-seed:3f19a60c-1268-4f6d-9bd9-8f2c2979e74e\"},\"entities\":[],\"constraints\":[{\"id\":\"quant-formula\",\"type\":\"formula\",\"operator\":\"EQUALS\",\"expression\":\"0\",\"metadata\":{\"variables\":[]}}],\"content\":{\"stem\":\"Find the number of real solutions of $|x-2|+|x-8|=6$.\",\"prompt\":\"Find the number of real solutions of $|x-2|+|x-8|=6$.\",\"options\":[\"$\\\\text{Infinitely many}$\",\"$2$\",\"$1$\",\"$0$\"],\"explanation\":\"$|x-2|+|x-8|$ is the sum of distances from $2$ and $8$.\\nFor every $x$ between $2$ and $8$, the sum of distances is exactly $6$.\\nHence there are infinitely many real solutions.\\nFinal answer = $\\\\text{Infinitely many}$.\",\"artifacts\":{}},\"difficulty\":{\"label\":\"Hard\",\"score\":7.7,\"inferenceDepth\":4,\"metrics\":{\"reasoningDepth\":4,\"dependencyComplexity\":4,\"estimatedSolveTime\":149,\"distractorCount\":3,\"calculationComplexity\":4,\"cognitiveLoadBase\":3.5,\"ambiguityScoreBase\":0}},\"validation\":{\"passed\":false,\"warnings\":[\"Scenario has no normalized entities.\"],\"metrics\":{\"clueCount\":0,\"inferenceDepth\":0,\"uniquenessVerified\":0,\"entityCount\":0,\"constraintCount\":1,\"hasPrompt\":1,\"warningCount\":0,\"difficultyScore\":7.7,\"reasoningDepth\":4,\"redundancyScore\":0,\"redundancyRatio\":0,\"hasFormula\":1}}},\"validationReportDetail\":{\"passed\":false,\"stageResults\":[{\"stage\":\"structural validity\",\"passed\":false,\"diagnostics\":[\"Scenario has no normalized entities.\"],\"metrics\":{\"entityCount\":0,\"constraintCount\":1,\"hasPrompt\":1}},{\"stage\":\"solvability\",\"passed\":true,\"diagnostics\":[],\"metrics\":{\"warningCount\":0}},{\"stage\":\"uniqueness\",\"passed\":true,\"diagnostics\":[],\"metrics\":{\"uniquenessVerified\":0}},{\"stage\":\"difficulty calibration\",\"passed\":true,\"diagnostics\":[],\"metrics\":{\"difficultyScore\":7.7,\"reasoningDepth\":4}},{\"stage\":\"redundancy analysis\",\"passed\":true,\"diagnostics\":[],\"metrics\":{\"redundancyScore\":0,\"redundancyRatio\":0}},{\"stage\":\"equation solvability\",\"passed\":true,\"diagnostics\":[],\"metrics\":{\"hasFormula\":1}}],\"warnings\":[\"Scenario has no normalized entities.\"],\"metrics\":{\"clueCount\":0,\"inferenceDepth\":0,\"uniquenessVerified\":0,\"entityCount\":0,\"constraintCount\":1,\"hasPrompt\":1,\"warningCount\":0,\"difficultyScore\":7.7,\"reasoningDepth\":4,\"redundancyScore\":0,\"redundancyRatio\":0,\"hasFormula\":1}},\"difficultyAssessment\":{\"difficultyLabel\":\"Hard\",\"difficultyScore\":7.7,\"cognitiveLoad\":3.31,\"inferenceDepth\":4,\"calculationComplexity\":4,\"distractorComplexity\":3,\"ambiguityScore\":1.05,\"solvingTimeEstimate\":149,\"domainContributions\":{\"operationCount\":4,\"visualComplexity\":0,\"inferenceComplexity\":4},\"metrics\":{\"reasoningDepth\":4,\"dependencyComplexity\":4,\"estimatedSolveTime\":149,\"distractorCount\":3,\"calculationComplexity\":4,\"cognitiveLoadBase\":3.5,\"ambiguityScoreBase\":0}},\"qualityAssessment\":{\"approved\":false,\"rejectionReasons\":[\"failed-validation\",\"low-realism-score\",\"weak-distractors\"],\"qualityMetrics\":{\"realismScore\":0,\"validationPassed\":0,\"structuralDiversityScore\":1,\"repeatedStructureWarnings\":0,\"directClueRatio\":0,\"difficultyConfidence\":10,\"distractorComplexity\":3,\"distractorTypeCount\":0,\"genericDistractorRatio\":1,\"hasStructuralSignature\":1}},\"extractedPatternIntelligence\":{\"domain\":\"quant\",\"structure\":{\"domain\":\"quant\",\"subtype\":\"equations\",\"entityCount\":0,\"constraintCount\":1,\"structureTokens\":[\"variables:\",\"constraint:formula\"],\"topology\":\"formula-network\",\"metadata\":{\"formula\":\"0\"}},\"difficulty\":{\"cognitiveLoad\":3.5,\"inferenceDepth\":4,\"calculationComplexity\":4,\"distractorComplexity\":3,\"ambiguityScore\":0,\"solvingTimeEstimate\":149,\"difficultyBand\":\"Hard\"},\"distractors\":[{\"type\":\"wrongIntermediateValue\",\"label\":\"wrongIntermediateValue\",\"trapType\":\"wrongIntermediateValue\",\"frequency\":3}],\"motifs\":[{\"motifId\":\"eqn-mod-nested\",\"domain\":\"quant\",\"archetype\":\"general\",\"confidence\":0.95,\"metadata\":{\"generated\":\"selectedMotif\"}}]},\"structuralSignature\":{\"domain\":\"quant\",\"topologyHash\":\"sig_604ec201\",\"inferenceHash\":\"sig_effffcdf\",\"motifHash\":\"sig_1102ba07\",\"distractorHash\":\"sig_4306d95f\"},\"corpusAlignment\":{\"score\":8.43,\"deviations\":[{\"metric\":\"topology-frequency\",\"actual\":\"formula-network\",\"expected\":\"higher-frequency corpus topology\",\"message\":\"Topology is less common than the target corpus profile.\"},{\"metric\":\"distractor-pattern\",\"actual\":\"wrongIntermediateValue\",\"expected\":\"higher-frequency corpus distractor families\",\"message\":\"Distractor distribution is weaker or less corpus-like than expected.\"}],\"matchedPatterns\":[\"Clue density aligns with extracted PYQ corpus ranges.\",\"Inference depth tracks the target corpus difficulty curve.\",\"Wording complexity resembles the PYQ corpus style.\",\"Formula/calculation complexity aligns with corpus behavior.\"]},\"originalityScore\":{\"score\":7.41,\"penalties\":[\"Distractor ordering looks mechanically repeated.\",\"Wording normalization indicates a repeated surface template pattern.\"],\"diagnostics\":[\"PYQ-derived intelligence is treated as calibration guidance only, not as a template source.\",\"Clue topology penalty 0, formula repetition penalty 0, distractor ordering penalty 0.667.\",\"Corpus alignment pressure 0.128 while preserving topic weighting and realism guidance only.\"]},\"difficultyConfidence\":{\"predictedDifficulty\":\"Medium\",\"confidence\":4.54,\"explanation\":\"Intended difficulty Hard (7.7), predicted Medium (4.2). Signals used: solving complexity 3.3, elimination depth 0, branching 0, distractor quality 3. Human-solver simulation combined inference depth 4 with solver trace support 0 and branching factor 0.\"}},\"reasoningSteps\":[\"nested case split: Apply the motif condition before evaluating the target quantity.\",\"conditional: $|x-2|+|x-8|$ is the sum of distances from $2$ and $8$.\",\"conditional: For every $x$ between $2$ and $8$, the sum of distances is exactly $6$.\",\"direct: Hence there are infinitely many real solutions.\"],\"dependencyComplexity\":4,\"operationChain\":[\"transform\",\"aggregate\",\"reverse\",\"infer\"],\"difficulty\":\"Hard\",\"difficultyScore\":7.7,\"difficultyLabel\":\"Hard\",\"difficultyMetadata\":{\"difficultyScore\":7.7,\"difficultyLabel\":\"Hard\",\"estimatedSolveTime\":149,\"operationCount\":4,\"reasoningDepth\":4,\"reasoningSteps\":[\"nested case split: Apply the motif condition before evaluating the target quantity.\",\"conditional: $|x-2|+|x-8|$ is the sum of distances from $2$ and $8$.\",\"conditional: For every $x$ between $2$ and $8$, the sum of distances is exactly $6$.\",\"direct: Hence there are infinitely many real solutions.\"],\"dependencyComplexity\":4,\"operationChain\":[\"transform\",\"aggregate\",\"reverse\",\"infer\"],\"usesPercentage\":false,\"usesRatio\":false,\"usesComparison\":false,\"visualComplexity\":0,\"inferenceComplexity\":4},\"generationMetrics\":{\"generationDurationMs\":0,\"validationRetries\":0,\"uniquenessFailures\":0,\"branchingFactor\":0,\"clueDensity\":0,\"inferenceDepth\":4,\"redundancyScore\":0}}]}",
        "{\"cachedQuestionCount\":1,\"selectedMotifs\":[\"eqn-mod-nested\"],\"hasSolverTraces\":false,\"hasSvgSnapshots\":false,\"hasExplanationFlow\":false}",
        "2026-05-09T06:34:56.915Z"
      ],
      "cause": {
        "name": "PostgresError",
        "severity_local": "ERROR",
        "severity": "ERROR",
        "code": "42P01",
        "position": "13",
        "file": "parse_relation.c",
        "line": "1449",
        "routine": "parserOpenTable"
      }
    }
[12:04:57.652] [32mINFO[39m (33908): [36mrequest completed[39m
    [35mreq[39m: {
      "id": 18,
      "method": "POST",
      "url": "/api/generator/pattern"
    }
    [35mres[39m: {
      "statusCode": 200
    }
    [35mresponseTime[39m: 1516
Generation metrics {
  patternId: 'registry-equations-word-problems-medium',
  topic: 'Equations: Word Problems',
  subtopic: 'equations',
  generationId: 'gen_27e77048',
  generationDomain: 'quant',
  selectedMotif: 'eqn-word-geometry',
  difficultyLabel: 'Hard',
  metrics: {
    generationDurationMs: 1,
    validationRetries: 0,
    uniquenessFailures: 0,
    branchingFactor: 0,
    branchingComplexity: undefined,
    clueDensity: 0,
    inferenceDepth: 4,
    redundancyScore: 0,
    deductionDependencyScore: undefined,
    redundancyRatio: undefined,
    anchorDensity: undefined,
    directClueRatio: undefined
  }
}
[12:04:58.565] [33mWARN[39m (33908): [36mGeneration cache lookup failed; falling back to live generation[39m
    [35mpatternId[39m: "registry-equations-word-problems-medium"
    error: {
      "query": "select \"key\", \"pattern_id\", \"generation_domain\", \"generator_version\", \"motif_version\", \"topology_version\", \"request_fingerprint\", \"payload\", \"artifact_metadata\", \"created_at\", \"last_accessed_at\", \"hit_count\" from \"reasoning_scenario_cache\" where \"reasoning_scenario_cache\".\"key\" = $1 limit $2",
      "params": [
        "62ac9a4eacaa8686085808ee4458f0fa676ff13a8ed353326e6933dfc6443c1a",
        1
      ],
      "cause": {
        "name": "PostgresError",
        "severity_local": "ERROR",
        "severity": "ERROR",
        "code": "42P01",
        "position": "214",
        "file": "parse_relation.c",
        "line": "1449",
        "routine": "parserOpenTable"
      }
    }
[12:04:59.267] [33mWARN[39m (33908): [36mGeneration cache store failed; continuing without cache persistence[39m
    [35mpatternId[39m: "registry-equations-word-problems-medium"
    error: {
      "query": "insert into \"reasoning_scenario_cache\" (\"key\", \"pattern_id\", \"generation_domain\", \"generator_version\", \"motif_version\", \"topology_version\", \"request_fingerprint\", \"payload\", \"artifact_metadata\", \"created_at\", \"last_accessed_at\", \"hit_count\") values ($1, $2, $3, $4, $5, $6, $7, $8, $9, default, default, default) on conflict (\"key\") do update set \"generator_version\" = $10, \"motif_version\" = $11, \"topology_version\" = $12, \"payload\" = $13, \"artifact_metadata\" = $14, \"last_accessed_at\" = $15",
      "params": [
        "62ac9a4eacaa8686085808ee4458f0fa676ff13a8ed353326e6933dfc6443c1a",
        "registry-equations-word-problems-medium",
        "quant",
        "reasoning-generator-v1",
        "motif-registry-v1:0c8f36bf69daac9c66df2ca38db96f13ceb5c1d19474e057f148f552d99d71eb",
        "topology-contract-v1:409c496459b1fc1a7b1e335f0b47e27c83be21a95c5dd9d7ddf09476ffefd733",
        "9002d3dec77d473f10d7379dd177d72f76602140fcf2a51198ce2cdfb9e613b9",
        "{\"generationContext\":{\"seed\":\"auto-seed:04ee441a-7107-406a-812f-fbdc54a6d640\",\"generationId\":\"gen_27e77048\",\"timestamp\":1778308497731},\"questions\":[{\"text\":\"The length of a rectangle is $5$ cm more than its breadth. Its area is $84\\\\text{ cm}^{2}$. Find the breadth.\",\"options\":[\"$7\\\\text{ cm}$\",\"$12\\\\text{ cm}$\",\"$5\\\\text{ cm}$\",\"$17\\\\text{ cm}$\"],\"correct\":0,\"explanation\":\"Let the breadth be $b$ cm. Then length is $(b+5)$ cm.\\nArea equation: $b(b+5)=84$, so $b^{2}+5b-84=0$.\\n$(b+12)(b-7)=0$. Since breadth is positive, $b=7\\\\text{ cm}$.\\nFinal answer = $7\\\\text{ cm}$.\",\"section\":\"Quant\",\"topic\":\"Equations: Word Problems\",\"subtopic\":\"equations\",\"optionMetadata\":[{\"value\":\"$7\\\\text{ cm}$\",\"isCorrect\":true,\"distractorType\":\"correct\",\"likelyMistake\":\"Correct equation path\",\"reasoningTrap\":\"None\"},{\"value\":\"$12\\\\text{ cm}$\",\"isCorrect\":false,\"distractorType\":\"wrongIntermediateValue\",\"likelyMistake\":\"Integer_Constraint_Violation\",\"reasoningTrap\":\"Integer_Constraint_Violation\"},{\"value\":\"$5\\\\text{ cm}$\",\"isCorrect\":false,\"distractorType\":\"wrongIntermediateValue\",\"likelyMistake\":\"Substitution_Direction_Flip\",\"reasoningTrap\":\"Substitution_Direction_Flip\"},{\"value\":\"$17\\\\text{ cm}$\",\"isCorrect\":false,\"distractorType\":\"wrongIntermediateValue\",\"likelyMistake\":\"Square_Root_Principle_Error\",\"reasoningTrap\":\"Square_Root_Principle_Error\"}],\"examRealismMetadata\":{\"examProfile\":\"custom\",\"wordingStyle\":\"balanced\",\"archetypeId\":\"medium-comparison-chain\",\"archetypeCategory\":\"comparison-chain\",\"reasoningTraps\":[\"Integer_Constraint_Violation\",\"Substitution_Direction_Flip\",\"Square_Root_Principle_Error\"],\"weightingSummary\":[\"Archetype weight 1.00\",\"Trap bias 1.00\",\"Inference bias 1.00\",\"Distractor mix wrongIntermediateValue, wrongIntermediateValue, wrongIntermediateValue\"]},\"debugMetadata\":{\"selectedPattern\":\"registry-equations-word-problems-medium\",\"seed\":\"auto-seed:04ee441a-7107-406a-812f-fbdc54a6d640\",\"generationId\":\"gen_27e77048\",\"generationDomain\":\"quant\",\"selectedMotif\":\"eqn-word-geometry\",\"selectedArchetype\":\"medium-comparison-chain\",\"structuralSignatureKey\":\"eqn-word-geometry::rectangle-quadratic::7\",\"scenarioLogicBranch\":\"rectangle-quadratic\",\"compatibilityWarnings\":[],\"generationMetrics\":{\"generationDurationMs\":1,\"validationRetries\":0,\"uniquenessFailures\":0,\"branchingFactor\":0,\"clueDensity\":0,\"inferenceDepth\":4,\"redundancyScore\":0},\"proceduralScenario\":{\"id\":\"quant:gen_27e77048:registry-equations-word-problems-medium\",\"domain\":\"quant\",\"subtype\":\"equations\",\"metadata\":{\"patternId\":\"registry-equations-word-problems-medium\",\"topic\":\"Equations: Word Problems\",\"subtopic\":\"equations\",\"generationDomain\":\"quant\",\"seed\":\"auto-seed:04ee441a-7107-406a-812f-fbdc54a6d640\"},\"entities\":[],\"constraints\":[{\"id\":\"quant-formula\",\"type\":\"formula\",\"operator\":\"EQUALS\",\"expression\":\"0\",\"metadata\":{\"variables\":[]}}],\"content\":{\"stem\":\"The length of a rectangle is $5$ cm more than its breadth. Its area is $84\\\\text{ cm}^{2}$. Find the breadth.\",\"prompt\":\"The length of a rectangle is $5$ cm more than its breadth. Its area is $84\\\\text{ cm}^{2}$. Find the breadth.\",\"options\":[\"$7\\\\text{ cm}$\",\"$12\\\\text{ cm}$\",\"$5\\\\text{ cm}$\",\"$17\\\\text{ cm}$\"],\"explanation\":\"Let the breadth be $b$ cm. Then length is $(b+5)$ cm.\\nArea equation: $b(b+5)=84$, so $b^{2}+5b-84=0$.\\n$(b+12)(b-7)=0$. Since breadth is positive, $b=7\\\\text{ cm}$.\\nFinal answer = $7\\\\text{ cm}$.\",\"artifacts\":{}},\"difficulty\":{\"label\":\"Hard\",\"score\":5.9,\"inferenceDepth\":4,\"metrics\":{\"reasoningDepth\":4,\"dependencyComplexity\":4,\"estimatedSolveTime\":120,\"distractorCount\":3,\"calculationComplexity\":3,\"cognitiveLoadBase\":3.3,\"ambiguityScoreBase\":0}},\"validation\":{\"passed\":false,\"warnings\":[\"Scenario has no normalized entities.\"],\"metrics\":{\"clueCount\":0,\"inferenceDepth\":0,\"uniquenessVerified\":0,\"entityCount\":0,\"constraintCount\":1,\"hasPrompt\":1,\"warningCount\":0,\"difficultyScore\":5.9,\"reasoningDepth\":4,\"redundancyScore\":0,\"redundancyRatio\":0,\"hasFormula\":1}}},\"validationReportDetail\":{\"passed\":false,\"stageResults\":[{\"stage\":\"structural validity\",\"passed\":false,\"diagnostics\":[\"Scenario has no normalized entities.\"],\"metrics\":{\"entityCount\":0,\"constraintCount\":1,\"hasPrompt\":1}},{\"stage\":\"solvability\",\"passed\":true,\"diagnostics\":[],\"metrics\":{\"warningCount\":0}},{\"stage\":\"uniqueness\",\"passed\":true,\"diagnostics\":[],\"metrics\":{\"uniquenessVerified\":0}},{\"stage\":\"difficulty calibration\",\"passed\":true,\"diagnostics\":[],\"metrics\":{\"difficultyScore\":5.9,\"reasoningDepth\":4}},{\"stage\":\"redundancy analysis\",\"passed\":true,\"diagnostics\":[],\"metrics\":{\"redundancyScore\":0,\"redundancyRatio\":0}},{\"stage\":\"equation solvability\",\"passed\":true,\"diagnostics\":[],\"metrics\":{\"hasFormula\":1}}],\"warnings\":[\"Scenario has no normalized entities.\"],\"metrics\":{\"clueCount\":0,\"inferenceDepth\":0,\"uniquenessVerified\":0,\"entityCount\":0,\"constraintCount\":1,\"hasPrompt\":1,\"warningCount\":0,\"difficultyScore\":5.9,\"reasoningDepth\":4,\"redundancyScore\":0,\"redundancyRatio\":0,\"hasFormula\":1}},\"difficultyAssessment\":{\"difficultyLabel\":\"Hard\",\"difficultyScore\":5.9,\"cognitiveLoad\":2.89,\"inferenceDepth\":4,\"calculationComplexity\":3,\"distractorComplexity\":3,\"ambiguityScore\":1.05,\"solvingTimeEstimate\":120,\"domainContributions\":{\"operationCount\":3,\"visualComplexity\":0,\"inferenceComplexity\":4},\"metrics\":{\"reasoningDepth\":4,\"dependencyComplexity\":4,\"estimatedSolveTime\":120,\"distractorCount\":3,\"calculationComplexity\":3,\"cognitiveLoadBase\":3.3,\"ambiguityScoreBase\":0}},\"qualityAssessment\":{\"approved\":false,\"rejectionReasons\":[\"failed-validation\",\"low-realism-score\",\"weak-distractors\"],\"qualityMetrics\":{\"realismScore\":0,\"validationPassed\":0,\"structuralDiversityScore\":1,\"repeatedStructureWarnings\":0,\"directClueRatio\":0,\"difficultyConfidence\":10,\"distractorComplexity\":3,\"distractorTypeCount\":0,\"genericDistractorRatio\":1,\"hasStructuralSignature\":1}},\"extractedPatternIntelligence\":{\"domain\":\"quant\",\"structure\":{\"domain\":\"quant\",\"subtype\":\"equations\",\"entityCount\":0,\"constraintCount\":1,\"structureTokens\":[\"variables:\",\"constraint:formula\"],\"topology\":\"formula-network\",\"metadata\":{\"formula\":\"0\"}},\"difficulty\":{\"cognitiveLoad\":3.3,\"inferenceDepth\":4,\"calculationComplexity\":3,\"distractorComplexity\":3,\"ambiguityScore\":0,\"solvingTimeEstimate\":120,\"difficultyBand\":\"Hard\"},\"distractors\":[{\"type\":\"wrongIntermediateValue\",\"label\":\"wrongIntermediateValue\",\"trapType\":\"wrongIntermediateValue\",\"frequency\":3}],\"motifs\":[{\"motifId\":\"eqn-word-geometry\",\"domain\":\"quant\",\"archetype\":\"general\",\"confidence\":0.95,\"metadata\":{\"generated\":\"selectedMotif\"}}]},\"structuralSignature\":{\"domain\":\"quant\",\"topologyHash\":\"sig_604ec201\",\"inferenceHash\":\"sig_6484bed\",\"motifHash\":\"sig_9333cffa\",\"distractorHash\":\"sig_4306d95f\"},\"corpusAlignment\":{\"score\":8.43,\"deviations\":[{\"metric\":\"topology-frequency\",\"actual\":\"formula-network\",\"expected\":\"higher-frequency corpus topology\",\"message\":\"Topology is less common than the target corpus profile.\"},{\"metric\":\"distractor-pattern\",\"actual\":\"wrongIntermediateValue\",\"expected\":\"higher-frequency corpus distractor families\",\"message\":\"Distractor distribution is weaker or less corpus-like than expected.\"}],\"matchedPatterns\":[\"Clue density aligns with extracted PYQ corpus ranges.\",\"Inference depth tracks the target corpus difficulty curve.\",\"Wording complexity resembles the PYQ corpus style.\",\"Formula/calculation complexity aligns with corpus behavior.\"]},\"originalityScore\":{\"score\":7.48,\"penalties\":[\"Distractor ordering looks mechanically repeated.\",\"Wording normalization indicates a repeated surface template pattern.\"],\"diagnostics\":[\"PYQ-derived intelligence is treated as calibration guidance only, not as a template source.\",\"Clue topology penalty 0, formula repetition penalty 0, distractor ordering penalty 0.667.\",\"Corpus alignment pressure 0.128 while preserving topic weighting and realism guidance only.\"]},\"difficultyConfidence\":{\"predictedDifficulty\":\"Medium\",\"confidence\":6.71,\"explanation\":\"Intended difficulty Hard (5.9), predicted Medium (3.9). Signals used: solving complexity 2.9, elimination depth 0, branching 0, distractor quality 3. Human-solver simulation combined inference depth 4 with solver trace support 0 and branching factor 0.\"}},\"reasoningSteps\":[\"area equation: Apply the motif condition before evaluating the target quantity.\",\"multi-step: Let the breadth be $b$ cm. Then length is $(b+5)$ cm.\",\"multi-step: Area equation: $b(b+5)=84$, so $b^2+5b-84=0$.\",\"multi-step: $(b+12)(b-7)=0$. Since breadth is positive, $b=7\\\\text{ cm}$.\"],\"dependencyComplexity\":4,\"operationChain\":[\"compare\",\"transform\",\"compare\"],\"difficulty\":\"Hard\",\"difficultyScore\":5.9,\"difficultyLabel\":\"Hard\",\"difficultyMetadata\":{\"difficultyScore\":5.9,\"difficultyLabel\":\"Hard\",\"estimatedSolveTime\":120,\"operationCount\":3,\"reasoningDepth\":4,\"reasoningSteps\":[\"area equation: Apply the motif condition before evaluating the target quantity.\",\"multi-step: Let the breadth be $b$ cm. Then length is $(b+5)$ cm.\",\"multi-step: Area equation: $b(b+5)=84$, so $b^2+5b-84=0$.\",\"multi-step: $(b+12)(b-7)=0$. Since breadth is positive, $b=7\\\\text{ cm}$.\"],\"dependencyComplexity\":4,\"operationChain\":[\"compare\",\"transform\",\"compare\"],\"usesPercentage\":false,\"usesRatio\":false,\"usesComparison\":true,\"visualComplexity\":0,\"inferenceComplexity\":4},\"generationMetrics\":{\"generationDurationMs\":1,\"validationRetries\":0,\"uniquenessFailures\":0,\"branchingFactor\":0,\"clueDensity\":0,\"inferenceDepth\":4,\"redundancyScore\":0}}]}",
        "{\"cachedQuestionCount\":1,\"selectedMotifs\":[\"eqn-word-geometry\"],\"hasSolverTraces\":false,\"hasSvgSnapshots\":false,\"hasExplanationFlow\":false}",
        "reasoning-generator-v1",
        "motif-registry-v1:0c8f36bf69daac9c66df2ca38db96f13ceb5c1d19474e057f148f552d99d71eb",
        "topology-contract-v1:409c496459b1fc1a7b1e335f0b47e27c83be21a95c5dd9d7ddf09476ffefd733",
        "{\"generationContext\":{\"seed\":\"auto-seed:04ee441a-7107-406a-812f-fbdc54a6d640\",\"generationId\":\"gen_27e77048\",\"timestamp\":1778308497731},\"questions\":[{\"text\":\"The length of a rectangle is $5$ cm more than its breadth. Its area is $84\\\\text{ cm}^{2}$. Find the breadth.\",\"options\":[\"$7\\\\text{ cm}$\",\"$12\\\\text{ cm}$\",\"$5\\\\text{ cm}$\",\"$17\\\\text{ cm}$\"],\"correct\":0,\"explanation\":\"Let the breadth be $b$ cm. Then length is $(b+5)$ cm.\\nArea equation: $b(b+5)=84$, so $b^{2}+5b-84=0$.\\n$(b+12)(b-7)=0$. Since breadth is positive, $b=7\\\\text{ cm}$.\\nFinal answer = $7\\\\text{ cm}$.\",\"section\":\"Quant\",\"topic\":\"Equations: Word Problems\",\"subtopic\":\"equations\",\"optionMetadata\":[{\"value\":\"$7\\\\text{ cm}$\",\"isCorrect\":true,\"distractorType\":\"correct\",\"likelyMistake\":\"Correct equation path\",\"reasoningTrap\":\"None\"},{\"value\":\"$12\\\\text{ cm}$\",\"isCorrect\":false,\"distractorType\":\"wrongIntermediateValue\",\"likelyMistake\":\"Integer_Constraint_Violation\",\"reasoningTrap\":\"Integer_Constraint_Violation\"},{\"value\":\"$5\\\\text{ cm}$\",\"isCorrect\":false,\"distractorType\":\"wrongIntermediateValue\",\"likelyMistake\":\"Substitution_Direction_Flip\",\"reasoningTrap\":\"Substitution_Direction_Flip\"},{\"value\":\"$17\\\\text{ cm}$\",\"isCorrect\":false,\"distractorType\":\"wrongIntermediateValue\",\"likelyMistake\":\"Square_Root_Principle_Error\",\"reasoningTrap\":\"Square_Root_Principle_Error\"}],\"examRealismMetadata\":{\"examProfile\":\"custom\",\"wordingStyle\":\"balanced\",\"archetypeId\":\"medium-comparison-chain\",\"archetypeCategory\":\"comparison-chain\",\"reasoningTraps\":[\"Integer_Constraint_Violation\",\"Substitution_Direction_Flip\",\"Square_Root_Principle_Error\"],\"weightingSummary\":[\"Archetype weight 1.00\",\"Trap bias 1.00\",\"Inference bias 1.00\",\"Distractor mix wrongIntermediateValue, wrongIntermediateValue, wrongIntermediateValue\"]},\"debugMetadata\":{\"selectedPattern\":\"registry-equations-word-problems-medium\",\"seed\":\"auto-seed:04ee441a-7107-406a-812f-fbdc54a6d640\",\"generationId\":\"gen_27e77048\",\"generationDomain\":\"quant\",\"selectedMotif\":\"eqn-word-geometry\",\"selectedArchetype\":\"medium-comparison-chain\",\"structuralSignatureKey\":\"eqn-word-geometry::rectangle-quadratic::7\",\"scenarioLogicBranch\":\"rectangle-quadratic\",\"compatibilityWarnings\":[],\"generationMetrics\":{\"generationDurationMs\":1,\"validationRetries\":0,\"uniquenessFailures\":0,\"branchingFactor\":0,\"clueDensity\":0,\"inferenceDepth\":4,\"redundancyScore\":0},\"proceduralScenario\":{\"id\":\"quant:gen_27e77048:registry-equations-word-problems-medium\",\"domain\":\"quant\",\"subtype\":\"equations\",\"metadata\":{\"patternId\":\"registry-equations-word-problems-medium\",\"topic\":\"Equations: Word Problems\",\"subtopic\":\"equations\",\"generationDomain\":\"quant\",\"seed\":\"auto-seed:04ee441a-7107-406a-812f-fbdc54a6d640\"},\"entities\":[],\"constraints\":[{\"id\":\"quant-formula\",\"type\":\"formula\",\"operator\":\"EQUALS\",\"expression\":\"0\",\"metadata\":{\"variables\":[]}}],\"content\":{\"stem\":\"The length of a rectangle is $5$ cm more than its breadth. Its area is $84\\\\text{ cm}^{2}$. Find the breadth.\",\"prompt\":\"The length of a rectangle is $5$ cm more than its breadth. Its area is $84\\\\text{ cm}^{2}$. Find the breadth.\",\"options\":[\"$7\\\\text{ cm}$\",\"$12\\\\text{ cm}$\",\"$5\\\\text{ cm}$\",\"$17\\\\text{ cm}$\"],\"explanation\":\"Let the breadth be $b$ cm. Then length is $(b+5)$ cm.\\nArea equation: $b(b+5)=84$, so $b^{2}+5b-84=0$.\\n$(b+12)(b-7)=0$. Since breadth is positive, $b=7\\\\text{ cm}$.\\nFinal answer = $7\\\\text{ cm}$.\",\"artifacts\":{}},\"difficulty\":{\"label\":\"Hard\",\"score\":5.9,\"inferenceDepth\":4,\"metrics\":{\"reasoningDepth\":4,\"dependencyComplexity\":4,\"estimatedSolveTime\":120,\"distractorCount\":3,\"calculationComplexity\":3,\"cognitiveLoadBase\":3.3,\"ambiguityScoreBase\":0}},\"validation\":{\"passed\":false,\"warnings\":[\"Scenario has no normalized entities.\"],\"metrics\":{\"clueCount\":0,\"inferenceDepth\":0,\"uniquenessVerified\":0,\"entityCount\":0,\"constraintCount\":1,\"hasPrompt\":1,\"warningCount\":0,\"difficultyScore\":5.9,\"reasoningDepth\":4,\"redundancyScore\":0,\"redundancyRatio\":0,\"hasFormula\":1}}},\"validationReportDetail\":{\"passed\":false,\"stageResults\":[{\"stage\":\"structural validity\",\"passed\":false,\"diagnostics\":[\"Scenario has no normalized entities.\"],\"metrics\":{\"entityCount\":0,\"constraintCount\":1,\"hasPrompt\":1}},{\"stage\":\"solvability\",\"passed\":true,\"diagnostics\":[],\"metrics\":{\"warningCount\":0}},{\"stage\":\"uniqueness\",\"passed\":true,\"diagnostics\":[],\"metrics\":{\"uniquenessVerified\":0}},{\"stage\":\"difficulty calibration\",\"passed\":true,\"diagnostics\":[],\"metrics\":{\"difficultyScore\":5.9,\"reasoningDepth\":4}},{\"stage\":\"redundancy analysis\",\"passed\":true,\"diagnostics\":[],\"metrics\":{\"redundancyScore\":0,\"redundancyRatio\":0}},{\"stage\":\"equation solvability\",\"passed\":true,\"diagnostics\":[],\"metrics\":{\"hasFormula\":1}}],\"warnings\":[\"Scenario has no normalized entities.\"],\"metrics\":{\"clueCount\":0,\"inferenceDepth\":0,\"uniquenessVerified\":0,\"entityCount\":0,\"constraintCount\":1,\"hasPrompt\":1,\"warningCount\":0,\"difficultyScore\":5.9,\"reasoningDepth\":4,\"redundancyScore\":0,\"redundancyRatio\":0,\"hasFormula\":1}},\"difficultyAssessment\":{\"difficultyLabel\":\"Hard\",\"difficultyScore\":5.9,\"cognitiveLoad\":2.89,\"inferenceDepth\":4,\"calculationComplexity\":3,\"distractorComplexity\":3,\"ambiguityScore\":1.05,\"solvingTimeEstimate\":120,\"domainContributions\":{\"operationCount\":3,\"visualComplexity\":0,\"inferenceComplexity\":4},\"metrics\":{\"reasoningDepth\":4,\"dependencyComplexity\":4,\"estimatedSolveTime\":120,\"distractorCount\":3,\"calculationComplexity\":3,\"cognitiveLoadBase\":3.3,\"ambiguityScoreBase\":0}},\"qualityAssessment\":{\"approved\":false,\"rejectionReasons\":[\"failed-validation\",\"low-realism-score\",\"weak-distractors\"],\"qualityMetrics\":{\"realismScore\":0,\"validationPassed\":0,\"structuralDiversityScore\":1,\"repeatedStructureWarnings\":0,\"directClueRatio\":0,\"difficultyConfidence\":10,\"distractorComplexity\":3,\"distractorTypeCount\":0,\"genericDistractorRatio\":1,\"hasStructuralSignature\":1}},\"extractedPatternIntelligence\":{\"domain\":\"quant\",\"structure\":{\"domain\":\"quant\",\"subtype\":\"equations\",\"entityCount\":0,\"constraintCount\":1,\"structureTokens\":[\"variables:\",\"constraint:formula\"],\"topology\":\"formula-network\",\"metadata\":{\"formula\":\"0\"}},\"difficulty\":{\"cognitiveLoad\":3.3,\"inferenceDepth\":4,\"calculationComplexity\":3,\"distractorComplexity\":3,\"ambiguityScore\":0,\"solvingTimeEstimate\":120,\"difficultyBand\":\"Hard\"},\"distractors\":[{\"type\":\"wrongIntermediateValue\",\"label\":\"wrongIntermediateValue\",\"trapType\":\"wrongIntermediateValue\",\"frequency\":3}],\"motifs\":[{\"motifId\":\"eqn-word-geometry\",\"domain\":\"quant\",\"archetype\":\"general\",\"confidence\":0.95,\"metadata\":{\"generated\":\"selectedMotif\"}}]},\"structuralSignature\":{\"domain\":\"quant\",\"topologyHash\":\"sig_604ec201\",\"inferenceHash\":\"sig_6484bed\",\"motifHash\":\"sig_9333cffa\",\"distractorHash\":\"sig_4306d95f\"},\"corpusAlignment\":{\"score\":8.43,\"deviations\":[{\"metric\":\"topology-frequency\",\"actual\":\"formula-network\",\"expected\":\"higher-frequency corpus topology\",\"message\":\"Topology is less common than the target corpus profile.\"},{\"metric\":\"distractor-pattern\",\"actual\":\"wrongIntermediateValue\",\"expected\":\"higher-frequency corpus distractor families\",\"message\":\"Distractor distribution is weaker or less corpus-like than expected.\"}],\"matchedPatterns\":[\"Clue density aligns with extracted PYQ corpus ranges.\",\"Inference depth tracks the target corpus difficulty curve.\",\"Wording complexity resembles the PYQ corpus style.\",\"Formula/calculation complexity aligns with corpus behavior.\"]},\"originalityScore\":{\"score\":7.48,\"penalties\":[\"Distractor ordering looks mechanically repeated.\",\"Wording normalization indicates a repeated surface template pattern.\"],\"diagnostics\":[\"PYQ-derived intelligence is treated as calibration guidance only, not as a template source.\",\"Clue topology penalty 0, formula repetition penalty 0, distractor ordering penalty 0.667.\",\"Corpus alignment pressure 0.128 while preserving topic weighting and realism guidance only.\"]},\"difficultyConfidence\":{\"predictedDifficulty\":\"Medium\",\"confidence\":6.71,\"explanation\":\"Intended difficulty Hard (5.9), predicted Medium (3.9). Signals used: solving complexity 2.9, elimination depth 0, branching 0, distractor quality 3. Human-solver simulation combined inference depth 4 with solver trace support 0 and branching factor 0.\"}},\"reasoningSteps\":[\"area equation: Apply the motif condition before evaluating the target quantity.\",\"multi-step: Let the breadth be $b$ cm. Then length is $(b+5)$ cm.\",\"multi-step: Area equation: $b(b+5)=84$, so $b^2+5b-84=0$.\",\"multi-step: $(b+12)(b-7)=0$. Since breadth is positive, $b=7\\\\text{ cm}$.\"],\"dependencyComplexity\":4,\"operationChain\":[\"compare\",\"transform\",\"compare\"],\"difficulty\":\"Hard\",\"difficultyScore\":5.9,\"difficultyLabel\":\"Hard\",\"difficultyMetadata\":{\"difficultyScore\":5.9,\"difficultyLabel\":\"Hard\",\"estimatedSolveTime\":120,\"operationCount\":3,\"reasoningDepth\":4,\"reasoningSteps\":[\"area equation: Apply the motif condition before evaluating the target quantity.\",\"multi-step: Let the breadth be $b$ cm. Then length is $(b+5)$ cm.\",\"multi-step: Area equation: $b(b+5)=84$, so $b^2+5b-84=0$.\",\"multi-step: $(b+12)(b-7)=0$. Since breadth is positive, $b=7\\\\text{ cm}$.\"],\"dependencyComplexity\":4,\"operationChain\":[\"compare\",\"transform\",\"compare\"],\"usesPercentage\":false,\"usesRatio\":false,\"usesComparison\":true,\"visualComplexity\":0,\"inferenceComplexity\":4},\"generationMetrics\":{\"generationDurationMs\":1,\"validationRetries\":0,\"uniquenessFailures\":0,\"branchingFactor\":0,\"clueDensity\":0,\"inferenceDepth\":4,\"redundancyScore\":0}}]}",
        "{\"cachedQuestionCount\":1,\"selectedMotifs\":[\"eqn-word-geometry\"],\"hasSolverTraces\":false,\"hasSvgSnapshots\":false,\"hasExplanationFlow\":false}",
        "2026-05-09T06:34:58.567Z"
      ],
      "cause": {
        "name": "PostgresError",
        "severity_local": "ERROR",
        "severity": "ERROR",
        "code": "42P01",
        "position": "13",
        "file": "parse_relation.c",
        "line": "1449",
        "routine": "parserOpenTable"
      }
    }
[12:04:59.268] [32mINFO[39m (33908): [36mrequest completed[39m
    [35mreq[39m: {
      "id": 19,
      "method": "POST",
      "url": "/api/generator/pattern"
    }
    [35mres[39m: {
      "statusCode": 200
    }
    [35mresponseTime[39m: 1538
[12:05:20.168] [33mWARN[39m (33908): [36mGeneration cache lookup failed; falling back to live generation[39m
    [35mpatternId[39m: "registry-equations-linear-medium"
    error: {
      "query": "select \"key\", \"pattern_id\", \"generation_domain\", \"generator_version\", \"motif_version\", \"topology_version\", \"request_fingerprint\", \"payload\", \"artifact_metadata\", \"created_at\", \"last_accessed_at\", \"hit_count\" from \"reasoning_scenario_cache\" where \"reasoning_scenario_cache\".\"key\" = $1 limit $2",
      "params": [
        "935282709bfe12b1b14e21eb890ad298b49fa82d12e230d8fe399de71aa0b60f",
        1
      ],
      "cause": {
        "name": "PostgresError",
        "severity_local": "ERROR",
        "severity": "ERROR",
        "code": "42P01",
        "position": "214",
        "file": "parse_relation.c",
        "line": "1449",
        "routine": "parserOpenTable"
      }
    }
[12:05:20.170] [32mINFO[39m (33908): [36mrequest errored[39m
    [35mreq[39m: {
      "id": 20,
      "method": "POST",
      "url": "/api/generator/pattern"
    }
    [35mres[39m: {
      "statusCode": 500
    }
    [35mresponseTime[39m: 729
    err: {
      "type": "Error",
      "message": "failed with status code 500",
      "stack":
          Error: failed with status code 500
              at onResFinished (C:\Users\gurbaj\Downloads\f\node_modules\.pnpm\pino-http@10.5.0\node_modules\pino-http\logger.js:115:39)
              at ServerResponse.onResponseComplete (C:\Users\gurbaj\Downloads\f\node_modules\.pnpm\pino-http@10.5.0\node_modules\pino-http\logger.js:178:14)
              at ServerResponse.emit (node:events:520:35)
              at onFinish (node:_http_outgoing:1026:10)
              at callback (node:internal/streams/writable:764:21)
              at afterWrite (node:internal/streams/writable:708:5)
              at afterWriteTick (node:internal/streams/writable:694:10)
              at process.processTicksAndRejections (node:internal/process/task_queues:89:21)
    }
Generation metrics {
  patternId: 'registry-equations-linear-easy',
  topic: 'Equations: Linear Systems',
  subtopic: 'equations',
  generationId: 'gen_abe9dd22',
  generationDomain: 'quant',
  selectedMotif: 'eqn-lin-single',
  difficultyLabel: 'Medium',
  metrics: {
    generationDurationMs: 1,
    validationRetries: 0,
    uniquenessFailures: 0,
    branchingFactor: 0,
    branchingComplexity: undefined,
    clueDensity: 0,
    inferenceDepth: 3,
    redundancyScore: 0,
    deductionDependencyScore: undefined,
    redundancyRatio: undefined,
    anchorDensity: undefined,
    directClueRatio: undefined
  }
}
[12:05:50.292] [33mWARN[39m (33908): [36mGeneration cache lookup failed; falling back to live generation[39m
    [35mpatternId[39m: "registry-equations-linear-easy"
    error: {
      "query": "select \"key\", \"pattern_id\", \"generation_domain\", \"generator_version\", \"motif_version\", \"topology_version\", \"request_fingerprint\", \"payload\", \"artifact_metadata\", \"created_at\", \"last_accessed_at\", \"hit_count\" from \"reasoning_scenario_cache\" where \"reasoning_scenario_cache\".\"key\" = $1 limit $2",
      "params": [
        "79f99a358606102fbab11247c10c784c9fcd1f7be96ce9d65bce0057a1028c61",
        1
      ],
      "cause": {
        "name": "PostgresError",
        "severity_local": "ERROR",
        "severity": "ERROR",
        "code": "42P01",
        "position": "214",
        "file": "parse_relation.c",
        "line": "1449",
        "routine": "parserOpenTable"
      }
    }
[12:05:51.185] [33mWARN[39m (33908): [36mGeneration cache store failed; continuing without cache persistence[39m
    [35mpatternId[39m: "registry-equations-linear-easy"
    error: {
      "query": "insert into \"reasoning_scenario_cache\" (\"key\", \"pattern_id\", \"generation_domain\", \"generator_version\", \"motif_version\", \"topology_version\", \"request_fingerprint\", \"payload\", \"artifact_metadata\", \"created_at\", \"last_accessed_at\", \"hit_count\") values ($1, $2, $3, $4, $5, $6, $7, $8, $9, default, default, default) on conflict (\"key\") do update set \"generator_version\" = $10, \"motif_version\" = $11, \"topology_version\" = $12, \"payload\" = $13, \"artifact_metadata\" = $14, \"last_accessed_at\" = $15",
      "params": [
        "79f99a358606102fbab11247c10c784c9fcd1f7be96ce9d65bce0057a1028c61",
        "registry-equations-linear-easy",
        "quant",
        "reasoning-generator-v1",
        "motif-registry-v1:50d22597967b72443e90908e2927903989e074e075c2190e6272e594d513e656",
        "topology-contract-v1:409c496459b1fc1a7b1e335f0b47e27c83be21a95c5dd9d7ddf09476ffefd733",
        "3db46c5b531a00e19eca23783b9e6e3e3bb113d34930d527539cc79ed42e6246",
        "{\"generationContext\":{\"seed\":\"auto-seed:13c604bf-2fd6-4373-9c0d-8e6415828537\",\"generationId\":\"gen_abe9dd22\",\"timestamp\":1778308549590},\"questions\":[{\"text\":\"Solve the equation $5x-7=2x+11$.\",\"options\":[\"$x=6$\",\"$x=-6$\",\"$x=3$\",\"$x=18$\"],\"correct\":0,\"explanation\":\"Move variable terms to one side: $5x-2x=11+7$.\\n$3x=18$, so $x=6$.\\nFinal answer = $x=6$.\",\"section\":\"Quant\",\"topic\":\"Equations: Linear Systems\",\"subtopic\":\"equations\",\"optionMetadata\":[{\"value\":\"$x=6$\",\"isCorrect\":true,\"distractorType\":\"correct\",\"likelyMistake\":\"Correct equation path\",\"reasoningTrap\":\"None\"},{\"value\":\"$x=-6$\",\"isCorrect\":false,\"distractorType\":\"wrongIntermediateValue\",\"likelyMistake\":\"Sign_Flip_Vieta\",\"reasoningTrap\":\"Sign_Flip_Vieta\"},{\"value\":\"$x=3$\",\"isCorrect\":false,\"distractorType\":\"wrongIntermediateValue\",\"likelyMistake\":\"Substitution_Direction_Flip\",\"reasoningTrap\":\"Substitution_Direction_Flip\"},{\"value\":\"$x=18$\",\"isCorrect\":false,\"distractorType\":\"wrongIntermediateValue\",\"likelyMistake\":\"Integer_Constraint_Violation\",\"reasoningTrap\":\"Integer_Constraint_Violation\"}],\"examRealismMetadata\":{\"examProfile\":\"custom\",\"wordingStyle\":\"balanced\",\"archetypeId\":\"easy-direct-substitution\",\"archetypeCategory\":\"direct-substitution\",\"reasoningTraps\":[\"Sign_Flip_Vieta\",\"Substitution_Direction_Flip\",\"Integer_Constraint_Violation\"],\"weightingSummary\":[\"Archetype weight 1.00\",\"Trap bias 1.00\",\"Inference bias 1.00\",\"Distractor mix wrongIntermediateValue, wrongIntermediateValue, wrongIntermediateValue\"]},\"debugMetadata\":{\"selectedPattern\":\"registry-equations-linear-easy\",\"seed\":\"auto-seed:13c604bf-2fd6-4373-9c0d-8e6415828537\",\"generationId\":\"gen_abe9dd22\",\"generationDomain\":\"quant\",\"selectedMotif\":\"eqn-lin-single\",\"selectedArchetype\":\"easy-direct-substitution\",\"structuralSignatureKey\":\"eqn-lin-single::linear-balance::5|2|18\",\"scenarioLogicBranch\":\"linear-balance\",\"compatibilityWarnings\":[],\"generationMetrics\":{\"generationDurationMs\":1,\"validationRetries\":0,\"uniquenessFailures\":0,\"branchingFactor\":0,\"clueDensity\":0,\"inferenceDepth\":3,\"redundancyScore\":0},\"proceduralScenario\":{\"id\":\"quant:gen_abe9dd22:registry-equations-linear-easy\",\"domain\":\"quant\",\"subtype\":\"equations\",\"metadata\":{\"patternId\":\"registry-equations-linear-easy\",\"topic\":\"Equations: Linear Systems\",\"subtopic\":\"equations\",\"generationDomain\":\"quant\",\"seed\":\"auto-seed:13c604bf-2fd6-4373-9c0d-8e6415828537\"},\"entities\":[],\"constraints\":[{\"id\":\"quant-formula\",\"type\":\"formula\",\"operator\":\"EQUALS\",\"expression\":\"0\",\"metadata\":{\"variables\":[]}}],\"content\":{\"stem\":\"Solve the equation $5x-7=2x+11$.\",\"prompt\":\"Solve the equation $5x-7=2x+11$.\",\"options\":[\"$x=6$\",\"$x=-6$\",\"$x=3$\",\"$x=18$\"],\"explanation\":\"Move variable terms to one side: $5x-2x=11+7$.\\n$3x=18$, so $x=6$.\\nFinal answer = $x=6$.\",\"artifacts\":{}},\"difficulty\":{\"label\":\"Medium\",\"score\":2.6,\"inferenceDepth\":3,\"metrics\":{\"reasoningDepth\":3,\"dependencyComplexity\":3,\"estimatedSolveTime\":65,\"distractorCount\":3,\"calculationComplexity\":1,\"cognitiveLoadBase\":2.3,\"ambiguityScoreBase\":0}},\"validation\":{\"passed\":false,\"warnings\":[\"Scenario has no normalized entities.\"],\"metrics\":{\"clueCount\":0,\"inferenceDepth\":0,\"uniquenessVerified\":0,\"entityCount\":0,\"constraintCount\":1,\"hasPrompt\":1,\"warningCount\":0,\"difficultyScore\":2.6,\"reasoningDepth\":3,\"redundancyScore\":0,\"redundancyRatio\":0,\"hasFormula\":1}}},\"validationReportDetail\":{\"passed\":false,\"stageResults\":[{\"stage\":\"structural validity\",\"passed\":false,\"diagnostics\":[\"Scenario has no normalized entities.\"],\"metrics\":{\"entityCount\":0,\"constraintCount\":1,\"hasPrompt\":1}},{\"stage\":\"solvability\",\"passed\":true,\"diagnostics\":[],\"metrics\":{\"warningCount\":0}},{\"stage\":\"uniqueness\",\"passed\":true,\"diagnostics\":[],\"metrics\":{\"uniquenessVerified\":0}},{\"stage\":\"difficulty calibration\",\"passed\":true,\"diagnostics\":[],\"metrics\":{\"difficultyScore\":2.6,\"reasoningDepth\":3}},{\"stage\":\"redundancy analysis\",\"passed\":true,\"diagnostics\":[],\"metrics\":{\"redundancyScore\":0,\"redundancyRatio\":0}},{\"stage\":\"equation solvability\",\"passed\":true,\"diagnostics\":[],\"metrics\":{\"hasFormula\":1}}],\"warnings\":[\"Scenario has no normalized entities.\"],\"metrics\":{\"clueCount\":0,\"inferenceDepth\":0,\"uniquenessVerified\":0,\"entityCount\":0,\"constraintCount\":1,\"hasPrompt\":1,\"warningCount\":0,\"difficultyScore\":2.6,\"reasoningDepth\":3,\"redundancyScore\":0,\"redundancyRatio\":0,\"hasFormula\":1}},\"difficultyAssessment\":{\"difficultyLabel\":\"Medium\",\"difficultyScore\":2.6,\"cognitiveLoad\":1.81,\"inferenceDepth\":3,\"calculationComplexity\":1,\"distractorComplexity\":3,\"ambiguityScore\":1.05,\"solvingTimeEstimate\":65,\"domainContributions\":{\"operationCount\":1,\"visualComplexity\":0,\"inferenceComplexity\":3},\"metrics\":{\"reasoningDepth\":3,\"dependencyComplexity\":3,\"estimatedSolveTime\":65,\"distractorCount\":3,\"calculationComplexity\":1,\"cognitiveLoadBase\":2.3,\"ambiguityScoreBase\":0}},\"qualityAssessment\":{\"approved\":false,\"rejectionReasons\":[\"failed-validation\",\"low-realism-score\",\"weak-distractors\"],\"qualityMetrics\":{\"realismScore\":0,\"validationPassed\":0,\"structuralDiversityScore\":1,\"repeatedStructureWarnings\":0,\"directClueRatio\":0,\"difficultyConfidence\":10,\"distractorComplexity\":3,\"distractorTypeCount\":0,\"genericDistractorRatio\":1,\"hasStructuralSignature\":1}},\"extractedPatternIntelligence\":{\"domain\":\"quant\",\"structure\":{\"domain\":\"quant\",\"subtype\":\"equations\",\"entityCount\":0,\"constraintCount\":1,\"structureTokens\":[\"variables:\",\"constraint:formula\"],\"topology\":\"formula-network\",\"metadata\":{\"formula\":\"0\"}},\"difficulty\":{\"cognitiveLoad\":2.3,\"inferenceDepth\":3,\"calculationComplexity\":1,\"distractorComplexity\":3,\"ambiguityScore\":0,\"solvingTimeEstimate\":65,\"difficultyBand\":\"Medium\"},\"distractors\":[{\"type\":\"wrongIntermediateValue\",\"label\":\"wrongIntermediateValue\",\"trapType\":\"wrongIntermediateValue\",\"frequency\":3}],\"motifs\":[{\"motifId\":\"eqn-lin-single\",\"domain\":\"quant\",\"archetype\":\"general\",\"confidence\":0.95,\"metadata\":{\"generated\":\"selectedMotif\"}}]},\"structuralSignature\":{\"domain\":\"quant\",\"topologyHash\":\"sig_604ec201\",\"inferenceHash\":\"sig_bbc57dd5\",\"motifHash\":\"sig_122e7aa5\",\"distractorHash\":\"sig_4306d95f\"},\"corpusAlignment\":{\"score\":7.94,\"deviations\":[{\"metric\":\"topology-frequency\",\"actual\":\"formula-network\",\"expected\":\"higher-frequency corpus topology\",\"message\":\"Topology is less common than the target corpus profile.\"},{\"metric\":\"distractor-pattern\",\"actual\":\"wrongIntermediateValue\",\"expected\":\"higher-frequency corpus distractor families\",\"message\":\"Distractor distribution is weaker or less corpus-like than expected.\"},{\"metric\":\"formula-complexity\",\"actual\":1,\"expected\":\"1.8-5.4\",\"message\":\"Computation load departs from the target corpus distribution.\"}],\"matchedPatterns\":[\"Clue density aligns with extracted PYQ corpus ranges.\",\"Inference depth tracks the target corpus difficulty curve.\",\"Wording complexity resembles the PYQ corpus style.\"]},\"originalityScore\":{\"score\":8.04,\"penalties\":[\"Distractor ordering looks mechanically repeated.\",\"Wording normalization indicates a repeated surface template pattern.\"],\"diagnostics\":[\"PYQ-derived intelligence is treated as calibration guidance only, not as a template source.\",\"Clue topology penalty 0, formula repetition penalty 0, distractor ordering penalty 0.667.\",\"Corpus alignment pressure 0 while preserving topic weighting and realism guidance only.\"]},\"difficultyConfidence\":{\"predictedDifficulty\":\"Medium\",\"confidence\":10,\"explanation\":\"Intended difficulty Medium (2.6), predicted Medium (2.9). Signals used: solving complexity 1.8, elimination depth 0, branching 0, distractor quality 3. Human-solver simulation combined inference depth 3 with solver trace support 0 and branching factor 0.\"}},\"reasoningSteps\":[\"balance linear terms: Start from the direct relation highlighted in the motif.\",\"direct: Move variable terms to one side: $5x-2x=11+7$.\",\"direct: $3x=18$, so $x=6$.\"],\"dependencyComplexity\":3,\"operationChain\":[\"transform\"],\"difficulty\":\"Medium\",\"difficultyScore\":2.6,\"difficultyLabel\":\"Medium\",\"difficultyMetadata\":{\"difficultyScore\":2.6,\"difficultyLabel\":\"Medium\",\"estimatedSolveTime\":65,\"operationCount\":1,\"reasoningDepth\":3,\"reasoningSteps\":[\"balance linear terms: Start from the direct relation highlighted in the motif.\",\"direct: Move variable terms to one side: $5x-2x=11+7$.\",\"direct: $3x=18$, so $x=6$.\"],\"dependencyComplexity\":3,\"operationChain\":[\"transform\"],\"usesPercentage\":false,\"usesRatio\":false,\"usesComparison\":false,\"visualComplexity\":0,\"inferenceComplexity\":3},\"generationMetrics\":{\"generationDurationMs\":1,\"validationRetries\":0,\"uniquenessFailures\":0,\"branchingFactor\":0,\"clueDensity\":0,\"inferenceDepth\":3,\"redundancyScore\":0}}]}",
        "{\"cachedQuestionCount\":1,\"selectedMotifs\":[\"eqn-lin-single\"],\"hasSolverTraces\":false,\"hasSvgSnapshots\":false,\"hasExplanationFlow\":false}",
        "reasoning-generator-v1",
        "motif-registry-v1:50d22597967b72443e90908e2927903989e074e075c2190e6272e594d513e656",
        "topology-contract-v1:409c496459b1fc1a7b1e335f0b47e27c83be21a95c5dd9d7ddf09476ffefd733",
        "{\"generationContext\":{\"seed\":\"auto-seed:13c604bf-2fd6-4373-9c0d-8e6415828537\",\"generationId\":\"gen_abe9dd22\",\"timestamp\":1778308549590},\"questions\":[{\"text\":\"Solve the equation $5x-7=2x+11$.\",\"options\":[\"$x=6$\",\"$x=-6$\",\"$x=3$\",\"$x=18$\"],\"correct\":0,\"explanation\":\"Move variable terms to one side: $5x-2x=11+7$.\\n$3x=18$, so $x=6$.\\nFinal answer = $x=6$.\",\"section\":\"Quant\",\"topic\":\"Equations: Linear Systems\",\"subtopic\":\"equations\",\"optionMetadata\":[{\"value\":\"$x=6$\",\"isCorrect\":true,\"distractorType\":\"correct\",\"likelyMistake\":\"Correct equation path\",\"reasoningTrap\":\"None\"},{\"value\":\"$x=-6$\",\"isCorrect\":false,\"distractorType\":\"wrongIntermediateValue\",\"likelyMistake\":\"Sign_Flip_Vieta\",\"reasoningTrap\":\"Sign_Flip_Vieta\"},{\"value\":\"$x=3$\",\"isCorrect\":false,\"distractorType\":\"wrongIntermediateValue\",\"likelyMistake\":\"Substitution_Direction_Flip\",\"reasoningTrap\":\"Substitution_Direction_Flip\"},{\"value\":\"$x=18$\",\"isCorrect\":false,\"distractorType\":\"wrongIntermediateValue\",\"likelyMistake\":\"Integer_Constraint_Violation\",\"reasoningTrap\":\"Integer_Constraint_Violation\"}],\"examRealismMetadata\":{\"examProfile\":\"custom\",\"wordingStyle\":\"balanced\",\"archetypeId\":\"easy-direct-substitution\",\"archetypeCategory\":\"direct-substitution\",\"reasoningTraps\":[\"Sign_Flip_Vieta\",\"Substitution_Direction_Flip\",\"Integer_Constraint_Violation\"],\"weightingSummary\":[\"Archetype weight 1.00\",\"Trap bias 1.00\",\"Inference bias 1.00\",\"Distractor mix wrongIntermediateValue, wrongIntermediateValue, wrongIntermediateValue\"]},\"debugMetadata\":{\"selectedPattern\":\"registry-equations-linear-easy\",\"seed\":\"auto-seed:13c604bf-2fd6-4373-9c0d-8e6415828537\",\"generationId\":\"gen_abe9dd22\",\"generationDomain\":\"quant\",\"selectedMotif\":\"eqn-lin-single\",\"selectedArchetype\":\"easy-direct-substitution\",\"structuralSignatureKey\":\"eqn-lin-single::linear-balance::5|2|18\",\"scenarioLogicBranch\":\"linear-balance\",\"compatibilityWarnings\":[],\"generationMetrics\":{\"generationDurationMs\":1,\"validationRetries\":0,\"uniquenessFailures\":0,\"branchingFactor\":0,\"clueDensity\":0,\"inferenceDepth\":3,\"redundancyScore\":0},\"proceduralScenario\":{\"id\":\"quant:gen_abe9dd22:registry-equations-linear-easy\",\"domain\":\"quant\",\"subtype\":\"equations\",\"metadata\":{\"patternId\":\"registry-equations-linear-easy\",\"topic\":\"Equations: Linear Systems\",\"subtopic\":\"equations\",\"generationDomain\":\"quant\",\"seed\":\"auto-seed:13c604bf-2fd6-4373-9c0d-8e6415828537\"},\"entities\":[],\"constraints\":[{\"id\":\"quant-formula\",\"type\":\"formula\",\"operator\":\"EQUALS\",\"expression\":\"0\",\"metadata\":{\"variables\":[]}}],\"content\":{\"stem\":\"Solve the equation $5x-7=2x+11$.\",\"prompt\":\"Solve the equation $5x-7=2x+11$.\",\"options\":[\"$x=6$\",\"$x=-6$\",\"$x=3$\",\"$x=18$\"],\"explanation\":\"Move variable terms to one side: $5x-2x=11+7$.\\n$3x=18$, so $x=6$.\\nFinal answer = $x=6$.\",\"artifacts\":{}},\"difficulty\":{\"label\":\"Medium\",\"score\":2.6,\"inferenceDepth\":3,\"metrics\":{\"reasoningDepth\":3,\"dependencyComplexity\":3,\"estimatedSolveTime\":65,\"distractorCount\":3,\"calculationComplexity\":1,\"cognitiveLoadBase\":2.3,\"ambiguityScoreBase\":0}},\"validation\":{\"passed\":false,\"warnings\":[\"Scenario has no normalized entities.\"],\"metrics\":{\"clueCount\":0,\"inferenceDepth\":0,\"uniquenessVerified\":0,\"entityCount\":0,\"constraintCount\":1,\"hasPrompt\":1,\"warningCount\":0,\"difficultyScore\":2.6,\"reasoningDepth\":3,\"redundancyScore\":0,\"redundancyRatio\":0,\"hasFormula\":1}}},\"validationReportDetail\":{\"passed\":false,\"stageResults\":[{\"stage\":\"structural validity\",\"passed\":false,\"diagnostics\":[\"Scenario has no normalized entities.\"],\"metrics\":{\"entityCount\":0,\"constraintCount\":1,\"hasPrompt\":1}},{\"stage\":\"solvability\",\"passed\":true,\"diagnostics\":[],\"metrics\":{\"warningCount\":0}},{\"stage\":\"uniqueness\",\"passed\":true,\"diagnostics\":[],\"metrics\":{\"uniquenessVerified\":0}},{\"stage\":\"difficulty calibration\",\"passed\":true,\"diagnostics\":[],\"metrics\":{\"difficultyScore\":2.6,\"reasoningDepth\":3}},{\"stage\":\"redundancy analysis\",\"passed\":true,\"diagnostics\":[],\"metrics\":{\"redundancyScore\":0,\"redundancyRatio\":0}},{\"stage\":\"equation solvability\",\"passed\":true,\"diagnostics\":[],\"metrics\":{\"hasFormula\":1}}],\"warnings\":[\"Scenario has no normalized entities.\"],\"metrics\":{\"clueCount\":0,\"inferenceDepth\":0,\"uniquenessVerified\":0,\"entityCount\":0,\"constraintCount\":1,\"hasPrompt\":1,\"warningCount\":0,\"difficultyScore\":2.6,\"reasoningDepth\":3,\"redundancyScore\":0,\"redundancyRatio\":0,\"hasFormula\":1}},\"difficultyAssessment\":{\"difficultyLabel\":\"Medium\",\"difficultyScore\":2.6,\"cognitiveLoad\":1.81,\"inferenceDepth\":3,\"calculationComplexity\":1,\"distractorComplexity\":3,\"ambiguityScore\":1.05,\"solvingTimeEstimate\":65,\"domainContributions\":{\"operationCount\":1,\"visualComplexity\":0,\"inferenceComplexity\":3},\"metrics\":{\"reasoningDepth\":3,\"dependencyComplexity\":3,\"estimatedSolveTime\":65,\"distractorCount\":3,\"calculationComplexity\":1,\"cognitiveLoadBase\":2.3,\"ambiguityScoreBase\":0}},\"qualityAssessment\":{\"approved\":false,\"rejectionReasons\":[\"failed-validation\",\"low-realism-score\",\"weak-distractors\"],\"qualityMetrics\":{\"realismScore\":0,\"validationPassed\":0,\"structuralDiversityScore\":1,\"repeatedStructureWarnings\":0,\"directClueRatio\":0,\"difficultyConfidence\":10,\"distractorComplexity\":3,\"distractorTypeCount\":0,\"genericDistractorRatio\":1,\"hasStructuralSignature\":1}},\"extractedPatternIntelligence\":{\"domain\":\"quant\",\"structure\":{\"domain\":\"quant\",\"subtype\":\"equations\",\"entityCount\":0,\"constraintCount\":1,\"structureTokens\":[\"variables:\",\"constraint:formula\"],\"topology\":\"formula-network\",\"metadata\":{\"formula\":\"0\"}},\"difficulty\":{\"cognitiveLoad\":2.3,\"inferenceDepth\":3,\"calculationComplexity\":1,\"distractorComplexity\":3,\"ambiguityScore\":0,\"solvingTimeEstimate\":65,\"difficultyBand\":\"Medium\"},\"distractors\":[{\"type\":\"wrongIntermediateValue\",\"label\":\"wrongIntermediateValue\",\"trapType\":\"wrongIntermediateValue\",\"frequency\":3}],\"motifs\":[{\"motifId\":\"eqn-lin-single\",\"domain\":\"quant\",\"archetype\":\"general\",\"confidence\":0.95,\"metadata\":{\"generated\":\"selectedMotif\"}}]},\"structuralSignature\":{\"domain\":\"quant\",\"topologyHash\":\"sig_604ec201\",\"inferenceHash\":\"sig_bbc57dd5\",\"motifHash\":\"sig_122e7aa5\",\"distractorHash\":\"sig_4306d95f\"},\"corpusAlignment\":{\"score\":7.94,\"deviations\":[{\"metric\":\"topology-frequency\",\"actual\":\"formula-network\",\"expected\":\"higher-frequency corpus topology\",\"message\":\"Topology is less common than the target corpus profile.\"},{\"metric\":\"distractor-pattern\",\"actual\":\"wrongIntermediateValue\",\"expected\":\"higher-frequency corpus distractor families\",\"message\":\"Distractor distribution is weaker or less corpus-like than expected.\"},{\"metric\":\"formula-complexity\",\"actual\":1,\"expected\":\"1.8-5.4\",\"message\":\"Computation load departs from the target corpus distribution.\"}],\"matchedPatterns\":[\"Clue density aligns with extracted PYQ corpus ranges.\",\"Inference depth tracks the target corpus difficulty curve.\",\"Wording complexity resembles the PYQ corpus style.\"]},\"originalityScore\":{\"score\":8.04,\"penalties\":[\"Distractor ordering looks mechanically repeated.\",\"Wording normalization indicates a repeated surface template pattern.\"],\"diagnostics\":[\"PYQ-derived intelligence is treated as calibration guidance only, not as a template source.\",\"Clue topology penalty 0, formula repetition penalty 0, distractor ordering penalty 0.667.\",\"Corpus alignment pressure 0 while preserving topic weighting and realism guidance only.\"]},\"difficultyConfidence\":{\"predictedDifficulty\":\"Medium\",\"confidence\":10,\"explanation\":\"Intended difficulty Medium (2.6), predicted Medium (2.9). Signals used: solving complexity 1.8, elimination depth 0, branching 0, distractor quality 3. Human-solver simulation combined inference depth 3 with solver trace support 0 and branching factor 0.\"}},\"reasoningSteps\":[\"balance linear terms: Start from the direct relation highlighted in the motif.\",\"direct: Move variable terms to one side: $5x-2x=11+7$.\",\"direct: $3x=18$, so $x=6$.\"],\"dependencyComplexity\":3,\"operationChain\":[\"transform\"],\"difficulty\":\"Medium\",\"difficultyScore\":2.6,\"difficultyLabel\":\"Medium\",\"difficultyMetadata\":{\"difficultyScore\":2.6,\"difficultyLabel\":\"Medium\",\"estimatedSolveTime\":65,\"operationCount\":1,\"reasoningDepth\":3,\"reasoningSteps\":[\"balance linear terms: Start from the direct relation highlighted in the motif.\",\"direct: Move variable terms to one side: $5x-2x=11+7$.\",\"direct: $3x=18$, so $x=6$.\"],\"dependencyComplexity\":3,\"operationChain\":[\"transform\"],\"usesPercentage\":false,\"usesRatio\":false,\"usesComparison\":false,\"visualComplexity\":0,\"inferenceComplexity\":3},\"generationMetrics\":{\"generationDurationMs\":1,\"validationRetries\":0,\"uniquenessFailures\":0,\"branchingFactor\":0,\"clueDensity\":0,\"inferenceDepth\":3,\"redundancyScore\":0}}]}",
        "{\"cachedQuestionCount\":1,\"selectedMotifs\":[\"eqn-lin-single\"],\"hasSolverTraces\":false,\"hasSvgSnapshots\":false,\"hasExplanationFlow\":false}",
        "2026-05-09T06:35:50.294Z"
      ],
      "cause": {
        "name": "PostgresError",
        "severity_local": "ERROR",
        "severity": "ERROR",
        "code": "42P01",
        "position": "13",
        "file": "parse_relation.c",
        "line": "1449",
        "routine": "parserOpenTable"
      }
    }
[12:05:51.186] [32mINFO[39m (33908): [36mrequest completed[39m
    [35mreq[39m: {
      "id": 21,
      "method": "POST",
      "url": "/api/generator/pattern"
    }
    [35mres[39m: {
      "statusCode": 200
    }
    [35mresponseTime[39m: 1613
[12:05:51.978] [33mWARN[39m (33908): [36mGeneration cache lookup failed; falling back to live generation[39m
    [35mpatternId[39m: "registry-equations-linear-hard"
    error: {
      "query": "select \"key\", \"pattern_id\", \"generation_domain\", \"generator_version\", \"motif_version\", \"topology_version\", \"request_fingerprint\", \"payload\", \"artifact_metadata\", \"created_at\", \"last_accessed_at\", \"hit_count\" from \"reasoning_scenario_cache\" where \"reasoning_scenario_cache\".\"key\" = $1 limit $2",
      "params": [
        "b7e9409dafd1b0395c80c3e93af9cd278b633163b15113cf07f09faad5739caa",
        1
      ],
      "cause": {
        "name": "PostgresError",
        "severity_local": "ERROR",
        "severity": "ERROR",
        "code": "42P01",
        "position": "214",
        "file": "parse_relation.c",
        "line": "1449",
        "routine": "parserOpenTable"
      }
    }
[12:05:51.981] [32mINFO[39m (33908): [36mrequest errored[39m
    [35mreq[39m: {
      "id": 22,
      "method": "POST",
      "url": "/api/generator/pattern"
    }
    [35mres[39m: {
      "statusCode": 500
    }
    [35mresponseTime[39m: 717
    err: {
      "type": "Error",
      "message": "failed with status code 500",
      "stack":
          Error: failed with status code 500
              at onResFinished (C:\Users\gurbaj\Downloads\f\node_modules\.pnpm\pino-http@10.5.0\node_modules\pino-http\logger.js:115:39)
              at ServerResponse.onResponseComplete (C:\Users\gurbaj\Downloads\f\node_modules\.pnpm\pino-http@10.5.0\node_modules\pino-http\logger.js:178:14)
              at ServerResponse.emit (node:events:520:35)
              at onFinish (node:_http_outgoing:1026:10)
              at callback (node:internal/streams/writable:764:21)
              at afterWrite (node:internal/streams/writable:708:5)
              at afterWriteTick (node:internal/streams/writable:694:10)
              at process.processTicksAndRejections (node:internal/process/task_queues:89:21)
    }
[12:05:52.730] [33mWARN[39m (33908): [36mGeneration cache lookup failed; falling back to live generation[39m
    [35mpatternId[39m: "registry-equations-quadratic-hard"
    error: {
      "query": "select \"key\", \"pattern_id\", \"generation_domain\", \"generator_version\", \"motif_version\", \"topology_version\", \"request_fingerprint\", \"payload\", \"artifact_metadata\", \"created_at\", \"last_accessed_at\", \"hit_count\" from \"reasoning_scenario_cache\" where \"reasoning_scenario_cache\".\"key\" = $1 limit $2",
      "params": [
        "ba1d6117817e1d0c922ca4d9efa71dfecb665a905763134aeefaac14eddff23a",
        1
      ],
      "cause": {
        "name": "PostgresError",
        "severity_local": "ERROR",
        "severity": "ERROR",
        "code": "42P01",
        "position": "214",
        "file": "parse_relation.c",
        "line": "1449",
        "routine": "parserOpenTable"
      }
    }
[12:05:52.733] [32mINFO[39m (33908): [36mrequest errored[39m
    [35mreq[39m: {
      "id": 23,
      "method": "POST",
      "url": "/api/generator/pattern"
    }
    [35mres[39m: {
      "statusCode": 500
    }
    [35mresponseTime[39m: 706
    err: {
      "type": "Error",
      "message": "failed with status code 500",
      "stack":
          Error: failed with status code 500
              at onResFinished (C:\Users\gurbaj\Downloads\f\node_modules\.pnpm\pino-http@10.5.0\node_modules\pino-http\logger.js:115:39)
              at ServerResponse.onResponseComplete (C:\Users\gurbaj\Downloads\f\node_modules\.pnpm\pino-http@10.5.0\node_modules\pino-http\logger.js:178:14)
              at ServerResponse.emit (node:events:520:35)
              at onFinish (node:_http_outgoing:1026:10)
              at callback (node:internal/streams/writable:764:21)
              at afterWrite (node:internal/streams/writable:708:5)
              at afterWriteTick (node:internal/streams/writable:694:10)
              at process.processTicksAndRejections (node:internal/process/task_queues:89:21)
    }
[12:05:53.437] [33mWARN[39m (33908): [36mGeneration cache lookup failed; falling back to live generation[39m
    [35mpatternId[39m: "registry-equations-quadratic-medium"
    error: {
      "query": "select \"key\", \"pattern_id\", \"generation_domain\", \"generator_version\", \"motif_version\", \"topology_version\", \"request_fingerprint\", \"payload\", \"artifact_metadata\", \"created_at\", \"last_accessed_at\", \"hit_count\" from \"reasoning_scenario_cache\" where \"reasoning_scenario_cache\".\"key\" = $1 limit $2",
      "params": [
        "5bc6c2bfa1576aadd5e6a11dbe4f39076c3a825c5750f4fa2b40d47a7b063c98",
        1
      ],
      "cause": {
        "name": "PostgresError",
        "severity_local": "ERROR",
        "severity": "ERROR",
        "code": "42P01",
        "position": "214",
        "file": "parse_relation.c",
        "line": "1449",
        "routine": "parserOpenTable"
      }
    }
[12:05:53.440] [32mINFO[39m (33908): [36mrequest errored[39m
    [35mreq[39m: {
      "id": 24,
      "method": "POST",
      "url": "/api/generator/pattern"
    }
    [35mres[39m: {
      "statusCode": 500
    }
    [35mresponseTime[39m: 693
    err: {
      "type": "Error",
      "message": "failed with status code 500",
      "stack":
          Error: failed with status code 500
              at onResFinished (C:\Users\gurbaj\Downloads\f\node_modules\.pnpm\pino-http@10.5.0\node_modules\pino-http\logger.js:115:39)
              at ServerResponse.onResponseComplete (C:\Users\gurbaj\Downloads\f\node_modules\.pnpm\pino-http@10.5.0\node_modules\pino-http\logger.js:178:14)
              at ServerResponse.emit (node:events:520:35)
              at onFinish (node:_http_outgoing:1026:10)
              at callback (node:internal/streams/writable:764:21)
              at afterWrite (node:internal/streams/writable:708:5)
              at afterWriteTick (node:internal/streams/writable:694:10)
              at process.processTicksAndRejections (node:internal/process/task_queues:89:21)
    }
[12:08:31.652] [32mINFO[39m (33908): [36mrequest completed[39m
    [35mreq[39m: {
      "id": 25,
      "method": "GET",
      "url": "/health"
    }
    [35mres[39m: {
      "statusCode": 200
    }
    [35mresponseTime[39m: 1
[12:08:32.638] [33mWARN[39m (33908): [36mGeneration cache lookup failed; falling back to live generation[39m
    [35mpatternId[39m: "registry-equations-medium"
    error: {
      "query": "select \"key\", \"pattern_id\", \"generation_domain\", \"generator_version\", \"motif_version\", \"topology_version\", \"request_fingerprint\", \"payload\", \"artifact_metadata\", \"created_at\", \"last_accessed_at\", \"hit_count\" from \"reasoning_scenario_cache\" where \"reasoning_scenario_cache\".\"key\" = $1 limit $2",
      "params": [
        "4e7076bfb0504cae682532b62a0d133bd23272148748c4284386fd542c44c309",
        1
      ],
      "cause": {
        "name": "PostgresError",
        "severity_local": "ERROR",
        "severity": "ERROR",
        "code": "42P01",
        "position": "214",
        "file": "parse_relation.c",
        "line": "1449",
        "routine": "parserOpenTable"
      }
    }
[12:08:32.641] [32mINFO[39m (33908): [36mrequest errored[39m
    [35mreq[39m: {
      "id": 26,
      "method": "POST",
      "url": "/api/generator/pattern"
    }
    [35mres[39m: {
      "statusCode": 500
    }
    [35mresponseTime[39m: 870
    err: {
      "type": "Error",
      "message": "failed with status code 500",
      "stack":
          Error: failed with status code 500
              at onResFinished (C:\Users\gurbaj\Downloads\f\node_modules\.pnpm\pino-http@10.5.0\node_modules\pino-http\logger.js:115:39)
              at ServerResponse.onResponseComplete (C:\Users\gurbaj\Downloads\f\node_modules\.pnpm\pino-http@10.5.0\node_modules\pino-http\logger.js:178:14)
              at ServerResponse.emit (node:events:520:35)
              at onFinish (node:_http_outgoing:1026:10)
              at callback (node:internal/streams/writable:764:21)
              at afterWrite (node:internal/streams/writable:708:5)
              at afterWriteTick (node:internal/streams/writable:694:10)
              at process.processTicksAndRejections (node:internal/process/task_queues:89:21)
    }
[12:08:33.559] [33mWARN[39m (33908): [36mGeneration cache lookup failed; falling back to live generation[39m
    [35mpatternId[39m: "registry-equations-linear-medium"
    error: {
      "query": "select \"key\", \"pattern_id\", \"generation_domain\", \"generator_version\", \"motif_version\", \"topology_version\", \"request_fingerprint\", \"payload\", \"artifact_metadata\", \"created_at\", \"last_accessed_at\", \"hit_count\" from \"reasoning_scenario_cache\" where \"reasoning_scenario_cache\".\"key\" = $1 limit $2",
      "params": [
        "397c3c858c625904d56f53de94ed3e6d0e60483b40f7a884ce0da01cc3bbbab2",
        1
      ],
      "cause": {
        "name": "PostgresError",
        "severity_local": "ERROR",
        "severity": "ERROR",
        "code": "42P01",
        "position": "214",
        "file": "parse_relation.c",
        "line": "1449",
        "routine": "parserOpenTable"
      }
    }
[12:08:33.561] [32mINFO[39m (33908): [36mrequest errored[39m
    [35mreq[39m: {
      "id": 27,
      "method": "POST",
      "url": "/api/generator/pattern"
    }
    [35mres[39m: {
      "statusCode": 500
    }
    [35mresponseTime[39m: 714
    err: {
      "type": "Error",
      "message": "failed with status code 500",
      "stack":
          Error: failed with status code 500
              at onResFinished (C:\Users\gurbaj\Downloads\f\node_modules\.pnpm\pino-http@10.5.0\node_modules\pino-http\logger.js:115:39)
              at ServerResponse.onResponseComplete (C:\Users\gurbaj\Downloads\f\node_modules\.pnpm\pino-http@10.5.0\node_modules\pino-http\logger.js:178:14)
              at ServerResponse.emit (node:events:520:35)
              at onFinish (node:_http_outgoing:1026:10)
              at callback (node:internal/streams/writable:764:21)
              at afterWrite (node:internal/streams/writable:708:5)
              at afterWriteTick (node:internal/streams/writable:694:10)
              at process.processTicksAndRejections (node:internal/process/task_queues:89:21)
    }
Generation metrics {
  patternId: 'registry-equations-quadratic-medium',
  topic: 'Equations: Quadratics',
  subtopic: 'equations',
  generationId: 'gen_35df1905',
  generationDomain: 'quant',
  selectedMotif: 'eqn-lin-single',
  difficultyLabel: 'Medium',
  metrics: {
    generationDurationMs: 1,
    validationRetries: 0,
    uniquenessFailures: 0,
    branchingFactor: 0,
    branchingComplexity: undefined,
    clueDensity: 0,
    inferenceDepth: 3,
    redundancyScore: 0,
    deductionDependencyScore: undefined,
    redundancyRatio: undefined,
    anchorDensity: undefined,
    directClueRatio: undefined
  }
}
[12:08:34.352] [33mWARN[39m (33908): [36mGeneration cache lookup failed; falling back to live generation[39m
    [35mpatternId[39m: "registry-equations-quadratic-medium"
    error: {
      "query": "select \"key\", \"pattern_id\", \"generation_domain\", \"generator_version\", \"motif_version\", \"topology_version\", \"request_fingerprint\", \"payload\", \"artifact_metadata\", \"created_at\", \"last_accessed_at\", \"hit_count\" from \"reasoning_scenario_cache\" where \"reasoning_scenario_cache\".\"key\" = $1 limit $2",
      "params": [
        "ca5cc46e4095642a9091cba2d264aae04547970b685d84ebd374595745a72fb7",
        1
      ],
      "cause": {
        "name": "PostgresError",
        "severity_local": "ERROR",
        "severity": "ERROR",
        "code": "42P01",
        "position": "214",
        "file": "parse_relation.c",
        "line": "1449",
        "routine": "parserOpenTable"
      }
    }
[12:08:35.026] [33mWARN[39m (33908): [36mGeneration cache store failed; continuing without cache persistence[39m
    [35mpatternId[39m: "registry-equations-quadratic-medium"
    error: {
      "query": "insert into \"reasoning_scenario_cache\" (\"key\", \"pattern_id\", \"generation_domain\", \"generator_version\", \"motif_version\", \"topology_version\", \"request_fingerprint\", \"payload\", \"artifact_metadata\", \"created_at\", \"last_accessed_at\", \"hit_count\") values ($1, $2, $3, $4, $5, $6, $7, $8, $9, default, default, default) on conflict (\"key\") do update set \"generator_version\" = $10, \"motif_version\" = $11, \"topology_version\" = $12, \"payload\" = $13, \"artifact_metadata\" = $14, \"last_accessed_at\" = $15",
      "params": [
        "ca5cc46e4095642a9091cba2d264aae04547970b685d84ebd374595745a72fb7",
        "registry-equations-quadratic-medium",
        "quant",
        "reasoning-generator-v1",
        "motif-registry-v1:7a7c8e27e4121678c8750ca06c392819bca091ec6172e07bff2f612486d95658",
        "topology-contract-v1:409c496459b1fc1a7b1e335f0b47e27c83be21a95c5dd9d7ddf09476ffefd733",
        "7403a9c4881b7f09dbd56f312bd4ba4c50aa5daae6ae62991a8ab69783ed7008",
        "{\"generationContext\":{\"seed\":\"auto-seed:944ced76-0541-4995-8cda-799d03e9ffc7\",\"generationId\":\"gen_35df1905\",\"timestamp\":1778308713647},\"questions\":[{\"text\":\"Solve the equation $5x-7=2x+11$.\",\"options\":[\"$x=6$\",\"$x=-6$\",\"$x=3$\",\"$x=18$\"],\"correct\":0,\"explanation\":\"Move variable terms to one side: $5x-2x=11+7$.\\n$3x=18$, so $x=6$.\\nFinal answer = $x=6$.\",\"section\":\"Quant\",\"topic\":\"Equations: Quadratics\",\"subtopic\":\"equations\",\"optionMetadata\":[{\"value\":\"$x=6$\",\"isCorrect\":true,\"distractorType\":\"correct\",\"likelyMistake\":\"Correct equation path\",\"reasoningTrap\":\"None\"},{\"value\":\"$x=-6$\",\"isCorrect\":false,\"distractorType\":\"wrongIntermediateValue\",\"likelyMistake\":\"Sign_Flip_Vieta\",\"reasoningTrap\":\"Sign_Flip_Vieta\"},{\"value\":\"$x=3$\",\"isCorrect\":false,\"distractorType\":\"wrongIntermediateValue\",\"likelyMistake\":\"Substitution_Direction_Flip\",\"reasoningTrap\":\"Substitution_Direction_Flip\"},{\"value\":\"$x=18$\",\"isCorrect\":false,\"distractorType\":\"wrongIntermediateValue\",\"likelyMistake\":\"Integer_Constraint_Violation\",\"reasoningTrap\":\"Integer_Constraint_Violation\"}],\"examRealismMetadata\":{\"examProfile\":\"custom\",\"wordingStyle\":\"balanced\",\"archetypeId\":\"easy-one-step-arithmetic\",\"archetypeCategory\":\"one-step-arithmetic\",\"reasoningTraps\":[\"Sign_Flip_Vieta\",\"Substitution_Direction_Flip\",\"Integer_Constraint_Violation\"],\"weightingSummary\":[\"Archetype weight 1.00\",\"Trap bias 1.00\",\"Inference bias 1.00\",\"Distractor mix wrongIntermediateValue, wrongIntermediateValue, wrongIntermediateValue\"]},\"debugMetadata\":{\"selectedPattern\":\"registry-equations-quadratic-medium\",\"seed\":\"auto-seed:944ced76-0541-4995-8cda-799d03e9ffc7\",\"generationId\":\"gen_35df1905\",\"generationDomain\":\"quant\",\"selectedMotif\":\"eqn-lin-single\",\"selectedArchetype\":\"easy-one-step-arithmetic\",\"structuralSignatureKey\":\"eqn-lin-single::linear-balance::5|2|18\",\"scenarioLogicBranch\":\"linear-balance\",\"compatibilityWarnings\":[],\"generationMetrics\":{\"generationDurationMs\":1,\"validationRetries\":0,\"uniquenessFailures\":0,\"branchingFactor\":0,\"clueDensity\":0,\"inferenceDepth\":3,\"redundancyScore\":0},\"proceduralScenario\":{\"id\":\"quant:gen_35df1905:registry-equations-quadratic-medium\",\"domain\":\"quant\",\"subtype\":\"equations\",\"metadata\":{\"patternId\":\"registry-equations-quadratic-medium\",\"topic\":\"Equations: Quadratics\",\"subtopic\":\"equations\",\"generationDomain\":\"quant\",\"seed\":\"auto-seed:944ced76-0541-4995-8cda-799d03e9ffc7\"},\"entities\":[],\"constraints\":[{\"id\":\"quant-formula\",\"type\":\"formula\",\"operator\":\"EQUALS\",\"expression\":\"0\",\"metadata\":{\"variables\":[]}}],\"content\":{\"stem\":\"Solve the equation $5x-7=2x+11$.\",\"prompt\":\"Solve the equation $5x-7=2x+11$.\",\"options\":[\"$x=6$\",\"$x=-6$\",\"$x=3$\",\"$x=18$\"],\"explanation\":\"Move variable terms to one side: $5x-2x=11+7$.\\n$3x=18$, so $x=6$.\\nFinal answer = $x=6$.\",\"artifacts\":{}},\"difficulty\":{\"label\":\"Medium\",\"score\":4.3,\"inferenceDepth\":3,\"metrics\":{\"reasoningDepth\":3,\"dependencyComplexity\":3,\"estimatedSolveTime\":93,\"distractorCount\":3,\"calculationComplexity\":2,\"cognitiveLoadBase\":2.5,\"ambiguityScoreBase\":0}},\"validation\":{\"passed\":false,\"warnings\":[\"Scenario has no normalized entities.\"],\"metrics\":{\"clueCount\":0,\"inferenceDepth\":0,\"uniquenessVerified\":0,\"entityCount\":0,\"constraintCount\":1,\"hasPrompt\":1,\"warningCount\":0,\"difficultyScore\":4.3,\"reasoningDepth\":3,\"redundancyScore\":0,\"redundancyRatio\":0,\"hasFormula\":1}}},\"validationReportDetail\":{\"passed\":false,\"stageResults\":[{\"stage\":\"structural validity\",\"passed\":false,\"diagnostics\":[\"Scenario has no normalized entities.\"],\"metrics\":{\"entityCount\":0,\"constraintCount\":1,\"hasPrompt\":1}},{\"stage\":\"solvability\",\"passed\":true,\"diagnostics\":[],\"metrics\":{\"warningCount\":0}},{\"stage\":\"uniqueness\",\"passed\":true,\"diagnostics\":[],\"metrics\":{\"uniquenessVerified\":0}},{\"stage\":\"difficulty calibration\",\"passed\":true,\"diagnostics\":[],\"metrics\":{\"difficultyScore\":4.3,\"reasoningDepth\":3}},{\"stage\":\"redundancy analysis\",\"passed\":true,\"diagnostics\":[],\"metrics\":{\"redundancyScore\":0,\"redundancyRatio\":0}},{\"stage\":\"equation solvability\",\"passed\":true,\"diagnostics\":[],\"metrics\":{\"hasFormula\":1}}],\"warnings\":[\"Scenario has no normalized entities.\"],\"metrics\":{\"clueCount\":0,\"inferenceDepth\":0,\"uniquenessVerified\":0,\"entityCount\":0,\"constraintCount\":1,\"hasPrompt\":1,\"warningCount\":0,\"difficultyScore\":4.3,\"reasoningDepth\":3,\"redundancyScore\":0,\"redundancyRatio\":0,\"hasFormula\":1}},\"difficultyAssessment\":{\"difficultyLabel\":\"Medium\",\"difficultyScore\":4.3,\"cognitiveLoad\":2.23,\"inferenceDepth\":3,\"calculationComplexity\":2,\"distractorComplexity\":3,\"ambiguityScore\":1.05,\"solvingTimeEstimate\":93,\"domainContributions\":{\"operationCount\":2,\"visualComplexity\":0,\"inferenceComplexity\":3},\"metrics\":{\"reasoningDepth\":3,\"dependencyComplexity\":3,\"estimatedSolveTime\":93,\"distractorCount\":3,\"calculationComplexity\":2,\"cognitiveLoadBase\":2.5,\"ambiguityScoreBase\":0}},\"qualityAssessment\":{\"approved\":false,\"rejectionReasons\":[\"failed-validation\",\"low-realism-score\",\"weak-distractors\"],\"qualityMetrics\":{\"realismScore\":0,\"validationPassed\":0,\"structuralDiversityScore\":1,\"repeatedStructureWarnings\":0,\"directClueRatio\":0,\"difficultyConfidence\":10,\"distractorComplexity\":3,\"distractorTypeCount\":0,\"genericDistractorRatio\":1,\"hasStructuralSignature\":1}},\"extractedPatternIntelligence\":{\"domain\":\"quant\",\"structure\":{\"domain\":\"quant\",\"subtype\":\"equations\",\"entityCount\":0,\"constraintCount\":1,\"structureTokens\":[\"variables:\",\"constraint:formula\"],\"topology\":\"formula-network\",\"metadata\":{\"formula\":\"0\"}},\"difficulty\":{\"cognitiveLoad\":2.5,\"inferenceDepth\":3,\"calculationComplexity\":2,\"distractorComplexity\":3,\"ambiguityScore\":0,\"solvingTimeEstimate\":93,\"difficultyBand\":\"Medium\"},\"distractors\":[{\"type\":\"wrongIntermediateValue\",\"label\":\"wrongIntermediateValue\",\"trapType\":\"wrongIntermediateValue\",\"frequency\":3}],\"motifs\":[{\"motifId\":\"eqn-lin-single\",\"domain\":\"quant\",\"archetype\":\"general\",\"confidence\":0.95,\"metadata\":{\"generated\":\"selectedMotif\"}}]},\"structuralSignature\":{\"domain\":\"quant\",\"topologyHash\":\"sig_604ec201\",\"inferenceHash\":\"sig_e06badb\",\"motifHash\":\"sig_122e7aa5\",\"distractorHash\":\"sig_4306d95f\"},\"corpusAlignment\":{\"score\":8.43,\"deviations\":[{\"metric\":\"topology-frequency\",\"actual\":\"formula-network\",\"expected\":\"higher-frequency corpus topology\",\"message\":\"Topology is less common than the target corpus profile.\"},{\"metric\":\"distractor-pattern\",\"actual\":\"wrongIntermediateValue\",\"expected\":\"higher-frequency corpus distractor families\",\"message\":\"Distractor distribution is weaker or less corpus-like than expected.\"}],\"matchedPatterns\":[\"Clue density aligns with extracted PYQ corpus ranges.\",\"Inference depth tracks the target corpus difficulty curve.\",\"Wording complexity resembles the PYQ corpus style.\",\"Formula/calculation complexity aligns with corpus behavior.\"]},\"originalityScore\":{\"score\":7.73,\"penalties\":[\"Distractor ordering looks mechanically repeated.\",\"Wording normalization indicates a repeated surface template pattern.\"],\"diagnostics\":[\"PYQ-derived intelligence is treated as calibration guidance only, not as a template source.\",\"Clue topology penalty 0, formula repetition penalty 0, distractor ordering penalty 0.667.\",\"Corpus alignment pressure 0.128 while preserving topic weighting and realism guidance only.\"]},\"difficultyConfidence\":{\"predictedDifficulty\":\"Medium\",\"confidence\":9.09,\"explanation\":\"Intended difficulty Medium (4.3), predicted Medium (3.2). Signals used: solving complexity 2.2, elimination depth 0, branching 0, distractor quality 3. Human-solver simulation combined inference depth 3 with solver trace support 0 and branching factor 0.\"}},\"reasoningSteps\":[\"balance linear terms: Start from the direct relation highlighted in the motif.\",\"direct: Move variable terms to one side: $5x-2x=11+7$.\",\"direct: $3x=18$, so $x=6$.\"],\"dependencyComplexity\":3,\"operationChain\":[\"transform\",\"compare\"],\"difficulty\":\"Medium\",\"difficultyScore\":4.3,\"difficultyLabel\":\"Medium\",\"difficultyMetadata\":{\"difficultyScore\":4.3,\"difficultyLabel\":\"Medium\",\"estimatedSolveTime\":93,\"operationCount\":2,\"reasoningDepth\":3,\"reasoningSteps\":[\"balance linear terms: Start from the direct relation highlighted in the motif.\",\"direct: Move variable terms to one side: $5x-2x=11+7$.\",\"direct: $3x=18$, so $x=6$.\"],\"dependencyComplexity\":3,\"operationChain\":[\"transform\",\"compare\"],\"usesPercentage\":false,\"usesRatio\":false,\"usesComparison\":false,\"visualComplexity\":0,\"inferenceComplexity\":3},\"generationMetrics\":{\"generationDurationMs\":1,\"validationRetries\":0,\"uniquenessFailures\":0,\"branchingFactor\":0,\"clueDensity\":0,\"inferenceDepth\":3,\"redundancyScore\":0}}]}",
        "{\"cachedQuestionCount\":1,\"selectedMotifs\":[\"eqn-lin-single\"],\"hasSolverTraces\":false,\"hasSvgSnapshots\":false,\"hasExplanationFlow\":false}",
        "reasoning-generator-v1",
        "motif-registry-v1:7a7c8e27e4121678c8750ca06c392819bca091ec6172e07bff2f612486d95658",
        "topology-contract-v1:409c496459b1fc1a7b1e335f0b47e27c83be21a95c5dd9d7ddf09476ffefd733",
        "{\"generationContext\":{\"seed\":\"auto-seed:944ced76-0541-4995-8cda-799d03e9ffc7\",\"generationId\":\"gen_35df1905\",\"timestamp\":1778308713647},\"questions\":[{\"text\":\"Solve the equation $5x-7=2x+11$.\",\"options\":[\"$x=6$\",\"$x=-6$\",\"$x=3$\",\"$x=18$\"],\"correct\":0,\"explanation\":\"Move variable terms to one side: $5x-2x=11+7$.\\n$3x=18$, so $x=6$.\\nFinal answer = $x=6$.\",\"section\":\"Quant\",\"topic\":\"Equations: Quadratics\",\"subtopic\":\"equations\",\"optionMetadata\":[{\"value\":\"$x=6$\",\"isCorrect\":true,\"distractorType\":\"correct\",\"likelyMistake\":\"Correct equation path\",\"reasoningTrap\":\"None\"},{\"value\":\"$x=-6$\",\"isCorrect\":false,\"distractorType\":\"wrongIntermediateValue\",\"likelyMistake\":\"Sign_Flip_Vieta\",\"reasoningTrap\":\"Sign_Flip_Vieta\"},{\"value\":\"$x=3$\",\"isCorrect\":false,\"distractorType\":\"wrongIntermediateValue\",\"likelyMistake\":\"Substitution_Direction_Flip\",\"reasoningTrap\":\"Substitution_Direction_Flip\"},{\"value\":\"$x=18$\",\"isCorrect\":false,\"distractorType\":\"wrongIntermediateValue\",\"likelyMistake\":\"Integer_Constraint_Violation\",\"reasoningTrap\":\"Integer_Constraint_Violation\"}],\"examRealismMetadata\":{\"examProfile\":\"custom\",\"wordingStyle\":\"balanced\",\"archetypeId\":\"easy-one-step-arithmetic\",\"archetypeCategory\":\"one-step-arithmetic\",\"reasoningTraps\":[\"Sign_Flip_Vieta\",\"Substitution_Direction_Flip\",\"Integer_Constraint_Violation\"],\"weightingSummary\":[\"Archetype weight 1.00\",\"Trap bias 1.00\",\"Inference bias 1.00\",\"Distractor mix wrongIntermediateValue, wrongIntermediateValue, wrongIntermediateValue\"]},\"debugMetadata\":{\"selectedPattern\":\"registry-equations-quadratic-medium\",\"seed\":\"auto-seed:944ced76-0541-4995-8cda-799d03e9ffc7\",\"generationId\":\"gen_35df1905\",\"generationDomain\":\"quant\",\"selectedMotif\":\"eqn-lin-single\",\"selectedArchetype\":\"easy-one-step-arithmetic\",\"structuralSignatureKey\":\"eqn-lin-single::linear-balance::5|2|18\",\"scenarioLogicBranch\":\"linear-balance\",\"compatibilityWarnings\":[],\"generationMetrics\":{\"generationDurationMs\":1,\"validationRetries\":0,\"uniquenessFailures\":0,\"branchingFactor\":0,\"clueDensity\":0,\"inferenceDepth\":3,\"redundancyScore\":0},\"proceduralScenario\":{\"id\":\"quant:gen_35df1905:registry-equations-quadratic-medium\",\"domain\":\"quant\",\"subtype\":\"equations\",\"metadata\":{\"patternId\":\"registry-equations-quadratic-medium\",\"topic\":\"Equations: Quadratics\",\"subtopic\":\"equations\",\"generationDomain\":\"quant\",\"seed\":\"auto-seed:944ced76-0541-4995-8cda-799d03e9ffc7\"},\"entities\":[],\"constraints\":[{\"id\":\"quant-formula\",\"type\":\"formula\",\"operator\":\"EQUALS\",\"expression\":\"0\",\"metadata\":{\"variables\":[]}}],\"content\":{\"stem\":\"Solve the equation $5x-7=2x+11$.\",\"prompt\":\"Solve the equation $5x-7=2x+11$.\",\"options\":[\"$x=6$\",\"$x=-6$\",\"$x=3$\",\"$x=18$\"],\"explanation\":\"Move variable terms to one side: $5x-2x=11+7$.\\n$3x=18$, so $x=6$.\\nFinal answer = $x=6$.\",\"artifacts\":{}},\"difficulty\":{\"label\":\"Medium\",\"score\":4.3,\"inferenceDepth\":3,\"metrics\":{\"reasoningDepth\":3,\"dependencyComplexity\":3,\"estimatedSolveTime\":93,\"distractorCount\":3,\"calculationComplexity\":2,\"cognitiveLoadBase\":2.5,\"ambiguityScoreBase\":0}},\"validation\":{\"passed\":false,\"warnings\":[\"Scenario has no normalized entities.\"],\"metrics\":{\"clueCount\":0,\"inferenceDepth\":0,\"uniquenessVerified\":0,\"entityCount\":0,\"constraintCount\":1,\"hasPrompt\":1,\"warningCount\":0,\"difficultyScore\":4.3,\"reasoningDepth\":3,\"redundancyScore\":0,\"redundancyRatio\":0,\"hasFormula\":1}}},\"validationReportDetail\":{\"passed\":false,\"stageResults\":[{\"stage\":\"structural validity\",\"passed\":false,\"diagnostics\":[\"Scenario has no normalized entities.\"],\"metrics\":{\"entityCount\":0,\"constraintCount\":1,\"hasPrompt\":1}},{\"stage\":\"solvability\",\"passed\":true,\"diagnostics\":[],\"metrics\":{\"warningCount\":0}},{\"stage\":\"uniqueness\",\"passed\":true,\"diagnostics\":[],\"metrics\":{\"uniquenessVerified\":0}},{\"stage\":\"difficulty calibration\",\"passed\":true,\"diagnostics\":[],\"metrics\":{\"difficultyScore\":4.3,\"reasoningDepth\":3}},{\"stage\":\"redundancy analysis\",\"passed\":true,\"diagnostics\":[],\"metrics\":{\"redundancyScore\":0,\"redundancyRatio\":0}},{\"stage\":\"equation solvability\",\"passed\":true,\"diagnostics\":[],\"metrics\":{\"hasFormula\":1}}],\"warnings\":[\"Scenario has no normalized entities.\"],\"metrics\":{\"clueCount\":0,\"inferenceDepth\":0,\"uniquenessVerified\":0,\"entityCount\":0,\"constraintCount\":1,\"hasPrompt\":1,\"warningCount\":0,\"difficultyScore\":4.3,\"reasoningDepth\":3,\"redundancyScore\":0,\"redundancyRatio\":0,\"hasFormula\":1}},\"difficultyAssessment\":{\"difficultyLabel\":\"Medium\",\"difficultyScore\":4.3,\"cognitiveLoad\":2.23,\"inferenceDepth\":3,\"calculationComplexity\":2,\"distractorComplexity\":3,\"ambiguityScore\":1.05,\"solvingTimeEstimate\":93,\"domainContributions\":{\"operationCount\":2,\"visualComplexity\":0,\"inferenceComplexity\":3},\"metrics\":{\"reasoningDepth\":3,\"dependencyComplexity\":3,\"estimatedSolveTime\":93,\"distractorCount\":3,\"calculationComplexity\":2,\"cognitiveLoadBase\":2.5,\"ambiguityScoreBase\":0}},\"qualityAssessment\":{\"approved\":false,\"rejectionReasons\":[\"failed-validation\",\"low-realism-score\",\"weak-distractors\"],\"qualityMetrics\":{\"realismScore\":0,\"validationPassed\":0,\"structuralDiversityScore\":1,\"repeatedStructureWarnings\":0,\"directClueRatio\":0,\"difficultyConfidence\":10,\"distractorComplexity\":3,\"distractorTypeCount\":0,\"genericDistractorRatio\":1,\"hasStructuralSignature\":1}},\"extractedPatternIntelligence\":{\"domain\":\"quant\",\"structure\":{\"domain\":\"quant\",\"subtype\":\"equations\",\"entityCount\":0,\"constraintCount\":1,\"structureTokens\":[\"variables:\",\"constraint:formula\"],\"topology\":\"formula-network\",\"metadata\":{\"formula\":\"0\"}},\"difficulty\":{\"cognitiveLoad\":2.5,\"inferenceDepth\":3,\"calculationComplexity\":2,\"distractorComplexity\":3,\"ambiguityScore\":0,\"solvingTimeEstimate\":93,\"difficultyBand\":\"Medium\"},\"distractors\":[{\"type\":\"wrongIntermediateValue\",\"label\":\"wrongIntermediateValue\",\"trapType\":\"wrongIntermediateValue\",\"frequency\":3}],\"motifs\":[{\"motifId\":\"eqn-lin-single\",\"domain\":\"quant\",\"archetype\":\"general\",\"confidence\":0.95,\"metadata\":{\"generated\":\"selectedMotif\"}}]},\"structuralSignature\":{\"domain\":\"quant\",\"topologyHash\":\"sig_604ec201\",\"inferenceHash\":\"sig_e06badb\",\"motifHash\":\"sig_122e7aa5\",\"distractorHash\":\"sig_4306d95f\"},\"corpusAlignment\":{\"score\":8.43,\"deviations\":[{\"metric\":\"topology-frequency\",\"actual\":\"formula-network\",\"expected\":\"higher-frequency corpus topology\",\"message\":\"Topology is less common than the target corpus profile.\"},{\"metric\":\"distractor-pattern\",\"actual\":\"wrongIntermediateValue\",\"expected\":\"higher-frequency corpus distractor families\",\"message\":\"Distractor distribution is weaker or less corpus-like than expected.\"}],\"matchedPatterns\":[\"Clue density aligns with extracted PYQ corpus ranges.\",\"Inference depth tracks the target corpus difficulty curve.\",\"Wording complexity resembles the PYQ corpus style.\",\"Formula/calculation complexity aligns with corpus behavior.\"]},\"originalityScore\":{\"score\":7.73,\"penalties\":[\"Distractor ordering looks mechanically repeated.\",\"Wording normalization indicates a repeated surface template pattern.\"],\"diagnostics\":[\"PYQ-derived intelligence is treated as calibration guidance only, not as a template source.\",\"Clue topology penalty 0, formula repetition penalty 0, distractor ordering penalty 0.667.\",\"Corpus alignment pressure 0.128 while preserving topic weighting and realism guidance only.\"]},\"difficultyConfidence\":{\"predictedDifficulty\":\"Medium\",\"confidence\":9.09,\"explanation\":\"Intended difficulty Medium (4.3), predicted Medium (3.2). Signals used: solving complexity 2.2, elimination depth 0, branching 0, distractor quality 3. Human-solver simulation combined inference depth 3 with solver trace support 0 and branching factor 0.\"}},\"reasoningSteps\":[\"balance linear terms: Start from the direct relation highlighted in the motif.\",\"direct: Move variable terms to one side: $5x-2x=11+7$.\",\"direct: $3x=18$, so $x=6$.\"],\"dependencyComplexity\":3,\"operationChain\":[\"transform\",\"compare\"],\"difficulty\":\"Medium\",\"difficultyScore\":4.3,\"difficultyLabel\":\"Medium\",\"difficultyMetadata\":{\"difficultyScore\":4.3,\"difficultyLabel\":\"Medium\",\"estimatedSolveTime\":93,\"operationCount\":2,\"reasoningDepth\":3,\"reasoningSteps\":[\"balance linear terms: Start from the direct relation highlighted in the motif.\",\"direct: Move variable terms to one side: $5x-2x=11+7$.\",\"direct: $3x=18$, so $x=6$.\"],\"dependencyComplexity\":3,\"operationChain\":[\"transform\",\"compare\"],\"usesPercentage\":false,\"usesRatio\":false,\"usesComparison\":false,\"visualComplexity\":0,\"inferenceComplexity\":3},\"generationMetrics\":{\"generationDurationMs\":1,\"validationRetries\":0,\"uniquenessFailures\":0,\"branchingFactor\":0,\"clueDensity\":0,\"inferenceDepth\":3,\"redundancyScore\":0}}]}",
        "{\"cachedQuestionCount\":1,\"selectedMotifs\":[\"eqn-lin-single\"],\"hasSolverTraces\":false,\"hasSvgSnapshots\":false,\"hasExplanationFlow\":false}",
        "2026-05-09T06:38:34.354Z"
      ],
      "cause": {
        "name": "PostgresError",
        "severity_local": "ERROR",
        "severity": "ERROR",
        "code": "42P01",
        "position": "13",
        "file": "parse_relation.c",
        "line": "1449",
        "routine": "parserOpenTable"
      }
    }
[12:08:35.027] [32mINFO[39m (33908): [36mrequest completed[39m
    [35mreq[39m: {
      "id": 28,
      "method": "POST",
      "url": "/api/generator/pattern"
    }
    [35mres[39m: {
      "statusCode": 200
    }
    [35mresponseTime[39m: 1381
Generation metrics {
  patternId: 'registry-equations-special-hard',
  topic: 'Equations: Special Forms',
  subtopic: 'equations',
  generationId: 'gen_50ac24e4',
  generationDomain: 'quant',
  selectedMotif: 'eqn-special-radical',
  difficultyLabel: 'Hard',
  metrics: {
    generationDurationMs: 1,
    validationRetries: 0,
    uniquenessFailures: 0,
    branchingFactor: 0,
    branchingComplexity: undefined,
    clueDensity: 0,
    inferenceDepth: 5,
    redundancyScore: 0,
    deductionDependencyScore: undefined,
    redundancyRatio: undefined,
    anchorDensity: undefined,
    directClueRatio: undefined
  }
}
[12:08:35.972] [33mWARN[39m (33908): [36mGeneration cache lookup failed; falling back to live generation[39m
    [35mpatternId[39m: "registry-equations-special-hard"
    error: {
      "query": "select \"key\", \"pattern_id\", \"generation_domain\", \"generator_version\", \"motif_version\", \"topology_version\", \"request_fingerprint\", \"payload\", \"artifact_metadata\", \"created_at\", \"last_accessed_at\", \"hit_count\" from \"reasoning_scenario_cache\" where \"reasoning_scenario_cache\".\"key\" = $1 limit $2",
      "params": [
        "2728a9aaead75a432c68b6221e7c9d29c3111cb8e507f52e3d5a4bef0ba6fb44",
        1
      ],
      "cause": {
        "name": "PostgresError",
        "severity_local": "ERROR",
        "severity": "ERROR",
        "code": "42P01",
        "position": "214",
        "file": "parse_relation.c",
        "line": "1449",
        "routine": "parserOpenTable"
      }
    }
[12:08:36.772] [33mWARN[39m (33908): [36mGeneration cache store failed; continuing without cache persistence[39m
    [35mpatternId[39m: "registry-equations-special-hard"
    error: {
      "query": "insert into \"reasoning_scenario_cache\" (\"key\", \"pattern_id\", \"generation_domain\", \"generator_version\", \"motif_version\", \"topology_version\", \"request_fingerprint\", \"payload\", \"artifact_metadata\", \"created_at\", \"last_accessed_at\", \"hit_count\") values ($1, $2, $3, $4, $5, $6, $7, $8, $9, default, default, default) on conflict (\"key\") do update set \"generator_version\" = $10, \"motif_version\" = $11, \"topology_version\" = $12, \"payload\" = $13, \"artifact_metadata\" = $14, \"last_accessed_at\" = $15",
      "params": [
        "2728a9aaead75a432c68b6221e7c9d29c3111cb8e507f52e3d5a4bef0ba6fb44",
        "registry-equations-special-hard",
        "quant",
        "reasoning-generator-v1",
        "motif-registry-v1:06680ca3d5549782e3981bc3daeb7719e3d50799d09884b15ab19aab8e6749f3",
        "topology-contract-v1:409c496459b1fc1a7b1e335f0b47e27c83be21a95c5dd9d7ddf09476ffefd733",
        "655ccf14ccfa67edd1585e8ff2de19a6c9874b4a6771e26a5c9b93686657a940",
        "{\"generationContext\":{\"seed\":\"auto-seed:2b19554f-355a-49fd-b9bf-1552bf2d3592\",\"generationId\":\"gen_50ac24e4\",\"timestamp\":1778308715080},\"questions\":[{\"text\":\"Solve $\\\\sqrt{x+5}=x-1$. Choose the valid root.\",\"options\":[\"$4$\",\"$-1$\",\"$1$\",\"$5$\"],\"correct\":0,\"explanation\":\"Since $\\\\sqrt{x+5}=x-1$, we need $x\\\\ge1$.\\nSquaring gives $x+5=(x-1)^{2}=x^{2}-2x+1$.\\nSo $x^{2}-3x-4=0$, giving $x=4$ or $x=-1$.\\n$x=-1$ is extraneous because $x\\\\ge1$ is required. Hence $x=4$.\\nFinal answer = $4$.\",\"section\":\"Quant\",\"topic\":\"Equations: Special Forms\",\"subtopic\":\"equations\",\"optionMetadata\":[{\"value\":\"$4$\",\"isCorrect\":true,\"distractorType\":\"correct\",\"likelyMistake\":\"Correct equation path\",\"reasoningTrap\":\"None\"},{\"value\":\"$-1$\",\"isCorrect\":false,\"distractorType\":\"wrongIntermediateValue\",\"likelyMistake\":\"Extraneous_Root_Trap\",\"reasoningTrap\":\"Extraneous_Root_Trap\"},{\"value\":\"$1$\",\"isCorrect\":false,\"distractorType\":\"wrongIntermediateValue\",\"likelyMistake\":\"Square_Root_Principle_Error\",\"reasoningTrap\":\"Square_Root_Principle_Error\"},{\"value\":\"$5$\",\"isCorrect\":false,\"distractorType\":\"wrongIntermediateValue\",\"likelyMistake\":\"Surd_Rationalization_Slip\",\"reasoningTrap\":\"Surd_Rationalization_Slip\"}],\"examRealismMetadata\":{\"examProfile\":\"custom\",\"wordingStyle\":\"balanced\",\"archetypeId\":\"hard-comparative-conditional-inference\",\"archetypeCategory\":\"comparative-conditional-inference\",\"reasoningTraps\":[\"Extraneous_Root_Trap\",\"Square_Root_Principle_Error\",\"Surd_Rationalization_Slip\"],\"weightingSummary\":[\"Archetype weight 1.00\",\"Trap bias 1.00\",\"Inference bias 1.00\",\"Distractor mix wrongIntermediateValue, wrongIntermediateValue, wrongIntermediateValue\"]},\"debugMetadata\":{\"selectedPattern\":\"registry-equations-special-hard\",\"seed\":\"auto-seed:2b19554f-355a-49fd-b9bf-1552bf2d3592\",\"generationId\":\"gen_50ac24e4\",\"generationDomain\":\"quant\",\"selectedMotif\":\"eqn-special-radical\",\"selectedArchetype\":\"hard-comparative-conditional-inference\",\"structuralSignatureKey\":\"eqn-special-radical::radical-validate-root::4\",\"scenarioLogicBranch\":\"radical-validate-root\",\"compatibilityWarnings\":[],\"generationMetrics\":{\"generationDurationMs\":1,\"validationRetries\":0,\"uniquenessFailures\":0,\"branchingFactor\":0,\"clueDensity\":0,\"inferenceDepth\":5,\"redundancyScore\":0},\"proceduralScenario\":{\"id\":\"quant:gen_50ac24e4:registry-equations-special-hard\",\"domain\":\"quant\",\"subtype\":\"equations\",\"metadata\":{\"patternId\":\"registry-equations-special-hard\",\"topic\":\"Equations: Special Forms\",\"subtopic\":\"equations\",\"generationDomain\":\"quant\",\"seed\":\"auto-seed:2b19554f-355a-49fd-b9bf-1552bf2d3592\"},\"entities\":[],\"constraints\":[{\"id\":\"quant-formula\",\"type\":\"formula\",\"operator\":\"EQUALS\",\"expression\":\"0\",\"metadata\":{\"variables\":[]}}],\"content\":{\"stem\":\"Solve $\\\\sqrt{x+5}=x-1$. Choose the valid root.\",\"prompt\":\"Solve $\\\\sqrt{x+5}=x-1$. Choose the valid root.\",\"options\":[\"$4$\",\"$-1$\",\"$1$\",\"$5$\"],\"explanation\":\"Since $\\\\sqrt{x+5}=x-1$, we need $x\\\\ge1$.\\nSquaring gives $x+5=(x-1)^{2}=x^{2}-2x+1$.\\nSo $x^{2}-3x-4=0$, giving $x=4$ or $x=-1$.\\n$x=-1$ is extraneous because $x\\\\ge1$ is required. Hence $x=4$.\\nFinal answer = $4$.\",\"artifacts\":{}},\"difficulty\":{\"label\":\"Hard\",\"score\":7.7,\"inferenceDepth\":5,\"metrics\":{\"reasoningDepth\":5,\"dependencyComplexity\":5,\"estimatedSolveTime\":149,\"distractorCount\":3,\"calculationComplexity\":4,\"cognitiveLoadBase\":4.1,\"ambiguityScoreBase\":0}},\"validation\":{\"passed\":false,\"warnings\":[\"Scenario has no normalized entities.\"],\"metrics\":{\"clueCount\":0,\"inferenceDepth\":0,\"uniquenessVerified\":0,\"entityCount\":0,\"constraintCount\":1,\"hasPrompt\":1,\"warningCount\":0,\"difficultyScore\":7.7,\"reasoningDepth\":5,\"redundancyScore\":0,\"redundancyRatio\":0,\"hasFormula\":1}}},\"validationReportDetail\":{\"passed\":false,\"stageResults\":[{\"stage\":\"structural validity\",\"passed\":false,\"diagnostics\":[\"Scenario has no normalized entities.\"],\"metrics\":{\"entityCount\":0,\"constraintCount\":1,\"hasPrompt\":1}},{\"stage\":\"solvability\",\"passed\":true,\"diagnostics\":[],\"metrics\":{\"warningCount\":0}},{\"stage\":\"uniqueness\",\"passed\":true,\"diagnostics\":[],\"metrics\":{\"uniquenessVerified\":0}},{\"stage\":\"difficulty calibration\",\"passed\":true,\"diagnostics\":[],\"metrics\":{\"difficultyScore\":7.7,\"reasoningDepth\":5}},{\"stage\":\"redundancy analysis\",\"passed\":true,\"diagnostics\":[],\"metrics\":{\"redundancyScore\":0,\"redundancyRatio\":0}},{\"stage\":\"equation solvability\",\"passed\":true,\"diagnostics\":[],\"metrics\":{\"hasFormula\":1}}],\"warnings\":[\"Scenario has no normalized entities.\"],\"metrics\":{\"clueCount\":0,\"inferenceDepth\":0,\"uniquenessVerified\":0,\"entityCount\":0,\"constraintCount\":1,\"hasPrompt\":1,\"warningCount\":0,\"difficultyScore\":7.7,\"reasoningDepth\":5,\"redundancyScore\":0,\"redundancyRatio\":0,\"hasFormula\":1}},\"difficultyAssessment\":{\"difficultyLabel\":\"Hard\",\"difficultyScore\":7.7,\"cognitiveLoad\":3.55,\"inferenceDepth\":5,\"calculationComplexity\":4,\"distractorComplexity\":3,\"ambiguityScore\":1.05,\"solvingTimeEstimate\":149,\"domainContributions\":{\"operationCount\":4,\"visualComplexity\":0,\"inferenceComplexity\":5},\"metrics\":{\"reasoningDepth\":5,\"dependencyComplexity\":5,\"estimatedSolveTime\":149,\"distractorCount\":3,\"calculationComplexity\":4,\"cognitiveLoadBase\":4.1,\"ambiguityScoreBase\":0}},\"qualityAssessment\":{\"approved\":false,\"rejectionReasons\":[\"failed-validation\",\"low-realism-score\",\"weak-distractors\"],\"qualityMetrics\":{\"realismScore\":0,\"validationPassed\":0,\"structuralDiversityScore\":1,\"repeatedStructureWarnings\":0,\"directClueRatio\":0,\"difficultyConfidence\":10,\"distractorComplexity\":3,\"distractorTypeCount\":0,\"genericDistractorRatio\":1,\"hasStructuralSignature\":1}},\"extractedPatternIntelligence\":{\"domain\":\"quant\",\"structure\":{\"domain\":\"quant\",\"subtype\":\"equations\",\"entityCount\":0,\"constraintCount\":1,\"structureTokens\":[\"variables:\",\"constraint:formula\"],\"topology\":\"formula-network\",\"metadata\":{\"formula\":\"0\"}},\"difficulty\":{\"cognitiveLoad\":4.1,\"inferenceDepth\":5,\"calculationComplexity\":4,\"distractorComplexity\":3,\"ambiguityScore\":0,\"solvingTimeEstimate\":149,\"difficultyBand\":\"Hard\"},\"distractors\":[{\"type\":\"wrongIntermediateValue\",\"label\":\"wrongIntermediateValue\",\"trapType\":\"wrongIntermediateValue\",\"frequency\":3}],\"motifs\":[{\"motifId\":\"eqn-special-radical\",\"domain\":\"quant\",\"archetype\":\"general\",\"confidence\":0.95,\"metadata\":{\"generated\":\"selectedMotif\"}}]},\"structuralSignature\":{\"domain\":\"quant\",\"topologyHash\":\"sig_604ec201\",\"inferenceHash\":\"sig_127c4bc7\",\"motifHash\":\"sig_510b1ad\",\"distractorHash\":\"sig_4306d95f\"},\"corpusAlignment\":{\"score\":8.12,\"deviations\":[{\"metric\":\"topology-frequency\",\"actual\":\"formula-network\",\"expected\":\"higher-frequency corpus topology\",\"message\":\"Topology is less common than the target corpus profile.\"},{\"metric\":\"distractor-pattern\",\"actual\":\"wrongIntermediateValue\",\"expected\":\"higher-frequency corpus distractor families\",\"message\":\"Distractor distribution is weaker or less corpus-like than expected.\"}],\"matchedPatterns\":[\"Clue density aligns with extracted PYQ corpus ranges.\",\"Inference depth tracks the target corpus difficulty curve.\",\"Wording complexity resembles the PYQ corpus style.\",\"Formula/calculation complexity aligns with corpus behavior.\"]},\"originalityScore\":{\"score\":8.04,\"penalties\":[\"Distractor ordering looks mechanically repeated.\",\"Wording normalization indicates a repeated surface template pattern.\"],\"diagnostics\":[\"PYQ-derived intelligence is treated as calibration guidance only, not as a template source.\",\"Clue topology penalty 0, formula repetition penalty 0, distractor ordering penalty 0.667.\",\"Corpus alignment pressure 0 while preserving topic weighting and realism guidance only.\"]},\"difficultyConfidence\":{\"predictedDifficulty\":\"Medium\",\"confidence\":5.15,\"explanation\":\"Intended difficulty Hard (7.7), predicted Medium (4.6). Signals used: solving complexity 3.5, elimination depth 0, branching 0, distractor quality 3. Human-solver simulation combined inference depth 5 with solver trace support 0 and branching factor 0.\"}},\"reasoningSteps\":[\"square both sides: Apply the motif condition before evaluating the target quantity.\",\"multi-step: Since $\\\\sqrt{x+5}=x-1$, we need $x\\\\ge1$.\",\"multi-step: Squaring gives $x+5=(x-1)^2=x^2-2x+1$.\",\"multi-step: So $x^2-3x-4=0$, giving $x=4$ or $x=-1$.\",\"conditional: $x=-1$ is extraneous because $x\\\\ge1$ is required. Hence $x=4$.\"],\"dependencyComplexity\":5,\"operationChain\":[\"compare\",\"filter\",\"infer\",\"compare\"],\"difficulty\":\"Hard\",\"difficultyScore\":7.7,\"difficultyLabel\":\"Hard\",\"difficultyMetadata\":{\"difficultyScore\":7.7,\"difficultyLabel\":\"Hard\",\"estimatedSolveTime\":149,\"operationCount\":4,\"reasoningDepth\":5,\"reasoningSteps\":[\"square both sides: Apply the motif condition before evaluating the target quantity.\",\"multi-step: Since $\\\\sqrt{x+5}=x-1$, we need $x\\\\ge1$.\",\"multi-step: Squaring gives $x+5=(x-1)^2=x^2-2x+1$.\",\"multi-step: So $x^2-3x-4=0$, giving $x=4$ or $x=-1$.\",\"conditional: $x=-1$ is extraneous because $x\\\\ge1$ is required. Hence $x=4$.\"],\"dependencyComplexity\":5,\"operationChain\":[\"compare\",\"filter\",\"infer\",\"compare\"],\"usesPercentage\":false,\"usesRatio\":false,\"usesComparison\":false,\"visualComplexity\":0,\"inferenceComplexity\":5},\"generationMetrics\":{\"generationDurationMs\":1,\"validationRetries\":0,\"uniquenessFailures\":0,\"branchingFactor\":0,\"clueDensity\":0,\"inferenceDepth\":5,\"redundancyScore\":0}}]}",
        "{\"cachedQuestionCount\":1,\"selectedMotifs\":[\"eqn-special-radical\"],\"hasSolverTraces\":false,\"hasSvgSnapshots\":false,\"hasExplanationFlow\":false}",
        "reasoning-generator-v1",
        "motif-registry-v1:06680ca3d5549782e3981bc3daeb7719e3d50799d09884b15ab19aab8e6749f3",
        "topology-contract-v1:409c496459b1fc1a7b1e335f0b47e27c83be21a95c5dd9d7ddf09476ffefd733",
        "{\"generationContext\":{\"seed\":\"auto-seed:2b19554f-355a-49fd-b9bf-1552bf2d3592\",\"generationId\":\"gen_50ac24e4\",\"timestamp\":1778308715080},\"questions\":[{\"text\":\"Solve $\\\\sqrt{x+5}=x-1$. Choose the valid root.\",\"options\":[\"$4$\",\"$-1$\",\"$1$\",\"$5$\"],\"correct\":0,\"explanation\":\"Since $\\\\sqrt{x+5}=x-1$, we need $x\\\\ge1$.\\nSquaring gives $x+5=(x-1)^{2}=x^{2}-2x+1$.\\nSo $x^{2}-3x-4=0$, giving $x=4$ or $x=-1$.\\n$x=-1$ is extraneous because $x\\\\ge1$ is required. Hence $x=4$.\\nFinal answer = $4$.\",\"section\":\"Quant\",\"topic\":\"Equations: Special Forms\",\"subtopic\":\"equations\",\"optionMetadata\":[{\"value\":\"$4$\",\"isCorrect\":true,\"distractorType\":\"correct\",\"likelyMistake\":\"Correct equation path\",\"reasoningTrap\":\"None\"},{\"value\":\"$-1$\",\"isCorrect\":false,\"distractorType\":\"wrongIntermediateValue\",\"likelyMistake\":\"Extraneous_Root_Trap\",\"reasoningTrap\":\"Extraneous_Root_Trap\"},{\"value\":\"$1$\",\"isCorrect\":false,\"distractorType\":\"wrongIntermediateValue\",\"likelyMistake\":\"Square_Root_Principle_Error\",\"reasoningTrap\":\"Square_Root_Principle_Error\"},{\"value\":\"$5$\",\"isCorrect\":false,\"distractorType\":\"wrongIntermediateValue\",\"likelyMistake\":\"Surd_Rationalization_Slip\",\"reasoningTrap\":\"Surd_Rationalization_Slip\"}],\"examRealismMetadata\":{\"examProfile\":\"custom\",\"wordingStyle\":\"balanced\",\"archetypeId\":\"hard-comparative-conditional-inference\",\"archetypeCategory\":\"comparative-conditional-inference\",\"reasoningTraps\":[\"Extraneous_Root_Trap\",\"Square_Root_Principle_Error\",\"Surd_Rationalization_Slip\"],\"weightingSummary\":[\"Archetype weight 1.00\",\"Trap bias 1.00\",\"Inference bias 1.00\",\"Distractor mix wrongIntermediateValue, wrongIntermediateValue, wrongIntermediateValue\"]},\"debugMetadata\":{\"selectedPattern\":\"registry-equations-special-hard\",\"seed\":\"auto-seed:2b19554f-355a-49fd-b9bf-1552bf2d3592\",\"generationId\":\"gen_50ac24e4\",\"generationDomain\":\"quant\",\"selectedMotif\":\"eqn-special-radical\",\"selectedArchetype\":\"hard-comparative-conditional-inference\",\"structuralSignatureKey\":\"eqn-special-radical::radical-validate-root::4\",\"scenarioLogicBranch\":\"radical-validate-root\",\"compatibilityWarnings\":[],\"generationMetrics\":{\"generationDurationMs\":1,\"validationRetries\":0,\"uniquenessFailures\":0,\"branchingFactor\":0,\"clueDensity\":0,\"inferenceDepth\":5,\"redundancyScore\":0},\"proceduralScenario\":{\"id\":\"quant:gen_50ac24e4:registry-equations-special-hard\",\"domain\":\"quant\",\"subtype\":\"equations\",\"metadata\":{\"patternId\":\"registry-equations-special-hard\",\"topic\":\"Equations: Special Forms\",\"subtopic\":\"equations\",\"generationDomain\":\"quant\",\"seed\":\"auto-seed:2b19554f-355a-49fd-b9bf-1552bf2d3592\"},\"entities\":[],\"constraints\":[{\"id\":\"quant-formula\",\"type\":\"formula\",\"operator\":\"EQUALS\",\"expression\":\"0\",\"metadata\":{\"variables\":[]}}],\"content\":{\"stem\":\"Solve $\\\\sqrt{x+5}=x-1$. Choose the valid root.\",\"prompt\":\"Solve $\\\\sqrt{x+5}=x-1$. Choose the valid root.\",\"options\":[\"$4$\",\"$-1$\",\"$1$\",\"$5$\"],\"explanation\":\"Since $\\\\sqrt{x+5}=x-1$, we need $x\\\\ge1$.\\nSquaring gives $x+5=(x-1)^{2}=x^{2}-2x+1$.\\nSo $x^{2}-3x-4=0$, giving $x=4$ or $x=-1$.\\n$x=-1$ is extraneous because $x\\\\ge1$ is required. Hence $x=4$.\\nFinal answer = $4$.\",\"artifacts\":{}},\"difficulty\":{\"label\":\"Hard\",\"score\":7.7,\"inferenceDepth\":5,\"metrics\":{\"reasoningDepth\":5,\"dependencyComplexity\":5,\"estimatedSolveTime\":149,\"distractorCount\":3,\"calculationComplexity\":4,\"cognitiveLoadBase\":4.1,\"ambiguityScoreBase\":0}},\"validation\":{\"passed\":false,\"warnings\":[\"Scenario has no normalized entities.\"],\"metrics\":{\"clueCount\":0,\"inferenceDepth\":0,\"uniquenessVerified\":0,\"entityCount\":0,\"constraintCount\":1,\"hasPrompt\":1,\"warningCount\":0,\"difficultyScore\":7.7,\"reasoningDepth\":5,\"redundancyScore\":0,\"redundancyRatio\":0,\"hasFormula\":1}}},\"validationReportDetail\":{\"passed\":false,\"stageResults\":[{\"stage\":\"structural validity\",\"passed\":false,\"diagnostics\":[\"Scenario has no normalized entities.\"],\"metrics\":{\"entityCount\":0,\"constraintCount\":1,\"hasPrompt\":1}},{\"stage\":\"solvability\",\"passed\":true,\"diagnostics\":[],\"metrics\":{\"warningCount\":0}},{\"stage\":\"uniqueness\",\"passed\":true,\"diagnostics\":[],\"metrics\":{\"uniquenessVerified\":0}},{\"stage\":\"difficulty calibration\",\"passed\":true,\"diagnostics\":[],\"metrics\":{\"difficultyScore\":7.7,\"reasoningDepth\":5}},{\"stage\":\"redundancy analysis\",\"passed\":true,\"diagnostics\":[],\"metrics\":{\"redundancyScore\":0,\"redundancyRatio\":0}},{\"stage\":\"equation solvability\",\"passed\":true,\"diagnostics\":[],\"metrics\":{\"hasFormula\":1}}],\"warnings\":[\"Scenario has no normalized entities.\"],\"metrics\":{\"clueCount\":0,\"inferenceDepth\":0,\"uniquenessVerified\":0,\"entityCount\":0,\"constraintCount\":1,\"hasPrompt\":1,\"warningCount\":0,\"difficultyScore\":7.7,\"reasoningDepth\":5,\"redundancyScore\":0,\"redundancyRatio\":0,\"hasFormula\":1}},\"difficultyAssessment\":{\"difficultyLabel\":\"Hard\",\"difficultyScore\":7.7,\"cognitiveLoad\":3.55,\"inferenceDepth\":5,\"calculationComplexity\":4,\"distractorComplexity\":3,\"ambiguityScore\":1.05,\"solvingTimeEstimate\":149,\"domainContributions\":{\"operationCount\":4,\"visualComplexity\":0,\"inferenceComplexity\":5},\"metrics\":{\"reasoningDepth\":5,\"dependencyComplexity\":5,\"estimatedSolveTime\":149,\"distractorCount\":3,\"calculationComplexity\":4,\"cognitiveLoadBase\":4.1,\"ambiguityScoreBase\":0}},\"qualityAssessment\":{\"approved\":false,\"rejectionReasons\":[\"failed-validation\",\"low-realism-score\",\"weak-distractors\"],\"qualityMetrics\":{\"realismScore\":0,\"validationPassed\":0,\"structuralDiversityScore\":1,\"repeatedStructureWarnings\":0,\"directClueRatio\":0,\"difficultyConfidence\":10,\"distractorComplexity\":3,\"distractorTypeCount\":0,\"genericDistractorRatio\":1,\"hasStructuralSignature\":1}},\"extractedPatternIntelligence\":{\"domain\":\"quant\",\"structure\":{\"domain\":\"quant\",\"subtype\":\"equations\",\"entityCount\":0,\"constraintCount\":1,\"structureTokens\":[\"variables:\",\"constraint:formula\"],\"topology\":\"formula-network\",\"metadata\":{\"formula\":\"0\"}},\"difficulty\":{\"cognitiveLoad\":4.1,\"inferenceDepth\":5,\"calculationComplexity\":4,\"distractorComplexity\":3,\"ambiguityScore\":0,\"solvingTimeEstimate\":149,\"difficultyBand\":\"Hard\"},\"distractors\":[{\"type\":\"wrongIntermediateValue\",\"label\":\"wrongIntermediateValue\",\"trapType\":\"wrongIntermediateValue\",\"frequency\":3}],\"motifs\":[{\"motifId\":\"eqn-special-radical\",\"domain\":\"quant\",\"archetype\":\"general\",\"confidence\":0.95,\"metadata\":{\"generated\":\"selectedMotif\"}}]},\"structuralSignature\":{\"domain\":\"quant\",\"topologyHash\":\"sig_604ec201\",\"inferenceHash\":\"sig_127c4bc7\",\"motifHash\":\"sig_510b1ad\",\"distractorHash\":\"sig_4306d95f\"},\"corpusAlignment\":{\"score\":8.12,\"deviations\":[{\"metric\":\"topology-frequency\",\"actual\":\"formula-network\",\"expected\":\"higher-frequency corpus topology\",\"message\":\"Topology is less common than the target corpus profile.\"},{\"metric\":\"distractor-pattern\",\"actual\":\"wrongIntermediateValue\",\"expected\":\"higher-frequency corpus distractor families\",\"message\":\"Distractor distribution is weaker or less corpus-like than expected.\"}],\"matchedPatterns\":[\"Clue density aligns with extracted PYQ corpus ranges.\",\"Inference depth tracks the target corpus difficulty curve.\",\"Wording complexity resembles the PYQ corpus style.\",\"Formula/calculation complexity aligns with corpus behavior.\"]},\"originalityScore\":{\"score\":8.04,\"penalties\":[\"Distractor ordering looks mechanically repeated.\",\"Wording normalization indicates a repeated surface template pattern.\"],\"diagnostics\":[\"PYQ-derived intelligence is treated as calibration guidance only, not as a template source.\",\"Clue topology penalty 0, formula repetition penalty 0, distractor ordering penalty 0.667.\",\"Corpus alignment pressure 0 while preserving topic weighting and realism guidance only.\"]},\"difficultyConfidence\":{\"predictedDifficulty\":\"Medium\",\"confidence\":5.15,\"explanation\":\"Intended difficulty Hard (7.7), predicted Medium (4.6). Signals used: solving complexity 3.5, elimination depth 0, branching 0, distractor quality 3. Human-solver simulation combined inference depth 5 with solver trace support 0 and branching factor 0.\"}},\"reasoningSteps\":[\"square both sides: Apply the motif condition before evaluating the target quantity.\",\"multi-step: Since $\\\\sqrt{x+5}=x-1$, we need $x\\\\ge1$.\",\"multi-step: Squaring gives $x+5=(x-1)^2=x^2-2x+1$.\",\"multi-step: So $x^2-3x-4=0$, giving $x=4$ or $x=-1$.\",\"conditional: $x=-1$ is extraneous because $x\\\\ge1$ is required. Hence $x=4$.\"],\"dependencyComplexity\":5,\"operationChain\":[\"compare\",\"filter\",\"infer\",\"compare\"],\"difficulty\":\"Hard\",\"difficultyScore\":7.7,\"difficultyLabel\":\"Hard\",\"difficultyMetadata\":{\"difficultyScore\":7.7,\"difficultyLabel\":\"Hard\",\"estimatedSolveTime\":149,\"operationCount\":4,\"reasoningDepth\":5,\"reasoningSteps\":[\"square both sides: Apply the motif condition before evaluating the target quantity.\",\"multi-step: Since $\\\\sqrt{x+5}=x-1$, we need $x\\\\ge1$.\",\"multi-step: Squaring gives $x+5=(x-1)^2=x^2-2x+1$.\",\"multi-step: So $x^2-3x-4=0$, giving $x=4$ or $x=-1$.\",\"conditional: $x=-1$ is extraneous because $x\\\\ge1$ is required. Hence $x=4$.\"],\"dependencyComplexity\":5,\"operationChain\":[\"compare\",\"filter\",\"infer\",\"compare\"],\"usesPercentage\":false,\"usesRatio\":false,\"usesComparison\":false,\"visualComplexity\":0,\"inferenceComplexity\":5},\"generationMetrics\":{\"generationDurationMs\":1,\"validationRetries\":0,\"uniquenessFailures\":0,\"branchingFactor\":0,\"clueDensity\":0,\"inferenceDepth\":5,\"redundancyScore\":0}}]}",
        "{\"cachedQuestionCount\":1,\"selectedMotifs\":[\"eqn-special-radical\"],\"hasSolverTraces\":false,\"hasSvgSnapshots\":false,\"hasExplanationFlow\":false}",
        "2026-05-09T06:38:35.974Z"
      ],
      "cause": {
        "name": "PostgresError",
        "severity_local": "ERROR",
        "severity": "ERROR",
        "code": "42P01",
        "position": "13",
        "file": "parse_relation.c",
        "line": "1449",
        "routine": "parserOpenTable"
      }
    }
[12:08:36.773] [32mINFO[39m (33908): [36mrequest completed[39m
    [35mreq[39m: {
      "id": 29,
      "method": "POST",
      "url": "/api/generator/pattern"
    }
    [35mres[39m: {
      "statusCode": 200
    }
    [35mresponseTime[39m: 1696
Generation metrics {
  patternId: 'registry-equations-modulus-hard',
  topic: 'Equations: Modulus',
  subtopic: 'equations',
  generationId: 'gen_83a3f2',
  generationDomain: 'quant',
  selectedMotif: 'eqn-mod-nested',
  difficultyLabel: 'Hard',
  metrics: {
    generationDurationMs: 0,
    validationRetries: 0,
    uniquenessFailures: 0,
    branchingFactor: 0,
    branchingComplexity: undefined,
    clueDensity: 0,
    inferenceDepth: 4,
    redundancyScore: 0,
    deductionDependencyScore: undefined,
    redundancyRatio: undefined,
    anchorDensity: undefined,
    directClueRatio: undefined
  }
}
[12:08:37.655] [33mWARN[39m (33908): [36mGeneration cache lookup failed; falling back to live generation[39m
    [35mpatternId[39m: "registry-equations-modulus-hard"
    error: {
      "query": "select \"key\", \"pattern_id\", \"generation_domain\", \"generator_version\", \"motif_version\", \"topology_version\", \"request_fingerprint\", \"payload\", \"artifact_metadata\", \"created_at\", \"last_accessed_at\", \"hit_count\" from \"reasoning_scenario_cache\" where \"reasoning_scenario_cache\".\"key\" = $1 limit $2",
      "params": [
        "247842249df254af941964c055f5b5fa1ba99154096bddc3a675d18d69cf6c3f",
        1
      ],
      "cause": {
        "name": "PostgresError",
        "severity_local": "ERROR",
        "severity": "ERROR",
        "code": "42P01",
        "position": "214",
        "file": "parse_relation.c",
        "line": "1449",
        "routine": "parserOpenTable"
      }
    }
[12:08:38.395] [33mWARN[39m (33908): [36mGeneration cache store failed; continuing without cache persistence[39m
    [35mpatternId[39m: "registry-equations-modulus-hard"
    error: {
      "query": "insert into \"reasoning_scenario_cache\" (\"key\", \"pattern_id\", \"generation_domain\", \"generator_version\", \"motif_version\", \"topology_version\", \"request_fingerprint\", \"payload\", \"artifact_metadata\", \"created_at\", \"last_accessed_at\", \"hit_count\") values ($1, $2, $3, $4, $5, $6, $7, $8, $9, default, default, default) on conflict (\"key\") do update set \"generator_version\" = $10, \"motif_version\" = $11, \"topology_version\" = $12, \"payload\" = $13, \"artifact_metadata\" = $14, \"last_accessed_at\" = $15",
      "params": [
        "247842249df254af941964c055f5b5fa1ba99154096bddc3a675d18d69cf6c3f",
        "registry-equations-modulus-hard",
        "quant",
        "reasoning-generator-v1",
        "motif-registry-v1:9a460e6e1fd81e26a795b22d2f5e24dccbed371bdaca3a45340f4e22a540989b",
        "topology-contract-v1:409c496459b1fc1a7b1e335f0b47e27c83be21a95c5dd9d7ddf09476ffefd733",
        "138428f7f14d2b19555c9fc6cf7fbbd487c1325905487838c9561ac41dade585",
        "{\"generationContext\":{\"seed\":\"auto-seed:f54108e7-5b48-46b8-968c-d7aa7b23d916\",\"generationId\":\"gen_83a3f2\",\"timestamp\":1778308716844},\"questions\":[{\"text\":\"Find the number of real solutions of $|x-2|+|x-8|=6$.\",\"options\":[\"$\\\\text{Infinitely many}$\",\"$2$\",\"$1$\",\"$0$\"],\"correct\":0,\"explanation\":\"$|x-2|+|x-8|$ is the sum of distances from $2$ and $8$.\\nFor every $x$ between $2$ and $8$, the sum of distances is exactly $6$.\\nHence there are infinitely many real solutions.\\nFinal answer = $\\\\text{Infinitely many}$.\",\"section\":\"Quant\",\"topic\":\"Equations: Modulus\",\"subtopic\":\"equations\",\"optionMetadata\":[{\"value\":\"$\\\\text{Infinitely many}$\",\"isCorrect\":true,\"distractorType\":\"correct\",\"likelyMistake\":\"Correct equation path\",\"reasoningTrap\":\"None\"},{\"value\":\"$2$\",\"isCorrect\":false,\"distractorType\":\"wrongIntermediateValue\",\"likelyMistake\":\"Modulus_Case_Omission\",\"reasoningTrap\":\"Modulus_Case_Omission\"},{\"value\":\"$1$\",\"isCorrect\":false,\"distractorType\":\"wrongIntermediateValue\",\"likelyMistake\":\"Modulus_Distance_Error\",\"reasoningTrap\":\"Modulus_Distance_Error\"},{\"value\":\"$0$\",\"isCorrect\":false,\"distractorType\":\"wrongIntermediateValue\",\"likelyMistake\":\"Integer_Constraint_Violation\",\"reasoningTrap\":\"Integer_Constraint_Violation\"}],\"examRealismMetadata\":{\"examProfile\":\"custom\",\"wordingStyle\":\"balanced\",\"archetypeId\":\"hard-comparative-conditional-inference\",\"archetypeCategory\":\"comparative-conditional-inference\",\"reasoningTraps\":[\"Modulus_Case_Omission\",\"Modulus_Distance_Error\",\"Integer_Constraint_Violation\"],\"weightingSummary\":[\"Archetype weight 1.00\",\"Trap bias 1.00\",\"Inference bias 1.00\",\"Distractor mix wrongIntermediateValue, wrongIntermediateValue, wrongIntermediateValue\"]},\"debugMetadata\":{\"selectedPattern\":\"registry-equations-modulus-hard\",\"seed\":\"auto-seed:f54108e7-5b48-46b8-968c-d7aa7b23d916\",\"generationId\":\"gen_83a3f2\",\"generationDomain\":\"quant\",\"selectedMotif\":\"eqn-mod-nested\",\"selectedArchetype\":\"hard-comparative-conditional-inference\",\"structuralSignatureKey\":\"eqn-mod-nested::distance-critical-points::999\",\"scenarioLogicBranch\":\"distance-critical-points\",\"compatibilityWarnings\":[],\"generationMetrics\":{\"generationDurationMs\":0,\"validationRetries\":0,\"uniquenessFailures\":0,\"branchingFactor\":0,\"clueDensity\":0,\"inferenceDepth\":4,\"redundancyScore\":0},\"proceduralScenario\":{\"id\":\"quant:gen_83a3f2:registry-equations-modulus-hard\",\"domain\":\"quant\",\"subtype\":\"equations\",\"metadata\":{\"patternId\":\"registry-equations-modulus-hard\",\"topic\":\"Equations: Modulus\",\"subtopic\":\"equations\",\"generationDomain\":\"quant\",\"seed\":\"auto-seed:f54108e7-5b48-46b8-968c-d7aa7b23d916\"},\"entities\":[],\"constraints\":[{\"id\":\"quant-formula\",\"type\":\"formula\",\"operator\":\"EQUALS\",\"expression\":\"0\",\"metadata\":{\"variables\":[]}}],\"content\":{\"stem\":\"Find the number of real solutions of $|x-2|+|x-8|=6$.\",\"prompt\":\"Find the number of real solutions of $|x-2|+|x-8|=6$.\",\"options\":[\"$\\\\text{Infinitely many}$\",\"$2$\",\"$1$\",\"$0$\"],\"explanation\":\"$|x-2|+|x-8|$ is the sum of distances from $2$ and $8$.\\nFor every $x$ between $2$ and $8$, the sum of distances is exactly $6$.\\nHence there are infinitely many real solutions.\\nFinal answer = $\\\\text{Infinitely many}$.\",\"artifacts\":{}},\"difficulty\":{\"label\":\"Hard\",\"score\":7.7,\"inferenceDepth\":4,\"metrics\":{\"reasoningDepth\":4,\"dependencyComplexity\":4,\"estimatedSolveTime\":149,\"distractorCount\":3,\"calculationComplexity\":4,\"cognitiveLoadBase\":3.5,\"ambiguityScoreBase\":0}},\"validation\":{\"passed\":false,\"warnings\":[\"Scenario has no normalized entities.\"],\"metrics\":{\"clueCount\":0,\"inferenceDepth\":0,\"uniquenessVerified\":0,\"entityCount\":0,\"constraintCount\":1,\"hasPrompt\":1,\"warningCount\":0,\"difficultyScore\":7.7,\"reasoningDepth\":4,\"redundancyScore\":0,\"redundancyRatio\":0,\"hasFormula\":1}}},\"validationReportDetail\":{\"passed\":false,\"stageResults\":[{\"stage\":\"structural validity\",\"passed\":false,\"diagnostics\":[\"Scenario has no normalized entities.\"],\"metrics\":{\"entityCount\":0,\"constraintCount\":1,\"hasPrompt\":1}},{\"stage\":\"solvability\",\"passed\":true,\"diagnostics\":[],\"metrics\":{\"warningCount\":0}},{\"stage\":\"uniqueness\",\"passed\":true,\"diagnostics\":[],\"metrics\":{\"uniquenessVerified\":0}},{\"stage\":\"difficulty calibration\",\"passed\":true,\"diagnostics\":[],\"metrics\":{\"difficultyScore\":7.7,\"reasoningDepth\":4}},{\"stage\":\"redundancy analysis\",\"passed\":true,\"diagnostics\":[],\"metrics\":{\"redundancyScore\":0,\"redundancyRatio\":0}},{\"stage\":\"equation solvability\",\"passed\":true,\"diagnostics\":[],\"metrics\":{\"hasFormula\":1}}],\"warnings\":[\"Scenario has no normalized entities.\"],\"metrics\":{\"clueCount\":0,\"inferenceDepth\":0,\"uniquenessVerified\":0,\"entityCount\":0,\"constraintCount\":1,\"hasPrompt\":1,\"warningCount\":0,\"difficultyScore\":7.7,\"reasoningDepth\":4,\"redundancyScore\":0,\"redundancyRatio\":0,\"hasFormula\":1}},\"difficultyAssessment\":{\"difficultyLabel\":\"Hard\",\"difficultyScore\":7.7,\"cognitiveLoad\":3.31,\"inferenceDepth\":4,\"calculationComplexity\":4,\"distractorComplexity\":3,\"ambiguityScore\":1.05,\"solvingTimeEstimate\":149,\"domainContributions\":{\"operationCount\":4,\"visualComplexity\":0,\"inferenceComplexity\":4},\"metrics\":{\"reasoningDepth\":4,\"dependencyComplexity\":4,\"estimatedSolveTime\":149,\"distractorCount\":3,\"calculationComplexity\":4,\"cognitiveLoadBase\":3.5,\"ambiguityScoreBase\":0}},\"qualityAssessment\":{\"approved\":false,\"rejectionReasons\":[\"failed-validation\",\"low-realism-score\",\"weak-distractors\"],\"qualityMetrics\":{\"realismScore\":0,\"validationPassed\":0,\"structuralDiversityScore\":1,\"repeatedStructureWarnings\":0,\"directClueRatio\":0,\"difficultyConfidence\":10,\"distractorComplexity\":3,\"distractorTypeCount\":0,\"genericDistractorRatio\":1,\"hasStructuralSignature\":1}},\"extractedPatternIntelligence\":{\"domain\":\"quant\",\"structure\":{\"domain\":\"quant\",\"subtype\":\"equations\",\"entityCount\":0,\"constraintCount\":1,\"structureTokens\":[\"variables:\",\"constraint:formula\"],\"topology\":\"formula-network\",\"metadata\":{\"formula\":\"0\"}},\"difficulty\":{\"cognitiveLoad\":3.5,\"inferenceDepth\":4,\"calculationComplexity\":4,\"distractorComplexity\":3,\"ambiguityScore\":0,\"solvingTimeEstimate\":149,\"difficultyBand\":\"Hard\"},\"distractors\":[{\"type\":\"wrongIntermediateValue\",\"label\":\"wrongIntermediateValue\",\"trapType\":\"wrongIntermediateValue\",\"frequency\":3}],\"motifs\":[{\"motifId\":\"eqn-mod-nested\",\"domain\":\"quant\",\"archetype\":\"general\",\"confidence\":0.95,\"metadata\":{\"generated\":\"selectedMotif\"}}]},\"structuralSignature\":{\"domain\":\"quant\",\"topologyHash\":\"sig_604ec201\",\"inferenceHash\":\"sig_effffcdf\",\"motifHash\":\"sig_1102ba07\",\"distractorHash\":\"sig_4306d95f\"},\"corpusAlignment\":{\"score\":8.43,\"deviations\":[{\"metric\":\"topology-frequency\",\"actual\":\"formula-network\",\"expected\":\"higher-frequency corpus topology\",\"message\":\"Topology is less common than the target corpus profile.\"},{\"metric\":\"distractor-pattern\",\"actual\":\"wrongIntermediateValue\",\"expected\":\"higher-frequency corpus distractor families\",\"message\":\"Distractor distribution is weaker or less corpus-like than expected.\"}],\"matchedPatterns\":[\"Clue density aligns with extracted PYQ corpus ranges.\",\"Inference depth tracks the target corpus difficulty curve.\",\"Wording complexity resembles the PYQ corpus style.\",\"Formula/calculation complexity aligns with corpus behavior.\"]},\"originalityScore\":{\"score\":7.41,\"penalties\":[\"Distractor ordering looks mechanically repeated.\",\"Wording normalization indicates a repeated surface template pattern.\"],\"diagnostics\":[\"PYQ-derived intelligence is treated as calibration guidance only, not as a template source.\",\"Clue topology penalty 0, formula repetition penalty 0, distractor ordering penalty 0.667.\",\"Corpus alignment pressure 0.128 while preserving topic weighting and realism guidance only.\"]},\"difficultyConfidence\":{\"predictedDifficulty\":\"Medium\",\"confidence\":4.54,\"explanation\":\"Intended difficulty Hard (7.7), predicted Medium (4.2). Signals used: solving complexity 3.3, elimination depth 0, branching 0, distractor quality 3. Human-solver simulation combined inference depth 4 with solver trace support 0 and branching factor 0.\"}},\"reasoningSteps\":[\"nested case split: Apply the motif condition before evaluating the target quantity.\",\"conditional: $|x-2|+|x-8|$ is the sum of distances from $2$ and $8$.\",\"conditional: For every $x$ between $2$ and $8$, the sum of distances is exactly $6$.\",\"direct: Hence there are infinitely many real solutions.\"],\"dependencyComplexity\":4,\"operationChain\":[\"compare\",\"filter\",\"infer\",\"compare\"],\"difficulty\":\"Hard\",\"difficultyScore\":7.7,\"difficultyLabel\":\"Hard\",\"difficultyMetadata\":{\"difficultyScore\":7.7,\"difficultyLabel\":\"Hard\",\"estimatedSolveTime\":149,\"operationCount\":4,\"reasoningDepth\":4,\"reasoningSteps\":[\"nested case split: Apply the motif condition before evaluating the target quantity.\",\"conditional: $|x-2|+|x-8|$ is the sum of distances from $2$ and $8$.\",\"conditional: For every $x$ between $2$ and $8$, the sum of distances is exactly $6$.\",\"direct: Hence there are infinitely many real solutions.\"],\"dependencyComplexity\":4,\"operationChain\":[\"compare\",\"filter\",\"infer\",\"compare\"],\"usesPercentage\":false,\"usesRatio\":false,\"usesComparison\":false,\"visualComplexity\":0,\"inferenceComplexity\":4},\"generationMetrics\":{\"generationDurationMs\":0,\"validationRetries\":0,\"uniquenessFailures\":0,\"branchingFactor\":0,\"clueDensity\":0,\"inferenceDepth\":4,\"redundancyScore\":0}}]}",
        "{\"cachedQuestionCount\":1,\"selectedMotifs\":[\"eqn-mod-nested\"],\"hasSolverTraces\":false,\"hasSvgSnapshots\":false,\"hasExplanationFlow\":false}",
        "reasoning-generator-v1",
        "motif-registry-v1:9a460e6e1fd81e26a795b22d2f5e24dccbed371bdaca3a45340f4e22a540989b",
        "topology-contract-v1:409c496459b1fc1a7b1e335f0b47e27c83be21a95c5dd9d7ddf09476ffefd733",
        "{\"generationContext\":{\"seed\":\"auto-seed:f54108e7-5b48-46b8-968c-d7aa7b23d916\",\"generationId\":\"gen_83a3f2\",\"timestamp\":1778308716844},\"questions\":[{\"text\":\"Find the number of real solutions of $|x-2|+|x-8|=6$.\",\"options\":[\"$\\\\text{Infinitely many}$\",\"$2$\",\"$1$\",\"$0$\"],\"correct\":0,\"explanation\":\"$|x-2|+|x-8|$ is the sum of distances from $2$ and $8$.\\nFor every $x$ between $2$ and $8$, the sum of distances is exactly $6$.\\nHence there are infinitely many real solutions.\\nFinal answer = $\\\\text{Infinitely many}$.\",\"section\":\"Quant\",\"topic\":\"Equations: Modulus\",\"subtopic\":\"equations\",\"optionMetadata\":[{\"value\":\"$\\\\text{Infinitely many}$\",\"isCorrect\":true,\"distractorType\":\"correct\",\"likelyMistake\":\"Correct equation path\",\"reasoningTrap\":\"None\"},{\"value\":\"$2$\",\"isCorrect\":false,\"distractorType\":\"wrongIntermediateValue\",\"likelyMistake\":\"Modulus_Case_Omission\",\"reasoningTrap\":\"Modulus_Case_Omission\"},{\"value\":\"$1$\",\"isCorrect\":false,\"distractorType\":\"wrongIntermediateValue\",\"likelyMistake\":\"Modulus_Distance_Error\",\"reasoningTrap\":\"Modulus_Distance_Error\"},{\"value\":\"$0$\",\"isCorrect\":false,\"distractorType\":\"wrongIntermediateValue\",\"likelyMistake\":\"Integer_Constraint_Violation\",\"reasoningTrap\":\"Integer_Constraint_Violation\"}],\"examRealismMetadata\":{\"examProfile\":\"custom\",\"wordingStyle\":\"balanced\",\"archetypeId\":\"hard-comparative-conditional-inference\",\"archetypeCategory\":\"comparative-conditional-inference\",\"reasoningTraps\":[\"Modulus_Case_Omission\",\"Modulus_Distance_Error\",\"Integer_Constraint_Violation\"],\"weightingSummary\":[\"Archetype weight 1.00\",\"Trap bias 1.00\",\"Inference bias 1.00\",\"Distractor mix wrongIntermediateValue, wrongIntermediateValue, wrongIntermediateValue\"]},\"debugMetadata\":{\"selectedPattern\":\"registry-equations-modulus-hard\",\"seed\":\"auto-seed:f54108e7-5b48-46b8-968c-d7aa7b23d916\",\"generationId\":\"gen_83a3f2\",\"generationDomain\":\"quant\",\"selectedMotif\":\"eqn-mod-nested\",\"selectedArchetype\":\"hard-comparative-conditional-inference\",\"structuralSignatureKey\":\"eqn-mod-nested::distance-critical-points::999\",\"scenarioLogicBranch\":\"distance-critical-points\",\"compatibilityWarnings\":[],\"generationMetrics\":{\"generationDurationMs\":0,\"validationRetries\":0,\"uniquenessFailures\":0,\"branchingFactor\":0,\"clueDensity\":0,\"inferenceDepth\":4,\"redundancyScore\":0},\"proceduralScenario\":{\"id\":\"quant:gen_83a3f2:registry-equations-modulus-hard\",\"domain\":\"quant\",\"subtype\":\"equations\",\"metadata\":{\"patternId\":\"registry-equations-modulus-hard\",\"topic\":\"Equations: Modulus\",\"subtopic\":\"equations\",\"generationDomain\":\"quant\",\"seed\":\"auto-seed:f54108e7-5b48-46b8-968c-d7aa7b23d916\"},\"entities\":[],\"constraints\":[{\"id\":\"quant-formula\",\"type\":\"formula\",\"operator\":\"EQUALS\",\"expression\":\"0\",\"metadata\":{\"variables\":[]}}],\"content\":{\"stem\":\"Find the number of real solutions of $|x-2|+|x-8|=6$.\",\"prompt\":\"Find the number of real solutions of $|x-2|+|x-8|=6$.\",\"options\":[\"$\\\\text{Infinitely many}$\",\"$2$\",\"$1$\",\"$0$\"],\"explanation\":\"$|x-2|+|x-8|$ is the sum of distances from $2$ and $8$.\\nFor every $x$ between $2$ and $8$, the sum of distances is exactly $6$.\\nHence there are infinitely many real solutions.\\nFinal answer = $\\\\text{Infinitely many}$.\",\"artifacts\":{}},\"difficulty\":{\"label\":\"Hard\",\"score\":7.7,\"inferenceDepth\":4,\"metrics\":{\"reasoningDepth\":4,\"dependencyComplexity\":4,\"estimatedSolveTime\":149,\"distractorCount\":3,\"calculationComplexity\":4,\"cognitiveLoadBase\":3.5,\"ambiguityScoreBase\":0}},\"validation\":{\"passed\":false,\"warnings\":[\"Scenario has no normalized entities.\"],\"metrics\":{\"clueCount\":0,\"inferenceDepth\":0,\"uniquenessVerified\":0,\"entityCount\":0,\"constraintCount\":1,\"hasPrompt\":1,\"warningCount\":0,\"difficultyScore\":7.7,\"reasoningDepth\":4,\"redundancyScore\":0,\"redundancyRatio\":0,\"hasFormula\":1}}},\"validationReportDetail\":{\"passed\":false,\"stageResults\":[{\"stage\":\"structural validity\",\"passed\":false,\"diagnostics\":[\"Scenario has no normalized entities.\"],\"metrics\":{\"entityCount\":0,\"constraintCount\":1,\"hasPrompt\":1}},{\"stage\":\"solvability\",\"passed\":true,\"diagnostics\":[],\"metrics\":{\"warningCount\":0}},{\"stage\":\"uniqueness\",\"passed\":true,\"diagnostics\":[],\"metrics\":{\"uniquenessVerified\":0}},{\"stage\":\"difficulty calibration\",\"passed\":true,\"diagnostics\":[],\"metrics\":{\"difficultyScore\":7.7,\"reasoningDepth\":4}},{\"stage\":\"redundancy analysis\",\"passed\":true,\"diagnostics\":[],\"metrics\":{\"redundancyScore\":0,\"redundancyRatio\":0}},{\"stage\":\"equation solvability\",\"passed\":true,\"diagnostics\":[],\"metrics\":{\"hasFormula\":1}}],\"warnings\":[\"Scenario has no normalized entities.\"],\"metrics\":{\"clueCount\":0,\"inferenceDepth\":0,\"uniquenessVerified\":0,\"entityCount\":0,\"constraintCount\":1,\"hasPrompt\":1,\"warningCount\":0,\"difficultyScore\":7.7,\"reasoningDepth\":4,\"redundancyScore\":0,\"redundancyRatio\":0,\"hasFormula\":1}},\"difficultyAssessment\":{\"difficultyLabel\":\"Hard\",\"difficultyScore\":7.7,\"cognitiveLoad\":3.31,\"inferenceDepth\":4,\"calculationComplexity\":4,\"distractorComplexity\":3,\"ambiguityScore\":1.05,\"solvingTimeEstimate\":149,\"domainContributions\":{\"operationCount\":4,\"visualComplexity\":0,\"inferenceComplexity\":4},\"metrics\":{\"reasoningDepth\":4,\"dependencyComplexity\":4,\"estimatedSolveTime\":149,\"distractorCount\":3,\"calculationComplexity\":4,\"cognitiveLoadBase\":3.5,\"ambiguityScoreBase\":0}},\"qualityAssessment\":{\"approved\":false,\"rejectionReasons\":[\"failed-validation\",\"low-realism-score\",\"weak-distractors\"],\"qualityMetrics\":{\"realismScore\":0,\"validationPassed\":0,\"structuralDiversityScore\":1,\"repeatedStructureWarnings\":0,\"directClueRatio\":0,\"difficultyConfidence\":10,\"distractorComplexity\":3,\"distractorTypeCount\":0,\"genericDistractorRatio\":1,\"hasStructuralSignature\":1}},\"extractedPatternIntelligence\":{\"domain\":\"quant\",\"structure\":{\"domain\":\"quant\",\"subtype\":\"equations\",\"entityCount\":0,\"constraintCount\":1,\"structureTokens\":[\"variables:\",\"constraint:formula\"],\"topology\":\"formula-network\",\"metadata\":{\"formula\":\"0\"}},\"difficulty\":{\"cognitiveLoad\":3.5,\"inferenceDepth\":4,\"calculationComplexity\":4,\"distractorComplexity\":3,\"ambiguityScore\":0,\"solvingTimeEstimate\":149,\"difficultyBand\":\"Hard\"},\"distractors\":[{\"type\":\"wrongIntermediateValue\",\"label\":\"wrongIntermediateValue\",\"trapType\":\"wrongIntermediateValue\",\"frequency\":3}],\"motifs\":[{\"motifId\":\"eqn-mod-nested\",\"domain\":\"quant\",\"archetype\":\"general\",\"confidence\":0.95,\"metadata\":{\"generated\":\"selectedMotif\"}}]},\"structuralSignature\":{\"domain\":\"quant\",\"topologyHash\":\"sig_604ec201\",\"inferenceHash\":\"sig_effffcdf\",\"motifHash\":\"sig_1102ba07\",\"distractorHash\":\"sig_4306d95f\"},\"corpusAlignment\":{\"score\":8.43,\"deviations\":[{\"metric\":\"topology-frequency\",\"actual\":\"formula-network\",\"expected\":\"higher-frequency corpus topology\",\"message\":\"Topology is less common than the target corpus profile.\"},{\"metric\":\"distractor-pattern\",\"actual\":\"wrongIntermediateValue\",\"expected\":\"higher-frequency corpus distractor families\",\"message\":\"Distractor distribution is weaker or less corpus-like than expected.\"}],\"matchedPatterns\":[\"Clue density aligns with extracted PYQ corpus ranges.\",\"Inference depth tracks the target corpus difficulty curve.\",\"Wording complexity resembles the PYQ corpus style.\",\"Formula/calculation complexity aligns with corpus behavior.\"]},\"originalityScore\":{\"score\":7.41,\"penalties\":[\"Distractor ordering looks mechanically repeated.\",\"Wording normalization indicates a repeated surface template pattern.\"],\"diagnostics\":[\"PYQ-derived intelligence is treated as calibration guidance only, not as a template source.\",\"Clue topology penalty 0, formula repetition penalty 0, distractor ordering penalty 0.667.\",\"Corpus alignment pressure 0.128 while preserving topic weighting and realism guidance only.\"]},\"difficultyConfidence\":{\"predictedDifficulty\":\"Medium\",\"confidence\":4.54,\"explanation\":\"Intended difficulty Hard (7.7), predicted Medium (4.2). Signals used: solving complexity 3.3, elimination depth 0, branching 0, distractor quality 3. Human-solver simulation combined inference depth 4 with solver trace support 0 and branching factor 0.\"}},\"reasoningSteps\":[\"nested case split: Apply the motif condition before evaluating the target quantity.\",\"conditional: $|x-2|+|x-8|$ is the sum of distances from $2$ and $8$.\",\"conditional: For every $x$ between $2$ and $8$, the sum of distances is exactly $6$.\",\"direct: Hence there are infinitely many real solutions.\"],\"dependencyComplexity\":4,\"operationChain\":[\"compare\",\"filter\",\"infer\",\"compare\"],\"difficulty\":\"Hard\",\"difficultyScore\":7.7,\"difficultyLabel\":\"Hard\",\"difficultyMetadata\":{\"difficultyScore\":7.7,\"difficultyLabel\":\"Hard\",\"estimatedSolveTime\":149,\"operationCount\":4,\"reasoningDepth\":4,\"reasoningSteps\":[\"nested case split: Apply the motif condition before evaluating the target quantity.\",\"conditional: $|x-2|+|x-8|$ is the sum of distances from $2$ and $8$.\",\"conditional: For every $x$ between $2$ and $8$, the sum of distances is exactly $6$.\",\"direct: Hence there are infinitely many real solutions.\"],\"dependencyComplexity\":4,\"operationChain\":[\"compare\",\"filter\",\"infer\",\"compare\"],\"usesPercentage\":false,\"usesRatio\":false,\"usesComparison\":false,\"visualComplexity\":0,\"inferenceComplexity\":4},\"generationMetrics\":{\"generationDurationMs\":0,\"validationRetries\":0,\"uniquenessFailures\":0,\"branchingFactor\":0,\"clueDensity\":0,\"inferenceDepth\":4,\"redundancyScore\":0}}]}",
        "{\"cachedQuestionCount\":1,\"selectedMotifs\":[\"eqn-mod-nested\"],\"hasSolverTraces\":false,\"hasSvgSnapshots\":false,\"hasExplanationFlow\":false}",
        "2026-05-09T06:38:37.657Z"
      ],
      "cause": {
        "name": "PostgresError",
        "severity_local": "ERROR",
        "severity": "ERROR",
        "code": "42P01",
        "position": "13",
        "file": "parse_relation.c",
        "line": "1449",
        "routine": "parserOpenTable"
      }
    }
[12:08:38.396] [32mINFO[39m (33908): [36mrequest completed[39m
    [35mreq[39m: {
      "id": 30,
      "method": "POST",
      "url": "/api/generator/pattern"
    }
    [35mres[39m: {
      "statusCode": 200
    }
    [35mresponseTime[39m: 1553
Generation metrics {
  patternId: 'registry-equations-word-problems-medium',
  topic: 'Equations: Word Problems',
  subtopic: 'equations',
  generationId: 'gen_bd37cd32',
  generationDomain: 'quant',
  selectedMotif: 'eqn-word-geometry',
  difficultyLabel: 'Hard',
  metrics: {
    generationDurationMs: 0,
    validationRetries: 0,
    uniquenessFailures: 0,
    branchingFactor: 0,
    branchingComplexity: undefined,
    clueDensity: 0,
    inferenceDepth: 4,
    redundancyScore: 0,
    deductionDependencyScore: undefined,
    redundancyRatio: undefined,
    anchorDensity: undefined,
    directClueRatio: undefined
  }
}
[12:08:39.557] [33mWARN[39m (33908): [36mGeneration cache lookup failed; falling back to live generation[39m
    [35mpatternId[39m: "registry-equations-word-problems-medium"
    error: {
      "query": "select \"key\", \"pattern_id\", \"generation_domain\", \"generator_version\", \"motif_version\", \"topology_version\", \"request_fingerprint\", \"payload\", \"artifact_metadata\", \"created_at\", \"last_accessed_at\", \"hit_count\" from \"reasoning_scenario_cache\" where \"reasoning_scenario_cache\".\"key\" = $1 limit $2",
      "params": [
        "ace6ee9aecbe3a2f24d2dc685e1af15cf235a593a358248a88ffa710a98d1a60",
        1
      ],
      "cause": {
        "name": "PostgresError",
        "severity_local": "ERROR",
        "severity": "ERROR",
        "code": "42P01",
        "position": "214",
        "file": "parse_relation.c",
        "line": "1449",
        "routine": "parserOpenTable"
      }
    }
[12:08:40.261] [33mWARN[39m (33908): [36mGeneration cache store failed; continuing without cache persistence[39m
    [35mpatternId[39m: "registry-equations-word-problems-medium"
    error: {
      "query": "insert into \"reasoning_scenario_cache\" (\"key\", \"pattern_id\", \"generation_domain\", \"generator_version\", \"motif_version\", \"topology_version\", \"request_fingerprint\", \"payload\", \"artifact_metadata\", \"created_at\", \"last_accessed_at\", \"hit_count\") values ($1, $2, $3, $4, $5, $6, $7, $8, $9, default, default, default) on conflict (\"key\") do update set \"generator_version\" = $10, \"motif_version\" = $11, \"topology_version\" = $12, \"payload\" = $13, \"artifact_metadata\" = $14, \"last_accessed_at\" = $15",
      "params": [
        "ace6ee9aecbe3a2f24d2dc685e1af15cf235a593a358248a88ffa710a98d1a60",
        "registry-equations-word-problems-medium",
        "quant",
        "reasoning-generator-v1",
        "motif-registry-v1:0c8f36bf69daac9c66df2ca38db96f13ceb5c1d19474e057f148f552d99d71eb",
        "topology-contract-v1:409c496459b1fc1a7b1e335f0b47e27c83be21a95c5dd9d7ddf09476ffefd733",
        "3f644a21dfb7e8a07f245a84fbc3226c340876fef3a57a9258ce97e38520bf8a",
        "{\"generationContext\":{\"seed\":\"auto-seed:81002fc7-49d2-4251-be57-b5c320946e48\",\"generationId\":\"gen_bd37cd32\",\"timestamp\":1778308718680},\"questions\":[{\"text\":\"The length of a rectangle is $5$ cm more than its breadth. Its area is $84\\\\text{ cm}^{2}$. Find the breadth.\",\"options\":[\"$7\\\\text{ cm}$\",\"$12\\\\text{ cm}$\",\"$5\\\\text{ cm}$\",\"$17\\\\text{ cm}$\"],\"correct\":0,\"explanation\":\"Let the breadth be $b$ cm. Then length is $(b+5)$ cm.\\nArea equation: $b(b+5)=84$, so $b^{2}+5b-84=0$.\\n$(b+12)(b-7)=0$. Since breadth is positive, $b=7\\\\text{ cm}$.\\nFinal answer = $7\\\\text{ cm}$.\",\"section\":\"Quant\",\"topic\":\"Equations: Word Problems\",\"subtopic\":\"equations\",\"optionMetadata\":[{\"value\":\"$7\\\\text{ cm}$\",\"isCorrect\":true,\"distractorType\":\"correct\",\"likelyMistake\":\"Correct equation path\",\"reasoningTrap\":\"None\"},{\"value\":\"$12\\\\text{ cm}$\",\"isCorrect\":false,\"distractorType\":\"wrongIntermediateValue\",\"likelyMistake\":\"Integer_Constraint_Violation\",\"reasoningTrap\":\"Integer_Constraint_Violation\"},{\"value\":\"$5\\\\text{ cm}$\",\"isCorrect\":false,\"distractorType\":\"wrongIntermediateValue\",\"likelyMistake\":\"Substitution_Direction_Flip\",\"reasoningTrap\":\"Substitution_Direction_Flip\"},{\"value\":\"$17\\\\text{ cm}$\",\"isCorrect\":false,\"distractorType\":\"wrongIntermediateValue\",\"likelyMistake\":\"Square_Root_Principle_Error\",\"reasoningTrap\":\"Square_Root_Principle_Error\"}],\"examRealismMetadata\":{\"examProfile\":\"custom\",\"wordingStyle\":\"balanced\",\"archetypeId\":\"medium-comparison-chain\",\"archetypeCategory\":\"comparison-chain\",\"reasoningTraps\":[\"Integer_Constraint_Violation\",\"Substitution_Direction_Flip\",\"Square_Root_Principle_Error\"],\"weightingSummary\":[\"Archetype weight 1.00\",\"Trap bias 1.00\",\"Inference bias 1.00\",\"Distractor mix wrongIntermediateValue, wrongIntermediateValue, wrongIntermediateValue\"]},\"debugMetadata\":{\"selectedPattern\":\"registry-equations-word-problems-medium\",\"seed\":\"auto-seed:81002fc7-49d2-4251-be57-b5c320946e48\",\"generationId\":\"gen_bd37cd32\",\"generationDomain\":\"quant\",\"selectedMotif\":\"eqn-word-geometry\",\"selectedArchetype\":\"medium-comparison-chain\",\"structuralSignatureKey\":\"eqn-word-geometry::rectangle-quadratic::7\",\"scenarioLogicBranch\":\"rectangle-quadratic\",\"compatibilityWarnings\":[],\"generationMetrics\":{\"generationDurationMs\":0,\"validationRetries\":0,\"uniquenessFailures\":0,\"branchingFactor\":0,\"clueDensity\":0,\"inferenceDepth\":4,\"redundancyScore\":0},\"proceduralScenario\":{\"id\":\"quant:gen_bd37cd32:registry-equations-word-problems-medium\",\"domain\":\"quant\",\"subtype\":\"equations\",\"metadata\":{\"patternId\":\"registry-equations-word-problems-medium\",\"topic\":\"Equations: Word Problems\",\"subtopic\":\"equations\",\"generationDomain\":\"quant\",\"seed\":\"auto-seed:81002fc7-49d2-4251-be57-b5c320946e48\"},\"entities\":[],\"constraints\":[{\"id\":\"quant-formula\",\"type\":\"formula\",\"operator\":\"EQUALS\",\"expression\":\"0\",\"metadata\":{\"variables\":[]}}],\"content\":{\"stem\":\"The length of a rectangle is $5$ cm more than its breadth. Its area is $84\\\\text{ cm}^{2}$. Find the breadth.\",\"prompt\":\"The length of a rectangle is $5$ cm more than its breadth. Its area is $84\\\\text{ cm}^{2}$. Find the breadth.\",\"options\":[\"$7\\\\text{ cm}$\",\"$12\\\\text{ cm}$\",\"$5\\\\text{ cm}$\",\"$17\\\\text{ cm}$\"],\"explanation\":\"Let the breadth be $b$ cm. Then length is $(b+5)$ cm.\\nArea equation: $b(b+5)=84$, so $b^{2}+5b-84=0$.\\n$(b+12)(b-7)=0$. Since breadth is positive, $b=7\\\\text{ cm}$.\\nFinal answer = $7\\\\text{ cm}$.\",\"artifacts\":{}},\"difficulty\":{\"label\":\"Hard\",\"score\":5.9,\"inferenceDepth\":4,\"metrics\":{\"reasoningDepth\":4,\"dependencyComplexity\":4,\"estimatedSolveTime\":120,\"distractorCount\":3,\"calculationComplexity\":3,\"cognitiveLoadBase\":3.3,\"ambiguityScoreBase\":0}},\"validation\":{\"passed\":false,\"warnings\":[\"Scenario has no normalized entities.\"],\"metrics\":{\"clueCount\":0,\"inferenceDepth\":0,\"uniquenessVerified\":0,\"entityCount\":0,\"constraintCount\":1,\"hasPrompt\":1,\"warningCount\":0,\"difficultyScore\":5.9,\"reasoningDepth\":4,\"redundancyScore\":0,\"redundancyRatio\":0,\"hasFormula\":1}}},\"validationReportDetail\":{\"passed\":false,\"stageResults\":[{\"stage\":\"structural validity\",\"passed\":false,\"diagnostics\":[\"Scenario has no normalized entities.\"],\"metrics\":{\"entityCount\":0,\"constraintCount\":1,\"hasPrompt\":1}},{\"stage\":\"solvability\",\"passed\":true,\"diagnostics\":[],\"metrics\":{\"warningCount\":0}},{\"stage\":\"uniqueness\",\"passed\":true,\"diagnostics\":[],\"metrics\":{\"uniquenessVerified\":0}},{\"stage\":\"difficulty calibration\",\"passed\":true,\"diagnostics\":[],\"metrics\":{\"difficultyScore\":5.9,\"reasoningDepth\":4}},{\"stage\":\"redundancy analysis\",\"passed\":true,\"diagnostics\":[],\"metrics\":{\"redundancyScore\":0,\"redundancyRatio\":0}},{\"stage\":\"equation solvability\",\"passed\":true,\"diagnostics\":[],\"metrics\":{\"hasFormula\":1}}],\"warnings\":[\"Scenario has no normalized entities.\"],\"metrics\":{\"clueCount\":0,\"inferenceDepth\":0,\"uniquenessVerified\":0,\"entityCount\":0,\"constraintCount\":1,\"hasPrompt\":1,\"warningCount\":0,\"difficultyScore\":5.9,\"reasoningDepth\":4,\"redundancyScore\":0,\"redundancyRatio\":0,\"hasFormula\":1}},\"difficultyAssessment\":{\"difficultyLabel\":\"Hard\",\"difficultyScore\":5.9,\"cognitiveLoad\":2.89,\"inferenceDepth\":4,\"calculationComplexity\":3,\"distractorComplexity\":3,\"ambiguityScore\":1.05,\"solvingTimeEstimate\":120,\"domainContributions\":{\"operationCount\":3,\"visualComplexity\":0,\"inferenceComplexity\":4},\"metrics\":{\"reasoningDepth\":4,\"dependencyComplexity\":4,\"estimatedSolveTime\":120,\"distractorCount\":3,\"calculationComplexity\":3,\"cognitiveLoadBase\":3.3,\"ambiguityScoreBase\":0}},\"qualityAssessment\":{\"approved\":false,\"rejectionReasons\":[\"failed-validation\",\"low-realism-score\",\"weak-distractors\"],\"qualityMetrics\":{\"realismScore\":0,\"validationPassed\":0,\"structuralDiversityScore\":1,\"repeatedStructureWarnings\":0,\"directClueRatio\":0,\"difficultyConfidence\":10,\"distractorComplexity\":3,\"distractorTypeCount\":0,\"genericDistractorRatio\":1,\"hasStructuralSignature\":1}},\"extractedPatternIntelligence\":{\"domain\":\"quant\",\"structure\":{\"domain\":\"quant\",\"subtype\":\"equations\",\"entityCount\":0,\"constraintCount\":1,\"structureTokens\":[\"variables:\",\"constraint:formula\"],\"topology\":\"formula-network\",\"metadata\":{\"formula\":\"0\"}},\"difficulty\":{\"cognitiveLoad\":3.3,\"inferenceDepth\":4,\"calculationComplexity\":3,\"distractorComplexity\":3,\"ambiguityScore\":0,\"solvingTimeEstimate\":120,\"difficultyBand\":\"Hard\"},\"distractors\":[{\"type\":\"wrongIntermediateValue\",\"label\":\"wrongIntermediateValue\",\"trapType\":\"wrongIntermediateValue\",\"frequency\":3}],\"motifs\":[{\"motifId\":\"eqn-word-geometry\",\"domain\":\"quant\",\"archetype\":\"general\",\"confidence\":0.95,\"metadata\":{\"generated\":\"selectedMotif\"}}]},\"structuralSignature\":{\"domain\":\"quant\",\"topologyHash\":\"sig_604ec201\",\"inferenceHash\":\"sig_6484bed\",\"motifHash\":\"sig_9333cffa\",\"distractorHash\":\"sig_4306d95f\"},\"corpusAlignment\":{\"score\":8.43,\"deviations\":[{\"metric\":\"topology-frequency\",\"actual\":\"formula-network\",\"expected\":\"higher-frequency corpus topology\",\"message\":\"Topology is less common than the target corpus profile.\"},{\"metric\":\"distractor-pattern\",\"actual\":\"wrongIntermediateValue\",\"expected\":\"higher-frequency corpus distractor families\",\"message\":\"Distractor distribution is weaker or less corpus-like than expected.\"}],\"matchedPatterns\":[\"Clue density aligns with extracted PYQ corpus ranges.\",\"Inference depth tracks the target corpus difficulty curve.\",\"Wording complexity resembles the PYQ corpus style.\",\"Formula/calculation complexity aligns with corpus behavior.\"]},\"originalityScore\":{\"score\":7.48,\"penalties\":[\"Distractor ordering looks mechanically repeated.\",\"Wording normalization indicates a repeated surface template pattern.\"],\"diagnostics\":[\"PYQ-derived intelligence is treated as calibration guidance only, not as a template source.\",\"Clue topology penalty 0, formula repetition penalty 0, distractor ordering penalty 0.667.\",\"Corpus alignment pressure 0.128 while preserving topic weighting and realism guidance only.\"]},\"difficultyConfidence\":{\"predictedDifficulty\":\"Medium\",\"confidence\":6.71,\"explanation\":\"Intended difficulty Hard (5.9), predicted Medium (3.9). Signals used: solving complexity 2.9, elimination depth 0, branching 0, distractor quality 3. Human-solver simulation combined inference depth 4 with solver trace support 0 and branching factor 0.\"}},\"reasoningSteps\":[\"area equation: Apply the motif condition before evaluating the target quantity.\",\"multi-step: Let the breadth be $b$ cm. Then length is $(b+5)$ cm.\",\"multi-step: Area equation: $b(b+5)=84$, so $b^2+5b-84=0$.\",\"multi-step: $(b+12)(b-7)=0$. Since breadth is positive, $b=7\\\\text{ cm}$.\"],\"dependencyComplexity\":4,\"operationChain\":[\"compare\",\"transform\",\"compare\"],\"difficulty\":\"Hard\",\"difficultyScore\":5.9,\"difficultyLabel\":\"Hard\",\"difficultyMetadata\":{\"difficultyScore\":5.9,\"difficultyLabel\":\"Hard\",\"estimatedSolveTime\":120,\"operationCount\":3,\"reasoningDepth\":4,\"reasoningSteps\":[\"area equation: Apply the motif condition before evaluating the target quantity.\",\"multi-step: Let the breadth be $b$ cm. Then length is $(b+5)$ cm.\",\"multi-step: Area equation: $b(b+5)=84$, so $b^2+5b-84=0$.\",\"multi-step: $(b+12)(b-7)=0$. Since breadth is positive, $b=7\\\\text{ cm}$.\"],\"dependencyComplexity\":4,\"operationChain\":[\"compare\",\"transform\",\"compare\"],\"usesPercentage\":false,\"usesRatio\":false,\"usesComparison\":true,\"visualComplexity\":0,\"inferenceComplexity\":4},\"generationMetrics\":{\"generationDurationMs\":0,\"validationRetries\":0,\"uniquenessFailures\":0,\"branchingFactor\":0,\"clueDensity\":0,\"inferenceDepth\":4,\"redundancyScore\":0}}]}",
        "{\"cachedQuestionCount\":1,\"selectedMotifs\":[\"eqn-word-geometry\"],\"hasSolverTraces\":false,\"hasSvgSnapshots\":false,\"hasExplanationFlow\":false}",
        "reasoning-generator-v1",
        "motif-registry-v1:0c8f36bf69daac9c66df2ca38db96f13ceb5c1d19474e057f148f552d99d71eb",
        "topology-contract-v1:409c496459b1fc1a7b1e335f0b47e27c83be21a95c5dd9d7ddf09476ffefd733",
        "{\"generationContext\":{\"seed\":\"auto-seed:81002fc7-49d2-4251-be57-b5c320946e48\",\"generationId\":\"gen_bd37cd32\",\"timestamp\":1778308718680},\"questions\":[{\"text\":\"The length of a rectangle is $5$ cm more than its breadth. Its area is $84\\\\text{ cm}^{2}$. Find the breadth.\",\"options\":[\"$7\\\\text{ cm}$\",\"$12\\\\text{ cm}$\",\"$5\\\\text{ cm}$\",\"$17\\\\text{ cm}$\"],\"correct\":0,\"explanation\":\"Let the breadth be $b$ cm. Then length is $(b+5)$ cm.\\nArea equation: $b(b+5)=84$, so $b^{2}+5b-84=0$.\\n$(b+12)(b-7)=0$. Since breadth is positive, $b=7\\\\text{ cm}$.\\nFinal answer = $7\\\\text{ cm}$.\",\"section\":\"Quant\",\"topic\":\"Equations: Word Problems\",\"subtopic\":\"equations\",\"optionMetadata\":[{\"value\":\"$7\\\\text{ cm}$\",\"isCorrect\":true,\"distractorType\":\"correct\",\"likelyMistake\":\"Correct equation path\",\"reasoningTrap\":\"None\"},{\"value\":\"$12\\\\text{ cm}$\",\"isCorrect\":false,\"distractorType\":\"wrongIntermediateValue\",\"likelyMistake\":\"Integer_Constraint_Violation\",\"reasoningTrap\":\"Integer_Constraint_Violation\"},{\"value\":\"$5\\\\text{ cm}$\",\"isCorrect\":false,\"distractorType\":\"wrongIntermediateValue\",\"likelyMistake\":\"Substitution_Direction_Flip\",\"reasoningTrap\":\"Substitution_Direction_Flip\"},{\"value\":\"$17\\\\text{ cm}$\",\"isCorrect\":false,\"distractorType\":\"wrongIntermediateValue\",\"likelyMistake\":\"Square_Root_Principle_Error\",\"reasoningTrap\":\"Square_Root_Principle_Error\"}],\"examRealismMetadata\":{\"examProfile\":\"custom\",\"wordingStyle\":\"balanced\",\"archetypeId\":\"medium-comparison-chain\",\"archetypeCategory\":\"comparison-chain\",\"reasoningTraps\":[\"Integer_Constraint_Violation\",\"Substitution_Direction_Flip\",\"Square_Root_Principle_Error\"],\"weightingSummary\":[\"Archetype weight 1.00\",\"Trap bias 1.00\",\"Inference bias 1.00\",\"Distractor mix wrongIntermediateValue, wrongIntermediateValue, wrongIntermediateValue\"]},\"debugMetadata\":{\"selectedPattern\":\"registry-equations-word-problems-medium\",\"seed\":\"auto-seed:81002fc7-49d2-4251-be57-b5c320946e48\",\"generationId\":\"gen_bd37cd32\",\"generationDomain\":\"quant\",\"selectedMotif\":\"eqn-word-geometry\",\"selectedArchetype\":\"medium-comparison-chain\",\"structuralSignatureKey\":\"eqn-word-geometry::rectangle-quadratic::7\",\"scenarioLogicBranch\":\"rectangle-quadratic\",\"compatibilityWarnings\":[],\"generationMetrics\":{\"generationDurationMs\":0,\"validationRetries\":0,\"uniquenessFailures\":0,\"branchingFactor\":0,\"clueDensity\":0,\"inferenceDepth\":4,\"redundancyScore\":0},\"proceduralScenario\":{\"id\":\"quant:gen_bd37cd32:registry-equations-word-problems-medium\",\"domain\":\"quant\",\"subtype\":\"equations\",\"metadata\":{\"patternId\":\"registry-equations-word-problems-medium\",\"topic\":\"Equations: Word Problems\",\"subtopic\":\"equations\",\"generationDomain\":\"quant\",\"seed\":\"auto-seed:81002fc7-49d2-4251-be57-b5c320946e48\"},\"entities\":[],\"constraints\":[{\"id\":\"quant-formula\",\"type\":\"formula\",\"operator\":\"EQUALS\",\"expression\":\"0\",\"metadata\":{\"variables\":[]}}],\"content\":{\"stem\":\"The length of a rectangle is $5$ cm more than its breadth. Its area is $84\\\\text{ cm}^{2}$. Find the breadth.\",\"prompt\":\"The length of a rectangle is $5$ cm more than its breadth. Its area is $84\\\\text{ cm}^{2}$. Find the breadth.\",\"options\":[\"$7\\\\text{ cm}$\",\"$12\\\\text{ cm}$\",\"$5\\\\text{ cm}$\",\"$17\\\\text{ cm}$\"],\"explanation\":\"Let the breadth be $b$ cm. Then length is $(b+5)$ cm.\\nArea equation: $b(b+5)=84$, so $b^{2}+5b-84=0$.\\n$(b+12)(b-7)=0$. Since breadth is positive, $b=7\\\\text{ cm}$.\\nFinal answer = $7\\\\text{ cm}$.\",\"artifacts\":{}},\"difficulty\":{\"label\":\"Hard\",\"score\":5.9,\"inferenceDepth\":4,\"metrics\":{\"reasoningDepth\":4,\"dependencyComplexity\":4,\"estimatedSolveTime\":120,\"distractorCount\":3,\"calculationComplexity\":3,\"cognitiveLoadBase\":3.3,\"ambiguityScoreBase\":0}},\"validation\":{\"passed\":false,\"warnings\":[\"Scenario has no normalized entities.\"],\"metrics\":{\"clueCount\":0,\"inferenceDepth\":0,\"uniquenessVerified\":0,\"entityCount\":0,\"constraintCount\":1,\"hasPrompt\":1,\"warningCount\":0,\"difficultyScore\":5.9,\"reasoningDepth\":4,\"redundancyScore\":0,\"redundancyRatio\":0,\"hasFormula\":1}}},\"validationReportDetail\":{\"passed\":false,\"stageResults\":[{\"stage\":\"structural validity\",\"passed\":false,\"diagnostics\":[\"Scenario has no normalized entities.\"],\"metrics\":{\"entityCount\":0,\"constraintCount\":1,\"hasPrompt\":1}},{\"stage\":\"solvability\",\"passed\":true,\"diagnostics\":[],\"metrics\":{\"warningCount\":0}},{\"stage\":\"uniqueness\",\"passed\":true,\"diagnostics\":[],\"metrics\":{\"uniquenessVerified\":0}},{\"stage\":\"difficulty calibration\",\"passed\":true,\"diagnostics\":[],\"metrics\":{\"difficultyScore\":5.9,\"reasoningDepth\":4}},{\"stage\":\"redundancy analysis\",\"passed\":true,\"diagnostics\":[],\"metrics\":{\"redundancyScore\":0,\"redundancyRatio\":0}},{\"stage\":\"equation solvability\",\"passed\":true,\"diagnostics\":[],\"metrics\":{\"hasFormula\":1}}],\"warnings\":[\"Scenario has no normalized entities.\"],\"metrics\":{\"clueCount\":0,\"inferenceDepth\":0,\"uniquenessVerified\":0,\"entityCount\":0,\"constraintCount\":1,\"hasPrompt\":1,\"warningCount\":0,\"difficultyScore\":5.9,\"reasoningDepth\":4,\"redundancyScore\":0,\"redundancyRatio\":0,\"hasFormula\":1}},\"difficultyAssessment\":{\"difficultyLabel\":\"Hard\",\"difficultyScore\":5.9,\"cognitiveLoad\":2.89,\"inferenceDepth\":4,\"calculationComplexity\":3,\"distractorComplexity\":3,\"ambiguityScore\":1.05,\"solvingTimeEstimate\":120,\"domainContributions\":{\"operationCount\":3,\"visualComplexity\":0,\"inferenceComplexity\":4},\"metrics\":{\"reasoningDepth\":4,\"dependencyComplexity\":4,\"estimatedSolveTime\":120,\"distractorCount\":3,\"calculationComplexity\":3,\"cognitiveLoadBase\":3.3,\"ambiguityScoreBase\":0}},\"qualityAssessment\":{\"approved\":false,\"rejectionReasons\":[\"failed-validation\",\"low-realism-score\",\"weak-distractors\"],\"qualityMetrics\":{\"realismScore\":0,\"validationPassed\":0,\"structuralDiversityScore\":1,\"repeatedStructureWarnings\":0,\"directClueRatio\":0,\"difficultyConfidence\":10,\"distractorComplexity\":3,\"distractorTypeCount\":0,\"genericDistractorRatio\":1,\"hasStructuralSignature\":1}},\"extractedPatternIntelligence\":{\"domain\":\"quant\",\"structure\":{\"domain\":\"quant\",\"subtype\":\"equations\",\"entityCount\":0,\"constraintCount\":1,\"structureTokens\":[\"variables:\",\"constraint:formula\"],\"topology\":\"formula-network\",\"metadata\":{\"formula\":\"0\"}},\"difficulty\":{\"cognitiveLoad\":3.3,\"inferenceDepth\":4,\"calculationComplexity\":3,\"distractorComplexity\":3,\"ambiguityScore\":0,\"solvingTimeEstimate\":120,\"difficultyBand\":\"Hard\"},\"distractors\":[{\"type\":\"wrongIntermediateValue\",\"label\":\"wrongIntermediateValue\",\"trapType\":\"wrongIntermediateValue\",\"frequency\":3}],\"motifs\":[{\"motifId\":\"eqn-word-geometry\",\"domain\":\"quant\",\"archetype\":\"general\",\"confidence\":0.95,\"metadata\":{\"generated\":\"selectedMotif\"}}]},\"structuralSignature\":{\"domain\":\"quant\",\"topologyHash\":\"sig_604ec201\",\"inferenceHash\":\"sig_6484bed\",\"motifHash\":\"sig_9333cffa\",\"distractorHash\":\"sig_4306d95f\"},\"corpusAlignment\":{\"score\":8.43,\"deviations\":[{\"metric\":\"topology-frequency\",\"actual\":\"formula-network\",\"expected\":\"higher-frequency corpus topology\",\"message\":\"Topology is less common than the target corpus profile.\"},{\"metric\":\"distractor-pattern\",\"actual\":\"wrongIntermediateValue\",\"expected\":\"higher-frequency corpus distractor families\",\"message\":\"Distractor distribution is weaker or less corpus-like than expected.\"}],\"matchedPatterns\":[\"Clue density aligns with extracted PYQ corpus ranges.\",\"Inference depth tracks the target corpus difficulty curve.\",\"Wording complexity resembles the PYQ corpus style.\",\"Formula/calculation complexity aligns with corpus behavior.\"]},\"originalityScore\":{\"score\":7.48,\"penalties\":[\"Distractor ordering looks mechanically repeated.\",\"Wording normalization indicates a repeated surface template pattern.\"],\"diagnostics\":[\"PYQ-derived intelligence is treated as calibration guidance only, not as a template source.\",\"Clue topology penalty 0, formula repetition penalty 0, distractor ordering penalty 0.667.\",\"Corpus alignment pressure 0.128 while preserving topic weighting and realism guidance only.\"]},\"difficultyConfidence\":{\"predictedDifficulty\":\"Medium\",\"confidence\":6.71,\"explanation\":\"Intended difficulty Hard (5.9), predicted Medium (3.9). Signals used: solving complexity 2.9, elimination depth 0, branching 0, distractor quality 3. Human-solver simulation combined inference depth 4 with solver trace support 0 and branching factor 0.\"}},\"reasoningSteps\":[\"area equation: Apply the motif condition before evaluating the target quantity.\",\"multi-step: Let the breadth be $b$ cm. Then length is $(b+5)$ cm.\",\"multi-step: Area equation: $b(b+5)=84$, so $b^2+5b-84=0$.\",\"multi-step: $(b+12)(b-7)=0$. Since breadth is positive, $b=7\\\\text{ cm}$.\"],\"dependencyComplexity\":4,\"operationChain\":[\"compare\",\"transform\",\"compare\"],\"difficulty\":\"Hard\",\"difficultyScore\":5.9,\"difficultyLabel\":\"Hard\",\"difficultyMetadata\":{\"difficultyScore\":5.9,\"difficultyLabel\":\"Hard\",\"estimatedSolveTime\":120,\"operationCount\":3,\"reasoningDepth\":4,\"reasoningSteps\":[\"area equation: Apply the motif condition before evaluating the target quantity.\",\"multi-step: Let the breadth be $b$ cm. Then length is $(b+5)$ cm.\",\"multi-step: Area equation: $b(b+5)=84$, so $b^2+5b-84=0$.\",\"multi-step: $(b+12)(b-7)=0$. Since breadth is positive, $b=7\\\\text{ cm}$.\"],\"dependencyComplexity\":4,\"operationChain\":[\"compare\",\"transform\",\"compare\"],\"usesPercentage\":false,\"usesRatio\":false,\"usesComparison\":true,\"visualComplexity\":0,\"inferenceComplexity\":4},\"generationMetrics\":{\"generationDurationMs\":0,\"validationRetries\":0,\"uniquenessFailures\":0,\"branchingFactor\":0,\"clueDensity\":0,\"inferenceDepth\":4,\"redundancyScore\":0}}]}",
        "{\"cachedQuestionCount\":1,\"selectedMotifs\":[\"eqn-word-geometry\"],\"hasSolverTraces\":false,\"hasSvgSnapshots\":false,\"hasExplanationFlow\":false}",
        "2026-05-09T06:38:39.558Z"
      ],
      "cause": {
        "name": "PostgresError",
        "severity_local": "ERROR",
        "severity": "ERROR",
        "code": "42P01",
        "position": "13",
        "file": "parse_relation.c",
        "line": "1449",
        "routine": "parserOpenTable"
      }
    }
[12:08:40.261] [32mINFO[39m (33908): [36mrequest completed[39m
    [35mreq[39m: {
      "id": 31,
      "method": "POST",
      "url": "/api/generator/pattern"
    }
    [35mres[39m: {
      "statusCode": 200
    }
    [35mresponseTime[39m: 1582
[12:11:00.317] [32mINFO[39m (33908): [36mrequest completed[39m
    [35mreq[39m: {
      "id": 32,
      "method": "GET",
      "url": "/health"
    }
    [35mres[39m: {
      "statusCode": 200
    }
    [35mresponseTime[39m: 1
[12:11:01.244] [33mWARN[39m (33908): [36mGeneration cache lookup failed; falling back to live generation[39m
    [35mpatternId[39m: "registry-equations-medium"
    error: {
      "query": "select \"key\", \"pattern_id\", \"generation_domain\", \"generator_version\", \"motif_version\", \"topology_version\", \"request_fingerprint\", \"payload\", \"artifact_metadata\", \"created_at\", \"last_accessed_at\", \"hit_count\" from \"reasoning_scenario_cache\" where \"reasoning_scenario_cache\".\"key\" = $1 limit $2",
      "params": [
        "c9da2ad06ea2679e89ef5a809729ca355d1889e3daffe2d7641269e86bde948e",
        1
      ],
      "cause": {
        "name": "PostgresError",
        "severity_local": "ERROR",
        "severity": "ERROR",
        "code": "42P01",
        "position": "214",
        "file": "parse_relation.c",
        "line": "1449",
        "routine": "parserOpenTable"
      }
    }
[12:11:01.247] [32mINFO[39m (33908): [36mrequest errored[39m
    [35mreq[39m: {
      "id": 33,
      "method": "POST",
      "url": "/api/generator/pattern"
    }
    [35mres[39m: {
      "statusCode": 500
    }
    [35mresponseTime[39m: 716
    err: {
      "type": "Error",
      "message": "failed with status code 500",
      "stack":
          Error: failed with status code 500
              at onResFinished (C:\Users\gurbaj\Downloads\f\node_modules\.pnpm\pino-http@10.5.0\node_modules\pino-http\logger.js:115:39)
              at ServerResponse.onResponseComplete (C:\Users\gurbaj\Downloads\f\node_modules\.pnpm\pino-http@10.5.0\node_modules\pino-http\logger.js:178:14)
              at ServerResponse.emit (node:events:520:35)
              at onFinish (node:_http_outgoing:1026:10)
              at callback (node:internal/streams/writable:764:21)
              at afterWrite (node:internal/streams/writable:708:5)
              at afterWriteTick (node:internal/streams/writable:694:10)
              at process.processTicksAndRejections (node:internal/process/task_queues:89:21)
    }
[12:11:02.051] [33mWARN[39m (33908): [36mGeneration cache lookup failed; falling back to live generation[39m
    [35mpatternId[39m: "registry-equations-linear-medium"
    error: {
      "query": "select \"key\", \"pattern_id\", \"generation_domain\", \"generator_version\", \"motif_version\", \"topology_version\", \"request_fingerprint\", \"payload\", \"artifact_metadata\", \"created_at\", \"last_accessed_at\", \"hit_count\" from \"reasoning_scenario_cache\" where \"reasoning_scenario_cache\".\"key\" = $1 limit $2",
      "params": [
        "15cbfb66859057b9f3b95e2d6b60a7ff4ab45edb10e8a45c8dc9722b6f22c10b",
        1
      ],
      "cause": {
        "name": "PostgresError",
        "severity_local": "ERROR",
        "severity": "ERROR",
        "code": "42P01",
        "position": "214",
        "file": "parse_relation.c",
        "line": "1449",
        "routine": "parserOpenTable"
      }
    }
[12:11:02.053] [32mINFO[39m (33908): [36mrequest errored[39m
    [35mreq[39m: {
      "id": 34,
      "method": "POST",
      "url": "/api/generator/pattern"
    }
    [35mres[39m: {
      "statusCode": 500
    }
    [35mresponseTime[39m: 697
    err: {
      "type": "Error",
      "message": "failed with status code 500",
      "stack":
          Error: failed with status code 500
              at onResFinished (C:\Users\gurbaj\Downloads\f\node_modules\.pnpm\pino-http@10.5.0\node_modules\pino-http\logger.js:115:39)
              at ServerResponse.onResponseComplete (C:\Users\gurbaj\Downloads\f\node_modules\.pnpm\pino-http@10.5.0\node_modules\pino-http\logger.js:178:14)
              at ServerResponse.emit (node:events:520:35)
              at onFinish (node:_http_outgoing:1026:10)
              at callback (node:internal/streams/writable:764:21)
              at afterWrite (node:internal/streams/writable:708:5)
              at afterWriteTick (node:internal/streams/writable:694:10)
              at process.processTicksAndRejections (node:internal/process/task_queues:89:21)
    }
Generation metrics {
  patternId: 'registry-equations-quadratic-medium',
  topic: 'Equations: Quadratics',
  subtopic: 'equations',
  generationId: 'gen_4e855e99',
  generationDomain: 'quant',
  selectedMotif: 'eqn-quad-equal-roots-param',
  difficultyLabel: 'Medium',
  metrics: {
    generationDurationMs: 1,
    validationRetries: 0,
    uniquenessFailures: 0,
    branchingFactor: 0,
    branchingComplexity: undefined,
    clueDensity: 0,
    inferenceDepth: 3,
    redundancyScore: 0,
    deductionDependencyScore: undefined,
    redundancyRatio: undefined,
    anchorDensity: undefined,
    directClueRatio: undefined
  }
}
[12:11:02.962] [33mWARN[39m (33908): [36mGeneration cache lookup failed; falling back to live generation[39m
    [35mpatternId[39m: "registry-equations-quadratic-medium"
    error: {
      "query": "select \"key\", \"pattern_id\", \"generation_domain\", \"generator_version\", \"motif_version\", \"topology_version\", \"request_fingerprint\", \"payload\", \"artifact_metadata\", \"created_at\", \"last_accessed_at\", \"hit_count\" from \"reasoning_scenario_cache\" where \"reasoning_scenario_cache\".\"key\" = $1 limit $2",
      "params": [
        "5d7a092a8ce47080b1aec9d69e3e53d0264ac127499d751f4da8c271bf8f9395",
        1
      ],
      "cause": {
        "name": "PostgresError",
        "severity_local": "ERROR",
        "severity": "ERROR",
        "code": "42P01",
        "position": "214",
        "file": "parse_relation.c",
        "line": "1449",
        "routine": "parserOpenTable"
      }
    }
[12:11:03.680] [33mWARN[39m (33908): [36mGeneration cache store failed; continuing without cache persistence[39m
    [35mpatternId[39m: "registry-equations-quadratic-medium"
    error: {
      "query": "insert into \"reasoning_scenario_cache\" (\"key\", \"pattern_id\", \"generation_domain\", \"generator_version\", \"motif_version\", \"topology_version\", \"request_fingerprint\", \"payload\", \"artifact_metadata\", \"created_at\", \"last_accessed_at\", \"hit_count\") values ($1, $2, $3, $4, $5, $6, $7, $8, $9, default, default, default) on conflict (\"key\") do update set \"generator_version\" = $10, \"motif_version\" = $11, \"topology_version\" = $12, \"payload\" = $13, \"artifact_metadata\" = $14, \"last_accessed_at\" = $15",
      "params": [
        "5d7a092a8ce47080b1aec9d69e3e53d0264ac127499d751f4da8c271bf8f9395",
        "registry-equations-quadratic-medium",
        "quant",
        "reasoning-generator-v1",
        "motif-registry-v1:7a7c8e27e4121678c8750ca06c392819bca091ec6172e07bff2f612486d95658",
        "topology-contract-v1:409c496459b1fc1a7b1e335f0b47e27c83be21a95c5dd9d7ddf09476ffefd733",
        "bae2f900c8295a4cac25a3d8436f92a6bffc667f2740d0a562d16e9962b24794",
        "{\"generationContext\":{\"seed\":\"auto-seed:c85742a6-f915-4777-b83c-0a7c1630cfeb\",\"generationId\":\"gen_4e855e99\",\"timestamp\":1778308862104},\"questions\":[{\"text\":\"For $3x^{2}-6x+3=0$, determine the nature of roots. Use $1$ for real and equal, $2$ for real and distinct, and $0$ for imaginary.\",\"options\":[\"$1$\",\"$2$\",\"$0$\",\"$-1$\"],\"correct\":0,\"explanation\":\"Compute $D=b^{2}-4ac=(-6)^{2}-4(3)(3)=36-36=0$.\\nSince $D=0$, the roots are real and equal.\\nFinal answer = $1$.\",\"section\":\"Quant\",\"topic\":\"Equations: Quadratics\",\"subtopic\":\"equations\",\"optionMetadata\":[{\"value\":\"$1$\",\"isCorrect\":true,\"distractorType\":\"correct\",\"likelyMistake\":\"Correct equation path\",\"reasoningTrap\":\"None\"},{\"value\":\"$2$\",\"isCorrect\":false,\"distractorType\":\"wrongIntermediateValue\",\"likelyMistake\":\"Discriminant_Sign_Error\",\"reasoningTrap\":\"Discriminant_Sign_Error\"},{\"value\":\"$0$\",\"isCorrect\":false,\"distractorType\":\"wrongIntermediateValue\",\"likelyMistake\":\"Inconsistent_Infinite_Swap\",\"reasoningTrap\":\"Inconsistent_Infinite_Swap\"},{\"value\":\"$-1$\",\"isCorrect\":false,\"distractorType\":\"wrongIntermediateValue\",\"likelyMistake\":\"Leading_Zero_Neglect\",\"reasoningTrap\":\"Leading_Zero_Neglect\"}],\"examRealismMetadata\":{\"examProfile\":\"custom\",\"wordingStyle\":\"balanced\",\"archetypeId\":\"medium-comparison-chain\",\"archetypeCategory\":\"comparison-chain\",\"reasoningTraps\":[\"Discriminant_Sign_Error\",\"Inconsistent_Infinite_Swap\",\"Leading_Zero_Neglect\"],\"weightingSummary\":[\"Archetype weight 1.00\",\"Trap bias 1.00\",\"Inference bias 1.00\",\"Distractor mix wrongIntermediateValue, wrongIntermediateValue, wrongIntermediateValue\"]},\"debugMetadata\":{\"selectedPattern\":\"registry-equations-quadratic-medium\",\"seed\":\"auto-seed:c85742a6-f915-4777-b83c-0a7c1630cfeb\",\"generationId\":\"gen_4e855e99\",\"generationDomain\":\"quant\",\"selectedMotif\":\"eqn-quad-equal-roots-param\",\"selectedArchetype\":\"medium-comparison-chain\",\"structuralSignatureKey\":\"eqn-quad-equal-roots-param::discriminant-nature::3|-6|3|0\",\"scenarioLogicBranch\":\"discriminant-nature\",\"compatibilityWarnings\":[],\"generationMetrics\":{\"generationDurationMs\":1,\"validationRetries\":0,\"uniquenessFailures\":0,\"branchingFactor\":0,\"clueDensity\":0,\"inferenceDepth\":3,\"redundancyScore\":0},\"proceduralScenario\":{\"id\":\"quant:gen_4e855e99:registry-equations-quadratic-medium\",\"domain\":\"quant\",\"subtype\":\"equations\",\"metadata\":{\"patternId\":\"registry-equations-quadratic-medium\",\"topic\":\"Equations: Quadratics\",\"subtopic\":\"equations\",\"generationDomain\":\"quant\",\"seed\":\"auto-seed:c85742a6-f915-4777-b83c-0a7c1630cfeb\"},\"entities\":[],\"constraints\":[{\"id\":\"quant-formula\",\"type\":\"formula\",\"operator\":\"EQUALS\",\"expression\":\"0\",\"metadata\":{\"variables\":[]}}],\"content\":{\"stem\":\"For $3x^{2}-6x+3=0$, determine the nature of roots. Use $1$ for real and equal, $2$ for real and distinct, and $0$ for imaginary.\",\"prompt\":\"For $3x^{2}-6x+3=0$, determine the nature of roots. Use $1$ for real and equal, $2$ for real and distinct, and $0$ for imaginary.\",\"options\":[\"$1$\",\"$2$\",\"$0$\",\"$-1$\"],\"explanation\":\"Compute $D=b^{2}-4ac=(-6)^{2}-4(3)(3)=36-36=0$.\\nSince $D=0$, the roots are real and equal.\\nFinal answer = $1$.\",\"artifacts\":{}},\"difficulty\":{\"label\":\"Medium\",\"score\":4.6,\"inferenceDepth\":3,\"metrics\":{\"reasoningDepth\":3,\"dependencyComplexity\":3,\"estimatedSolveTime\":101,\"distractorCount\":3,\"calculationComplexity\":3,\"cognitiveLoadBase\":2.7,\"ambiguityScoreBase\":0}},\"validation\":{\"passed\":false,\"warnings\":[\"Scenario has no normalized entities.\"],\"metrics\":{\"clueCount\":0,\"inferenceDepth\":0,\"uniquenessVerified\":0,\"entityCount\":0,\"constraintCount\":1,\"hasPrompt\":1,\"warningCount\":0,\"difficultyScore\":4.6,\"reasoningDepth\":3,\"redundancyScore\":0,\"redundancyRatio\":0,\"hasFormula\":1}}},\"validationReportDetail\":{\"passed\":false,\"stageResults\":[{\"stage\":\"structural validity\",\"passed\":false,\"diagnostics\":[\"Scenario has no normalized entities.\"],\"metrics\":{\"entityCount\":0,\"constraintCount\":1,\"hasPrompt\":1}},{\"stage\":\"solvability\",\"passed\":true,\"diagnostics\":[],\"metrics\":{\"warningCount\":0}},{\"stage\":\"uniqueness\",\"passed\":true,\"diagnostics\":[],\"metrics\":{\"uniquenessVerified\":0}},{\"stage\":\"difficulty calibration\",\"passed\":true,\"diagnostics\":[],\"metrics\":{\"difficultyScore\":4.6,\"reasoningDepth\":3}},{\"stage\":\"redundancy analysis\",\"passed\":true,\"diagnostics\":[],\"metrics\":{\"redundancyScore\":0,\"redundancyRatio\":0}},{\"stage\":\"equation solvability\",\"passed\":true,\"diagnostics\":[],\"metrics\":{\"hasFormula\":1}}],\"warnings\":[\"Scenario has no normalized entities.\"],\"metrics\":{\"clueCount\":0,\"inferenceDepth\":0,\"uniquenessVerified\":0,\"entityCount\":0,\"constraintCount\":1,\"hasPrompt\":1,\"warningCount\":0,\"difficultyScore\":4.6,\"reasoningDepth\":3,\"redundancyScore\":0,\"redundancyRatio\":0,\"hasFormula\":1}},\"difficultyAssessment\":{\"difficultyLabel\":\"Medium\",\"difficultyScore\":4.6,\"cognitiveLoad\":2.65,\"inferenceDepth\":3,\"calculationComplexity\":3,\"distractorComplexity\":3,\"ambiguityScore\":1.05,\"solvingTimeEstimate\":101,\"domainContributions\":{\"operationCount\":3,\"visualComplexity\":0,\"inferenceComplexity\":3},\"metrics\":{\"reasoningDepth\":3,\"dependencyComplexity\":3,\"estimatedSolveTime\":101,\"distractorCount\":3,\"calculationComplexity\":3,\"cognitiveLoadBase\":2.7,\"ambiguityScoreBase\":0}},\"qualityAssessment\":{\"approved\":false,\"rejectionReasons\":[\"failed-validation\",\"low-realism-score\",\"weak-distractors\"],\"qualityMetrics\":{\"realismScore\":0,\"validationPassed\":0,\"structuralDiversityScore\":1,\"repeatedStructureWarnings\":0,\"directClueRatio\":0,\"difficultyConfidence\":10,\"distractorComplexity\":3,\"distractorTypeCount\":0,\"genericDistractorRatio\":1,\"hasStructuralSignature\":1}},\"extractedPatternIntelligence\":{\"domain\":\"quant\",\"structure\":{\"domain\":\"quant\",\"subtype\":\"equations\",\"entityCount\":0,\"constraintCount\":1,\"structureTokens\":[\"variables:\",\"constraint:formula\"],\"topology\":\"formula-network\",\"metadata\":{\"formula\":\"0\"}},\"difficulty\":{\"cognitiveLoad\":2.7,\"inferenceDepth\":3,\"calculationComplexity\":3,\"distractorComplexity\":3,\"ambiguityScore\":0,\"solvingTimeEstimate\":101,\"difficultyBand\":\"Medium\"},\"distractors\":[{\"type\":\"wrongIntermediateValue\",\"label\":\"wrongIntermediateValue\",\"trapType\":\"wrongIntermediateValue\",\"frequency\":3}],\"motifs\":[{\"motifId\":\"eqn-quad-equal-roots-param\",\"domain\":\"quant\",\"archetype\":\"general\",\"confidence\":0.95,\"metadata\":{\"generated\":\"selectedMotif\"}}]},\"structuralSignature\":{\"domain\":\"quant\",\"topologyHash\":\"sig_604ec201\",\"inferenceHash\":\"sig_2f396e69\",\"motifHash\":\"sig_9e6ebdf9\",\"distractorHash\":\"sig_4306d95f\"},\"corpusAlignment\":{\"score\":7.65,\"deviations\":[{\"metric\":\"topology-frequency\",\"actual\":\"formula-network\",\"expected\":\"higher-frequency corpus topology\",\"message\":\"Topology is less common than the target corpus profile.\"},{\"metric\":\"distractor-pattern\",\"actual\":\"wrongIntermediateValue\",\"expected\":\"higher-frequency corpus distractor families\",\"message\":\"Distractor distribution is weaker or less corpus-like than expected.\"},{\"metric\":\"wording-complexity\",\"actual\":18.83,\"expected\":\"8-16\",\"message\":\"Question wording is simpler or denser than the target corpus.\"}],\"matchedPatterns\":[\"Clue density aligns with extracted PYQ corpus ranges.\",\"Inference depth tracks the target corpus difficulty curve.\",\"Formula/calculation complexity aligns with corpus behavior.\"]},\"originalityScore\":{\"score\":7.69,\"penalties\":[\"Distractor ordering looks mechanically repeated.\",\"Wording normalization indicates a repeated surface template pattern.\"],\"diagnostics\":[\"PYQ-derived intelligence is treated as calibration guidance only, not as a template source.\",\"Clue topology penalty 0, formula repetition penalty 0, distractor ordering penalty 0.667.\",\"Corpus alignment pressure 0 while preserving topic weighting and realism guidance only.\"]},\"difficultyConfidence\":{\"predictedDifficulty\":\"Medium\",\"confidence\":9.09,\"explanation\":\"Intended difficulty Medium (4.6), predicted Medium (3.5). Signals used: solving complexity 2.6, elimination depth 0, branching 0, distractor quality 3. Human-solver simulation combined inference depth 3 with solver trace support 0 and branching factor 0.\"}},\"reasoningSteps\":[\"discriminant zero: Apply the motif condition before evaluating the target quantity.\",\"conditional: Compute $D=b^2-4ac=(-6)^2-4(3)(3)=36-36=0$.\",\"direct: Since $D=0$, the roots are real and equal.\"],\"dependencyComplexity\":3,\"operationChain\":[\"compare\",\"transform\",\"compare\"],\"difficulty\":\"Medium\",\"difficultyScore\":4.6,\"difficultyLabel\":\"Medium\",\"difficultyMetadata\":{\"difficultyScore\":4.6,\"difficultyLabel\":\"Medium\",\"estimatedSolveTime\":101,\"operationCount\":3,\"reasoningDepth\":3,\"reasoningSteps\":[\"discriminant zero: Apply the motif condition before evaluating the target quantity.\",\"conditional: Compute $D=b^2-4ac=(-6)^2-4(3)(3)=36-36=0$.\",\"direct: Since $D=0$, the roots are real and equal.\"],\"dependencyComplexity\":3,\"operationChain\":[\"compare\",\"transform\",\"compare\"],\"usesPercentage\":false,\"usesRatio\":false,\"usesComparison\":false,\"visualComplexity\":0,\"inferenceComplexity\":3},\"generationMetrics\":{\"generationDurationMs\":1,\"validationRetries\":0,\"uniquenessFailures\":0,\"branchingFactor\":0,\"clueDensity\":0,\"inferenceDepth\":3,\"redundancyScore\":0}}]}",
        "{\"cachedQuestionCount\":1,\"selectedMotifs\":[\"eqn-quad-equal-roots-param\"],\"hasSolverTraces\":false,\"hasSvgSnapshots\":false,\"hasExplanationFlow\":false}",
        "reasoning-generator-v1",
        "motif-registry-v1:7a7c8e27e4121678c8750ca06c392819bca091ec6172e07bff2f612486d95658",
        "topology-contract-v1:409c496459b1fc1a7b1e335f0b47e27c83be21a95c5dd9d7ddf09476ffefd733",
        "{\"generationContext\":{\"seed\":\"auto-seed:c85742a6-f915-4777-b83c-0a7c1630cfeb\",\"generationId\":\"gen_4e855e99\",\"timestamp\":1778308862104},\"questions\":[{\"text\":\"For $3x^{2}-6x+3=0$, determine the nature of roots. Use $1$ for real and equal, $2$ for real and distinct, and $0$ for imaginary.\",\"options\":[\"$1$\",\"$2$\",\"$0$\",\"$-1$\"],\"correct\":0,\"explanation\":\"Compute $D=b^{2}-4ac=(-6)^{2}-4(3)(3)=36-36=0$.\\nSince $D=0$, the roots are real and equal.\\nFinal answer = $1$.\",\"section\":\"Quant\",\"topic\":\"Equations: Quadratics\",\"subtopic\":\"equations\",\"optionMetadata\":[{\"value\":\"$1$\",\"isCorrect\":true,\"distractorType\":\"correct\",\"likelyMistake\":\"Correct equation path\",\"reasoningTrap\":\"None\"},{\"value\":\"$2$\",\"isCorrect\":false,\"distractorType\":\"wrongIntermediateValue\",\"likelyMistake\":\"Discriminant_Sign_Error\",\"reasoningTrap\":\"Discriminant_Sign_Error\"},{\"value\":\"$0$\",\"isCorrect\":false,\"distractorType\":\"wrongIntermediateValue\",\"likelyMistake\":\"Inconsistent_Infinite_Swap\",\"reasoningTrap\":\"Inconsistent_Infinite_Swap\"},{\"value\":\"$-1$\",\"isCorrect\":false,\"distractorType\":\"wrongIntermediateValue\",\"likelyMistake\":\"Leading_Zero_Neglect\",\"reasoningTrap\":\"Leading_Zero_Neglect\"}],\"examRealismMetadata\":{\"examProfile\":\"custom\",\"wordingStyle\":\"balanced\",\"archetypeId\":\"medium-comparison-chain\",\"archetypeCategory\":\"comparison-chain\",\"reasoningTraps\":[\"Discriminant_Sign_Error\",\"Inconsistent_Infinite_Swap\",\"Leading_Zero_Neglect\"],\"weightingSummary\":[\"Archetype weight 1.00\",\"Trap bias 1.00\",\"Inference bias 1.00\",\"Distractor mix wrongIntermediateValue, wrongIntermediateValue, wrongIntermediateValue\"]},\"debugMetadata\":{\"selectedPattern\":\"registry-equations-quadratic-medium\",\"seed\":\"auto-seed:c85742a6-f915-4777-b83c-0a7c1630cfeb\",\"generationId\":\"gen_4e855e99\",\"generationDomain\":\"quant\",\"selectedMotif\":\"eqn-quad-equal-roots-param\",\"selectedArchetype\":\"medium-comparison-chain\",\"structuralSignatureKey\":\"eqn-quad-equal-roots-param::discriminant-nature::3|-6|3|0\",\"scenarioLogicBranch\":\"discriminant-nature\",\"compatibilityWarnings\":[],\"generationMetrics\":{\"generationDurationMs\":1,\"validationRetries\":0,\"uniquenessFailures\":0,\"branchingFactor\":0,\"clueDensity\":0,\"inferenceDepth\":3,\"redundancyScore\":0},\"proceduralScenario\":{\"id\":\"quant:gen_4e855e99:registry-equations-quadratic-medium\",\"domain\":\"quant\",\"subtype\":\"equations\",\"metadata\":{\"patternId\":\"registry-equations-quadratic-medium\",\"topic\":\"Equations: Quadratics\",\"subtopic\":\"equations\",\"generationDomain\":\"quant\",\"seed\":\"auto-seed:c85742a6-f915-4777-b83c-0a7c1630cfeb\"},\"entities\":[],\"constraints\":[{\"id\":\"quant-formula\",\"type\":\"formula\",\"operator\":\"EQUALS\",\"expression\":\"0\",\"metadata\":{\"variables\":[]}}],\"content\":{\"stem\":\"For $3x^{2}-6x+3=0$, determine the nature of roots. Use $1$ for real and equal, $2$ for real and distinct, and $0$ for imaginary.\",\"prompt\":\"For $3x^{2}-6x+3=0$, determine the nature of roots. Use $1$ for real and equal, $2$ for real and distinct, and $0$ for imaginary.\",\"options\":[\"$1$\",\"$2$\",\"$0$\",\"$-1$\"],\"explanation\":\"Compute $D=b^{2}-4ac=(-6)^{2}-4(3)(3)=36-36=0$.\\nSince $D=0$, the roots are real and equal.\\nFinal answer = $1$.\",\"artifacts\":{}},\"difficulty\":{\"label\":\"Medium\",\"score\":4.6,\"inferenceDepth\":3,\"metrics\":{\"reasoningDepth\":3,\"dependencyComplexity\":3,\"estimatedSolveTime\":101,\"distractorCount\":3,\"calculationComplexity\":3,\"cognitiveLoadBase\":2.7,\"ambiguityScoreBase\":0}},\"validation\":{\"passed\":false,\"warnings\":[\"Scenario has no normalized entities.\"],\"metrics\":{\"clueCount\":0,\"inferenceDepth\":0,\"uniquenessVerified\":0,\"entityCount\":0,\"constraintCount\":1,\"hasPrompt\":1,\"warningCount\":0,\"difficultyScore\":4.6,\"reasoningDepth\":3,\"redundancyScore\":0,\"redundancyRatio\":0,\"hasFormula\":1}}},\"validationReportDetail\":{\"passed\":false,\"stageResults\":[{\"stage\":\"structural validity\",\"passed\":false,\"diagnostics\":[\"Scenario has no normalized entities.\"],\"metrics\":{\"entityCount\":0,\"constraintCount\":1,\"hasPrompt\":1}},{\"stage\":\"solvability\",\"passed\":true,\"diagnostics\":[],\"metrics\":{\"warningCount\":0}},{\"stage\":\"uniqueness\",\"passed\":true,\"diagnostics\":[],\"metrics\":{\"uniquenessVerified\":0}},{\"stage\":\"difficulty calibration\",\"passed\":true,\"diagnostics\":[],\"metrics\":{\"difficultyScore\":4.6,\"reasoningDepth\":3}},{\"stage\":\"redundancy analysis\",\"passed\":true,\"diagnostics\":[],\"metrics\":{\"redundancyScore\":0,\"redundancyRatio\":0}},{\"stage\":\"equation solvability\",\"passed\":true,\"diagnostics\":[],\"metrics\":{\"hasFormula\":1}}],\"warnings\":[\"Scenario has no normalized entities.\"],\"metrics\":{\"clueCount\":0,\"inferenceDepth\":0,\"uniquenessVerified\":0,\"entityCount\":0,\"constraintCount\":1,\"hasPrompt\":1,\"warningCount\":0,\"difficultyScore\":4.6,\"reasoningDepth\":3,\"redundancyScore\":0,\"redundancyRatio\":0,\"hasFormula\":1}},\"difficultyAssessment\":{\"difficultyLabel\":\"Medium\",\"difficultyScore\":4.6,\"cognitiveLoad\":2.65,\"inferenceDepth\":3,\"calculationComplexity\":3,\"distractorComplexity\":3,\"ambiguityScore\":1.05,\"solvingTimeEstimate\":101,\"domainContributions\":{\"operationCount\":3,\"visualComplexity\":0,\"inferenceComplexity\":3},\"metrics\":{\"reasoningDepth\":3,\"dependencyComplexity\":3,\"estimatedSolveTime\":101,\"distractorCount\":3,\"calculationComplexity\":3,\"cognitiveLoadBase\":2.7,\"ambiguityScoreBase\":0}},\"qualityAssessment\":{\"approved\":false,\"rejectionReasons\":[\"failed-validation\",\"low-realism-score\",\"weak-distractors\"],\"qualityMetrics\":{\"realismScore\":0,\"validationPassed\":0,\"structuralDiversityScore\":1,\"repeatedStructureWarnings\":0,\"directClueRatio\":0,\"difficultyConfidence\":10,\"distractorComplexity\":3,\"distractorTypeCount\":0,\"genericDistractorRatio\":1,\"hasStructuralSignature\":1}},\"extractedPatternIntelligence\":{\"domain\":\"quant\",\"structure\":{\"domain\":\"quant\",\"subtype\":\"equations\",\"entityCount\":0,\"constraintCount\":1,\"structureTokens\":[\"variables:\",\"constraint:formula\"],\"topology\":\"formula-network\",\"metadata\":{\"formula\":\"0\"}},\"difficulty\":{\"cognitiveLoad\":2.7,\"inferenceDepth\":3,\"calculationComplexity\":3,\"distractorComplexity\":3,\"ambiguityScore\":0,\"solvingTimeEstimate\":101,\"difficultyBand\":\"Medium\"},\"distractors\":[{\"type\":\"wrongIntermediateValue\",\"label\":\"wrongIntermediateValue\",\"trapType\":\"wrongIntermediateValue\",\"frequency\":3}],\"motifs\":[{\"motifId\":\"eqn-quad-equal-roots-param\",\"domain\":\"quant\",\"archetype\":\"general\",\"confidence\":0.95,\"metadata\":{\"generated\":\"selectedMotif\"}}]},\"structuralSignature\":{\"domain\":\"quant\",\"topologyHash\":\"sig_604ec201\",\"inferenceHash\":\"sig_2f396e69\",\"motifHash\":\"sig_9e6ebdf9\",\"distractorHash\":\"sig_4306d95f\"},\"corpusAlignment\":{\"score\":7.65,\"deviations\":[{\"metric\":\"topology-frequency\",\"actual\":\"formula-network\",\"expected\":\"higher-frequency corpus topology\",\"message\":\"Topology is less common than the target corpus profile.\"},{\"metric\":\"distractor-pattern\",\"actual\":\"wrongIntermediateValue\",\"expected\":\"higher-frequency corpus distractor families\",\"message\":\"Distractor distribution is weaker or less corpus-like than expected.\"},{\"metric\":\"wording-complexity\",\"actual\":18.83,\"expected\":\"8-16\",\"message\":\"Question wording is simpler or denser than the target corpus.\"}],\"matchedPatterns\":[\"Clue density aligns with extracted PYQ corpus ranges.\",\"Inference depth tracks the target corpus difficulty curve.\",\"Formula/calculation complexity aligns with corpus behavior.\"]},\"originalityScore\":{\"score\":7.69,\"penalties\":[\"Distractor ordering looks mechanically repeated.\",\"Wording normalization indicates a repeated surface template pattern.\"],\"diagnostics\":[\"PYQ-derived intelligence is treated as calibration guidance only, not as a template source.\",\"Clue topology penalty 0, formula repetition penalty 0, distractor ordering penalty 0.667.\",\"Corpus alignment pressure 0 while preserving topic weighting and realism guidance only.\"]},\"difficultyConfidence\":{\"predictedDifficulty\":\"Medium\",\"confidence\":9.09,\"explanation\":\"Intended difficulty Medium (4.6), predicted Medium (3.5). Signals used: solving complexity 2.6, elimination depth 0, branching 0, distractor quality 3. Human-solver simulation combined inference depth 3 with solver trace support 0 and branching factor 0.\"}},\"reasoningSteps\":[\"discriminant zero: Apply the motif condition before evaluating the target quantity.\",\"conditional: Compute $D=b^2-4ac=(-6)^2-4(3)(3)=36-36=0$.\",\"direct: Since $D=0$, the roots are real and equal.\"],\"dependencyComplexity\":3,\"operationChain\":[\"compare\",\"transform\",\"compare\"],\"difficulty\":\"Medium\",\"difficultyScore\":4.6,\"difficultyLabel\":\"Medium\",\"difficultyMetadata\":{\"difficultyScore\":4.6,\"difficultyLabel\":\"Medium\",\"estimatedSolveTime\":101,\"operationCount\":3,\"reasoningDepth\":3,\"reasoningSteps\":[\"discriminant zero: Apply the motif condition before evaluating the target quantity.\",\"conditional: Compute $D=b^2-4ac=(-6)^2-4(3)(3)=36-36=0$.\",\"direct: Since $D=0$, the roots are real and equal.\"],\"dependencyComplexity\":3,\"operationChain\":[\"compare\",\"transform\",\"compare\"],\"usesPercentage\":false,\"usesRatio\":false,\"usesComparison\":false,\"visualComplexity\":0,\"inferenceComplexity\":3},\"generationMetrics\":{\"generationDurationMs\":1,\"validationRetries\":0,\"uniquenessFailures\":0,\"branchingFactor\":0,\"clueDensity\":0,\"inferenceDepth\":3,\"redundancyScore\":0}}]}",
        "{\"cachedQuestionCount\":1,\"selectedMotifs\":[\"eqn-quad-equal-roots-param\"],\"hasSolverTraces\":false,\"hasSvgSnapshots\":false,\"hasExplanationFlow\":false}",
        "2026-05-09T06:41:02.964Z"
      ],
      "cause": {
        "name": "PostgresError",
        "severity_local": "ERROR",
        "severity": "ERROR",
        "code": "42P01",
        "position": "13",
        "file": "parse_relation.c",
        "line": "1449",
        "routine": "parserOpenTable"
      }
    }
[12:11:03.681] [32mINFO[39m (33908): [36mrequest completed[39m
    [35mreq[39m: {
      "id": 35,
      "method": "POST",
      "url": "/api/generator/pattern"
    }
    [35mres[39m: {
      "statusCode": 200
    }
    [35mresponseTime[39m: 1578
[12:11:04.405] [33mWARN[39m (33908): [36mGeneration cache lookup failed; falling back to live generation[39m
    [35mpatternId[39m: "registry-equations-special-hard"
    error: {
      "query": "select \"key\", \"pattern_id\", \"generation_domain\", \"generator_version\", \"motif_version\", \"topology_version\", \"request_fingerprint\", \"payload\", \"artifact_metadata\", \"created_at\", \"last_accessed_at\", \"hit_count\" from \"reasoning_scenario_cache\" where \"reasoning_scenario_cache\".\"key\" = $1 limit $2",
      "params": [
        "9fd5b2f8c9da5b29cda73f86e1f577039b23c59a7fe1cd13411bb4b685f8f74b",
        1
      ],
      "cause": {
        "name": "PostgresError",
        "severity_local": "ERROR",
        "severity": "ERROR",
        "code": "42P01",
        "position": "214",
        "file": "parse_relation.c",
        "line": "1449",
        "routine": "parserOpenTable"
      }
    }
[12:11:04.407] [32mINFO[39m (33908): [36mrequest errored[39m
    [35mreq[39m: {
      "id": 36,
      "method": "POST",
      "url": "/api/generator/pattern"
    }
    [35mres[39m: {
      "statusCode": 500
    }
    [35mresponseTime[39m: 679
    err: {
      "type": "Error",
      "message": "failed with status code 500",
      "stack":
          Error: failed with status code 500
              at onResFinished (C:\Users\gurbaj\Downloads\f\node_modules\.pnpm\pino-http@10.5.0\node_modules\pino-http\logger.js:115:39)
              at ServerResponse.onResponseComplete (C:\Users\gurbaj\Downloads\f\node_modules\.pnpm\pino-http@10.5.0\node_modules\pino-http\logger.js:178:14)
              at ServerResponse.emit (node:events:520:35)
              at onFinish (node:_http_outgoing:1026:10)
              at callback (node:internal/streams/writable:764:21)
              at afterWrite (node:internal/streams/writable:708:5)
              at afterWriteTick (node:internal/streams/writable:694:10)
              at process.processTicksAndRejections (node:internal/process/task_queues:89:21)
    }
Generation metrics {
  patternId: 'registry-equations-modulus-hard',
  topic: 'Equations: Modulus',
  subtopic: 'equations',
  generationId: 'gen_59e1d9a5',
  generationDomain: 'quant',
  selectedMotif: 'eqn-mod-nested',
  difficultyLabel: 'Hard',
  metrics: {
    generationDurationMs: 0,
    validationRetries: 0,
    uniquenessFailures: 0,
    branchingFactor: 0,
    branchingComplexity: undefined,
    clueDensity: 0,
    inferenceDepth: 4,
    redundancyScore: 0,
    deductionDependencyScore: undefined,
    redundancyRatio: undefined,
    anchorDensity: undefined,
    directClueRatio: undefined
  }
}
[12:11:05.196] [33mWARN[39m (33908): [36mGeneration cache lookup failed; falling back to live generation[39m
    [35mpatternId[39m: "registry-equations-modulus-hard"
    error: {
      "query": "select \"key\", \"pattern_id\", \"generation_domain\", \"generator_version\", \"motif_version\", \"topology_version\", \"request_fingerprint\", \"payload\", \"artifact_metadata\", \"created_at\", \"last_accessed_at\", \"hit_count\" from \"reasoning_scenario_cache\" where \"reasoning_scenario_cache\".\"key\" = $1 limit $2",
      "params": [
        "090cb243985af104c71b0b667fdd940fb50e8ca39fb31d406fb4a58e1e8d0540",
        1
      ],
      "cause": {
        "name": "PostgresError",
        "severity_local": "ERROR",
        "severity": "ERROR",
        "code": "42P01",
        "position": "214",
        "file": "parse_relation.c",
        "line": "1449",
        "routine": "parserOpenTable"
      }
    }
[12:11:06.092] [33mWARN[39m (33908): [36mGeneration cache store failed; continuing without cache persistence[39m
    [35mpatternId[39m: "registry-equations-modulus-hard"
    error: {
      "query": "insert into \"reasoning_scenario_cache\" (\"key\", \"pattern_id\", \"generation_domain\", \"generator_version\", \"motif_version\", \"topology_version\", \"request_fingerprint\", \"payload\", \"artifact_metadata\", \"created_at\", \"last_accessed_at\", \"hit_count\") values ($1, $2, $3, $4, $5, $6, $7, $8, $9, default, default, default) on conflict (\"key\") do update set \"generator_version\" = $10, \"motif_version\" = $11, \"topology_version\" = $12, \"payload\" = $13, \"artifact_metadata\" = $14, \"last_accessed_at\" = $15",
      "params": [
        "090cb243985af104c71b0b667fdd940fb50e8ca39fb31d406fb4a58e1e8d0540",
        "registry-equations-modulus-hard",
        "quant",
        "reasoning-generator-v1",
        "motif-registry-v1:9a460e6e1fd81e26a795b22d2f5e24dccbed371bdaca3a45340f4e22a540989b",
        "topology-contract-v1:409c496459b1fc1a7b1e335f0b47e27c83be21a95c5dd9d7ddf09476ffefd733",
        "dc0c68dfc321c0da899c6407db787125748eddfd8b243cdac3dfc3e4e6c97bc5",
        "{\"generationContext\":{\"seed\":\"auto-seed:3c9acda8-5911-4b4b-9116-fc35dbc1cb64\",\"generationId\":\"gen_59e1d9a5\",\"timestamp\":1778308864468},\"questions\":[{\"text\":\"Find the number of real solutions of $|x-2|+|x-8|=6$.\",\"options\":[\"$\\\\text{Infinitely many}$\",\"$2$\",\"$1$\",\"$0$\"],\"correct\":0,\"explanation\":\"$|x-2|+|x-8|$ is the sum of distances from $2$ and $8$.\\nFor every $x$ between $2$ and $8$, the sum of distances is exactly $6$.\\nHence there are infinitely many real solutions.\\nFinal answer = $\\\\text{Infinitely many}$.\",\"section\":\"Quant\",\"topic\":\"Equations: Modulus\",\"subtopic\":\"equations\",\"optionMetadata\":[{\"value\":\"$\\\\text{Infinitely many}$\",\"isCorrect\":true,\"distractorType\":\"correct\",\"likelyMistake\":\"Correct equation path\",\"reasoningTrap\":\"None\"},{\"value\":\"$2$\",\"isCorrect\":false,\"distractorType\":\"wrongIntermediateValue\",\"likelyMistake\":\"Modulus_Case_Omission\",\"reasoningTrap\":\"Modulus_Case_Omission\"},{\"value\":\"$1$\",\"isCorrect\":false,\"distractorType\":\"wrongIntermediateValue\",\"likelyMistake\":\"Modulus_Distance_Error\",\"reasoningTrap\":\"Modulus_Distance_Error\"},{\"value\":\"$0$\",\"isCorrect\":false,\"distractorType\":\"wrongIntermediateValue\",\"likelyMistake\":\"Integer_Constraint_Violation\",\"reasoningTrap\":\"Integer_Constraint_Violation\"}],\"examRealismMetadata\":{\"examProfile\":\"custom\",\"wordingStyle\":\"balanced\",\"archetypeId\":\"hard-nested-operations\",\"archetypeCategory\":\"nested-operations\",\"reasoningTraps\":[\"Modulus_Case_Omission\",\"Modulus_Distance_Error\",\"Integer_Constraint_Violation\"],\"weightingSummary\":[\"Archetype weight 1.00\",\"Trap bias 1.00\",\"Inference bias 1.00\",\"Distractor mix wrongIntermediateValue, wrongIntermediateValue, wrongIntermediateValue\"]},\"debugMetadata\":{\"selectedPattern\":\"registry-equations-modulus-hard\",\"seed\":\"auto-seed:3c9acda8-5911-4b4b-9116-fc35dbc1cb64\",\"generationId\":\"gen_59e1d9a5\",\"generationDomain\":\"quant\",\"selectedMotif\":\"eqn-mod-nested\",\"selectedArchetype\":\"hard-nested-operations\",\"structuralSignatureKey\":\"eqn-mod-nested::distance-critical-points::999\",\"scenarioLogicBranch\":\"distance-critical-points\",\"compatibilityWarnings\":[],\"generationMetrics\":{\"generationDurationMs\":0,\"validationRetries\":0,\"uniquenessFailures\":0,\"branchingFactor\":0,\"clueDensity\":0,\"inferenceDepth\":4,\"redundancyScore\":0},\"proceduralScenario\":{\"id\":\"quant:gen_59e1d9a5:registry-equations-modulus-hard\",\"domain\":\"quant\",\"subtype\":\"equations\",\"metadata\":{\"patternId\":\"registry-equations-modulus-hard\",\"topic\":\"Equations: Modulus\",\"subtopic\":\"equations\",\"generationDomain\":\"quant\",\"seed\":\"auto-seed:3c9acda8-5911-4b4b-9116-fc35dbc1cb64\"},\"entities\":[],\"constraints\":[{\"id\":\"quant-formula\",\"type\":\"formula\",\"operator\":\"EQUALS\",\"expression\":\"0\",\"metadata\":{\"variables\":[]}}],\"content\":{\"stem\":\"Find the number of real solutions of $|x-2|+|x-8|=6$.\",\"prompt\":\"Find the number of real solutions of $|x-2|+|x-8|=6$.\",\"options\":[\"$\\\\text{Infinitely many}$\",\"$2$\",\"$1$\",\"$0$\"],\"explanation\":\"$|x-2|+|x-8|$ is the sum of distances from $2$ and $8$.\\nFor every $x$ between $2$ and $8$, the sum of distances is exactly $6$.\\nHence there are infinitely many real solutions.\\nFinal answer = $\\\\text{Infinitely many}$.\",\"artifacts\":{}},\"difficulty\":{\"label\":\"Hard\",\"score\":7.7,\"inferenceDepth\":4,\"metrics\":{\"reasoningDepth\":4,\"dependencyComplexity\":4,\"estimatedSolveTime\":149,\"distractorCount\":3,\"calculationComplexity\":4,\"cognitiveLoadBase\":3.5,\"ambiguityScoreBase\":0}},\"validation\":{\"passed\":false,\"warnings\":[\"Scenario has no normalized entities.\"],\"metrics\":{\"clueCount\":0,\"inferenceDepth\":0,\"uniquenessVerified\":0,\"entityCount\":0,\"constraintCount\":1,\"hasPrompt\":1,\"warningCount\":0,\"difficultyScore\":7.7,\"reasoningDepth\":4,\"redundancyScore\":0,\"redundancyRatio\":0,\"hasFormula\":1}}},\"validationReportDetail\":{\"passed\":false,\"stageResults\":[{\"stage\":\"structural validity\",\"passed\":false,\"diagnostics\":[\"Scenario has no normalized entities.\"],\"metrics\":{\"entityCount\":0,\"constraintCount\":1,\"hasPrompt\":1}},{\"stage\":\"solvability\",\"passed\":true,\"diagnostics\":[],\"metrics\":{\"warningCount\":0}},{\"stage\":\"uniqueness\",\"passed\":true,\"diagnostics\":[],\"metrics\":{\"uniquenessVerified\":0}},{\"stage\":\"difficulty calibration\",\"passed\":true,\"diagnostics\":[],\"metrics\":{\"difficultyScore\":7.7,\"reasoningDepth\":4}},{\"stage\":\"redundancy analysis\",\"passed\":true,\"diagnostics\":[],\"metrics\":{\"redundancyScore\":0,\"redundancyRatio\":0}},{\"stage\":\"equation solvability\",\"passed\":true,\"diagnostics\":[],\"metrics\":{\"hasFormula\":1}}],\"warnings\":[\"Scenario has no normalized entities.\"],\"metrics\":{\"clueCount\":0,\"inferenceDepth\":0,\"uniquenessVerified\":0,\"entityCount\":0,\"constraintCount\":1,\"hasPrompt\":1,\"warningCount\":0,\"difficultyScore\":7.7,\"reasoningDepth\":4,\"redundancyScore\":0,\"redundancyRatio\":0,\"hasFormula\":1}},\"difficultyAssessment\":{\"difficultyLabel\":\"Hard\",\"difficultyScore\":7.7,\"cognitiveLoad\":3.31,\"inferenceDepth\":4,\"calculationComplexity\":4,\"distractorComplexity\":3,\"ambiguityScore\":1.05,\"solvingTimeEstimate\":149,\"domainContributions\":{\"operationCount\":4,\"visualComplexity\":0,\"inferenceComplexity\":4},\"metrics\":{\"reasoningDepth\":4,\"dependencyComplexity\":4,\"estimatedSolveTime\":149,\"distractorCount\":3,\"calculationComplexity\":4,\"cognitiveLoadBase\":3.5,\"ambiguityScoreBase\":0}},\"qualityAssessment\":{\"approved\":false,\"rejectionReasons\":[\"failed-validation\",\"low-realism-score\",\"weak-distractors\"],\"qualityMetrics\":{\"realismScore\":0,\"validationPassed\":0,\"structuralDiversityScore\":1,\"repeatedStructureWarnings\":0,\"directClueRatio\":0,\"difficultyConfidence\":10,\"distractorComplexity\":3,\"distractorTypeCount\":0,\"genericDistractorRatio\":1,\"hasStructuralSignature\":1}},\"extractedPatternIntelligence\":{\"domain\":\"quant\",\"structure\":{\"domain\":\"quant\",\"subtype\":\"equations\",\"entityCount\":0,\"constraintCount\":1,\"structureTokens\":[\"variables:\",\"constraint:formula\"],\"topology\":\"formula-network\",\"metadata\":{\"formula\":\"0\"}},\"difficulty\":{\"cognitiveLoad\":3.5,\"inferenceDepth\":4,\"calculationComplexity\":4,\"distractorComplexity\":3,\"ambiguityScore\":0,\"solvingTimeEstimate\":149,\"difficultyBand\":\"Hard\"},\"distractors\":[{\"type\":\"wrongIntermediateValue\",\"label\":\"wrongIntermediateValue\",\"trapType\":\"wrongIntermediateValue\",\"frequency\":3}],\"motifs\":[{\"motifId\":\"eqn-mod-nested\",\"domain\":\"quant\",\"archetype\":\"general\",\"confidence\":0.95,\"metadata\":{\"generated\":\"selectedMotif\"}}]},\"structuralSignature\":{\"domain\":\"quant\",\"topologyHash\":\"sig_604ec201\",\"inferenceHash\":\"sig_effffcdf\",\"motifHash\":\"sig_1102ba07\",\"distractorHash\":\"sig_4306d95f\"},\"corpusAlignment\":{\"score\":8.43,\"deviations\":[{\"metric\":\"topology-frequency\",\"actual\":\"formula-network\",\"expected\":\"higher-frequency corpus topology\",\"message\":\"Topology is less common than the target corpus profile.\"},{\"metric\":\"distractor-pattern\",\"actual\":\"wrongIntermediateValue\",\"expected\":\"higher-frequency corpus distractor families\",\"message\":\"Distractor distribution is weaker or less corpus-like than expected.\"}],\"matchedPatterns\":[\"Clue density aligns with extracted PYQ corpus ranges.\",\"Inference depth tracks the target corpus difficulty curve.\",\"Wording complexity resembles the PYQ corpus style.\",\"Formula/calculation complexity aligns with corpus behavior.\"]},\"originalityScore\":{\"score\":7.41,\"penalties\":[\"Distractor ordering looks mechanically repeated.\",\"Wording normalization indicates a repeated surface template pattern.\"],\"diagnostics\":[\"PYQ-derived intelligence is treated as calibration guidance only, not as a template source.\",\"Clue topology penalty 0, formula repetition penalty 0, distractor ordering penalty 0.667.\",\"Corpus alignment pressure 0.128 while preserving topic weighting and realism guidance only.\"]},\"difficultyConfidence\":{\"predictedDifficulty\":\"Medium\",\"confidence\":4.54,\"explanation\":\"Intended difficulty Hard (7.7), predicted Medium (4.2). Signals used: solving complexity 3.3, elimination depth 0, branching 0, distractor quality 3. Human-solver simulation combined inference depth 4 with solver trace support 0 and branching factor 0.\"}},\"reasoningSteps\":[\"nested case split: Apply the motif condition before evaluating the target quantity.\",\"conditional: $|x-2|+|x-8|$ is the sum of distances from $2$ and $8$.\",\"conditional: For every $x$ between $2$ and $8$, the sum of distances is exactly $6$.\",\"direct: Hence there are infinitely many real solutions.\"],\"dependencyComplexity\":4,\"operationChain\":[\"transform\",\"aggregate\",\"reverse\",\"infer\"],\"difficulty\":\"Hard\",\"difficultyScore\":7.7,\"difficultyLabel\":\"Hard\",\"difficultyMetadata\":{\"difficultyScore\":7.7,\"difficultyLabel\":\"Hard\",\"estimatedSolveTime\":149,\"operationCount\":4,\"reasoningDepth\":4,\"reasoningSteps\":[\"nested case split: Apply the motif condition before evaluating the target quantity.\",\"conditional: $|x-2|+|x-8|$ is the sum of distances from $2$ and $8$.\",\"conditional: For every $x$ between $2$ and $8$, the sum of distances is exactly $6$.\",\"direct: Hence there are infinitely many real solutions.\"],\"dependencyComplexity\":4,\"operationChain\":[\"transform\",\"aggregate\",\"reverse\",\"infer\"],\"usesPercentage\":false,\"usesRatio\":false,\"usesComparison\":false,\"visualComplexity\":0,\"inferenceComplexity\":4},\"generationMetrics\":{\"generationDurationMs\":0,\"validationRetries\":0,\"uniquenessFailures\":0,\"branchingFactor\":0,\"clueDensity\":0,\"inferenceDepth\":4,\"redundancyScore\":0}}]}",
        "{\"cachedQuestionCount\":1,\"selectedMotifs\":[\"eqn-mod-nested\"],\"hasSolverTraces\":false,\"hasSvgSnapshots\":false,\"hasExplanationFlow\":false}",
        "reasoning-generator-v1",
        "motif-registry-v1:9a460e6e1fd81e26a795b22d2f5e24dccbed371bdaca3a45340f4e22a540989b",
        "topology-contract-v1:409c496459b1fc1a7b1e335f0b47e27c83be21a95c5dd9d7ddf09476ffefd733",
        "{\"generationContext\":{\"seed\":\"auto-seed:3c9acda8-5911-4b4b-9116-fc35dbc1cb64\",\"generationId\":\"gen_59e1d9a5\",\"timestamp\":1778308864468},\"questions\":[{\"text\":\"Find the number of real solutions of $|x-2|+|x-8|=6$.\",\"options\":[\"$\\\\text{Infinitely many}$\",\"$2$\",\"$1$\",\"$0$\"],\"correct\":0,\"explanation\":\"$|x-2|+|x-8|$ is the sum of distances from $2$ and $8$.\\nFor every $x$ between $2$ and $8$, the sum of distances is exactly $6$.\\nHence there are infinitely many real solutions.\\nFinal answer = $\\\\text{Infinitely many}$.\",\"section\":\"Quant\",\"topic\":\"Equations: Modulus\",\"subtopic\":\"equations\",\"optionMetadata\":[{\"value\":\"$\\\\text{Infinitely many}$\",\"isCorrect\":true,\"distractorType\":\"correct\",\"likelyMistake\":\"Correct equation path\",\"reasoningTrap\":\"None\"},{\"value\":\"$2$\",\"isCorrect\":false,\"distractorType\":\"wrongIntermediateValue\",\"likelyMistake\":\"Modulus_Case_Omission\",\"reasoningTrap\":\"Modulus_Case_Omission\"},{\"value\":\"$1$\",\"isCorrect\":false,\"distractorType\":\"wrongIntermediateValue\",\"likelyMistake\":\"Modulus_Distance_Error\",\"reasoningTrap\":\"Modulus_Distance_Error\"},{\"value\":\"$0$\",\"isCorrect\":false,\"distractorType\":\"wrongIntermediateValue\",\"likelyMistake\":\"Integer_Constraint_Violation\",\"reasoningTrap\":\"Integer_Constraint_Violation\"}],\"examRealismMetadata\":{\"examProfile\":\"custom\",\"wordingStyle\":\"balanced\",\"archetypeId\":\"hard-nested-operations\",\"archetypeCategory\":\"nested-operations\",\"reasoningTraps\":[\"Modulus_Case_Omission\",\"Modulus_Distance_Error\",\"Integer_Constraint_Violation\"],\"weightingSummary\":[\"Archetype weight 1.00\",\"Trap bias 1.00\",\"Inference bias 1.00\",\"Distractor mix wrongIntermediateValue, wrongIntermediateValue, wrongIntermediateValue\"]},\"debugMetadata\":{\"selectedPattern\":\"registry-equations-modulus-hard\",\"seed\":\"auto-seed:3c9acda8-5911-4b4b-9116-fc35dbc1cb64\",\"generationId\":\"gen_59e1d9a5\",\"generationDomain\":\"quant\",\"selectedMotif\":\"eqn-mod-nested\",\"selectedArchetype\":\"hard-nested-operations\",\"structuralSignatureKey\":\"eqn-mod-nested::distance-critical-points::999\",\"scenarioLogicBranch\":\"distance-critical-points\",\"compatibilityWarnings\":[],\"generationMetrics\":{\"generationDurationMs\":0,\"validationRetries\":0,\"uniquenessFailures\":0,\"branchingFactor\":0,\"clueDensity\":0,\"inferenceDepth\":4,\"redundancyScore\":0},\"proceduralScenario\":{\"id\":\"quant:gen_59e1d9a5:registry-equations-modulus-hard\",\"domain\":\"quant\",\"subtype\":\"equations\",\"metadata\":{\"patternId\":\"registry-equations-modulus-hard\",\"topic\":\"Equations: Modulus\",\"subtopic\":\"equations\",\"generationDomain\":\"quant\",\"seed\":\"auto-seed:3c9acda8-5911-4b4b-9116-fc35dbc1cb64\"},\"entities\":[],\"constraints\":[{\"id\":\"quant-formula\",\"type\":\"formula\",\"operator\":\"EQUALS\",\"expression\":\"0\",\"metadata\":{\"variables\":[]}}],\"content\":{\"stem\":\"Find the number of real solutions of $|x-2|+|x-8|=6$.\",\"prompt\":\"Find the number of real solutions of $|x-2|+|x-8|=6$.\",\"options\":[\"$\\\\text{Infinitely many}$\",\"$2$\",\"$1$\",\"$0$\"],\"explanation\":\"$|x-2|+|x-8|$ is the sum of distances from $2$ and $8$.\\nFor every $x$ between $2$ and $8$, the sum of distances is exactly $6$.\\nHence there are infinitely many real solutions.\\nFinal answer = $\\\\text{Infinitely many}$.\",\"artifacts\":{}},\"difficulty\":{\"label\":\"Hard\",\"score\":7.7,\"inferenceDepth\":4,\"metrics\":{\"reasoningDepth\":4,\"dependencyComplexity\":4,\"estimatedSolveTime\":149,\"distractorCount\":3,\"calculationComplexity\":4,\"cognitiveLoadBase\":3.5,\"ambiguityScoreBase\":0}},\"validation\":{\"passed\":false,\"warnings\":[\"Scenario has no normalized entities.\"],\"metrics\":{\"clueCount\":0,\"inferenceDepth\":0,\"uniquenessVerified\":0,\"entityCount\":0,\"constraintCount\":1,\"hasPrompt\":1,\"warningCount\":0,\"difficultyScore\":7.7,\"reasoningDepth\":4,\"redundancyScore\":0,\"redundancyRatio\":0,\"hasFormula\":1}}},\"validationReportDetail\":{\"passed\":false,\"stageResults\":[{\"stage\":\"structural validity\",\"passed\":false,\"diagnostics\":[\"Scenario has no normalized entities.\"],\"metrics\":{\"entityCount\":0,\"constraintCount\":1,\"hasPrompt\":1}},{\"stage\":\"solvability\",\"passed\":true,\"diagnostics\":[],\"metrics\":{\"warningCount\":0}},{\"stage\":\"uniqueness\",\"passed\":true,\"diagnostics\":[],\"metrics\":{\"uniquenessVerified\":0}},{\"stage\":\"difficulty calibration\",\"passed\":true,\"diagnostics\":[],\"metrics\":{\"difficultyScore\":7.7,\"reasoningDepth\":4}},{\"stage\":\"redundancy analysis\",\"passed\":true,\"diagnostics\":[],\"metrics\":{\"redundancyScore\":0,\"redundancyRatio\":0}},{\"stage\":\"equation solvability\",\"passed\":true,\"diagnostics\":[],\"metrics\":{\"hasFormula\":1}}],\"warnings\":[\"Scenario has no normalized entities.\"],\"metrics\":{\"clueCount\":0,\"inferenceDepth\":0,\"uniquenessVerified\":0,\"entityCount\":0,\"constraintCount\":1,\"hasPrompt\":1,\"warningCount\":0,\"difficultyScore\":7.7,\"reasoningDepth\":4,\"redundancyScore\":0,\"redundancyRatio\":0,\"hasFormula\":1}},\"difficultyAssessment\":{\"difficultyLabel\":\"Hard\",\"difficultyScore\":7.7,\"cognitiveLoad\":3.31,\"inferenceDepth\":4,\"calculationComplexity\":4,\"distractorComplexity\":3,\"ambiguityScore\":1.05,\"solvingTimeEstimate\":149,\"domainContributions\":{\"operationCount\":4,\"visualComplexity\":0,\"inferenceComplexity\":4},\"metrics\":{\"reasoningDepth\":4,\"dependencyComplexity\":4,\"estimatedSolveTime\":149,\"distractorCount\":3,\"calculationComplexity\":4,\"cognitiveLoadBase\":3.5,\"ambiguityScoreBase\":0}},\"qualityAssessment\":{\"approved\":false,\"rejectionReasons\":[\"failed-validation\",\"low-realism-score\",\"weak-distractors\"],\"qualityMetrics\":{\"realismScore\":0,\"validationPassed\":0,\"structuralDiversityScore\":1,\"repeatedStructureWarnings\":0,\"directClueRatio\":0,\"difficultyConfidence\":10,\"distractorComplexity\":3,\"distractorTypeCount\":0,\"genericDistractorRatio\":1,\"hasStructuralSignature\":1}},\"extractedPatternIntelligence\":{\"domain\":\"quant\",\"structure\":{\"domain\":\"quant\",\"subtype\":\"equations\",\"entityCount\":0,\"constraintCount\":1,\"structureTokens\":[\"variables:\",\"constraint:formula\"],\"topology\":\"formula-network\",\"metadata\":{\"formula\":\"0\"}},\"difficulty\":{\"cognitiveLoad\":3.5,\"inferenceDepth\":4,\"calculationComplexity\":4,\"distractorComplexity\":3,\"ambiguityScore\":0,\"solvingTimeEstimate\":149,\"difficultyBand\":\"Hard\"},\"distractors\":[{\"type\":\"wrongIntermediateValue\",\"label\":\"wrongIntermediateValue\",\"trapType\":\"wrongIntermediateValue\",\"frequency\":3}],\"motifs\":[{\"motifId\":\"eqn-mod-nested\",\"domain\":\"quant\",\"archetype\":\"general\",\"confidence\":0.95,\"metadata\":{\"generated\":\"selectedMotif\"}}]},\"structuralSignature\":{\"domain\":\"quant\",\"topologyHash\":\"sig_604ec201\",\"inferenceHash\":\"sig_effffcdf\",\"motifHash\":\"sig_1102ba07\",\"distractorHash\":\"sig_4306d95f\"},\"corpusAlignment\":{\"score\":8.43,\"deviations\":[{\"metric\":\"topology-frequency\",\"actual\":\"formula-network\",\"expected\":\"higher-frequency corpus topology\",\"message\":\"Topology is less common than the target corpus profile.\"},{\"metric\":\"distractor-pattern\",\"actual\":\"wrongIntermediateValue\",\"expected\":\"higher-frequency corpus distractor families\",\"message\":\"Distractor distribution is weaker or less corpus-like than expected.\"}],\"matchedPatterns\":[\"Clue density aligns with extracted PYQ corpus ranges.\",\"Inference depth tracks the target corpus difficulty curve.\",\"Wording complexity resembles the PYQ corpus style.\",\"Formula/calculation complexity aligns with corpus behavior.\"]},\"originalityScore\":{\"score\":7.41,\"penalties\":[\"Distractor ordering looks mechanically repeated.\",\"Wording normalization indicates a repeated surface template pattern.\"],\"diagnostics\":[\"PYQ-derived intelligence is treated as calibration guidance only, not as a template source.\",\"Clue topology penalty 0, formula repetition penalty 0, distractor ordering penalty 0.667.\",\"Corpus alignment pressure 0.128 while preserving topic weighting and realism guidance only.\"]},\"difficultyConfidence\":{\"predictedDifficulty\":\"Medium\",\"confidence\":4.54,\"explanation\":\"Intended difficulty Hard (7.7), predicted Medium (4.2). Signals used: solving complexity 3.3, elimination depth 0, branching 0, distractor quality 3. Human-solver simulation combined inference depth 4 with solver trace support 0 and branching factor 0.\"}},\"reasoningSteps\":[\"nested case split: Apply the motif condition before evaluating the target quantity.\",\"conditional: $|x-2|+|x-8|$ is the sum of distances from $2$ and $8$.\",\"conditional: For every $x$ between $2$ and $8$, the sum of distances is exactly $6$.\",\"direct: Hence there are infinitely many real solutions.\"],\"dependencyComplexity\":4,\"operationChain\":[\"transform\",\"aggregate\",\"reverse\",\"infer\"],\"difficulty\":\"Hard\",\"difficultyScore\":7.7,\"difficultyLabel\":\"Hard\",\"difficultyMetadata\":{\"difficultyScore\":7.7,\"difficultyLabel\":\"Hard\",\"estimatedSolveTime\":149,\"operationCount\":4,\"reasoningDepth\":4,\"reasoningSteps\":[\"nested case split: Apply the motif condition before evaluating the target quantity.\",\"conditional: $|x-2|+|x-8|$ is the sum of distances from $2$ and $8$.\",\"conditional: For every $x$ between $2$ and $8$, the sum of distances is exactly $6$.\",\"direct: Hence there are infinitely many real solutions.\"],\"dependencyComplexity\":4,\"operationChain\":[\"transform\",\"aggregate\",\"reverse\",\"infer\"],\"usesPercentage\":false,\"usesRatio\":false,\"usesComparison\":false,\"visualComplexity\":0,\"inferenceComplexity\":4},\"generationMetrics\":{\"generationDurationMs\":0,\"validationRetries\":0,\"uniquenessFailures\":0,\"branchingFactor\":0,\"clueDensity\":0,\"inferenceDepth\":4,\"redundancyScore\":0}}]}",
        "{\"cachedQuestionCount\":1,\"selectedMotifs\":[\"eqn-mod-nested\"],\"hasSolverTraces\":false,\"hasSvgSnapshots\":false,\"hasExplanationFlow\":false}",
        "2026-05-09T06:41:05.197Z"
      ],
      "cause": {
        "name": "PostgresError",
        "severity_local": "ERROR",
        "severity": "ERROR",
        "code": "42P01",
        "position": "13",
        "file": "parse_relation.c",
        "line": "1449",
        "routine": "parserOpenTable"
      }
    }
[12:11:06.093] [32mINFO[39m (33908): [36mrequest completed[39m
    [35mreq[39m: {
      "id": 37,
      "method": "POST",
      "url": "/api/generator/pattern"
    }
    [35mres[39m: {
      "statusCode": 200
    }
    [35mresponseTime[39m: 1626
Generation metrics {
  patternId: 'registry-equations-word-problems-medium',
  topic: 'Equations: Word Problems',
  subtopic: 'equations',
  generationId: 'gen_28caf1a3',
  generationDomain: 'quant',
  selectedMotif: 'eqn-lin-single',
  difficultyLabel: 'Medium',
  metrics: {
    generationDurationMs: 0,
    validationRetries: 0,
    uniquenessFailures: 0,
    branchingFactor: 0,
    branchingComplexity: undefined,
    clueDensity: 0,
    inferenceDepth: 3,
    redundancyScore: 0,
    deductionDependencyScore: undefined,
    redundancyRatio: undefined,
    anchorDensity: undefined,
    directClueRatio: undefined
  }
}
[12:11:06.901] [33mWARN[39m (33908): [36mGeneration cache lookup failed; falling back to live generation[39m
    [35mpatternId[39m: "registry-equations-word-problems-medium"
    error: {
      "query": "select \"key\", \"pattern_id\", \"generation_domain\", \"generator_version\", \"motif_version\", \"topology_version\", \"request_fingerprint\", \"payload\", \"artifact_metadata\", \"created_at\", \"last_accessed_at\", \"hit_count\" from \"reasoning_scenario_cache\" where \"reasoning_scenario_cache\".\"key\" = $1 limit $2",
      "params": [
        "43330826e2a291ba136e99d250fff381a3d193a287b4c3b5725a5f873a5c6db1",
        1
      ],
      "cause": {
        "name": "PostgresError",
        "severity_local": "ERROR",
        "severity": "ERROR",
        "code": "42P01",
        "position": "214",
        "file": "parse_relation.c",
        "line": "1449",
        "routine": "parserOpenTable"
      }
    }
[12:11:07.597] [33mWARN[39m (33908): [36mGeneration cache store failed; continuing without cache persistence[39m
    [35mpatternId[39m: "registry-equations-word-problems-medium"
    error: {
      "query": "insert into \"reasoning_scenario_cache\" (\"key\", \"pattern_id\", \"generation_domain\", \"generator_version\", \"motif_version\", \"topology_version\", \"request_fingerprint\", \"payload\", \"artifact_metadata\", \"created_at\", \"last_accessed_at\", \"hit_count\") values ($1, $2, $3, $4, $5, $6, $7, $8, $9, default, default, default) on conflict (\"key\") do update set \"generator_version\" = $10, \"motif_version\" = $11, \"topology_version\" = $12, \"payload\" = $13, \"artifact_metadata\" = $14, \"last_accessed_at\" = $15",
      "params": [
        "43330826e2a291ba136e99d250fff381a3d193a287b4c3b5725a5f873a5c6db1",
        "registry-equations-word-problems-medium",
        "quant",
        "reasoning-generator-v1",
        "motif-registry-v1:0c8f36bf69daac9c66df2ca38db96f13ceb5c1d19474e057f148f552d99d71eb",
        "topology-contract-v1:409c496459b1fc1a7b1e335f0b47e27c83be21a95c5dd9d7ddf09476ffefd733",
        "b419c5985a46838519e9e12441d6e301fe325b55f8f7a733c0cf280e6cf6f1c6",
        "{\"generationContext\":{\"seed\":\"auto-seed:d9ea76b0-b8ee-439b-8583-3b8e2a77a966\",\"generationId\":\"gen_28caf1a3\",\"timestamp\":1778308866115},\"questions\":[{\"text\":\"Solve the equation $5x-7=2x+11$.\",\"options\":[\"$x=6$\",\"$x=-6$\",\"$x=3$\",\"$x=18$\"],\"correct\":0,\"explanation\":\"Move variable terms to one side: $5x-2x=11+7$.\\n$3x=18$, so $x=6$.\\nFinal answer = $x=6$.\",\"section\":\"Quant\",\"topic\":\"Equations: Word Problems\",\"subtopic\":\"equations\",\"optionMetadata\":[{\"value\":\"$x=6$\",\"isCorrect\":true,\"distractorType\":\"correct\",\"likelyMistake\":\"Correct equation path\",\"reasoningTrap\":\"None\"},{\"value\":\"$x=-6$\",\"isCorrect\":false,\"distractorType\":\"wrongIntermediateValue\",\"likelyMistake\":\"Sign_Flip_Vieta\",\"reasoningTrap\":\"Sign_Flip_Vieta\"},{\"value\":\"$x=3$\",\"isCorrect\":false,\"distractorType\":\"wrongIntermediateValue\",\"likelyMistake\":\"Substitution_Direction_Flip\",\"reasoningTrap\":\"Substitution_Direction_Flip\"},{\"value\":\"$x=18$\",\"isCorrect\":false,\"distractorType\":\"wrongIntermediateValue\",\"likelyMistake\":\"Integer_Constraint_Violation\",\"reasoningTrap\":\"Integer_Constraint_Violation\"}],\"examRealismMetadata\":{\"examProfile\":\"custom\",\"wordingStyle\":\"balanced\",\"archetypeId\":\"easy-one-step-arithmetic\",\"archetypeCategory\":\"one-step-arithmetic\",\"reasoningTraps\":[\"Sign_Flip_Vieta\",\"Substitution_Direction_Flip\",\"Integer_Constraint_Violation\"],\"weightingSummary\":[\"Archetype weight 1.00\",\"Trap bias 1.00\",\"Inference bias 1.00\",\"Distractor mix wrongIntermediateValue, wrongIntermediateValue, wrongIntermediateValue\"]},\"debugMetadata\":{\"selectedPattern\":\"registry-equations-word-problems-medium\",\"seed\":\"auto-seed:d9ea76b0-b8ee-439b-8583-3b8e2a77a966\",\"generationId\":\"gen_28caf1a3\",\"generationDomain\":\"quant\",\"selectedMotif\":\"eqn-lin-single\",\"selectedArchetype\":\"easy-one-step-arithmetic\",\"structuralSignatureKey\":\"eqn-lin-single::linear-balance::5|2|18\",\"scenarioLogicBranch\":\"linear-balance\",\"compatibilityWarnings\":[],\"generationMetrics\":{\"generationDurationMs\":0,\"validationRetries\":0,\"uniquenessFailures\":0,\"branchingFactor\":0,\"clueDensity\":0,\"inferenceDepth\":3,\"redundancyScore\":0},\"proceduralScenario\":{\"id\":\"quant:gen_28caf1a3:registry-equations-word-problems-medium\",\"domain\":\"quant\",\"subtype\":\"equations\",\"metadata\":{\"patternId\":\"registry-equations-word-problems-medium\",\"topic\":\"Equations: Word Problems\",\"subtopic\":\"equations\",\"generationDomain\":\"quant\",\"seed\":\"auto-seed:d9ea76b0-b8ee-439b-8583-3b8e2a77a966\"},\"entities\":[],\"constraints\":[{\"id\":\"quant-formula\",\"type\":\"formula\",\"operator\":\"EQUALS\",\"expression\":\"0\",\"metadata\":{\"variables\":[]}}],\"content\":{\"stem\":\"Solve the equation $5x-7=2x+11$.\",\"prompt\":\"Solve the equation $5x-7=2x+11$.\",\"options\":[\"$x=6$\",\"$x=-6$\",\"$x=3$\",\"$x=18$\"],\"explanation\":\"Move variable terms to one side: $5x-2x=11+7$.\\n$3x=18$, so $x=6$.\\nFinal answer = $x=6$.\",\"artifacts\":{}},\"difficulty\":{\"label\":\"Medium\",\"score\":4.3,\"inferenceDepth\":3,\"metrics\":{\"reasoningDepth\":3,\"dependencyComplexity\":3,\"estimatedSolveTime\":93,\"distractorCount\":3,\"calculationComplexity\":2,\"cognitiveLoadBase\":2.5,\"ambiguityScoreBase\":0}},\"validation\":{\"passed\":false,\"warnings\":[\"Scenario has no normalized entities.\"],\"metrics\":{\"clueCount\":0,\"inferenceDepth\":0,\"uniquenessVerified\":0,\"entityCount\":0,\"constraintCount\":1,\"hasPrompt\":1,\"warningCount\":0,\"difficultyScore\":4.3,\"reasoningDepth\":3,\"redundancyScore\":0,\"redundancyRatio\":0,\"hasFormula\":1}}},\"validationReportDetail\":{\"passed\":false,\"stageResults\":[{\"stage\":\"structural validity\",\"passed\":false,\"diagnostics\":[\"Scenario has no normalized entities.\"],\"metrics\":{\"entityCount\":0,\"constraintCount\":1,\"hasPrompt\":1}},{\"stage\":\"solvability\",\"passed\":true,\"diagnostics\":[],\"metrics\":{\"warningCount\":0}},{\"stage\":\"uniqueness\",\"passed\":true,\"diagnostics\":[],\"metrics\":{\"uniquenessVerified\":0}},{\"stage\":\"difficulty calibration\",\"passed\":true,\"diagnostics\":[],\"metrics\":{\"difficultyScore\":4.3,\"reasoningDepth\":3}},{\"stage\":\"redundancy analysis\",\"passed\":true,\"diagnostics\":[],\"metrics\":{\"redundancyScore\":0,\"redundancyRatio\":0}},{\"stage\":\"equation solvability\",\"passed\":true,\"diagnostics\":[],\"metrics\":{\"hasFormula\":1}}],\"warnings\":[\"Scenario has no normalized entities.\"],\"metrics\":{\"clueCount\":0,\"inferenceDepth\":0,\"uniquenessVerified\":0,\"entityCount\":0,\"constraintCount\":1,\"hasPrompt\":1,\"warningCount\":0,\"difficultyScore\":4.3,\"reasoningDepth\":3,\"redundancyScore\":0,\"redundancyRatio\":0,\"hasFormula\":1}},\"difficultyAssessment\":{\"difficultyLabel\":\"Medium\",\"difficultyScore\":4.3,\"cognitiveLoad\":2.23,\"inferenceDepth\":3,\"calculationComplexity\":2,\"distractorComplexity\":3,\"ambiguityScore\":1.05,\"solvingTimeEstimate\":93,\"domainContributions\":{\"operationCount\":2,\"visualComplexity\":0,\"inferenceComplexity\":3},\"metrics\":{\"reasoningDepth\":3,\"dependencyComplexity\":3,\"estimatedSolveTime\":93,\"distractorCount\":3,\"calculationComplexity\":2,\"cognitiveLoadBase\":2.5,\"ambiguityScoreBase\":0}},\"qualityAssessment\":{\"approved\":false,\"rejectionReasons\":[\"failed-validation\",\"low-realism-score\",\"weak-distractors\"],\"qualityMetrics\":{\"realismScore\":0,\"validationPassed\":0,\"structuralDiversityScore\":1,\"repeatedStructureWarnings\":0,\"directClueRatio\":0,\"difficultyConfidence\":10,\"distractorComplexity\":3,\"distractorTypeCount\":0,\"genericDistractorRatio\":1,\"hasStructuralSignature\":1}},\"extractedPatternIntelligence\":{\"domain\":\"quant\",\"structure\":{\"domain\":\"quant\",\"subtype\":\"equations\",\"entityCount\":0,\"constraintCount\":1,\"structureTokens\":[\"variables:\",\"constraint:formula\"],\"topology\":\"formula-network\",\"metadata\":{\"formula\":\"0\"}},\"difficulty\":{\"cognitiveLoad\":2.5,\"inferenceDepth\":3,\"calculationComplexity\":2,\"distractorComplexity\":3,\"ambiguityScore\":0,\"solvingTimeEstimate\":93,\"difficultyBand\":\"Medium\"},\"distractors\":[{\"type\":\"wrongIntermediateValue\",\"label\":\"wrongIntermediateValue\",\"trapType\":\"wrongIntermediateValue\",\"frequency\":3}],\"motifs\":[{\"motifId\":\"eqn-lin-single\",\"domain\":\"quant\",\"archetype\":\"general\",\"confidence\":0.95,\"metadata\":{\"generated\":\"selectedMotif\"}}]},\"structuralSignature\":{\"domain\":\"quant\",\"topologyHash\":\"sig_604ec201\",\"inferenceHash\":\"sig_e06badb\",\"motifHash\":\"sig_122e7aa5\",\"distractorHash\":\"sig_4306d95f\"},\"corpusAlignment\":{\"score\":8.43,\"deviations\":[{\"metric\":\"topology-frequency\",\"actual\":\"formula-network\",\"expected\":\"higher-frequency corpus topology\",\"message\":\"Topology is less common than the target corpus profile.\"},{\"metric\":\"distractor-pattern\",\"actual\":\"wrongIntermediateValue\",\"expected\":\"higher-frequency corpus distractor families\",\"message\":\"Distractor distribution is weaker or less corpus-like than expected.\"}],\"matchedPatterns\":[\"Clue density aligns with extracted PYQ corpus ranges.\",\"Inference depth tracks the target corpus difficulty curve.\",\"Wording complexity resembles the PYQ corpus style.\",\"Formula/calculation complexity aligns with corpus behavior.\"]},\"originalityScore\":{\"score\":7.73,\"penalties\":[\"Distractor ordering looks mechanically repeated.\",\"Wording normalization indicates a repeated surface template pattern.\"],\"diagnostics\":[\"PYQ-derived intelligence is treated as calibration guidance only, not as a template source.\",\"Clue topology penalty 0, formula repetition penalty 0, distractor ordering penalty 0.667.\",\"Corpus alignment pressure 0.128 while preserving topic weighting and realism guidance only.\"]},\"difficultyConfidence\":{\"predictedDifficulty\":\"Medium\",\"confidence\":9.09,\"explanation\":\"Intended difficulty Medium (4.3), predicted Medium (3.2). Signals used: solving complexity 2.2, elimination depth 0, branching 0, distractor quality 3. Human-solver simulation combined inference depth 3 with solver trace support 0 and branching factor 0.\"}},\"reasoningSteps\":[\"balance linear terms: Start from the direct relation highlighted in the motif.\",\"direct: Move variable terms to one side: $5x-2x=11+7$.\",\"direct: $3x=18$, so $x=6$.\"],\"dependencyComplexity\":3,\"operationChain\":[\"transform\",\"compare\"],\"difficulty\":\"Medium\",\"difficultyScore\":4.3,\"difficultyLabel\":\"Medium\",\"difficultyMetadata\":{\"difficultyScore\":4.3,\"difficultyLabel\":\"Medium\",\"estimatedSolveTime\":93,\"operationCount\":2,\"reasoningDepth\":3,\"reasoningSteps\":[\"balance linear terms: Start from the direct relation highlighted in the motif.\",\"direct: Move variable terms to one side: $5x-2x=11+7$.\",\"direct: $3x=18$, so $x=6$.\"],\"dependencyComplexity\":3,\"operationChain\":[\"transform\",\"compare\"],\"usesPercentage\":false,\"usesRatio\":false,\"usesComparison\":false,\"visualComplexity\":0,\"inferenceComplexity\":3},\"generationMetrics\":{\"generationDurationMs\":0,\"validationRetries\":0,\"uniquenessFailures\":0,\"branchingFactor\":0,\"clueDensity\":0,\"inferenceDepth\":3,\"redundancyScore\":0}}]}",
        "{\"cachedQuestionCount\":1,\"selectedMotifs\":[\"eqn-lin-single\"],\"hasSolverTraces\":false,\"hasSvgSnapshots\":false,\"hasExplanationFlow\":false}",
        "reasoning-generator-v1",
        "motif-registry-v1:0c8f36bf69daac9c66df2ca38db96f13ceb5c1d19474e057f148f552d99d71eb",
        "topology-contract-v1:409c496459b1fc1a7b1e335f0b47e27c83be21a95c5dd9d7ddf09476ffefd733",
        "{\"generationContext\":{\"seed\":\"auto-seed:d9ea76b0-b8ee-439b-8583-3b8e2a77a966\",\"generationId\":\"gen_28caf1a3\",\"timestamp\":1778308866115},\"questions\":[{\"text\":\"Solve the equation $5x-7=2x+11$.\",\"options\":[\"$x=6$\",\"$x=-6$\",\"$x=3$\",\"$x=18$\"],\"correct\":0,\"explanation\":\"Move variable terms to one side: $5x-2x=11+7$.\\n$3x=18$, so $x=6$.\\nFinal answer = $x=6$.\",\"section\":\"Quant\",\"topic\":\"Equations: Word Problems\",\"subtopic\":\"equations\",\"optionMetadata\":[{\"value\":\"$x=6$\",\"isCorrect\":true,\"distractorType\":\"correct\",\"likelyMistake\":\"Correct equation path\",\"reasoningTrap\":\"None\"},{\"value\":\"$x=-6$\",\"isCorrect\":false,\"distractorType\":\"wrongIntermediateValue\",\"likelyMistake\":\"Sign_Flip_Vieta\",\"reasoningTrap\":\"Sign_Flip_Vieta\"},{\"value\":\"$x=3$\",\"isCorrect\":false,\"distractorType\":\"wrongIntermediateValue\",\"likelyMistake\":\"Substitution_Direction_Flip\",\"reasoningTrap\":\"Substitution_Direction_Flip\"},{\"value\":\"$x=18$\",\"isCorrect\":false,\"distractorType\":\"wrongIntermediateValue\",\"likelyMistake\":\"Integer_Constraint_Violation\",\"reasoningTrap\":\"Integer_Constraint_Violation\"}],\"examRealismMetadata\":{\"examProfile\":\"custom\",\"wordingStyle\":\"balanced\",\"archetypeId\":\"easy-one-step-arithmetic\",\"archetypeCategory\":\"one-step-arithmetic\",\"reasoningTraps\":[\"Sign_Flip_Vieta\",\"Substitution_Direction_Flip\",\"Integer_Constraint_Violation\"],\"weightingSummary\":[\"Archetype weight 1.00\",\"Trap bias 1.00\",\"Inference bias 1.00\",\"Distractor mix wrongIntermediateValue, wrongIntermediateValue, wrongIntermediateValue\"]},\"debugMetadata\":{\"selectedPattern\":\"registry-equations-word-problems-medium\",\"seed\":\"auto-seed:d9ea76b0-b8ee-439b-8583-3b8e2a77a966\",\"generationId\":\"gen_28caf1a3\",\"generationDomain\":\"quant\",\"selectedMotif\":\"eqn-lin-single\",\"selectedArchetype\":\"easy-one-step-arithmetic\",\"structuralSignatureKey\":\"eqn-lin-single::linear-balance::5|2|18\",\"scenarioLogicBranch\":\"linear-balance\",\"compatibilityWarnings\":[],\"generationMetrics\":{\"generationDurationMs\":0,\"validationRetries\":0,\"uniquenessFailures\":0,\"branchingFactor\":0,\"clueDensity\":0,\"inferenceDepth\":3,\"redundancyScore\":0},\"proceduralScenario\":{\"id\":\"quant:gen_28caf1a3:registry-equations-word-problems-medium\",\"domain\":\"quant\",\"subtype\":\"equations\",\"metadata\":{\"patternId\":\"registry-equations-word-problems-medium\",\"topic\":\"Equations: Word Problems\",\"subtopic\":\"equations\",\"generationDomain\":\"quant\",\"seed\":\"auto-seed:d9ea76b0-b8ee-439b-8583-3b8e2a77a966\"},\"entities\":[],\"constraints\":[{\"id\":\"quant-formula\",\"type\":\"formula\",\"operator\":\"EQUALS\",\"expression\":\"0\",\"metadata\":{\"variables\":[]}}],\"content\":{\"stem\":\"Solve the equation $5x-7=2x+11$.\",\"prompt\":\"Solve the equation $5x-7=2x+11$.\",\"options\":[\"$x=6$\",\"$x=-6$\",\"$x=3$\",\"$x=18$\"],\"explanation\":\"Move variable terms to one side: $5x-2x=11+7$.\\n$3x=18$, so $x=6$.\\nFinal answer = $x=6$.\",\"artifacts\":{}},\"difficulty\":{\"label\":\"Medium\",\"score\":4.3,\"inferenceDepth\":3,\"metrics\":{\"reasoningDepth\":3,\"dependencyComplexity\":3,\"estimatedSolveTime\":93,\"distractorCount\":3,\"calculationComplexity\":2,\"cognitiveLoadBase\":2.5,\"ambiguityScoreBase\":0}},\"validation\":{\"passed\":false,\"warnings\":[\"Scenario has no normalized entities.\"],\"metrics\":{\"clueCount\":0,\"inferenceDepth\":0,\"uniquenessVerified\":0,\"entityCount\":0,\"constraintCount\":1,\"hasPrompt\":1,\"warningCount\":0,\"difficultyScore\":4.3,\"reasoningDepth\":3,\"redundancyScore\":0,\"redundancyRatio\":0,\"hasFormula\":1}}},\"validationReportDetail\":{\"passed\":false,\"stageResults\":[{\"stage\":\"structural validity\",\"passed\":false,\"diagnostics\":[\"Scenario has no normalized entities.\"],\"metrics\":{\"entityCount\":0,\"constraintCount\":1,\"hasPrompt\":1}},{\"stage\":\"solvability\",\"passed\":true,\"diagnostics\":[],\"metrics\":{\"warningCount\":0}},{\"stage\":\"uniqueness\",\"passed\":true,\"diagnostics\":[],\"metrics\":{\"uniquenessVerified\":0}},{\"stage\":\"difficulty calibration\",\"passed\":true,\"diagnostics\":[],\"metrics\":{\"difficultyScore\":4.3,\"reasoningDepth\":3}},{\"stage\":\"redundancy analysis\",\"passed\":true,\"diagnostics\":[],\"metrics\":{\"redundancyScore\":0,\"redundancyRatio\":0}},{\"stage\":\"equation solvability\",\"passed\":true,\"diagnostics\":[],\"metrics\":{\"hasFormula\":1}}],\"warnings\":[\"Scenario has no normalized entities.\"],\"metrics\":{\"clueCount\":0,\"inferenceDepth\":0,\"uniquenessVerified\":0,\"entityCount\":0,\"constraintCount\":1,\"hasPrompt\":1,\"warningCount\":0,\"difficultyScore\":4.3,\"reasoningDepth\":3,\"redundancyScore\":0,\"redundancyRatio\":0,\"hasFormula\":1}},\"difficultyAssessment\":{\"difficultyLabel\":\"Medium\",\"difficultyScore\":4.3,\"cognitiveLoad\":2.23,\"inferenceDepth\":3,\"calculationComplexity\":2,\"distractorComplexity\":3,\"ambiguityScore\":1.05,\"solvingTimeEstimate\":93,\"domainContributions\":{\"operationCount\":2,\"visualComplexity\":0,\"inferenceComplexity\":3},\"metrics\":{\"reasoningDepth\":3,\"dependencyComplexity\":3,\"estimatedSolveTime\":93,\"distractorCount\":3,\"calculationComplexity\":2,\"cognitiveLoadBase\":2.5,\"ambiguityScoreBase\":0}},\"qualityAssessment\":{\"approved\":false,\"rejectionReasons\":[\"failed-validation\",\"low-realism-score\",\"weak-distractors\"],\"qualityMetrics\":{\"realismScore\":0,\"validationPassed\":0,\"structuralDiversityScore\":1,\"repeatedStructureWarnings\":0,\"directClueRatio\":0,\"difficultyConfidence\":10,\"distractorComplexity\":3,\"distractorTypeCount\":0,\"genericDistractorRatio\":1,\"hasStructuralSignature\":1}},\"extractedPatternIntelligence\":{\"domain\":\"quant\",\"structure\":{\"domain\":\"quant\",\"subtype\":\"equations\",\"entityCount\":0,\"constraintCount\":1,\"structureTokens\":[\"variables:\",\"constraint:formula\"],\"topology\":\"formula-network\",\"metadata\":{\"formula\":\"0\"}},\"difficulty\":{\"cognitiveLoad\":2.5,\"inferenceDepth\":3,\"calculationComplexity\":2,\"distractorComplexity\":3,\"ambiguityScore\":0,\"solvingTimeEstimate\":93,\"difficultyBand\":\"Medium\"},\"distractors\":[{\"type\":\"wrongIntermediateValue\",\"label\":\"wrongIntermediateValue\",\"trapType\":\"wrongIntermediateValue\",\"frequency\":3}],\"motifs\":[{\"motifId\":\"eqn-lin-single\",\"domain\":\"quant\",\"archetype\":\"general\",\"confidence\":0.95,\"metadata\":{\"generated\":\"selectedMotif\"}}]},\"structuralSignature\":{\"domain\":\"quant\",\"topologyHash\":\"sig_604ec201\",\"inferenceHash\":\"sig_e06badb\",\"motifHash\":\"sig_122e7aa5\",\"distractorHash\":\"sig_4306d95f\"},\"corpusAlignment\":{\"score\":8.43,\"deviations\":[{\"metric\":\"topology-frequency\",\"actual\":\"formula-network\",\"expected\":\"higher-frequency corpus topology\",\"message\":\"Topology is less common than the target corpus profile.\"},{\"metric\":\"distractor-pattern\",\"actual\":\"wrongIntermediateValue\",\"expected\":\"higher-frequency corpus distractor families\",\"message\":\"Distractor distribution is weaker or less corpus-like than expected.\"}],\"matchedPatterns\":[\"Clue density aligns with extracted PYQ corpus ranges.\",\"Inference depth tracks the target corpus difficulty curve.\",\"Wording complexity resembles the PYQ corpus style.\",\"Formula/calculation complexity aligns with corpus behavior.\"]},\"originalityScore\":{\"score\":7.73,\"penalties\":[\"Distractor ordering looks mechanically repeated.\",\"Wording normalization indicates a repeated surface template pattern.\"],\"diagnostics\":[\"PYQ-derived intelligence is treated as calibration guidance only, not as a template source.\",\"Clue topology penalty 0, formula repetition penalty 0, distractor ordering penalty 0.667.\",\"Corpus alignment pressure 0.128 while preserving topic weighting and realism guidance only.\"]},\"difficultyConfidence\":{\"predictedDifficulty\":\"Medium\",\"confidence\":9.09,\"explanation\":\"Intended difficulty Medium (4.3), predicted Medium (3.2). Signals used: solving complexity 2.2, elimination depth 0, branching 0, distractor quality 3. Human-solver simulation combined inference depth 3 with solver trace support 0 and branching factor 0.\"}},\"reasoningSteps\":[\"balance linear terms: Start from the direct relation highlighted in the motif.\",\"direct: Move variable terms to one side: $5x-2x=11+7$.\",\"direct: $3x=18$, so $x=6$.\"],\"dependencyComplexity\":3,\"operationChain\":[\"transform\",\"compare\"],\"difficulty\":\"Medium\",\"difficultyScore\":4.3,\"difficultyLabel\":\"Medium\",\"difficultyMetadata\":{\"difficultyScore\":4.3,\"difficultyLabel\":\"Medium\",\"estimatedSolveTime\":93,\"operationCount\":2,\"reasoningDepth\":3,\"reasoningSteps\":[\"balance linear terms: Start from the direct relation highlighted in the motif.\",\"direct: Move variable terms to one side: $5x-2x=11+7$.\",\"direct: $3x=18$, so $x=6$.\"],\"dependencyComplexity\":3,\"operationChain\":[\"transform\",\"compare\"],\"usesPercentage\":false,\"usesRatio\":false,\"usesComparison\":false,\"visualComplexity\":0,\"inferenceComplexity\":3},\"generationMetrics\":{\"generationDurationMs\":0,\"validationRetries\":0,\"uniquenessFailures\":0,\"branchingFactor\":0,\"clueDensity\":0,\"inferenceDepth\":3,\"redundancyScore\":0}}]}",
        "{\"cachedQuestionCount\":1,\"selectedMotifs\":[\"eqn-lin-single\"],\"hasSolverTraces\":false,\"hasSvgSnapshots\":false,\"hasExplanationFlow\":false}",
        "2026-05-09T06:41:06.902Z"
      ],
      "cause": {
        "name": "PostgresError",
        "severity_local": "ERROR",
        "severity": "ERROR",
        "code": "42P01",
        "position": "13",
        "file": "parse_relation.c",
        "line": "1449",
        "routine": "parserOpenTable"
      }
    }
[12:11:07.598] [32mINFO[39m (33908): [36mrequest completed[39m
    [35mreq[39m: {
      "id": 38,
      "method": "POST",
      "url": "/api/generator/pattern"
    }
    [35mres[39m: {
      "statusCode": 200
    }
    [35mresponseTime[39m: 1484
[12:20:03.199] [32mINFO[39m (33908): [36mrequest completed[39m
    [35mreq[39m: {
      "id": 39,
      "method": "GET",
      "url": "/health"
    }
    [35mres[39m: {
      "statusCode": 200
    }
    [35mresponseTime[39m: 0
Generation metrics {
  patternId: 'registry-equations-medium',
  topic: 'Equations',
  subtopic: 'equations',
  generationId: 'gen_bf2ea2b7',
  generationDomain: 'quant',
  selectedMotif: 'eqn-lin-simultaneous',
  difficultyLabel: 'Medium',
  metrics: {
    generationDurationMs: 1,
    validationRetries: 0,
    uniquenessFailures: 0,
    branchingFactor: 0,
    branchingComplexity: undefined,
    clueDensity: 0,
    inferenceDepth: 4,
    redundancyScore: 0,
    deductionDependencyScore: undefined,
    redundancyRatio: undefined,
    anchorDensity: undefined,
    directClueRatio: undefined
  }
}
[12:20:07.971] [33mWARN[39m (33908): [36mGeneration cache lookup failed; falling back to live generation[39m
    [35mpatternId[39m: "registry-equations-medium"
    error: {
      "query": "select \"key\", \"pattern_id\", \"generation_domain\", \"generator_version\", \"motif_version\", \"topology_version\", \"request_fingerprint\", \"payload\", \"artifact_metadata\", \"created_at\", \"last_accessed_at\", \"hit_count\" from \"reasoning_scenario_cache\" where \"reasoning_scenario_cache\".\"key\" = $1 limit $2",
      "params": [
        "a94216bd98a9a0a57ece11ee8e81e97d061c2f70214c0d8b845a4449054b50ee",
        1
      ],
      "cause": {
        "name": "PostgresError",
        "severity_local": "ERROR",
        "severity": "ERROR",
        "code": "42P01",
        "position": "214",
        "file": "parse_relation.c",
        "line": "1449",
        "routine": "parserOpenTable"
      }
    }
[12:20:08.640] [33mWARN[39m (33908): [36mGeneration cache store failed; continuing without cache persistence[39m
    [35mpatternId[39m: "registry-equations-medium"
    error: {
      "query": "insert into \"reasoning_scenario_cache\" (\"key\", \"pattern_id\", \"generation_domain\", \"generator_version\", \"motif_version\", \"topology_version\", \"request_fingerprint\", \"payload\", \"artifact_metadata\", \"created_at\", \"last_accessed_at\", \"hit_count\") values ($1, $2, $3, $4, $5, $6, $7, $8, $9, default, default, default) on conflict (\"key\") do update set \"generator_version\" = $10, \"motif_version\" = $11, \"topology_version\" = $12, \"payload\" = $13, \"artifact_metadata\" = $14, \"last_accessed_at\" = $15",
      "params": [
        "a94216bd98a9a0a57ece11ee8e81e97d061c2f70214c0d8b845a4449054b50ee",
        "registry-equations-medium",
        "quant",
        "reasoning-generator-v1",
        "motif-registry-v1:8ebc81d7f6c507c8c62870de5ee820ead68a5ec672a3d303c0e93cd75ea79fa8",
        "topology-contract-v1:409c496459b1fc1a7b1e335f0b47e27c83be21a95c5dd9d7ddf09476ffefd733",
        "e964423f4ebbd7b0d8d6bef50543fe90b3710a4bd6663d2ce6d0d4fab99f9c14",
        "{\"generationContext\":{\"seed\":\"auto-seed:29f6e81a-1162-4e08-8867-1535ac9698ef\",\"generationId\":\"gen_bf2ea2b7\",\"timestamp\":1778309403357},\"questions\":[{\"text\":\"Solve the system $\\\\begin{cases}2x+y=11\\\\\\\\x-y=1\\\\end{cases}$. Find $x+y$.\",\"options\":[\"$7$\",\"$4$\",\"$3$\",\"$8$\"],\"correct\":0,\"explanation\":\"Add the equations: $(2x+y)+(x-y)=11+1$.\\n$3x=12$, so $x=4$. Then $4-y=1$, so $y=3$.\\nTherefore $x+y=4+3=7$.\\nFinal answer = $7$.\",\"section\":\"Quant\",\"topic\":\"Equations\",\"subtopic\":\"equations\",\"optionMetadata\":[{\"value\":\"$7$\",\"isCorrect\":true,\"distractorType\":\"correct\",\"likelyMistake\":\"Correct equation path\",\"reasoningTrap\":\"None\"},{\"value\":\"$4$\",\"isCorrect\":false,\"distractorType\":\"wrongIntermediateValue\",\"likelyMistake\":\"Substitution_Direction_Flip\",\"reasoningTrap\":\"Substitution_Direction_Flip\"},{\"value\":\"$3$\",\"isCorrect\":false,\"distractorType\":\"wrongIntermediateValue\",\"likelyMistake\":\"Integer_Constraint_Violation\",\"reasoningTrap\":\"Integer_Constraint_Violation\"},{\"value\":\"$8$\",\"isCorrect\":false,\"distractorType\":\"wrongIntermediateValue\",\"likelyMistake\":\"Sign_Flip_Vieta\",\"reasoningTrap\":\"Sign_Flip_Vieta\"}],\"examRealismMetadata\":{\"examProfile\":\"custom\",\"wordingStyle\":\"balanced\",\"archetypeId\":\"medium-comparison-chain\",\"archetypeCategory\":\"comparison-chain\",\"reasoningTraps\":[\"Substitution_Direction_Flip\",\"Integer_Constraint_Violation\",\"Sign_Flip_Vieta\"],\"weightingSummary\":[\"Archetype weight 1.00\",\"Trap bias 1.00\",\"Inference bias 1.00\",\"Distractor mix wrongIntermediateValue, wrongIntermediateValue, wrongIntermediateValue\"]},\"debugMetadata\":{\"selectedPattern\":\"registry-equations-medium\",\"seed\":\"auto-seed:29f6e81a-1162-4e08-8867-1535ac9698ef\",\"generationId\":\"gen_bf2ea2b7\",\"generationDomain\":\"quant\",\"selectedMotif\":\"eqn-lin-simultaneous\",\"selectedArchetype\":\"medium-comparison-chain\",\"structuralSignatureKey\":\"eqn-lin-simultaneous::elimination-two-variable::4|3\",\"scenarioLogicBranch\":\"elimination-two-variable\",\"compatibilityWarnings\":[],\"generationMetrics\":{\"generationDurationMs\":1,\"validationRetries\":0,\"uniquenessFailures\":0,\"branchingFactor\":0,\"clueDensity\":0,\"inferenceDepth\":4,\"redundancyScore\":0},\"proceduralScenario\":{\"id\":\"quant:gen_bf2ea2b7:registry-equations-medium\",\"domain\":\"quant\",\"subtype\":\"equations\",\"metadata\":{\"patternId\":\"registry-equations-medium\",\"topic\":\"Equations\",\"subtopic\":\"equations\",\"generationDomain\":\"quant\",\"seed\":\"auto-seed:29f6e81a-1162-4e08-8867-1535ac9698ef\"},\"entities\":[],\"constraints\":[{\"id\":\"quant-formula\",\"type\":\"formula\",\"operator\":\"EQUALS\",\"expression\":\"0\",\"metadata\":{\"variables\":[]}}],\"content\":{\"stem\":\"Solve the system $\\\\begin{cases}2x+y=11\\\\\\\\x-y=1\\\\end{cases}$. Find $x+y$.\",\"prompt\":\"Solve the system $\\\\begin{cases}2x+y=11\\\\\\\\x-y=1\\\\end{cases}$. Find $x+y$.\",\"options\":[\"$7$\",\"$4$\",\"$3$\",\"$8$\"],\"explanation\":\"Add the equations: $(2x+y)+(x-y)=11+1$.\\n$3x=12$, so $x=4$. Then $4-y=1$, so $y=3$.\\nTherefore $x+y=4+3=7$.\\nFinal answer = $7$.\",\"artifacts\":{}},\"difficulty\":{\"label\":\"Medium\",\"score\":5.3,\"inferenceDepth\":4,\"metrics\":{\"reasoningDepth\":4,\"dependencyComplexity\":4,\"estimatedSolveTime\":111,\"distractorCount\":3,\"calculationComplexity\":3,\"cognitiveLoadBase\":3.3,\"ambiguityScoreBase\":0}},\"validation\":{\"passed\":false,\"warnings\":[\"Scenario has no normalized entities.\"],\"metrics\":{\"clueCount\":0,\"inferenceDepth\":0,\"uniquenessVerified\":0,\"entityCount\":0,\"constraintCount\":1,\"hasPrompt\":1,\"warningCount\":0,\"difficultyScore\":5.3,\"reasoningDepth\":4,\"redundancyScore\":0,\"redundancyRatio\":0,\"hasFormula\":1}}},\"validationReportDetail\":{\"passed\":false,\"stageResults\":[{\"stage\":\"structural validity\",\"passed\":false,\"diagnostics\":[\"Scenario has no normalized entities.\"],\"metrics\":{\"entityCount\":0,\"constraintCount\":1,\"hasPrompt\":1}},{\"stage\":\"solvability\",\"passed\":true,\"diagnostics\":[],\"metrics\":{\"warningCount\":0}},{\"stage\":\"uniqueness\",\"passed\":true,\"diagnostics\":[],\"metrics\":{\"uniquenessVerified\":0}},{\"stage\":\"difficulty calibration\",\"passed\":true,\"diagnostics\":[],\"metrics\":{\"difficultyScore\":5.3,\"reasoningDepth\":4}},{\"stage\":\"redundancy analysis\",\"passed\":true,\"diagnostics\":[],\"metrics\":{\"redundancyScore\":0,\"redundancyRatio\":0}},{\"stage\":\"equation solvability\",\"passed\":true,\"diagnostics\":[],\"metrics\":{\"hasFormula\":1}}],\"warnings\":[\"Scenario has no normalized entities.\"],\"metrics\":{\"clueCount\":0,\"inferenceDepth\":0,\"uniquenessVerified\":0,\"entityCount\":0,\"constraintCount\":1,\"hasPrompt\":1,\"warningCount\":0,\"difficultyScore\":5.3,\"reasoningDepth\":4,\"redundancyScore\":0,\"redundancyRatio\":0,\"hasFormula\":1}},\"difficultyAssessment\":{\"difficultyLabel\":\"Medium\",\"difficultyScore\":5.3,\"cognitiveLoad\":2.89,\"inferenceDepth\":4,\"calculationComplexity\":3,\"distractorComplexity\":3,\"ambiguityScore\":1.05,\"solvingTimeEstimate\":111,\"domainContributions\":{\"operationCount\":3,\"visualComplexity\":0,\"inferenceComplexity\":4},\"metrics\":{\"reasoningDepth\":4,\"dependencyComplexity\":4,\"estimatedSolveTime\":111,\"distractorCount\":3,\"calculationComplexity\":3,\"cognitiveLoadBase\":3.3,\"ambiguityScoreBase\":0}},\"qualityAssessment\":{\"approved\":false,\"rejectionReasons\":[\"failed-validation\",\"low-realism-score\",\"weak-distractors\"],\"qualityMetrics\":{\"realismScore\":0,\"validationPassed\":0,\"structuralDiversityScore\":1,\"repeatedStructureWarnings\":0,\"directClueRatio\":0,\"difficultyConfidence\":10,\"distractorComplexity\":3,\"distractorTypeCount\":0,\"genericDistractorRatio\":1,\"hasStructuralSignature\":1}},\"extractedPatternIntelligence\":{\"domain\":\"quant\",\"structure\":{\"domain\":\"quant\",\"subtype\":\"equations\",\"entityCount\":0,\"constraintCount\":1,\"structureTokens\":[\"variables:\",\"constraint:formula\"],\"topology\":\"formula-network\",\"metadata\":{\"formula\":\"0\"}},\"difficulty\":{\"cognitiveLoad\":3.3,\"inferenceDepth\":4,\"calculationComplexity\":3,\"distractorComplexity\":3,\"ambiguityScore\":0,\"solvingTimeEstimate\":111,\"difficultyBand\":\"Medium\"},\"distractors\":[{\"type\":\"wrongIntermediateValue\",\"label\":\"wrongIntermediateValue\",\"trapType\":\"wrongIntermediateValue\",\"frequency\":3}],\"motifs\":[{\"motifId\":\"eqn-lin-simultaneous\",\"domain\":\"quant\",\"archetype\":\"general\",\"confidence\":0.95,\"metadata\":{\"generated\":\"selectedMotif\"}}]},\"structuralSignature\":{\"domain\":\"quant\",\"topologyHash\":\"sig_604ec201\",\"inferenceHash\":\"sig_6484bed\",\"motifHash\":\"sig_c9b7d000\",\"distractorHash\":\"sig_4306d95f\"},\"corpusAlignment\":{\"score\":8.43,\"deviations\":[{\"metric\":\"topology-frequency\",\"actual\":\"formula-network\",\"expected\":\"higher-frequency corpus topology\",\"message\":\"Topology is less common than the target corpus profile.\"},{\"metric\":\"distractor-pattern\",\"actual\":\"wrongIntermediateValue\",\"expected\":\"higher-frequency corpus distractor families\",\"message\":\"Distractor distribution is weaker or less corpus-like than expected.\"}],\"matchedPatterns\":[\"Clue density aligns with extracted PYQ corpus ranges.\",\"Inference depth tracks the target corpus difficulty curve.\",\"Wording complexity resembles the PYQ corpus style.\",\"Formula/calculation complexity aligns with corpus behavior.\"]},\"originalityScore\":{\"score\":7.68,\"penalties\":[\"Distractor ordering looks mechanically repeated.\",\"Wording normalization indicates a repeated surface template pattern.\"],\"diagnostics\":[\"PYQ-derived intelligence is treated as calibration guidance only, not as a template source.\",\"Clue topology penalty 0, formula repetition penalty 0, distractor ordering penalty 0.667.\",\"Corpus alignment pressure 0.128 while preserving topic weighting and realism guidance only.\"]},\"difficultyConfidence\":{\"predictedDifficulty\":\"Medium\",\"confidence\":8.68,\"explanation\":\"Intended difficulty Medium (5.3), predicted Medium (3.9). Signals used: solving complexity 2.9, elimination depth 0, branching 0, distractor quality 3. Human-solver simulation combined inference depth 4 with solver trace support 0 and branching factor 0.\"}},\"reasoningSteps\":[\"elimination: Start from the direct relation highlighted in the motif.\",\"multi-step: Add the equations: $(2x+y)+(x-y)=11+1$.\",\"direct: $3x=12$, so $x=4$. Then $4-y=1$, so $y=3$.\",\"direct: Therefore $x+y=4+3=7$.\"],\"dependencyComplexity\":4,\"operationChain\":[\"compare\",\"transform\",\"compare\"],\"difficulty\":\"Medium\",\"difficultyScore\":5.3,\"difficultyLabel\":\"Medium\",\"difficultyMetadata\":{\"difficultyScore\":5.3,\"difficultyLabel\":\"Medium\",\"estimatedSolveTime\":111,\"operationCount\":3,\"reasoningDepth\":4,\"reasoningSteps\":[\"elimination: Start from the direct relation highlighted in the motif.\",\"multi-step: Add the equations: $(2x+y)+(x-y)=11+1$.\",\"direct: $3x=12$, so $x=4$. Then $4-y=1$, so $y=3$.\",\"direct: Therefore $x+y=4+3=7$.\"],\"dependencyComplexity\":4,\"operationChain\":[\"compare\",\"transform\",\"compare\"],\"usesPercentage\":false,\"usesRatio\":false,\"usesComparison\":false,\"visualComplexity\":0,\"inferenceComplexity\":4},\"generationMetrics\":{\"generationDurationMs\":1,\"validationRetries\":0,\"uniquenessFailures\":0,\"branchingFactor\":0,\"clueDensity\":0,\"inferenceDepth\":4,\"redundancyScore\":0}}]}",
        "{\"cachedQuestionCount\":1,\"selectedMotifs\":[\"eqn-lin-simultaneous\"],\"hasSolverTraces\":false,\"hasSvgSnapshots\":false,\"hasExplanationFlow\":false}",
        "reasoning-generator-v1",
        "motif-registry-v1:8ebc81d7f6c507c8c62870de5ee820ead68a5ec672a3d303c0e93cd75ea79fa8",
        "topology-contract-v1:409c496459b1fc1a7b1e335f0b47e27c83be21a95c5dd9d7ddf09476ffefd733",
        "{\"generationContext\":{\"seed\":\"auto-seed:29f6e81a-1162-4e08-8867-1535ac9698ef\",\"generationId\":\"gen_bf2ea2b7\",\"timestamp\":1778309403357},\"questions\":[{\"text\":\"Solve the system $\\\\begin{cases}2x+y=11\\\\\\\\x-y=1\\\\end{cases}$. Find $x+y$.\",\"options\":[\"$7$\",\"$4$\",\"$3$\",\"$8$\"],\"correct\":0,\"explanation\":\"Add the equations: $(2x+y)+(x-y)=11+1$.\\n$3x=12$, so $x=4$. Then $4-y=1$, so $y=3$.\\nTherefore $x+y=4+3=7$.\\nFinal answer = $7$.\",\"section\":\"Quant\",\"topic\":\"Equations\",\"subtopic\":\"equations\",\"optionMetadata\":[{\"value\":\"$7$\",\"isCorrect\":true,\"distractorType\":\"correct\",\"likelyMistake\":\"Correct equation path\",\"reasoningTrap\":\"None\"},{\"value\":\"$4$\",\"isCorrect\":false,\"distractorType\":\"wrongIntermediateValue\",\"likelyMistake\":\"Substitution_Direction_Flip\",\"reasoningTrap\":\"Substitution_Direction_Flip\"},{\"value\":\"$3$\",\"isCorrect\":false,\"distractorType\":\"wrongIntermediateValue\",\"likelyMistake\":\"Integer_Constraint_Violation\",\"reasoningTrap\":\"Integer_Constraint_Violation\"},{\"value\":\"$8$\",\"isCorrect\":false,\"distractorType\":\"wrongIntermediateValue\",\"likelyMistake\":\"Sign_Flip_Vieta\",\"reasoningTrap\":\"Sign_Flip_Vieta\"}],\"examRealismMetadata\":{\"examProfile\":\"custom\",\"wordingStyle\":\"balanced\",\"archetypeId\":\"medium-comparison-chain\",\"archetypeCategory\":\"comparison-chain\",\"reasoningTraps\":[\"Substitution_Direction_Flip\",\"Integer_Constraint_Violation\",\"Sign_Flip_Vieta\"],\"weightingSummary\":[\"Archetype weight 1.00\",\"Trap bias 1.00\",\"Inference bias 1.00\",\"Distractor mix wrongIntermediateValue, wrongIntermediateValue, wrongIntermediateValue\"]},\"debugMetadata\":{\"selectedPattern\":\"registry-equations-medium\",\"seed\":\"auto-seed:29f6e81a-1162-4e08-8867-1535ac9698ef\",\"generationId\":\"gen_bf2ea2b7\",\"generationDomain\":\"quant\",\"selectedMotif\":\"eqn-lin-simultaneous\",\"selectedArchetype\":\"medium-comparison-chain\",\"structuralSignatureKey\":\"eqn-lin-simultaneous::elimination-two-variable::4|3\",\"scenarioLogicBranch\":\"elimination-two-variable\",\"compatibilityWarnings\":[],\"generationMetrics\":{\"generationDurationMs\":1,\"validationRetries\":0,\"uniquenessFailures\":0,\"branchingFactor\":0,\"clueDensity\":0,\"inferenceDepth\":4,\"redundancyScore\":0},\"proceduralScenario\":{\"id\":\"quant:gen_bf2ea2b7:registry-equations-medium\",\"domain\":\"quant\",\"subtype\":\"equations\",\"metadata\":{\"patternId\":\"registry-equations-medium\",\"topic\":\"Equations\",\"subtopic\":\"equations\",\"generationDomain\":\"quant\",\"seed\":\"auto-seed:29f6e81a-1162-4e08-8867-1535ac9698ef\"},\"entities\":[],\"constraints\":[{\"id\":\"quant-formula\",\"type\":\"formula\",\"operator\":\"EQUALS\",\"expression\":\"0\",\"metadata\":{\"variables\":[]}}],\"content\":{\"stem\":\"Solve the system $\\\\begin{cases}2x+y=11\\\\\\\\x-y=1\\\\end{cases}$. Find $x+y$.\",\"prompt\":\"Solve the system $\\\\begin{cases}2x+y=11\\\\\\\\x-y=1\\\\end{cases}$. Find $x+y$.\",\"options\":[\"$7$\",\"$4$\",\"$3$\",\"$8$\"],\"explanation\":\"Add the equations: $(2x+y)+(x-y)=11+1$.\\n$3x=12$, so $x=4$. Then $4-y=1$, so $y=3$.\\nTherefore $x+y=4+3=7$.\\nFinal answer = $7$.\",\"artifacts\":{}},\"difficulty\":{\"label\":\"Medium\",\"score\":5.3,\"inferenceDepth\":4,\"metrics\":{\"reasoningDepth\":4,\"dependencyComplexity\":4,\"estimatedSolveTime\":111,\"distractorCount\":3,\"calculationComplexity\":3,\"cognitiveLoadBase\":3.3,\"ambiguityScoreBase\":0}},\"validation\":{\"passed\":false,\"warnings\":[\"Scenario has no normalized entities.\"],\"metrics\":{\"clueCount\":0,\"inferenceDepth\":0,\"uniquenessVerified\":0,\"entityCount\":0,\"constraintCount\":1,\"hasPrompt\":1,\"warningCount\":0,\"difficultyScore\":5.3,\"reasoningDepth\":4,\"redundancyScore\":0,\"redundancyRatio\":0,\"hasFormula\":1}}},\"validationReportDetail\":{\"passed\":false,\"stageResults\":[{\"stage\":\"structural validity\",\"passed\":false,\"diagnostics\":[\"Scenario has no normalized entities.\"],\"metrics\":{\"entityCount\":0,\"constraintCount\":1,\"hasPrompt\":1}},{\"stage\":\"solvability\",\"passed\":true,\"diagnostics\":[],\"metrics\":{\"warningCount\":0}},{\"stage\":\"uniqueness\",\"passed\":true,\"diagnostics\":[],\"metrics\":{\"uniquenessVerified\":0}},{\"stage\":\"difficulty calibration\",\"passed\":true,\"diagnostics\":[],\"metrics\":{\"difficultyScore\":5.3,\"reasoningDepth\":4}},{\"stage\":\"redundancy analysis\",\"passed\":true,\"diagnostics\":[],\"metrics\":{\"redundancyScore\":0,\"redundancyRatio\":0}},{\"stage\":\"equation solvability\",\"passed\":true,\"diagnostics\":[],\"metrics\":{\"hasFormula\":1}}],\"warnings\":[\"Scenario has no normalized entities.\"],\"metrics\":{\"clueCount\":0,\"inferenceDepth\":0,\"uniquenessVerified\":0,\"entityCount\":0,\"constraintCount\":1,\"hasPrompt\":1,\"warningCount\":0,\"difficultyScore\":5.3,\"reasoningDepth\":4,\"redundancyScore\":0,\"redundancyRatio\":0,\"hasFormula\":1}},\"difficultyAssessment\":{\"difficultyLabel\":\"Medium\",\"difficultyScore\":5.3,\"cognitiveLoad\":2.89,\"inferenceDepth\":4,\"calculationComplexity\":3,\"distractorComplexity\":3,\"ambiguityScore\":1.05,\"solvingTimeEstimate\":111,\"domainContributions\":{\"operationCount\":3,\"visualComplexity\":0,\"inferenceComplexity\":4},\"metrics\":{\"reasoningDepth\":4,\"dependencyComplexity\":4,\"estimatedSolveTime\":111,\"distractorCount\":3,\"calculationComplexity\":3,\"cognitiveLoadBase\":3.3,\"ambiguityScoreBase\":0}},\"qualityAssessment\":{\"approved\":false,\"rejectionReasons\":[\"failed-validation\",\"low-realism-score\",\"weak-distractors\"],\"qualityMetrics\":{\"realismScore\":0,\"validationPassed\":0,\"structuralDiversityScore\":1,\"repeatedStructureWarnings\":0,\"directClueRatio\":0,\"difficultyConfidence\":10,\"distractorComplexity\":3,\"distractorTypeCount\":0,\"genericDistractorRatio\":1,\"hasStructuralSignature\":1}},\"extractedPatternIntelligence\":{\"domain\":\"quant\",\"structure\":{\"domain\":\"quant\",\"subtype\":\"equations\",\"entityCount\":0,\"constraintCount\":1,\"structureTokens\":[\"variables:\",\"constraint:formula\"],\"topology\":\"formula-network\",\"metadata\":{\"formula\":\"0\"}},\"difficulty\":{\"cognitiveLoad\":3.3,\"inferenceDepth\":4,\"calculationComplexity\":3,\"distractorComplexity\":3,\"ambiguityScore\":0,\"solvingTimeEstimate\":111,\"difficultyBand\":\"Medium\"},\"distractors\":[{\"type\":\"wrongIntermediateValue\",\"label\":\"wrongIntermediateValue\",\"trapType\":\"wrongIntermediateValue\",\"frequency\":3}],\"motifs\":[{\"motifId\":\"eqn-lin-simultaneous\",\"domain\":\"quant\",\"archetype\":\"general\",\"confidence\":0.95,\"metadata\":{\"generated\":\"selectedMotif\"}}]},\"structuralSignature\":{\"domain\":\"quant\",\"topologyHash\":\"sig_604ec201\",\"inferenceHash\":\"sig_6484bed\",\"motifHash\":\"sig_c9b7d000\",\"distractorHash\":\"sig_4306d95f\"},\"corpusAlignment\":{\"score\":8.43,\"deviations\":[{\"metric\":\"topology-frequency\",\"actual\":\"formula-network\",\"expected\":\"higher-frequency corpus topology\",\"message\":\"Topology is less common than the target corpus profile.\"},{\"metric\":\"distractor-pattern\",\"actual\":\"wrongIntermediateValue\",\"expected\":\"higher-frequency corpus distractor families\",\"message\":\"Distractor distribution is weaker or less corpus-like than expected.\"}],\"matchedPatterns\":[\"Clue density aligns with extracted PYQ corpus ranges.\",\"Inference depth tracks the target corpus difficulty curve.\",\"Wording complexity resembles the PYQ corpus style.\",\"Formula/calculation complexity aligns with corpus behavior.\"]},\"originalityScore\":{\"score\":7.68,\"penalties\":[\"Distractor ordering looks mechanically repeated.\",\"Wording normalization indicates a repeated surface template pattern.\"],\"diagnostics\":[\"PYQ-derived intelligence is treated as calibration guidance only, not as a template source.\",\"Clue topology penalty 0, formula repetition penalty 0, distractor ordering penalty 0.667.\",\"Corpus alignment pressure 0.128 while preserving topic weighting and realism guidance only.\"]},\"difficultyConfidence\":{\"predictedDifficulty\":\"Medium\",\"confidence\":8.68,\"explanation\":\"Intended difficulty Medium (5.3), predicted Medium (3.9). Signals used: solving complexity 2.9, elimination depth 0, branching 0, distractor quality 3. Human-solver simulation combined inference depth 4 with solver trace support 0 and branching factor 0.\"}},\"reasoningSteps\":[\"elimination: Start from the direct relation highlighted in the motif.\",\"multi-step: Add the equations: $(2x+y)+(x-y)=11+1$.\",\"direct: $3x=12$, so $x=4$. Then $4-y=1$, so $y=3$.\",\"direct: Therefore $x+y=4+3=7$.\"],\"dependencyComplexity\":4,\"operationChain\":[\"compare\",\"transform\",\"compare\"],\"difficulty\":\"Medium\",\"difficultyScore\":5.3,\"difficultyLabel\":\"Medium\",\"difficultyMetadata\":{\"difficultyScore\":5.3,\"difficultyLabel\":\"Medium\",\"estimatedSolveTime\":111,\"operationCount\":3,\"reasoningDepth\":4,\"reasoningSteps\":[\"elimination: Start from the direct relation highlighted in the motif.\",\"multi-step: Add the equations: $(2x+y)+(x-y)=11+1$.\",\"direct: $3x=12$, so $x=4$. Then $4-y=1$, so $y=3$.\",\"direct: Therefore $x+y=4+3=7$.\"],\"dependencyComplexity\":4,\"operationChain\":[\"compare\",\"transform\",\"compare\"],\"usesPercentage\":false,\"usesRatio\":false,\"usesComparison\":false,\"visualComplexity\":0,\"inferenceComplexity\":4},\"generationMetrics\":{\"generationDurationMs\":1,\"validationRetries\":0,\"uniquenessFailures\":0,\"branchingFactor\":0,\"clueDensity\":0,\"inferenceDepth\":4,\"redundancyScore\":0}}]}",
        "{\"cachedQuestionCount\":1,\"selectedMotifs\":[\"eqn-lin-simultaneous\"],\"hasSolverTraces\":false,\"hasSvgSnapshots\":false,\"hasExplanationFlow\":false}",
        "2026-05-09T06:50:07.972Z"
      ],
      "cause": {
        "name": "PostgresError",
        "severity_local": "ERROR",
        "severity": "ERROR",
        "code": "42P01",
        "position": "13",
        "file": "parse_relation.c",
        "line": "1449",
        "routine": "parserOpenTable"
      }
    }
[12:20:08.641] [32mINFO[39m (33908): [36mrequest completed[39m
    [35mreq[39m: {
      "id": 40,
      "method": "POST",
      "url": "/api/generator/pattern"
    }
    [35mres[39m: {
      "statusCode": 200
    }
    [35mresponseTime[39m: 5288
[12:20:09.345] [33mWARN[39m (33908): [36mGeneration cache lookup failed; falling back to live generation[39m
    [35mpatternId[39m: "registry-equations-linear-medium"
    error: {
      "query": "select \"key\", \"pattern_id\", \"generation_domain\", \"generator_version\", \"motif_version\", \"topology_version\", \"request_fingerprint\", \"payload\", \"artifact_metadata\", \"created_at\", \"last_accessed_at\", \"hit_count\" from \"reasoning_scenario_cache\" where \"reasoning_scenario_cache\".\"key\" = $1 limit $2",
      "params": [
        "2c9b7273ba1fc9ee971f7b08d29a225419d3f353ee3cd149a9aee6db0bb45c6f",
        1
      ],
      "cause": {
        "name": "PostgresError",
        "severity_local": "ERROR",
        "severity": "ERROR",
        "code": "42P01",
        "position": "214",
        "file": "parse_relation.c",
        "line": "1449",
        "routine": "parserOpenTable"
      }
    }
[12:20:09.347] [32mINFO[39m (33908): [36mrequest errored[39m
    [35mreq[39m: {
      "id": 41,
      "method": "POST",
      "url": "/api/generator/pattern"
    }
    [35mres[39m: {
      "statusCode": 500
    }
    [35mresponseTime[39m: 668
    err: {
      "type": "Error",
      "message": "failed with status code 500",
      "stack":
          Error: failed with status code 500
              at onResFinished (C:\Users\gurbaj\Downloads\f\node_modules\.pnpm\pino-http@10.5.0\node_modules\pino-http\logger.js:115:39)
              at ServerResponse.onResponseComplete (C:\Users\gurbaj\Downloads\f\node_modules\.pnpm\pino-http@10.5.0\node_modules\pino-http\logger.js:178:14)
              at ServerResponse.emit (node:events:520:35)
              at onFinish (node:_http_outgoing:1026:10)
              at callback (node:internal/streams/writable:764:21)
              at afterWrite (node:internal/streams/writable:708:5)
              at afterWriteTick (node:internal/streams/writable:694:10)
              at process.processTicksAndRejections (node:internal/process/task_queues:89:21)
    }
[12:20:10.030] [33mWARN[39m (33908): [36mGeneration cache lookup failed; falling back to live generation[39m
    [35mpatternId[39m: "registry-equations-quadratic-medium"
    error: {
      "query": "select \"key\", \"pattern_id\", \"generation_domain\", \"generator_version\", \"motif_version\", \"topology_version\", \"request_fingerprint\", \"payload\", \"artifact_metadata\", \"created_at\", \"last_accessed_at\", \"hit_count\" from \"reasoning_scenario_cache\" where \"reasoning_scenario_cache\".\"key\" = $1 limit $2",
      "params": [
        "d8489f9b497d145ba926ac598e2f2c538ec8729d07f840085dbca3ae70734da3",
        1
      ],
      "cause": {
        "name": "PostgresError",
        "severity_local": "ERROR",
        "severity": "ERROR",
        "code": "42P01",
        "position": "214",
        "file": "parse_relation.c",
        "line": "1449",
        "routine": "parserOpenTable"
      }
    }
[12:20:10.032] [32mINFO[39m (33908): [36mrequest errored[39m
    [35mreq[39m: {
      "id": 42,
      "method": "POST",
      "url": "/api/generator/pattern"
    }
    [35mres[39m: {
      "statusCode": 500
    }
    [35mresponseTime[39m: 669
    err: {
      "type": "Error",
      "message": "failed with status code 500",
      "stack":
          Error: failed with status code 500
              at onResFinished (C:\Users\gurbaj\Downloads\f\node_modules\.pnpm\pino-http@10.5.0\node_modules\pino-http\logger.js:115:39)
              at ServerResponse.onResponseComplete (C:\Users\gurbaj\Downloads\f\node_modules\.pnpm\pino-http@10.5.0\node_modules\pino-http\logger.js:178:14)
              at ServerResponse.emit (node:events:520:35)
              at onFinish (node:_http_outgoing:1026:10)
              at callback (node:internal/streams/writable:764:21)
              at afterWrite (node:internal/streams/writable:708:5)
              at afterWriteTick (node:internal/streams/writable:694:10)
              at process.processTicksAndRejections (node:internal/process/task_queues:89:21)
    }
Generation metrics {
  patternId: 'registry-equations-special-hard',
  topic: 'Equations: Special Forms',
  subtopic: 'equations',
  generationId: 'gen_8d761bf',
  generationDomain: 'quant',
  selectedMotif: 'eqn-special-radical',
  difficultyLabel: 'Hard',
  metrics: {
    generationDurationMs: 0,
    validationRetries: 0,
    uniquenessFailures: 0,
    branchingFactor: 0,
    branchingComplexity: undefined,
    clueDensity: 0,
    inferenceDepth: 5,
    redundancyScore: 0,
    deductionDependencyScore: undefined,
    redundancyRatio: undefined,
    anchorDensity: undefined,
    directClueRatio: undefined
  }
}
[12:20:10.704] [33mWARN[39m (33908): [36mGeneration cache lookup failed; falling back to live generation[39m
    [35mpatternId[39m: "registry-equations-special-hard"
    error: {
      "query": "select \"key\", \"pattern_id\", \"generation_domain\", \"generator_version\", \"motif_version\", \"topology_version\", \"request_fingerprint\", \"payload\", \"artifact_metadata\", \"created_at\", \"last_accessed_at\", \"hit_count\" from \"reasoning_scenario_cache\" where \"reasoning_scenario_cache\".\"key\" = $1 limit $2",
      "params": [
        "77f7600efa34535c582f4d06040ce1efcbbe3f597bb3af951e4fdc42d0d714e8",
        1
      ],
      "cause": {
        "name": "PostgresError",
        "severity_local": "ERROR",
        "severity": "ERROR",
        "code": "42P01",
        "position": "214",
        "file": "parse_relation.c",
        "line": "1449",
        "routine": "parserOpenTable"
      }
    }
[12:20:11.370] [33mWARN[39m (33908): [36mGeneration cache store failed; continuing without cache persistence[39m
    [35mpatternId[39m: "registry-equations-special-hard"
    error: {
      "query": "insert into \"reasoning_scenario_cache\" (\"key\", \"pattern_id\", \"generation_domain\", \"generator_version\", \"motif_version\", \"topology_version\", \"request_fingerprint\", \"payload\", \"artifact_metadata\", \"created_at\", \"last_accessed_at\", \"hit_count\") values ($1, $2, $3, $4, $5, $6, $7, $8, $9, default, default, default) on conflict (\"key\") do update set \"generator_version\" = $10, \"motif_version\" = $11, \"topology_version\" = $12, \"payload\" = $13, \"artifact_metadata\" = $14, \"last_accessed_at\" = $15",
      "params": [
        "77f7600efa34535c582f4d06040ce1efcbbe3f597bb3af951e4fdc42d0d714e8",
        "registry-equations-special-hard",
        "quant",
        "reasoning-generator-v1",
        "motif-registry-v1:06680ca3d5549782e3981bc3daeb7719e3d50799d09884b15ab19aab8e6749f3",
        "topology-contract-v1:409c496459b1fc1a7b1e335f0b47e27c83be21a95c5dd9d7ddf09476ffefd733",
        "3ab220c97b25454250a8b832a0b5cba0c700ad3f66e8ce9bdfcc550eb3b37c30",
        "{\"generationContext\":{\"seed\":\"auto-seed:2a7ac579-d2b3-4ab7-80ea-ce79bc05ce43\",\"generationId\":\"gen_8d761bf\",\"timestamp\":1778309410039},\"questions\":[{\"text\":\"Solve $\\\\sqrt{x+5}=x-1$. Choose the valid root.\",\"options\":[\"$4$\",\"$-1$\",\"$1$\",\"$5$\"],\"correct\":0,\"explanation\":\"Since $\\\\sqrt{x+5}=x-1$, we need $x\\\\ge1$.\\nSquaring gives $x+5=(x-1)^{2}=x^{2}-2x+1$.\\nSo $x^{2}-3x-4=0$, giving $x=4$ or $x=-1$.\\n$x=-1$ is extraneous because $x\\\\ge1$ is required. Hence $x=4$.\\nFinal answer = $4$.\",\"section\":\"Quant\",\"topic\":\"Equations: Special Forms\",\"subtopic\":\"equations\",\"optionMetadata\":[{\"value\":\"$4$\",\"isCorrect\":true,\"distractorType\":\"correct\",\"likelyMistake\":\"Correct equation path\",\"reasoningTrap\":\"None\"},{\"value\":\"$-1$\",\"isCorrect\":false,\"distractorType\":\"wrongIntermediateValue\",\"likelyMistake\":\"Extraneous_Root_Trap\",\"reasoningTrap\":\"Extraneous_Root_Trap\"},{\"value\":\"$1$\",\"isCorrect\":false,\"distractorType\":\"wrongIntermediateValue\",\"likelyMistake\":\"Square_Root_Principle_Error\",\"reasoningTrap\":\"Square_Root_Principle_Error\"},{\"value\":\"$5$\",\"isCorrect\":false,\"distractorType\":\"wrongIntermediateValue\",\"likelyMistake\":\"Surd_Rationalization_Slip\",\"reasoningTrap\":\"Surd_Rationalization_Slip\"}],\"examRealismMetadata\":{\"examProfile\":\"custom\",\"wordingStyle\":\"balanced\",\"archetypeId\":\"hard-nested-operations\",\"archetypeCategory\":\"nested-operations\",\"reasoningTraps\":[\"Extraneous_Root_Trap\",\"Square_Root_Principle_Error\",\"Surd_Rationalization_Slip\"],\"weightingSummary\":[\"Archetype weight 1.00\",\"Trap bias 1.00\",\"Inference bias 1.00\",\"Distractor mix wrongIntermediateValue, wrongIntermediateValue, wrongIntermediateValue\"]},\"debugMetadata\":{\"selectedPattern\":\"registry-equations-special-hard\",\"seed\":\"auto-seed:2a7ac579-d2b3-4ab7-80ea-ce79bc05ce43\",\"generationId\":\"gen_8d761bf\",\"generationDomain\":\"quant\",\"selectedMotif\":\"eqn-special-radical\",\"selectedArchetype\":\"hard-nested-operations\",\"structuralSignatureKey\":\"eqn-special-radical::radical-validate-root::4\",\"scenarioLogicBranch\":\"radical-validate-root\",\"compatibilityWarnings\":[],\"generationMetrics\":{\"generationDurationMs\":0,\"validationRetries\":0,\"uniquenessFailures\":0,\"branchingFactor\":0,\"clueDensity\":0,\"inferenceDepth\":5,\"redundancyScore\":0},\"proceduralScenario\":{\"id\":\"quant:gen_8d761bf:registry-equations-special-hard\",\"domain\":\"quant\",\"subtype\":\"equations\",\"metadata\":{\"patternId\":\"registry-equations-special-hard\",\"topic\":\"Equations: Special Forms\",\"subtopic\":\"equations\",\"generationDomain\":\"quant\",\"seed\":\"auto-seed:2a7ac579-d2b3-4ab7-80ea-ce79bc05ce43\"},\"entities\":[],\"constraints\":[{\"id\":\"quant-formula\",\"type\":\"formula\",\"operator\":\"EQUALS\",\"expression\":\"0\",\"metadata\":{\"variables\":[]}}],\"content\":{\"stem\":\"Solve $\\\\sqrt{x+5}=x-1$. Choose the valid root.\",\"prompt\":\"Solve $\\\\sqrt{x+5}=x-1$. Choose the valid root.\",\"options\":[\"$4$\",\"$-1$\",\"$1$\",\"$5$\"],\"explanation\":\"Since $\\\\sqrt{x+5}=x-1$, we need $x\\\\ge1$.\\nSquaring gives $x+5=(x-1)^{2}=x^{2}-2x+1$.\\nSo $x^{2}-3x-4=0$, giving $x=4$ or $x=-1$.\\n$x=-1$ is extraneous because $x\\\\ge1$ is required. Hence $x=4$.\\nFinal answer = $4$.\",\"artifacts\":{}},\"difficulty\":{\"label\":\"Hard\",\"score\":7.7,\"inferenceDepth\":5,\"metrics\":{\"reasoningDepth\":5,\"dependencyComplexity\":5,\"estimatedSolveTime\":149,\"distractorCount\":3,\"calculationComplexity\":4,\"cognitiveLoadBase\":4.1,\"ambiguityScoreBase\":0}},\"validation\":{\"passed\":false,\"warnings\":[\"Scenario has no normalized entities.\"],\"metrics\":{\"clueCount\":0,\"inferenceDepth\":0,\"uniquenessVerified\":0,\"entityCount\":0,\"constraintCount\":1,\"hasPrompt\":1,\"warningCount\":0,\"difficultyScore\":7.7,\"reasoningDepth\":5,\"redundancyScore\":0,\"redundancyRatio\":0,\"hasFormula\":1}}},\"validationReportDetail\":{\"passed\":false,\"stageResults\":[{\"stage\":\"structural validity\",\"passed\":false,\"diagnostics\":[\"Scenario has no normalized entities.\"],\"metrics\":{\"entityCount\":0,\"constraintCount\":1,\"hasPrompt\":1}},{\"stage\":\"solvability\",\"passed\":true,\"diagnostics\":[],\"metrics\":{\"warningCount\":0}},{\"stage\":\"uniqueness\",\"passed\":true,\"diagnostics\":[],\"metrics\":{\"uniquenessVerified\":0}},{\"stage\":\"difficulty calibration\",\"passed\":true,\"diagnostics\":[],\"metrics\":{\"difficultyScore\":7.7,\"reasoningDepth\":5}},{\"stage\":\"redundancy analysis\",\"passed\":true,\"diagnostics\":[],\"metrics\":{\"redundancyScore\":0,\"redundancyRatio\":0}},{\"stage\":\"equation solvability\",\"passed\":true,\"diagnostics\":[],\"metrics\":{\"hasFormula\":1}}],\"warnings\":[\"Scenario has no normalized entities.\"],\"metrics\":{\"clueCount\":0,\"inferenceDepth\":0,\"uniquenessVerified\":0,\"entityCount\":0,\"constraintCount\":1,\"hasPrompt\":1,\"warningCount\":0,\"difficultyScore\":7.7,\"reasoningDepth\":5,\"redundancyScore\":0,\"redundancyRatio\":0,\"hasFormula\":1}},\"difficultyAssessment\":{\"difficultyLabel\":\"Hard\",\"difficultyScore\":7.7,\"cognitiveLoad\":3.55,\"inferenceDepth\":5,\"calculationComplexity\":4,\"distractorComplexity\":3,\"ambiguityScore\":1.05,\"solvingTimeEstimate\":149,\"domainContributions\":{\"operationCount\":4,\"visualComplexity\":0,\"inferenceComplexity\":5},\"metrics\":{\"reasoningDepth\":5,\"dependencyComplexity\":5,\"estimatedSolveTime\":149,\"distractorCount\":3,\"calculationComplexity\":4,\"cognitiveLoadBase\":4.1,\"ambiguityScoreBase\":0}},\"qualityAssessment\":{\"approved\":false,\"rejectionReasons\":[\"failed-validation\",\"low-realism-score\",\"weak-distractors\"],\"qualityMetrics\":{\"realismScore\":0,\"validationPassed\":0,\"structuralDiversityScore\":1,\"repeatedStructureWarnings\":0,\"directClueRatio\":0,\"difficultyConfidence\":10,\"distractorComplexity\":3,\"distractorTypeCount\":0,\"genericDistractorRatio\":1,\"hasStructuralSignature\":1}},\"extractedPatternIntelligence\":{\"domain\":\"quant\",\"structure\":{\"domain\":\"quant\",\"subtype\":\"equations\",\"entityCount\":0,\"constraintCount\":1,\"structureTokens\":[\"variables:\",\"constraint:formula\"],\"topology\":\"formula-network\",\"metadata\":{\"formula\":\"0\"}},\"difficulty\":{\"cognitiveLoad\":4.1,\"inferenceDepth\":5,\"calculationComplexity\":4,\"distractorComplexity\":3,\"ambiguityScore\":0,\"solvingTimeEstimate\":149,\"difficultyBand\":\"Hard\"},\"distractors\":[{\"type\":\"wrongIntermediateValue\",\"label\":\"wrongIntermediateValue\",\"trapType\":\"wrongIntermediateValue\",\"frequency\":3}],\"motifs\":[{\"motifId\":\"eqn-special-radical\",\"domain\":\"quant\",\"archetype\":\"general\",\"confidence\":0.95,\"metadata\":{\"generated\":\"selectedMotif\"}}]},\"structuralSignature\":{\"domain\":\"quant\",\"topologyHash\":\"sig_604ec201\",\"inferenceHash\":\"sig_127c4bc7\",\"motifHash\":\"sig_510b1ad\",\"distractorHash\":\"sig_4306d95f\"},\"corpusAlignment\":{\"score\":8.12,\"deviations\":[{\"metric\":\"topology-frequency\",\"actual\":\"formula-network\",\"expected\":\"higher-frequency corpus topology\",\"message\":\"Topology is less common than the target corpus profile.\"},{\"metric\":\"distractor-pattern\",\"actual\":\"wrongIntermediateValue\",\"expected\":\"higher-frequency corpus distractor families\",\"message\":\"Distractor distribution is weaker or less corpus-like than expected.\"}],\"matchedPatterns\":[\"Clue density aligns with extracted PYQ corpus ranges.\",\"Inference depth tracks the target corpus difficulty curve.\",\"Wording complexity resembles the PYQ corpus style.\",\"Formula/calculation complexity aligns with corpus behavior.\"]},\"originalityScore\":{\"score\":8.04,\"penalties\":[\"Distractor ordering looks mechanically repeated.\",\"Wording normalization indicates a repeated surface template pattern.\"],\"diagnostics\":[\"PYQ-derived intelligence is treated as calibration guidance only, not as a template source.\",\"Clue topology penalty 0, formula repetition penalty 0, distractor ordering penalty 0.667.\",\"Corpus alignment pressure 0 while preserving topic weighting and realism guidance only.\"]},\"difficultyConfidence\":{\"predictedDifficulty\":\"Medium\",\"confidence\":5.15,\"explanation\":\"Intended difficulty Hard (7.7), predicted Medium (4.6). Signals used: solving complexity 3.5, elimination depth 0, branching 0, distractor quality 3. Human-solver simulation combined inference depth 5 with solver trace support 0 and branching factor 0.\"}},\"reasoningSteps\":[\"square both sides: Apply the motif condition before evaluating the target quantity.\",\"multi-step: Since $\\\\sqrt{x+5}=x-1$, we need $x\\\\ge1$.\",\"multi-step: Squaring gives $x+5=(x-1)^2=x^2-2x+1$.\",\"multi-step: So $x^2-3x-4=0$, giving $x=4$ or $x=-1$.\",\"conditional: $x=-1$ is extraneous because $x\\\\ge1$ is required. Hence $x=4$.\"],\"dependencyComplexity\":5,\"operationChain\":[\"transform\",\"aggregate\",\"reverse\",\"infer\"],\"difficulty\":\"Hard\",\"difficultyScore\":7.7,\"difficultyLabel\":\"Hard\",\"difficultyMetadata\":{\"difficultyScore\":7.7,\"difficultyLabel\":\"Hard\",\"estimatedSolveTime\":149,\"operationCount\":4,\"reasoningDepth\":5,\"reasoningSteps\":[\"square both sides: Apply the motif condition before evaluating the target quantity.\",\"multi-step: Since $\\\\sqrt{x+5}=x-1$, we need $x\\\\ge1$.\",\"multi-step: Squaring gives $x+5=(x-1)^2=x^2-2x+1$.\",\"multi-step: So $x^2-3x-4=0$, giving $x=4$ or $x=-1$.\",\"conditional: $x=-1$ is extraneous because $x\\\\ge1$ is required. Hence $x=4$.\"],\"dependencyComplexity\":5,\"operationChain\":[\"transform\",\"aggregate\",\"reverse\",\"infer\"],\"usesPercentage\":false,\"usesRatio\":false,\"usesComparison\":false,\"visualComplexity\":0,\"inferenceComplexity\":5},\"generationMetrics\":{\"generationDurationMs\":0,\"validationRetries\":0,\"uniquenessFailures\":0,\"branchingFactor\":0,\"clueDensity\":0,\"inferenceDepth\":5,\"redundancyScore\":0}}]}",
        "{\"cachedQuestionCount\":1,\"selectedMotifs\":[\"eqn-special-radical\"],\"hasSolverTraces\":false,\"hasSvgSnapshots\":false,\"hasExplanationFlow\":false}",
        "reasoning-generator-v1",
        "motif-registry-v1:06680ca3d5549782e3981bc3daeb7719e3d50799d09884b15ab19aab8e6749f3",
        "topology-contract-v1:409c496459b1fc1a7b1e335f0b47e27c83be21a95c5dd9d7ddf09476ffefd733",
        "{\"generationContext\":{\"seed\":\"auto-seed:2a7ac579-d2b3-4ab7-80ea-ce79bc05ce43\",\"generationId\":\"gen_8d761bf\",\"timestamp\":1778309410039},\"questions\":[{\"text\":\"Solve $\\\\sqrt{x+5}=x-1$. Choose the valid root.\",\"options\":[\"$4$\",\"$-1$\",\"$1$\",\"$5$\"],\"correct\":0,\"explanation\":\"Since $\\\\sqrt{x+5}=x-1$, we need $x\\\\ge1$.\\nSquaring gives $x+5=(x-1)^{2}=x^{2}-2x+1$.\\nSo $x^{2}-3x-4=0$, giving $x=4$ or $x=-1$.\\n$x=-1$ is extraneous because $x\\\\ge1$ is required. Hence $x=4$.\\nFinal answer = $4$.\",\"section\":\"Quant\",\"topic\":\"Equations: Special Forms\",\"subtopic\":\"equations\",\"optionMetadata\":[{\"value\":\"$4$\",\"isCorrect\":true,\"distractorType\":\"correct\",\"likelyMistake\":\"Correct equation path\",\"reasoningTrap\":\"None\"},{\"value\":\"$-1$\",\"isCorrect\":false,\"distractorType\":\"wrongIntermediateValue\",\"likelyMistake\":\"Extraneous_Root_Trap\",\"reasoningTrap\":\"Extraneous_Root_Trap\"},{\"value\":\"$1$\",\"isCorrect\":false,\"distractorType\":\"wrongIntermediateValue\",\"likelyMistake\":\"Square_Root_Principle_Error\",\"reasoningTrap\":\"Square_Root_Principle_Error\"},{\"value\":\"$5$\",\"isCorrect\":false,\"distractorType\":\"wrongIntermediateValue\",\"likelyMistake\":\"Surd_Rationalization_Slip\",\"reasoningTrap\":\"Surd_Rationalization_Slip\"}],\"examRealismMetadata\":{\"examProfile\":\"custom\",\"wordingStyle\":\"balanced\",\"archetypeId\":\"hard-nested-operations\",\"archetypeCategory\":\"nested-operations\",\"reasoningTraps\":[\"Extraneous_Root_Trap\",\"Square_Root_Principle_Error\",\"Surd_Rationalization_Slip\"],\"weightingSummary\":[\"Archetype weight 1.00\",\"Trap bias 1.00\",\"Inference bias 1.00\",\"Distractor mix wrongIntermediateValue, wrongIntermediateValue, wrongIntermediateValue\"]},\"debugMetadata\":{\"selectedPattern\":\"registry-equations-special-hard\",\"seed\":\"auto-seed:2a7ac579-d2b3-4ab7-80ea-ce79bc05ce43\",\"generationId\":\"gen_8d761bf\",\"generationDomain\":\"quant\",\"selectedMotif\":\"eqn-special-radical\",\"selectedArchetype\":\"hard-nested-operations\",\"structuralSignatureKey\":\"eqn-special-radical::radical-validate-root::4\",\"scenarioLogicBranch\":\"radical-validate-root\",\"compatibilityWarnings\":[],\"generationMetrics\":{\"generationDurationMs\":0,\"validationRetries\":0,\"uniquenessFailures\":0,\"branchingFactor\":0,\"clueDensity\":0,\"inferenceDepth\":5,\"redundancyScore\":0},\"proceduralScenario\":{\"id\":\"quant:gen_8d761bf:registry-equations-special-hard\",\"domain\":\"quant\",\"subtype\":\"equations\",\"metadata\":{\"patternId\":\"registry-equations-special-hard\",\"topic\":\"Equations: Special Forms\",\"subtopic\":\"equations\",\"generationDomain\":\"quant\",\"seed\":\"auto-seed:2a7ac579-d2b3-4ab7-80ea-ce79bc05ce43\"},\"entities\":[],\"constraints\":[{\"id\":\"quant-formula\",\"type\":\"formula\",\"operator\":\"EQUALS\",\"expression\":\"0\",\"metadata\":{\"variables\":[]}}],\"content\":{\"stem\":\"Solve $\\\\sqrt{x+5}=x-1$. Choose the valid root.\",\"prompt\":\"Solve $\\\\sqrt{x+5}=x-1$. Choose the valid root.\",\"options\":[\"$4$\",\"$-1$\",\"$1$\",\"$5$\"],\"explanation\":\"Since $\\\\sqrt{x+5}=x-1$, we need $x\\\\ge1$.\\nSquaring gives $x+5=(x-1)^{2}=x^{2}-2x+1$.\\nSo $x^{2}-3x-4=0$, giving $x=4$ or $x=-1$.\\n$x=-1$ is extraneous because $x\\\\ge1$ is required. Hence $x=4$.\\nFinal answer = $4$.\",\"artifacts\":{}},\"difficulty\":{\"label\":\"Hard\",\"score\":7.7,\"inferenceDepth\":5,\"metrics\":{\"reasoningDepth\":5,\"dependencyComplexity\":5,\"estimatedSolveTime\":149,\"distractorCount\":3,\"calculationComplexity\":4,\"cognitiveLoadBase\":4.1,\"ambiguityScoreBase\":0}},\"validation\":{\"passed\":false,\"warnings\":[\"Scenario has no normalized entities.\"],\"metrics\":{\"clueCount\":0,\"inferenceDepth\":0,\"uniquenessVerified\":0,\"entityCount\":0,\"constraintCount\":1,\"hasPrompt\":1,\"warningCount\":0,\"difficultyScore\":7.7,\"reasoningDepth\":5,\"redundancyScore\":0,\"redundancyRatio\":0,\"hasFormula\":1}}},\"validationReportDetail\":{\"passed\":false,\"stageResults\":[{\"stage\":\"structural validity\",\"passed\":false,\"diagnostics\":[\"Scenario has no normalized entities.\"],\"metrics\":{\"entityCount\":0,\"constraintCount\":1,\"hasPrompt\":1}},{\"stage\":\"solvability\",\"passed\":true,\"diagnostics\":[],\"metrics\":{\"warningCount\":0}},{\"stage\":\"uniqueness\",\"passed\":true,\"diagnostics\":[],\"metrics\":{\"uniquenessVerified\":0}},{\"stage\":\"difficulty calibration\",\"passed\":true,\"diagnostics\":[],\"metrics\":{\"difficultyScore\":7.7,\"reasoningDepth\":5}},{\"stage\":\"redundancy analysis\",\"passed\":true,\"diagnostics\":[],\"metrics\":{\"redundancyScore\":0,\"redundancyRatio\":0}},{\"stage\":\"equation solvability\",\"passed\":true,\"diagnostics\":[],\"metrics\":{\"hasFormula\":1}}],\"warnings\":[\"Scenario has no normalized entities.\"],\"metrics\":{\"clueCount\":0,\"inferenceDepth\":0,\"uniquenessVerified\":0,\"entityCount\":0,\"constraintCount\":1,\"hasPrompt\":1,\"warningCount\":0,\"difficultyScore\":7.7,\"reasoningDepth\":5,\"redundancyScore\":0,\"redundancyRatio\":0,\"hasFormula\":1}},\"difficultyAssessment\":{\"difficultyLabel\":\"Hard\",\"difficultyScore\":7.7,\"cognitiveLoad\":3.55,\"inferenceDepth\":5,\"calculationComplexity\":4,\"distractorComplexity\":3,\"ambiguityScore\":1.05,\"solvingTimeEstimate\":149,\"domainContributions\":{\"operationCount\":4,\"visualComplexity\":0,\"inferenceComplexity\":5},\"metrics\":{\"reasoningDepth\":5,\"dependencyComplexity\":5,\"estimatedSolveTime\":149,\"distractorCount\":3,\"calculationComplexity\":4,\"cognitiveLoadBase\":4.1,\"ambiguityScoreBase\":0}},\"qualityAssessment\":{\"approved\":false,\"rejectionReasons\":[\"failed-validation\",\"low-realism-score\",\"weak-distractors\"],\"qualityMetrics\":{\"realismScore\":0,\"validationPassed\":0,\"structuralDiversityScore\":1,\"repeatedStructureWarnings\":0,\"directClueRatio\":0,\"difficultyConfidence\":10,\"distractorComplexity\":3,\"distractorTypeCount\":0,\"genericDistractorRatio\":1,\"hasStructuralSignature\":1}},\"extractedPatternIntelligence\":{\"domain\":\"quant\",\"structure\":{\"domain\":\"quant\",\"subtype\":\"equations\",\"entityCount\":0,\"constraintCount\":1,\"structureTokens\":[\"variables:\",\"constraint:formula\"],\"topology\":\"formula-network\",\"metadata\":{\"formula\":\"0\"}},\"difficulty\":{\"cognitiveLoad\":4.1,\"inferenceDepth\":5,\"calculationComplexity\":4,\"distractorComplexity\":3,\"ambiguityScore\":0,\"solvingTimeEstimate\":149,\"difficultyBand\":\"Hard\"},\"distractors\":[{\"type\":\"wrongIntermediateValue\",\"label\":\"wrongIntermediateValue\",\"trapType\":\"wrongIntermediateValue\",\"frequency\":3}],\"motifs\":[{\"motifId\":\"eqn-special-radical\",\"domain\":\"quant\",\"archetype\":\"general\",\"confidence\":0.95,\"metadata\":{\"generated\":\"selectedMotif\"}}]},\"structuralSignature\":{\"domain\":\"quant\",\"topologyHash\":\"sig_604ec201\",\"inferenceHash\":\"sig_127c4bc7\",\"motifHash\":\"sig_510b1ad\",\"distractorHash\":\"sig_4306d95f\"},\"corpusAlignment\":{\"score\":8.12,\"deviations\":[{\"metric\":\"topology-frequency\",\"actual\":\"formula-network\",\"expected\":\"higher-frequency corpus topology\",\"message\":\"Topology is less common than the target corpus profile.\"},{\"metric\":\"distractor-pattern\",\"actual\":\"wrongIntermediateValue\",\"expected\":\"higher-frequency corpus distractor families\",\"message\":\"Distractor distribution is weaker or less corpus-like than expected.\"}],\"matchedPatterns\":[\"Clue density aligns with extracted PYQ corpus ranges.\",\"Inference depth tracks the target corpus difficulty curve.\",\"Wording complexity resembles the PYQ corpus style.\",\"Formula/calculation complexity aligns with corpus behavior.\"]},\"originalityScore\":{\"score\":8.04,\"penalties\":[\"Distractor ordering looks mechanically repeated.\",\"Wording normalization indicates a repeated surface template pattern.\"],\"diagnostics\":[\"PYQ-derived intelligence is treated as calibration guidance only, not as a template source.\",\"Clue topology penalty 0, formula repetition penalty 0, distractor ordering penalty 0.667.\",\"Corpus alignment pressure 0 while preserving topic weighting and realism guidance only.\"]},\"difficultyConfidence\":{\"predictedDifficulty\":\"Medium\",\"confidence\":5.15,\"explanation\":\"Intended difficulty Hard (7.7), predicted Medium (4.6). Signals used: solving complexity 3.5, elimination depth 0, branching 0, distractor quality 3. Human-solver simulation combined inference depth 5 with solver trace support 0 and branching factor 0.\"}},\"reasoningSteps\":[\"square both sides: Apply the motif condition before evaluating the target quantity.\",\"multi-step: Since $\\\\sqrt{x+5}=x-1$, we need $x\\\\ge1$.\",\"multi-step: Squaring gives $x+5=(x-1)^2=x^2-2x+1$.\",\"multi-step: So $x^2-3x-4=0$, giving $x=4$ or $x=-1$.\",\"conditional: $x=-1$ is extraneous because $x\\\\ge1$ is required. Hence $x=4$.\"],\"dependencyComplexity\":5,\"operationChain\":[\"transform\",\"aggregate\",\"reverse\",\"infer\"],\"difficulty\":\"Hard\",\"difficultyScore\":7.7,\"difficultyLabel\":\"Hard\",\"difficultyMetadata\":{\"difficultyScore\":7.7,\"difficultyLabel\":\"Hard\",\"estimatedSolveTime\":149,\"operationCount\":4,\"reasoningDepth\":5,\"reasoningSteps\":[\"square both sides: Apply the motif condition before evaluating the target quantity.\",\"multi-step: Since $\\\\sqrt{x+5}=x-1$, we need $x\\\\ge1$.\",\"multi-step: Squaring gives $x+5=(x-1)^2=x^2-2x+1$.\",\"multi-step: So $x^2-3x-4=0$, giving $x=4$ or $x=-1$.\",\"conditional: $x=-1$ is extraneous because $x\\\\ge1$ is required. Hence $x=4$.\"],\"dependencyComplexity\":5,\"operationChain\":[\"transform\",\"aggregate\",\"reverse\",\"infer\"],\"usesPercentage\":false,\"usesRatio\":false,\"usesComparison\":false,\"visualComplexity\":0,\"inferenceComplexity\":5},\"generationMetrics\":{\"generationDurationMs\":0,\"validationRetries\":0,\"uniquenessFailures\":0,\"branchingFactor\":0,\"clueDensity\":0,\"inferenceDepth\":5,\"redundancyScore\":0}}]}",
        "{\"cachedQuestionCount\":1,\"selectedMotifs\":[\"eqn-special-radical\"],\"hasSolverTraces\":false,\"hasSvgSnapshots\":false,\"hasExplanationFlow\":false}",
        "2026-05-09T06:50:10.705Z"
      ],
      "cause": {
        "name": "PostgresError",
        "severity_local": "ERROR",
        "severity": "ERROR",
        "code": "42P01",
        "position": "13",
        "file": "parse_relation.c",
        "line": "1449",
        "routine": "parserOpenTable"
      }
    }
[12:20:11.371] [32mINFO[39m (33908): [36mrequest completed[39m
    [35mreq[39m: {
      "id": 43,
      "method": "POST",
      "url": "/api/generator/pattern"
    }
    [35mres[39m: {
      "statusCode": 200
    }
    [35mresponseTime[39m: 1333
Generation metrics {
  patternId: 'registry-equations-modulus-hard',
  topic: 'Equations: Modulus',
  subtopic: 'equations',
  generationId: 'gen_b48510a2',
  generationDomain: 'quant',
  selectedMotif: 'eqn-mod-double',
  difficultyLabel: 'Hard',
  metrics: {
    generationDurationMs: 1,
    validationRetries: 0,
    uniquenessFailures: 0,
    branchingFactor: 0,
    branchingComplexity: undefined,
    clueDensity: 0,
    inferenceDepth: 4,
    redundancyScore: 0,
    deductionDependencyScore: undefined,
    redundancyRatio: undefined,
    anchorDensity: undefined,
    directClueRatio: undefined
  }
}
[12:20:12.045] [33mWARN[39m (33908): [36mGeneration cache lookup failed; falling back to live generation[39m
    [35mpatternId[39m: "registry-equations-modulus-hard"
    error: {
      "query": "select \"key\", \"pattern_id\", \"generation_domain\", \"generator_version\", \"motif_version\", \"topology_version\", \"request_fingerprint\", \"payload\", \"artifact_metadata\", \"created_at\", \"last_accessed_at\", \"hit_count\" from \"reasoning_scenario_cache\" where \"reasoning_scenario_cache\".\"key\" = $1 limit $2",
      "params": [
        "997c9ab82094e493685487d84c7f1134865021f8a07f365708f3d03981c8caf1",
        1
      ],
      "cause": {
        "name": "PostgresError",
        "severity_local": "ERROR",
        "severity": "ERROR",
        "code": "42P01",
        "position": "214",
        "file": "parse_relation.c",
        "line": "1449",
        "routine": "parserOpenTable"
      }
    }
[12:20:12.711] [33mWARN[39m (33908): [36mGeneration cache store failed; continuing without cache persistence[39m
    [35mpatternId[39m: "registry-equations-modulus-hard"
    error: {
      "query": "insert into \"reasoning_scenario_cache\" (\"key\", \"pattern_id\", \"generation_domain\", \"generator_version\", \"motif_version\", \"topology_version\", \"request_fingerprint\", \"payload\", \"artifact_metadata\", \"created_at\", \"last_accessed_at\", \"hit_count\") values ($1, $2, $3, $4, $5, $6, $7, $8, $9, default, default, default) on conflict (\"key\") do update set \"generator_version\" = $10, \"motif_version\" = $11, \"topology_version\" = $12, \"payload\" = $13, \"artifact_metadata\" = $14, \"last_accessed_at\" = $15",
      "params": [
        "997c9ab82094e493685487d84c7f1134865021f8a07f365708f3d03981c8caf1",
        "registry-equations-modulus-hard",
        "quant",
        "reasoning-generator-v1",
        "motif-registry-v1:9a460e6e1fd81e26a795b22d2f5e24dccbed371bdaca3a45340f4e22a540989b",
        "topology-contract-v1:409c496459b1fc1a7b1e335f0b47e27c83be21a95c5dd9d7ddf09476ffefd733",
        "a28d563d834ce3a41bf14e7c294cf7a00f515bf21c254bfbe03859c2df993972",
        "{\"generationContext\":{\"seed\":\"auto-seed:e734297e-1d66-4fdf-8243-3d3b0018f807\",\"generationId\":\"gen_b48510a2\",\"timestamp\":1778309411380},\"questions\":[{\"text\":\"Find the number of real solutions of $|x-2|+|x-8|=6$.\",\"options\":[\"$\\\\text{Infinitely many}$\",\"$2$\",\"$1$\",\"$0$\"],\"correct\":0,\"explanation\":\"$|x-2|+|x-8|$ is the sum of distances from $2$ and $8$.\\nFor every $x$ between $2$ and $8$, the sum of distances is exactly $6$.\\nHence there are infinitely many real solutions.\\nFinal answer = $\\\\text{Infinitely many}$.\",\"section\":\"Quant\",\"topic\":\"Equations: Modulus\",\"subtopic\":\"equations\",\"optionMetadata\":[{\"value\":\"$\\\\text{Infinitely many}$\",\"isCorrect\":true,\"distractorType\":\"correct\",\"likelyMistake\":\"Correct equation path\",\"reasoningTrap\":\"None\"},{\"value\":\"$2$\",\"isCorrect\":false,\"distractorType\":\"wrongIntermediateValue\",\"likelyMistake\":\"Modulus_Case_Omission\",\"reasoningTrap\":\"Modulus_Case_Omission\"},{\"value\":\"$1$\",\"isCorrect\":false,\"distractorType\":\"wrongIntermediateValue\",\"likelyMistake\":\"Modulus_Distance_Error\",\"reasoningTrap\":\"Modulus_Distance_Error\"},{\"value\":\"$0$\",\"isCorrect\":false,\"distractorType\":\"wrongIntermediateValue\",\"likelyMistake\":\"Integer_Constraint_Violation\",\"reasoningTrap\":\"Integer_Constraint_Violation\"}],\"examRealismMetadata\":{\"examProfile\":\"custom\",\"wordingStyle\":\"balanced\",\"archetypeId\":\"hard-nested-operations\",\"archetypeCategory\":\"nested-operations\",\"reasoningTraps\":[\"Modulus_Case_Omission\",\"Modulus_Distance_Error\",\"Integer_Constraint_Violation\"],\"weightingSummary\":[\"Archetype weight 1.00\",\"Trap bias 1.00\",\"Inference bias 1.00\",\"Distractor mix wrongIntermediateValue, wrongIntermediateValue, wrongIntermediateValue\"]},\"debugMetadata\":{\"selectedPattern\":\"registry-equations-modulus-hard\",\"seed\":\"auto-seed:e734297e-1d66-4fdf-8243-3d3b0018f807\",\"generationId\":\"gen_b48510a2\",\"generationDomain\":\"quant\",\"selectedMotif\":\"eqn-mod-double\",\"selectedArchetype\":\"hard-nested-operations\",\"structuralSignatureKey\":\"eqn-mod-double::distance-critical-points::999\",\"scenarioLogicBranch\":\"distance-critical-points\",\"compatibilityWarnings\":[],\"generationMetrics\":{\"generationDurationMs\":1,\"validationRetries\":0,\"uniquenessFailures\":0,\"branchingFactor\":0,\"clueDensity\":0,\"inferenceDepth\":4,\"redundancyScore\":0},\"proceduralScenario\":{\"id\":\"quant:gen_b48510a2:registry-equations-modulus-hard\",\"domain\":\"quant\",\"subtype\":\"equations\",\"metadata\":{\"patternId\":\"registry-equations-modulus-hard\",\"topic\":\"Equations: Modulus\",\"subtopic\":\"equations\",\"generationDomain\":\"quant\",\"seed\":\"auto-seed:e734297e-1d66-4fdf-8243-3d3b0018f807\"},\"entities\":[],\"constraints\":[{\"id\":\"quant-formula\",\"type\":\"formula\",\"operator\":\"EQUALS\",\"expression\":\"0\",\"metadata\":{\"variables\":[]}}],\"content\":{\"stem\":\"Find the number of real solutions of $|x-2|+|x-8|=6$.\",\"prompt\":\"Find the number of real solutions of $|x-2|+|x-8|=6$.\",\"options\":[\"$\\\\text{Infinitely many}$\",\"$2$\",\"$1$\",\"$0$\"],\"explanation\":\"$|x-2|+|x-8|$ is the sum of distances from $2$ and $8$.\\nFor every $x$ between $2$ and $8$, the sum of distances is exactly $6$.\\nHence there are infinitely many real solutions.\\nFinal answer = $\\\\text{Infinitely many}$.\",\"artifacts\":{}},\"difficulty\":{\"label\":\"Hard\",\"score\":7.7,\"inferenceDepth\":4,\"metrics\":{\"reasoningDepth\":4,\"dependencyComplexity\":4,\"estimatedSolveTime\":149,\"distractorCount\":3,\"calculationComplexity\":4,\"cognitiveLoadBase\":3.5,\"ambiguityScoreBase\":0}},\"validation\":{\"passed\":false,\"warnings\":[\"Scenario has no normalized entities.\"],\"metrics\":{\"clueCount\":0,\"inferenceDepth\":0,\"uniquenessVerified\":0,\"entityCount\":0,\"constraintCount\":1,\"hasPrompt\":1,\"warningCount\":0,\"difficultyScore\":7.7,\"reasoningDepth\":4,\"redundancyScore\":0,\"redundancyRatio\":0,\"hasFormula\":1}}},\"validationReportDetail\":{\"passed\":false,\"stageResults\":[{\"stage\":\"structural validity\",\"passed\":false,\"diagnostics\":[\"Scenario has no normalized entities.\"],\"metrics\":{\"entityCount\":0,\"constraintCount\":1,\"hasPrompt\":1}},{\"stage\":\"solvability\",\"passed\":true,\"diagnostics\":[],\"metrics\":{\"warningCount\":0}},{\"stage\":\"uniqueness\",\"passed\":true,\"diagnostics\":[],\"metrics\":{\"uniquenessVerified\":0}},{\"stage\":\"difficulty calibration\",\"passed\":true,\"diagnostics\":[],\"metrics\":{\"difficultyScore\":7.7,\"reasoningDepth\":4}},{\"stage\":\"redundancy analysis\",\"passed\":true,\"diagnostics\":[],\"metrics\":{\"redundancyScore\":0,\"redundancyRatio\":0}},{\"stage\":\"equation solvability\",\"passed\":true,\"diagnostics\":[],\"metrics\":{\"hasFormula\":1}}],\"warnings\":[\"Scenario has no normalized entities.\"],\"metrics\":{\"clueCount\":0,\"inferenceDepth\":0,\"uniquenessVerified\":0,\"entityCount\":0,\"constraintCount\":1,\"hasPrompt\":1,\"warningCount\":0,\"difficultyScore\":7.7,\"reasoningDepth\":4,\"redundancyScore\":0,\"redundancyRatio\":0,\"hasFormula\":1}},\"difficultyAssessment\":{\"difficultyLabel\":\"Hard\",\"difficultyScore\":7.7,\"cognitiveLoad\":3.31,\"inferenceDepth\":4,\"calculationComplexity\":4,\"distractorComplexity\":3,\"ambiguityScore\":1.05,\"solvingTimeEstimate\":149,\"domainContributions\":{\"operationCount\":4,\"visualComplexity\":0,\"inferenceComplexity\":4},\"metrics\":{\"reasoningDepth\":4,\"dependencyComplexity\":4,\"estimatedSolveTime\":149,\"distractorCount\":3,\"calculationComplexity\":4,\"cognitiveLoadBase\":3.5,\"ambiguityScoreBase\":0}},\"qualityAssessment\":{\"approved\":false,\"rejectionReasons\":[\"failed-validation\",\"low-realism-score\",\"weak-distractors\"],\"qualityMetrics\":{\"realismScore\":0,\"validationPassed\":0,\"structuralDiversityScore\":1,\"repeatedStructureWarnings\":0,\"directClueRatio\":0,\"difficultyConfidence\":10,\"distractorComplexity\":3,\"distractorTypeCount\":0,\"genericDistractorRatio\":1,\"hasStructuralSignature\":1}},\"extractedPatternIntelligence\":{\"domain\":\"quant\",\"structure\":{\"domain\":\"quant\",\"subtype\":\"equations\",\"entityCount\":0,\"constraintCount\":1,\"structureTokens\":[\"variables:\",\"constraint:formula\"],\"topology\":\"formula-network\",\"metadata\":{\"formula\":\"0\"}},\"difficulty\":{\"cognitiveLoad\":3.5,\"inferenceDepth\":4,\"calculationComplexity\":4,\"distractorComplexity\":3,\"ambiguityScore\":0,\"solvingTimeEstimate\":149,\"difficultyBand\":\"Hard\"},\"distractors\":[{\"type\":\"wrongIntermediateValue\",\"label\":\"wrongIntermediateValue\",\"trapType\":\"wrongIntermediateValue\",\"frequency\":3}],\"motifs\":[{\"motifId\":\"eqn-mod-double\",\"domain\":\"quant\",\"archetype\":\"general\",\"confidence\":0.95,\"metadata\":{\"generated\":\"selectedMotif\"}}]},\"structuralSignature\":{\"domain\":\"quant\",\"topologyHash\":\"sig_604ec201\",\"inferenceHash\":\"sig_effffcdf\",\"motifHash\":\"sig_aef4179\",\"distractorHash\":\"sig_4306d95f\"},\"corpusAlignment\":{\"score\":8.43,\"deviations\":[{\"metric\":\"topology-frequency\",\"actual\":\"formula-network\",\"expected\":\"higher-frequency corpus topology\",\"message\":\"Topology is less common than the target corpus profile.\"},{\"metric\":\"distractor-pattern\",\"actual\":\"wrongIntermediateValue\",\"expected\":\"higher-frequency corpus distractor families\",\"message\":\"Distractor distribution is weaker or less corpus-like than expected.\"}],\"matchedPatterns\":[\"Clue density aligns with extracted PYQ corpus ranges.\",\"Inference depth tracks the target corpus difficulty curve.\",\"Wording complexity resembles the PYQ corpus style.\",\"Formula/calculation complexity aligns with corpus behavior.\"]},\"originalityScore\":{\"score\":7.41,\"penalties\":[\"Distractor ordering looks mechanically repeated.\",\"Wording normalization indicates a repeated surface template pattern.\"],\"diagnostics\":[\"PYQ-derived intelligence is treated as calibration guidance only, not as a template source.\",\"Clue topology penalty 0, formula repetition penalty 0, distractor ordering penalty 0.667.\",\"Corpus alignment pressure 0.128 while preserving topic weighting and realism guidance only.\"]},\"difficultyConfidence\":{\"predictedDifficulty\":\"Medium\",\"confidence\":4.54,\"explanation\":\"Intended difficulty Hard (7.7), predicted Medium (4.2). Signals used: solving complexity 3.3, elimination depth 0, branching 0, distractor quality 3. Human-solver simulation combined inference depth 4 with solver trace support 0 and branching factor 0.\"}},\"reasoningSteps\":[\"critical point analysis: Apply the motif condition before evaluating the target quantity.\",\"conditional: $|x-2|+|x-8|$ is the sum of distances from $2$ and $8$.\",\"conditional: For every $x$ between $2$ and $8$, the sum of distances is exactly $6$.\",\"direct: Hence there are infinitely many real solutions.\"],\"dependencyComplexity\":4,\"operationChain\":[\"transform\",\"aggregate\",\"reverse\",\"infer\"],\"difficulty\":\"Hard\",\"difficultyScore\":7.7,\"difficultyLabel\":\"Hard\",\"difficultyMetadata\":{\"difficultyScore\":7.7,\"difficultyLabel\":\"Hard\",\"estimatedSolveTime\":149,\"operationCount\":4,\"reasoningDepth\":4,\"reasoningSteps\":[\"critical point analysis: Apply the motif condition before evaluating the target quantity.\",\"conditional: $|x-2|+|x-8|$ is the sum of distances from $2$ and $8$.\",\"conditional: For every $x$ between $2$ and $8$, the sum of distances is exactly $6$.\",\"direct: Hence there are infinitely many real solutions.\"],\"dependencyComplexity\":4,\"operationChain\":[\"transform\",\"aggregate\",\"reverse\",\"infer\"],\"usesPercentage\":false,\"usesRatio\":false,\"usesComparison\":false,\"visualComplexity\":0,\"inferenceComplexity\":4},\"generationMetrics\":{\"generationDurationMs\":1,\"validationRetries\":0,\"uniquenessFailures\":0,\"branchingFactor\":0,\"clueDensity\":0,\"inferenceDepth\":4,\"redundancyScore\":0}}]}",
        "{\"cachedQuestionCount\":1,\"selectedMotifs\":[\"eqn-mod-double\"],\"hasSolverTraces\":false,\"hasSvgSnapshots\":false,\"hasExplanationFlow\":false}",
        "reasoning-generator-v1",
        "motif-registry-v1:9a460e6e1fd81e26a795b22d2f5e24dccbed371bdaca3a45340f4e22a540989b",
        "topology-contract-v1:409c496459b1fc1a7b1e335f0b47e27c83be21a95c5dd9d7ddf09476ffefd733",
        "{\"generationContext\":{\"seed\":\"auto-seed:e734297e-1d66-4fdf-8243-3d3b0018f807\",\"generationId\":\"gen_b48510a2\",\"timestamp\":1778309411380},\"questions\":[{\"text\":\"Find the number of real solutions of $|x-2|+|x-8|=6$.\",\"options\":[\"$\\\\text{Infinitely many}$\",\"$2$\",\"$1$\",\"$0$\"],\"correct\":0,\"explanation\":\"$|x-2|+|x-8|$ is the sum of distances from $2$ and $8$.\\nFor every $x$ between $2$ and $8$, the sum of distances is exactly $6$.\\nHence there are infinitely many real solutions.\\nFinal answer = $\\\\text{Infinitely many}$.\",\"section\":\"Quant\",\"topic\":\"Equations: Modulus\",\"subtopic\":\"equations\",\"optionMetadata\":[{\"value\":\"$\\\\text{Infinitely many}$\",\"isCorrect\":true,\"distractorType\":\"correct\",\"likelyMistake\":\"Correct equation path\",\"reasoningTrap\":\"None\"},{\"value\":\"$2$\",\"isCorrect\":false,\"distractorType\":\"wrongIntermediateValue\",\"likelyMistake\":\"Modulus_Case_Omission\",\"reasoningTrap\":\"Modulus_Case_Omission\"},{\"value\":\"$1$\",\"isCorrect\":false,\"distractorType\":\"wrongIntermediateValue\",\"likelyMistake\":\"Modulus_Distance_Error\",\"reasoningTrap\":\"Modulus_Distance_Error\"},{\"value\":\"$0$\",\"isCorrect\":false,\"distractorType\":\"wrongIntermediateValue\",\"likelyMistake\":\"Integer_Constraint_Violation\",\"reasoningTrap\":\"Integer_Constraint_Violation\"}],\"examRealismMetadata\":{\"examProfile\":\"custom\",\"wordingStyle\":\"balanced\",\"archetypeId\":\"hard-nested-operations\",\"archetypeCategory\":\"nested-operations\",\"reasoningTraps\":[\"Modulus_Case_Omission\",\"Modulus_Distance_Error\",\"Integer_Constraint_Violation\"],\"weightingSummary\":[\"Archetype weight 1.00\",\"Trap bias 1.00\",\"Inference bias 1.00\",\"Distractor mix wrongIntermediateValue, wrongIntermediateValue, wrongIntermediateValue\"]},\"debugMetadata\":{\"selectedPattern\":\"registry-equations-modulus-hard\",\"seed\":\"auto-seed:e734297e-1d66-4fdf-8243-3d3b0018f807\",\"generationId\":\"gen_b48510a2\",\"generationDomain\":\"quant\",\"selectedMotif\":\"eqn-mod-double\",\"selectedArchetype\":\"hard-nested-operations\",\"structuralSignatureKey\":\"eqn-mod-double::distance-critical-points::999\",\"scenarioLogicBranch\":\"distance-critical-points\",\"compatibilityWarnings\":[],\"generationMetrics\":{\"generationDurationMs\":1,\"validationRetries\":0,\"uniquenessFailures\":0,\"branchingFactor\":0,\"clueDensity\":0,\"inferenceDepth\":4,\"redundancyScore\":0},\"proceduralScenario\":{\"id\":\"quant:gen_b48510a2:registry-equations-modulus-hard\",\"domain\":\"quant\",\"subtype\":\"equations\",\"metadata\":{\"patternId\":\"registry-equations-modulus-hard\",\"topic\":\"Equations: Modulus\",\"subtopic\":\"equations\",\"generationDomain\":\"quant\",\"seed\":\"auto-seed:e734297e-1d66-4fdf-8243-3d3b0018f807\"},\"entities\":[],\"constraints\":[{\"id\":\"quant-formula\",\"type\":\"formula\",\"operator\":\"EQUALS\",\"expression\":\"0\",\"metadata\":{\"variables\":[]}}],\"content\":{\"stem\":\"Find the number of real solutions of $|x-2|+|x-8|=6$.\",\"prompt\":\"Find the number of real solutions of $|x-2|+|x-8|=6$.\",\"options\":[\"$\\\\text{Infinitely many}$\",\"$2$\",\"$1$\",\"$0$\"],\"explanation\":\"$|x-2|+|x-8|$ is the sum of distances from $2$ and $8$.\\nFor every $x$ between $2$ and $8$, the sum of distances is exactly $6$.\\nHence there are infinitely many real solutions.\\nFinal answer = $\\\\text{Infinitely many}$.\",\"artifacts\":{}},\"difficulty\":{\"label\":\"Hard\",\"score\":7.7,\"inferenceDepth\":4,\"metrics\":{\"reasoningDepth\":4,\"dependencyComplexity\":4,\"estimatedSolveTime\":149,\"distractorCount\":3,\"calculationComplexity\":4,\"cognitiveLoadBase\":3.5,\"ambiguityScoreBase\":0}},\"validation\":{\"passed\":false,\"warnings\":[\"Scenario has no normalized entities.\"],\"metrics\":{\"clueCount\":0,\"inferenceDepth\":0,\"uniquenessVerified\":0,\"entityCount\":0,\"constraintCount\":1,\"hasPrompt\":1,\"warningCount\":0,\"difficultyScore\":7.7,\"reasoningDepth\":4,\"redundancyScore\":0,\"redundancyRatio\":0,\"hasFormula\":1}}},\"validationReportDetail\":{\"passed\":false,\"stageResults\":[{\"stage\":\"structural validity\",\"passed\":false,\"diagnostics\":[\"Scenario has no normalized entities.\"],\"metrics\":{\"entityCount\":0,\"constraintCount\":1,\"hasPrompt\":1}},{\"stage\":\"solvability\",\"passed\":true,\"diagnostics\":[],\"metrics\":{\"warningCount\":0}},{\"stage\":\"uniqueness\",\"passed\":true,\"diagnostics\":[],\"metrics\":{\"uniquenessVerified\":0}},{\"stage\":\"difficulty calibration\",\"passed\":true,\"diagnostics\":[],\"metrics\":{\"difficultyScore\":7.7,\"reasoningDepth\":4}},{\"stage\":\"redundancy analysis\",\"passed\":true,\"diagnostics\":[],\"metrics\":{\"redundancyScore\":0,\"redundancyRatio\":0}},{\"stage\":\"equation solvability\",\"passed\":true,\"diagnostics\":[],\"metrics\":{\"hasFormula\":1}}],\"warnings\":[\"Scenario has no normalized entities.\"],\"metrics\":{\"clueCount\":0,\"inferenceDepth\":0,\"uniquenessVerified\":0,\"entityCount\":0,\"constraintCount\":1,\"hasPrompt\":1,\"warningCount\":0,\"difficultyScore\":7.7,\"reasoningDepth\":4,\"redundancyScore\":0,\"redundancyRatio\":0,\"hasFormula\":1}},\"difficultyAssessment\":{\"difficultyLabel\":\"Hard\",\"difficultyScore\":7.7,\"cognitiveLoad\":3.31,\"inferenceDepth\":4,\"calculationComplexity\":4,\"distractorComplexity\":3,\"ambiguityScore\":1.05,\"solvingTimeEstimate\":149,\"domainContributions\":{\"operationCount\":4,\"visualComplexity\":0,\"inferenceComplexity\":4},\"metrics\":{\"reasoningDepth\":4,\"dependencyComplexity\":4,\"estimatedSolveTime\":149,\"distractorCount\":3,\"calculationComplexity\":4,\"cognitiveLoadBase\":3.5,\"ambiguityScoreBase\":0}},\"qualityAssessment\":{\"approved\":false,\"rejectionReasons\":[\"failed-validation\",\"low-realism-score\",\"weak-distractors\"],\"qualityMetrics\":{\"realismScore\":0,\"validationPassed\":0,\"structuralDiversityScore\":1,\"repeatedStructureWarnings\":0,\"directClueRatio\":0,\"difficultyConfidence\":10,\"distractorComplexity\":3,\"distractorTypeCount\":0,\"genericDistractorRatio\":1,\"hasStructuralSignature\":1}},\"extractedPatternIntelligence\":{\"domain\":\"quant\",\"structure\":{\"domain\":\"quant\",\"subtype\":\"equations\",\"entityCount\":0,\"constraintCount\":1,\"structureTokens\":[\"variables:\",\"constraint:formula\"],\"topology\":\"formula-network\",\"metadata\":{\"formula\":\"0\"}},\"difficulty\":{\"cognitiveLoad\":3.5,\"inferenceDepth\":4,\"calculationComplexity\":4,\"distractorComplexity\":3,\"ambiguityScore\":0,\"solvingTimeEstimate\":149,\"difficultyBand\":\"Hard\"},\"distractors\":[{\"type\":\"wrongIntermediateValue\",\"label\":\"wrongIntermediateValue\",\"trapType\":\"wrongIntermediateValue\",\"frequency\":3}],\"motifs\":[{\"motifId\":\"eqn-mod-double\",\"domain\":\"quant\",\"archetype\":\"general\",\"confidence\":0.95,\"metadata\":{\"generated\":\"selectedMotif\"}}]},\"structuralSignature\":{\"domain\":\"quant\",\"topologyHash\":\"sig_604ec201\",\"inferenceHash\":\"sig_effffcdf\",\"motifHash\":\"sig_aef4179\",\"distractorHash\":\"sig_4306d95f\"},\"corpusAlignment\":{\"score\":8.43,\"deviations\":[{\"metric\":\"topology-frequency\",\"actual\":\"formula-network\",\"expected\":\"higher-frequency corpus topology\",\"message\":\"Topology is less common than the target corpus profile.\"},{\"metric\":\"distractor-pattern\",\"actual\":\"wrongIntermediateValue\",\"expected\":\"higher-frequency corpus distractor families\",\"message\":\"Distractor distribution is weaker or less corpus-like than expected.\"}],\"matchedPatterns\":[\"Clue density aligns with extracted PYQ corpus ranges.\",\"Inference depth tracks the target corpus difficulty curve.\",\"Wording complexity resembles the PYQ corpus style.\",\"Formula/calculation complexity aligns with corpus behavior.\"]},\"originalityScore\":{\"score\":7.41,\"penalties\":[\"Distractor ordering looks mechanically repeated.\",\"Wording normalization indicates a repeated surface template pattern.\"],\"diagnostics\":[\"PYQ-derived intelligence is treated as calibration guidance only, not as a template source.\",\"Clue topology penalty 0, formula repetition penalty 0, distractor ordering penalty 0.667.\",\"Corpus alignment pressure 0.128 while preserving topic weighting and realism guidance only.\"]},\"difficultyConfidence\":{\"predictedDifficulty\":\"Medium\",\"confidence\":4.54,\"explanation\":\"Intended difficulty Hard (7.7), predicted Medium (4.2). Signals used: solving complexity 3.3, elimination depth 0, branching 0, distractor quality 3. Human-solver simulation combined inference depth 4 with solver trace support 0 and branching factor 0.\"}},\"reasoningSteps\":[\"critical point analysis: Apply the motif condition before evaluating the target quantity.\",\"conditional: $|x-2|+|x-8|$ is the sum of distances from $2$ and $8$.\",\"conditional: For every $x$ between $2$ and $8$, the sum of distances is exactly $6$.\",\"direct: Hence there are infinitely many real solutions.\"],\"dependencyComplexity\":4,\"operationChain\":[\"transform\",\"aggregate\",\"reverse\",\"infer\"],\"difficulty\":\"Hard\",\"difficultyScore\":7.7,\"difficultyLabel\":\"Hard\",\"difficultyMetadata\":{\"difficultyScore\":7.7,\"difficultyLabel\":\"Hard\",\"estimatedSolveTime\":149,\"operationCount\":4,\"reasoningDepth\":4,\"reasoningSteps\":[\"critical point analysis: Apply the motif condition before evaluating the target quantity.\",\"conditional: $|x-2|+|x-8|$ is the sum of distances from $2$ and $8$.\",\"conditional: For every $x$ between $2$ and $8$, the sum of distances is exactly $6$.\",\"direct: Hence there are infinitely many real solutions.\"],\"dependencyComplexity\":4,\"operationChain\":[\"transform\",\"aggregate\",\"reverse\",\"infer\"],\"usesPercentage\":false,\"usesRatio\":false,\"usesComparison\":false,\"visualComplexity\":0,\"inferenceComplexity\":4},\"generationMetrics\":{\"generationDurationMs\":1,\"validationRetries\":0,\"uniquenessFailures\":0,\"branchingFactor\":0,\"clueDensity\":0,\"inferenceDepth\":4,\"redundancyScore\":0}}]}",
        "{\"cachedQuestionCount\":1,\"selectedMotifs\":[\"eqn-mod-double\"],\"hasSolverTraces\":false,\"hasSvgSnapshots\":false,\"hasExplanationFlow\":false}",
        "2026-05-09T06:50:12.046Z"
      ],
      "cause": {
        "name": "PostgresError",
        "severity_local": "ERROR",
        "severity": "ERROR",
        "code": "42P01",
        "position": "13",
        "file": "parse_relation.c",
        "line": "1449",
        "routine": "parserOpenTable"
      }
    }
[12:20:12.711] [32mINFO[39m (33908): [36mrequest completed[39m
    [35mreq[39m: {
      "id": 44,
      "method": "POST",
      "url": "/api/generator/pattern"
    }
    [35mres[39m: {
      "statusCode": 200
    }
    [35mresponseTime[39m: 1334
Generation metrics {
  patternId: 'registry-equations-word-problems-medium',
  topic: 'Equations: Word Problems',
  subtopic: 'equations',
  generationId: 'gen_855780d8',
  generationDomain: 'quant',
  selectedMotif: 'eqn-lin-single',
  difficultyLabel: 'Medium',
  metrics: {
    generationDurationMs: 0,
    validationRetries: 0,
    uniquenessFailures: 0,
    branchingFactor: 0,
    branchingComplexity: undefined,
    clueDensity: 0,
    inferenceDepth: 3,
    redundancyScore: 0,
    deductionDependencyScore: undefined,
    redundancyRatio: undefined,
    anchorDensity: undefined,
    directClueRatio: undefined
  }
}
[12:20:13.386] [33mWARN[39m (33908): [36mGeneration cache lookup failed; falling back to live generation[39m
    [35mpatternId[39m: "registry-equations-word-problems-medium"
    error: {
      "query": "select \"key\", \"pattern_id\", \"generation_domain\", \"generator_version\", \"motif_version\", \"topology_version\", \"request_fingerprint\", \"payload\", \"artifact_metadata\", \"created_at\", \"last_accessed_at\", \"hit_count\" from \"reasoning_scenario_cache\" where \"reasoning_scenario_cache\".\"key\" = $1 limit $2",
      "params": [
        "fefb1b82a03107187dcb6bf30ede5d3d10321fafd7533cc84d8a76b728149d79",
        1
      ],
      "cause": {
        "name": "PostgresError",
        "severity_local": "ERROR",
        "severity": "ERROR",
        "code": "42P01",
        "position": "214",
        "file": "parse_relation.c",
        "line": "1449",
        "routine": "parserOpenTable"
      }
    }
[12:20:14.052] [33mWARN[39m (33908): [36mGeneration cache store failed; continuing without cache persistence[39m
    [35mpatternId[39m: "registry-equations-word-problems-medium"
    error: {
      "query": "insert into \"reasoning_scenario_cache\" (\"key\", \"pattern_id\", \"generation_domain\", \"generator_version\", \"motif_version\", \"topology_version\", \"request_fingerprint\", \"payload\", \"artifact_metadata\", \"created_at\", \"last_accessed_at\", \"hit_count\") values ($1, $2, $3, $4, $5, $6, $7, $8, $9, default, default, default) on conflict (\"key\") do update set \"generator_version\" = $10, \"motif_version\" = $11, \"topology_version\" = $12, \"payload\" = $13, \"artifact_metadata\" = $14, \"last_accessed_at\" = $15",
      "params": [
        "fefb1b82a03107187dcb6bf30ede5d3d10321fafd7533cc84d8a76b728149d79",
        "registry-equations-word-problems-medium",
        "quant",
        "reasoning-generator-v1",
        "motif-registry-v1:0c8f36bf69daac9c66df2ca38db96f13ceb5c1d19474e057f148f552d99d71eb",
        "topology-contract-v1:409c496459b1fc1a7b1e335f0b47e27c83be21a95c5dd9d7ddf09476ffefd733",
        "98e99ebe7c5b53579f8b65c99c596ea715b380b7d7efc3966ea0f7040b3a57db",
        "{\"generationContext\":{\"seed\":\"auto-seed:d5b39742-a1c5-48b5-b414-1e3500575568\",\"generationId\":\"gen_855780d8\",\"timestamp\":1778309412721},\"questions\":[{\"text\":\"Solve the equation $5x-7=2x+11$.\",\"options\":[\"$x=6$\",\"$x=-6$\",\"$x=3$\",\"$x=18$\"],\"correct\":0,\"explanation\":\"Move variable terms to one side: $5x-2x=11+7$.\\n$3x=18$, so $x=6$.\\nFinal answer = $x=6$.\",\"section\":\"Quant\",\"topic\":\"Equations: Word Problems\",\"subtopic\":\"equations\",\"optionMetadata\":[{\"value\":\"$x=6$\",\"isCorrect\":true,\"distractorType\":\"correct\",\"likelyMistake\":\"Correct equation path\",\"reasoningTrap\":\"None\"},{\"value\":\"$x=-6$\",\"isCorrect\":false,\"distractorType\":\"wrongIntermediateValue\",\"likelyMistake\":\"Sign_Flip_Vieta\",\"reasoningTrap\":\"Sign_Flip_Vieta\"},{\"value\":\"$x=3$\",\"isCorrect\":false,\"distractorType\":\"wrongIntermediateValue\",\"likelyMistake\":\"Substitution_Direction_Flip\",\"reasoningTrap\":\"Substitution_Direction_Flip\"},{\"value\":\"$x=18$\",\"isCorrect\":false,\"distractorType\":\"wrongIntermediateValue\",\"likelyMistake\":\"Integer_Constraint_Violation\",\"reasoningTrap\":\"Integer_Constraint_Violation\"}],\"examRealismMetadata\":{\"examProfile\":\"custom\",\"wordingStyle\":\"balanced\",\"archetypeId\":\"medium-comparison-chain\",\"archetypeCategory\":\"comparison-chain\",\"reasoningTraps\":[\"Sign_Flip_Vieta\",\"Substitution_Direction_Flip\",\"Integer_Constraint_Violation\"],\"weightingSummary\":[\"Archetype weight 1.00\",\"Trap bias 1.00\",\"Inference bias 1.00\",\"Distractor mix wrongIntermediateValue, wrongIntermediateValue, wrongIntermediateValue\"]},\"debugMetadata\":{\"selectedPattern\":\"registry-equations-word-problems-medium\",\"seed\":\"auto-seed:d5b39742-a1c5-48b5-b414-1e3500575568\",\"generationId\":\"gen_855780d8\",\"generationDomain\":\"quant\",\"selectedMotif\":\"eqn-lin-single\",\"selectedArchetype\":\"medium-comparison-chain\",\"structuralSignatureKey\":\"eqn-lin-single::linear-balance::5|2|18\",\"scenarioLogicBranch\":\"linear-balance\",\"compatibilityWarnings\":[],\"generationMetrics\":{\"generationDurationMs\":0,\"validationRetries\":0,\"uniquenessFailures\":0,\"branchingFactor\":0,\"clueDensity\":0,\"inferenceDepth\":3,\"redundancyScore\":0},\"proceduralScenario\":{\"id\":\"quant:gen_855780d8:registry-equations-word-problems-medium\",\"domain\":\"quant\",\"subtype\":\"equations\",\"metadata\":{\"patternId\":\"registry-equations-word-problems-medium\",\"topic\":\"Equations: Word Problems\",\"subtopic\":\"equations\",\"generationDomain\":\"quant\",\"seed\":\"auto-seed:d5b39742-a1c5-48b5-b414-1e3500575568\"},\"entities\":[],\"constraints\":[{\"id\":\"quant-formula\",\"type\":\"formula\",\"operator\":\"EQUALS\",\"expression\":\"0\",\"metadata\":{\"variables\":[]}}],\"content\":{\"stem\":\"Solve the equation $5x-7=2x+11$.\",\"prompt\":\"Solve the equation $5x-7=2x+11$.\",\"options\":[\"$x=6$\",\"$x=-6$\",\"$x=3$\",\"$x=18$\"],\"explanation\":\"Move variable terms to one side: $5x-2x=11+7$.\\n$3x=18$, so $x=6$.\\nFinal answer = $x=6$.\",\"artifacts\":{}},\"difficulty\":{\"label\":\"Medium\",\"score\":4.3,\"inferenceDepth\":3,\"metrics\":{\"reasoningDepth\":3,\"dependencyComplexity\":3,\"estimatedSolveTime\":97,\"distractorCount\":3,\"calculationComplexity\":3,\"cognitiveLoadBase\":2.7,\"ambiguityScoreBase\":0}},\"validation\":{\"passed\":false,\"warnings\":[\"Scenario has no normalized entities.\"],\"metrics\":{\"clueCount\":0,\"inferenceDepth\":0,\"uniquenessVerified\":0,\"entityCount\":0,\"constraintCount\":1,\"hasPrompt\":1,\"warningCount\":0,\"difficultyScore\":4.3,\"reasoningDepth\":3,\"redundancyScore\":0,\"redundancyRatio\":0,\"hasFormula\":1}}},\"validationReportDetail\":{\"passed\":false,\"stageResults\":[{\"stage\":\"structural validity\",\"passed\":false,\"diagnostics\":[\"Scenario has no normalized entities.\"],\"metrics\":{\"entityCount\":0,\"constraintCount\":1,\"hasPrompt\":1}},{\"stage\":\"solvability\",\"passed\":true,\"diagnostics\":[],\"metrics\":{\"warningCount\":0}},{\"stage\":\"uniqueness\",\"passed\":true,\"diagnostics\":[],\"metrics\":{\"uniquenessVerified\":0}},{\"stage\":\"difficulty calibration\",\"passed\":true,\"diagnostics\":[],\"metrics\":{\"difficultyScore\":4.3,\"reasoningDepth\":3}},{\"stage\":\"redundancy analysis\",\"passed\":true,\"diagnostics\":[],\"metrics\":{\"redundancyScore\":0,\"redundancyRatio\":0}},{\"stage\":\"equation solvability\",\"passed\":true,\"diagnostics\":[],\"metrics\":{\"hasFormula\":1}}],\"warnings\":[\"Scenario has no normalized entities.\"],\"metrics\":{\"clueCount\":0,\"inferenceDepth\":0,\"uniquenessVerified\":0,\"entityCount\":0,\"constraintCount\":1,\"hasPrompt\":1,\"warningCount\":0,\"difficultyScore\":4.3,\"reasoningDepth\":3,\"redundancyScore\":0,\"redundancyRatio\":0,\"hasFormula\":1}},\"difficultyAssessment\":{\"difficultyLabel\":\"Medium\",\"difficultyScore\":4.3,\"cognitiveLoad\":2.65,\"inferenceDepth\":3,\"calculationComplexity\":3,\"distractorComplexity\":3,\"ambiguityScore\":1.05,\"solvingTimeEstimate\":97,\"domainContributions\":{\"operationCount\":3,\"visualComplexity\":0,\"inferenceComplexity\":3},\"metrics\":{\"reasoningDepth\":3,\"dependencyComplexity\":3,\"estimatedSolveTime\":97,\"distractorCount\":3,\"calculationComplexity\":3,\"cognitiveLoadBase\":2.7,\"ambiguityScoreBase\":0}},\"qualityAssessment\":{\"approved\":false,\"rejectionReasons\":[\"failed-validation\",\"low-realism-score\",\"weak-distractors\"],\"qualityMetrics\":{\"realismScore\":0,\"validationPassed\":0,\"structuralDiversityScore\":1,\"repeatedStructureWarnings\":0,\"directClueRatio\":0,\"difficultyConfidence\":10,\"distractorComplexity\":3,\"distractorTypeCount\":0,\"genericDistractorRatio\":1,\"hasStructuralSignature\":1}},\"extractedPatternIntelligence\":{\"domain\":\"quant\",\"structure\":{\"domain\":\"quant\",\"subtype\":\"equations\",\"entityCount\":0,\"constraintCount\":1,\"structureTokens\":[\"variables:\",\"constraint:formula\"],\"topology\":\"formula-network\",\"metadata\":{\"formula\":\"0\"}},\"difficulty\":{\"cognitiveLoad\":2.7,\"inferenceDepth\":3,\"calculationComplexity\":3,\"distractorComplexity\":3,\"ambiguityScore\":0,\"solvingTimeEstimate\":97,\"difficultyBand\":\"Medium\"},\"distractors\":[{\"type\":\"wrongIntermediateValue\",\"label\":\"wrongIntermediateValue\",\"trapType\":\"wrongIntermediateValue\",\"frequency\":3}],\"motifs\":[{\"motifId\":\"eqn-lin-single\",\"domain\":\"quant\",\"archetype\":\"general\",\"confidence\":0.95,\"metadata\":{\"generated\":\"selectedMotif\"}}]},\"structuralSignature\":{\"domain\":\"quant\",\"topologyHash\":\"sig_604ec201\",\"inferenceHash\":\"sig_2f396e69\",\"motifHash\":\"sig_122e7aa5\",\"distractorHash\":\"sig_4306d95f\"},\"corpusAlignment\":{\"score\":8.43,\"deviations\":[{\"metric\":\"topology-frequency\",\"actual\":\"formula-network\",\"expected\":\"higher-frequency corpus topology\",\"message\":\"Topology is less common than the target corpus profile.\"},{\"metric\":\"distractor-pattern\",\"actual\":\"wrongIntermediateValue\",\"expected\":\"higher-frequency corpus distractor families\",\"message\":\"Distractor distribution is weaker or less corpus-like than expected.\"}],\"matchedPatterns\":[\"Clue density aligns with extracted PYQ corpus ranges.\",\"Inference depth tracks the target corpus difficulty curve.\",\"Wording complexity resembles the PYQ corpus style.\",\"Formula/calculation complexity aligns with corpus behavior.\"]},\"originalityScore\":{\"score\":7.73,\"penalties\":[\"Distractor ordering looks mechanically repeated.\",\"Wording normalization indicates a repeated surface template pattern.\"],\"diagnostics\":[\"PYQ-derived intelligence is treated as calibration guidance only, not as a template source.\",\"Clue topology penalty 0, formula repetition penalty 0, distractor ordering penalty 0.667.\",\"Corpus alignment pressure 0.128 while preserving topic weighting and realism guidance only.\"]},\"difficultyConfidence\":{\"predictedDifficulty\":\"Medium\",\"confidence\":9.53,\"explanation\":\"Intended difficulty Medium (4.3), predicted Medium (3.5). Signals used: solving complexity 2.6, elimination depth 0, branching 0, distractor quality 3. Human-solver simulation combined inference depth 3 with solver trace support 0 and branching factor 0.\"}},\"reasoningSteps\":[\"balance linear terms: Start from the direct relation highlighted in the motif.\",\"direct: Move variable terms to one side: $5x-2x=11+7$.\",\"direct: $3x=18$, so $x=6$.\"],\"dependencyComplexity\":3,\"operationChain\":[\"compare\",\"transform\",\"compare\"],\"difficulty\":\"Medium\",\"difficultyScore\":4.3,\"difficultyLabel\":\"Medium\",\"difficultyMetadata\":{\"difficultyScore\":4.3,\"difficultyLabel\":\"Medium\",\"estimatedSolveTime\":97,\"operationCount\":3,\"reasoningDepth\":3,\"reasoningSteps\":[\"balance linear terms: Start from the direct relation highlighted in the motif.\",\"direct: Move variable terms to one side: $5x-2x=11+7$.\",\"direct: $3x=18$, so $x=6$.\"],\"dependencyComplexity\":3,\"operationChain\":[\"compare\",\"transform\",\"compare\"],\"usesPercentage\":false,\"usesRatio\":false,\"usesComparison\":false,\"visualComplexity\":0,\"inferenceComplexity\":3},\"generationMetrics\":{\"generationDurationMs\":0,\"validationRetries\":0,\"uniquenessFailures\":0,\"branchingFactor\":0,\"clueDensity\":0,\"inferenceDepth\":3,\"redundancyScore\":0}}]}",
        "{\"cachedQuestionCount\":1,\"selectedMotifs\":[\"eqn-lin-single\"],\"hasSolverTraces\":false,\"hasSvgSnapshots\":false,\"hasExplanationFlow\":false}",
        "reasoning-generator-v1",
        "motif-registry-v1:0c8f36bf69daac9c66df2ca38db96f13ceb5c1d19474e057f148f552d99d71eb",
        "topology-contract-v1:409c496459b1fc1a7b1e335f0b47e27c83be21a95c5dd9d7ddf09476ffefd733",
        "{\"generationContext\":{\"seed\":\"auto-seed:d5b39742-a1c5-48b5-b414-1e3500575568\",\"generationId\":\"gen_855780d8\",\"timestamp\":1778309412721},\"questions\":[{\"text\":\"Solve the equation $5x-7=2x+11$.\",\"options\":[\"$x=6$\",\"$x=-6$\",\"$x=3$\",\"$x=18$\"],\"correct\":0,\"explanation\":\"Move variable terms to one side: $5x-2x=11+7$.\\n$3x=18$, so $x=6$.\\nFinal answer = $x=6$.\",\"section\":\"Quant\",\"topic\":\"Equations: Word Problems\",\"subtopic\":\"equations\",\"optionMetadata\":[{\"value\":\"$x=6$\",\"isCorrect\":true,\"distractorType\":\"correct\",\"likelyMistake\":\"Correct equation path\",\"reasoningTrap\":\"None\"},{\"value\":\"$x=-6$\",\"isCorrect\":false,\"distractorType\":\"wrongIntermediateValue\",\"likelyMistake\":\"Sign_Flip_Vieta\",\"reasoningTrap\":\"Sign_Flip_Vieta\"},{\"value\":\"$x=3$\",\"isCorrect\":false,\"distractorType\":\"wrongIntermediateValue\",\"likelyMistake\":\"Substitution_Direction_Flip\",\"reasoningTrap\":\"Substitution_Direction_Flip\"},{\"value\":\"$x=18$\",\"isCorrect\":false,\"distractorType\":\"wrongIntermediateValue\",\"likelyMistake\":\"Integer_Constraint_Violation\",\"reasoningTrap\":\"Integer_Constraint_Violation\"}],\"examRealismMetadata\":{\"examProfile\":\"custom\",\"wordingStyle\":\"balanced\",\"archetypeId\":\"medium-comparison-chain\",\"archetypeCategory\":\"comparison-chain\",\"reasoningTraps\":[\"Sign_Flip_Vieta\",\"Substitution_Direction_Flip\",\"Integer_Constraint_Violation\"],\"weightingSummary\":[\"Archetype weight 1.00\",\"Trap bias 1.00\",\"Inference bias 1.00\",\"Distractor mix wrongIntermediateValue, wrongIntermediateValue, wrongIntermediateValue\"]},\"debugMetadata\":{\"selectedPattern\":\"registry-equations-word-problems-medium\",\"seed\":\"auto-seed:d5b39742-a1c5-48b5-b414-1e3500575568\",\"generationId\":\"gen_855780d8\",\"generationDomain\":\"quant\",\"selectedMotif\":\"eqn-lin-single\",\"selectedArchetype\":\"medium-comparison-chain\",\"structuralSignatureKey\":\"eqn-lin-single::linear-balance::5|2|18\",\"scenarioLogicBranch\":\"linear-balance\",\"compatibilityWarnings\":[],\"generationMetrics\":{\"generationDurationMs\":0,\"validationRetries\":0,\"uniquenessFailures\":0,\"branchingFactor\":0,\"clueDensity\":0,\"inferenceDepth\":3,\"redundancyScore\":0},\"proceduralScenario\":{\"id\":\"quant:gen_855780d8:registry-equations-word-problems-medium\",\"domain\":\"quant\",\"subtype\":\"equations\",\"metadata\":{\"patternId\":\"registry-equations-word-problems-medium\",\"topic\":\"Equations: Word Problems\",\"subtopic\":\"equations\",\"generationDomain\":\"quant\",\"seed\":\"auto-seed:d5b39742-a1c5-48b5-b414-1e3500575568\"},\"entities\":[],\"constraints\":[{\"id\":\"quant-formula\",\"type\":\"formula\",\"operator\":\"EQUALS\",\"expression\":\"0\",\"metadata\":{\"variables\":[]}}],\"content\":{\"stem\":\"Solve the equation $5x-7=2x+11$.\",\"prompt\":\"Solve the equation $5x-7=2x+11$.\",\"options\":[\"$x=6$\",\"$x=-6$\",\"$x=3$\",\"$x=18$\"],\"explanation\":\"Move variable terms to one side: $5x-2x=11+7$.\\n$3x=18$, so $x=6$.\\nFinal answer = $x=6$.\",\"artifacts\":{}},\"difficulty\":{\"label\":\"Medium\",\"score\":4.3,\"inferenceDepth\":3,\"metrics\":{\"reasoningDepth\":3,\"dependencyComplexity\":3,\"estimatedSolveTime\":97,\"distractorCount\":3,\"calculationComplexity\":3,\"cognitiveLoadBase\":2.7,\"ambiguityScoreBase\":0}},\"validation\":{\"passed\":false,\"warnings\":[\"Scenario has no normalized entities.\"],\"metrics\":{\"clueCount\":0,\"inferenceDepth\":0,\"uniquenessVerified\":0,\"entityCount\":0,\"constraintCount\":1,\"hasPrompt\":1,\"warningCount\":0,\"difficultyScore\":4.3,\"reasoningDepth\":3,\"redundancyScore\":0,\"redundancyRatio\":0,\"hasFormula\":1}}},\"validationReportDetail\":{\"passed\":false,\"stageResults\":[{\"stage\":\"structural validity\",\"passed\":false,\"diagnostics\":[\"Scenario has no normalized entities.\"],\"metrics\":{\"entityCount\":0,\"constraintCount\":1,\"hasPrompt\":1}},{\"stage\":\"solvability\",\"passed\":true,\"diagnostics\":[],\"metrics\":{\"warningCount\":0}},{\"stage\":\"uniqueness\",\"passed\":true,\"diagnostics\":[],\"metrics\":{\"uniquenessVerified\":0}},{\"stage\":\"difficulty calibration\",\"passed\":true,\"diagnostics\":[],\"metrics\":{\"difficultyScore\":4.3,\"reasoningDepth\":3}},{\"stage\":\"redundancy analysis\",\"passed\":true,\"diagnostics\":[],\"metrics\":{\"redundancyScore\":0,\"redundancyRatio\":0}},{\"stage\":\"equation solvability\",\"passed\":true,\"diagnostics\":[],\"metrics\":{\"hasFormula\":1}}],\"warnings\":[\"Scenario has no normalized entities.\"],\"metrics\":{\"clueCount\":0,\"inferenceDepth\":0,\"uniquenessVerified\":0,\"entityCount\":0,\"constraintCount\":1,\"hasPrompt\":1,\"warningCount\":0,\"difficultyScore\":4.3,\"reasoningDepth\":3,\"redundancyScore\":0,\"redundancyRatio\":0,\"hasFormula\":1}},\"difficultyAssessment\":{\"difficultyLabel\":\"Medium\",\"difficultyScore\":4.3,\"cognitiveLoad\":2.65,\"inferenceDepth\":3,\"calculationComplexity\":3,\"distractorComplexity\":3,\"ambiguityScore\":1.05,\"solvingTimeEstimate\":97,\"domainContributions\":{\"operationCount\":3,\"visualComplexity\":0,\"inferenceComplexity\":3},\"metrics\":{\"reasoningDepth\":3,\"dependencyComplexity\":3,\"estimatedSolveTime\":97,\"distractorCount\":3,\"calculationComplexity\":3,\"cognitiveLoadBase\":2.7,\"ambiguityScoreBase\":0}},\"qualityAssessment\":{\"approved\":false,\"rejectionReasons\":[\"failed-validation\",\"low-realism-score\",\"weak-distractors\"],\"qualityMetrics\":{\"realismScore\":0,\"validationPassed\":0,\"structuralDiversityScore\":1,\"repeatedStructureWarnings\":0,\"directClueRatio\":0,\"difficultyConfidence\":10,\"distractorComplexity\":3,\"distractorTypeCount\":0,\"genericDistractorRatio\":1,\"hasStructuralSignature\":1}},\"extractedPatternIntelligence\":{\"domain\":\"quant\",\"structure\":{\"domain\":\"quant\",\"subtype\":\"equations\",\"entityCount\":0,\"constraintCount\":1,\"structureTokens\":[\"variables:\",\"constraint:formula\"],\"topology\":\"formula-network\",\"metadata\":{\"formula\":\"0\"}},\"difficulty\":{\"cognitiveLoad\":2.7,\"inferenceDepth\":3,\"calculationComplexity\":3,\"distractorComplexity\":3,\"ambiguityScore\":0,\"solvingTimeEstimate\":97,\"difficultyBand\":\"Medium\"},\"distractors\":[{\"type\":\"wrongIntermediateValue\",\"label\":\"wrongIntermediateValue\",\"trapType\":\"wrongIntermediateValue\",\"frequency\":3}],\"motifs\":[{\"motifId\":\"eqn-lin-single\",\"domain\":\"quant\",\"archetype\":\"general\",\"confidence\":0.95,\"metadata\":{\"generated\":\"selectedMotif\"}}]},\"structuralSignature\":{\"domain\":\"quant\",\"topologyHash\":\"sig_604ec201\",\"inferenceHash\":\"sig_2f396e69\",\"motifHash\":\"sig_122e7aa5\",\"distractorHash\":\"sig_4306d95f\"},\"corpusAlignment\":{\"score\":8.43,\"deviations\":[{\"metric\":\"topology-frequency\",\"actual\":\"formula-network\",\"expected\":\"higher-frequency corpus topology\",\"message\":\"Topology is less common than the target corpus profile.\"},{\"metric\":\"distractor-pattern\",\"actual\":\"wrongIntermediateValue\",\"expected\":\"higher-frequency corpus distractor families\",\"message\":\"Distractor distribution is weaker or less corpus-like than expected.\"}],\"matchedPatterns\":[\"Clue density aligns with extracted PYQ corpus ranges.\",\"Inference depth tracks the target corpus difficulty curve.\",\"Wording complexity resembles the PYQ corpus style.\",\"Formula/calculation complexity aligns with corpus behavior.\"]},\"originalityScore\":{\"score\":7.73,\"penalties\":[\"Distractor ordering looks mechanically repeated.\",\"Wording normalization indicates a repeated surface template pattern.\"],\"diagnostics\":[\"PYQ-derived intelligence is treated as calibration guidance only, not as a template source.\",\"Clue topology penalty 0, formula repetition penalty 0, distractor ordering penalty 0.667.\",\"Corpus alignment pressure 0.128 while preserving topic weighting and realism guidance only.\"]},\"difficultyConfidence\":{\"predictedDifficulty\":\"Medium\",\"confidence\":9.53,\"explanation\":\"Intended difficulty Medium (4.3), predicted Medium (3.5). Signals used: solving complexity 2.6, elimination depth 0, branching 0, distractor quality 3. Human-solver simulation combined inference depth 3 with solver trace support 0 and branching factor 0.\"}},\"reasoningSteps\":[\"balance linear terms: Start from the direct relation highlighted in the motif.\",\"direct: Move variable terms to one side: $5x-2x=11+7$.\",\"direct: $3x=18$, so $x=6$.\"],\"dependencyComplexity\":3,\"operationChain\":[\"compare\",\"transform\",\"compare\"],\"difficulty\":\"Medium\",\"difficultyScore\":4.3,\"difficultyLabel\":\"Medium\",\"difficultyMetadata\":{\"difficultyScore\":4.3,\"difficultyLabel\":\"Medium\",\"estimatedSolveTime\":97,\"operationCount\":3,\"reasoningDepth\":3,\"reasoningSteps\":[\"balance linear terms: Start from the direct relation highlighted in the motif.\",\"direct: Move variable terms to one side: $5x-2x=11+7$.\",\"direct: $3x=18$, so $x=6$.\"],\"dependencyComplexity\":3,\"operationChain\":[\"compare\",\"transform\",\"compare\"],\"usesPercentage\":false,\"usesRatio\":false,\"usesComparison\":false,\"visualComplexity\":0,\"inferenceComplexity\":3},\"generationMetrics\":{\"generationDurationMs\":0,\"validationRetries\":0,\"uniquenessFailures\":0,\"branchingFactor\":0,\"clueDensity\":0,\"inferenceDepth\":3,\"redundancyScore\":0}}]}",
        "{\"cachedQuestionCount\":1,\"selectedMotifs\":[\"eqn-lin-single\"],\"hasSolverTraces\":false,\"hasSvgSnapshots\":false,\"hasExplanationFlow\":false}",
        "2026-05-09T06:50:13.387Z"
      ],
      "cause": {
        "name": "PostgresError",
        "severity_local": "ERROR",
        "severity": "ERROR",
        "code": "42P01",
        "position": "13",
        "file": "parse_relation.c",
        "line": "1449",
        "routine": "parserOpenTable"
      }
    }
[12:20:14.053] [32mINFO[39m (33908): [36mrequest completed[39m
    [35mreq[39m: {
      "id": 45,
      "method": "POST",
      "url": "/api/generator/pattern"
    }
    [35mres[39m: {
      "statusCode": 200
    }
    [35mresponseTime[39m: 1333
Generation metrics {
  patternId: 'registry-equations-linear-medium',
  topic: 'Equations: Linear Systems',
  subtopic: 'equations',
  generationId: 'gen_d37aff14',
  generationDomain: 'quant',
  selectedMotif: 'eqn-lin-simultaneous',
  difficultyLabel: 'Medium',
  metrics: {
    generationDurationMs: 1,
    validationRetries: 0,
    uniquenessFailures: 0,
    branchingFactor: 0,
    branchingComplexity: undefined,
    clueDensity: 0,
    inferenceDepth: 4,
    redundancyScore: 0,
    deductionDependencyScore: undefined,
    redundancyRatio: undefined,
    anchorDensity: undefined,
    directClueRatio: undefined
  }
}
[12:20:29.252] [33mWARN[39m (33908): [36mGeneration cache lookup failed; falling back to live generation[39m
    [35mpatternId[39m: "registry-equations-linear-medium"
    error: {
      "query": "select \"key\", \"pattern_id\", \"generation_domain\", \"generator_version\", \"motif_version\", \"topology_version\", \"request_fingerprint\", \"payload\", \"artifact_metadata\", \"created_at\", \"last_accessed_at\", \"hit_count\" from \"reasoning_scenario_cache\" where \"reasoning_scenario_cache\".\"key\" = $1 limit $2",
      "params": [
        "1549541a73c492532d13ce5cbfbcc41976c8844141f4082e05fa9fdea8d5395b",
        1
      ],
      "cause": {
        "name": "PostgresError",
        "severity_local": "ERROR",
        "severity": "ERROR",
        "code": "42P01",
        "position": "214",
        "file": "parse_relation.c",
        "line": "1449",
        "routine": "parserOpenTable"
      }
    }
[12:20:29.918] [33mWARN[39m (33908): [36mGeneration cache store failed; continuing without cache persistence[39m
    [35mpatternId[39m: "registry-equations-linear-medium"
    error: {
      "query": "insert into \"reasoning_scenario_cache\" (\"key\", \"pattern_id\", \"generation_domain\", \"generator_version\", \"motif_version\", \"topology_version\", \"request_fingerprint\", \"payload\", \"artifact_metadata\", \"created_at\", \"last_accessed_at\", \"hit_count\") values ($1, $2, $3, $4, $5, $6, $7, $8, $9, default, default, default) on conflict (\"key\") do update set \"generator_version\" = $10, \"motif_version\" = $11, \"topology_version\" = $12, \"payload\" = $13, \"artifact_metadata\" = $14, \"last_accessed_at\" = $15",
      "params": [
        "1549541a73c492532d13ce5cbfbcc41976c8844141f4082e05fa9fdea8d5395b",
        "registry-equations-linear-medium",
        "quant",
        "reasoning-generator-v1",
        "motif-registry-v1:50d22597967b72443e90908e2927903989e074e075c2190e6272e594d513e656",
        "topology-contract-v1:409c496459b1fc1a7b1e335f0b47e27c83be21a95c5dd9d7ddf09476ffefd733",
        "937c0d5b4752b3c6d16e403628e328038377208e866e674f8f6eb42ed19f23ef",
        "{\"generationContext\":{\"seed\":\"auto-seed:251a51cd-06e1-42a2-a7f8-e9a45a2843f1\",\"generationId\":\"gen_d37aff14\",\"timestamp\":1778309428587},\"questions\":[{\"text\":\"Solve the system $\\\\begin{cases}2x+y=11\\\\\\\\x-y=1\\\\end{cases}$. Find $x+y$.\",\"options\":[\"$7$\",\"$4$\",\"$3$\",\"$8$\"],\"correct\":0,\"explanation\":\"Add the equations: $(2x+y)+(x-y)=11+1$.\\n$3x=12$, so $x=4$. Then $4-y=1$, so $y=3$.\\nTherefore $x+y=4+3=7$.\\nFinal answer = $7$.\",\"section\":\"Quant\",\"topic\":\"Equations: Linear Systems\",\"subtopic\":\"equations\",\"optionMetadata\":[{\"value\":\"$7$\",\"isCorrect\":true,\"distractorType\":\"correct\",\"likelyMistake\":\"Correct equation path\",\"reasoningTrap\":\"None\"},{\"value\":\"$4$\",\"isCorrect\":false,\"distractorType\":\"wrongIntermediateValue\",\"likelyMistake\":\"Substitution_Direction_Flip\",\"reasoningTrap\":\"Substitution_Direction_Flip\"},{\"value\":\"$3$\",\"isCorrect\":false,\"distractorType\":\"wrongIntermediateValue\",\"likelyMistake\":\"Integer_Constraint_Violation\",\"reasoningTrap\":\"Integer_Constraint_Violation\"},{\"value\":\"$8$\",\"isCorrect\":false,\"distractorType\":\"wrongIntermediateValue\",\"likelyMistake\":\"Sign_Flip_Vieta\",\"reasoningTrap\":\"Sign_Flip_Vieta\"}],\"examRealismMetadata\":{\"examProfile\":\"custom\",\"wordingStyle\":\"balanced\",\"archetypeId\":\"easy-one-step-arithmetic\",\"archetypeCategory\":\"one-step-arithmetic\",\"reasoningTraps\":[\"Substitution_Direction_Flip\",\"Integer_Constraint_Violation\",\"Sign_Flip_Vieta\"],\"weightingSummary\":[\"Archetype weight 1.00\",\"Trap bias 1.00\",\"Inference bias 1.00\",\"Distractor mix wrongIntermediateValue, wrongIntermediateValue, wrongIntermediateValue\"]},\"debugMetadata\":{\"selectedPattern\":\"registry-equations-linear-medium\",\"seed\":\"auto-seed:251a51cd-06e1-42a2-a7f8-e9a45a2843f1\",\"generationId\":\"gen_d37aff14\",\"generationDomain\":\"quant\",\"selectedMotif\":\"eqn-lin-simultaneous\",\"selectedArchetype\":\"easy-one-step-arithmetic\",\"structuralSignatureKey\":\"eqn-lin-simultaneous::elimination-two-variable::4|3\",\"scenarioLogicBranch\":\"elimination-two-variable\",\"compatibilityWarnings\":[],\"generationMetrics\":{\"generationDurationMs\":1,\"validationRetries\":0,\"uniquenessFailures\":0,\"branchingFactor\":0,\"clueDensity\":0,\"inferenceDepth\":4,\"redundancyScore\":0},\"proceduralScenario\":{\"id\":\"quant:gen_d37aff14:registry-equations-linear-medium\",\"domain\":\"quant\",\"subtype\":\"equations\",\"metadata\":{\"patternId\":\"registry-equations-linear-medium\",\"topic\":\"Equations: Linear Systems\",\"subtopic\":\"equations\",\"generationDomain\":\"quant\",\"seed\":\"auto-seed:251a51cd-06e1-42a2-a7f8-e9a45a2843f1\"},\"entities\":[],\"constraints\":[{\"id\":\"quant-formula\",\"type\":\"formula\",\"operator\":\"EQUALS\",\"expression\":\"0\",\"metadata\":{\"variables\":[]}}],\"content\":{\"stem\":\"Solve the system $\\\\begin{cases}2x+y=11\\\\\\\\x-y=1\\\\end{cases}$. Find $x+y$.\",\"prompt\":\"Solve the system $\\\\begin{cases}2x+y=11\\\\\\\\x-y=1\\\\end{cases}$. Find $x+y$.\",\"options\":[\"$7$\",\"$4$\",\"$3$\",\"$8$\"],\"explanation\":\"Add the equations: $(2x+y)+(x-y)=11+1$.\\n$3x=12$, so $x=4$. Then $4-y=1$, so $y=3$.\\nTherefore $x+y=4+3=7$.\\nFinal answer = $7$.\",\"artifacts\":{}},\"difficulty\":{\"label\":\"Medium\",\"score\":5.1,\"inferenceDepth\":4,\"metrics\":{\"reasoningDepth\":4,\"dependencyComplexity\":4,\"estimatedSolveTime\":104,\"distractorCount\":3,\"calculationComplexity\":2,\"cognitiveLoadBase\":3.1,\"ambiguityScoreBase\":0}},\"validation\":{\"passed\":false,\"warnings\":[\"Scenario has no normalized entities.\"],\"metrics\":{\"clueCount\":0,\"inferenceDepth\":0,\"uniquenessVerified\":0,\"entityCount\":0,\"constraintCount\":1,\"hasPrompt\":1,\"warningCount\":0,\"difficultyScore\":5.1,\"reasoningDepth\":4,\"redundancyScore\":0,\"redundancyRatio\":0,\"hasFormula\":1}}},\"validationReportDetail\":{\"passed\":false,\"stageResults\":[{\"stage\":\"structural validity\",\"passed\":false,\"diagnostics\":[\"Scenario has no normalized entities.\"],\"metrics\":{\"entityCount\":0,\"constraintCount\":1,\"hasPrompt\":1}},{\"stage\":\"solvability\",\"passed\":true,\"diagnostics\":[],\"metrics\":{\"warningCount\":0}},{\"stage\":\"uniqueness\",\"passed\":true,\"diagnostics\":[],\"metrics\":{\"uniquenessVerified\":0}},{\"stage\":\"difficulty calibration\",\"passed\":true,\"diagnostics\":[],\"metrics\":{\"difficultyScore\":5.1,\"reasoningDepth\":4}},{\"stage\":\"redundancy analysis\",\"passed\":true,\"diagnostics\":[],\"metrics\":{\"redundancyScore\":0,\"redundancyRatio\":0}},{\"stage\":\"equation solvability\",\"passed\":true,\"diagnostics\":[],\"metrics\":{\"hasFormula\":1}}],\"warnings\":[\"Scenario has no normalized entities.\"],\"metrics\":{\"clueCount\":0,\"inferenceDepth\":0,\"uniquenessVerified\":0,\"entityCount\":0,\"constraintCount\":1,\"hasPrompt\":1,\"warningCount\":0,\"difficultyScore\":5.1,\"reasoningDepth\":4,\"redundancyScore\":0,\"redundancyRatio\":0,\"hasFormula\":1}},\"difficultyAssessment\":{\"difficultyLabel\":\"Medium\",\"difficultyScore\":5.1,\"cognitiveLoad\":2.47,\"inferenceDepth\":4,\"calculationComplexity\":2,\"distractorComplexity\":3,\"ambiguityScore\":1.05,\"solvingTimeEstimate\":104,\"domainContributions\":{\"operationCount\":2,\"visualComplexity\":0,\"inferenceComplexity\":4},\"metrics\":{\"reasoningDepth\":4,\"dependencyComplexity\":4,\"estimatedSolveTime\":104,\"distractorCount\":3,\"calculationComplexity\":2,\"cognitiveLoadBase\":3.1,\"ambiguityScoreBase\":0}},\"qualityAssessment\":{\"approved\":false,\"rejectionReasons\":[\"failed-validation\",\"low-realism-score\",\"weak-distractors\"],\"qualityMetrics\":{\"realismScore\":0,\"validationPassed\":0,\"structuralDiversityScore\":1,\"repeatedStructureWarnings\":0,\"directClueRatio\":0,\"difficultyConfidence\":10,\"distractorComplexity\":3,\"distractorTypeCount\":0,\"genericDistractorRatio\":1,\"hasStructuralSignature\":1}},\"extractedPatternIntelligence\":{\"domain\":\"quant\",\"structure\":{\"domain\":\"quant\",\"subtype\":\"equations\",\"entityCount\":0,\"constraintCount\":1,\"structureTokens\":[\"variables:\",\"constraint:formula\"],\"topology\":\"formula-network\",\"metadata\":{\"formula\":\"0\"}},\"difficulty\":{\"cognitiveLoad\":3.1,\"inferenceDepth\":4,\"calculationComplexity\":2,\"distractorComplexity\":3,\"ambiguityScore\":0,\"solvingTimeEstimate\":104,\"difficultyBand\":\"Medium\"},\"distractors\":[{\"type\":\"wrongIntermediateValue\",\"label\":\"wrongIntermediateValue\",\"trapType\":\"wrongIntermediateValue\",\"frequency\":3}],\"motifs\":[{\"motifId\":\"eqn-lin-simultaneous\",\"domain\":\"quant\",\"archetype\":\"general\",\"confidence\":0.95,\"metadata\":{\"generated\":\"selectedMotif\"}}]},\"structuralSignature\":{\"domain\":\"quant\",\"topologyHash\":\"sig_604ec201\",\"inferenceHash\":\"sig_78020efb\",\"motifHash\":\"sig_c9b7d000\",\"distractorHash\":\"sig_4306d95f\"},\"corpusAlignment\":{\"score\":8.43,\"deviations\":[{\"metric\":\"topology-frequency\",\"actual\":\"formula-network\",\"expected\":\"higher-frequency corpus topology\",\"message\":\"Topology is less common than the target corpus profile.\"},{\"metric\":\"distractor-pattern\",\"actual\":\"wrongIntermediateValue\",\"expected\":\"higher-frequency corpus distractor families\",\"message\":\"Distractor distribution is weaker or less corpus-like than expected.\"}],\"matchedPatterns\":[\"Clue density aligns with extracted PYQ corpus ranges.\",\"Inference depth tracks the target corpus difficulty curve.\",\"Wording complexity resembles the PYQ corpus style.\",\"Formula/calculation complexity aligns with corpus behavior.\"]},\"originalityScore\":{\"score\":7.68,\"penalties\":[\"Distractor ordering looks mechanically repeated.\",\"Wording normalization indicates a repeated surface template pattern.\"],\"diagnostics\":[\"PYQ-derived intelligence is treated as calibration guidance only, not as a template source.\",\"Clue topology penalty 0, formula repetition penalty 0, distractor ordering penalty 0.667.\",\"Corpus alignment pressure 0.128 while preserving topic weighting and realism guidance only.\"]},\"difficultyConfidence\":{\"predictedDifficulty\":\"Medium\",\"confidence\":8.54,\"explanation\":\"Intended difficulty Medium (5.1), predicted Medium (3.6). Signals used: solving complexity 2.5, elimination depth 0, branching 0, distractor quality 3. Human-solver simulation combined inference depth 4 with solver trace support 0 and branching factor 0.\"}},\"reasoningSteps\":[\"elimination: Start from the direct relation highlighted in the motif.\",\"multi-step: Add the equations: $(2x+y)+(x-y)=11+1$.\",\"direct: $3x=12$, so $x=4$. Then $4-y=1$, so $y=3$.\",\"direct: Therefore $x+y=4+3=7$.\"],\"dependencyComplexity\":4,\"operationChain\":[\"transform\",\"compare\"],\"difficulty\":\"Medium\",\"difficultyScore\":5.1,\"difficultyLabel\":\"Medium\",\"difficultyMetadata\":{\"difficultyScore\":5.1,\"difficultyLabel\":\"Medium\",\"estimatedSolveTime\":104,\"operationCount\":2,\"reasoningDepth\":4,\"reasoningSteps\":[\"elimination: Start from the direct relation highlighted in the motif.\",\"multi-step: Add the equations: $(2x+y)+(x-y)=11+1$.\",\"direct: $3x=12$, so $x=4$. Then $4-y=1$, so $y=3$.\",\"direct: Therefore $x+y=4+3=7$.\"],\"dependencyComplexity\":4,\"operationChain\":[\"transform\",\"compare\"],\"usesPercentage\":false,\"usesRatio\":false,\"usesComparison\":false,\"visualComplexity\":0,\"inferenceComplexity\":4},\"generationMetrics\":{\"generationDurationMs\":1,\"validationRetries\":0,\"uniquenessFailures\":0,\"branchingFactor\":0,\"clueDensity\":0,\"inferenceDepth\":4,\"redundancyScore\":0}}]}",
        "{\"cachedQuestionCount\":1,\"selectedMotifs\":[\"eqn-lin-simultaneous\"],\"hasSolverTraces\":false,\"hasSvgSnapshots\":false,\"hasExplanationFlow\":false}",
        "reasoning-generator-v1",
        "motif-registry-v1:50d22597967b72443e90908e2927903989e074e075c2190e6272e594d513e656",
        "topology-contract-v1:409c496459b1fc1a7b1e335f0b47e27c83be21a95c5dd9d7ddf09476ffefd733",
        "{\"generationContext\":{\"seed\":\"auto-seed:251a51cd-06e1-42a2-a7f8-e9a45a2843f1\",\"generationId\":\"gen_d37aff14\",\"timestamp\":1778309428587},\"questions\":[{\"text\":\"Solve the system $\\\\begin{cases}2x+y=11\\\\\\\\x-y=1\\\\end{cases}$. Find $x+y$.\",\"options\":[\"$7$\",\"$4$\",\"$3$\",\"$8$\"],\"correct\":0,\"explanation\":\"Add the equations: $(2x+y)+(x-y)=11+1$.\\n$3x=12$, so $x=4$. Then $4-y=1$, so $y=3$.\\nTherefore $x+y=4+3=7$.\\nFinal answer = $7$.\",\"section\":\"Quant\",\"topic\":\"Equations: Linear Systems\",\"subtopic\":\"equations\",\"optionMetadata\":[{\"value\":\"$7$\",\"isCorrect\":true,\"distractorType\":\"correct\",\"likelyMistake\":\"Correct equation path\",\"reasoningTrap\":\"None\"},{\"value\":\"$4$\",\"isCorrect\":false,\"distractorType\":\"wrongIntermediateValue\",\"likelyMistake\":\"Substitution_Direction_Flip\",\"reasoningTrap\":\"Substitution_Direction_Flip\"},{\"value\":\"$3$\",\"isCorrect\":false,\"distractorType\":\"wrongIntermediateValue\",\"likelyMistake\":\"Integer_Constraint_Violation\",\"reasoningTrap\":\"Integer_Constraint_Violation\"},{\"value\":\"$8$\",\"isCorrect\":false,\"distractorType\":\"wrongIntermediateValue\",\"likelyMistake\":\"Sign_Flip_Vieta\",\"reasoningTrap\":\"Sign_Flip_Vieta\"}],\"examRealismMetadata\":{\"examProfile\":\"custom\",\"wordingStyle\":\"balanced\",\"archetypeId\":\"easy-one-step-arithmetic\",\"archetypeCategory\":\"one-step-arithmetic\",\"reasoningTraps\":[\"Substitution_Direction_Flip\",\"Integer_Constraint_Violation\",\"Sign_Flip_Vieta\"],\"weightingSummary\":[\"Archetype weight 1.00\",\"Trap bias 1.00\",\"Inference bias 1.00\",\"Distractor mix wrongIntermediateValue, wrongIntermediateValue, wrongIntermediateValue\"]},\"debugMetadata\":{\"selectedPattern\":\"registry-equations-linear-medium\",\"seed\":\"auto-seed:251a51cd-06e1-42a2-a7f8-e9a45a2843f1\",\"generationId\":\"gen_d37aff14\",\"generationDomain\":\"quant\",\"selectedMotif\":\"eqn-lin-simultaneous\",\"selectedArchetype\":\"easy-one-step-arithmetic\",\"structuralSignatureKey\":\"eqn-lin-simultaneous::elimination-two-variable::4|3\",\"scenarioLogicBranch\":\"elimination-two-variable\",\"compatibilityWarnings\":[],\"generationMetrics\":{\"generationDurationMs\":1,\"validationRetries\":0,\"uniquenessFailures\":0,\"branchingFactor\":0,\"clueDensity\":0,\"inferenceDepth\":4,\"redundancyScore\":0},\"proceduralScenario\":{\"id\":\"quant:gen_d37aff14:registry-equations-linear-medium\",\"domain\":\"quant\",\"subtype\":\"equations\",\"metadata\":{\"patternId\":\"registry-equations-linear-medium\",\"topic\":\"Equations: Linear Systems\",\"subtopic\":\"equations\",\"generationDomain\":\"quant\",\"seed\":\"auto-seed:251a51cd-06e1-42a2-a7f8-e9a45a2843f1\"},\"entities\":[],\"constraints\":[{\"id\":\"quant-formula\",\"type\":\"formula\",\"operator\":\"EQUALS\",\"expression\":\"0\",\"metadata\":{\"variables\":[]}}],\"content\":{\"stem\":\"Solve the system $\\\\begin{cases}2x+y=11\\\\\\\\x-y=1\\\\end{cases}$. Find $x+y$.\",\"prompt\":\"Solve the system $\\\\begin{cases}2x+y=11\\\\\\\\x-y=1\\\\end{cases}$. Find $x+y$.\",\"options\":[\"$7$\",\"$4$\",\"$3$\",\"$8$\"],\"explanation\":\"Add the equations: $(2x+y)+(x-y)=11+1$.\\n$3x=12$, so $x=4$. Then $4-y=1$, so $y=3$.\\nTherefore $x+y=4+3=7$.\\nFinal answer = $7$.\",\"artifacts\":{}},\"difficulty\":{\"label\":\"Medium\",\"score\":5.1,\"inferenceDepth\":4,\"metrics\":{\"reasoningDepth\":4,\"dependencyComplexity\":4,\"estimatedSolveTime\":104,\"distractorCount\":3,\"calculationComplexity\":2,\"cognitiveLoadBase\":3.1,\"ambiguityScoreBase\":0}},\"validation\":{\"passed\":false,\"warnings\":[\"Scenario has no normalized entities.\"],\"metrics\":{\"clueCount\":0,\"inferenceDepth\":0,\"uniquenessVerified\":0,\"entityCount\":0,\"constraintCount\":1,\"hasPrompt\":1,\"warningCount\":0,\"difficultyScore\":5.1,\"reasoningDepth\":4,\"redundancyScore\":0,\"redundancyRatio\":0,\"hasFormula\":1}}},\"validationReportDetail\":{\"passed\":false,\"stageResults\":[{\"stage\":\"structural validity\",\"passed\":false,\"diagnostics\":[\"Scenario has no normalized entities.\"],\"metrics\":{\"entityCount\":0,\"constraintCount\":1,\"hasPrompt\":1}},{\"stage\":\"solvability\",\"passed\":true,\"diagnostics\":[],\"metrics\":{\"warningCount\":0}},{\"stage\":\"uniqueness\",\"passed\":true,\"diagnostics\":[],\"metrics\":{\"uniquenessVerified\":0}},{\"stage\":\"difficulty calibration\",\"passed\":true,\"diagnostics\":[],\"metrics\":{\"difficultyScore\":5.1,\"reasoningDepth\":4}},{\"stage\":\"redundancy analysis\",\"passed\":true,\"diagnostics\":[],\"metrics\":{\"redundancyScore\":0,\"redundancyRatio\":0}},{\"stage\":\"equation solvability\",\"passed\":true,\"diagnostics\":[],\"metrics\":{\"hasFormula\":1}}],\"warnings\":[\"Scenario has no normalized entities.\"],\"metrics\":{\"clueCount\":0,\"inferenceDepth\":0,\"uniquenessVerified\":0,\"entityCount\":0,\"constraintCount\":1,\"hasPrompt\":1,\"warningCount\":0,\"difficultyScore\":5.1,\"reasoningDepth\":4,\"redundancyScore\":0,\"redundancyRatio\":0,\"hasFormula\":1}},\"difficultyAssessment\":{\"difficultyLabel\":\"Medium\",\"difficultyScore\":5.1,\"cognitiveLoad\":2.47,\"inferenceDepth\":4,\"calculationComplexity\":2,\"distractorComplexity\":3,\"ambiguityScore\":1.05,\"solvingTimeEstimate\":104,\"domainContributions\":{\"operationCount\":2,\"visualComplexity\":0,\"inferenceComplexity\":4},\"metrics\":{\"reasoningDepth\":4,\"dependencyComplexity\":4,\"estimatedSolveTime\":104,\"distractorCount\":3,\"calculationComplexity\":2,\"cognitiveLoadBase\":3.1,\"ambiguityScoreBase\":0}},\"qualityAssessment\":{\"approved\":false,\"rejectionReasons\":[\"failed-validation\",\"low-realism-score\",\"weak-distractors\"],\"qualityMetrics\":{\"realismScore\":0,\"validationPassed\":0,\"structuralDiversityScore\":1,\"repeatedStructureWarnings\":0,\"directClueRatio\":0,\"difficultyConfidence\":10,\"distractorComplexity\":3,\"distractorTypeCount\":0,\"genericDistractorRatio\":1,\"hasStructuralSignature\":1}},\"extractedPatternIntelligence\":{\"domain\":\"quant\",\"structure\":{\"domain\":\"quant\",\"subtype\":\"equations\",\"entityCount\":0,\"constraintCount\":1,\"structureTokens\":[\"variables:\",\"constraint:formula\"],\"topology\":\"formula-network\",\"metadata\":{\"formula\":\"0\"}},\"difficulty\":{\"cognitiveLoad\":3.1,\"inferenceDepth\":4,\"calculationComplexity\":2,\"distractorComplexity\":3,\"ambiguityScore\":0,\"solvingTimeEstimate\":104,\"difficultyBand\":\"Medium\"},\"distractors\":[{\"type\":\"wrongIntermediateValue\",\"label\":\"wrongIntermediateValue\",\"trapType\":\"wrongIntermediateValue\",\"frequency\":3}],\"motifs\":[{\"motifId\":\"eqn-lin-simultaneous\",\"domain\":\"quant\",\"archetype\":\"general\",\"confidence\":0.95,\"metadata\":{\"generated\":\"selectedMotif\"}}]},\"structuralSignature\":{\"domain\":\"quant\",\"topologyHash\":\"sig_604ec201\",\"inferenceHash\":\"sig_78020efb\",\"motifHash\":\"sig_c9b7d000\",\"distractorHash\":\"sig_4306d95f\"},\"corpusAlignment\":{\"score\":8.43,\"deviations\":[{\"metric\":\"topology-frequency\",\"actual\":\"formula-network\",\"expected\":\"higher-frequency corpus topology\",\"message\":\"Topology is less common than the target corpus profile.\"},{\"metric\":\"distractor-pattern\",\"actual\":\"wrongIntermediateValue\",\"expected\":\"higher-frequency corpus distractor families\",\"message\":\"Distractor distribution is weaker or less corpus-like than expected.\"}],\"matchedPatterns\":[\"Clue density aligns with extracted PYQ corpus ranges.\",\"Inference depth tracks the target corpus difficulty curve.\",\"Wording complexity resembles the PYQ corpus style.\",\"Formula/calculation complexity aligns with corpus behavior.\"]},\"originalityScore\":{\"score\":7.68,\"penalties\":[\"Distractor ordering looks mechanically repeated.\",\"Wording normalization indicates a repeated surface template pattern.\"],\"diagnostics\":[\"PYQ-derived intelligence is treated as calibration guidance only, not as a template source.\",\"Clue topology penalty 0, formula repetition penalty 0, distractor ordering penalty 0.667.\",\"Corpus alignment pressure 0.128 while preserving topic weighting and realism guidance only.\"]},\"difficultyConfidence\":{\"predictedDifficulty\":\"Medium\",\"confidence\":8.54,\"explanation\":\"Intended difficulty Medium (5.1), predicted Medium (3.6). Signals used: solving complexity 2.5, elimination depth 0, branching 0, distractor quality 3. Human-solver simulation combined inference depth 4 with solver trace support 0 and branching factor 0.\"}},\"reasoningSteps\":[\"elimination: Start from the direct relation highlighted in the motif.\",\"multi-step: Add the equations: $(2x+y)+(x-y)=11+1$.\",\"direct: $3x=12$, so $x=4$. Then $4-y=1$, so $y=3$.\",\"direct: Therefore $x+y=4+3=7$.\"],\"dependencyComplexity\":4,\"operationChain\":[\"transform\",\"compare\"],\"difficulty\":\"Medium\",\"difficultyScore\":5.1,\"difficultyLabel\":\"Medium\",\"difficultyMetadata\":{\"difficultyScore\":5.1,\"difficultyLabel\":\"Medium\",\"estimatedSolveTime\":104,\"operationCount\":2,\"reasoningDepth\":4,\"reasoningSteps\":[\"elimination: Start from the direct relation highlighted in the motif.\",\"multi-step: Add the equations: $(2x+y)+(x-y)=11+1$.\",\"direct: $3x=12$, so $x=4$. Then $4-y=1$, so $y=3$.\",\"direct: Therefore $x+y=4+3=7$.\"],\"dependencyComplexity\":4,\"operationChain\":[\"transform\",\"compare\"],\"usesPercentage\":false,\"usesRatio\":false,\"usesComparison\":false,\"visualComplexity\":0,\"inferenceComplexity\":4},\"generationMetrics\":{\"generationDurationMs\":1,\"validationRetries\":0,\"uniquenessFailures\":0,\"branchingFactor\":0,\"clueDensity\":0,\"inferenceDepth\":4,\"redundancyScore\":0}}]}",
        "{\"cachedQuestionCount\":1,\"selectedMotifs\":[\"eqn-lin-simultaneous\"],\"hasSolverTraces\":false,\"hasSvgSnapshots\":false,\"hasExplanationFlow\":false}",
        "2026-05-09T06:50:29.253Z"
      ],
      "cause": {
        "name": "PostgresError",
        "severity_local": "ERROR",
        "severity": "ERROR",
        "code": "42P01",
        "position": "13",
        "file": "parse_relation.c",
        "line": "1449",
        "routine": "parserOpenTable"
      }
    }
[12:20:29.919] [32mINFO[39m (33908): [36mrequest completed[39m
    [35mreq[39m: {
      "id": 46,
      "method": "POST",
      "url": "/api/generator/pattern"
    }
    [35mres[39m: {
      "statusCode": 200
    }
    [35mresponseTime[39m: 1335
[12:21:05.412] [33mWARN[39m (33908): [36mGeneration cache lookup failed; falling back to live generation[39m
    [35mpatternId[39m: "registry-equations-linear-medium"
    error: {
      "query": "select \"key\", \"pattern_id\", \"generation_domain\", \"generator_version\", \"motif_version\", \"topology_version\", \"request_fingerprint\", \"payload\", \"artifact_metadata\", \"created_at\", \"last_accessed_at\", \"hit_count\" from \"reasoning_scenario_cache\" where \"reasoning_scenario_cache\".\"key\" = $1 limit $2",
      "params": [
        "72b8fcdcae5a38c26399bb754d757aa956c22705702358a08325bd82228162be",
        1
      ],
      "cause": {
        "name": "PostgresError",
        "severity_local": "ERROR",
        "severity": "ERROR",
        "code": "42P01",
        "position": "214",
        "file": "parse_relation.c",
        "line": "1449",
        "routine": "parserOpenTable"
      }
    }
[12:21:05.418] [32mINFO[39m (33908): [36mrequest errored[39m
    [35mreq[39m: {
      "id": 47,
      "method": "POST",
      "url": "/api/generator/pattern"
    }
    [35mres[39m: {
      "statusCode": 500
    }
    [35mresponseTime[39m: 676
    err: {
      "type": "Error",
      "message": "failed with status code 500",
      "stack":
          Error: failed with status code 500
              at onResFinished (C:\Users\gurbaj\Downloads\f\node_modules\.pnpm\pino-http@10.5.0\node_modules\pino-http\logger.js:115:39)
              at ServerResponse.onResponseComplete (C:\Users\gurbaj\Downloads\f\node_modules\.pnpm\pino-http@10.5.0\node_modules\pino-http\logger.js:178:14)
              at ServerResponse.emit (node:events:520:35)
              at onFinish (node:_http_outgoing:1026:10)
              at callback (node:internal/streams/writable:764:21)
              at afterWrite (node:internal/streams/writable:708:5)
              at afterWriteTick (node:internal/streams/writable:694:10)
              at process.processTicksAndRejections (node:internal/process/task_queues:89:21)
    }
[12:21:06.103] [33mWARN[39m (33908): [36mGeneration cache lookup failed; falling back to live generation[39m
    [35mpatternId[39m: "registry-equations-linear-medium"
    error: {
      "query": "select \"key\", \"pattern_id\", \"generation_domain\", \"generator_version\", \"motif_version\", \"topology_version\", \"request_fingerprint\", \"payload\", \"artifact_metadata\", \"created_at\", \"last_accessed_at\", \"hit_count\" from \"reasoning_scenario_cache\" where \"reasoning_scenario_cache\".\"key\" = $1 limit $2",
      "params": [
        "6c4afb001013724898a1f1adb870227df201770bf7c2333f41ba3de97650fde4",
        1
      ],
      "cause": {
        "name": "PostgresError",
        "severity_local": "ERROR",
        "severity": "ERROR",
        "code": "42P01",
        "position": "214",
        "file": "parse_relation.c",
        "line": "1449",
        "routine": "parserOpenTable"
      }
    }
[12:21:06.108] [32mINFO[39m (33908): [36mrequest errored[39m
    [35mreq[39m: {
      "id": 48,
      "method": "POST",
      "url": "/api/generator/pattern"
    }
    [35mres[39m: {
      "statusCode": 500
    }
    [35mresponseTime[39m: 673
    err: {
      "type": "Error",
      "message": "failed with status code 500",
      "stack":
          Error: failed with status code 500
              at onResFinished (C:\Users\gurbaj\Downloads\f\node_modules\.pnpm\pino-http@10.5.0\node_modules\pino-http\logger.js:115:39)
              at ServerResponse.onResponseComplete (C:\Users\gurbaj\Downloads\f\node_modules\.pnpm\pino-http@10.5.0\node_modules\pino-http\logger.js:178:14)
              at ServerResponse.emit (node:events:520:35)
              at onFinish (node:_http_outgoing:1026:10)
              at callback (node:internal/streams/writable:764:21)
              at afterWrite (node:internal/streams/writable:708:5)
              at afterWriteTick (node:internal/streams/writable:694:10)
              at process.processTicksAndRejections (node:internal/process/task_queues:89:21)
    }
Generation metrics {
  patternId: 'registry-equations-linear-medium',
  topic: 'Equations: Linear Systems',
  subtopic: 'equations',
  generationId: 'gen_d721ef32',
  generationDomain: 'quant',
  selectedMotif: 'eqn-lin-simultaneous',
  difficultyLabel: 'Medium',
  metrics: {
    generationDurationMs: 0,
    validationRetries: 0,
    uniquenessFailures: 0,
    branchingFactor: 0,
    branchingComplexity: undefined,
    clueDensity: 0,
    inferenceDepth: 4,
    redundancyScore: 0,
    deductionDependencyScore: undefined,
    redundancyRatio: undefined,
    anchorDensity: undefined,
    directClueRatio: undefined
  }
}
[12:21:06.781] [33mWARN[39m (33908): [36mGeneration cache lookup failed; falling back to live generation[39m
    [35mpatternId[39m: "registry-equations-linear-medium"
    error: {
      "query": "select \"key\", \"pattern_id\", \"generation_domain\", \"generator_version\", \"motif_version\", \"topology_version\", \"request_fingerprint\", \"payload\", \"artifact_metadata\", \"created_at\", \"last_accessed_at\", \"hit_count\" from \"reasoning_scenario_cache\" where \"reasoning_scenario_cache\".\"key\" = $1 limit $2",
      "params": [
        "26c14c684f37a7919d2ac4339fd27bd7a9fabdbf27bf5ea88c2256ed6556b3ed",
        1
      ],
      "cause": {
        "name": "PostgresError",
        "severity_local": "ERROR",
        "severity": "ERROR",
        "code": "42P01",
        "position": "214",
        "file": "parse_relation.c",
        "line": "1449",
        "routine": "parserOpenTable"
      }
    }
[12:21:07.450] [33mWARN[39m (33908): [36mGeneration cache store failed; continuing without cache persistence[39m
    [35mpatternId[39m: "registry-equations-linear-medium"
    error: {
      "query": "insert into \"reasoning_scenario_cache\" (\"key\", \"pattern_id\", \"generation_domain\", \"generator_version\", \"motif_version\", \"topology_version\", \"request_fingerprint\", \"payload\", \"artifact_metadata\", \"created_at\", \"last_accessed_at\", \"hit_count\") values ($1, $2, $3, $4, $5, $6, $7, $8, $9, default, default, default) on conflict (\"key\") do update set \"generator_version\" = $10, \"motif_version\" = $11, \"topology_version\" = $12, \"payload\" = $13, \"artifact_metadata\" = $14, \"last_accessed_at\" = $15",
      "params": [
        "26c14c684f37a7919d2ac4339fd27bd7a9fabdbf27bf5ea88c2256ed6556b3ed",
        "registry-equations-linear-medium",
        "quant",
        "reasoning-generator-v1",
        "motif-registry-v1:50d22597967b72443e90908e2927903989e074e075c2190e6272e594d513e656",
        "topology-contract-v1:409c496459b1fc1a7b1e335f0b47e27c83be21a95c5dd9d7ddf09476ffefd733",
        "60d2d1dc64fb6940a04a31fd25c7101a9e1f50ed40deda51323fe0fc6b545cbd",
        "{\"generationContext\":{\"seed\":\"auto-seed:dac27cd4-4377-4e02-8cf7-69fca2a1aebc\",\"generationId\":\"gen_d721ef32\",\"timestamp\":1778309466115},\"questions\":[{\"text\":\"Solve the system $\\\\begin{cases}2x+y=11\\\\\\\\x-y=1\\\\end{cases}$. Find $x+y$.\",\"options\":[\"$7$\",\"$4$\",\"$3$\",\"$8$\"],\"correct\":0,\"explanation\":\"Add the equations: $(2x+y)+(x-y)=11+1$.\\n$3x=12$, so $x=4$. Then $4-y=1$, so $y=3$.\\nTherefore $x+y=4+3=7$.\\nFinal answer = $7$.\",\"section\":\"Quant\",\"topic\":\"Equations: Linear Systems\",\"subtopic\":\"equations\",\"optionMetadata\":[{\"value\":\"$7$\",\"isCorrect\":true,\"distractorType\":\"correct\",\"likelyMistake\":\"Correct equation path\",\"reasoningTrap\":\"None\"},{\"value\":\"$4$\",\"isCorrect\":false,\"distractorType\":\"wrongIntermediateValue\",\"likelyMistake\":\"Substitution_Direction_Flip\",\"reasoningTrap\":\"Substitution_Direction_Flip\"},{\"value\":\"$3$\",\"isCorrect\":false,\"distractorType\":\"wrongIntermediateValue\",\"likelyMistake\":\"Integer_Constraint_Violation\",\"reasoningTrap\":\"Integer_Constraint_Violation\"},{\"value\":\"$8$\",\"isCorrect\":false,\"distractorType\":\"wrongIntermediateValue\",\"likelyMistake\":\"Sign_Flip_Vieta\",\"reasoningTrap\":\"Sign_Flip_Vieta\"}],\"examRealismMetadata\":{\"examProfile\":\"custom\",\"wordingStyle\":\"balanced\",\"archetypeId\":\"easy-one-step-arithmetic\",\"archetypeCategory\":\"one-step-arithmetic\",\"reasoningTraps\":[\"Substitution_Direction_Flip\",\"Integer_Constraint_Violation\",\"Sign_Flip_Vieta\"],\"weightingSummary\":[\"Archetype weight 1.00\",\"Trap bias 1.00\",\"Inference bias 1.00\",\"Distractor mix wrongIntermediateValue, wrongIntermediateValue, wrongIntermediateValue\"]},\"debugMetadata\":{\"selectedPattern\":\"registry-equations-linear-medium\",\"seed\":\"auto-seed:dac27cd4-4377-4e02-8cf7-69fca2a1aebc\",\"generationId\":\"gen_d721ef32\",\"generationDomain\":\"quant\",\"selectedMotif\":\"eqn-lin-simultaneous\",\"selectedArchetype\":\"easy-one-step-arithmetic\",\"structuralSignatureKey\":\"eqn-lin-simultaneous::elimination-two-variable::4|3\",\"scenarioLogicBranch\":\"elimination-two-variable\",\"compatibilityWarnings\":[],\"generationMetrics\":{\"generationDurationMs\":0,\"validationRetries\":0,\"uniquenessFailures\":0,\"branchingFactor\":0,\"clueDensity\":0,\"inferenceDepth\":4,\"redundancyScore\":0},\"proceduralScenario\":{\"id\":\"quant:gen_d721ef32:registry-equations-linear-medium\",\"domain\":\"quant\",\"subtype\":\"equations\",\"metadata\":{\"patternId\":\"registry-equations-linear-medium\",\"topic\":\"Equations: Linear Systems\",\"subtopic\":\"equations\",\"generationDomain\":\"quant\",\"seed\":\"auto-seed:dac27cd4-4377-4e02-8cf7-69fca2a1aebc\"},\"entities\":[],\"constraints\":[{\"id\":\"quant-formula\",\"type\":\"formula\",\"operator\":\"EQUALS\",\"expression\":\"0\",\"metadata\":{\"variables\":[]}}],\"content\":{\"stem\":\"Solve the system $\\\\begin{cases}2x+y=11\\\\\\\\x-y=1\\\\end{cases}$. Find $x+y$.\",\"prompt\":\"Solve the system $\\\\begin{cases}2x+y=11\\\\\\\\x-y=1\\\\end{cases}$. Find $x+y$.\",\"options\":[\"$7$\",\"$4$\",\"$3$\",\"$8$\"],\"explanation\":\"Add the equations: $(2x+y)+(x-y)=11+1$.\\n$3x=12$, so $x=4$. Then $4-y=1$, so $y=3$.\\nTherefore $x+y=4+3=7$.\\nFinal answer = $7$.\",\"artifacts\":{}},\"difficulty\":{\"label\":\"Medium\",\"score\":5.1,\"inferenceDepth\":4,\"metrics\":{\"reasoningDepth\":4,\"dependencyComplexity\":4,\"estimatedSolveTime\":104,\"distractorCount\":3,\"calculationComplexity\":2,\"cognitiveLoadBase\":3.1,\"ambiguityScoreBase\":0}},\"validation\":{\"passed\":false,\"warnings\":[\"Scenario has no normalized entities.\"],\"metrics\":{\"clueCount\":0,\"inferenceDepth\":0,\"uniquenessVerified\":0,\"entityCount\":0,\"constraintCount\":1,\"hasPrompt\":1,\"warningCount\":0,\"difficultyScore\":5.1,\"reasoningDepth\":4,\"redundancyScore\":0,\"redundancyRatio\":0,\"hasFormula\":1}}},\"validationReportDetail\":{\"passed\":false,\"stageResults\":[{\"stage\":\"structural validity\",\"passed\":false,\"diagnostics\":[\"Scenario has no normalized entities.\"],\"metrics\":{\"entityCount\":0,\"constraintCount\":1,\"hasPrompt\":1}},{\"stage\":\"solvability\",\"passed\":true,\"diagnostics\":[],\"metrics\":{\"warningCount\":0}},{\"stage\":\"uniqueness\",\"passed\":true,\"diagnostics\":[],\"metrics\":{\"uniquenessVerified\":0}},{\"stage\":\"difficulty calibration\",\"passed\":true,\"diagnostics\":[],\"metrics\":{\"difficultyScore\":5.1,\"reasoningDepth\":4}},{\"stage\":\"redundancy analysis\",\"passed\":true,\"diagnostics\":[],\"metrics\":{\"redundancyScore\":0,\"redundancyRatio\":0}},{\"stage\":\"equation solvability\",\"passed\":true,\"diagnostics\":[],\"metrics\":{\"hasFormula\":1}}],\"warnings\":[\"Scenario has no normalized entities.\"],\"metrics\":{\"clueCount\":0,\"inferenceDepth\":0,\"uniquenessVerified\":0,\"entityCount\":0,\"constraintCount\":1,\"hasPrompt\":1,\"warningCount\":0,\"difficultyScore\":5.1,\"reasoningDepth\":4,\"redundancyScore\":0,\"redundancyRatio\":0,\"hasFormula\":1}},\"difficultyAssessment\":{\"difficultyLabel\":\"Medium\",\"difficultyScore\":5.1,\"cognitiveLoad\":2.47,\"inferenceDepth\":4,\"calculationComplexity\":2,\"distractorComplexity\":3,\"ambiguityScore\":1.05,\"solvingTimeEstimate\":104,\"domainContributions\":{\"operationCount\":2,\"visualComplexity\":0,\"inferenceComplexity\":4},\"metrics\":{\"reasoningDepth\":4,\"dependencyComplexity\":4,\"estimatedSolveTime\":104,\"distractorCount\":3,\"calculationComplexity\":2,\"cognitiveLoadBase\":3.1,\"ambiguityScoreBase\":0}},\"qualityAssessment\":{\"approved\":false,\"rejectionReasons\":[\"failed-validation\",\"low-realism-score\",\"weak-distractors\"],\"qualityMetrics\":{\"realismScore\":0,\"validationPassed\":0,\"structuralDiversityScore\":1,\"repeatedStructureWarnings\":0,\"directClueRatio\":0,\"difficultyConfidence\":10,\"distractorComplexity\":3,\"distractorTypeCount\":0,\"genericDistractorRatio\":1,\"hasStructuralSignature\":1}},\"extractedPatternIntelligence\":{\"domain\":\"quant\",\"structure\":{\"domain\":\"quant\",\"subtype\":\"equations\",\"entityCount\":0,\"constraintCount\":1,\"structureTokens\":[\"variables:\",\"constraint:formula\"],\"topology\":\"formula-network\",\"metadata\":{\"formula\":\"0\"}},\"difficulty\":{\"cognitiveLoad\":3.1,\"inferenceDepth\":4,\"calculationComplexity\":2,\"distractorComplexity\":3,\"ambiguityScore\":0,\"solvingTimeEstimate\":104,\"difficultyBand\":\"Medium\"},\"distractors\":[{\"type\":\"wrongIntermediateValue\",\"label\":\"wrongIntermediateValue\",\"trapType\":\"wrongIntermediateValue\",\"frequency\":3}],\"motifs\":[{\"motifId\":\"eqn-lin-simultaneous\",\"domain\":\"quant\",\"archetype\":\"general\",\"confidence\":0.95,\"metadata\":{\"generated\":\"selectedMotif\"}}]},\"structuralSignature\":{\"domain\":\"quant\",\"topologyHash\":\"sig_604ec201\",\"inferenceHash\":\"sig_78020efb\",\"motifHash\":\"sig_c9b7d000\",\"distractorHash\":\"sig_4306d95f\"},\"corpusAlignment\":{\"score\":8.43,\"deviations\":[{\"metric\":\"topology-frequency\",\"actual\":\"formula-network\",\"expected\":\"higher-frequency corpus topology\",\"message\":\"Topology is less common than the target corpus profile.\"},{\"metric\":\"distractor-pattern\",\"actual\":\"wrongIntermediateValue\",\"expected\":\"higher-frequency corpus distractor families\",\"message\":\"Distractor distribution is weaker or less corpus-like than expected.\"}],\"matchedPatterns\":[\"Clue density aligns with extracted PYQ corpus ranges.\",\"Inference depth tracks the target corpus difficulty curve.\",\"Wording complexity resembles the PYQ corpus style.\",\"Formula/calculation complexity aligns with corpus behavior.\"]},\"originalityScore\":{\"score\":7.68,\"penalties\":[\"Distractor ordering looks mechanically repeated.\",\"Wording normalization indicates a repeated surface template pattern.\"],\"diagnostics\":[\"PYQ-derived intelligence is treated as calibration guidance only, not as a template source.\",\"Clue topology penalty 0, formula repetition penalty 0, distractor ordering penalty 0.667.\",\"Corpus alignment pressure 0.128 while preserving topic weighting and realism guidance only.\"]},\"difficultyConfidence\":{\"predictedDifficulty\":\"Medium\",\"confidence\":8.54,\"explanation\":\"Intended difficulty Medium (5.1), predicted Medium (3.6). Signals used: solving complexity 2.5, elimination depth 0, branching 0, distractor quality 3. Human-solver simulation combined inference depth 4 with solver trace support 0 and branching factor 0.\"}},\"reasoningSteps\":[\"elimination: Start from the direct relation highlighted in the motif.\",\"multi-step: Add the equations: $(2x+y)+(x-y)=11+1$.\",\"direct: $3x=12$, so $x=4$. Then $4-y=1$, so $y=3$.\",\"direct: Therefore $x+y=4+3=7$.\"],\"dependencyComplexity\":4,\"operationChain\":[\"transform\",\"compare\"],\"difficulty\":\"Medium\",\"difficultyScore\":5.1,\"difficultyLabel\":\"Medium\",\"difficultyMetadata\":{\"difficultyScore\":5.1,\"difficultyLabel\":\"Medium\",\"estimatedSolveTime\":104,\"operationCount\":2,\"reasoningDepth\":4,\"reasoningSteps\":[\"elimination: Start from the direct relation highlighted in the motif.\",\"multi-step: Add the equations: $(2x+y)+(x-y)=11+1$.\",\"direct: $3x=12$, so $x=4$. Then $4-y=1$, so $y=3$.\",\"direct: Therefore $x+y=4+3=7$.\"],\"dependencyComplexity\":4,\"operationChain\":[\"transform\",\"compare\"],\"usesPercentage\":false,\"usesRatio\":false,\"usesComparison\":false,\"visualComplexity\":0,\"inferenceComplexity\":4},\"generationMetrics\":{\"generationDurationMs\":0,\"validationRetries\":0,\"uniquenessFailures\":0,\"branchingFactor\":0,\"clueDensity\":0,\"inferenceDepth\":4,\"redundancyScore\":0}}]}",
        "{\"cachedQuestionCount\":1,\"selectedMotifs\":[\"eqn-lin-simultaneous\"],\"hasSolverTraces\":false,\"hasSvgSnapshots\":false,\"hasExplanationFlow\":false}",
        "reasoning-generator-v1",
        "motif-registry-v1:50d22597967b72443e90908e2927903989e074e075c2190e6272e594d513e656",
        "topology-contract-v1:409c496459b1fc1a7b1e335f0b47e27c83be21a95c5dd9d7ddf09476ffefd733",
        "{\"generationContext\":{\"seed\":\"auto-seed:dac27cd4-4377-4e02-8cf7-69fca2a1aebc\",\"generationId\":\"gen_d721ef32\",\"timestamp\":1778309466115},\"questions\":[{\"text\":\"Solve the system $\\\\begin{cases}2x+y=11\\\\\\\\x-y=1\\\\end{cases}$. Find $x+y$.\",\"options\":[\"$7$\",\"$4$\",\"$3$\",\"$8$\"],\"correct\":0,\"explanation\":\"Add the equations: $(2x+y)+(x-y)=11+1$.\\n$3x=12$, so $x=4$. Then $4-y=1$, so $y=3$.\\nTherefore $x+y=4+3=7$.\\nFinal answer = $7$.\",\"section\":\"Quant\",\"topic\":\"Equations: Linear Systems\",\"subtopic\":\"equations\",\"optionMetadata\":[{\"value\":\"$7$\",\"isCorrect\":true,\"distractorType\":\"correct\",\"likelyMistake\":\"Correct equation path\",\"reasoningTrap\":\"None\"},{\"value\":\"$4$\",\"isCorrect\":false,\"distractorType\":\"wrongIntermediateValue\",\"likelyMistake\":\"Substitution_Direction_Flip\",\"reasoningTrap\":\"Substitution_Direction_Flip\"},{\"value\":\"$3$\",\"isCorrect\":false,\"distractorType\":\"wrongIntermediateValue\",\"likelyMistake\":\"Integer_Constraint_Violation\",\"reasoningTrap\":\"Integer_Constraint_Violation\"},{\"value\":\"$8$\",\"isCorrect\":false,\"distractorType\":\"wrongIntermediateValue\",\"likelyMistake\":\"Sign_Flip_Vieta\",\"reasoningTrap\":\"Sign_Flip_Vieta\"}],\"examRealismMetadata\":{\"examProfile\":\"custom\",\"wordingStyle\":\"balanced\",\"archetypeId\":\"easy-one-step-arithmetic\",\"archetypeCategory\":\"one-step-arithmetic\",\"reasoningTraps\":[\"Substitution_Direction_Flip\",\"Integer_Constraint_Violation\",\"Sign_Flip_Vieta\"],\"weightingSummary\":[\"Archetype weight 1.00\",\"Trap bias 1.00\",\"Inference bias 1.00\",\"Distractor mix wrongIntermediateValue, wrongIntermediateValue, wrongIntermediateValue\"]},\"debugMetadata\":{\"selectedPattern\":\"registry-equations-linear-medium\",\"seed\":\"auto-seed:dac27cd4-4377-4e02-8cf7-69fca2a1aebc\",\"generationId\":\"gen_d721ef32\",\"generationDomain\":\"quant\",\"selectedMotif\":\"eqn-lin-simultaneous\",\"selectedArchetype\":\"easy-one-step-arithmetic\",\"structuralSignatureKey\":\"eqn-lin-simultaneous::elimination-two-variable::4|3\",\"scenarioLogicBranch\":\"elimination-two-variable\",\"compatibilityWarnings\":[],\"generationMetrics\":{\"generationDurationMs\":0,\"validationRetries\":0,\"uniquenessFailures\":0,\"branchingFactor\":0,\"clueDensity\":0,\"inferenceDepth\":4,\"redundancyScore\":0},\"proceduralScenario\":{\"id\":\"quant:gen_d721ef32:registry-equations-linear-medium\",\"domain\":\"quant\",\"subtype\":\"equations\",\"metadata\":{\"patternId\":\"registry-equations-linear-medium\",\"topic\":\"Equations: Linear Systems\",\"subtopic\":\"equations\",\"generationDomain\":\"quant\",\"seed\":\"auto-seed:dac27cd4-4377-4e02-8cf7-69fca2a1aebc\"},\"entities\":[],\"constraints\":[{\"id\":\"quant-formula\",\"type\":\"formula\",\"operator\":\"EQUALS\",\"expression\":\"0\",\"metadata\":{\"variables\":[]}}],\"content\":{\"stem\":\"Solve the system $\\\\begin{cases}2x+y=11\\\\\\\\x-y=1\\\\end{cases}$. Find $x+y$.\",\"prompt\":\"Solve the system $\\\\begin{cases}2x+y=11\\\\\\\\x-y=1\\\\end{cases}$. Find $x+y$.\",\"options\":[\"$7$\",\"$4$\",\"$3$\",\"$8$\"],\"explanation\":\"Add the equations: $(2x+y)+(x-y)=11+1$.\\n$3x=12$, so $x=4$. Then $4-y=1$, so $y=3$.\\nTherefore $x+y=4+3=7$.\\nFinal answer = $7$.\",\"artifacts\":{}},\"difficulty\":{\"label\":\"Medium\",\"score\":5.1,\"inferenceDepth\":4,\"metrics\":{\"reasoningDepth\":4,\"dependencyComplexity\":4,\"estimatedSolveTime\":104,\"distractorCount\":3,\"calculationComplexity\":2,\"cognitiveLoadBase\":3.1,\"ambiguityScoreBase\":0}},\"validation\":{\"passed\":false,\"warnings\":[\"Scenario has no normalized entities.\"],\"metrics\":{\"clueCount\":0,\"inferenceDepth\":0,\"uniquenessVerified\":0,\"entityCount\":0,\"constraintCount\":1,\"hasPrompt\":1,\"warningCount\":0,\"difficultyScore\":5.1,\"reasoningDepth\":4,\"redundancyScore\":0,\"redundancyRatio\":0,\"hasFormula\":1}}},\"validationReportDetail\":{\"passed\":false,\"stageResults\":[{\"stage\":\"structural validity\",\"passed\":false,\"diagnostics\":[\"Scenario has no normalized entities.\"],\"metrics\":{\"entityCount\":0,\"constraintCount\":1,\"hasPrompt\":1}},{\"stage\":\"solvability\",\"passed\":true,\"diagnostics\":[],\"metrics\":{\"warningCount\":0}},{\"stage\":\"uniqueness\",\"passed\":true,\"diagnostics\":[],\"metrics\":{\"uniquenessVerified\":0}},{\"stage\":\"difficulty calibration\",\"passed\":true,\"diagnostics\":[],\"metrics\":{\"difficultyScore\":5.1,\"reasoningDepth\":4}},{\"stage\":\"redundancy analysis\",\"passed\":true,\"diagnostics\":[],\"metrics\":{\"redundancyScore\":0,\"redundancyRatio\":0}},{\"stage\":\"equation solvability\",\"passed\":true,\"diagnostics\":[],\"metrics\":{\"hasFormula\":1}}],\"warnings\":[\"Scenario has no normalized entities.\"],\"metrics\":{\"clueCount\":0,\"inferenceDepth\":0,\"uniquenessVerified\":0,\"entityCount\":0,\"constraintCount\":1,\"hasPrompt\":1,\"warningCount\":0,\"difficultyScore\":5.1,\"reasoningDepth\":4,\"redundancyScore\":0,\"redundancyRatio\":0,\"hasFormula\":1}},\"difficultyAssessment\":{\"difficultyLabel\":\"Medium\",\"difficultyScore\":5.1,\"cognitiveLoad\":2.47,\"inferenceDepth\":4,\"calculationComplexity\":2,\"distractorComplexity\":3,\"ambiguityScore\":1.05,\"solvingTimeEstimate\":104,\"domainContributions\":{\"operationCount\":2,\"visualComplexity\":0,\"inferenceComplexity\":4},\"metrics\":{\"reasoningDepth\":4,\"dependencyComplexity\":4,\"estimatedSolveTime\":104,\"distractorCount\":3,\"calculationComplexity\":2,\"cognitiveLoadBase\":3.1,\"ambiguityScoreBase\":0}},\"qualityAssessment\":{\"approved\":false,\"rejectionReasons\":[\"failed-validation\",\"low-realism-score\",\"weak-distractors\"],\"qualityMetrics\":{\"realismScore\":0,\"validationPassed\":0,\"structuralDiversityScore\":1,\"repeatedStructureWarnings\":0,\"directClueRatio\":0,\"difficultyConfidence\":10,\"distractorComplexity\":3,\"distractorTypeCount\":0,\"genericDistractorRatio\":1,\"hasStructuralSignature\":1}},\"extractedPatternIntelligence\":{\"domain\":\"quant\",\"structure\":{\"domain\":\"quant\",\"subtype\":\"equations\",\"entityCount\":0,\"constraintCount\":1,\"structureTokens\":[\"variables:\",\"constraint:formula\"],\"topology\":\"formula-network\",\"metadata\":{\"formula\":\"0\"}},\"difficulty\":{\"cognitiveLoad\":3.1,\"inferenceDepth\":4,\"calculationComplexity\":2,\"distractorComplexity\":3,\"ambiguityScore\":0,\"solvingTimeEstimate\":104,\"difficultyBand\":\"Medium\"},\"distractors\":[{\"type\":\"wrongIntermediateValue\",\"label\":\"wrongIntermediateValue\",\"trapType\":\"wrongIntermediateValue\",\"frequency\":3}],\"motifs\":[{\"motifId\":\"eqn-lin-simultaneous\",\"domain\":\"quant\",\"archetype\":\"general\",\"confidence\":0.95,\"metadata\":{\"generated\":\"selectedMotif\"}}]},\"structuralSignature\":{\"domain\":\"quant\",\"topologyHash\":\"sig_604ec201\",\"inferenceHash\":\"sig_78020efb\",\"motifHash\":\"sig_c9b7d000\",\"distractorHash\":\"sig_4306d95f\"},\"corpusAlignment\":{\"score\":8.43,\"deviations\":[{\"metric\":\"topology-frequency\",\"actual\":\"formula-network\",\"expected\":\"higher-frequency corpus topology\",\"message\":\"Topology is less common than the target corpus profile.\"},{\"metric\":\"distractor-pattern\",\"actual\":\"wrongIntermediateValue\",\"expected\":\"higher-frequency corpus distractor families\",\"message\":\"Distractor distribution is weaker or less corpus-like than expected.\"}],\"matchedPatterns\":[\"Clue density aligns with extracted PYQ corpus ranges.\",\"Inference depth tracks the target corpus difficulty curve.\",\"Wording complexity resembles the PYQ corpus style.\",\"Formula/calculation complexity aligns with corpus behavior.\"]},\"originalityScore\":{\"score\":7.68,\"penalties\":[\"Distractor ordering looks mechanically repeated.\",\"Wording normalization indicates a repeated surface template pattern.\"],\"diagnostics\":[\"PYQ-derived intelligence is treated as calibration guidance only, not as a template source.\",\"Clue topology penalty 0, formula repetition penalty 0, distractor ordering penalty 0.667.\",\"Corpus alignment pressure 0.128 while preserving topic weighting and realism guidance only.\"]},\"difficultyConfidence\":{\"predictedDifficulty\":\"Medium\",\"confidence\":8.54,\"explanation\":\"Intended difficulty Medium (5.1), predicted Medium (3.6). Signals used: solving complexity 2.5, elimination depth 0, branching 0, distractor quality 3. Human-solver simulation combined inference depth 4 with solver trace support 0 and branching factor 0.\"}},\"reasoningSteps\":[\"elimination: Start from the direct relation highlighted in the motif.\",\"multi-step: Add the equations: $(2x+y)+(x-y)=11+1$.\",\"direct: $3x=12$, so $x=4$. Then $4-y=1$, so $y=3$.\",\"direct: Therefore $x+y=4+3=7$.\"],\"dependencyComplexity\":4,\"operationChain\":[\"transform\",\"compare\"],\"difficulty\":\"Medium\",\"difficultyScore\":5.1,\"difficultyLabel\":\"Medium\",\"difficultyMetadata\":{\"difficultyScore\":5.1,\"difficultyLabel\":\"Medium\",\"estimatedSolveTime\":104,\"operationCount\":2,\"reasoningDepth\":4,\"reasoningSteps\":[\"elimination: Start from the direct relation highlighted in the motif.\",\"multi-step: Add the equations: $(2x+y)+(x-y)=11+1$.\",\"direct: $3x=12$, so $x=4$. Then $4-y=1$, so $y=3$.\",\"direct: Therefore $x+y=4+3=7$.\"],\"dependencyComplexity\":4,\"operationChain\":[\"transform\",\"compare\"],\"usesPercentage\":false,\"usesRatio\":false,\"usesComparison\":false,\"visualComplexity\":0,\"inferenceComplexity\":4},\"generationMetrics\":{\"generationDurationMs\":0,\"validationRetries\":0,\"uniquenessFailures\":0,\"branchingFactor\":0,\"clueDensity\":0,\"inferenceDepth\":4,\"redundancyScore\":0}}]}",
        "{\"cachedQuestionCount\":1,\"selectedMotifs\":[\"eqn-lin-simultaneous\"],\"hasSolverTraces\":false,\"hasSvgSnapshots\":false,\"hasExplanationFlow\":false}",
        "2026-05-09T06:51:06.785Z"
      ],
      "cause": {
        "name": "PostgresError",
        "severity_local": "ERROR",
        "severity": "ERROR",
        "code": "42P01",
        "position": "13",
        "file": "parse_relation.c",
        "line": "1449",
        "routine": "parserOpenTable"
      }
    }
[12:21:07.451] [32mINFO[39m (33908): [36mrequest completed[39m
    [35mreq[39m: {
      "id": 49,
      "method": "POST",
      "url": "/api/generator/pattern"
    }
    [35mres[39m: {
      "statusCode": 200
    }
    [35mresponseTime[39m: 1339
Generation metrics {
  patternId: 'registry-equations-linear-medium',
  topic: 'Equations: Linear Systems',
  subtopic: 'equations',
  generationId: 'gen_38330faa',
  generationDomain: 'quant',
  selectedMotif: 'eqn-lin-fractional',
  difficultyLabel: 'Medium',
  metrics: {
    generationDurationMs: 1,
    validationRetries: 0,
    uniquenessFailures: 0,
    branchingFactor: 0,
    branchingComplexity: undefined,
    clueDensity: 0,
    inferenceDepth: 3,
    redundancyScore: 0,
    deductionDependencyScore: undefined,
    redundancyRatio: undefined,
    anchorDensity: undefined,
    directClueRatio: undefined
  }
}
[12:21:08.159] [33mWARN[39m (33908): [36mGeneration cache lookup failed; falling back to live generation[39m
    [35mpatternId[39m: "registry-equations-linear-medium"
    error: {
      "query": "select \"key\", \"pattern_id\", \"generation_domain\", \"generator_version\", \"motif_version\", \"topology_version\", \"request_fingerprint\", \"payload\", \"artifact_metadata\", \"created_at\", \"last_accessed_at\", \"hit_count\" from \"reasoning_scenario_cache\" where \"reasoning_scenario_cache\".\"key\" = $1 limit $2",
      "params": [
        "c7812cd27ff232e15544fa15e182512db27d481803b49e15f836e919ca2fd2a7",
        1
      ],
      "cause": {
        "name": "PostgresError",
        "severity_local": "ERROR",
        "severity": "ERROR",
        "code": "42P01",
        "position": "214",
        "file": "parse_relation.c",
        "line": "1449",
        "routine": "parserOpenTable"
      }
    }
[12:21:08.829] [33mWARN[39m (33908): [36mGeneration cache store failed; continuing without cache persistence[39m
    [35mpatternId[39m: "registry-equations-linear-medium"
    error: {
      "query": "insert into \"reasoning_scenario_cache\" (\"key\", \"pattern_id\", \"generation_domain\", \"generator_version\", \"motif_version\", \"topology_version\", \"request_fingerprint\", \"payload\", \"artifact_metadata\", \"created_at\", \"last_accessed_at\", \"hit_count\") values ($1, $2, $3, $4, $5, $6, $7, $8, $9, default, default, default) on conflict (\"key\") do update set \"generator_version\" = $10, \"motif_version\" = $11, \"topology_version\" = $12, \"payload\" = $13, \"artifact_metadata\" = $14, \"last_accessed_at\" = $15",
      "params": [
        "c7812cd27ff232e15544fa15e182512db27d481803b49e15f836e919ca2fd2a7",
        "registry-equations-linear-medium",
        "quant",
        "reasoning-generator-v1",
        "motif-registry-v1:50d22597967b72443e90908e2927903989e074e075c2190e6272e594d513e656",
        "topology-contract-v1:409c496459b1fc1a7b1e335f0b47e27c83be21a95c5dd9d7ddf09476ffefd733",
        "1d6d9d4aa46f891aba5f02a6753d1eb56b1a48a615dea8675270ca704ab20511",
        "{\"generationContext\":{\"seed\":\"auto-seed:bfecbfbe-be42-48b6-9af9-8c4027fed0ae\",\"generationId\":\"gen_38330faa\",\"timestamp\":1778309467494},\"questions\":[{\"text\":\"Solve the equation $5x-7=2x+11$.\",\"options\":[\"$x=6$\",\"$x=-6$\",\"$x=3$\",\"$x=18$\"],\"correct\":0,\"explanation\":\"Move variable terms to one side: $5x-2x=11+7$.\\n$3x=18$, so $x=6$.\\nFinal answer = $x=6$.\",\"section\":\"Quant\",\"topic\":\"Equations: Linear Systems\",\"subtopic\":\"equations\",\"optionMetadata\":[{\"value\":\"$x=6$\",\"isCorrect\":true,\"distractorType\":\"correct\",\"likelyMistake\":\"Correct equation path\",\"reasoningTrap\":\"None\"},{\"value\":\"$x=-6$\",\"isCorrect\":false,\"distractorType\":\"wrongIntermediateValue\",\"likelyMistake\":\"Sign_Flip_Vieta\",\"reasoningTrap\":\"Sign_Flip_Vieta\"},{\"value\":\"$x=3$\",\"isCorrect\":false,\"distractorType\":\"wrongIntermediateValue\",\"likelyMistake\":\"Substitution_Direction_Flip\",\"reasoningTrap\":\"Substitution_Direction_Flip\"},{\"value\":\"$x=18$\",\"isCorrect\":false,\"distractorType\":\"wrongIntermediateValue\",\"likelyMistake\":\"Integer_Constraint_Violation\",\"reasoningTrap\":\"Integer_Constraint_Violation\"}],\"examRealismMetadata\":{\"examProfile\":\"custom\",\"wordingStyle\":\"balanced\",\"archetypeId\":\"medium-multi-step-arithmetic\",\"archetypeCategory\":\"multi-step-arithmetic\",\"reasoningTraps\":[\"Sign_Flip_Vieta\",\"Substitution_Direction_Flip\",\"Integer_Constraint_Violation\"],\"weightingSummary\":[\"Archetype weight 1.00\",\"Trap bias 1.00\",\"Inference bias 1.00\",\"Distractor mix wrongIntermediateValue, wrongIntermediateValue, wrongIntermediateValue\"]},\"debugMetadata\":{\"selectedPattern\":\"registry-equations-linear-medium\",\"seed\":\"auto-seed:bfecbfbe-be42-48b6-9af9-8c4027fed0ae\",\"generationId\":\"gen_38330faa\",\"generationDomain\":\"quant\",\"selectedMotif\":\"eqn-lin-fractional\",\"selectedArchetype\":\"medium-multi-step-arithmetic\",\"structuralSignatureKey\":\"eqn-lin-fractional::linear-balance::5|2|18\",\"scenarioLogicBranch\":\"linear-balance\",\"compatibilityWarnings\":[],\"generationMetrics\":{\"generationDurationMs\":1,\"validationRetries\":0,\"uniquenessFailures\":0,\"branchingFactor\":0,\"clueDensity\":0,\"inferenceDepth\":3,\"redundancyScore\":0},\"proceduralScenario\":{\"id\":\"quant:gen_38330faa:registry-equations-linear-medium\",\"domain\":\"quant\",\"subtype\":\"equations\",\"metadata\":{\"patternId\":\"registry-equations-linear-medium\",\"topic\":\"Equations: Linear Systems\",\"subtopic\":\"equations\",\"generationDomain\":\"quant\",\"seed\":\"auto-seed:bfecbfbe-be42-48b6-9af9-8c4027fed0ae\"},\"entities\":[],\"constraints\":[{\"id\":\"quant-formula\",\"type\":\"formula\",\"operator\":\"EQUALS\",\"expression\":\"0\",\"metadata\":{\"variables\":[]}}],\"content\":{\"stem\":\"Solve the equation $5x-7=2x+11$.\",\"prompt\":\"Solve the equation $5x-7=2x+11$.\",\"options\":[\"$x=6$\",\"$x=-6$\",\"$x=3$\",\"$x=18$\"],\"explanation\":\"Move variable terms to one side: $5x-2x=11+7$.\\n$3x=18$, so $x=6$.\\nFinal answer = $x=6$.\",\"artifacts\":{}},\"difficulty\":{\"label\":\"Medium\",\"score\":4.3,\"inferenceDepth\":3,\"metrics\":{\"reasoningDepth\":3,\"dependencyComplexity\":3,\"estimatedSolveTime\":97,\"distractorCount\":3,\"calculationComplexity\":3,\"cognitiveLoadBase\":2.7,\"ambiguityScoreBase\":0}},\"validation\":{\"passed\":false,\"warnings\":[\"Scenario has no normalized entities.\"],\"metrics\":{\"clueCount\":0,\"inferenceDepth\":0,\"uniquenessVerified\":0,\"entityCount\":0,\"constraintCount\":1,\"hasPrompt\":1,\"warningCount\":0,\"difficultyScore\":4.3,\"reasoningDepth\":3,\"redundancyScore\":0,\"redundancyRatio\":0,\"hasFormula\":1}}},\"validationReportDetail\":{\"passed\":false,\"stageResults\":[{\"stage\":\"structural validity\",\"passed\":false,\"diagnostics\":[\"Scenario has no normalized entities.\"],\"metrics\":{\"entityCount\":0,\"constraintCount\":1,\"hasPrompt\":1}},{\"stage\":\"solvability\",\"passed\":true,\"diagnostics\":[],\"metrics\":{\"warningCount\":0}},{\"stage\":\"uniqueness\",\"passed\":true,\"diagnostics\":[],\"metrics\":{\"uniquenessVerified\":0}},{\"stage\":\"difficulty calibration\",\"passed\":true,\"diagnostics\":[],\"metrics\":{\"difficultyScore\":4.3,\"reasoningDepth\":3}},{\"stage\":\"redundancy analysis\",\"passed\":true,\"diagnostics\":[],\"metrics\":{\"redundancyScore\":0,\"redundancyRatio\":0}},{\"stage\":\"equation solvability\",\"passed\":true,\"diagnostics\":[],\"metrics\":{\"hasFormula\":1}}],\"warnings\":[\"Scenario has no normalized entities.\"],\"metrics\":{\"clueCount\":0,\"inferenceDepth\":0,\"uniquenessVerified\":0,\"entityCount\":0,\"constraintCount\":1,\"hasPrompt\":1,\"warningCount\":0,\"difficultyScore\":4.3,\"reasoningDepth\":3,\"redundancyScore\":0,\"redundancyRatio\":0,\"hasFormula\":1}},\"difficultyAssessment\":{\"difficultyLabel\":\"Medium\",\"difficultyScore\":4.3,\"cognitiveLoad\":2.65,\"inferenceDepth\":3,\"calculationComplexity\":3,\"distractorComplexity\":3,\"ambiguityScore\":1.05,\"solvingTimeEstimate\":97,\"domainContributions\":{\"operationCount\":3,\"visualComplexity\":0,\"inferenceComplexity\":3},\"metrics\":{\"reasoningDepth\":3,\"dependencyComplexity\":3,\"estimatedSolveTime\":97,\"distractorCount\":3,\"calculationComplexity\":3,\"cognitiveLoadBase\":2.7,\"ambiguityScoreBase\":0}},\"qualityAssessment\":{\"approved\":false,\"rejectionReasons\":[\"failed-validation\",\"low-realism-score\",\"weak-distractors\"],\"qualityMetrics\":{\"realismScore\":0,\"validationPassed\":0,\"structuralDiversityScore\":1,\"repeatedStructureWarnings\":0,\"directClueRatio\":0,\"difficultyConfidence\":10,\"distractorComplexity\":3,\"distractorTypeCount\":0,\"genericDistractorRatio\":1,\"hasStructuralSignature\":1}},\"extractedPatternIntelligence\":{\"domain\":\"quant\",\"structure\":{\"domain\":\"quant\",\"subtype\":\"equations\",\"entityCount\":0,\"constraintCount\":1,\"structureTokens\":[\"variables:\",\"constraint:formula\"],\"topology\":\"formula-network\",\"metadata\":{\"formula\":\"0\"}},\"difficulty\":{\"cognitiveLoad\":2.7,\"inferenceDepth\":3,\"calculationComplexity\":3,\"distractorComplexity\":3,\"ambiguityScore\":0,\"solvingTimeEstimate\":97,\"difficultyBand\":\"Medium\"},\"distractors\":[{\"type\":\"wrongIntermediateValue\",\"label\":\"wrongIntermediateValue\",\"trapType\":\"wrongIntermediateValue\",\"frequency\":3}],\"motifs\":[{\"motifId\":\"eqn-lin-fractional\",\"domain\":\"quant\",\"archetype\":\"general\",\"confidence\":0.95,\"metadata\":{\"generated\":\"selectedMotif\"}}]},\"structuralSignature\":{\"domain\":\"quant\",\"topologyHash\":\"sig_604ec201\",\"inferenceHash\":\"sig_2f396e69\",\"motifHash\":\"sig_f9a31ab2\",\"distractorHash\":\"sig_4306d95f\"},\"corpusAlignment\":{\"score\":8.43,\"deviations\":[{\"metric\":\"topology-frequency\",\"actual\":\"formula-network\",\"expected\":\"higher-frequency corpus topology\",\"message\":\"Topology is less common than the target corpus profile.\"},{\"metric\":\"distractor-pattern\",\"actual\":\"wrongIntermediateValue\",\"expected\":\"higher-frequency corpus distractor families\",\"message\":\"Distractor distribution is weaker or less corpus-like than expected.\"}],\"matchedPatterns\":[\"Clue density aligns with extracted PYQ corpus ranges.\",\"Inference depth tracks the target corpus difficulty curve.\",\"Wording complexity resembles the PYQ corpus style.\",\"Formula/calculation complexity aligns with corpus behavior.\"]},\"originalityScore\":{\"score\":7.73,\"penalties\":[\"Distractor ordering looks mechanically repeated.\",\"Wording normalization indicates a repeated surface template pattern.\"],\"diagnostics\":[\"PYQ-derived intelligence is treated as calibration guidance only, not as a template source.\",\"Clue topology penalty 0, formula repetition penalty 0, distractor ordering penalty 0.667.\",\"Corpus alignment pressure 0.128 while preserving topic weighting and realism guidance only.\"]},\"difficultyConfidence\":{\"predictedDifficulty\":\"Medium\",\"confidence\":9.53,\"explanation\":\"Intended difficulty Medium (4.3), predicted Medium (3.5). Signals used: solving complexity 2.6, elimination depth 0, branching 0, distractor quality 3. Human-solver simulation combined inference depth 3 with solver trace support 0 and branching factor 0.\"}},\"reasoningSteps\":[\"clear denominators: Start from the direct relation highlighted in the motif.\",\"direct: Move variable terms to one side: $5x-2x=11+7$.\",\"direct: $3x=18$, so $x=6$.\"],\"dependencyComplexity\":3,\"operationChain\":[\"transform\",\"aggregate\",\"compare\"],\"difficulty\":\"Medium\",\"difficultyScore\":4.3,\"difficultyLabel\":\"Medium\",\"difficultyMetadata\":{\"difficultyScore\":4.3,\"difficultyLabel\":\"Medium\",\"estimatedSolveTime\":97,\"operationCount\":3,\"reasoningDepth\":3,\"reasoningSteps\":[\"clear denominators: Start from the direct relation highlighted in the motif.\",\"direct: Move variable terms to one side: $5x-2x=11+7$.\",\"direct: $3x=18$, so $x=6$.\"],\"dependencyComplexity\":3,\"operationChain\":[\"transform\",\"aggregate\",\"compare\"],\"usesPercentage\":false,\"usesRatio\":false,\"usesComparison\":false,\"visualComplexity\":0,\"inferenceComplexity\":3},\"generationMetrics\":{\"generationDurationMs\":1,\"validationRetries\":0,\"uniquenessFailures\":0,\"branchingFactor\":0,\"clueDensity\":0,\"inferenceDepth\":3,\"redundancyScore\":0}}]}",
        "{\"cachedQuestionCount\":1,\"selectedMotifs\":[\"eqn-lin-fractional\"],\"hasSolverTraces\":false,\"hasSvgSnapshots\":false,\"hasExplanationFlow\":false}",
        "reasoning-generator-v1",
        "motif-registry-v1:50d22597967b72443e90908e2927903989e074e075c2190e6272e594d513e656",
        "topology-contract-v1:409c496459b1fc1a7b1e335f0b47e27c83be21a95c5dd9d7ddf09476ffefd733",
        "{\"generationContext\":{\"seed\":\"auto-seed:bfecbfbe-be42-48b6-9af9-8c4027fed0ae\",\"generationId\":\"gen_38330faa\",\"timestamp\":1778309467494},\"questions\":[{\"text\":\"Solve the equation $5x-7=2x+11$.\",\"options\":[\"$x=6$\",\"$x=-6$\",\"$x=3$\",\"$x=18$\"],\"correct\":0,\"explanation\":\"Move variable terms to one side: $5x-2x=11+7$.\\n$3x=18$, so $x=6$.\\nFinal answer = $x=6$.\",\"section\":\"Quant\",\"topic\":\"Equations: Linear Systems\",\"subtopic\":\"equations\",\"optionMetadata\":[{\"value\":\"$x=6$\",\"isCorrect\":true,\"distractorType\":\"correct\",\"likelyMistake\":\"Correct equation path\",\"reasoningTrap\":\"None\"},{\"value\":\"$x=-6$\",\"isCorrect\":false,\"distractorType\":\"wrongIntermediateValue\",\"likelyMistake\":\"Sign_Flip_Vieta\",\"reasoningTrap\":\"Sign_Flip_Vieta\"},{\"value\":\"$x=3$\",\"isCorrect\":false,\"distractorType\":\"wrongIntermediateValue\",\"likelyMistake\":\"Substitution_Direction_Flip\",\"reasoningTrap\":\"Substitution_Direction_Flip\"},{\"value\":\"$x=18$\",\"isCorrect\":false,\"distractorType\":\"wrongIntermediateValue\",\"likelyMistake\":\"Integer_Constraint_Violation\",\"reasoningTrap\":\"Integer_Constraint_Violation\"}],\"examRealismMetadata\":{\"examProfile\":\"custom\",\"wordingStyle\":\"balanced\",\"archetypeId\":\"medium-multi-step-arithmetic\",\"archetypeCategory\":\"multi-step-arithmetic\",\"reasoningTraps\":[\"Sign_Flip_Vieta\",\"Substitution_Direction_Flip\",\"Integer_Constraint_Violation\"],\"weightingSummary\":[\"Archetype weight 1.00\",\"Trap bias 1.00\",\"Inference bias 1.00\",\"Distractor mix wrongIntermediateValue, wrongIntermediateValue, wrongIntermediateValue\"]},\"debugMetadata\":{\"selectedPattern\":\"registry-equations-linear-medium\",\"seed\":\"auto-seed:bfecbfbe-be42-48b6-9af9-8c4027fed0ae\",\"generationId\":\"gen_38330faa\",\"generationDomain\":\"quant\",\"selectedMotif\":\"eqn-lin-fractional\",\"selectedArchetype\":\"medium-multi-step-arithmetic\",\"structuralSignatureKey\":\"eqn-lin-fractional::linear-balance::5|2|18\",\"scenarioLogicBranch\":\"linear-balance\",\"compatibilityWarnings\":[],\"generationMetrics\":{\"generationDurationMs\":1,\"validationRetries\":0,\"uniquenessFailures\":0,\"branchingFactor\":0,\"clueDensity\":0,\"inferenceDepth\":3,\"redundancyScore\":0},\"proceduralScenario\":{\"id\":\"quant:gen_38330faa:registry-equations-linear-medium\",\"domain\":\"quant\",\"subtype\":\"equations\",\"metadata\":{\"patternId\":\"registry-equations-linear-medium\",\"topic\":\"Equations: Linear Systems\",\"subtopic\":\"equations\",\"generationDomain\":\"quant\",\"seed\":\"auto-seed:bfecbfbe-be42-48b6-9af9-8c4027fed0ae\"},\"entities\":[],\"constraints\":[{\"id\":\"quant-formula\",\"type\":\"formula\",\"operator\":\"EQUALS\",\"expression\":\"0\",\"metadata\":{\"variables\":[]}}],\"content\":{\"stem\":\"Solve the equation $5x-7=2x+11$.\",\"prompt\":\"Solve the equation $5x-7=2x+11$.\",\"options\":[\"$x=6$\",\"$x=-6$\",\"$x=3$\",\"$x=18$\"],\"explanation\":\"Move variable terms to one side: $5x-2x=11+7$.\\n$3x=18$, so $x=6$.\\nFinal answer = $x=6$.\",\"artifacts\":{}},\"difficulty\":{\"label\":\"Medium\",\"score\":4.3,\"inferenceDepth\":3,\"metrics\":{\"reasoningDepth\":3,\"dependencyComplexity\":3,\"estimatedSolveTime\":97,\"distractorCount\":3,\"calculationComplexity\":3,\"cognitiveLoadBase\":2.7,\"ambiguityScoreBase\":0}},\"validation\":{\"passed\":false,\"warnings\":[\"Scenario has no normalized entities.\"],\"metrics\":{\"clueCount\":0,\"inferenceDepth\":0,\"uniquenessVerified\":0,\"entityCount\":0,\"constraintCount\":1,\"hasPrompt\":1,\"warningCount\":0,\"difficultyScore\":4.3,\"reasoningDepth\":3,\"redundancyScore\":0,\"redundancyRatio\":0,\"hasFormula\":1}}},\"validationReportDetail\":{\"passed\":false,\"stageResults\":[{\"stage\":\"structural validity\",\"passed\":false,\"diagnostics\":[\"Scenario has no normalized entities.\"],\"metrics\":{\"entityCount\":0,\"constraintCount\":1,\"hasPrompt\":1}},{\"stage\":\"solvability\",\"passed\":true,\"diagnostics\":[],\"metrics\":{\"warningCount\":0}},{\"stage\":\"uniqueness\",\"passed\":true,\"diagnostics\":[],\"metrics\":{\"uniquenessVerified\":0}},{\"stage\":\"difficulty calibration\",\"passed\":true,\"diagnostics\":[],\"metrics\":{\"difficultyScore\":4.3,\"reasoningDepth\":3}},{\"stage\":\"redundancy analysis\",\"passed\":true,\"diagnostics\":[],\"metrics\":{\"redundancyScore\":0,\"redundancyRatio\":0}},{\"stage\":\"equation solvability\",\"passed\":true,\"diagnostics\":[],\"metrics\":{\"hasFormula\":1}}],\"warnings\":[\"Scenario has no normalized entities.\"],\"metrics\":{\"clueCount\":0,\"inferenceDepth\":0,\"uniquenessVerified\":0,\"entityCount\":0,\"constraintCount\":1,\"hasPrompt\":1,\"warningCount\":0,\"difficultyScore\":4.3,\"reasoningDepth\":3,\"redundancyScore\":0,\"redundancyRatio\":0,\"hasFormula\":1}},\"difficultyAssessment\":{\"difficultyLabel\":\"Medium\",\"difficultyScore\":4.3,\"cognitiveLoad\":2.65,\"inferenceDepth\":3,\"calculationComplexity\":3,\"distractorComplexity\":3,\"ambiguityScore\":1.05,\"solvingTimeEstimate\":97,\"domainContributions\":{\"operationCount\":3,\"visualComplexity\":0,\"inferenceComplexity\":3},\"metrics\":{\"reasoningDepth\":3,\"dependencyComplexity\":3,\"estimatedSolveTime\":97,\"distractorCount\":3,\"calculationComplexity\":3,\"cognitiveLoadBase\":2.7,\"ambiguityScoreBase\":0}},\"qualityAssessment\":{\"approved\":false,\"rejectionReasons\":[\"failed-validation\",\"low-realism-score\",\"weak-distractors\"],\"qualityMetrics\":{\"realismScore\":0,\"validationPassed\":0,\"structuralDiversityScore\":1,\"repeatedStructureWarnings\":0,\"directClueRatio\":0,\"difficultyConfidence\":10,\"distractorComplexity\":3,\"distractorTypeCount\":0,\"genericDistractorRatio\":1,\"hasStructuralSignature\":1}},\"extractedPatternIntelligence\":{\"domain\":\"quant\",\"structure\":{\"domain\":\"quant\",\"subtype\":\"equations\",\"entityCount\":0,\"constraintCount\":1,\"structureTokens\":[\"variables:\",\"constraint:formula\"],\"topology\":\"formula-network\",\"metadata\":{\"formula\":\"0\"}},\"difficulty\":{\"cognitiveLoad\":2.7,\"inferenceDepth\":3,\"calculationComplexity\":3,\"distractorComplexity\":3,\"ambiguityScore\":0,\"solvingTimeEstimate\":97,\"difficultyBand\":\"Medium\"},\"distractors\":[{\"type\":\"wrongIntermediateValue\",\"label\":\"wrongIntermediateValue\",\"trapType\":\"wrongIntermediateValue\",\"frequency\":3}],\"motifs\":[{\"motifId\":\"eqn-lin-fractional\",\"domain\":\"quant\",\"archetype\":\"general\",\"confidence\":0.95,\"metadata\":{\"generated\":\"selectedMotif\"}}]},\"structuralSignature\":{\"domain\":\"quant\",\"topologyHash\":\"sig_604ec201\",\"inferenceHash\":\"sig_2f396e69\",\"motifHash\":\"sig_f9a31ab2\",\"distractorHash\":\"sig_4306d95f\"},\"corpusAlignment\":{\"score\":8.43,\"deviations\":[{\"metric\":\"topology-frequency\",\"actual\":\"formula-network\",\"expected\":\"higher-frequency corpus topology\",\"message\":\"Topology is less common than the target corpus profile.\"},{\"metric\":\"distractor-pattern\",\"actual\":\"wrongIntermediateValue\",\"expected\":\"higher-frequency corpus distractor families\",\"message\":\"Distractor distribution is weaker or less corpus-like than expected.\"}],\"matchedPatterns\":[\"Clue density aligns with extracted PYQ corpus ranges.\",\"Inference depth tracks the target corpus difficulty curve.\",\"Wording complexity resembles the PYQ corpus style.\",\"Formula/calculation complexity aligns with corpus behavior.\"]},\"originalityScore\":{\"score\":7.73,\"penalties\":[\"Distractor ordering looks mechanically repeated.\",\"Wording normalization indicates a repeated surface template pattern.\"],\"diagnostics\":[\"PYQ-derived intelligence is treated as calibration guidance only, not as a template source.\",\"Clue topology penalty 0, formula repetition penalty 0, distractor ordering penalty 0.667.\",\"Corpus alignment pressure 0.128 while preserving topic weighting and realism guidance only.\"]},\"difficultyConfidence\":{\"predictedDifficulty\":\"Medium\",\"confidence\":9.53,\"explanation\":\"Intended difficulty Medium (4.3), predicted Medium (3.5). Signals used: solving complexity 2.6, elimination depth 0, branching 0, distractor quality 3. Human-solver simulation combined inference depth 3 with solver trace support 0 and branching factor 0.\"}},\"reasoningSteps\":[\"clear denominators: Start from the direct relation highlighted in the motif.\",\"direct: Move variable terms to one side: $5x-2x=11+7$.\",\"direct: $3x=18$, so $x=6$.\"],\"dependencyComplexity\":3,\"operationChain\":[\"transform\",\"aggregate\",\"compare\"],\"difficulty\":\"Medium\",\"difficultyScore\":4.3,\"difficultyLabel\":\"Medium\",\"difficultyMetadata\":{\"difficultyScore\":4.3,\"difficultyLabel\":\"Medium\",\"estimatedSolveTime\":97,\"operationCount\":3,\"reasoningDepth\":3,\"reasoningSteps\":[\"clear denominators: Start from the direct relation highlighted in the motif.\",\"direct: Move variable terms to one side: $5x-2x=11+7$.\",\"direct: $3x=18$, so $x=6$.\"],\"dependencyComplexity\":3,\"operationChain\":[\"transform\",\"aggregate\",\"compare\"],\"usesPercentage\":false,\"usesRatio\":false,\"usesComparison\":false,\"visualComplexity\":0,\"inferenceComplexity\":3},\"generationMetrics\":{\"generationDurationMs\":1,\"validationRetries\":0,\"uniquenessFailures\":0,\"branchingFactor\":0,\"clueDensity\":0,\"inferenceDepth\":3,\"redundancyScore\":0}}]}",
        "{\"cachedQuestionCount\":1,\"selectedMotifs\":[\"eqn-lin-fractional\"],\"hasSolverTraces\":false,\"hasSvgSnapshots\":false,\"hasExplanationFlow\":false}",
        "2026-05-09T06:51:08.164Z"
      ],
      "cause": {
        "name": "PostgresError",
        "severity_local": "ERROR",
        "severity": "ERROR",
        "code": "42P01",
        "position": "13",
        "file": "parse_relation.c",
        "line": "1449",
        "routine": "parserOpenTable"
      }
    }
[12:21:08.830] [32mINFO[39m (33908): [36mrequest completed[39m
    [35mreq[39m: {
      "id": 50,
      "method": "POST",
      "url": "/api/generator/pattern"
    }
    [35mres[39m: {
      "statusCode": 200
    }
    [35mresponseTime[39m: 1339
[12:21:09.511] [33mWARN[39m (33908): [36mGeneration cache lookup failed; falling back to live generation[39m
    [35mpatternId[39m: "registry-equations-linear-medium"
    error: {
      "query": "select \"key\", \"pattern_id\", \"generation_domain\", \"generator_version\", \"motif_version\", \"topology_version\", \"request_fingerprint\", \"payload\", \"artifact_metadata\", \"created_at\", \"last_accessed_at\", \"hit_count\" from \"reasoning_scenario_cache\" where \"reasoning_scenario_cache\".\"key\" = $1 limit $2",
      "params": [
        "5417570c5c7ab14df8092f61cc4804e91f00d7717acb639e9ae041399174f9fd",
        1
      ],
      "cause": {
        "name": "PostgresError",
        "severity_local": "ERROR",
        "severity": "ERROR",
        "code": "42P01",
        "position": "214",
        "file": "parse_relation.c",
        "line": "1449",
        "routine": "parserOpenTable"
      }
    }
[12:21:09.517] [32mINFO[39m (33908): [36mrequest errored[39m
    [35mreq[39m: {
      "id": 51,
      "method": "POST",
      "url": "/api/generator/pattern"
    }
    [35mres[39m: {
      "statusCode": 500
    }
    [35mresponseTime[39m: 674
    err: {
      "type": "Error",
      "message": "failed with status code 500",
      "stack":
          Error: failed with status code 500
              at onResFinished (C:\Users\gurbaj\Downloads\f\node_modules\.pnpm\pino-http@10.5.0\node_modules\pino-http\logger.js:115:39)
              at ServerResponse.onResponseComplete (C:\Users\gurbaj\Downloads\f\node_modules\.pnpm\pino-http@10.5.0\node_modules\pino-http\logger.js:178:14)
              at ServerResponse.emit (node:events:520:35)
              at onFinish (node:_http_outgoing:1026:10)
              at callback (node:internal/streams/writable:764:21)
              at afterWrite (node:internal/streams/writable:708:5)
              at afterWriteTick (node:internal/streams/writable:694:10)
              at process.processTicksAndRejections (node:internal/process/task_queues:89:21)
    }
[12:21:10.190] [33mWARN[39m (33908): [36mGeneration cache lookup failed; falling back to live generation[39m
    [35mpatternId[39m: "registry-equations-linear-medium"
    error: {
      "query": "select \"key\", \"pattern_id\", \"generation_domain\", \"generator_version\", \"motif_version\", \"topology_version\", \"request_fingerprint\", \"payload\", \"artifact_metadata\", \"created_at\", \"last_accessed_at\", \"hit_count\" from \"reasoning_scenario_cache\" where \"reasoning_scenario_cache\".\"key\" = $1 limit $2",
      "params": [
        "cccf2f549c14a9b7e9dc790fc8e28c0c11f583a572c6057e98df4387c58e3c79",
        1
      ],
      "cause": {
        "name": "PostgresError",
        "severity_local": "ERROR",
        "severity": "ERROR",
        "code": "42P01",
        "position": "214",
        "file": "parse_relation.c",
        "line": "1449",
        "routine": "parserOpenTable"
      }
    }
[12:21:10.194] [32mINFO[39m (33908): [36mrequest errored[39m
    [35mreq[39m: {
      "id": 52,
      "method": "POST",
      "url": "/api/generator/pattern"
    }
    [35mres[39m: {
      "statusCode": 500
    }
    [35mresponseTime[39m: 671
    err: {
      "type": "Error",
      "message": "failed with status code 500",
      "stack":
          Error: failed with status code 500
              at onResFinished (C:\Users\gurbaj\Downloads\f\node_modules\.pnpm\pino-http@10.5.0\node_modules\pino-http\logger.js:115:39)
              at ServerResponse.onResponseComplete (C:\Users\gurbaj\Downloads\f\node_modules\.pnpm\pino-http@10.5.0\node_modules\pino-http\logger.js:178:14)
              at ServerResponse.emit (node:events:520:35)
              at onFinish (node:_http_outgoing:1026:10)
              at callback (node:internal/streams/writable:764:21)
              at afterWrite (node:internal/streams/writable:708:5)
              at afterWriteTick (node:internal/streams/writable:694:10)
              at process.processTicksAndRejections (node:internal/process/task_queues:89:21)
    }
Generation metrics {
  patternId: 'registry-equations-linear-medium',
  topic: 'Equations: Linear Systems',
  subtopic: 'equations',
  generationId: 'gen_a31fad85',
  generationDomain: 'quant',
  selectedMotif: 'eqn-lin-fractional',
  difficultyLabel: 'Medium',
  metrics: {
    generationDurationMs: 0,
    validationRetries: 0,
    uniquenessFailures: 0,
    branchingFactor: 0,
    branchingComplexity: undefined,
    clueDensity: 0,
    inferenceDepth: 3,
    redundancyScore: 0,
    deductionDependencyScore: undefined,
    redundancyRatio: undefined,
    anchorDensity: undefined,
    directClueRatio: undefined
  }
}
[12:21:10.866] [33mWARN[39m (33908): [36mGeneration cache lookup failed; falling back to live generation[39m
    [35mpatternId[39m: "registry-equations-linear-medium"
    error: {
      "query": "select \"key\", \"pattern_id\", \"generation_domain\", \"generator_version\", \"motif_version\", \"topology_version\", \"request_fingerprint\", \"payload\", \"artifact_metadata\", \"created_at\", \"last_accessed_at\", \"hit_count\" from \"reasoning_scenario_cache\" where \"reasoning_scenario_cache\".\"key\" = $1 limit $2",
      "params": [
        "72326af025094a0777b6fa579f3fda4e395dcfcc451212de86a29f4b79f6831d",
        1
      ],
      "cause": {
        "name": "PostgresError",
        "severity_local": "ERROR",
        "severity": "ERROR",
        "code": "42P01",
        "position": "214",
        "file": "parse_relation.c",
        "line": "1449",
        "routine": "parserOpenTable"
      }
    }
[12:21:11.538] [33mWARN[39m (33908): [36mGeneration cache store failed; continuing without cache persistence[39m
    [35mpatternId[39m: "registry-equations-linear-medium"
    error: {
      "query": "insert into \"reasoning_scenario_cache\" (\"key\", \"pattern_id\", \"generation_domain\", \"generator_version\", \"motif_version\", \"topology_version\", \"request_fingerprint\", \"payload\", \"artifact_metadata\", \"created_at\", \"last_accessed_at\", \"hit_count\") values ($1, $2, $3, $4, $5, $6, $7, $8, $9, default, default, default) on conflict (\"key\") do update set \"generator_version\" = $10, \"motif_version\" = $11, \"topology_version\" = $12, \"payload\" = $13, \"artifact_metadata\" = $14, \"last_accessed_at\" = $15",
      "params": [
        "72326af025094a0777b6fa579f3fda4e395dcfcc451212de86a29f4b79f6831d",
        "registry-equations-linear-medium",
        "quant",
        "reasoning-generator-v1",
        "motif-registry-v1:50d22597967b72443e90908e2927903989e074e075c2190e6272e594d513e656",
        "topology-contract-v1:409c496459b1fc1a7b1e335f0b47e27c83be21a95c5dd9d7ddf09476ffefd733",
        "83f5d5021cb915760a32a3d754788afdb36fdac9f5111dfe10eb9054b75f9561",
        "{\"generationContext\":{\"seed\":\"auto-seed:449d0a48-bfdd-4e85-997e-879c14d28de8\",\"generationId\":\"gen_a31fad85\",\"timestamp\":1778309470201},\"questions\":[{\"text\":\"Solve the equation $5x-7=2x+11$.\",\"options\":[\"$x=6$\",\"$x=-6$\",\"$x=3$\",\"$x=18$\"],\"correct\":0,\"explanation\":\"Move variable terms to one side: $5x-2x=11+7$.\\n$3x=18$, so $x=6$.\\nFinal answer = $x=6$.\",\"section\":\"Quant\",\"topic\":\"Equations: Linear Systems\",\"subtopic\":\"equations\",\"optionMetadata\":[{\"value\":\"$x=6$\",\"isCorrect\":true,\"distractorType\":\"correct\",\"likelyMistake\":\"Correct equation path\",\"reasoningTrap\":\"None\"},{\"value\":\"$x=-6$\",\"isCorrect\":false,\"distractorType\":\"wrongIntermediateValue\",\"likelyMistake\":\"Sign_Flip_Vieta\",\"reasoningTrap\":\"Sign_Flip_Vieta\"},{\"value\":\"$x=3$\",\"isCorrect\":false,\"distractorType\":\"wrongIntermediateValue\",\"likelyMistake\":\"Substitution_Direction_Flip\",\"reasoningTrap\":\"Substitution_Direction_Flip\"},{\"value\":\"$x=18$\",\"isCorrect\":false,\"distractorType\":\"wrongIntermediateValue\",\"likelyMistake\":\"Integer_Constraint_Violation\",\"reasoningTrap\":\"Integer_Constraint_Violation\"}],\"examRealismMetadata\":{\"examProfile\":\"custom\",\"wordingStyle\":\"balanced\",\"archetypeId\":\"easy-one-step-arithmetic\",\"archetypeCategory\":\"one-step-arithmetic\",\"reasoningTraps\":[\"Sign_Flip_Vieta\",\"Substitution_Direction_Flip\",\"Integer_Constraint_Violation\"],\"weightingSummary\":[\"Archetype weight 1.00\",\"Trap bias 1.00\",\"Inference bias 1.00\",\"Distractor mix wrongIntermediateValue, wrongIntermediateValue, wrongIntermediateValue\"]},\"debugMetadata\":{\"selectedPattern\":\"registry-equations-linear-medium\",\"seed\":\"auto-seed:449d0a48-bfdd-4e85-997e-879c14d28de8\",\"generationId\":\"gen_a31fad85\",\"generationDomain\":\"quant\",\"selectedMotif\":\"eqn-lin-fractional\",\"selectedArchetype\":\"easy-one-step-arithmetic\",\"structuralSignatureKey\":\"eqn-lin-fractional::linear-balance::5|2|18\",\"scenarioLogicBranch\":\"linear-balance\",\"compatibilityWarnings\":[],\"generationMetrics\":{\"generationDurationMs\":0,\"validationRetries\":0,\"uniquenessFailures\":0,\"branchingFactor\":0,\"clueDensity\":0,\"inferenceDepth\":3,\"redundancyScore\":0},\"proceduralScenario\":{\"id\":\"quant:gen_a31fad85:registry-equations-linear-medium\",\"domain\":\"quant\",\"subtype\":\"equations\",\"metadata\":{\"patternId\":\"registry-equations-linear-medium\",\"topic\":\"Equations: Linear Systems\",\"subtopic\":\"equations\",\"generationDomain\":\"quant\",\"seed\":\"auto-seed:449d0a48-bfdd-4e85-997e-879c14d28de8\"},\"entities\":[],\"constraints\":[{\"id\":\"quant-formula\",\"type\":\"formula\",\"operator\":\"EQUALS\",\"expression\":\"0\",\"metadata\":{\"variables\":[]}}],\"content\":{\"stem\":\"Solve the equation $5x-7=2x+11$.\",\"prompt\":\"Solve the equation $5x-7=2x+11$.\",\"options\":[\"$x=6$\",\"$x=-6$\",\"$x=3$\",\"$x=18$\"],\"explanation\":\"Move variable terms to one side: $5x-2x=11+7$.\\n$3x=18$, so $x=6$.\\nFinal answer = $x=6$.\",\"artifacts\":{}},\"difficulty\":{\"label\":\"Medium\",\"score\":4.3,\"inferenceDepth\":3,\"metrics\":{\"reasoningDepth\":3,\"dependencyComplexity\":3,\"estimatedSolveTime\":93,\"distractorCount\":3,\"calculationComplexity\":2,\"cognitiveLoadBase\":2.5,\"ambiguityScoreBase\":0}},\"validation\":{\"passed\":false,\"warnings\":[\"Scenario has no normalized entities.\"],\"metrics\":{\"clueCount\":0,\"inferenceDepth\":0,\"uniquenessVerified\":0,\"entityCount\":0,\"constraintCount\":1,\"hasPrompt\":1,\"warningCount\":0,\"difficultyScore\":4.3,\"reasoningDepth\":3,\"redundancyScore\":0,\"redundancyRatio\":0,\"hasFormula\":1}}},\"validationReportDetail\":{\"passed\":false,\"stageResults\":[{\"stage\":\"structural validity\",\"passed\":false,\"diagnostics\":[\"Scenario has no normalized entities.\"],\"metrics\":{\"entityCount\":0,\"constraintCount\":1,\"hasPrompt\":1}},{\"stage\":\"solvability\",\"passed\":true,\"diagnostics\":[],\"metrics\":{\"warningCount\":0}},{\"stage\":\"uniqueness\",\"passed\":true,\"diagnostics\":[],\"metrics\":{\"uniquenessVerified\":0}},{\"stage\":\"difficulty calibration\",\"passed\":true,\"diagnostics\":[],\"metrics\":{\"difficultyScore\":4.3,\"reasoningDepth\":3}},{\"stage\":\"redundancy analysis\",\"passed\":true,\"diagnostics\":[],\"metrics\":{\"redundancyScore\":0,\"redundancyRatio\":0}},{\"stage\":\"equation solvability\",\"passed\":true,\"diagnostics\":[],\"metrics\":{\"hasFormula\":1}}],\"warnings\":[\"Scenario has no normalized entities.\"],\"metrics\":{\"clueCount\":0,\"inferenceDepth\":0,\"uniquenessVerified\":0,\"entityCount\":0,\"constraintCount\":1,\"hasPrompt\":1,\"warningCount\":0,\"difficultyScore\":4.3,\"reasoningDepth\":3,\"redundancyScore\":0,\"redundancyRatio\":0,\"hasFormula\":1}},\"difficultyAssessment\":{\"difficultyLabel\":\"Medium\",\"difficultyScore\":4.3,\"cognitiveLoad\":2.23,\"inferenceDepth\":3,\"calculationComplexity\":2,\"distractorComplexity\":3,\"ambiguityScore\":1.05,\"solvingTimeEstimate\":93,\"domainContributions\":{\"operationCount\":2,\"visualComplexity\":0,\"inferenceComplexity\":3},\"metrics\":{\"reasoningDepth\":3,\"dependencyComplexity\":3,\"estimatedSolveTime\":93,\"distractorCount\":3,\"calculationComplexity\":2,\"cognitiveLoadBase\":2.5,\"ambiguityScoreBase\":0}},\"qualityAssessment\":{\"approved\":false,\"rejectionReasons\":[\"failed-validation\",\"low-realism-score\",\"weak-distractors\"],\"qualityMetrics\":{\"realismScore\":0,\"validationPassed\":0,\"structuralDiversityScore\":1,\"repeatedStructureWarnings\":0,\"directClueRatio\":0,\"difficultyConfidence\":10,\"distractorComplexity\":3,\"distractorTypeCount\":0,\"genericDistractorRatio\":1,\"hasStructuralSignature\":1}},\"extractedPatternIntelligence\":{\"domain\":\"quant\",\"structure\":{\"domain\":\"quant\",\"subtype\":\"equations\",\"entityCount\":0,\"constraintCount\":1,\"structureTokens\":[\"variables:\",\"constraint:formula\"],\"topology\":\"formula-network\",\"metadata\":{\"formula\":\"0\"}},\"difficulty\":{\"cognitiveLoad\":2.5,\"inferenceDepth\":3,\"calculationComplexity\":2,\"distractorComplexity\":3,\"ambiguityScore\":0,\"solvingTimeEstimate\":93,\"difficultyBand\":\"Medium\"},\"distractors\":[{\"type\":\"wrongIntermediateValue\",\"label\":\"wrongIntermediateValue\",\"trapType\":\"wrongIntermediateValue\",\"frequency\":3}],\"motifs\":[{\"motifId\":\"eqn-lin-fractional\",\"domain\":\"quant\",\"archetype\":\"general\",\"confidence\":0.95,\"metadata\":{\"generated\":\"selectedMotif\"}}]},\"structuralSignature\":{\"domain\":\"quant\",\"topologyHash\":\"sig_604ec201\",\"inferenceHash\":\"sig_e06badb\",\"motifHash\":\"sig_f9a31ab2\",\"distractorHash\":\"sig_4306d95f\"},\"corpusAlignment\":{\"score\":8.43,\"deviations\":[{\"metric\":\"topology-frequency\",\"actual\":\"formula-network\",\"expected\":\"higher-frequency corpus topology\",\"message\":\"Topology is less common than the target corpus profile.\"},{\"metric\":\"distractor-pattern\",\"actual\":\"wrongIntermediateValue\",\"expected\":\"higher-frequency corpus distractor families\",\"message\":\"Distractor distribution is weaker or less corpus-like than expected.\"}],\"matchedPatterns\":[\"Clue density aligns with extracted PYQ corpus ranges.\",\"Inference depth tracks the target corpus difficulty curve.\",\"Wording complexity resembles the PYQ corpus style.\",\"Formula/calculation complexity aligns with corpus behavior.\"]},\"originalityScore\":{\"score\":7.73,\"penalties\":[\"Distractor ordering looks mechanically repeated.\",\"Wording normalization indicates a repeated surface template pattern.\"],\"diagnostics\":[\"PYQ-derived intelligence is treated as calibration guidance only, not as a template source.\",\"Clue topology penalty 0, formula repetition penalty 0, distractor ordering penalty 0.667.\",\"Corpus alignment pressure 0.128 while preserving topic weighting and realism guidance only.\"]},\"difficultyConfidence\":{\"predictedDifficulty\":\"Medium\",\"confidence\":9.09,\"explanation\":\"Intended difficulty Medium (4.3), predicted Medium (3.2). Signals used: solving complexity 2.2, elimination depth 0, branching 0, distractor quality 3. Human-solver simulation combined inference depth 3 with solver trace support 0 and branching factor 0.\"}},\"reasoningSteps\":[\"clear denominators: Start from the direct relation highlighted in the motif.\",\"direct: Move variable terms to one side: $5x-2x=11+7$.\",\"direct: $3x=18$, so $x=6$.\"],\"dependencyComplexity\":3,\"operationChain\":[\"transform\",\"compare\"],\"difficulty\":\"Medium\",\"difficultyScore\":4.3,\"difficultyLabel\":\"Medium\",\"difficultyMetadata\":{\"difficultyScore\":4.3,\"difficultyLabel\":\"Medium\",\"estimatedSolveTime\":93,\"operationCount\":2,\"reasoningDepth\":3,\"reasoningSteps\":[\"clear denominators: Start from the direct relation highlighted in the motif.\",\"direct: Move variable terms to one side: $5x-2x=11+7$.\",\"direct: $3x=18$, so $x=6$.\"],\"dependencyComplexity\":3,\"operationChain\":[\"transform\",\"compare\"],\"usesPercentage\":false,\"usesRatio\":false,\"usesComparison\":false,\"visualComplexity\":0,\"inferenceComplexity\":3},\"generationMetrics\":{\"generationDurationMs\":0,\"validationRetries\":0,\"uniquenessFailures\":0,\"branchingFactor\":0,\"clueDensity\":0,\"inferenceDepth\":3,\"redundancyScore\":0}}]}",
        "{\"cachedQuestionCount\":1,\"selectedMotifs\":[\"eqn-lin-fractional\"],\"hasSolverTraces\":false,\"hasSvgSnapshots\":false,\"hasExplanationFlow\":false}",
        "reasoning-generator-v1",
        "motif-registry-v1:50d22597967b72443e90908e2927903989e074e075c2190e6272e594d513e656",
        "topology-contract-v1:409c496459b1fc1a7b1e335f0b47e27c83be21a95c5dd9d7ddf09476ffefd733",
        "{\"generationContext\":{\"seed\":\"auto-seed:449d0a48-bfdd-4e85-997e-879c14d28de8\",\"generationId\":\"gen_a31fad85\",\"timestamp\":1778309470201},\"questions\":[{\"text\":\"Solve the equation $5x-7=2x+11$.\",\"options\":[\"$x=6$\",\"$x=-6$\",\"$x=3$\",\"$x=18$\"],\"correct\":0,\"explanation\":\"Move variable terms to one side: $5x-2x=11+7$.\\n$3x=18$, so $x=6$.\\nFinal answer = $x=6$.\",\"section\":\"Quant\",\"topic\":\"Equations: Linear Systems\",\"subtopic\":\"equations\",\"optionMetadata\":[{\"value\":\"$x=6$\",\"isCorrect\":true,\"distractorType\":\"correct\",\"likelyMistake\":\"Correct equation path\",\"reasoningTrap\":\"None\"},{\"value\":\"$x=-6$\",\"isCorrect\":false,\"distractorType\":\"wrongIntermediateValue\",\"likelyMistake\":\"Sign_Flip_Vieta\",\"reasoningTrap\":\"Sign_Flip_Vieta\"},{\"value\":\"$x=3$\",\"isCorrect\":false,\"distractorType\":\"wrongIntermediateValue\",\"likelyMistake\":\"Substitution_Direction_Flip\",\"reasoningTrap\":\"Substitution_Direction_Flip\"},{\"value\":\"$x=18$\",\"isCorrect\":false,\"distractorType\":\"wrongIntermediateValue\",\"likelyMistake\":\"Integer_Constraint_Violation\",\"reasoningTrap\":\"Integer_Constraint_Violation\"}],\"examRealismMetadata\":{\"examProfile\":\"custom\",\"wordingStyle\":\"balanced\",\"archetypeId\":\"easy-one-step-arithmetic\",\"archetypeCategory\":\"one-step-arithmetic\",\"reasoningTraps\":[\"Sign_Flip_Vieta\",\"Substitution_Direction_Flip\",\"Integer_Constraint_Violation\"],\"weightingSummary\":[\"Archetype weight 1.00\",\"Trap bias 1.00\",\"Inference bias 1.00\",\"Distractor mix wrongIntermediateValue, wrongIntermediateValue, wrongIntermediateValue\"]},\"debugMetadata\":{\"selectedPattern\":\"registry-equations-linear-medium\",\"seed\":\"auto-seed:449d0a48-bfdd-4e85-997e-879c14d28de8\",\"generationId\":\"gen_a31fad85\",\"generationDomain\":\"quant\",\"selectedMotif\":\"eqn-lin-fractional\",\"selectedArchetype\":\"easy-one-step-arithmetic\",\"structuralSignatureKey\":\"eqn-lin-fractional::linear-balance::5|2|18\",\"scenarioLogicBranch\":\"linear-balance\",\"compatibilityWarnings\":[],\"generationMetrics\":{\"generationDurationMs\":0,\"validationRetries\":0,\"uniquenessFailures\":0,\"branchingFactor\":0,\"clueDensity\":0,\"inferenceDepth\":3,\"redundancyScore\":0},\"proceduralScenario\":{\"id\":\"quant:gen_a31fad85:registry-equations-linear-medium\",\"domain\":\"quant\",\"subtype\":\"equations\",\"metadata\":{\"patternId\":\"registry-equations-linear-medium\",\"topic\":\"Equations: Linear Systems\",\"subtopic\":\"equations\",\"generationDomain\":\"quant\",\"seed\":\"auto-seed:449d0a48-bfdd-4e85-997e-879c14d28de8\"},\"entities\":[],\"constraints\":[{\"id\":\"quant-formula\",\"type\":\"formula\",\"operator\":\"EQUALS\",\"expression\":\"0\",\"metadata\":{\"variables\":[]}}],\"content\":{\"stem\":\"Solve the equation $5x-7=2x+11$.\",\"prompt\":\"Solve the equation $5x-7=2x+11$.\",\"options\":[\"$x=6$\",\"$x=-6$\",\"$x=3$\",\"$x=18$\"],\"explanation\":\"Move variable terms to one side: $5x-2x=11+7$.\\n$3x=18$, so $x=6$.\\nFinal answer = $x=6$.\",\"artifacts\":{}},\"difficulty\":{\"label\":\"Medium\",\"score\":4.3,\"inferenceDepth\":3,\"metrics\":{\"reasoningDepth\":3,\"dependencyComplexity\":3,\"estimatedSolveTime\":93,\"distractorCount\":3,\"calculationComplexity\":2,\"cognitiveLoadBase\":2.5,\"ambiguityScoreBase\":0}},\"validation\":{\"passed\":false,\"warnings\":[\"Scenario has no normalized entities.\"],\"metrics\":{\"clueCount\":0,\"inferenceDepth\":0,\"uniquenessVerified\":0,\"entityCount\":0,\"constraintCount\":1,\"hasPrompt\":1,\"warningCount\":0,\"difficultyScore\":4.3,\"reasoningDepth\":3,\"redundancyScore\":0,\"redundancyRatio\":0,\"hasFormula\":1}}},\"validationReportDetail\":{\"passed\":false,\"stageResults\":[{\"stage\":\"structural validity\",\"passed\":false,\"diagnostics\":[\"Scenario has no normalized entities.\"],\"metrics\":{\"entityCount\":0,\"constraintCount\":1,\"hasPrompt\":1}},{\"stage\":\"solvability\",\"passed\":true,\"diagnostics\":[],\"metrics\":{\"warningCount\":0}},{\"stage\":\"uniqueness\",\"passed\":true,\"diagnostics\":[],\"metrics\":{\"uniquenessVerified\":0}},{\"stage\":\"difficulty calibration\",\"passed\":true,\"diagnostics\":[],\"metrics\":{\"difficultyScore\":4.3,\"reasoningDepth\":3}},{\"stage\":\"redundancy analysis\",\"passed\":true,\"diagnostics\":[],\"metrics\":{\"redundancyScore\":0,\"redundancyRatio\":0}},{\"stage\":\"equation solvability\",\"passed\":true,\"diagnostics\":[],\"metrics\":{\"hasFormula\":1}}],\"warnings\":[\"Scenario has no normalized entities.\"],\"metrics\":{\"clueCount\":0,\"inferenceDepth\":0,\"uniquenessVerified\":0,\"entityCount\":0,\"constraintCount\":1,\"hasPrompt\":1,\"warningCount\":0,\"difficultyScore\":4.3,\"reasoningDepth\":3,\"redundancyScore\":0,\"redundancyRatio\":0,\"hasFormula\":1}},\"difficultyAssessment\":{\"difficultyLabel\":\"Medium\",\"difficultyScore\":4.3,\"cognitiveLoad\":2.23,\"inferenceDepth\":3,\"calculationComplexity\":2,\"distractorComplexity\":3,\"ambiguityScore\":1.05,\"solvingTimeEstimate\":93,\"domainContributions\":{\"operationCount\":2,\"visualComplexity\":0,\"inferenceComplexity\":3},\"metrics\":{\"reasoningDepth\":3,\"dependencyComplexity\":3,\"estimatedSolveTime\":93,\"distractorCount\":3,\"calculationComplexity\":2,\"cognitiveLoadBase\":2.5,\"ambiguityScoreBase\":0}},\"qualityAssessment\":{\"approved\":false,\"rejectionReasons\":[\"failed-validation\",\"low-realism-score\",\"weak-distractors\"],\"qualityMetrics\":{\"realismScore\":0,\"validationPassed\":0,\"structuralDiversityScore\":1,\"repeatedStructureWarnings\":0,\"directClueRatio\":0,\"difficultyConfidence\":10,\"distractorComplexity\":3,\"distractorTypeCount\":0,\"genericDistractorRatio\":1,\"hasStructuralSignature\":1}},\"extractedPatternIntelligence\":{\"domain\":\"quant\",\"structure\":{\"domain\":\"quant\",\"subtype\":\"equations\",\"entityCount\":0,\"constraintCount\":1,\"structureTokens\":[\"variables:\",\"constraint:formula\"],\"topology\":\"formula-network\",\"metadata\":{\"formula\":\"0\"}},\"difficulty\":{\"cognitiveLoad\":2.5,\"inferenceDepth\":3,\"calculationComplexity\":2,\"distractorComplexity\":3,\"ambiguityScore\":0,\"solvingTimeEstimate\":93,\"difficultyBand\":\"Medium\"},\"distractors\":[{\"type\":\"wrongIntermediateValue\",\"label\":\"wrongIntermediateValue\",\"trapType\":\"wrongIntermediateValue\",\"frequency\":3}],\"motifs\":[{\"motifId\":\"eqn-lin-fractional\",\"domain\":\"quant\",\"archetype\":\"general\",\"confidence\":0.95,\"metadata\":{\"generated\":\"selectedMotif\"}}]},\"structuralSignature\":{\"domain\":\"quant\",\"topologyHash\":\"sig_604ec201\",\"inferenceHash\":\"sig_e06badb\",\"motifHash\":\"sig_f9a31ab2\",\"distractorHash\":\"sig_4306d95f\"},\"corpusAlignment\":{\"score\":8.43,\"deviations\":[{\"metric\":\"topology-frequency\",\"actual\":\"formula-network\",\"expected\":\"higher-frequency corpus topology\",\"message\":\"Topology is less common than the target corpus profile.\"},{\"metric\":\"distractor-pattern\",\"actual\":\"wrongIntermediateValue\",\"expected\":\"higher-frequency corpus distractor families\",\"message\":\"Distractor distribution is weaker or less corpus-like than expected.\"}],\"matchedPatterns\":[\"Clue density aligns with extracted PYQ corpus ranges.\",\"Inference depth tracks the target corpus difficulty curve.\",\"Wording complexity resembles the PYQ corpus style.\",\"Formula/calculation complexity aligns with corpus behavior.\"]},\"originalityScore\":{\"score\":7.73,\"penalties\":[\"Distractor ordering looks mechanically repeated.\",\"Wording normalization indicates a repeated surface template pattern.\"],\"diagnostics\":[\"PYQ-derived intelligence is treated as calibration guidance only, not as a template source.\",\"Clue topology penalty 0, formula repetition penalty 0, distractor ordering penalty 0.667.\",\"Corpus alignment pressure 0.128 while preserving topic weighting and realism guidance only.\"]},\"difficultyConfidence\":{\"predictedDifficulty\":\"Medium\",\"confidence\":9.09,\"explanation\":\"Intended difficulty Medium (4.3), predicted Medium (3.2). Signals used: solving complexity 2.2, elimination depth 0, branching 0, distractor quality 3. Human-solver simulation combined inference depth 3 with solver trace support 0 and branching factor 0.\"}},\"reasoningSteps\":[\"clear denominators: Start from the direct relation highlighted in the motif.\",\"direct: Move variable terms to one side: $5x-2x=11+7$.\",\"direct: $3x=18$, so $x=6$.\"],\"dependencyComplexity\":3,\"operationChain\":[\"transform\",\"compare\"],\"difficulty\":\"Medium\",\"difficultyScore\":4.3,\"difficultyLabel\":\"Medium\",\"difficultyMetadata\":{\"difficultyScore\":4.3,\"difficultyLabel\":\"Medium\",\"estimatedSolveTime\":93,\"operationCount\":2,\"reasoningDepth\":3,\"reasoningSteps\":[\"clear denominators: Start from the direct relation highlighted in the motif.\",\"direct: Move variable terms to one side: $5x-2x=11+7$.\",\"direct: $3x=18$, so $x=6$.\"],\"dependencyComplexity\":3,\"operationChain\":[\"transform\",\"compare\"],\"usesPercentage\":false,\"usesRatio\":false,\"usesComparison\":false,\"visualComplexity\":0,\"inferenceComplexity\":3},\"generationMetrics\":{\"generationDurationMs\":0,\"validationRetries\":0,\"uniquenessFailures\":0,\"branchingFactor\":0,\"clueDensity\":0,\"inferenceDepth\":3,\"redundancyScore\":0}}]}",
        "{\"cachedQuestionCount\":1,\"selectedMotifs\":[\"eqn-lin-fractional\"],\"hasSolverTraces\":false,\"hasSvgSnapshots\":false,\"hasExplanationFlow\":false}",
        "2026-05-09T06:51:10.872Z"
      ],
      "cause": {
        "name": "PostgresError",
        "severity_local": "ERROR",
        "severity": "ERROR",
        "code": "42P01",
        "position": "13",
        "file": "parse_relation.c",
        "line": "1449",
        "routine": "parserOpenTable"
      }
    }
[12:21:11.539] [32mINFO[39m (33908): [36mrequest completed[39m
    [35mreq[39m: {
      "id": 53,
      "method": "POST",
      "url": "/api/generator/pattern"
    }
    [35mres[39m: {
      "statusCode": 200
    }
    [35mresponseTime[39m: 1340
[12:21:12.213] [33mWARN[39m (33908): [36mGeneration cache lookup failed; falling back to live generation[39m
    [35mpatternId[39m: "registry-equations-linear-medium"
    error: {
      "query": "select \"key\", \"pattern_id\", \"generation_domain\", \"generator_version\", \"motif_version\", \"topology_version\", \"request_fingerprint\", \"payload\", \"artifact_metadata\", \"created_at\", \"last_accessed_at\", \"hit_count\" from \"reasoning_scenario_cache\" where \"reasoning_scenario_cache\".\"key\" = $1 limit $2",
      "params": [
        "9b6f6cb198a989361b8b6e53c14377913dd99f0045e42f56311ff20a549a8655",
        1
      ],
      "cause": {
        "name": "PostgresError",
        "severity_local": "ERROR",
        "severity": "ERROR",
        "code": "42P01",
        "position": "214",
        "file": "parse_relation.c",
        "line": "1449",
        "routine": "parserOpenTable"
      }
    }
[12:21:12.215] [32mINFO[39m (33908): [36mrequest errored[39m
    [35mreq[39m: {
      "id": 54,
      "method": "POST",
      "url": "/api/generator/pattern"
    }
    [35mres[39m: {
      "statusCode": 500
    }
    [35mresponseTime[39m: 669
    err: {
      "type": "Error",
      "message": "failed with status code 500",
      "stack":
          Error: failed with status code 500
              at onResFinished (C:\Users\gurbaj\Downloads\f\node_modules\.pnpm\pino-http@10.5.0\node_modules\pino-http\logger.js:115:39)
              at ServerResponse.onResponseComplete (C:\Users\gurbaj\Downloads\f\node_modules\.pnpm\pino-http@10.5.0\node_modules\pino-http\logger.js:178:14)
              at ServerResponse.emit (node:events:520:35)
              at onFinish (node:_http_outgoing:1026:10)
              at callback (node:internal/streams/writable:764:21)
              at afterWrite (node:internal/streams/writable:708:5)
              at afterWriteTick (node:internal/streams/writable:694:10)
              at process.processTicksAndRejections (node:internal/process/task_queues:89:21)
    }
[12:21:12.887] [33mWARN[39m (33908): [36mGeneration cache lookup failed; falling back to live generation[39m
    [35mpatternId[39m: "registry-equations-linear-medium"
    error: {
      "query": "select \"key\", \"pattern_id\", \"generation_domain\", \"generator_version\", \"motif_version\", \"topology_version\", \"request_fingerprint\", \"payload\", \"artifact_metadata\", \"created_at\", \"last_accessed_at\", \"hit_count\" from \"reasoning_scenario_cache\" where \"reasoning_scenario_cache\".\"key\" = $1 limit $2",
      "params": [
        "08d5bf3852dd2a4b490794d0e8c8642e0eaa823651db245483d7c5d70086311b",
        1
      ],
      "cause": {
        "name": "PostgresError",
        "severity_local": "ERROR",
        "severity": "ERROR",
        "code": "42P01",
        "position": "214",
        "file": "parse_relation.c",
        "line": "1449",
        "routine": "parserOpenTable"
      }
    }
[12:21:12.929] [32mINFO[39m (33908): [36mrequest errored[39m
    [35mreq[39m: {
      "id": 55,
      "method": "POST",
      "url": "/api/generator/pattern"
    }
    [35mres[39m: {
      "statusCode": 500
    }
    [35mresponseTime[39m: 710
    err: {
      "type": "Error",
      "message": "failed with status code 500",
      "stack":
          Error: failed with status code 500
              at onResFinished (C:\Users\gurbaj\Downloads\f\node_modules\.pnpm\pino-http@10.5.0\node_modules\pino-http\logger.js:115:39)
              at ServerResponse.onResponseComplete (C:\Users\gurbaj\Downloads\f\node_modules\.pnpm\pino-http@10.5.0\node_modules\pino-http\logger.js:178:14)
              at ServerResponse.emit (node:events:520:35)
              at onFinish (node:_http_outgoing:1026:10)
              at callback (node:internal/streams/writable:764:21)
              at afterWrite (node:internal/streams/writable:708:5)
              at afterWriteTick (node:internal/streams/writable:694:10)
              at process.processTicksAndRejections (node:internal/process/task_queues:89:21)
    }
[12:21:13.603] [33mWARN[39m (33908): [36mGeneration cache lookup failed; falling back to live generation[39m
    [35mpatternId[39m: "registry-equations-linear-medium"
    error: {
      "query": "select \"key\", \"pattern_id\", \"generation_domain\", \"generator_version\", \"motif_version\", \"topology_version\", \"request_fingerprint\", \"payload\", \"artifact_metadata\", \"created_at\", \"last_accessed_at\", \"hit_count\" from \"reasoning_scenario_cache\" where \"reasoning_scenario_cache\".\"key\" = $1 limit $2",
      "params": [
        "41e59130b302ac1ca69c23e2554e14387d7ecf18bd81bda9a15ea872159bb807",
        1
      ],
      "cause": {
        "name": "PostgresError",
        "severity_local": "ERROR",
        "severity": "ERROR",
        "code": "42P01",
        "position": "214",
        "file": "parse_relation.c",
        "line": "1449",
        "routine": "parserOpenTable"
      }
    }
[12:21:13.622] [32mINFO[39m (33908): [36mrequest errored[39m
    [35mreq[39m: {
      "id": 56,
      "method": "POST",
      "url": "/api/generator/pattern"
    }
    [35mres[39m: {
      "statusCode": 500
    }
    [35mresponseTime[39m: 687
    err: {
      "type": "Error",
      "message": "failed with status code 500",
      "stack":
          Error: failed with status code 500
              at onResFinished (C:\Users\gurbaj\Downloads\f\node_modules\.pnpm\pino-http@10.5.0\node_modules\pino-http\logger.js:115:39)
              at ServerResponse.onResponseComplete (C:\Users\gurbaj\Downloads\f\node_modules\.pnpm\pino-http@10.5.0\node_modules\pino-http\logger.js:178:14)
              at ServerResponse.emit (node:events:520:35)
              at onFinish (node:_http_outgoing:1026:10)
              at callback (node:internal/streams/writable:764:21)
              at afterWrite (node:internal/streams/writable:708:5)
              at afterWriteTick (node:internal/streams/writable:694:10)
              at process.processTicksAndRejections (node:internal/process/task_queues:89:21)
    }
