"language","cpId","qlId","esId","difficulty","taskKind","answerType","question","answer","explanation","validation"
"en","PCT-CP-001","PCT-QL-001","PCT-ES-001","Easy","percentOf","ABSOLUTE","In an election, 5% of the 500 registered voters cast their vote. How many votes were cast?","25","We need to calculate 5% of the base value 500. | The formula to find $x\%$ of $y$ is: | $$\frac{x}{100} \times y$$ | Substitute $x = 5$ and $y = 500$: | $$\frac{5}{100} \times 500$$ | Simplify the multiplication: | $$\frac{5 \times 500}{100} = 25$$ | Therefore, 5% of 500 is 25.","PASS"
"en","PCT-CP-002","PCT-QL-010","PCT-ES-002","Easy","increaseNewValue","ABSOLUTE","If 5000 is increased by 50%, find the new number.","7500","Our objective is to find the required quantity. | We apply the standard rule: | $$\(increaseNewValue\)$$ | Plugging in the parameters: | $$\(7500\)$$ | Calculating the final value. | Therefore, we get 7500.","PASS"
"en","PCT-CP-003","PCT-QL-020","PCT-ES-003","Medium","successiveIncrease","PERCENT","Two successive increases of 40% and 50% are equal to a single increase of how much?","110%","Let's determine the final amount for the scenario. | The mathematical relationship is: | $$\(successiveIncrease\)$$ | Inserting the given numbers: | $$\(110%\)$$ | Solving it yields the final answer. | The computed result is 110%.","PASS"
"en","PCT-CP-004","PCT-QL-028","PCT-ES-004","Medium","invarianceDecrease","PERCENT","If the price of sugar increases by 22%, by how much percent should a family reduce its consumption to keep the expenditure same?","18.03%","Let's determine the final amount for the scenario. | The mathematical relationship is: | $$\(invarianceDecrease\)$$ | Inserting the given numbers: | $$\(18.03%\)$$ | Solving it yields the final answer. | The computed result is 18.03%.","PASS"
"en","PCT-CP-005","PCT-QL-036","PCT-ES-005","Medium","incomePartition","ABSOLUTE","A man spends 25% of his income on food, 25% on rent and 20% on other things. If he saves Rs. 600, find his total income.","2000","Let's determine the final amount for the scenario. | The mathematical relationship is: | $$\(incomePartition\)$$ | Inserting the given numbers: | $$\(2000\)$$ | Solving it yields the final answer. | The computed result is 2000.","PASS"
"en","PCT-CP-006","PCT-QL-048","PCT-ES-006","Hard","dilutionAddWater","ABSOLUTE","A mixture of 225 litres has 16.66% acid. How much water should be added to make it 10% acid?","149.85","We need to calculate the target value for this problem. | Using the appropriate formula: | $$\(dilutionAddWater\)$$ | Substitute the values: | $$\(149.85\)$$ | Simplify the expression to get the result. | Thus, the answer is 149.85.","PASS"
"en","PCT-CP-001","PCT-QL-002","PCT-ES-001","Easy","percentOf","ABSOLUTE","In an election, 15% of the 500 registered voters cast their vote. How many votes were cast?","75","We need to calculate 15% of the base value 500. | The formula to find $x\%$ of $y$ is: | $$\frac{x}{100} \times y$$ | Substitute $x = 15$ and $y = 500$: | $$\frac{15}{100} \times 500$$ | Simplify the multiplication: | $$\frac{15 \times 500}{100} = 75$$ | Therefore, 15% of 500 is 75.","PASS"
"en","PCT-CP-002","PCT-QL-011","PCT-ES-002","Easy","decreaseNewValue","ABSOLUTE","If 200 is decreased by 10%, find the new number.","180","Our objective is to find the required quantity. | We apply the standard rule: | $$\(decreaseNewValue\)$$ | Plugging in the parameters: | $$\(180\)$$ | Calculating the final value. | Therefore, we get 180.","PASS"
"en","PCT-CP-003","PCT-QL-021","PCT-ES-003","Medium","successiveIncrease","PERCENT","The population of a town increases by 80% in the first year and by 30% in the second year. Find the total percentage increase.","134%","Our objective is to find the required quantity. | We apply the standard rule: | $$\(successiveIncrease\)$$ | Plugging in the parameters: | $$\(134%\)$$ | Calculating the final value. | Therefore, we get 134%.","PASS"
"en","PCT-CP-004","PCT-QL-029","PCT-ES-004","Medium","invarianceIncrease","PERCENT","The price of petrol falls by 35%. By what percent can a person increase his consumption so that the total cost remains same?","53.85%","Our objective is to find the required quantity. | We apply the standard rule: | $$\(invarianceIncrease\)$$ | Plugging in the parameters: | $$\(53.85%\)$$ | Calculating the final value. | Therefore, we get 53.85%.","PASS"
"en","PCT-CP-005","PCT-QL-037","PCT-ES-005","Hard","successiveExpense","ABSOLUTE","A person spends 45% of his salary on food and 25% of the remaining on rent. If he still has Rs. 800 left, find his salary.","1939.39","We need to calculate the target value for this problem. | Using the appropriate formula: | $$\(successiveExpense\)$$ | Substitute the values: | $$\(1939.39\)$$ | Simplify the expression to get the result. | Thus, the answer is 1939.39.","PASS"
"en","PCT-CP-006","PCT-QL-049","PCT-ES-006","Hard","dryFromFresh","ABSOLUTE","100 kg of fresh fruit has 90% water, and dry fruit has 15% water. How many kg of dry fruit can be made from 100 kg of fresh fruit?","11.76","Let's determine the final amount for the scenario. | The mathematical relationship is: | $$\(dryFromFresh\)$$ | Inserting the given numbers: | $$\(11.76\)$$ | Solving it yields the final answer. | The computed result is 11.76.","PASS"
"en","PCT-CP-001","PCT-QL-003","PCT-ES-001","Easy","percentToFraction","FRACTION","Convert 50% into its simplest fractional form.","1/2","Our objective is to find the required quantity. | We apply the standard rule: | $$\(percentToFraction\)$$ | Plugging in the parameters: | $$\(1/2\)$$ | Calculating the final value. | Therefore, we get 1/2.","PASS"
"en","PCT-CP-002","PCT-QL-012","PCT-ES-002","Medium","reverseIncrease","ABSOLUTE","If 35% is added to a number, it becomes 14400. Find the number.","10666.67","Our objective is to find the required quantity. | We apply the standard rule: | $$\(reverseIncrease\)$$ | Plugging in the parameters: | $$\(10666.67\)$$ | Calculating the final value. | Therefore, we get 10666.67.","PASS"
"en","PCT-CP-003","PCT-QL-022","PCT-ES-003","Medium","successiveChange","PERCENT","A number is increased by 30% and then decreased by 60%. Find the total change percent.","-48%","We need to calculate the target value for this problem. | Using the appropriate formula: | $$\(successiveChange\)$$ | Substitute the values: | $$\(-48%\)$$ | Simplify the expression to get the result. | Thus, the answer is -48%.","PASS"
"en","PCT-CP-004","PCT-QL-030","PCT-ES-004","Medium","invarianceDecrease","PERCENT","The length of a rectangle increases by 12%. By what percent should the breadth be decreased to keep the area same?","10.71%","We need to calculate the target value for this problem. | Using the appropriate formula: | $$\(invarianceDecrease\)$$ | Substitute the values: | $$\(10.71%\)$$ | Simplify the expression to get the result. | Thus, the answer is 10.71%.","PASS"
"en","PCT-CP-005","PCT-QL-038","PCT-ES-005","Medium","winnerVotes","COUNT","In an election between two candidates, the winner got 60% votes and won by 1200 votes. Find the total votes polled.","6000","We need to calculate the target value for this problem. | Using the appropriate formula: | $$\(winnerVotes\)$$ | Substitute the values: | $$\(6000\)$$ | Simplify the expression to get the result. | Thus, the answer is 6000.","PASS"
"en","PCT-CP-006","PCT-QL-050","PCT-ES-006","Hard","addSolute","ABSOLUTE","In 315 litres of salt solution, there is 33.33% salt. How much salt should be added to make it a 75% solution?","525.04","We need to calculate the target value for this problem. | Using the appropriate formula: | $$\(addSolute\)$$ | Substitute the values: | $$\(525.04\)$$ | Simplify the expression to get the result. | Thus, the answer is 525.04.","PASS"
"en","PCT-CP-001","PCT-QL-004","PCT-ES-001","Easy","valueAsPercent","PERCENT","What percentage of 200 is 800?","400%","Our objective is to find the required quantity. | We apply the standard rule: | $$\(valueAsPercent\)$$ | Plugging in the parameters: | $$\(400%\)$$ | Calculating the final value. | Therefore, we get 400%.","PASS"
"en","PCT-CP-002","PCT-QL-013","PCT-ES-002","Medium","reverseDecrease","ABSOLUTE","If 32% is subtracted from a number, it becomes 8640. Find the number.","12705.88","Our objective is to find the required quantity. | We apply the standard rule: | $$\(reverseDecrease\)$$ | Plugging in the parameters: | $$\(12705.88\)$$ | Calculating the final value. | Therefore, we get 12705.88.","PASS"
"en","PCT-CP-003","PCT-QL-023","PCT-ES-003","Medium","successiveChange","PERCENT","The price of an item is increased by 40% and then decreased by 20%. Find the net change in price percent.","12%","Let's determine the final amount for the scenario. | The mathematical relationship is: | $$\(successiveChange\)$$ | Inserting the given numbers: | $$\(12%\)$$ | Solving it yields the final answer. | The computed result is 12%.","PASS"
"en","PCT-CP-004","PCT-QL-031","PCT-ES-004","Hard","invarianceDecrease","PERCENT","If a car's speed increases by 62.5%, by what percent will the time taken decrease for the same distance?","38.46%","Our objective is to find the required quantity. | We apply the standard rule: | $$\(invarianceDecrease\)$$ | Plugging in the parameters: | $$\(38.46%\)$$ | Calculating the final value. | Therefore, we get 38.46%.","PASS"
"en","PCT-CP-005","PCT-QL-039","PCT-ES-005","Hard","cancelledVotes","COUNT","In an election, 50% votes were cancelled. The winner got 60% of the valid votes and won by 1540 votes. Find the total votes.","15400","Our objective is to find the required quantity. | We apply the standard rule: | $$\(cancelledVotes\)$$ | Plugging in the parameters: | $$\(15400\)$$ | Calculating the final value. | Therefore, we get 15400.","PASS"
"en","PCT-CP-006","PCT-QL-051","PCT-ES-006","Hard","dilutedPercent","PERCENT","If 300 litres of water is added to 315 litres of 14.28% alcohol solution, what will be the percentage of alcohol now?","7.31%","We need to calculate the target value for this problem. | Using the appropriate formula: | $$\(dilutedPercent\)$$ | Substitute the values: | $$\(7.31%\)$$ | Simplify the expression to get the result. | Thus, the answer is 7.31%.","PASS"
"en","PCT-CP-001","PCT-QL-005","PCT-ES-001","Easy","directRelation","ABSOLUTE","A is 40% of B. If B is 100, find A.","40","Let's determine the final amount for the scenario. | The mathematical relationship is: | $$\(directRelation\)$$ | Inserting the given numbers: | $$\(40\)$$ | Solving it yields the final answer. | The computed result is 40.","PASS"
"en","PCT-CP-002","PCT-QL-014","PCT-ES-002","Medium","reverseIncrease","ABSOLUTE","After increasing a number by 35%, it becomes 9600. Find the old number.","7111.11","Our objective is to find the required quantity. | We apply the standard rule: | $$\(reverseIncrease\)$$ | Plugging in the parameters: | $$\(7111.11\)$$ | Calculating the final value. | Therefore, we get 7111.11.","PASS"
"en","PCT-CP-003","PCT-QL-024","PCT-ES-003","Medium","compoundGrowth","ABSOLUTE","The population of a town is 12500. If it grows at 45% every year, what will it be after 2 years?","26281.25","Our objective is to find the required quantity. | We apply the standard rule: | $$\(compoundGrowth\)$$ | Plugging in the parameters: | $$\(26281.25\)$$ | Calculating the final value. | Therefore, we get 26281.25.","PASS"
"en","PCT-CP-004","PCT-QL-032","PCT-ES-004","Medium","restoreAfterIncrease","PERCENT","The price of an item is increased by 45%. By what percent should the new price be reduced to bring it back to the original?","31.03%","We need to calculate the target value for this problem. | Using the appropriate formula: | $$\(restoreAfterIncrease\)$$ | Substitute the values: | $$\(31.03%\)$$ | Simplify the expression to get the result. | Thus, the answer is 31.03%.","PASS"
"en","PCT-CP-005","PCT-QL-040","PCT-ES-005","Medium","passMarks","COUNT","A student needs 33% marks to pass. He gets 210 marks and fails by 20 marks. Find the maximum marks.","697","We need to calculate the target value for this problem. | Using the appropriate formula: | $$\(passMarks\)$$ | Substitute the values: | $$\(697\)$$ | Simplify the expression to get the result. | Thus, the answer is 697.","PASS"
"en","PCT-CP-006","PCT-QL-052","PCT-ES-006","Hard","freshFromDry","ABSOLUTE","Fresh grapes have 60% water and dry grapes have 40% water. If the dry grapes weigh 120 kg, what was their weight when fresh?","180","We need to calculate the target value for this problem. | Using the appropriate formula: | $$\(freshFromDry\)$$ | Substitute the values: | $$\(180\)$$ | Simplify the expression to get the result. | Thus, the answer is 180.","PASS"
"en","PCT-CP-001","PCT-QL-006","PCT-ES-001","Medium","moreToLess","PERCENT","A is 18% more than B. By what percent is B less than A?","15.25%","We need to calculate the target value for this problem. | Using the appropriate formula: | $$\(moreToLess\)$$ | Substitute the values: | $$\(15.25%\)$$ | Simplify the expression to get the result. | Thus, the answer is 15.25%.","PASS"
"en","PCT-CP-002","PCT-QL-015","PCT-ES-002","Medium","reverseIncrease","ABSOLUTE","A man's salary is increased by 22% and becomes Rs. 14400. Find his original salary.","11803.28","Let's determine the final amount for the scenario. | The mathematical relationship is: | $$\(reverseIncrease\)$$ | Inserting the given numbers: | $$\(11803.28\)$$ | Solving it yields the final answer. | The computed result is 11803.28.","PASS"
"en","PCT-CP-003","PCT-QL-025","PCT-ES-003","Medium","compoundDecay","ABSOLUTE","A machine's value falls by 28% every year. If it is Rs. 4500 now, find its value after 2 years.","2332.8","We need to calculate the target value for this problem. | Using the appropriate formula: | $$\(compoundDecay\)$$ | Substitute the values: | $$\(2332.8\)$$ | Simplify the expression to get the result. | Thus, the answer is 2332.8.","PASS"
"en","PCT-CP-004","PCT-QL-033","PCT-ES-004","Hard","revenueChange","PERCENT","If the tax on an item is reduced by 50% and its sale increases by 30%, find the total change in revenue percent.","-35%","Our objective is to find the required quantity. | We apply the standard rule: | $$\(revenueChange\)$$ | Plugging in the parameters: | $$\(-35%\)$$ | Calculating the final value. | Therefore, we get -35%.","PASS"
"en","PCT-CP-005","PCT-QL-041","PCT-ES-005","Easy","partToTotal","COUNT","In a school, 60% students are boys. If there are 1200 girls, find the total number of students.","3000","We need to calculate the target value for this problem. | Using the appropriate formula: | $$\(partToTotal\)$$ | Substitute the values: | $$\(3000\)$$ | Simplify the expression to get the result. | Thus, the answer is 3000.","PASS"
"en","PCT-CP-006","PCT-QL-053","PCT-ES-006","Hard","addPureComponent","ABSOLUTE","How much pure alcohol should be added to 135 mL of 14.28% solution to make it 40% strong?","57.87","We need to calculate the target value for this problem. | Using the appropriate formula: | $$\(addPureComponent\)$$ | Substitute the values: | $$\(57.87\)$$ | Simplify the expression to get the result. | Thus, the answer is 57.87.","PASS"
"en","PCT-CP-001","PCT-QL-007","PCT-ES-001","Medium","lessToMore","PERCENT","A is 12% less than B. By what percent is B more than A?","13.64%","We need to calculate the target value for this problem. | Using the appropriate formula: | $$\(lessToMore\)$$ | Substitute the values: | $$\(13.64%\)$$ | Simplify the expression to get the result. | Thus, the answer is 13.64%.","PASS"
"en","PCT-CP-002","PCT-QL-016","PCT-ES-002","Medium","increaseByAmount","ABSOLUTE","Adding 800 to a number is the same as increasing it by 35%. Find the number.","2285.71","Our objective is to find the required quantity. | We apply the standard rule: | $$\(increaseByAmount\)$$ | Plugging in the parameters: | $$\(2285.71\)$$ | Calculating the final value. | Therefore, we get 2285.71.","PASS"
"en","PCT-CP-003","PCT-QL-026","PCT-ES-003","Medium","areaChange","PERCENT","The length and breadth of a rectangle are increased by 45% and 15% respectively. Find the percentage increase in area.","66.75%","We need to calculate the target value for this problem. | Using the appropriate formula: | $$\(areaChange\)$$ | Substitute the values: | $$\(66.75%\)$$ | Simplify the expression to get the result. | Thus, the answer is 66.75%.","PASS"
"en","PCT-CP-004","PCT-QL-034","PCT-ES-004","Hard","invarianceDecrease","PERCENT","Working hours of a factory increased by 12.5%. By what percent should the hourly wage be decreased to keep the total bill same?","11.11%","Our objective is to find the required quantity. | We apply the standard rule: | $$\(invarianceDecrease\)$$ | Plugging in the parameters: | $$\(11.11%\)$$ | Calculating the final value. | Therefore, we get 11.11%.","PASS"
"en","PCT-CP-005","PCT-QL-042","PCT-ES-005","Easy","complementOfTotal","COUNT","Out of 8000 people, 25% are men. Find the number of women.","6000","Our objective is to find the required quantity. | We apply the standard rule: | $$\(complementOfTotal\)$$ | Plugging in the parameters: | $$\(6000\)$$ | Calculating the final value. | Therefore, we get 6000.","PASS"
"en","PCT-CP-006","PCT-QL-054","PCT-ES-006","Hard","evaporationOriginal","ABSOLUTE","A solution has 12.5% sugar. If 200 kg water flies away, the sugar becomes 20%. Find the original weight.","533.33","Our objective is to find the required quantity. | We apply the standard rule: | $$\(evaporationOriginal\)$$ | Plugging in the parameters: | $$\(533.33\)$$ | Calculating the final value. | Therefore, we get 533.33.","PASS"
"en","PCT-CP-001","PCT-QL-008","PCT-ES-001","Medium","ratioFromPercentEquality","RATIO","If 15% of A is equal to 20% of B, find the ratio A:B.","4:3","We need to calculate the target value for this problem. | Using the appropriate formula: | $$\(ratioFromPercentEquality\)$$ | Substitute the values: | $$\(4:3\)$$ | Simplify the expression to get the result. | Thus, the answer is 4:3.","PASS"
"en","PCT-CP-002","PCT-QL-017","PCT-ES-002","Easy","percentOfKnownNumber","ABSOLUTE","If 20% of a number is 600, find 25% of that number.","750","Our objective is to find the required quantity. | We apply the standard rule: | $$\(percentOfKnownNumber\)$$ | Plugging in the parameters: | $$\(750\)$$ | Calculating the final value. | Therefore, we get 750.","PASS"
"en","PCT-CP-003","PCT-QL-027","PCT-ES-003","Easy","squareAreaChange","PERCENT","If the side of a square is increased by 5%, find the percentage increase in its area.","10.25%","Our objective is to find the required quantity. | We apply the standard rule: | $$\(squareAreaChange\)$$ | Plugging in the parameters: | $$\(10.25%\)$$ | Calculating the final value. | Therefore, we get 10.25%.","PASS"
"en","PCT-CP-004","PCT-QL-035","PCT-ES-004","Easy","circleAreaDecrease","PERCENT","If the radius of a circle is decreased by 50%, find the percentage decrease in its area.","75%","Our objective is to find the required quantity. | We apply the standard rule: | $$\(circleAreaDecrease\)$$ | Plugging in the parameters: | $$\(75%\)$$ | Calculating the final value. | Therefore, we get 75%.","PASS"
"en","PCT-CP-005","PCT-QL-043","PCT-ES-005","Medium","moreMarksBase","ABSOLUTE","In an exam, A gets 80% more marks than B. If A gets 300, find the marks of B.","166.67","Our objective is to find the required quantity. | We apply the standard rule: | $$\(moreMarksBase\)$$ | Plugging in the parameters: | $$\(166.67\)$$ | Calculating the final value. | Therefore, we get 166.67.","PASS"
"en","PCT-CP-006","PCT-QL-055","PCT-ES-006","Easy","alloyComplement","ABSOLUTE","An alloy of copper and zinc has 30% copper. Find the weight of zinc in 120 kg of the alloy.","84","We need to calculate the target value for this problem. | Using the appropriate formula: | $$\(alloyComplement\)$$ | Substitute the values: | $$\(84\)$$ | Simplify the expression to get the result. | Thus, the answer is 84.","PASS"
"en","PCT-CP-001","PCT-QL-009","PCT-ES-001","Easy","reversePercent","ABSOLUTE","If 25% of a number is 600, then what is the number?","2400","Let's determine the final amount for the scenario. | The mathematical relationship is: | $$\(reversePercent\)$$ | Inserting the given numbers: | $$\(2400\)$$ | Solving it yields the final answer. | The computed result is 2400.","PASS"
"en","PCT-CP-002","PCT-QL-018","PCT-ES-002","Medium","differenceOfPercents","ABSOLUTE","The difference between 45% and 15% of a number is 200. Find the number.","666.67","We need to calculate the target value for this problem. | Using the appropriate formula: | $$\(differenceOfPercents\)$$ | Substitute the values: | $$\(666.67\)$$ | Simplify the expression to get the result. | Thus, the answer is 666.67.","PASS"
"en","PCT-CP-003","PCT-QL-020","PCT-ES-003","Medium","successiveIncrease","PERCENT","Two successive increases of 30% and 60% are equal to a single increase of how much?","108%","We need to calculate the target value for this problem. | Using the appropriate formula: | $$\(successiveIncrease\)$$ | Substitute the values: | $$\(108%\)$$ | Simplify the expression to get the result. | Thus, the answer is 108%.","PASS"
"en","PCT-CP-004","PCT-QL-028","PCT-ES-004","Medium","invarianceDecrease","PERCENT","If the price of sugar increases by 18%, by how much percent should a family reduce its consumption to keep the expenditure same?","15.25%","We need to calculate the target value for this problem. | Using the appropriate formula: | $$\(invarianceDecrease\)$$ | Substitute the values: | $$\(15.25%\)$$ | Simplify the expression to get the result. | Thus, the answer is 15.25%.","PASS"
"en","PCT-CP-005","PCT-QL-044","PCT-ES-005","Medium","partToTotal","COUNT","If 45% people in a village are literate and 120 people are illiterate, find the total population.","218","We need to calculate the target value for this problem. | Using the appropriate formula: | $$\(partToTotal\)$$ | Substitute the values: | $$\(218\)$$ | Simplify the expression to get the result. | Thus, the answer is 218.","PASS"
"en","PCT-CP-006","PCT-QL-048","PCT-ES-006","Hard","dilutionAddWater","ABSOLUTE","A mixture of 225 litres has 12.5% acid. How much water should be added to make it 10% acid?","56.25","We need to calculate the target value for this problem. | Using the appropriate formula: | $$\(dilutionAddWater\)$$ | Substitute the values: | $$\(56.25\)$$ | Simplify the expression to get the result. | Thus, the answer is 56.25.","PASS"
"en","PCT-CP-001","PCT-QL-001","PCT-ES-001","Easy","percentOf","ABSOLUTE","In an election, 10% of the 1000 registered voters cast their vote. How many votes were cast?","100","We need to calculate 10% of the base value 1000. | The formula to find $x\%$ of $y$ is: | $$\frac{x}{100} \times y$$ | Substitute $x = 10$ and $y = 1000$: | $$\frac{10}{100} \times 1000$$ | Simplify the multiplication: | $$\frac{10 \times 1000}{100} = 100$$ | Therefore, 10% of 1000 is 100.","PASS"
"en","PCT-CP-002","PCT-QL-019","PCT-ES-002","Hard","restoreAfterDecrease","PERCENT","By what percent should a number be increased to bring it back to its original value after a 33.33% decrease?","49.99%","Our objective is to find the required quantity. | We apply the standard rule: | $$\(restoreAfterDecrease\)$$ | Plugging in the parameters: | $$\(49.99%\)$$ | Calculating the final value. | Therefore, we get 49.99%.","PASS"
"en","PCT-CP-003","PCT-QL-021","PCT-ES-003","Medium","successiveIncrease","PERCENT","The population of a town increases by 30% in the first year and by 40% in the second year. Find the total percentage increase.","82%","We need to calculate the target value for this problem. | Using the appropriate formula: | $$\(successiveIncrease\)$$ | Substitute the values: | $$\(82%\)$$ | Simplify the expression to get the result. | Thus, the answer is 82%.","PASS"
"en","PCT-CP-004","PCT-QL-029","PCT-ES-004","Medium","invarianceIncrease","PERCENT","The price of petrol falls by 32%. By what percent can a person increase his consumption so that the total cost remains same?","47.06%","Our objective is to find the required quantity. | We apply the standard rule: | $$\(invarianceIncrease\)$$ | Plugging in the parameters: | $$\(47.06%\)$$ | Calculating the final value. | Therefore, we get 47.06%.","PASS"
"en","PCT-CP-005","PCT-QL-045","PCT-ES-005","Medium","twoShareRemainder","ABSOLUTE","A man gave 25% of his money to his wife, 25% to his son and the remaining Rs. 2400 to his daughter. How much did he have at first?","4800","Let's determine the final amount for the scenario. | The mathematical relationship is: | $$\(twoShareRemainder\)$$ | Inserting the given numbers: | $$\(4800\)$$ | Solving it yields the final answer. | The computed result is 4800.","PASS"
"en","PCT-CP-006","PCT-QL-049","PCT-ES-006","Hard","dryFromFresh","ABSOLUTE","150 kg of fresh fruit has 85% water, and dry fruit has 15% water. How many kg of dry fruit can be made from 150 kg of fresh fruit?","26.47","We need to calculate the target value for this problem. | Using the appropriate formula: | $$\(dryFromFresh\)$$ | Substitute the values: | $$\(26.47\)$$ | Simplify the expression to get the result. | Thus, the answer is 26.47.","PASS"
"en","PCT-CP-001","PCT-QL-002","PCT-ES-001","Easy","percentOf","ABSOLUTE","In an election, 40% of the 500 registered voters cast their vote. How many votes were cast?","200","We need to calculate 40% of the base value 500. | The formula to find $x\%$ of $y$ is: | $$\frac{x}{100} \times y$$ | Substitute $x = 40$ and $y = 500$: | $$\frac{40}{100} \times 500$$ | Simplify the multiplication: | $$\frac{40 \times 500}{100} = 200$$ | Therefore, 40% of 500 is 200.","PASS"
"en","PCT-CP-002","PCT-QL-010","PCT-ES-002","Easy","increaseNewValue","ABSOLUTE","If 5000 is increased by 30%, find the new number.","6500","Our objective is to find the required quantity. | We apply the standard rule: | $$\(increaseNewValue\)$$ | Plugging in the parameters: | $$\(6500\)$$ | Calculating the final value. | Therefore, we get 6500.","PASS"
"en","PCT-CP-003","PCT-QL-022","PCT-ES-003","Medium","successiveChange","PERCENT","A number is increased by 40% and then decreased by 10%. Find the total change percent.","26%","Let's determine the final amount for the scenario. | The mathematical relationship is: | $$\(successiveChange\)$$ | Inserting the given numbers: | $$\(26%\)$$ | Solving it yields the final answer. | The computed result is 26%.","PASS"
"en","PCT-CP-004","PCT-QL-030","PCT-ES-004","Medium","invarianceDecrease","PERCENT","The length of a rectangle increases by 18%. By what percent should the breadth be decreased to keep the area same?","15.25%","We need to calculate the target value for this problem. | Using the appropriate formula: | $$\(invarianceDecrease\)$$ | Substitute the values: | $$\(15.25%\)$$ | Simplify the expression to get the result. | Thus, the answer is 15.25%.","PASS"
"en","PCT-CP-005","PCT-QL-046","PCT-ES-005","Medium","partToTotal","ABSOLUTE","An alloy contains 50% copper and the rest is zinc. If there is 800 kg zinc, find the total weight of the alloy.","1600","Our objective is to find the required quantity. | We apply the standard rule: | $$\(partToTotal\)$$ | Plugging in the parameters: | $$\(1600\)$$ | Calculating the final value. | Therefore, we get 1600.","PASS"
"en","PCT-CP-006","PCT-QL-050","PCT-ES-006","Hard","addSolute","ABSOLUTE","In 315 litres of salt solution, there is 37.5% salt. How much salt should be added to make it a 60% solution?","177.19","We need to calculate the target value for this problem. | Using the appropriate formula: | $$\(addSolute\)$$ | Substitute the values: | $$\(177.19\)$$ | Simplify the expression to get the result. | Thus, the answer is 177.19.","PASS"
"en","PCT-CP-001","PCT-QL-003","PCT-ES-001","Easy","percentToFraction","FRACTION","Convert 5% into its simplest fractional form.","1/20","Our objective is to find the required quantity. | We apply the standard rule: | $$\(percentToFraction\)$$ | Plugging in the parameters: | $$\(1/20\)$$ | Calculating the final value. | Therefore, we get 1/20.","PASS"
"en","PCT-CP-002","PCT-QL-011","PCT-ES-002","Easy","decreaseNewValue","ABSOLUTE","If 200 is decreased by 50%, find the new number.","100","Our objective is to find the required quantity. | We apply the standard rule: | $$\(decreaseNewValue\)$$ | Plugging in the parameters: | $$\(100\)$$ | Calculating the final value. | Therefore, we get 100.","PASS"
"en","PCT-CP-003","PCT-QL-023","PCT-ES-003","Medium","successiveChange","PERCENT","The price of an item is increased by 40% and then decreased by 50%. Find the net change in price percent.","-30%","Let's determine the final amount for the scenario. | The mathematical relationship is: | $$\(successiveChange\)$$ | Inserting the given numbers: | $$\(-30%\)$$ | Solving it yields the final answer. | The computed result is -30%.","PASS"
"en","PCT-CP-005","PCT-QL-047","PCT-ES-005","Medium","loserVotes","COUNT","Two candidates contested an election. One got 30% votes and lost by 1200 votes. Find the total number of votes.","3000","We need to calculate the target value for this problem. | Using the appropriate formula: | $$\(loserVotes\)$$ | Substitute the values: | $$\(3000\)$$ | Simplify the expression to get the result. | Thus, the answer is 3000.","PASS"
"en","PCT-CP-006","PCT-QL-051","PCT-ES-006","Hard","dilutedPercent","PERCENT","If 120 litres of water is added to 315 litres of 62.5% alcohol solution, what will be the percentage of alcohol now?","45.26%","We need to calculate the target value for this problem. | Using the appropriate formula: | $$\(dilutedPercent\)$$ | Substitute the values: | $$\(45.26%\)$$ | Simplify the expression to get the result. | Thus, the answer is 45.26%.","PASS"
"en","PCT-CP-001","PCT-QL-004","PCT-ES-001","Easy","valueAsPercent","PERCENT","What percentage of 200 is 200?","100%","Our objective is to find the required quantity. | We apply the standard rule: | $$\(valueAsPercent\)$$ | Plugging in the parameters: | $$\(100%\)$$ | Calculating the final value. | Therefore, we get 100%.","PASS"
"en","PCT-CP-002","PCT-QL-012","PCT-ES-002","Medium","reverseIncrease","ABSOLUTE","If 45% is added to a number, it becomes 8640. Find the number.","5958.62","We need to calculate the target value for this problem. | Using the appropriate formula: | $$\(reverseIncrease\)$$ | Substitute the values: | $$\(5958.62\)$$ | Simplify the expression to get the result. | Thus, the answer is 5958.62.","PASS"
"en","PCT-CP-003","PCT-QL-024","PCT-ES-003","Medium","compoundGrowth","ABSOLUTE","The population of a town is 8400. If it grows at 12% every year, what will it be after 2 years?","10536.96","We need to calculate the target value for this problem. | Using the appropriate formula: | $$\(compoundGrowth\)$$ | Substitute the values: | $$\(10536.96\)$$ | Simplify the expression to get the result. | Thus, the answer is 10536.96.","PASS"
"en","PCT-CP-004","PCT-QL-032","PCT-ES-004","Medium","restoreAfterIncrease","PERCENT","The price of an item is increased by 50%. By what percent should the new price be reduced to bring it back to the original?","33.33%","Our objective is to find the required quantity. | We apply the standard rule: | $$\(restoreAfterIncrease\)$$ | Plugging in the parameters: | $$\(33.33%\)$$ | Calculating the final value. | Therefore, we get 33.33%.","PASS"
"en","PCT-CP-005","PCT-QL-036","PCT-ES-005","Medium","incomePartition","ABSOLUTE","A man spends 30% of his income on food, 15% on rent and 20% on other things. If he saves Rs. 200, find his total income.","571.43","We need to calculate the target value for this problem. | Using the appropriate formula: | $$\(incomePartition\)$$ | Substitute the values: | $$\(571.43\)$$ | Simplify the expression to get the result. | Thus, the answer is 571.43.","PASS"
"en","PCT-CP-006","PCT-QL-052","PCT-ES-006","Hard","freshFromDry","ABSOLUTE","Fresh grapes have 80% water and dry grapes have 10% water. If the dry grapes weigh 300 kg, what was their weight when fresh?","1350","Our objective is to find the required quantity. | We apply the standard rule: | $$\(freshFromDry\)$$ | Plugging in the parameters: | $$\(1350\)$$ | Calculating the final value. | Therefore, we get 1350.","PASS"
"en","PCT-CP-001","PCT-QL-005","PCT-ES-001","Easy","directRelation","ABSOLUTE","A is 50% of B. If B is 200, find A.","100","Our objective is to find the required quantity. | We apply the standard rule: | $$\(directRelation\)$$ | Plugging in the parameters: | $$\(100\)$$ | Calculating the final value. | Therefore, we get 100.","PASS"
"en","PCT-CP-002","PCT-QL-013","PCT-ES-002","Medium","reverseDecrease","ABSOLUTE","If 22% is subtracted from a number, it becomes 14400. Find the number.","18461.54","Let's determine the final amount for the scenario. | The mathematical relationship is: | $$\(reverseDecrease\)$$ | Inserting the given numbers: | $$\(18461.54\)$$ | Solving it yields the final answer. | The computed result is 18461.54.","PASS"
"en","PCT-CP-003","PCT-QL-025","PCT-ES-003","Medium","compoundDecay","ABSOLUTE","A machine's value falls by 32% every year. If it is Rs. 12500 now, find its value after 2 years.","5780","Our objective is to find the required quantity. | We apply the standard rule: | $$\(compoundDecay\)$$ | Plugging in the parameters: | $$\(5780\)$$ | Calculating the final value. | Therefore, we get 5780.","PASS"
"en","PCT-CP-004","PCT-QL-033","PCT-ES-004","Hard","revenueChange","PERCENT","If the tax on an item is reduced by 30% and its sale increases by 40%, find the total change in revenue percent.","-2%","We need to calculate the target value for this problem. | Using the appropriate formula: | $$\(revenueChange\)$$ | Substitute the values: | $$\(-2%\)$$ | Simplify the expression to get the result. | Thus, the answer is -2%.","PASS"
"en","PCT-CP-005","PCT-QL-037","PCT-ES-005","Hard","successiveExpense","ABSOLUTE","A person spends 80% of his salary on food and 50% of the remaining on rent. If he still has Rs. 600 left, find his salary.","6000","Our objective is to find the required quantity. | We apply the standard rule: | $$\(successiveExpense\)$$ | Plugging in the parameters: | $$\(6000\)$$ | Calculating the final value. | Therefore, we get 6000.","PASS"
"en","PCT-CP-006","PCT-QL-053","PCT-ES-006","Hard","addPureComponent","ABSOLUTE","How much pure alcohol should be added to 135 mL of 62.5% solution to make it 75% strong?","67.5","We need to calculate the target value for this problem. | Using the appropriate formula: | $$\(addPureComponent\)$$ | Substitute the values: | $$\(67.5\)$$ | Simplify the expression to get the result. | Thus, the answer is 67.5.","PASS"
"en","PCT-CP-001","PCT-QL-006","PCT-ES-001","Medium","moreToLess","PERCENT","A is 35% more than B. By what percent is B less than A?","25.93%","Our objective is to find the required quantity. | We apply the standard rule: | $$\(moreToLess\)$$ | Plugging in the parameters: | $$\(25.93%\)$$ | Calculating the final value. | Therefore, we get 25.93%.","PASS"
"en","PCT-CP-002","PCT-QL-014","PCT-ES-002","Medium","reverseIncrease","ABSOLUTE","After increasing a number by 45%, it becomes 5400. Find the old number.","3724.14","We need to calculate the target value for this problem. | Using the appropriate formula: | $$\(reverseIncrease\)$$ | Substitute the values: | $$\(3724.14\)$$ | Simplify the expression to get the result. | Thus, the answer is 3724.14.","PASS"
"en","PCT-CP-003","PCT-QL-026","PCT-ES-003","Medium","areaChange","PERCENT","The length and breadth of a rectangle are increased by 50% and 20% respectively. Find the percentage increase in area.","80%","Our objective is to find the required quantity. | We apply the standard rule: | $$\(areaChange\)$$ | Plugging in the parameters: | $$\(80%\)$$ | Calculating the final value. | Therefore, we get 80%.","PASS"
"en","PCT-CP-004","PCT-QL-034","PCT-ES-004","Hard","invarianceDecrease","PERCENT","Working hours of a factory increased by 16.66%. By what percent should the hourly wage be decreased to keep the total bill same?","14.28%","Our objective is to find the required quantity. | We apply the standard rule: | $$\(invarianceDecrease\)$$ | Plugging in the parameters: | $$\(14.28%\)$$ | Calculating the final value. | Therefore, we get 14.28%.","PASS"
"en","PCT-CP-005","PCT-QL-038","PCT-ES-005","Medium","winnerVotes","COUNT","In an election between two candidates, the winner got 60% votes and won by 2400 votes. Find the total votes polled.","12000","We need to calculate the target value for this problem. | Using the appropriate formula: | $$\(winnerVotes\)$$ | Substitute the values: | $$\(12000\)$$ | Simplify the expression to get the result. | Thus, the answer is 12000.","PASS"
"en","PCT-CP-006","PCT-QL-054","PCT-ES-006","Hard","evaporationOriginal","ABSOLUTE","A solution has 37.5% sugar. If 2400 kg water flies away, the sugar becomes 75%. Find the original weight.","4800","Our objective is to find the required quantity. | We apply the standard rule: | $$\(evaporationOriginal\)$$ | Plugging in the parameters: | $$\(4800\)$$ | Calculating the final value. | Therefore, we get 4800.","PASS"
"en","PCT-CP-001","PCT-QL-007","PCT-ES-001","Medium","lessToMore","PERCENT","A is 22% less than B. By what percent is B more than A?","28.21%","Let's determine the final amount for the scenario. | The mathematical relationship is: | $$\(lessToMore\)$$ | Inserting the given numbers: | $$\(28.21%\)$$ | Solving it yields the final answer. | The computed result is 28.21%.","PASS"
"en","PCT-CP-002","PCT-QL-015","PCT-ES-002","Medium","reverseIncrease","ABSOLUTE","A man's salary is increased by 28% and becomes Rs. 8640. Find his original salary.","6750","Let's determine the final amount for the scenario. | The mathematical relationship is: | $$\(reverseIncrease\)$$ | Inserting the given numbers: | $$\(6750\)$$ | Solving it yields the final answer. | The computed result is 6750.","PASS"
"en","PCT-CP-003","PCT-QL-027","PCT-ES-003","Easy","squareAreaChange","PERCENT","If the side of a square is increased by 50%, find the percentage increase in its area.","125%","Our objective is to find the required quantity. | We apply the standard rule: | $$\(squareAreaChange\)$$ | Plugging in the parameters: | $$\(125%\)$$ | Calculating the final value. | Therefore, we get 125%.","PASS"
"en","PCT-CP-004","PCT-QL-035","PCT-ES-004","Easy","circleAreaDecrease","PERCENT","If the radius of a circle is decreased by 40%, find the percentage decrease in its area.","64%","Let's determine the final amount for the scenario. | The mathematical relationship is: | $$\(circleAreaDecrease\)$$ | Inserting the given numbers: | $$\(64%\)$$ | Solving it yields the final answer. | The computed result is 64%.","PASS"
"en","PCT-CP-005","PCT-QL-039","PCT-ES-005","Hard","cancelledVotes","COUNT","In an election, 10% votes were cancelled. The winner got 60% of the valid votes and won by 4620 votes. Find the total votes.","25667","Let's determine the final amount for the scenario. | The mathematical relationship is: | $$\(cancelledVotes\)$$ | Inserting the given numbers: | $$\(25667\)$$ | Solving it yields the final answer. | The computed result is 25667.","PASS"
"en","PCT-CP-006","PCT-QL-055","PCT-ES-006","Easy","alloyComplement","ABSOLUTE","An alloy of copper and zinc has 25% copper. Find the weight of zinc in 100 kg of the alloy.","75","Let's determine the final amount for the scenario. | The mathematical relationship is: | $$\(alloyComplement\)$$ | Inserting the given numbers: | $$\(75\)$$ | Solving it yields the final answer. | The computed result is 75.","PASS"
"en","PCT-CP-001","PCT-QL-008","PCT-ES-001","Medium","ratioFromPercentEquality","RATIO","If 20% of A is equal to 15% of B, find the ratio A:B.","3:4","Our objective is to find the required quantity. | We apply the standard rule: | $$\(ratioFromPercentEquality\)$$ | Plugging in the parameters: | $$\(3:4\)$$ | Calculating the final value. | Therefore, we get 3:4.","PASS"
"en","PCT-CP-002","PCT-QL-016","PCT-ES-002","Medium","increaseByAmount","ABSOLUTE","Adding 450 to a number is the same as increasing it by 45%. Find the number.","1000","We need to calculate the target value for this problem. | Using the appropriate formula: | $$\(increaseByAmount\)$$ | Substitute the values: | $$\(1000\)$$ | Simplify the expression to get the result. | Thus, the answer is 1000.","PASS"
"en","PCT-CP-003","PCT-QL-020","PCT-ES-003","Medium","successiveIncrease","PERCENT","Two successive increases of 30% and 25% are equal to a single increase of how much?","62.5%","We need to calculate the target value for this problem. | Using the appropriate formula: | $$\(successiveIncrease\)$$ | Substitute the values: | $$\(62.5%\)$$ | Simplify the expression to get the result. | Thus, the answer is 62.5%.","PASS"
"en","PCT-CP-005","PCT-QL-040","PCT-ES-005","Medium","passMarks","COUNT","A student needs 35% marks to pass. He gets 135 marks and fails by 5 marks. Find the maximum marks.","400","Our objective is to find the required quantity. | We apply the standard rule: | $$\(passMarks\)$$ | Plugging in the parameters: | $$\(400\)$$ | Calculating the final value. | Therefore, we get 400.","PASS"
"en","PCT-CP-001","PCT-QL-009","PCT-ES-001","Easy","reversePercent","ABSOLUTE","If 30% of a number is 200, then what is the number?","666.67","We need to calculate the target value for this problem. | Using the appropriate formula: | $$\(reversePercent\)$$ | Substitute the values: | $$\(666.67\)$$ | Simplify the expression to get the result. | Thus, the answer is 666.67.","PASS"
"en","PCT-CP-002","PCT-QL-017","PCT-ES-002","Easy","percentOfKnownNumber","ABSOLUTE","If 40% of a number is 200, find 10% of that number.","50","Let's determine the final amount for the scenario. | The mathematical relationship is: | $$\(percentOfKnownNumber\)$$ | Inserting the given numbers: | $$\(50\)$$ | Solving it yields the final answer. | The computed result is 50.","PASS"
"en","PCT-CP-003","PCT-QL-021","PCT-ES-003","Medium","successiveIncrease","PERCENT","The population of a town increases by 45% in the first year and by 15% in the second year. Find the total percentage increase.","66.75%","We need to calculate the target value for this problem. | Using the appropriate formula: | $$\(successiveIncrease\)$$ | Substitute the values: | $$\(66.75%\)$$ | Simplify the expression to get the result. | Thus, the answer is 66.75%.","PASS"
"en","PCT-CP-005","PCT-QL-041","PCT-ES-005","Easy","partToTotal","COUNT","In a school, 20% students are boys. If there are 200 girls, find the total number of students.","250","Our objective is to find the required quantity. | We apply the standard rule: | $$\(partToTotal\)$$ | Plugging in the parameters: | $$\(250\)$$ | Calculating the final value. | Therefore, we get 250.","PASS"
"en","PCT-CP-006","PCT-QL-049","PCT-ES-006","Hard","dryFromFresh","ABSOLUTE","150 kg of fresh fruit has 75% water, and dry fruit has 10% water. How many kg of dry fruit can be made from 150 kg of fresh fruit?","41.67","We need to calculate the target value for this problem. | Using the appropriate formula: | $$\(dryFromFresh\)$$ | Substitute the values: | $$\(41.67\)$$ | Simplify the expression to get the result. | Thus, the answer is 41.67.","PASS"
"en","PCT-CP-001","PCT-QL-001","PCT-ES-001","Easy","percentOf","ABSOLUTE","In an election, 50% of the 5000 registered voters cast their vote. How many votes were cast?","2500","We need to calculate 50% of the base value 5000. | The formula to find $x\%$ of $y$ is: | $$\frac{x}{100} \times y$$ | Substitute $x = 50$ and $y = 5000$: | $$\frac{50}{100} \times 5000$$ | Simplify the multiplication: | $$\frac{50 \times 5000}{100} = 2500$$ | Therefore, 50% of 5000 is 2500.","PASS"
"en","PCT-CP-002","PCT-QL-018","PCT-ES-002","Medium","differenceOfPercents","ABSOLUTE","The difference between 40% and 50% of a number is 600. Find the number.","6000","Let's determine the final amount for the scenario. | The mathematical relationship is: | $$\(differenceOfPercents\)$$ | Inserting the given numbers: | $$\(6000\)$$ | Solving it yields the final answer. | The computed result is 6000.","PASS"
"en","PCT-CP-003","PCT-QL-022","PCT-ES-003","Medium","successiveChange","PERCENT","A number is increased by 50% and then decreased by 30%. Find the total change percent.","5%","Our objective is to find the required quantity. | We apply the standard rule: | $$\(successiveChange\)$$ | Plugging in the parameters: | $$\(5%\)$$ | Calculating the final value. | Therefore, we get 5%.","PASS"
"en","PCT-CP-004","PCT-QL-030","PCT-ES-004","Medium","invarianceDecrease","PERCENT","The length of a rectangle increases by 22%. By what percent should the breadth be decreased to keep the area same?","18.03%","Let's determine the final amount for the scenario. | The mathematical relationship is: | $$\(invarianceDecrease\)$$ | Inserting the given numbers: | $$\(18.03%\)$$ | Solving it yields the final answer. | The computed result is 18.03%.","PASS"
"en","PCT-CP-005","PCT-QL-042","PCT-ES-005","Easy","complementOfTotal","COUNT","Out of 12000 people, 40% are men. Find the number of women.","7200","We need to calculate the target value for this problem. | Using the appropriate formula: | $$\(complementOfTotal\)$$ | Substitute the values: | $$\(7200\)$$ | Simplify the expression to get the result. | Thus, the answer is 7200.","PASS"
"en","PCT-CP-006","PCT-QL-050","PCT-ES-006","Hard","addSolute","ABSOLUTE","In 315 litres of salt solution, there is 62.5% salt. How much salt should be added to make it a 75% solution?","157.5","We need to calculate the target value for this problem. | Using the appropriate formula: | $$\(addSolute\)$$ | Substitute the values: | $$\(157.5\)$$ | Simplify the expression to get the result. | Thus, the answer is 157.5.","PASS"
"en","PCT-CP-001","PCT-QL-002","PCT-ES-001","Easy","percentOf","ABSOLUTE","In an election, 25% of the 2000 registered voters cast their vote. How many votes were cast?","500","We need to calculate 25% of the base value 2000. | The formula to find $x\%$ of $y$ is: | $$\frac{x}{100} \times y$$ | Substitute $x = 25$ and $y = 2000$: | $$\frac{25}{100} \times 2000$$ | Simplify the multiplication: | $$\frac{25 \times 2000}{100} = 500$$ | Therefore, 25% of 2000 is 500.","PASS"
"en","PCT-CP-002","PCT-QL-019","PCT-ES-002","Hard","restoreAfterDecrease","PERCENT","By what percent should a number be increased to bring it back to its original value after a 37.5% decrease?","60%","Our objective is to find the required quantity. | We apply the standard rule: | $$\(restoreAfterDecrease\)$$ | Plugging in the parameters: | $$\(60%\)$$ | Calculating the final value. | Therefore, we get 60%.","PASS"
"en","PCT-CP-003","PCT-QL-023","PCT-ES-003","Medium","successiveChange","PERCENT","The price of an item is increased by 50% and then decreased by 20%. Find the net change in price percent.","20%","Our objective is to find the required quantity. | We apply the standard rule: | $$\(successiveChange\)$$ | Plugging in the parameters: | $$\(20%\)$$ | Calculating the final value. | Therefore, we get 20%.","PASS"
"en","PCT-CP-004","PCT-QL-031","PCT-ES-004","Hard","invarianceDecrease","PERCENT","If a car's speed increases by 66.66%, by what percent will the time taken decrease for the same distance?","40%","Our objective is to find the required quantity. | We apply the standard rule: | $$\(invarianceDecrease\)$$ | Plugging in the parameters: | $$\(40%\)$$ | Calculating the final value. | Therefore, we get 40%.","PASS"
"en","PCT-CP-006","PCT-QL-051","PCT-ES-006","Hard","dilutedPercent","PERCENT","If 2400 litres of water is added to 315 litres of 12.5% alcohol solution, what will be the percentage of alcohol now?","1.45%","We need to calculate the target value for this problem. | Using the appropriate formula: | $$\(dilutedPercent\)$$ | Substitute the values: | $$\(1.45%\)$$ | Simplify the expression to get the result. | Thus, the answer is 1.45%.","PASS"
"en","PCT-CP-001","PCT-QL-003","PCT-ES-001","Easy","percentToFraction","FRACTION","Convert 10% into its simplest fractional form.","1/10","Let's determine the final amount for the scenario. | The mathematical relationship is: | $$\(percentToFraction\)$$ | Inserting the given numbers: | $$\(1/10\)$$ | Solving it yields the final answer. | The computed result is 1/10.","PASS"
"en","PCT-CP-002","PCT-QL-010","PCT-ES-002","Easy","increaseNewValue","ABSOLUTE","If 100 is increased by 5%, find the new number.","105","Let's determine the final amount for the scenario. | The mathematical relationship is: | $$\(increaseNewValue\)$$ | Inserting the given numbers: | $$\(105\)$$ | Solving it yields the final answer. | The computed result is 105.","PASS"
"en","PCT-CP-003","PCT-QL-024","PCT-ES-003","Medium","compoundGrowth","ABSOLUTE","The population of a town is 8400. If it grows at 18% every year, what will it be after 2 years?","11696.16","We need to calculate the target value for this problem. | Using the appropriate formula: | $$\(compoundGrowth\)$$ | Substitute the values: | $$\(11696.16\)$$ | Simplify the expression to get the result. | Thus, the answer is 11696.16.","PASS"
"en","PCT-CP-004","PCT-QL-032","PCT-ES-004","Medium","restoreAfterIncrease","PERCENT","The price of an item is increased by 80%. By what percent should the new price be reduced to bring it back to the original?","44.44%","Our objective is to find the required quantity. | We apply the standard rule: | $$\(restoreAfterIncrease\)$$ | Plugging in the parameters: | $$\(44.44%\)$$ | Calculating the final value. | Therefore, we get 44.44%.","PASS"
"en","PCT-CP-005","PCT-QL-044","PCT-ES-005","Medium","partToTotal","COUNT","If 10% people in a village are literate and 600 people are illiterate, find the total population.","667","Let's determine the final amount for the scenario. | The mathematical relationship is: | $$\(partToTotal\)$$ | Inserting the given numbers: | $$\(667\)$$ | Solving it yields the final answer. | The computed result is 667.","PASS"
"en","PCT-CP-006","PCT-QL-052","PCT-ES-006","Hard","freshFromDry","ABSOLUTE","Fresh grapes have 80% water and dry grapes have 30% water. If the dry grapes weigh 800 kg, what was their weight when fresh?","2800","Our objective is to find the required quantity. | We apply the standard rule: | $$\(freshFromDry\)$$ | Plugging in the parameters: | $$\(2800\)$$ | Calculating the final value. | Therefore, we get 2800.","PASS"
"en","PCT-CP-001","PCT-QL-004","PCT-ES-001","Easy","valueAsPercent","PERCENT","What percentage of 1000 is 1200?","120%","We need to calculate the target value for this problem. | Using the appropriate formula: | $$\(valueAsPercent\)$$ | Substitute the values: | $$\(120%\)$$ | Simplify the expression to get the result. | Thus, the answer is 120%.","PASS"
"en","PCT-CP-002","PCT-QL-011","PCT-ES-002","Easy","decreaseNewValue","ABSOLUTE","If 500 is decreased by 15%, find the new number.","425","Our objective is to find the required quantity. | We apply the standard rule: | $$\(decreaseNewValue\)$$ | Plugging in the parameters: | $$\(425\)$$ | Calculating the final value. | Therefore, we get 425.","PASS"
"en","PCT-CP-003","PCT-QL-025","PCT-ES-003","Medium","compoundDecay","ABSOLUTE","A machine's value falls by 32% every year. If it is Rs. 4500 now, find its value after 2 years.","2080.8","We need to calculate the target value for this problem. | Using the appropriate formula: | $$\(compoundDecay\)$$ | Substitute the values: | $$\(2080.8\)$$ | Simplify the expression to get the result. | Thus, the answer is 2080.8.","PASS"
"en","PCT-CP-004","PCT-QL-033","PCT-ES-004","Hard","revenueChange","PERCENT","If the tax on an item is reduced by 80% and its sale increases by 30%, find the total change in revenue percent.","-74%","Our objective is to find the required quantity. | We apply the standard rule: | $$\(revenueChange\)$$ | Plugging in the parameters: | $$\(-74%\)$$ | Calculating the final value. | Therefore, we get -74%.","PASS"
"en","PCT-CP-005","PCT-QL-045","PCT-ES-005","Medium","twoShareRemainder","ABSOLUTE","A man gave 20% of his money to his wife, 25% to his son and the remaining Rs. 2400 to his daughter. How much did he have at first?","4363.64","Our objective is to find the required quantity. | We apply the standard rule: | $$\(twoShareRemainder\)$$ | Plugging in the parameters: | $$\(4363.64\)$$ | Calculating the final value. | Therefore, we get 4363.64.","PASS"
"en","PCT-CP-006","PCT-QL-053","PCT-ES-006","Hard","addPureComponent","ABSOLUTE","How much pure alcohol should be added to 135 mL of 66.66% solution to make it 75% strong?","45.04","We need to calculate the target value for this problem. | Using the appropriate formula: | $$\(addPureComponent\)$$ | Substitute the values: | $$\(45.04\)$$ | Simplify the expression to get the result. | Thus, the answer is 45.04.","PASS"
"en","PCT-CP-001","PCT-QL-005","PCT-ES-001","Easy","directRelation","ABSOLUTE","A is 5% of B. If B is 500, find A.","25","Our objective is to find the required quantity. | We apply the standard rule: | $$\(directRelation\)$$ | Plugging in the parameters: | $$\(25\)$$ | Calculating the final value. | Therefore, we get 25.","PASS"
"en","PCT-CP-002","PCT-QL-012","PCT-ES-002","Medium","reverseIncrease","ABSOLUTE","If 12% is added to a number, it becomes 5400. Find the number.","4821.43","We need to calculate the target value for this problem. | Using the appropriate formula: | $$\(reverseIncrease\)$$ | Substitute the values: | $$\(4821.43\)$$ | Simplify the expression to get the result. | Thus, the answer is 4821.43.","PASS"
"en","PCT-CP-003","PCT-QL-026","PCT-ES-003","Medium","areaChange","PERCENT","The length and breadth of a rectangle are increased by 40% and 50% respectively. Find the percentage increase in area.","110%","Let's determine the final amount for the scenario. | The mathematical relationship is: | $$\(areaChange\)$$ | Inserting the given numbers: | $$\(110%\)$$ | Solving it yields the final answer. | The computed result is 110%.","PASS"
"en","PCT-CP-004","PCT-QL-034","PCT-ES-004","Hard","invarianceDecrease","PERCENT","Working hours of a factory increased by 33.33%. By what percent should the hourly wage be decreased to keep the total bill same?","25%","Our objective is to find the required quantity. | We apply the standard rule: | $$\(invarianceDecrease\)$$ | Plugging in the parameters: | $$\(25%\)$$ | Calculating the final value. | Therefore, we get 25%.","PASS"
"en","PCT-CP-005","PCT-QL-046","PCT-ES-005","Medium","partToTotal","ABSOLUTE","An alloy contains 15% copper and the rest is zinc. If there is 120 kg zinc, find the total weight of the alloy.","141.18","We need to calculate the target value for this problem. | Using the appropriate formula: | $$\(partToTotal\)$$ | Substitute the values: | $$\(141.18\)$$ | Simplify the expression to get the result. | Thus, the answer is 141.18.","PASS"
"en","PCT-CP-006","PCT-QL-054","PCT-ES-006","Hard","evaporationOriginal","ABSOLUTE","A solution has 62.5% sugar. If 200 kg water flies away, the sugar becomes 75%. Find the original weight.","1200","Our objective is to find the required quantity. | We apply the standard rule: | $$\(evaporationOriginal\)$$ | Plugging in the parameters: | $$\(1200\)$$ | Calculating the final value. | Therefore, we get 1200.","PASS"
"en","PCT-CP-002","PCT-QL-013","PCT-ES-002","Medium","reverseDecrease","ABSOLUTE","If 28% is subtracted from a number, it becomes 9600. Find the number.","13333.33","Let's determine the final amount for the scenario. | The mathematical relationship is: | $$\(reverseDecrease\)$$ | Inserting the given numbers: | $$\(13333.33\)$$ | Solving it yields the final answer. | The computed result is 13333.33.","PASS"
"en","PCT-CP-003","PCT-QL-027","PCT-ES-003","Easy","squareAreaChange","PERCENT","If the side of a square is increased by 20%, find the percentage increase in its area.","44%","Our objective is to find the required quantity. | We apply the standard rule: | $$\(squareAreaChange\)$$ | Plugging in the parameters: | $$\(44%\)$$ | Calculating the final value. | Therefore, we get 44%.","PASS"
"en","PCT-CP-004","PCT-QL-035","PCT-ES-004","Easy","circleAreaDecrease","PERCENT","If the radius of a circle is decreased by 15%, find the percentage decrease in its area.","27.75%","We need to calculate the target value for this problem. | Using the appropriate formula: | $$\(circleAreaDecrease\)$$ | Substitute the values: | $$\(27.75%\)$$ | Simplify the expression to get the result. | Thus, the answer is 27.75%.","PASS"
"en","PCT-CP-005","PCT-QL-047","PCT-ES-005","Medium","loserVotes","COUNT","Two candidates contested an election. One got 40% votes and lost by 3600 votes. Find the total number of votes.","18000","Let's determine the final amount for the scenario. | The mathematical relationship is: | $$\(loserVotes\)$$ | Inserting the given numbers: | $$\(18000\)$$ | Solving it yields the final answer. | The computed result is 18000.","PASS"
"en","PCT-CP-006","PCT-QL-055","PCT-ES-006","Easy","alloyComplement","ABSOLUTE","An alloy of copper and zinc has 5% copper. Find the weight of zinc in 120 kg of the alloy.","114","Our objective is to find the required quantity. | We apply the standard rule: | $$\(alloyComplement\)$$ | Plugging in the parameters: | $$\(114\)$$ | Calculating the final value. | Therefore, we get 114.","PASS"
"en","PCT-CP-001","PCT-QL-007","PCT-ES-001","Medium","lessToMore","PERCENT","A is 45% less than B. By what percent is B more than A?","81.82%","We need to calculate the target value for this problem. | Using the appropriate formula: | $$\(lessToMore\)$$ | Substitute the values: | $$\(81.82%\)$$ | Simplify the expression to get the result. | Thus, the answer is 81.82%.","PASS"
"en","PCT-CP-002","PCT-QL-014","PCT-ES-002","Medium","reverseIncrease","ABSOLUTE","After increasing a number by 12%, it becomes 14400. Find the old number.","12857.14","We need to calculate the target value for this problem. | Using the appropriate formula: | $$\(reverseIncrease\)$$ | Substitute the values: | $$\(12857.14\)$$ | Simplify the expression to get the result. | Thus, the answer is 12857.14.","PASS"
"en","PCT-CP-003","PCT-QL-020","PCT-ES-003","Medium","successiveIncrease","PERCENT","Two successive increases of 45% and 60% are equal to a single increase of how much?","132%","We need to calculate the target value for this problem. | Using the appropriate formula: | $$\(successiveIncrease\)$$ | Substitute the values: | $$\(132%\)$$ | Simplify the expression to get the result. | Thus, the answer is 132%.","PASS"
"en","PCT-CP-005","PCT-QL-036","PCT-ES-005","Medium","incomePartition","ABSOLUTE","A man spends 15% of his income on food, 15% on rent and 15% on other things. If he saves Rs. 800, find his total income.","1454.55","We need to calculate the target value for this problem. | Using the appropriate formula: | $$\(incomePartition\)$$ | Substitute the values: | $$\(1454.55\)$$ | Simplify the expression to get the result. | Thus, the answer is 1454.55.","PASS"
"en","PCT-CP-006","PCT-QL-048","PCT-ES-006","Hard","dilutionAddWater","ABSOLUTE","A mixture of 225 litres has 62.5% acid. How much water should be added to make it 10% acid?","1181.25","We need to calculate the target value for this problem. | Using the appropriate formula: | $$\(dilutionAddWater\)$$ | Substitute the values: | $$\(1181.25\)$$ | Simplify the expression to get the result. | Thus, the answer is 1181.25.","PASS"
"en","PCT-CP-001","PCT-QL-008","PCT-ES-001","Medium","ratioFromPercentEquality","RATIO","If 15% of A is equal to 10% of B, find the ratio A:B.","2:3","We need to calculate the target value for this problem. | Using the appropriate formula: | $$\(ratioFromPercentEquality\)$$ | Substitute the values: | $$\(2:3\)$$ | Simplify the expression to get the result. | Thus, the answer is 2:3.","PASS"
"en","PCT-CP-002","PCT-QL-015","PCT-ES-002","Medium","reverseIncrease","ABSOLUTE","A man's salary is increased by 32% and becomes Rs. 5400. Find his original salary.","4090.91","Our objective is to find the required quantity. | We apply the standard rule: | $$\(reverseIncrease\)$$ | Plugging in the parameters: | $$\(4090.91\)$$ | Calculating the final value. | Therefore, we get 4090.91.","PASS"
"en","PCT-CP-003","PCT-QL-021","PCT-ES-003","Medium","successiveIncrease","PERCENT","The population of a town increases by 50% in the first year and by 20% in the second year. Find the total percentage increase.","80%","Our objective is to find the required quantity. | We apply the standard rule: | $$\(successiveIncrease\)$$ | Plugging in the parameters: | $$\(80%\)$$ | Calculating the final value. | Therefore, we get 80%.","PASS"
"en","PCT-CP-004","PCT-QL-029","PCT-ES-004","Medium","invarianceIncrease","PERCENT","The price of petrol falls by 45%. By what percent can a person increase his consumption so that the total cost remains same?","81.82%","We need to calculate the target value for this problem. | Using the appropriate formula: | $$\(invarianceIncrease\)$$ | Substitute the values: | $$\(81.82%\)$$ | Simplify the expression to get the result. | Thus, the answer is 81.82%.","PASS"
"en","PCT-CP-005","PCT-QL-037","PCT-ES-005","Hard","successiveExpense","ABSOLUTE","A person spends 80% of his salary on food and 30% of the remaining on rent. If he still has Rs. 450 left, find his salary.","3214.29","Our objective is to find the required quantity. | We apply the standard rule: | $$\(successiveExpense\)$$ | Plugging in the parameters: | $$\(3214.29\)$$ | Calculating the final value. | Therefore, we get 3214.29.","PASS"
"en","PCT-CP-006","PCT-QL-049","PCT-ES-006","Hard","dryFromFresh","ABSOLUTE","120 kg of fresh fruit has 85% water, and dry fruit has 15% water. How many kg of dry fruit can be made from 120 kg of fresh fruit?","21.18","We need to calculate the target value for this problem. | Using the appropriate formula: | $$\(dryFromFresh\)$$ | Substitute the values: | $$\(21.18\)$$ | Simplify the expression to get the result. | Thus, the answer is 21.18.","PASS"
"en","PCT-CP-001","PCT-QL-009","PCT-ES-001","Easy","reversePercent","ABSOLUTE","If 40% of a number is 200, then what is the number?","500","Let's determine the final amount for the scenario. | The mathematical relationship is: | $$\(reversePercent\)$$ | Inserting the given numbers: | $$\(500\)$$ | Solving it yields the final answer. | The computed result is 500.","PASS"
"en","PCT-CP-002","PCT-QL-016","PCT-ES-002","Medium","increaseByAmount","ABSOLUTE","Adding 300 to a number is the same as increasing it by 12%. Find the number.","2500","We need to calculate the target value for this problem. | Using the appropriate formula: | $$\(increaseByAmount\)$$ | Substitute the values: | $$\(2500\)$$ | Simplify the expression to get the result. | Thus, the answer is 2500.","PASS"
"en","PCT-CP-003","PCT-QL-022","PCT-ES-003","Medium","successiveChange","PERCENT","A number is increased by 50% and then decreased by 10%. Find the total change percent.","35%","Our objective is to find the required quantity. | We apply the standard rule: | $$\(successiveChange\)$$ | Plugging in the parameters: | $$\(35%\)$$ | Calculating the final value. | Therefore, we get 35%.","PASS"
"en","PCT-CP-005","PCT-QL-038","PCT-ES-005","Medium","winnerVotes","COUNT","In an election between two candidates, the winner got 60% votes and won by 3600 votes. Find the total votes polled.","18000","We need to calculate the target value for this problem. | Using the appropriate formula: | $$\(winnerVotes\)$$ | Substitute the values: | $$\(18000\)$$ | Simplify the expression to get the result. | Thus, the answer is 18000.","PASS"
"en","PCT-CP-001","PCT-QL-001","PCT-ES-001","Easy","percentOf","ABSOLUTE","In an election, 20% of the 5000 registered voters cast their vote. How many votes were cast?","1000","We need to calculate 20% of the base value 5000. | The formula to find $x\%$ of $y$ is: | $$\frac{x}{100} \times y$$ | Substitute $x = 20$ and $y = 5000$: | $$\frac{20}{100} \times 5000$$ | Simplify the multiplication: | $$\frac{20 \times 5000}{100} = 1000$$ | Therefore, 20% of 5000 is 1000.","PASS"
"en","PCT-CP-002","PCT-QL-017","PCT-ES-002","Easy","percentOfKnownNumber","ABSOLUTE","If 25% of a number is 100, find 20% of that number.","80","Let's determine the final amount for the scenario. | The mathematical relationship is: | $$\(percentOfKnownNumber\)$$ | Inserting the given numbers: | $$\(80\)$$ | Solving it yields the final answer. | The computed result is 80.","PASS"
"en","PCT-CP-003","PCT-QL-023","PCT-ES-003","Medium","successiveChange","PERCENT","The price of an item is increased by 60% and then decreased by 25%. Find the net change in price percent.","20%","We need to calculate the target value for this problem. | Using the appropriate formula: | $$\(successiveChange\)$$ | Substitute the values: | $$\(20%\)$$ | Simplify the expression to get the result. | Thus, the answer is 20%.","PASS"
"en","PCT-CP-004","PCT-QL-031","PCT-ES-004","Hard","invarianceDecrease","PERCENT","If a car's speed increases by 14.28%, by what percent will the time taken decrease for the same distance?","12.5%","Our objective is to find the required quantity. | We apply the standard rule: | $$\(invarianceDecrease\)$$ | Plugging in the parameters: | $$\(12.5%\)$$ | Calculating the final value. | Therefore, we get 12.5%.","PASS"
"en","PCT-CP-005","PCT-QL-039","PCT-ES-005","Hard","cancelledVotes","COUNT","In an election, 10% votes were cancelled. The winner got 60% of the valid votes and won by 1540 votes. Find the total votes.","8556","Let's determine the final amount for the scenario. | The mathematical relationship is: | $$\(cancelledVotes\)$$ | Inserting the given numbers: | $$\(8556\)$$ | Solving it yields the final answer. | The computed result is 8556.","PASS"
"en","PCT-CP-006","PCT-QL-051","PCT-ES-006","Hard","dilutedPercent","PERCENT","If 120 litres of water is added to 315 litres of 16.66% alcohol solution, what will be the percentage of alcohol now?","12.06%","We need to calculate the target value for this problem. | Using the appropriate formula: | $$\(dilutedPercent\)$$ | Substitute the values: | $$\(12.06%\)$$ | Simplify the expression to get the result. | Thus, the answer is 12.06%.","PASS"
"en","PCT-CP-001","PCT-QL-002","PCT-ES-001","Easy","percentOf","ABSOLUTE","In an election, 30% of the 5000 registered voters cast their vote. How many votes were cast?","1500","We need to calculate 30% of the base value 5000. | The formula to find $x\%$ of $y$ is: | $$\frac{x}{100} \times y$$ | Substitute $x = 30$ and $y = 5000$: | $$\frac{30}{100} \times 5000$$ | Simplify the multiplication: | $$\frac{30 \times 5000}{100} = 1500$$ | Therefore, 30% of 5000 is 1500.","PASS"
"en","PCT-CP-002","PCT-QL-018","PCT-ES-002","Medium","differenceOfPercents","ABSOLUTE","The difference between 50% and 10% of a number is 2400. Find the number.","6000","Our objective is to find the required quantity. | We apply the standard rule: | $$\(differenceOfPercents\)$$ | Plugging in the parameters: | $$\(6000\)$$ | Calculating the final value. | Therefore, we get 6000.","PASS"
"en","PCT-CP-003","PCT-QL-024","PCT-ES-003","Medium","compoundGrowth","ABSOLUTE","The population of a town is 7200. If it grows at 22% every year, what will it be after 2 years?","10716.48","We need to calculate the target value for this problem. | Using the appropriate formula: | $$\(compoundGrowth\)$$ | Substitute the values: | $$\(10716.48\)$$ | Simplify the expression to get the result. | Thus, the answer is 10716.48.","PASS"
"en","PCT-CP-005","PCT-QL-040","PCT-ES-005","Medium","passMarks","COUNT","A student needs 35% marks to pass. He gets 150 marks and fails by 5 marks. Find the maximum marks.","443","Our objective is to find the required quantity. | We apply the standard rule: | $$\(passMarks\)$$ | Plugging in the parameters: | $$\(443\)$$ | Calculating the final value. | Therefore, we get 443.","PASS"
"en","PCT-CP-006","PCT-QL-052","PCT-ES-006","Hard","freshFromDry","ABSOLUTE","Fresh grapes have 60% water and dry grapes have 15% water. If the dry grapes weigh 450 kg, what was their weight when fresh?","956.25","We need to calculate the target value for this problem. | Using the appropriate formula: | $$\(freshFromDry\)$$ | Substitute the values: | $$\(956.25\)$$ | Simplify the expression to get the result. | Thus, the answer is 956.25.","PASS"
"en","PCT-CP-001","PCT-QL-003","PCT-ES-001","Easy","percentToFraction","FRACTION","Convert 15% into its simplest fractional form.","3/20","We need to calculate the target value for this problem. | Using the appropriate formula: | $$\(percentToFraction\)$$ | Substitute the values: | $$\(3/20\)$$ | Simplify the expression to get the result. | Thus, the answer is 3/20.","PASS"
"en","PCT-CP-002","PCT-QL-019","PCT-ES-002","Hard","restoreAfterDecrease","PERCENT","By what percent should a number be increased to bring it back to its original value after a 62.5% decrease?","166.67%","Our objective is to find the required quantity. | We apply the standard rule: | $$\(restoreAfterDecrease\)$$ | Plugging in the parameters: | $$\(166.67%\)$$ | Calculating the final value. | Therefore, we get 166.67%.","PASS"
"en","PCT-CP-003","PCT-QL-025","PCT-ES-003","Medium","compoundDecay","ABSOLUTE","A machine's value falls by 35% every year. If it is Rs. 12500 now, find its value after 2 years.","5281.25","Our objective is to find the required quantity. | We apply the standard rule: | $$\(compoundDecay\)$$ | Plugging in the parameters: | $$\(5281.25\)$$ | Calculating the final value. | Therefore, we get 5281.25.","PASS"
"en","PCT-CP-004","PCT-QL-033","PCT-ES-004","Hard","revenueChange","PERCENT","If the tax on an item is reduced by 10% and its sale increases by 40%, find the total change in revenue percent.","26%","Let's determine the final amount for the scenario. | The mathematical relationship is: | $$\(revenueChange\)$$ | Inserting the given numbers: | $$\(26%\)$$ | Solving it yields the final answer. | The computed result is 26%.","PASS"
"en","PCT-CP-005","PCT-QL-041","PCT-ES-005","Easy","partToTotal","COUNT","In a school, 15% students are boys. If there are 600 girls, find the total number of students.","706","We need to calculate the target value for this problem. | Using the appropriate formula: | $$\(partToTotal\)$$ | Substitute the values: | $$\(706\)$$ | Simplify the expression to get the result. | Thus, the answer is 706.","PASS"
"en","PCT-CP-006","PCT-QL-053","PCT-ES-006","Hard","addPureComponent","ABSOLUTE","How much pure alcohol should be added to 135 mL of 16.66% solution to make it 25% strong?","15.01","We need to calculate the target value for this problem. | Using the appropriate formula: | $$\(addPureComponent\)$$ | Substitute the values: | $$\(15.01\)$$ | Simplify the expression to get the result. | Thus, the answer is 15.01.","PASS"
"en","PCT-CP-001","PCT-QL-004","PCT-ES-001","Easy","valueAsPercent","PERCENT","What percentage of 1000 is 2400?","240%","We need to calculate the target value for this problem. | Using the appropriate formula: | $$\(valueAsPercent\)$$ | Substitute the values: | $$\(240%\)$$ | Simplify the expression to get the result. | Thus, the answer is 240%.","PASS"
"en","PCT-CP-002","PCT-QL-010","PCT-ES-002","Easy","increaseNewValue","ABSOLUTE","If 100 is increased by 40%, find the new number.","140","Let's determine the final amount for the scenario. | The mathematical relationship is: | $$\(increaseNewValue\)$$ | Inserting the given numbers: | $$\(140\)$$ | Solving it yields the final answer. | The computed result is 140.","PASS"
"en","PCT-CP-003","PCT-QL-026","PCT-ES-003","Medium","areaChange","PERCENT","The length and breadth of a rectangle are increased by 45% and 60% respectively. Find the percentage increase in area.","132%","We need to calculate the target value for this problem. | Using the appropriate formula: | $$\(areaChange\)$$ | Substitute the values: | $$\(132%\)$$ | Simplify the expression to get the result. | Thus, the answer is 132%.","PASS"
"en","PCT-CP-004","PCT-QL-034","PCT-ES-004","Hard","invarianceDecrease","PERCENT","Working hours of a factory increased by 37.5%. By what percent should the hourly wage be decreased to keep the total bill same?","27.27%","Our objective is to find the required quantity. | We apply the standard rule: | $$\(invarianceDecrease\)$$ | Plugging in the parameters: | $$\(27.27%\)$$ | Calculating the final value. | Therefore, we get 27.27%.","PASS"
"en","PCT-CP-005","PCT-QL-042","PCT-ES-005","Easy","complementOfTotal","COUNT","Out of 8000 people, 20% are men. Find the number of women.","6400","Our objective is to find the required quantity. | We apply the standard rule: | $$\(complementOfTotal\)$$ | Plugging in the parameters: | $$\(6400\)$$ | Calculating the final value. | Therefore, we get 6400.","PASS"
"en","PCT-CP-006","PCT-QL-054","PCT-ES-006","Hard","evaporationOriginal","ABSOLUTE","A solution has 66.66% sugar. If 6000 kg water flies away, the sugar becomes 75%. Find the original weight.","53956.83","Our objective is to find the required quantity. | We apply the standard rule: | $$\(evaporationOriginal\)$$ | Plugging in the parameters: | $$\(53956.83\)$$ | Calculating the final value. | Therefore, we get 53956.83.","PASS"
"en","PCT-CP-001","PCT-QL-005","PCT-ES-001","Easy","directRelation","ABSOLUTE","A is 10% of B. If B is 1000, find A.","100","Let's determine the final amount for the scenario. | The mathematical relationship is: | $$\(directRelation\)$$ | Inserting the given numbers: | $$\(100\)$$ | Solving it yields the final answer. | The computed result is 100.","PASS"
"en","PCT-CP-002","PCT-QL-011","PCT-ES-002","Easy","decreaseNewValue","ABSOLUTE","If 500 is decreased by 5%, find the new number.","475","Our objective is to find the required quantity. | We apply the standard rule: | $$\(decreaseNewValue\)$$ | Plugging in the parameters: | $$\(475\)$$ | Calculating the final value. | Therefore, we get 475.","PASS"
"en","PCT-CP-006","PCT-QL-055","PCT-ES-006","Easy","alloyComplement","ABSOLUTE","An alloy of copper and zinc has 50% copper. Find the weight of zinc in 100 kg of the alloy.","50","Our objective is to find the required quantity. | We apply the standard rule: | $$\(alloyComplement\)$$ | Plugging in the parameters: | $$\(50\)$$ | Calculating the final value. | Therefore, we get 50.","PASS"
"en","PCT-CP-001","PCT-QL-006","PCT-ES-001","Medium","moreToLess","PERCENT","A is 12% more than B. By what percent is B less than A?","10.71%","We need to calculate the target value for this problem. | Using the appropriate formula: | $$\(moreToLess\)$$ | Substitute the values: | $$\(10.71%\)$$ | Simplify the expression to get the result. | Thus, the answer is 10.71%.","PASS"
"en","PCT-CP-002","PCT-QL-012","PCT-ES-002","Medium","reverseIncrease","ABSOLUTE","If 18% is added to a number, it becomes 9600. Find the number.","8135.59","We need to calculate the target value for this problem. | Using the appropriate formula: | $$\(reverseIncrease\)$$ | Substitute the values: | $$\(8135.59\)$$ | Simplify the expression to get the result. | Thus, the answer is 8135.59.","PASS"
"en","PCT-CP-003","PCT-QL-020","PCT-ES-003","Medium","successiveIncrease","PERCENT","Two successive increases of 50% and 10% are equal to a single increase of how much?","65%","Our objective is to find the required quantity. | We apply the standard rule: | $$\(successiveIncrease\)$$ | Plugging in the parameters: | $$\(65%\)$$ | Calculating the final value. | Therefore, we get 65%.","PASS"
"en","PCT-CP-004","PCT-QL-028","PCT-ES-004","Medium","invarianceDecrease","PERCENT","If the price of sugar increases by 28%, by how much percent should a family reduce its consumption to keep the expenditure same?","21.88%","Let's determine the final amount for the scenario. | The mathematical relationship is: | $$\(invarianceDecrease\)$$ | Inserting the given numbers: | $$\(21.88%\)$$ | Solving it yields the final answer. | The computed result is 21.88%.","PASS"
"en","PCT-CP-005","PCT-QL-044","PCT-ES-005","Medium","partToTotal","COUNT","If 80% people in a village are literate and 2400 people are illiterate, find the total population.","12000","Our objective is to find the required quantity. | We apply the standard rule: | $$\(partToTotal\)$$ | Plugging in the parameters: | $$\(12000\)$$ | Calculating the final value. | Therefore, we get 12000.","PASS"
"en","PCT-CP-006","PCT-QL-048","PCT-ES-006","Hard","dilutionAddWater","ABSOLUTE","A mixture of 225 litres has 66.66% acid. How much water should be added to make it 50% acid?","74.97","We need to calculate the target value for this problem. | Using the appropriate formula: | $$\(dilutionAddWater\)$$ | Substitute the values: | $$\(74.97\)$$ | Simplify the expression to get the result. | Thus, the answer is 74.97.","PASS"
"en","PCT-CP-001","PCT-QL-007","PCT-ES-001","Medium","lessToMore","PERCENT","A is 28% less than B. By what percent is B more than A?","38.89%","Let's determine the final amount for the scenario. | The mathematical relationship is: | $$\(lessToMore\)$$ | Inserting the given numbers: | $$\(38.89%\)$$ | Solving it yields the final answer. | The computed result is 38.89%.","PASS"
"en","PCT-CP-002","PCT-QL-013","PCT-ES-002","Medium","reverseDecrease","ABSOLUTE","If 32% is subtracted from a number, it becomes 5400. Find the number.","7941.18","Our objective is to find the required quantity. | We apply the standard rule: | $$\(reverseDecrease\)$$ | Plugging in the parameters: | $$\(7941.18\)$$ | Calculating the final value. | Therefore, we get 7941.18.","PASS"
"en","PCT-CP-003","PCT-QL-021","PCT-ES-003","Medium","successiveIncrease","PERCENT","The population of a town increases by 40% in the first year and by 50% in the second year. Find the total percentage increase.","110%","Let's determine the final amount for the scenario. | The mathematical relationship is: | $$\(successiveIncrease\)$$ | Inserting the given numbers: | $$\(110%\)$$ | Solving it yields the final answer. | The computed result is 110%.","PASS"
"en","PCT-CP-005","PCT-QL-045","PCT-ES-005","Medium","twoShareRemainder","ABSOLUTE","A man gave 40% of his money to his wife, 20% to his son and the remaining Rs. 6000 to his daughter. How much did he have at first?","15000","Let's determine the final amount for the scenario. | The mathematical relationship is: | $$\(twoShareRemainder\)$$ | Inserting the given numbers: | $$\(15000\)$$ | Solving it yields the final answer. | The computed result is 15000.","PASS"
"en","PCT-CP-006","PCT-QL-049","PCT-ES-006","Hard","dryFromFresh","ABSOLUTE","100 kg of fresh fruit has 85% water, and dry fruit has 15% water. How many kg of dry fruit can be made from 100 kg of fresh fruit?","17.65","Let's determine the final amount for the scenario. | The mathematical relationship is: | $$\(dryFromFresh\)$$ | Inserting the given numbers: | $$\(17.65\)$$ | Solving it yields the final answer. | The computed result is 17.65.","PASS"
"en","PCT-CP-001","PCT-QL-008","PCT-ES-001","Medium","ratioFromPercentEquality","RATIO","If 25% of A is equal to 20% of B, find the ratio A:B.","4:5","Let's determine the final amount for the scenario. | The mathematical relationship is: | $$\(ratioFromPercentEquality\)$$ | Inserting the given numbers: | $$\(4:5\)$$ | Solving it yields the final answer. | The computed result is 4:5.","PASS"
"en","PCT-CP-002","PCT-QL-014","PCT-ES-002","Medium","reverseIncrease","ABSOLUTE","After increasing a number by 18%, it becomes 9600. Find the old number.","8135.59","We need to calculate the target value for this problem. | Using the appropriate formula: | $$\(reverseIncrease\)$$ | Substitute the values: | $$\(8135.59\)$$ | Simplify the expression to get the result. | Thus, the answer is 8135.59.","PASS"
"en","PCT-CP-003","PCT-QL-022","PCT-ES-003","Medium","successiveChange","PERCENT","A number is increased by 40% and then decreased by 30%. Find the total change percent.","-2%","Let's determine the final amount for the scenario. | The mathematical relationship is: | $$\(successiveChange\)$$ | Inserting the given numbers: | $$\(-2%\)$$ | Solving it yields the final answer. | The computed result is -2%.","PASS"
"en","PCT-CP-004","PCT-QL-030","PCT-ES-004","Medium","invarianceDecrease","PERCENT","The length of a rectangle increases by 28%. By what percent should the breadth be decreased to keep the area same?","21.88%","Let's determine the final amount for the scenario. | The mathematical relationship is: | $$\(invarianceDecrease\)$$ | Inserting the given numbers: | $$\(21.88%\)$$ | Solving it yields the final answer. | The computed result is 21.88%.","PASS"
"en","PCT-CP-005","PCT-QL-046","PCT-ES-005","Medium","partToTotal","ABSOLUTE","An alloy contains 15% copper and the rest is zinc. If there is 1200 kg zinc, find the total weight of the alloy.","1411.76","We need to calculate the target value for this problem. | Using the appropriate formula: | $$\(partToTotal\)$$ | Substitute the values: | $$\(1411.76\)$$ | Simplify the expression to get the result. | Thus, the answer is 1411.76.","PASS"
"en","PCT-CP-006","PCT-QL-050","PCT-ES-006","Hard","addSolute","ABSOLUTE","In 225 litres of salt solution, there is 33.33% salt. How much salt should be added to make it a 40% solution?","25.01","We need to calculate the target value for this problem. | Using the appropriate formula: | $$\(addSolute\)$$ | Substitute the values: | $$\(25.01\)$$ | Simplify the expression to get the result. | Thus, the answer is 25.01.","PASS"
"en","PCT-CP-001","PCT-QL-009","PCT-ES-001","Easy","reversePercent","ABSOLUTE","If 50% of a number is 600, then what is the number?","1200","Our objective is to find the required quantity. | We apply the standard rule: | $$\(reversePercent\)$$ | Plugging in the parameters: | $$\(1200\)$$ | Calculating the final value. | Therefore, we get 1200.","PASS"
"en","PCT-CP-002","PCT-QL-015","PCT-ES-002","Medium","reverseIncrease","ABSOLUTE","A man's salary is increased by 35% and becomes Rs. 14400. Find his original salary.","10666.67","Our objective is to find the required quantity. | We apply the standard rule: | $$\(reverseIncrease\)$$ | Plugging in the parameters: | $$\(10666.67\)$$ | Calculating the final value. | Therefore, we get 10666.67.","PASS"
"en","PCT-CP-003","PCT-QL-023","PCT-ES-003","Medium","successiveChange","PERCENT","The price of an item is increased by 45% and then decreased by 60%. Find the net change in price percent.","-42%","We need to calculate the target value for this problem. | Using the appropriate formula: | $$\(successiveChange\)$$ | Substitute the values: | $$\(-42%\)$$ | Simplify the expression to get the result. | Thus, the answer is -42%.","PASS"
"en","PCT-CP-005","PCT-QL-047","PCT-ES-005","Medium","loserVotes","COUNT","Two candidates contested an election. One got 45% votes and lost by 1200 votes. Find the total number of votes.","12000","We need to calculate the target value for this problem. | Using the appropriate formula: | $$\(loserVotes\)$$ | Substitute the values: | $$\(12000\)$$ | Simplify the expression to get the result. | Thus, the answer is 12000.","PASS"
"en","PCT-CP-006","PCT-QL-051","PCT-ES-006","Hard","dilutedPercent","PERCENT","If 800 litres of water is added to 225 litres of 14.28% alcohol solution, what will be the percentage of alcohol now?","3.13%","We need to calculate the target value for this problem. | Using the appropriate formula: | $$\(dilutedPercent\)$$ | Substitute the values: | $$\(3.13%\)$$ | Simplify the expression to get the result. | Thus, the answer is 3.13%.","PASS"
"en","PCT-CP-001","PCT-QL-001","PCT-ES-001","Easy","percentOf","ABSOLUTE","In an election, 10% of the 5000 registered voters cast their vote. How many votes were cast?","500","We need to calculate 10% of the base value 5000. | The formula to find $x\%$ of $y$ is: | $$\frac{x}{100} \times y$$ | Substitute $x = 10$ and $y = 5000$: | $$\frac{10}{100} \times 5000$$ | Simplify the multiplication: | $$\frac{10 \times 5000}{100} = 500$$ | Therefore, 10% of 5000 is 500.","PASS"
"en","PCT-CP-002","PCT-QL-016","PCT-ES-002","Medium","increaseByAmount","ABSOLUTE","Adding 450 to a number is the same as increasing it by 18%. Find the number.","2500","We need to calculate the target value for this problem. | Using the appropriate formula: | $$\(increaseByAmount\)$$ | Substitute the values: | $$\(2500\)$$ | Simplify the expression to get the result. | Thus, the answer is 2500.","PASS"
"en","PCT-CP-003","PCT-QL-024","PCT-ES-003","Medium","compoundGrowth","ABSOLUTE","The population of a town is 8400. If it grows at 22% every year, what will it be after 2 years?","12502.56","We need to calculate the target value for this problem. | Using the appropriate formula: | $$\(compoundGrowth\)$$ | Substitute the values: | $$\(12502.56\)$$ | Simplify the expression to get the result. | Thus, the answer is 12502.56.","PASS"
"en","PCT-CP-005","PCT-QL-036","PCT-ES-005","Medium","incomePartition","ABSOLUTE","A man spends 30% of his income on food, 30% on rent and 20% on other things. If he saves Rs. 2400, find his total income.","12000","We need to calculate the target value for this problem. | Using the appropriate formula: | $$\(incomePartition\)$$ | Substitute the values: | $$\(12000\)$$ | Simplify the expression to get the result. | Thus, the answer is 12000.","PASS"
"en","PCT-CP-006","PCT-QL-052","PCT-ES-006","Hard","freshFromDry","ABSOLUTE","Fresh grapes have 60% water and dry grapes have 10% water. If the dry grapes weigh 6000 kg, what was their weight when fresh?","13500","We need to calculate the target value for this problem. | Using the appropriate formula: | $$\(freshFromDry\)$$ | Substitute the values: | $$\(13500\)$$ | Simplify the expression to get the result. | Thus, the answer is 13500.","PASS"
"en","PCT-CP-001","PCT-QL-002","PCT-ES-001","Easy","percentOf","ABSOLUTE","In an election, 40% of the 2000 registered voters cast their vote. How many votes were cast?","800","We need to calculate 40% of the base value 2000. | The formula to find $x\%$ of $y$ is: | $$\frac{x}{100} \times y$$ | Substitute $x = 40$ and $y = 2000$: | $$\frac{40}{100} \times 2000$$ | Simplify the multiplication: | $$\frac{40 \times 2000}{100} = 800$$ | Therefore, 40% of 2000 is 800.","PASS"
"en","PCT-CP-002","PCT-QL-017","PCT-ES-002","Easy","percentOfKnownNumber","ABSOLUTE","If 20% of a number is 250, find 60% of that number.","750","Our objective is to find the required quantity. | We apply the standard rule: | $$\(percentOfKnownNumber\)$$ | Plugging in the parameters: | $$\(750\)$$ | Calculating the final value. | Therefore, we get 750.","PASS"
"en","PCT-CP-003","PCT-QL-025","PCT-ES-003","Medium","compoundDecay","ABSOLUTE","A machine's value falls by 45% every year. If it is Rs. 12500 now, find its value after 2 years.","3781.25","Our objective is to find the required quantity. | We apply the standard rule: | $$\(compoundDecay\)$$ | Plugging in the parameters: | $$\(3781.25\)$$ | Calculating the final value. | Therefore, we get 3781.25.","PASS"
"en","PCT-CP-004","PCT-QL-033","PCT-ES-004","Hard","revenueChange","PERCENT","If the tax on an item is reduced by 60% and its sale increases by 15%, find the total change in revenue percent.","-54%","We need to calculate the target value for this problem. | Using the appropriate formula: | $$\(revenueChange\)$$ | Substitute the values: | $$\(-54%\)$$ | Simplify the expression to get the result. | Thus, the answer is -54%.","PASS"
"en","PCT-CP-005","PCT-QL-037","PCT-ES-005","Hard","successiveExpense","ABSOLUTE","A person spends 80% of his salary on food and 20% of the remaining on rent. If he still has Rs. 120 left, find his salary.","750","Our objective is to find the required quantity. | We apply the standard rule: | $$\(successiveExpense\)$$ | Plugging in the parameters: | $$\(750\)$$ | Calculating the final value. | Therefore, we get 750.","PASS"
"en","PCT-CP-006","PCT-QL-053","PCT-ES-006","Hard","addPureComponent","ABSOLUTE","How much pure alcohol should be added to 315 mL of 14.28% solution to make it 50% strong?","225.04","We need to calculate the target value for this problem. | Using the appropriate formula: | $$\(addPureComponent\)$$ | Substitute the values: | $$\(225.04\)$$ | Simplify the expression to get the result. | Thus, the answer is 225.04.","PASS"
"en","PCT-CP-002","PCT-QL-018","PCT-ES-002","Medium","differenceOfPercents","ABSOLUTE","The difference between 45% and 40% of a number is 6000. Find the number.","120000","We need to calculate the target value for this problem. | Using the appropriate formula: | $$\(differenceOfPercents\)$$ | Substitute the values: | $$\(120000\)$$ | Simplify the expression to get the result. | Thus, the answer is 120000.","PASS"
"en","PCT-CP-003","PCT-QL-026","PCT-ES-003","Medium","areaChange","PERCENT","The length and breadth of a rectangle are increased by 30% and 25% respectively. Find the percentage increase in area.","62.5%","We need to calculate the target value for this problem. | Using the appropriate formula: | $$\(areaChange\)$$ | Substitute the values: | $$\(62.5%\)$$ | Simplify the expression to get the result. | Thus, the answer is 62.5%.","PASS"
"en","PCT-CP-006","PCT-QL-054","PCT-ES-006","Hard","evaporationOriginal","ABSOLUTE","A solution has 37.5% sugar. If 600 kg water flies away, the sugar becomes 50%. Find the original weight.","2400","Our objective is to find the required quantity. | We apply the standard rule: | $$\(evaporationOriginal\)$$ | Plugging in the parameters: | $$\(2400\)$$ | Calculating the final value. | Therefore, we get 2400.","PASS"
"en","PCT-CP-001","PCT-QL-004","PCT-ES-001","Easy","valueAsPercent","PERCENT","What percentage of 1000 is 800?","80%","Our objective is to find the required quantity. | We apply the standard rule: | $$\(valueAsPercent\)$$ | Plugging in the parameters: | $$\(80%\)$$ | Calculating the final value. | Therefore, we get 80%.","PASS"
"en","PCT-CP-002","PCT-QL-019","PCT-ES-002","Hard","restoreAfterDecrease","PERCENT","By what percent should a number be increased to bring it back to its original value after a 66.66% decrease?","199.94%","Our objective is to find the required quantity. | We apply the standard rule: | $$\(restoreAfterDecrease\)$$ | Plugging in the parameters: | $$\(199.94%\)$$ | Calculating the final value. | Therefore, we get 199.94%.","PASS"
"en","PCT-CP-006","PCT-QL-055","PCT-ES-006","Easy","alloyComplement","ABSOLUTE","An alloy of copper and zinc has 5% copper. Find the weight of zinc in 50 kg of the alloy.","47.5","Our objective is to find the required quantity. | We apply the standard rule: | $$\(alloyComplement\)$$ | Plugging in the parameters: | $$\(47.5\)$$ | Calculating the final value. | Therefore, we get 47.5.","PASS"
"en","PCT-CP-001","PCT-QL-005","PCT-ES-001","Easy","directRelation","ABSOLUTE","A is 15% of B. If B is 500, find A.","75","We need to calculate the target value for this problem. | Using the appropriate formula: | $$\(directRelation\)$$ | Substitute the values: | $$\(75\)$$ | Simplify the expression to get the result. | Thus, the answer is 75.","PASS"
"en","PCT-CP-002","PCT-QL-010","PCT-ES-002","Easy","increaseNewValue","ABSOLUTE","If 5000 is increased by 10%, find the new number.","5500","Our objective is to find the required quantity. | We apply the standard rule: | $$\(increaseNewValue\)$$ | Plugging in the parameters: | $$\(5500\)$$ | Calculating the final value. | Therefore, we get 5500.","PASS"
"en","PCT-CP-003","PCT-QL-020","PCT-ES-003","Medium","successiveIncrease","PERCENT","Two successive increases of 40% and 30% are equal to a single increase of how much?","82%","Let's determine the final amount for the scenario. | The mathematical relationship is: | $$\(successiveIncrease\)$$ | Inserting the given numbers: | $$\(82%\)$$ | Solving it yields the final answer. | The computed result is 82%.","PASS"
"en","PCT-CP-005","PCT-QL-040","PCT-ES-005","Medium","passMarks","COUNT","A student needs 35% marks to pass. He gets 120 marks and fails by 25 marks. Find the maximum marks.","414","Our objective is to find the required quantity. | We apply the standard rule: | $$\(passMarks\)$$ | Plugging in the parameters: | $$\(414\)$$ | Calculating the final value. | Therefore, we get 414.","PASS"
"en","PCT-CP-006","PCT-QL-048","PCT-ES-006","Hard","dilutionAddWater","ABSOLUTE","A mixture of 135 litres has 37.5% acid. How much water should be added to make it 25% acid?","67.5","We need to calculate the target value for this problem. | Using the appropriate formula: | $$\(dilutionAddWater\)$$ | Substitute the values: | $$\(67.5\)$$ | Simplify the expression to get the result. | Thus, the answer is 67.5.","PASS"
"en","PCT-CP-001","PCT-QL-006","PCT-ES-001","Medium","moreToLess","PERCENT","A is 32% more than B. By what percent is B less than A?","24.24%","Our objective is to find the required quantity. | We apply the standard rule: | $$\(moreToLess\)$$ | Plugging in the parameters: | $$\(24.24%\)$$ | Calculating the final value. | Therefore, we get 24.24%.","PASS"
"en","PCT-CP-002","PCT-QL-011","PCT-ES-002","Easy","decreaseNewValue","ABSOLUTE","If 200 is decreased by 20%, find the new number.","160","Our objective is to find the required quantity. | We apply the standard rule: | $$\(decreaseNewValue\)$$ | Plugging in the parameters: | $$\(160\)$$ | Calculating the final value. | Therefore, we get 160.","PASS"
"en","PCT-CP-003","PCT-QL-021","PCT-ES-003","Medium","successiveIncrease","PERCENT","The population of a town increases by 40% in the first year and by 20% in the second year. Find the total percentage increase.","68%","Let's determine the final amount for the scenario. | The mathematical relationship is: | $$\(successiveIncrease\)$$ | Inserting the given numbers: | $$\(68%\)$$ | Solving it yields the final answer. | The computed result is 68%.","PASS"
"en","PCT-CP-004","PCT-QL-029","PCT-ES-004","Medium","invarianceIncrease","PERCENT","The price of petrol falls by 12%. By what percent can a person increase his consumption so that the total cost remains same?","13.64%","We need to calculate the target value for this problem. | Using the appropriate formula: | $$\(invarianceIncrease\)$$ | Substitute the values: | $$\(13.64%\)$$ | Simplify the expression to get the result. | Thus, the answer is 13.64%.","PASS"
"en","PCT-CP-006","PCT-QL-049","PCT-ES-006","Hard","dryFromFresh","ABSOLUTE","50 kg of fresh fruit has 80% water, and dry fruit has 15% water. How many kg of dry fruit can be made from 50 kg of fresh fruit?","11.76","Our objective is to find the required quantity. | We apply the standard rule: | $$\(dryFromFresh\)$$ | Plugging in the parameters: | $$\(11.76\)$$ | Calculating the final value. | Therefore, we get 11.76.","PASS"
"en","PCT-CP-001","PCT-QL-007","PCT-ES-001","Medium","lessToMore","PERCENT","A is 18% less than B. By what percent is B more than A?","21.95%","We need to calculate the target value for this problem. | Using the appropriate formula: | $$\(lessToMore\)$$ | Substitute the values: | $$\(21.95%\)$$ | Simplify the expression to get the result. | Thus, the answer is 21.95%.","PASS"
"en","PCT-CP-002","PCT-QL-012","PCT-ES-002","Medium","reverseIncrease","ABSOLUTE","If 22% is added to a number, it becomes 8640. Find the number.","7081.97","Let's determine the final amount for the scenario. | The mathematical relationship is: | $$\(reverseIncrease\)$$ | Inserting the given numbers: | $$\(7081.97\)$$ | Solving it yields the final answer. | The computed result is 7081.97.","PASS"
"en","PCT-CP-003","PCT-QL-022","PCT-ES-003","Medium","successiveChange","PERCENT","A number is increased by 45% and then decreased by 40%. Find the total change percent.","-13%","We need to calculate the target value for this problem. | Using the appropriate formula: | $$\(successiveChange\)$$ | Substitute the values: | $$\(-13%\)$$ | Simplify the expression to get the result. | Thus, the answer is -13%.","PASS"
"en","PCT-CP-005","PCT-QL-042","PCT-ES-005","Easy","complementOfTotal","COUNT","Out of 12000 people, 30% are men. Find the number of women.","8400","We need to calculate the target value for this problem. | Using the appropriate formula: | $$\(complementOfTotal\)$$ | Substitute the values: | $$\(8400\)$$ | Simplify the expression to get the result. | Thus, the answer is 8400.","PASS"
"en","PCT-CP-006","PCT-QL-050","PCT-ES-006","Hard","addSolute","ABSOLUTE","In 225 litres of salt solution, there is 37.5% salt. How much salt should be added to make it a 50% solution?","56.25","We need to calculate the target value for this problem. | Using the appropriate formula: | $$\(addSolute\)$$ | Substitute the values: | $$\(56.25\)$$ | Simplify the expression to get the result. | Thus, the answer is 56.25.","PASS"
"en","PCT-CP-001","PCT-QL-008","PCT-ES-001","Medium","ratioFromPercentEquality","RATIO","If 30% of A is equal to 15% of B, find the ratio A:B.","1:2","We need to calculate the target value for this problem. | Using the appropriate formula: | $$\(ratioFromPercentEquality\)$$ | Substitute the values: | $$\(1:2\)$$ | Simplify the expression to get the result. | Thus, the answer is 1:2.","PASS"
"en","PCT-CP-002","PCT-QL-013","PCT-ES-002","Medium","reverseDecrease","ABSOLUTE","If 35% is subtracted from a number, it becomes 14400. Find the number.","22153.85","Our objective is to find the required quantity. | We apply the standard rule: | $$\(reverseDecrease\)$$ | Plugging in the parameters: | $$\(22153.85\)$$ | Calculating the final value. | Therefore, we get 22153.85.","PASS"
"en","PCT-CP-003","PCT-QL-023","PCT-ES-003","Medium","successiveChange","PERCENT","The price of an item is increased by 25% and then decreased by 10%. Find the net change in price percent.","12.5%","Let's determine the final amount for the scenario. | The mathematical relationship is: | $$\(successiveChange\)$$ | Inserting the given numbers: | $$\(12.5%\)$$ | Solving it yields the final answer. | The computed result is 12.5%.","PASS"
"en","PCT-CP-006","PCT-QL-051","PCT-ES-006","Hard","dilutedPercent","PERCENT","If 450 litres of water is added to 225 litres of 12.5% alcohol solution, what will be the percentage of alcohol now?","4.17%","We need to calculate the target value for this problem. | Using the appropriate formula: | $$\(dilutedPercent\)$$ | Substitute the values: | $$\(4.17%\)$$ | Simplify the expression to get the result. | Thus, the answer is 4.17%.","PASS"
"en","PCT-CP-001","PCT-QL-009","PCT-ES-001","Easy","reversePercent","ABSOLUTE","If 5% of a number is 600, then what is the number?","12000","Our objective is to find the required quantity. | We apply the standard rule: | $$\(reversePercent\)$$ | Plugging in the parameters: | $$\(12000\)$$ | Calculating the final value. | Therefore, we get 12000.","PASS"
"en","PCT-CP-002","PCT-QL-014","PCT-ES-002","Medium","reverseIncrease","ABSOLUTE","After increasing a number by 22%, it becomes 5400. Find the old number.","4426.23","Let's determine the final amount for the scenario. | The mathematical relationship is: | $$\(reverseIncrease\)$$ | Inserting the given numbers: | $$\(4426.23\)$$ | Solving it yields the final answer. | The computed result is 4426.23.","PASS"
"en","PCT-CP-003","PCT-QL-024","PCT-ES-003","Medium","compoundGrowth","ABSOLUTE","The population of a town is 7200. If it grows at 28% every year, what will it be after 2 years?","11796.48","We need to calculate the target value for this problem. | Using the appropriate formula: | $$\(compoundGrowth\)$$ | Substitute the values: | $$\(11796.48\)$$ | Simplify the expression to get the result. | Thus, the answer is 11796.48.","PASS"
"en","PCT-CP-004","PCT-QL-032","PCT-ES-004","Medium","restoreAfterIncrease","PERCENT","The price of an item is increased by 60%. By what percent should the new price be reduced to bring it back to the original?","37.5%","We need to calculate the target value for this problem. | Using the appropriate formula: | $$\(restoreAfterIncrease\)$$ | Substitute the values: | $$\(37.5%\)$$ | Simplify the expression to get the result. | Thus, the answer is 37.5%.","PASS"
"en","PCT-CP-005","PCT-QL-044","PCT-ES-005","Medium","partToTotal","COUNT","If 80% people in a village are literate and 600 people are illiterate, find the total population.","3000","Our objective is to find the required quantity. | We apply the standard rule: | $$\(partToTotal\)$$ | Plugging in the parameters: | $$\(3000\)$$ | Calculating the final value. | Therefore, we get 3000.","PASS"
"en","PCT-CP-006","PCT-QL-052","PCT-ES-006","Hard","freshFromDry","ABSOLUTE","Fresh grapes have 60% water and dry grapes have 10% water. If the dry grapes weigh 800 kg, what was their weight when fresh?","1800","We need to calculate the target value for this problem. | Using the appropriate formula: | $$\(freshFromDry\)$$ | Substitute the values: | $$\(1800\)$$ | Simplify the expression to get the result. | Thus, the answer is 1800.","PASS"
"en","PCT-CP-003","PCT-QL-025","PCT-ES-003","Medium","compoundDecay","ABSOLUTE","A machine's value falls by 32% every year. If it is Rs. 8400 now, find its value after 2 years.","3884.16","We need to calculate the target value for this problem. | Using the appropriate formula: | $$\(compoundDecay\)$$ | Substitute the values: | $$\(3884.16\)$$ | Simplify the expression to get the result. | Thus, the answer is 3884.16.","PASS"
"en","PCT-CP-004","PCT-QL-033","PCT-ES-004","Hard","revenueChange","PERCENT","If the tax on an item is reduced by 40% and its sale increases by 20%, find the total change in revenue percent.","-28%","Let's determine the final amount for the scenario. | The mathematical relationship is: | $$\(revenueChange\)$$ | Inserting the given numbers: | $$\(-28%\)$$ | Solving it yields the final answer. | The computed result is -28%.","PASS"
"en","PCT-CP-005","PCT-QL-045","PCT-ES-005","Medium","twoShareRemainder","ABSOLUTE","A man gave 40% of his money to his wife, 30% to his son and the remaining Rs. 2400 to his daughter. How much did he have at first?","8000","Let's determine the final amount for the scenario. | The mathematical relationship is: | $$\(twoShareRemainder\)$$ | Inserting the given numbers: | $$\(8000\)$$ | Solving it yields the final answer. | The computed result is 8000.","PASS"
"en","PCT-CP-006","PCT-QL-053","PCT-ES-006","Hard","addPureComponent","ABSOLUTE","How much pure alcohol should be added to 315 mL of 12.5% solution to make it 50% strong?","236.25","We need to calculate the target value for this problem. | Using the appropriate formula: | $$\(addPureComponent\)$$ | Substitute the values: | $$\(236.25\)$$ | Simplify the expression to get the result. | Thus, the answer is 236.25.","PASS"
"en","PCT-CP-002","PCT-QL-016","PCT-ES-002","Medium","increaseByAmount","ABSOLUTE","Adding 200 to a number is the same as increasing it by 22%. Find the number.","909.09","Our objective is to find the required quantity. | We apply the standard rule: | $$\(increaseByAmount\)$$ | Plugging in the parameters: | $$\(909.09\)$$ | Calculating the final value. | Therefore, we get 909.09.","PASS"
"en","PCT-CP-003","PCT-QL-026","PCT-ES-003","Medium","areaChange","PERCENT","The length and breadth of a rectangle are increased by 30% and 60% respectively. Find the percentage increase in area.","108%","We need to calculate the target value for this problem. | Using the appropriate formula: | $$\(areaChange\)$$ | Substitute the values: | $$\(108%\)$$ | Simplify the expression to get the result. | Thus, the answer is 108%.","PASS"
"en","PCT-CP-004","PCT-QL-034","PCT-ES-004","Hard","invarianceDecrease","PERCENT","Working hours of a factory increased by 62.5%. By what percent should the hourly wage be decreased to keep the total bill same?","38.46%","Our objective is to find the required quantity. | We apply the standard rule: | $$\(invarianceDecrease\)$$ | Plugging in the parameters: | $$\(38.46%\)$$ | Calculating the final value. | Therefore, we get 38.46%.","PASS"
"en","PCT-CP-006","PCT-QL-054","PCT-ES-006","Hard","evaporationOriginal","ABSOLUTE","A solution has 62.5% sugar. If 1200 kg water flies away, the sugar becomes 75%. Find the original weight.","7200","Our objective is to find the required quantity. | We apply the standard rule: | $$\(evaporationOriginal\)$$ | Plugging in the parameters: | $$\(7200\)$$ | Calculating the final value. | Therefore, we get 7200.","PASS"
"en","PCT-CP-001","PCT-QL-003","PCT-ES-001","Easy","percentToFraction","FRACTION","Convert 25% into its simplest fractional form.","1/4","Let's determine the final amount for the scenario. | The mathematical relationship is: | $$\(percentToFraction\)$$ | Inserting the given numbers: | $$\(1/4\)$$ | Solving it yields the final answer. | The computed result is 1/4.","PASS"
"en","PCT-CP-002","PCT-QL-017","PCT-ES-002","Easy","percentOfKnownNumber","ABSOLUTE","If 30% of a number is 150, find 15% of that number.","75","We need to calculate the target value for this problem. | Using the appropriate formula: | $$\(percentOfKnownNumber\)$$ | Substitute the values: | $$\(75\)$$ | Simplify the expression to get the result. | Thus, the answer is 75.","PASS"
"en","PCT-CP-003","PCT-QL-027","PCT-ES-003","Easy","squareAreaChange","PERCENT","If the side of a square is increased by 15%, find the percentage increase in its area.","32.25%","We need to calculate the target value for this problem. | Using the appropriate formula: | $$\(squareAreaChange\)$$ | Substitute the values: | $$\(32.25%\)$$ | Simplify the expression to get the result. | Thus, the answer is 32.25%.","PASS"
"en","PCT-CP-004","PCT-QL-035","PCT-ES-004","Easy","circleAreaDecrease","PERCENT","If the radius of a circle is decreased by 10%, find the percentage decrease in its area.","19%","Let's determine the final amount for the scenario. | The mathematical relationship is: | $$\(circleAreaDecrease\)$$ | Inserting the given numbers: | $$\(19%\)$$ | Solving it yields the final answer. | The computed result is 19%.","PASS"
"en","PCT-CP-005","PCT-QL-047","PCT-ES-005","Medium","loserVotes","COUNT","Two candidates contested an election. One got 40% votes and lost by 2400 votes. Find the total number of votes.","12000","Let's determine the final amount for the scenario. | The mathematical relationship is: | $$\(loserVotes\)$$ | Inserting the given numbers: | $$\(12000\)$$ | Solving it yields the final answer. | The computed result is 12000.","PASS"
"en","PCT-CP-006","PCT-QL-055","PCT-ES-006","Easy","alloyComplement","ABSOLUTE","An alloy of copper and zinc has 50% copper. Find the weight of zinc in 40 kg of the alloy.","20","Our objective is to find the required quantity. | We apply the standard rule: | $$\(alloyComplement\)$$ | Plugging in the parameters: | $$\(20\)$$ | Calculating the final value. | Therefore, we get 20.","PASS"
"en","PCT-CP-001","PCT-QL-004","PCT-ES-001","Easy","valueAsPercent","PERCENT","What percentage of 2000 is 800?","40%","Our objective is to find the required quantity. | We apply the standard rule: | $$\(valueAsPercent\)$$ | Plugging in the parameters: | $$\(40%\)$$ | Calculating the final value. | Therefore, we get 40%.","PASS"
"en","PCT-CP-002","PCT-QL-018","PCT-ES-002","Medium","differenceOfPercents","ABSOLUTE","The difference between 30% and 60% of a number is 1200. Find the number.","4000","We need to calculate the target value for this problem. | Using the appropriate formula: | $$\(differenceOfPercents\)$$ | Substitute the values: | $$\(4000\)$$ | Simplify the expression to get the result. | Thus, the answer is 4000.","PASS"
"en","PCT-CP-003","PCT-QL-020","PCT-ES-003","Medium","successiveIncrease","PERCENT","Two successive increases of 45% and 40% are equal to a single increase of how much?","103%","We need to calculate the target value for this problem. | Using the appropriate formula: | $$\(successiveIncrease\)$$ | Substitute the values: | $$\(103%\)$$ | Simplify the expression to get the result. | Thus, the answer is 103%.","PASS"
"en","PCT-CP-005","PCT-QL-036","PCT-ES-005","Medium","incomePartition","ABSOLUTE","A man spends 20% of his income on food, 20% on rent and 20% on other things. If he saves Rs. 200, find his total income.","500","Our objective is to find the required quantity. | We apply the standard rule: | $$\(incomePartition\)$$ | Plugging in the parameters: | $$\(500\)$$ | Calculating the final value. | Therefore, we get 500.","PASS"
"en","PCT-CP-006","PCT-QL-048","PCT-ES-006","Hard","dilutionAddWater","ABSOLUTE","A mixture of 135 litres has 62.5% acid. How much water should be added to make it 50% acid?","33.75","We need to calculate the target value for this problem. | Using the appropriate formula: | $$\(dilutionAddWater\)$$ | Substitute the values: | $$\(33.75\)$$ | Simplify the expression to get the result. | Thus, the answer is 33.75.","PASS"
"en","PCT-CP-001","PCT-QL-005","PCT-ES-001","Easy","directRelation","ABSOLUTE","A is 20% of B. If B is 1000, find A.","200","Our objective is to find the required quantity. | We apply the standard rule: | $$\(directRelation\)$$ | Plugging in the parameters: | $$\(200\)$$ | Calculating the final value. | Therefore, we get 200.","PASS"
"en","PCT-CP-002","PCT-QL-019","PCT-ES-002","Hard","restoreAfterDecrease","PERCENT","By what percent should a number be increased to bring it back to its original value after a 14.28% decrease?","16.66%","Our objective is to find the required quantity. | We apply the standard rule: | $$\(restoreAfterDecrease\)$$ | Plugging in the parameters: | $$\(16.66%\)$$ | Calculating the final value. | Therefore, we get 16.66%.","PASS"
"en","PCT-CP-003","PCT-QL-021","PCT-ES-003","Medium","successiveIncrease","PERCENT","The population of a town increases by 45% in the first year and by 25% in the second year. Find the total percentage increase.","81.25%","We need to calculate the target value for this problem. | Using the appropriate formula: | $$\(successiveIncrease\)$$ | Substitute the values: | $$\(81.25%\)$$ | Simplify the expression to get the result. | Thus, the answer is 81.25%.","PASS"
"en","PCT-CP-005","PCT-QL-037","PCT-ES-005","Hard","successiveExpense","ABSOLUTE","A person spends 60% of his salary on food and 40% of the remaining on rent. If he still has Rs. 450 left, find his salary.","1875","We need to calculate the target value for this problem. | Using the appropriate formula: | $$\(successiveExpense\)$$ | Substitute the values: | $$\(1875\)$$ | Simplify the expression to get the result. | Thus, the answer is 1875.","PASS"
"en","PCT-CP-006","PCT-QL-049","PCT-ES-006","Hard","dryFromFresh","ABSOLUTE","80 kg of fresh fruit has 75% water, and dry fruit has 15% water. How many kg of dry fruit can be made from 80 kg of fresh fruit?","23.53","Our objective is to find the required quantity. | We apply the standard rule: | $$\(dryFromFresh\)$$ | Plugging in the parameters: | $$\(23.53\)$$ | Calculating the final value. | Therefore, we get 23.53.","PASS"
"en","PCT-CP-001","PCT-QL-006","PCT-ES-001","Medium","moreToLess","PERCENT","A is 45% more than B. By what percent is B less than A?","31.03%","We need to calculate the target value for this problem. | Using the appropriate formula: | $$\(moreToLess\)$$ | Substitute the values: | $$\(31.03%\)$$ | Simplify the expression to get the result. | Thus, the answer is 31.03%.","PASS"
"en","PCT-CP-002","PCT-QL-010","PCT-ES-002","Easy","increaseNewValue","ABSOLUTE","If 2000 is increased by 25%, find the new number.","2500","Our objective is to find the required quantity. | We apply the standard rule: | $$\(increaseNewValue\)$$ | Plugging in the parameters: | $$\(2500\)$$ | Calculating the final value. | Therefore, we get 2500.","PASS"
"en","PCT-CP-003","PCT-QL-022","PCT-ES-003","Medium","successiveChange","PERCENT","A number is increased by 30% and then decreased by 15%. Find the total change percent.","10.5%","We need to calculate the target value for this problem. | Using the appropriate formula: | $$\(successiveChange\)$$ | Substitute the values: | $$\(10.5%\)$$ | Simplify the expression to get the result. | Thus, the answer is 10.5%.","PASS"
"en","PCT-CP-006","PCT-QL-050","PCT-ES-006","Hard","addSolute","ABSOLUTE","In 135 litres of salt solution, there is 62.5% salt. How much salt should be added to make it a 75% solution?","67.5","We need to calculate the target value for this problem. | Using the appropriate formula: | $$\(addSolute\)$$ | Substitute the values: | $$\(67.5\)$$ | Simplify the expression to get the result. | Thus, the answer is 67.5.","PASS"
"en","PCT-CP-002","PCT-QL-011","PCT-ES-002","Easy","decreaseNewValue","ABSOLUTE","If 100 is decreased by 40%, find the new number.","60","Let's determine the final amount for the scenario. | The mathematical relationship is: | $$\(decreaseNewValue\)$$ | Inserting the given numbers: | $$\(60\)$$ | Solving it yields the final answer. | The computed result is 60.","PASS"
"en","PCT-CP-003","PCT-QL-023","PCT-ES-003","Medium","successiveChange","PERCENT","The price of an item is increased by 30% and then decreased by 60%. Find the net change in price percent.","-48%","We need to calculate the target value for this problem. | Using the appropriate formula: | $$\(successiveChange\)$$ | Substitute the values: | $$\(-48%\)$$ | Simplify the expression to get the result. | Thus, the answer is -48%.","PASS"
"en","PCT-CP-006","PCT-QL-051","PCT-ES-006","Hard","dilutedPercent","PERCENT","If 6000 litres of water is added to 135 litres of 66.66% alcohol solution, what will be the percentage of alcohol now?","1.47%","We need to calculate the target value for this problem. | Using the appropriate formula: | $$\(dilutedPercent\)$$ | Substitute the values: | $$\(1.47%\)$$ | Simplify the expression to get the result. | Thus, the answer is 1.47%.","PASS"
"en","PCT-CP-001","PCT-QL-008","PCT-ES-001","Medium","ratioFromPercentEquality","RATIO","If 80% of A is equal to 10% of B, find the ratio A:B.","1:8","Our objective is to find the required quantity. | We apply the standard rule: | $$\(ratioFromPercentEquality\)$$ | Plugging in the parameters: | $$\(1:8\)$$ | Calculating the final value. | Therefore, we get 1:8.","PASS"
"en","PCT-CP-003","PCT-QL-024","PCT-ES-003","Medium","compoundGrowth","ABSOLUTE","The population of a town is 7200. If it grows at 18% every year, what will it be after 2 years?","10025.28","We need to calculate the target value for this problem. | Using the appropriate formula: | $$\(compoundGrowth\)$$ | Substitute the values: | $$\(10025.28\)$$ | Simplify the expression to get the result. | Thus, the answer is 10025.28.","PASS"
"en","PCT-CP-005","PCT-QL-040","PCT-ES-005","Medium","passMarks","COUNT","A student needs 33% marks to pass. He gets 120 marks and fails by 15 marks. Find the maximum marks.","409","We need to calculate the target value for this problem. | Using the appropriate formula: | $$\(passMarks\)$$ | Substitute the values: | $$\(409\)$$ | Simplify the expression to get the result. | Thus, the answer is 409.","PASS"
"en","PCT-CP-006","PCT-QL-052","PCT-ES-006","Hard","freshFromDry","ABSOLUTE","Fresh grapes have 60% water and dry grapes have 50% water. If the dry grapes weigh 200 kg, what was their weight when fresh?","250","We need to calculate the target value for this problem. | Using the appropriate formula: | $$\(freshFromDry\)$$ | Substitute the values: | $$\(250\)$$ | Simplify the expression to get the result. | Thus, the answer is 250.","PASS"
"en","PCT-CP-001","PCT-QL-009","PCT-ES-001","Easy","reversePercent","ABSOLUTE","If 40% of a number is 2400, then what is the number?","6000","Let's determine the final amount for the scenario. | The mathematical relationship is: | $$\(reversePercent\)$$ | Inserting the given numbers: | $$\(6000\)$$ | Solving it yields the final answer. | The computed result is 6000.","PASS"
"en","PCT-CP-003","PCT-QL-025","PCT-ES-003","Medium","compoundDecay","ABSOLUTE","A machine's value falls by 35% every year. If it is Rs. 8400 now, find its value after 2 years.","3549","We need to calculate the target value for this problem. | Using the appropriate formula: | $$\(compoundDecay\)$$ | Substitute the values: | $$\(3549\)$$ | Simplify the expression to get the result. | Thus, the answer is 3549.","PASS"
"en","PCT-CP-004","PCT-QL-033","PCT-ES-004","Hard","revenueChange","PERCENT","If the tax on an item is reduced by 50% and its sale increases by 50%, find the total change in revenue percent.","-25%","Our objective is to find the required quantity. | We apply the standard rule: | $$\(revenueChange\)$$ | Plugging in the parameters: | $$\(-25%\)$$ | Calculating the final value. | Therefore, we get -25%.","PASS"
"en","PCT-CP-005","PCT-QL-041","PCT-ES-005","Easy","partToTotal","COUNT","In a school, 60% students are boys. If there are 450 girls, find the total number of students.","1125","We need to calculate the target value for this problem. | Using the appropriate formula: | $$\(partToTotal\)$$ | Substitute the values: | $$\(1125\)$$ | Simplify the expression to get the result. | Thus, the answer is 1125.","PASS"
"en","PCT-CP-006","PCT-QL-053","PCT-ES-006","Hard","addPureComponent","ABSOLUTE","How much pure alcohol should be added to 225 mL of 66.66% solution to make it 75% strong?","75.06","We need to calculate the target value for this problem. | Using the appropriate formula: | $$\(addPureComponent\)$$ | Substitute the values: | $$\(75.06\)$$ | Simplify the expression to get the result. | Thus, the answer is 75.06.","PASS"
"en","PCT-CP-003","PCT-QL-026","PCT-ES-003","Medium","areaChange","PERCENT","The length and breadth of a rectangle are increased by 45% and 25% respectively. Find the percentage increase in area.","81.25%","We need to calculate the target value for this problem. | Using the appropriate formula: | $$\(areaChange\)$$ | Substitute the values: | $$\(81.25%\)$$ | Simplify the expression to get the result. | Thus, the answer is 81.25%.","PASS"
"en","PCT-CP-005","PCT-QL-042","PCT-ES-005","Easy","complementOfTotal","COUNT","Out of 1000 people, 50% are men. Find the number of women.","500","Let's determine the final amount for the scenario. | The mathematical relationship is: | $$\(complementOfTotal\)$$ | Inserting the given numbers: | $$\(500\)$$ | Solving it yields the final answer. | The computed result is 500.","PASS"
"en","PCT-CP-001","PCT-QL-002","PCT-ES-001","Easy","percentOf","ABSOLUTE","In an election, 5% of the 2000 registered voters cast their vote. How many votes were cast?","100","We need to calculate 5% of the base value 2000. | The formula to find $x\%$ of $y$ is: | $$\frac{x}{100} \times y$$ | Substitute $x = 5$ and $y = 2000$: | $$\frac{5}{100} \times 2000$$ | Simplify the multiplication: | $$\frac{5 \times 2000}{100} = 100$$ | Therefore, 5% of 2000 is 100.","PASS"
"en","PCT-CP-003","PCT-QL-027","PCT-ES-003","Easy","squareAreaChange","PERCENT","If the side of a square is increased by 40%, find the percentage increase in its area.","96%","Let's determine the final amount for the scenario. | The mathematical relationship is: | $$\(squareAreaChange\)$$ | Inserting the given numbers: | $$\(96%\)$$ | Solving it yields the final answer. | The computed result is 96%.","PASS"
"en","PCT-CP-004","PCT-QL-035","PCT-ES-004","Easy","circleAreaDecrease","PERCENT","If the radius of a circle is decreased by 30%, find the percentage decrease in its area.","51%","We need to calculate the target value for this problem. | Using the appropriate formula: | $$\(circleAreaDecrease\)$$ | Substitute the values: | $$\(51%\)$$ | Simplify the expression to get the result. | Thus, the answer is 51%.","PASS"
"en","PCT-CP-006","PCT-QL-055","PCT-ES-006","Easy","alloyComplement","ABSOLUTE","An alloy of copper and zinc has 20% copper. Find the weight of zinc in 80 kg of the alloy.","64","Our objective is to find the required quantity. | We apply the standard rule: | $$\(alloyComplement\)$$ | Plugging in the parameters: | $$\(64\)$$ | Calculating the final value. | Therefore, we get 64.","PASS"
"en","PCT-CP-003","PCT-QL-020","PCT-ES-003","Medium","successiveIncrease","PERCENT","Two successive increases of 25% and 30% are equal to a single increase of how much?","62.5%","Let's determine the final amount for the scenario. | The mathematical relationship is: | $$\(successiveIncrease\)$$ | Inserting the given numbers: | $$\(62.5%\)$$ | Solving it yields the final answer. | The computed result is 62.5%.","PASS"
"en","PCT-CP-005","PCT-QL-044","PCT-ES-005","Medium","partToTotal","COUNT","If 45% people in a village are literate and 1200 people are illiterate, find the total population.","2182","We need to calculate the target value for this problem. | Using the appropriate formula: | $$\(partToTotal\)$$ | Substitute the values: | $$\(2182\)$$ | Simplify the expression to get the result. | Thus, the answer is 2182.","PASS"
"en","PCT-CP-006","PCT-QL-048","PCT-ES-006","Hard","dilutionAddWater","ABSOLUTE","A mixture of 315 litres has 33.33% acid. How much water should be added to make it 25% acid?","104.96","We need to calculate the target value for this problem. | Using the appropriate formula: | $$\(dilutionAddWater\)$$ | Substitute the values: | $$\(104.96\)$$ | Simplify the expression to get the result. | Thus, the answer is 104.96.","PASS"
"en","PCT-CP-001","PCT-QL-004","PCT-ES-001","Easy","valueAsPercent","PERCENT","What percentage of 1000 is 600?","60%","We need to calculate the target value for this problem. | Using the appropriate formula: | $$\(valueAsPercent\)$$ | Substitute the values: | $$\(60%\)$$ | Simplify the expression to get the result. | Thus, the answer is 60%.","PASS"
"en","PCT-CP-002","PCT-QL-017","PCT-ES-002","Easy","percentOfKnownNumber","ABSOLUTE","If 25% of a number is 300, find 50% of that number.","600","Let's determine the final amount for the scenario. | The mathematical relationship is: | $$\(percentOfKnownNumber\)$$ | Inserting the given numbers: | $$\(600\)$$ | Solving it yields the final answer. | The computed result is 600.","PASS"
"en","PCT-CP-003","PCT-QL-021","PCT-ES-003","Medium","successiveIncrease","PERCENT","The population of a town increases by 30% in the first year and by 60% in the second year. Find the total percentage increase.","108%","We need to calculate the target value for this problem. | Using the appropriate formula: | $$\(successiveIncrease\)$$ | Substitute the values: | $$\(108%\)$$ | Simplify the expression to get the result. | Thus, the answer is 108%.","PASS"
"en","PCT-CP-005","PCT-QL-045","PCT-ES-005","Medium","twoShareRemainder","ABSOLUTE","A man gave 25% of his money to his wife, 20% to his son and the remaining Rs. 6000 to his daughter. How much did he have at first?","10909.09","Let's determine the final amount for the scenario. | The mathematical relationship is: | $$\(twoShareRemainder\)$$ | Inserting the given numbers: | $$\(10909.09\)$$ | Solving it yields the final answer. | The computed result is 10909.09.","PASS"
"en","PCT-CP-002","PCT-QL-018","PCT-ES-002","Medium","differenceOfPercents","ABSOLUTE","The difference between 25% and 30% of a number is 2400. Find the number.","48000","Let's determine the final amount for the scenario. | The mathematical relationship is: | $$\(differenceOfPercents\)$$ | Inserting the given numbers: | $$\(48000\)$$ | Solving it yields the final answer. | The computed result is 48000.","PASS"
"en","PCT-CP-003","PCT-QL-022","PCT-ES-003","Medium","successiveChange","PERCENT","A number is increased by 40% and then decreased by 20%. Find the total change percent.","12%","Let's determine the final amount for the scenario. | The mathematical relationship is: | $$\(successiveChange\)$$ | Inserting the given numbers: | $$\(12%\)$$ | Solving it yields the final answer. | The computed result is 12%.","PASS"
"en","PCT-CP-005","PCT-QL-046","PCT-ES-005","Medium","partToTotal","ABSOLUTE","An alloy contains 50% copper and the rest is zinc. If there is 300 kg zinc, find the total weight of the alloy.","600","Our objective is to find the required quantity. | We apply the standard rule: | $$\(partToTotal\)$$ | Plugging in the parameters: | $$\(600\)$$ | Calculating the final value. | Therefore, we get 600.","PASS"
"en","PCT-CP-006","PCT-QL-050","PCT-ES-006","Hard","addSolute","ABSOLUTE","In 135 litres of salt solution, there is 33.33% salt. How much salt should be added to make it a 40% solution?","15.01","We need to calculate the target value for this problem. | Using the appropriate formula: | $$\(addSolute\)$$ | Substitute the values: | $$\(15.01\)$$ | Simplify the expression to get the result. | Thus, the answer is 15.01.","PASS"
