"questionId","qlId","difficulty","context","explanationText","explanationLines","approval","reviewerNotes","status"
"PCT-CP-002:PCT-QL-017:66805","PCT-QL-017","Easy","salary","We are comparing two percentages of the salary. | In this question, 10% of the salary stands for 400 salary. | Because 10% of the salary has 10 equal 1% parts, divide 400 salary by 10. | $$1\% = 400\text{ salary} \div 10 = 40\text{ salary}$$ | The percentage we still need is 40%. | Use the 1% value 40 times to get 40% of the salary. | $$40\% = 40\text{ salary} \times 40 = 1,600\text{ salary}$$ | So 40% of the salary is 1,600 salary.","[""We are comparing two percentages of the salary."",""In this question, 10% of the salary stands for 400 salary."",""Because 10% of the salary has 10 equal 1% parts, divide 400 salary by 10. | $$1\\% = 400\\text{ salary} \\div 10 = 40\\text{ salary}$$"",""The percentage we still need is 40%."",""Use the 1% value 40 times to get 40% of the salary. | $$40\\% = 40\\text{ salary} \\times 40 = 1,600\\text{ salary}$$"",""So 40% of the salary is 1,600 salary.""]","","","PENDING_REVIEW"
"PCT-CP-002:PCT-QL-017:66806","PCT-QL-017","Medium","expenditure","We are finding a new percentage of the expenditure. | 15% of the expenditure equals 300 expenditure. | Because 15% of the expenditure has 15 equal 1% parts, divide 300 expenditure by 15. | $$1\% = 300\text{ expenditure} \div 15 = 20\text{ expenditure}$$ | Now we need 50% of the expenditure. | Because 1% is known, multiply its value by 50 to get 50% of the expenditure. | $$50\% = 20\text{ expenditure} \times 50 = 1,000\text{ expenditure}$$ | Therefore, 50% of the expenditure represents 1,000 expenditure.","[""We are finding a new percentage of the expenditure."",""15% of the expenditure equals 300 expenditure."",""Because 15% of the expenditure has 15 equal 1% parts, divide 300 expenditure by 15. | $$1\\% = 300\\text{ expenditure} \\div 15 = 20\\text{ expenditure}$$"",""Now we need 50% of the expenditure."",""Because 1% is known, multiply its value by 50 to get 50% of the expenditure. | $$50\\% = 20\\text{ expenditure} \\times 50 = 1,000\\text{ expenditure}$$"",""Therefore, 50% of the expenditure represents 1,000 expenditure.""]","","","PENDING_REVIEW"
"PCT-CP-002:PCT-QL-017:66807","PCT-QL-017","Hard","salary","We will first connect the known percentage of the salary with the required percentage. | The given information is 20% of the salary = 250 salary. | Because 20% has 20 equal parts, dividing 250 salary by 20 gives 1% of the salary. | $$1\% = 250\text{ salary} \div 20 = 12.5\text{ salary}$$ | Our target is 60% of the salary. | Since 1% is one part, multiply its value by 60 to get 60% of the salary. | $$60\% = 12.5\text{ salary} \times 60 = 750\text{ salary}$$ | As a check, the 1% value used 20 times gives 250 salary. | $$12.5\text{ salary} \times 20 = 250\text{ salary}$$ | Therefore, 60% of the salary represents 750 salary.","[""We will first connect the known percentage of the salary with the required percentage."",""The given information is 20% of the salary = 250 salary."",""Because 20% has 20 equal parts, dividing 250 salary by 20 gives 1% of the salary. | $$1\\% = 250\\text{ salary} \\div 20 = 12.5\\text{ salary}$$"",""Our target is 60% of the salary."",""Since 1% is one part, multiply its value by 60 to get 60% of the salary. | $$60\\% = 12.5\\text{ salary} \\times 60 = 750\\text{ salary}$$"",""As a check, the 1% value used 20 times gives 250 salary. | $$12.5\\text{ salary} \\times 20 = 250\\text{ salary}$$"",""Therefore, 60% of the salary represents 750 salary.""]","","","PENDING_REVIEW"
"PCT-CP-002:PCT-QL-017:66808","PCT-QL-017","Easy","expenditure","We are working with two percentages of the expenditure. | 200 expenditure is the value of 50% of the expenditure. | Because 50% of the expenditure has 50 equal 1% parts, divide 200 expenditure by 50. | $$1\% = 200\text{ expenditure} \div 50 = 4\text{ expenditure}$$ | The question asks for 10% of the expenditure. | Use the 1% value 10 times to get 10% of the expenditure. | $$10\% = 4\text{ expenditure} \times 10 = 40\text{ expenditure}$$ | This means the required expenditure count is 40 expenditure.","[""We are working with two percentages of the expenditure."",""200 expenditure is the value of 50% of the expenditure."",""Because 50% of the expenditure has 50 equal 1% parts, divide 200 expenditure by 50. | $$1\\% = 200\\text{ expenditure} \\div 50 = 4\\text{ expenditure}$$"",""The question asks for 10% of the expenditure."",""Use the 1% value 10 times to get 10% of the expenditure. | $$10\\% = 4\\text{ expenditure} \\times 10 = 40\\text{ expenditure}$$"",""This means the required expenditure count is 40 expenditure.""]","","","PENDING_REVIEW"
"PCT-CP-002:PCT-QL-017:66810","PCT-QL-017","Hard","income","We can use the known percentage of the income to find the required one. | We know that 80% of the income is 100 income. | Because 80% has 80 equal parts, dividing 100 income by 80 gives 1% of the income. | $$1\% = 100\text{ income} \div 80 = 1.25\text{ income}$$ | The required share is 20% of the income. | Since 1% is one part, multiply its value by 20 to get 20% of the income. | $$20\% = 1.25\text{ income} \times 20 = 25\text{ income}$$ | This is consistent because 80 copies of the 1% value make 100 income. | $$1.25\text{ income} \times 80 = 100\text{ income}$$ | This means the required income count is 25 income.","[""We can use the known percentage of the income to find the required one."",""We know that 80% of the income is 100 income."",""Because 80% has 80 equal parts, dividing 100 income by 80 gives 1% of the income. | $$1\\% = 100\\text{ income} \\div 80 = 1.25\\text{ income}$$"",""The required share is 20% of the income."",""Since 1% is one part, multiply its value by 20 to get 20% of the income. | $$20\\% = 1.25\\text{ income} \\times 20 = 25\\text{ income}$$"",""This is consistent because 80 copies of the 1% value make 100 income. | $$1.25\\text{ income} \\times 80 = 100\\text{ income}$$"",""This means the required income count is 25 income.""]","","","PENDING_REVIEW"
"PCT-CP-002:PCT-QL-017:66811","PCT-QL-017","Easy","expenditure","We can see that both percentage values belong to the expenditure. | Start with the given relation: 10% of the expenditure is 600 expenditure. | Because 10% of the expenditure has 10 equal 1% parts, divide 600 expenditure by 10. | $$1\% = 600\text{ expenditure} \div 10 = 60\text{ expenditure}$$ | The required share is 25% of the expenditure. | Use the 1% value 25 times to get 25% of the expenditure. | $$25\% = 60\text{ expenditure} \times 25 = 1,500\text{ expenditure}$$ | So the share of the expenditure represented by 25% is 1,500 expenditure.","[""We can see that both percentage values belong to the expenditure."",""Start with the given relation: 10% of the expenditure is 600 expenditure."",""Because 10% of the expenditure has 10 equal 1% parts, divide 600 expenditure by 10. | $$1\\% = 600\\text{ expenditure} \\div 10 = 60\\text{ expenditure}$$"",""The required share is 25% of the expenditure."",""Use the 1% value 25 times to get 25% of the expenditure. | $$25\\% = 60\\text{ expenditure} \\times 25 = 1,500\\text{ expenditure}$$"",""So the share of the expenditure represented by 25% is 1,500 expenditure.""]","","","PENDING_REVIEW"
"PCT-CP-002:PCT-QL-017:66814","PCT-QL-017","Easy","salary","The required percentage is the same 50% already given for the salary. | 50% of the salary is 300 salary. | There is no need to find 1% because the requested percentage is already known. | The question asks for that same 50% of the salary. | No multiplication or scaling is needed. | So 50% of the salary remains 300 salary.","[""The required percentage is the same 50% already given for the salary."",""50% of the salary is 300 salary."",""There is no need to find 1% because the requested percentage is already known."",""The question asks for that same 50% of the salary."",""No multiplication or scaling is needed."",""So 50% of the salary remains 300 salary.""]","","","PENDING_REVIEW"
"PCT-CP-002:PCT-QL-017:66836","PCT-QL-017","Medium","saving","We are comparing two percentages of the saving. | In this question, 40% of the saving stands for 500 saving. | Because 40% of the saving has 40 equal 1% parts, divide 500 saving by 40. | $$1\% = 500\text{ saving} \div 40 = 12.5\text{ saving}$$ | Next, use the 1% value to find 30% of the saving. | Because 1% is known, multiply its value by 30 to get 30% of the saving. | $$30\% = 12.5\text{ saving} \times 30 = 375\text{ saving}$$ | Therefore, 30% of the saving represents 375 saving.","[""We are comparing two percentages of the saving."",""In this question, 40% of the saving stands for 500 saving."",""Because 40% of the saving has 40 equal 1% parts, divide 500 saving by 40. | $$1\\% = 500\\text{ saving} \\div 40 = 12.5\\text{ saving}$$"",""Next, use the 1% value to find 30% of the saving."",""Because 1% is known, multiply its value by 30 to get 30% of the saving. | $$30\\% = 12.5\\text{ saving} \\times 30 = 375\\text{ saving}$$"",""Therefore, 30% of the saving represents 375 saving.""]","","","PENDING_REVIEW"
"PCT-CP-002:PCT-QL-017:66837","PCT-QL-017","Hard","income","We are comparing two percentages of the income. | The question gives 10% of the income as 400 income. | Because 10% has 10 equal parts, dividing 400 income by 10 gives 1% of the income. | $$1\% = 400\text{ income} \div 10 = 40\text{ income}$$ | The percentage we still need is 40%. | Since 1% is one part, multiply its value by 40 to get 40% of the income. | $$40\% = 40\text{ income} \times 40 = 1,600\text{ income}$$ | Going back to 10% reproduces the given 400 income. | $$40\text{ income} \times 10 = 400\text{ income}$$ | Therefore, 40% of the income represents 1,600 income.","[""We are comparing two percentages of the income."",""The question gives 10% of the income as 400 income."",""Because 10% has 10 equal parts, dividing 400 income by 10 gives 1% of the income. | $$1\\% = 400\\text{ income} \\div 10 = 40\\text{ income}$$"",""The percentage we still need is 40%."",""Since 1% is one part, multiply its value by 40 to get 40% of the income. | $$40\\% = 40\\text{ income} \\times 40 = 1,600\\text{ income}$$"",""Going back to 10% reproduces the given 400 income. | $$40\\text{ income} \\times 10 = 400\\text{ income}$$"",""Therefore, 40% of the income represents 1,600 income.""]","","","PENDING_REVIEW"
"PCT-CP-002:PCT-QL-017:66838","PCT-QL-017","Easy","expenditure","We are comparing two percentages of the expenditure. | The given information is 15% of the expenditure = 300 expenditure. | Because 15% of the expenditure has 15 equal 1% parts, divide 300 expenditure by 15. | $$1\% = 300\text{ expenditure} \div 15 = 20\text{ expenditure}$$ | Our target is 50% of the expenditure. | Use the 1% value 50 times to get 50% of the expenditure. | $$50\% = 20\text{ expenditure} \times 50 = 1,000\text{ expenditure}$$ | Therefore, 50% of the expenditure represents 1,000 expenditure.","[""We are comparing two percentages of the expenditure."",""The given information is 15% of the expenditure = 300 expenditure."",""Because 15% of the expenditure has 15 equal 1% parts, divide 300 expenditure by 15. | $$1\\% = 300\\text{ expenditure} \\div 15 = 20\\text{ expenditure}$$"",""Our target is 50% of the expenditure."",""Use the 1% value 50 times to get 50% of the expenditure. | $$50\\% = 20\\text{ expenditure} \\times 50 = 1,000\\text{ expenditure}$$"",""Therefore, 50% of the expenditure represents 1,000 expenditure.""]","","","PENDING_REVIEW"
"PCT-CP-002:PCT-QL-017:66839","PCT-QL-017","Medium","salary","We are comparing two percentages of the salary. | In this question, 20% of the salary stands for 250 salary. | Because 20% of the salary has 20 equal 1% parts, divide 250 salary by 20. | $$1\% = 250\text{ salary} \div 20 = 12.5\text{ salary}$$ | The percentage we still need is 60%. | Because 1% is known, multiply its value by 60 to get 60% of the salary. | $$60\% = 12.5\text{ salary} \times 60 = 750\text{ salary}$$ | So 60% of the salary is 750 salary.","[""We are comparing two percentages of the salary."",""In this question, 20% of the salary stands for 250 salary."",""Because 20% of the salary has 20 equal 1% parts, divide 250 salary by 20. | $$1\\% = 250\\text{ salary} \\div 20 = 12.5\\text{ salary}$$"",""The percentage we still need is 60%."",""Because 1% is known, multiply its value by 60 to get 60% of the salary. | $$60\\% = 12.5\\text{ salary} \\times 60 = 750\\text{ salary}$$"",""So 60% of the salary is 750 salary.""]","","","PENDING_REVIEW"
"PCT-CP-002:PCT-QL-017:66840","PCT-QL-017","Hard","expenditure","We are working with two percentages of the expenditure. | 200 expenditure is the value of 25% of the expenditure. | Because 25% has 25 equal parts, dividing 200 expenditure by 25 gives 1% of the expenditure. | $$1\% = 200\text{ expenditure} \div 25 = 8\text{ expenditure}$$ | The question asks for 10% of the expenditure. | Since 1% is one part, multiply its value by 10 to get 10% of the expenditure. | $$10\% = 8\text{ expenditure} \times 10 = 80\text{ expenditure}$$ | Check: multiplying the 1% value by 25 returns 200 expenditure. | $$8\text{ expenditure} \times 25 = 200\text{ expenditure}$$ | This means the required expenditure count is 80 expenditure.","[""We are working with two percentages of the expenditure."",""200 expenditure is the value of 25% of the expenditure."",""Because 25% has 25 equal parts, dividing 200 expenditure by 25 gives 1% of the expenditure. | $$1\\% = 200\\text{ expenditure} \\div 25 = 8\\text{ expenditure}$$"",""The question asks for 10% of the expenditure."",""Since 1% is one part, multiply its value by 10 to get 10% of the expenditure. | $$10\\% = 8\\text{ expenditure} \\times 10 = 80\\text{ expenditure}$$"",""Check: multiplying the 1% value by 25 returns 200 expenditure. | $$8\\text{ expenditure} \\times 25 = 200\\text{ expenditure}$$"",""This means the required expenditure count is 80 expenditure.""]","","","PENDING_REVIEW"
"PCT-CP-002:PCT-QL-017:66841","PCT-QL-017","Easy","salary","We will first connect the known percentage of the salary with the required percentage. | The given information is 30% of the salary = 150 salary. | Because 30% of the salary has 30 equal 1% parts, divide 150 salary by 30. | $$1\% = 150\text{ salary} \div 30 = 5\text{ salary}$$ | Our target is 15% of the salary. | Use the 1% value 15 times to get 15% of the salary. | $$15\% = 5\text{ salary} \times 15 = 75\text{ salary}$$ | Therefore, 15% of the salary represents 75 salary.","[""We will first connect the known percentage of the salary with the required percentage."",""The given information is 30% of the salary = 150 salary."",""Because 30% of the salary has 30 equal 1% parts, divide 150 salary by 30. | $$1\\% = 150\\text{ salary} \\div 30 = 5\\text{ salary}$$"",""Our target is 15% of the salary."",""Use the 1% value 15 times to get 15% of the salary. | $$15\\% = 5\\text{ salary} \\times 15 = 75\\text{ salary}$$"",""Therefore, 15% of the salary represents 75 salary.""]","","","PENDING_REVIEW"
"PCT-CP-002:PCT-QL-017:66842","PCT-QL-017","Medium","income","We can use the known percentage of the income to find the required one. | We know that 80% of the income is 100 income. | Because 80% of the income has 80 equal 1% parts, divide 100 income by 80. | $$1\% = 100\text{ income} \div 80 = 1.25\text{ income}$$ | The required share is 20% of the income. | Because 1% is known, multiply its value by 20 to get 20% of the income. | $$20\% = 1.25\text{ income} \times 20 = 25\text{ income}$$ | This means the required income count is 25 income.","[""We can use the known percentage of the income to find the required one."",""We know that 80% of the income is 100 income."",""Because 80% of the income has 80 equal 1% parts, divide 100 income by 80. | $$1\\% = 100\\text{ income} \\div 80 = 1.25\\text{ income}$$"",""The required share is 20% of the income."",""Because 1% is known, multiply its value by 20 to get 20% of the income. | $$20\\% = 1.25\\text{ income} \\times 20 = 25\\text{ income}$$"",""This means the required income count is 25 income.""]","","","PENDING_REVIEW"
"PCT-CP-002:PCT-QL-017:66843","PCT-QL-017","Hard","saving","We know one percentage of the saving and need another. | Here, 600 saving represents 10% of the saving. | Because 10% has 10 equal parts, dividing 600 saving by 10 gives 1% of the saving. | $$1\% = 600\text{ saving} \div 10 = 60\text{ saving}$$ | The question asks for 25% of the saving. | Since 1% is one part, multiply its value by 25 to get 25% of the saving. | $$25\% = 60\text{ saving} \times 25 = 1,500\text{ saving}$$ | The check agrees with the question: 10% gives 600 saving. | $$60\text{ saving} \times 10 = 600\text{ saving}$$ | So the share of the saving represented by 25% is 1,500 saving.","[""We know one percentage of the saving and need another."",""Here, 600 saving represents 10% of the saving."",""Because 10% has 10 equal parts, dividing 600 saving by 10 gives 1% of the saving. | $$1\\% = 600\\text{ saving} \\div 10 = 60\\text{ saving}$$"",""The question asks for 25% of the saving."",""Since 1% is one part, multiply its value by 25 to get 25% of the saving. | $$25\\% = 60\\text{ saving} \\times 25 = 1,500\\text{ saving}$$"",""The check agrees with the question: 10% gives 600 saving. | $$60\\text{ saving} \\times 10 = 600\\text{ saving}$$"",""So the share of the saving represented by 25% is 1,500 saving.""]","","","PENDING_REVIEW"
"PCT-CP-002:PCT-QL-017:66845","PCT-QL-017","Medium","expenditure","We can see that both percentage values belong to the expenditure. | We know that 20% of the expenditure is 400 expenditure. | Because 20% of the expenditure has 20 equal 1% parts, divide 400 expenditure by 20. | $$1\% = 400\text{ expenditure} \div 20 = 20\text{ expenditure}$$ | Now turn the 1% value into 40% of the expenditure. | Because 1% is known, multiply its value by 40 to get 40% of the expenditure. | $$40\% = 20\text{ expenditure} \times 40 = 800\text{ expenditure}$$ | So the share of the expenditure represented by 40% is 800 expenditure.","[""We can see that both percentage values belong to the expenditure."",""We know that 20% of the expenditure is 400 expenditure."",""Because 20% of the expenditure has 20 equal 1% parts, divide 400 expenditure by 20. | $$1\\% = 400\\text{ expenditure} \\div 20 = 20\\text{ expenditure}$$"",""Now turn the 1% value into 40% of the expenditure."",""Because 1% is known, multiply its value by 40 to get 40% of the expenditure. | $$40\\% = 20\\text{ expenditure} \\times 40 = 800\\text{ expenditure}$$"",""So the share of the expenditure represented by 40% is 800 expenditure.""]","","","PENDING_REVIEW"
"PCT-CP-002:PCT-QL-017:66867","PCT-QL-017","Hard","income","We will first connect the known percentage of the income with the required percentage. | 30% of the income equals 600 income. | Because 30% has 30 equal parts, dividing 600 income by 30 gives 1% of the income. | $$1\% = 600\text{ income} \div 30 = 20\text{ income}$$ | Now we need 25% of the income. | Since 1% is one part, multiply its value by 25 to get 25% of the income. | $$25\% = 20\text{ income} \times 25 = 500\text{ income}$$ | To verify it, use the 1% value 30 times and get 600 income. | $$20\text{ income} \times 30 = 600\text{ income}$$ | Therefore, 25% of the income represents 500 income.","[""We will first connect the known percentage of the income with the required percentage."",""30% of the income equals 600 income."",""Because 30% has 30 equal parts, dividing 600 income by 30 gives 1% of the income. | $$1\\% = 600\\text{ income} \\div 30 = 20\\text{ income}$$"",""Now we need 25% of the income."",""Since 1% is one part, multiply its value by 25 to get 25% of the income. | $$25\\% = 20\\text{ income} \\times 25 = 500\\text{ income}$$"",""To verify it, use the 1% value 30 times and get 600 income. | $$20\\text{ income} \\times 30 = 600\\text{ income}$$"",""Therefore, 25% of the income represents 500 income.""]","","","PENDING_REVIEW"
"PCT-CP-002:PCT-QL-017:66868","PCT-QL-017","Easy","saving","We are comparing two percentages of the saving. | In this question, 40% of the saving stands for 500 saving. | Because 40% of the saving has 40 equal 1% parts, divide 500 saving by 40. | $$1\% = 500\text{ saving} \div 40 = 12.5\text{ saving}$$ | Next, use the 1% value to find 30% of the saving. | Use the 1% value 30 times to get 30% of the saving. | $$30\% = 12.5\text{ saving} \times 30 = 375\text{ saving}$$ | Therefore, 30% of the saving represents 375 saving.","[""We are comparing two percentages of the saving."",""In this question, 40% of the saving stands for 500 saving."",""Because 40% of the saving has 40 equal 1% parts, divide 500 saving by 40. | $$1\\% = 500\\text{ saving} \\div 40 = 12.5\\text{ saving}$$"",""Next, use the 1% value to find 30% of the saving."",""Use the 1% value 30 times to get 30% of the saving. | $$30\\% = 12.5\\text{ saving} \\times 30 = 375\\text{ saving}$$"",""Therefore, 30% of the saving represents 375 saving.""]","","","PENDING_REVIEW"
"PCT-CP-002:PCT-QL-017:66870","PCT-QL-017","Hard","saving","The required percentage is the same 50% already given for the saving. | 50% of the saving is 300 saving. | There is no need to find 1% because the requested percentage is already known. | The question asks for that same 50% of the saving. | No multiplication or scaling is needed. | The requested percentage and the given percentage are identical. | So 50% of the saving remains 300 saving.","[""The required percentage is the same 50% already given for the saving."",""50% of the saving is 300 saving."",""There is no need to find 1% because the requested percentage is already known."",""The question asks for that same 50% of the saving."",""No multiplication or scaling is needed."",""The requested percentage and the given percentage are identical."",""So 50% of the saving remains 300 saving.""]","","","PENDING_REVIEW"
"PCT-CP-002:PCT-QL-017:66871","PCT-QL-017","Easy","salary","We can use the known percentage of the salary to find the required one. | Start with the given relation: 20% of the salary is 250 salary. | Because 20% of the salary has 20 equal 1% parts, divide 250 salary by 20. | $$1\% = 250\text{ salary} \div 20 = 12.5\text{ salary}$$ | The required share is 60% of the salary. | Use the 1% value 60 times to get 60% of the salary. | $$60\% = 12.5\text{ salary} \times 60 = 750\text{ salary}$$ | So the share of the salary represented by 60% is 750 salary.","[""We can use the known percentage of the salary to find the required one."",""Start with the given relation: 20% of the salary is 250 salary."",""Because 20% of the salary has 20 equal 1% parts, divide 250 salary by 20. | $$1\\% = 250\\text{ salary} \\div 20 = 12.5\\text{ salary}$$"",""The required share is 60% of the salary."",""Use the 1% value 60 times to get 60% of the salary. | $$60\\% = 12.5\\text{ salary} \\times 60 = 750\\text{ salary}$$"",""So the share of the salary represented by 60% is 750 salary.""]","","","PENDING_REVIEW"
"PCT-CP-002:PCT-QL-017:66872","PCT-QL-017","Medium","expenditure","We can see that both percentage values belong to the expenditure. | We know that 25% of the expenditure is 200 expenditure. | Because 25% of the expenditure has 25 equal 1% parts, divide 200 expenditure by 25. | $$1\% = 200\text{ expenditure} \div 25 = 8\text{ expenditure}$$ | Now turn the 1% value into 10% of the expenditure. | Because 1% is known, multiply its value by 10 to get 10% of the expenditure. | $$10\% = 8\text{ expenditure} \times 10 = 80\text{ expenditure}$$ | So the share of the expenditure represented by 10% is 80 expenditure.","[""We can see that both percentage values belong to the expenditure."",""We know that 25% of the expenditure is 200 expenditure."",""Because 25% of the expenditure has 25 equal 1% parts, divide 200 expenditure by 25. | $$1\\% = 200\\text{ expenditure} \\div 25 = 8\\text{ expenditure}$$"",""Now turn the 1% value into 10% of the expenditure."",""Because 1% is known, multiply its value by 10 to get 10% of the expenditure. | $$10\\% = 8\\text{ expenditure} \\times 10 = 80\\text{ expenditure}$$"",""So the share of the expenditure represented by 10% is 80 expenditure.""]","","","PENDING_REVIEW"
"PCT-CP-002:PCT-QL-017:66873","PCT-QL-017","Hard","saving","We know one percentage of the saving and need another. | Here, 150 saving represents 30% of the saving. | Because 30% has 30 equal parts, dividing 150 saving by 30 gives 1% of the saving. | $$1\% = 150\text{ saving} \div 30 = 5\text{ saving}$$ | We can now move from 1% to 15% of the saving. | Since 1% is one part, multiply its value by 15 to get 15% of the saving. | $$15\% = 5\text{ saving} \times 15 = 75\text{ saving}$$ | The check agrees with the question: 30% gives 150 saving. | $$5\text{ saving} \times 30 = 150\text{ saving}$$ | This means the required saving count is 75 saving.","[""We know one percentage of the saving and need another."",""Here, 150 saving represents 30% of the saving."",""Because 30% has 30 equal parts, dividing 150 saving by 30 gives 1% of the saving. | $$1\\% = 150\\text{ saving} \\div 30 = 5\\text{ saving}$$"",""We can now move from 1% to 15% of the saving."",""Since 1% is one part, multiply its value by 15 to get 15% of the saving. | $$15\\% = 5\\text{ saving} \\times 15 = 75\\text{ saving}$$"",""The check agrees with the question: 30% gives 150 saving. | $$5\\text{ saving} \\times 30 = 150\\text{ saving}$$"",""This means the required saving count is 75 saving.""]","","","PENDING_REVIEW"
"PCT-CP-002:PCT-QL-017:66874","PCT-QL-017","Easy","expenditure","We know one percentage of the expenditure and need another. | We know that 40% of the expenditure is 100 expenditure. | Because 40% of the expenditure has 40 equal 1% parts, divide 100 expenditure by 40. | $$1\% = 100\text{ expenditure} \div 40 = 2.5\text{ expenditure}$$ | The required share is 20% of the expenditure. | Use the 1% value 20 times to get 20% of the expenditure. | $$20\% = 2.5\text{ expenditure} \times 20 = 50\text{ expenditure}$$ | This means the required expenditure count is 50 expenditure.","[""We know one percentage of the expenditure and need another."",""We know that 40% of the expenditure is 100 expenditure."",""Because 40% of the expenditure has 40 equal 1% parts, divide 100 expenditure by 40. | $$1\\% = 100\\text{ expenditure} \\div 40 = 2.5\\text{ expenditure}$$"",""The required share is 20% of the expenditure."",""Use the 1% value 20 times to get 20% of the expenditure. | $$20\\% = 2.5\\text{ expenditure} \\times 20 = 50\\text{ expenditure}$$"",""This means the required expenditure count is 50 expenditure.""]","","","PENDING_REVIEW"
"PCT-CP-002:PCT-QL-017:66898","PCT-QL-017","Easy","salary","We need to move from one percentage of the salary to another. | 80% of the salary equals 100 salary. | Because 80% of the salary has 80 equal 1% parts, divide 100 salary by 80. | $$1\% = 100\text{ salary} \div 80 = 1.25\text{ salary}$$ | Now we need 20% of the salary. | Use the 1% value 20 times to get 20% of the salary. | $$20\% = 1.25\text{ salary} \times 20 = 25\text{ salary}$$ | Therefore, 20% of the salary represents 25 salary.","[""We need to move from one percentage of the salary to another."",""80% of the salary equals 100 salary."",""Because 80% of the salary has 80 equal 1% parts, divide 100 salary by 80. | $$1\\% = 100\\text{ salary} \\div 80 = 1.25\\text{ salary}$$"",""Now we need 20% of the salary."",""Use the 1% value 20 times to get 20% of the salary. | $$20\\% = 1.25\\text{ salary} \\times 20 = 25\\text{ salary}$$"",""Therefore, 20% of the salary represents 25 salary.""]","","","PENDING_REVIEW"
"PCT-CP-002:PCT-QL-017:66899","PCT-QL-017","Medium","income","We will first connect the known percentage of the income with the required percentage. | 10% of the income equals 600 income. | Because 10% of the income has 10 equal 1% parts, divide 600 income by 10. | $$1\% = 600\text{ income} \div 10 = 60\text{ income}$$ | Now we need 25% of the income. | Because 1% is known, multiply its value by 25 to get 25% of the income. | $$25\% = 60\text{ income} \times 25 = 1,500\text{ income}$$ | Therefore, 25% of the income represents 1,500 income.","[""We will first connect the known percentage of the income with the required percentage."",""10% of the income equals 600 income."",""Because 10% of the income has 10 equal 1% parts, divide 600 income by 10. | $$1\\% = 600\\text{ income} \\div 10 = 60\\text{ income}$$"",""Now we need 25% of the income."",""Because 1% is known, multiply its value by 25 to get 25% of the income. | $$25\\% = 60\\text{ income} \\times 25 = 1,500\\text{ income}$$"",""Therefore, 25% of the income represents 1,500 income.""]","","","PENDING_REVIEW"
"PCT-CP-002:PCT-QL-017:66900","PCT-QL-017","Hard","saving","We can see that both percentage values belong to the saving. | Here, 500 saving represents 40% of the saving. | Because 40% has 40 equal parts, dividing 500 saving by 40 gives 1% of the saving. | $$1\% = 500\text{ saving} \div 40 = 12.5\text{ saving}$$ | The question asks for 30% of the saving. | Since 1% is one part, multiply its value by 30 to get 30% of the saving. | $$30\% = 12.5\text{ saving} \times 30 = 375\text{ saving}$$ | The check agrees with the question: 40% gives 500 saving. | $$12.5\text{ saving} \times 40 = 500\text{ saving}$$ | So the share of the saving represented by 30% is 375 saving.","[""We can see that both percentage values belong to the saving."",""Here, 500 saving represents 40% of the saving."",""Because 40% has 40 equal parts, dividing 500 saving by 40 gives 1% of the saving. | $$1\\% = 500\\text{ saving} \\div 40 = 12.5\\text{ saving}$$"",""The question asks for 30% of the saving."",""Since 1% is one part, multiply its value by 30 to get 30% of the saving. | $$30\\% = 12.5\\text{ saving} \\times 30 = 375\\text{ saving}$$"",""The check agrees with the question: 40% gives 500 saving. | $$12.5\\text{ saving} \\times 40 = 500\\text{ saving}$$"",""So the share of the saving represented by 30% is 375 saving.""]","","","PENDING_REVIEW"
"PCT-CP-002:PCT-QL-017:66902","PCT-QL-017","Medium","saving","The required percentage is the same 50% already given for the saving. | 50% of the saving is 300 saving. | There is no need to find 1% because the requested percentage is already known. | The question asks for that same 50% of the saving. | No multiplication or scaling is needed. | So 50% of the saving remains 300 saving.","[""The required percentage is the same 50% already given for the saving."",""50% of the saving is 300 saving."",""There is no need to find 1% because the requested percentage is already known."",""The question asks for that same 50% of the saving."",""No multiplication or scaling is needed."",""So 50% of the saving remains 300 saving.""]","","","PENDING_REVIEW"
"PCT-CP-002:PCT-QL-017:66904","PCT-QL-017","Easy","expenditure","We know one percentage of the expenditure and need another. | We know that 80% of the expenditure is 200 expenditure. | Because 80% of the expenditure has 80 equal 1% parts, divide 200 expenditure by 80. | $$1\% = 200\text{ expenditure} \div 80 = 2.5\text{ expenditure}$$ | The required share is 10% of the expenditure. | Use the 1% value 10 times to get 10% of the expenditure. | $$10\% = 2.5\text{ expenditure} \times 10 = 25\text{ expenditure}$$ | This means the required expenditure count is 25 expenditure.","[""We know one percentage of the expenditure and need another."",""We know that 80% of the expenditure is 200 expenditure."",""Because 80% of the expenditure has 80 equal 1% parts, divide 200 expenditure by 80. | $$1\\% = 200\\text{ expenditure} \\div 80 = 2.5\\text{ expenditure}$$"",""The required share is 10% of the expenditure."",""Use the 1% value 10 times to get 10% of the expenditure. | $$10\\% = 2.5\\text{ expenditure} \\times 10 = 25\\text{ expenditure}$$"",""This means the required expenditure count is 25 expenditure.""]","","","PENDING_REVIEW"
"PCT-CP-002:PCT-QL-017:66905","PCT-QL-017","Medium","salary","We are finding a new percentage of the salary. | The question gives 30% of the salary as 150 salary. | Because 30% of the salary has 30 equal 1% parts, divide 150 salary by 30. | $$1\% = 150\text{ salary} \div 30 = 5\text{ salary}$$ | Next, use the 1% value to find 15% of the salary. | Because 1% is known, multiply its value by 15 to get 15% of the salary. | $$15\% = 5\text{ salary} \times 15 = 75\text{ salary}$$ | So 15% of the salary is 75 salary.","[""We are finding a new percentage of the salary."",""The question gives 30% of the salary as 150 salary."",""Because 30% of the salary has 30 equal 1% parts, divide 150 salary by 30. | $$1\\% = 150\\text{ salary} \\div 30 = 5\\text{ salary}$$"",""Next, use the 1% value to find 15% of the salary."",""Because 1% is known, multiply its value by 15 to get 15% of the salary. | $$15\\% = 5\\text{ salary} \\times 15 = 75\\text{ salary}$$"",""So 15% of the salary is 75 salary.""]","","","PENDING_REVIEW"
"PCT-CP-002:PCT-QL-017:66906","PCT-QL-017","Hard","income","We are working with two percentages of the income. | Start with the given relation: 40% of the income is 100 income. | Because 40% has 40 equal parts, dividing 100 income by 40 gives 1% of the income. | $$1\% = 100\text{ income} \div 40 = 2.5\text{ income}$$ | Now turn the 1% value into 20% of the income. | Since 1% is one part, multiply its value by 20 to get 20% of the income. | $$20\% = 2.5\text{ income} \times 20 = 50\text{ income}$$ | A quick check gives the original 40% value, 100 income. | $$2.5\text{ income} \times 40 = 100\text{ income}$$ | This means the required income count is 50 income.","[""We are working with two percentages of the income."",""Start with the given relation: 40% of the income is 100 income."",""Because 40% has 40 equal parts, dividing 100 income by 40 gives 1% of the income. | $$1\\% = 100\\text{ income} \\div 40 = 2.5\\text{ income}$$"",""Now turn the 1% value into 20% of the income."",""Since 1% is one part, multiply its value by 20 to get 20% of the income. | $$20\\% = 2.5\\text{ income} \\times 20 = 50\\text{ income}$$"",""A quick check gives the original 40% value, 100 income. | $$2.5\\text{ income} \\times 40 = 100\\text{ income}$$"",""This means the required income count is 50 income.""]","","","PENDING_REVIEW"
"PCT-CP-002:PCT-QL-017:66930","PCT-QL-017","Hard","salary","We can see that both percentage values belong to the salary. | Here, 100 salary represents 80% of the salary. | Because 80% has 80 equal parts, dividing 100 salary by 80 gives 1% of the salary. | $$1\% = 100\text{ salary} \div 80 = 1.25\text{ salary}$$ | We can now move from 1% to 20% of the salary. | Since 1% is one part, multiply its value by 20 to get 20% of the salary. | $$20\% = 1.25\text{ salary} \times 20 = 25\text{ salary}$$ | The check agrees with the question: 80% gives 100 salary. | $$1.25\text{ salary} \times 80 = 100\text{ salary}$$ | This means the required salary count is 25 salary.","[""We can see that both percentage values belong to the salary."",""Here, 100 salary represents 80% of the salary."",""Because 80% has 80 equal parts, dividing 100 salary by 80 gives 1% of the salary. | $$1\\% = 100\\text{ salary} \\div 80 = 1.25\\text{ salary}$$"",""We can now move from 1% to 20% of the salary."",""Since 1% is one part, multiply its value by 20 to get 20% of the salary. | $$20\\% = 1.25\\text{ salary} \\times 20 = 25\\text{ salary}$$"",""The check agrees with the question: 80% gives 100 salary. | $$1.25\\text{ salary} \\times 80 = 100\\text{ salary}$$"",""This means the required salary count is 25 salary.""]","","","PENDING_REVIEW"
"PCT-CP-002:PCT-QL-017:66931","PCT-QL-017","Easy","expenditure","We are finding a new percentage of the expenditure. | The given information is 10% of the expenditure = 600 expenditure. | Because 10% of the expenditure has 10 equal 1% parts, divide 600 expenditure by 10. | $$1\% = 600\text{ expenditure} \div 10 = 60\text{ expenditure}$$ | Our target is 25% of the expenditure. | Use the 1% value 25 times to get 25% of the expenditure. | $$25\% = 60\text{ expenditure} \times 25 = 1,500\text{ expenditure}$$ | Therefore, 25% of the expenditure represents 1,500 expenditure.","[""We are finding a new percentage of the expenditure."",""The given information is 10% of the expenditure = 600 expenditure."",""Because 10% of the expenditure has 10 equal 1% parts, divide 600 expenditure by 10. | $$1\\% = 600\\text{ expenditure} \\div 10 = 60\\text{ expenditure}$$"",""Our target is 25% of the expenditure."",""Use the 1% value 25 times to get 25% of the expenditure. | $$25\\% = 60\\text{ expenditure} \\times 25 = 1,500\\text{ expenditure}$$"",""Therefore, 25% of the expenditure represents 1,500 expenditure.""]","","","PENDING_REVIEW"
"PCT-CP-002:PCT-QL-017:66933","PCT-QL-017","Hard","income","We are comparing two percentages of the income. | The question gives 20% of the income as 400 income. | Because 20% has 20 equal parts, dividing 400 income by 20 gives 1% of the income. | $$1\% = 400\text{ income} \div 20 = 20\text{ income}$$ | Next, use the 1% value to find 40% of the income. | Since 1% is one part, multiply its value by 40 to get 40% of the income. | $$40\% = 20\text{ income} \times 40 = 800\text{ income}$$ | Going back to 20% reproduces the given 400 income. | $$20\text{ income} \times 20 = 400\text{ income}$$ | So 40% of the income is 800 income.","[""We are comparing two percentages of the income."",""The question gives 20% of the income as 400 income."",""Because 20% has 20 equal parts, dividing 400 income by 20 gives 1% of the income. | $$1\\% = 400\\text{ income} \\div 20 = 20\\text{ income}$$"",""Next, use the 1% value to find 40% of the income."",""Since 1% is one part, multiply its value by 40 to get 40% of the income. | $$40\\% = 20\\text{ income} \\times 40 = 800\\text{ income}$$"",""Going back to 20% reproduces the given 400 income. | $$20\\text{ income} \\times 20 = 400\\text{ income}$$"",""So 40% of the income is 800 income.""]","","","PENDING_REVIEW"
"PCT-CP-002:PCT-QL-017:66934","PCT-QL-017","Easy","salary","The required percentage is the same 50% already given for the salary. | 50% of the salary is 300 salary. | There is no need to find 1% because the requested percentage is already known. | The question asks for that same 50% of the salary. | No multiplication or scaling is needed. | So 50% of the salary remains 300 salary.","[""The required percentage is the same 50% already given for the salary."",""50% of the salary is 300 salary."",""There is no need to find 1% because the requested percentage is already known."",""The question asks for that same 50% of the salary."",""No multiplication or scaling is needed."",""So 50% of the salary remains 300 salary.""]","","","PENDING_REVIEW"
"PCT-CP-002:PCT-QL-017:66936","PCT-QL-017","Hard","saving","We are working with two percentages of the saving. | Start with the given relation: 80% of the saving is 200 saving. | Because 80% has 80 equal parts, dividing 200 saving by 80 gives 1% of the saving. | $$1\% = 200\text{ saving} \div 80 = 2.5\text{ saving}$$ | The required share is 10% of the saving. | Since 1% is one part, multiply its value by 10 to get 10% of the saving. | $$10\% = 2.5\text{ saving} \times 10 = 25\text{ saving}$$ | A quick check gives the original 80% value, 200 saving. | $$2.5\text{ saving} \times 80 = 200\text{ saving}$$ | So the share of the saving represented by 10% is 25 saving.","[""We are working with two percentages of the saving."",""Start with the given relation: 80% of the saving is 200 saving."",""Because 80% has 80 equal parts, dividing 200 saving by 80 gives 1% of the saving. | $$1\\% = 200\\text{ saving} \\div 80 = 2.5\\text{ saving}$$"",""The required share is 10% of the saving."",""Since 1% is one part, multiply its value by 10 to get 10% of the saving. | $$10\\% = 2.5\\text{ saving} \\times 10 = 25\\text{ saving}$$"",""A quick check gives the original 80% value, 200 saving. | $$2.5\\text{ saving} \\times 80 = 200\\text{ saving}$$"",""So the share of the saving represented by 10% is 25 saving.""]","","","PENDING_REVIEW"
"PCT-CP-002:PCT-QL-017:66937","PCT-QL-017","Easy","salary","We will first connect the known percentage of the salary with the required percentage. | The given information is 10% of the salary = 150 salary. | Because 10% of the salary has 10 equal 1% parts, divide 150 salary by 10. | $$1\% = 150\text{ salary} \div 10 = 15\text{ salary}$$ | Our target is 15% of the salary. | Use the 1% value 15 times to get 15% of the salary. | $$15\% = 15\text{ salary} \times 15 = 225\text{ salary}$$ | Therefore, 15% of the salary represents 225 salary.","[""We will first connect the known percentage of the salary with the required percentage."",""The given information is 10% of the salary = 150 salary."",""Because 10% of the salary has 10 equal 1% parts, divide 150 salary by 10. | $$1\\% = 150\\text{ salary} \\div 10 = 15\\text{ salary}$$"",""Our target is 15% of the salary."",""Use the 1% value 15 times to get 15% of the salary. | $$15\\% = 15\\text{ salary} \\times 15 = 225\\text{ salary}$$"",""Therefore, 15% of the salary represents 225 salary.""]","","","PENDING_REVIEW"
"PCT-CP-002:PCT-QL-017:66960","PCT-QL-017","Hard","income","We will first connect the known percentage of the income with the required percentage. | The given information is 25% of the income = 200 income. | Because 25% has 25 equal parts, dividing 200 income by 25 gives 1% of the income. | $$1\% = 200\text{ income} \div 25 = 8\text{ income}$$ | Our target is 10% of the income. | Since 1% is one part, multiply its value by 10 to get 10% of the income. | $$10\% = 8\text{ income} \times 10 = 80\text{ income}$$ | As a check, the 1% value used 25 times gives 200 income. | $$8\text{ income} \times 25 = 200\text{ income}$$ | Therefore, 10% of the income represents 80 income.","[""We will first connect the known percentage of the income with the required percentage."",""The given information is 25% of the income = 200 income."",""Because 25% has 25 equal parts, dividing 200 income by 25 gives 1% of the income. | $$1\\% = 200\\text{ income} \\div 25 = 8\\text{ income}$$"",""Our target is 10% of the income."",""Since 1% is one part, multiply its value by 10 to get 10% of the income. | $$10\\% = 8\\text{ income} \\times 10 = 80\\text{ income}$$"",""As a check, the 1% value used 25 times gives 200 income. | $$8\\text{ income} \\times 25 = 200\\text{ income}$$"",""Therefore, 10% of the income represents 80 income.""]","","","PENDING_REVIEW"
"PCT-CP-002:PCT-QL-017:66961","PCT-QL-017","Easy","expenditure","We need to move from one percentage of the expenditure to another. | The question gives 30% of the expenditure as 150 expenditure. | Because 30% of the expenditure has 30 equal 1% parts, divide 150 expenditure by 30. | $$1\% = 150\text{ expenditure} \div 30 = 5\text{ expenditure}$$ | The percentage we still need is 15%. | Use the 1% value 15 times to get 15% of the expenditure. | $$15\% = 5\text{ expenditure} \times 15 = 75\text{ expenditure}$$ | Therefore, 15% of the expenditure represents 75 expenditure.","[""We need to move from one percentage of the expenditure to another."",""The question gives 30% of the expenditure as 150 expenditure."",""Because 30% of the expenditure has 30 equal 1% parts, divide 150 expenditure by 30. | $$1\\% = 150\\text{ expenditure} \\div 30 = 5\\text{ expenditure}$$"",""The percentage we still need is 15%."",""Use the 1% value 15 times to get 15% of the expenditure. | $$15\\% = 5\\text{ expenditure} \\times 15 = 75\\text{ expenditure}$$"",""Therefore, 15% of the expenditure represents 75 expenditure.""]","","","PENDING_REVIEW"
"PCT-CP-002:PCT-QL-017:66962","PCT-QL-017","Medium","income","We will first connect the known percentage of the income with the required percentage. | 40% of the income equals 100 income. | Because 40% of the income has 40 equal 1% parts, divide 100 income by 40. | $$1\% = 100\text{ income} \div 40 = 2.5\text{ income}$$ | Our target is 20% of the income. | Because 1% is known, multiply its value by 20 to get 20% of the income. | $$20\% = 2.5\text{ income} \times 20 = 50\text{ income}$$ | So 20% of the income is 50 income.","[""We will first connect the known percentage of the income with the required percentage."",""40% of the income equals 100 income."",""Because 40% of the income has 40 equal 1% parts, divide 100 income by 40. | $$1\\% = 100\\text{ income} \\div 40 = 2.5\\text{ income}$$"",""Our target is 20% of the income."",""Because 1% is known, multiply its value by 20 to get 20% of the income. | $$20\\% = 2.5\\text{ income} \\times 20 = 50\\text{ income}$$"",""So 20% of the income is 50 income.""]","","","PENDING_REVIEW"
"PCT-CP-002:PCT-QL-017:66963","PCT-QL-017","Hard","expenditure","We can use the known percentage of the expenditure to find the required one. | 600 expenditure is the value of 10% of the expenditure. | Because 10% has 10 equal parts, dividing 600 expenditure by 10 gives 1% of the expenditure. | $$1\% = 600\text{ expenditure} \div 10 = 60\text{ expenditure}$$ | The question asks for 25% of the expenditure. | Since 1% is one part, multiply its value by 25 to get 25% of the expenditure. | $$25\% = 60\text{ expenditure} \times 25 = 1,500\text{ expenditure}$$ | Check: multiplying the 1% value by 10 returns 600 expenditure. | $$60\text{ expenditure} \times 10 = 600\text{ expenditure}$$ | This means the required expenditure count is 1,500 expenditure.","[""We can use the known percentage of the expenditure to find the required one."",""600 expenditure is the value of 10% of the expenditure."",""Because 10% has 10 equal parts, dividing 600 expenditure by 10 gives 1% of the expenditure. | $$1\\% = 600\\text{ expenditure} \\div 10 = 60\\text{ expenditure}$$"",""The question asks for 25% of the expenditure."",""Since 1% is one part, multiply its value by 25 to get 25% of the expenditure. | $$25\\% = 60\\text{ expenditure} \\times 25 = 1,500\\text{ expenditure}$$"",""Check: multiplying the 1% value by 10 returns 600 expenditure. | $$60\\text{ expenditure} \\times 10 = 600\\text{ expenditure}$$"",""This means the required expenditure count is 1,500 expenditure.""]","","","PENDING_REVIEW"
"PCT-CP-002:PCT-QL-117:79639","PCT-QL-117","Medium","expenditure","We know one percentage of the expenditure and need another. | We know that 10% of the expenditure is 250 expenditure. | Because 10% of the expenditure has 10 equal 1% parts, divide 250 expenditure by 10. | $$1\% = 250\text{ expenditure} \div 10 = 25\text{ expenditure}$$ | Now turn the 1% value into 60% of the expenditure. | Because 1% is known, multiply its value by 60 to get 60% of the expenditure. | $$60\% = 25\text{ expenditure} \times 60 = 1,500\text{ expenditure}$$ | So the share of the expenditure represented by 60% is 1,500 expenditure.","[""We know one percentage of the expenditure and need another."",""We know that 10% of the expenditure is 250 expenditure."",""Because 10% of the expenditure has 10 equal 1% parts, divide 250 expenditure by 10. | $$1\\% = 250\\text{ expenditure} \\div 10 = 25\\text{ expenditure}$$"",""Now turn the 1% value into 60% of the expenditure."",""Because 1% is known, multiply its value by 60 to get 60% of the expenditure. | $$60\\% = 25\\text{ expenditure} \\times 60 = 1,500\\text{ expenditure}$$"",""So the share of the expenditure represented by 60% is 1,500 expenditure.""]","","","PENDING_REVIEW"
"PCT-CP-002:PCT-QL-117:79640","PCT-QL-117","Hard","saving","We are finding a new percentage of the saving. | In this question, 40% of the saving stands for 200 saving. | Because 40% has 40 equal parts, dividing 200 saving by 40 gives 1% of the saving. | $$1\% = 200\text{ saving} \div 40 = 5\text{ saving}$$ | The percentage we still need is 10%. | Since 1% is one part, multiply its value by 10 to get 10% of the saving. | $$10\% = 5\text{ saving} \times 10 = 50\text{ saving}$$ | The given relation is recovered when the 1% value is multiplied by 40. | $$5\text{ saving} \times 40 = 200\text{ saving}$$ | So 10% of the saving is 50 saving.","[""We are finding a new percentage of the saving."",""In this question, 40% of the saving stands for 200 saving."",""Because 40% has 40 equal parts, dividing 200 saving by 40 gives 1% of the saving. | $$1\\% = 200\\text{ saving} \\div 40 = 5\\text{ saving}$$"",""The percentage we still need is 10%."",""Since 1% is one part, multiply its value by 10 to get 10% of the saving. | $$10\\% = 5\\text{ saving} \\times 10 = 50\\text{ saving}$$"",""The given relation is recovered when the 1% value is multiplied by 40. | $$5\\text{ saving} \\times 40 = 200\\text{ saving}$$"",""So 10% of the saving is 50 saving.""]","","","PENDING_REVIEW"
"PCT-CP-002:PCT-QL-117:79641","PCT-QL-117","Easy","expenditure","We need to move from one percentage of the expenditure to another. | The question gives 45% of the expenditure as 150 expenditure. | Because 45% of the expenditure has 45 equal 1% parts, divide 150 expenditure by 45. | $$1\% = 150\text{ expenditure} \div 45 = \approx 3.33\text{ expenditure}$$ | The percentage we still need is 15%. | Use the 1% value 15 times to get 15% of the expenditure. | $$15\% = \approx 3.33\text{ expenditure} \times 15 = 50\text{ expenditure}$$ | Therefore, 15% of the expenditure represents 50 expenditure.","[""We need to move from one percentage of the expenditure to another."",""The question gives 45% of the expenditure as 150 expenditure."",""Because 45% of the expenditure has 45 equal 1% parts, divide 150 expenditure by 45. | $$1\\% = 150\\text{ expenditure} \\div 45 = \\approx 3.33\\text{ expenditure}$$"",""The percentage we still need is 15%."",""Use the 1% value 15 times to get 15% of the expenditure. | $$15\\% = \\approx 3.33\\text{ expenditure} \\times 15 = 50\\text{ expenditure}$$"",""Therefore, 15% of the expenditure represents 50 expenditure.""]","","","PENDING_REVIEW"
"PCT-CP-002:PCT-QL-117:79642","PCT-QL-117","Medium","salary","We are finding a new percentage of the salary. | The question gives 50% of the salary as 100 salary. | Because 50% of the salary has 50 equal 1% parts, divide 100 salary by 50. | $$1\% = 100\text{ salary} \div 50 = 2\text{ salary}$$ | The percentage we still need is 20%. | Because 1% is known, multiply its value by 20 to get 20% of the salary. | $$20\% = 2\text{ salary} \times 20 = 40\text{ salary}$$ | Therefore, 20% of the salary represents 40 salary.","[""We are finding a new percentage of the salary."",""The question gives 50% of the salary as 100 salary."",""Because 50% of the salary has 50 equal 1% parts, divide 100 salary by 50. | $$1\\% = 100\\text{ salary} \\div 50 = 2\\text{ salary}$$"",""The percentage we still need is 20%."",""Because 1% is known, multiply its value by 20 to get 20% of the salary. | $$20\\% = 2\\text{ salary} \\times 20 = 40\\text{ salary}$$"",""Therefore, 20% of the salary represents 40 salary.""]","","","PENDING_REVIEW"
"PCT-CP-002:PCT-QL-117:79643","PCT-QL-117","Hard","income","We are finding a new percentage of the income. | In this question, 60% of the income stands for 600 income. | Because 60% has 60 equal parts, dividing 600 income by 60 gives 1% of the income. | $$1\% = 600\text{ income} \div 60 = 10\text{ income}$$ | Next, use the 1% value to find 25% of the income. | Since 1% is one part, multiply its value by 25 to get 25% of the income. | $$25\% = 10\text{ income} \times 25 = 250\text{ income}$$ | The given relation is recovered when the 1% value is multiplied by 60. | $$10\text{ income} \times 60 = 600\text{ income}$$ | Therefore, 25% of the income represents 250 income.","[""We are finding a new percentage of the income."",""In this question, 60% of the income stands for 600 income."",""Because 60% has 60 equal parts, dividing 600 income by 60 gives 1% of the income. | $$1\\% = 600\\text{ income} \\div 60 = 10\\text{ income}$$"",""Next, use the 1% value to find 25% of the income."",""Since 1% is one part, multiply its value by 25 to get 25% of the income. | $$25\\% = 10\\text{ income} \\times 25 = 250\\text{ income}$$"",""The given relation is recovered when the 1% value is multiplied by 60. | $$10\\text{ income} \\times 60 = 600\\text{ income}$$"",""Therefore, 25% of the income represents 250 income.""]","","","PENDING_REVIEW"
"PCT-CP-002:PCT-QL-117:79646","PCT-QL-117","Hard","saving","We can see that both percentage values belong to the saving. | Here, 300 saving represents 40% of the saving. | Because 40% has 40 equal parts, dividing 300 saving by 40 gives 1% of the saving. | $$1\% = 300\text{ saving} \div 40 = 7.5\text{ saving}$$ | The question asks for 50% of the saving. | Since 1% is one part, multiply its value by 50 to get 50% of the saving. | $$50\% = 7.5\text{ saving} \times 50 = 375\text{ saving}$$ | The check agrees with the question: 40% gives 300 saving. | $$7.5\text{ saving} \times 40 = 300\text{ saving}$$ | So the share of the saving represented by 50% is 375 saving.","[""We can see that both percentage values belong to the saving."",""Here, 300 saving represents 40% of the saving."",""Because 40% has 40 equal parts, dividing 300 saving by 40 gives 1% of the saving. | $$1\\% = 300\\text{ saving} \\div 40 = 7.5\\text{ saving}$$"",""The question asks for 50% of the saving."",""Since 1% is one part, multiply its value by 50 to get 50% of the saving. | $$50\\% = 7.5\\text{ saving} \\times 50 = 375\\text{ saving}$$"",""The check agrees with the question: 40% gives 300 saving. | $$7.5\\text{ saving} \\times 40 = 300\\text{ saving}$$"",""So the share of the saving represented by 50% is 375 saving.""]","","","PENDING_REVIEW"
"PCT-CP-002:PCT-QL-117:79671","PCT-QL-117","Easy","expenditure","We will first connect the known percentage of the expenditure with the required percentage. | In this question, 10% of the expenditure stands for 250 expenditure. | Because 10% of the expenditure has 10 equal 1% parts, divide 250 expenditure by 10. | $$1\% = 250\text{ expenditure} \div 10 = 25\text{ expenditure}$$ | The percentage we still need is 60%. | Use the 1% value 60 times to get 60% of the expenditure. | $$60\% = 25\text{ expenditure} \times 60 = 1,500\text{ expenditure}$$ | So 60% of the expenditure is 1,500 expenditure.","[""We will first connect the known percentage of the expenditure with the required percentage."",""In this question, 10% of the expenditure stands for 250 expenditure."",""Because 10% of the expenditure has 10 equal 1% parts, divide 250 expenditure by 10. | $$1\\% = 250\\text{ expenditure} \\div 10 = 25\\text{ expenditure}$$"",""The percentage we still need is 60%."",""Use the 1% value 60 times to get 60% of the expenditure. | $$60\\% = 25\\text{ expenditure} \\times 60 = 1,500\\text{ expenditure}$$"",""So 60% of the expenditure is 1,500 expenditure.""]","","","PENDING_REVIEW"
"PCT-CP-002:PCT-QL-117:79674","PCT-QL-117","Easy","salary","We will first connect the known percentage of the salary with the required percentage. | The given information is 50% of the salary = 100 salary. | Because 50% of the salary has 50 equal 1% parts, divide 100 salary by 50. | $$1\% = 100\text{ salary} \div 50 = 2\text{ salary}$$ | Now we need 20% of the salary. | Use the 1% value 20 times to get 20% of the salary. | $$20\% = 2\text{ salary} \times 20 = 40\text{ salary}$$ | So 20% of the salary is 40 salary.","[""We will first connect the known percentage of the salary with the required percentage."",""The given information is 50% of the salary = 100 salary."",""Because 50% of the salary has 50 equal 1% parts, divide 100 salary by 50. | $$1\\% = 100\\text{ salary} \\div 50 = 2\\text{ salary}$$"",""Now we need 20% of the salary."",""Use the 1% value 20 times to get 20% of the salary. | $$20\\% = 2\\text{ salary} \\times 20 = 40\\text{ salary}$$"",""So 20% of the salary is 40 salary.""]","","","PENDING_REVIEW"
"PCT-CP-002:PCT-QL-117:79675","PCT-QL-117","Medium","expenditure","We will first connect the known percentage of the expenditure with the required percentage. | In this question, 60% of the expenditure stands for 600 expenditure. | Because 60% of the expenditure has 60 equal 1% parts, divide 600 expenditure by 60. | $$1\% = 600\text{ expenditure} \div 60 = 10\text{ expenditure}$$ | Next, use the 1% value to find 25% of the expenditure. | Because 1% is known, multiply its value by 25 to get 25% of the expenditure. | $$25\% = 10\text{ expenditure} \times 25 = 250\text{ expenditure}$$ | Therefore, 25% of the expenditure represents 250 expenditure.","[""We will first connect the known percentage of the expenditure with the required percentage."",""In this question, 60% of the expenditure stands for 600 expenditure."",""Because 60% of the expenditure has 60 equal 1% parts, divide 600 expenditure by 60. | $$1\\% = 600\\text{ expenditure} \\div 60 = 10\\text{ expenditure}$$"",""Next, use the 1% value to find 25% of the expenditure."",""Because 1% is known, multiply its value by 25 to get 25% of the expenditure. | $$25\\% = 10\\text{ expenditure} \\times 25 = 250\\text{ expenditure}$$"",""Therefore, 25% of the expenditure represents 250 expenditure.""]","","","PENDING_REVIEW"
"PCT-CP-002:PCT-QL-117:79677","PCT-QL-117","Easy","income","We can use the known percentage of the income to find the required one. | We know that 10% of the income is 400 income. | Because 10% of the income has 10 equal 1% parts, divide 400 income by 10. | $$1\% = 400\text{ income} \div 10 = 40\text{ income}$$ | The required share is 40% of the income. | Use the 1% value 40 times to get 40% of the income. | $$40\% = 40\text{ income} \times 40 = 1,600\text{ income}$$ | This means the required income count is 1,600 income.","[""We can use the known percentage of the income to find the required one."",""We know that 10% of the income is 400 income."",""Because 10% of the income has 10 equal 1% parts, divide 400 income by 10. | $$1\\% = 400\\text{ income} \\div 10 = 40\\text{ income}$$"",""The required share is 40% of the income."",""Use the 1% value 40 times to get 40% of the income. | $$40\\% = 40\\text{ income} \\times 40 = 1,600\\text{ income}$$"",""This means the required income count is 1,600 income.""]","","","PENDING_REVIEW"
"PCT-CP-002:PCT-QL-117:79678","PCT-QL-117","Medium","expenditure","We will first connect the known percentage of the expenditure with the required percentage. | In this question, 40% of the expenditure stands for 300 expenditure. | Because 40% of the expenditure has 40 equal 1% parts, divide 300 expenditure by 40. | $$1\% = 300\text{ expenditure} \div 40 = 7.5\text{ expenditure}$$ | The percentage we still need is 50%. | Because 1% is known, multiply its value by 50 to get 50% of the expenditure. | $$50\% = 7.5\text{ expenditure} \times 50 = 375\text{ expenditure}$$ | So 50% of the expenditure is 375 expenditure.","[""We will first connect the known percentage of the expenditure with the required percentage."",""In this question, 40% of the expenditure stands for 300 expenditure."",""Because 40% of the expenditure has 40 equal 1% parts, divide 300 expenditure by 40. | $$1\\% = 300\\text{ expenditure} \\div 40 = 7.5\\text{ expenditure}$$"",""The percentage we still need is 50%."",""Because 1% is known, multiply its value by 50 to get 50% of the expenditure. | $$50\\% = 7.5\\text{ expenditure} \\times 50 = 375\\text{ expenditure}$$"",""So 50% of the expenditure is 375 expenditure.""]","","","PENDING_REVIEW"
"PCT-CP-002:PCT-QL-117:79700","PCT-QL-117","Hard","income","We will first connect the known percentage of the income with the required percentage. | 25% of the income equals 500 income. | Because 25% has 25 equal parts, dividing 500 income by 25 gives 1% of the income. | $$1\% = 500\text{ income} \div 25 = 20\text{ income}$$ | Our target is 30% of the income. | Since 1% is one part, multiply its value by 30 to get 30% of the income. | $$30\% = 20\text{ income} \times 30 = 600\text{ income}$$ | To verify it, use the 1% value 25 times and get 500 income. | $$20\text{ income} \times 25 = 500\text{ income}$$ | So 30% of the income is 600 income.","[""We will first connect the known percentage of the income with the required percentage."",""25% of the income equals 500 income."",""Because 25% has 25 equal parts, dividing 500 income by 25 gives 1% of the income. | $$1\\% = 500\\text{ income} \\div 25 = 20\\text{ income}$$"",""Our target is 30% of the income."",""Since 1% is one part, multiply its value by 30 to get 30% of the income. | $$30\\% = 20\\text{ income} \\times 30 = 600\\text{ income}$$"",""To verify it, use the 1% value 25 times and get 500 income. | $$20\\text{ income} \\times 25 = 500\\text{ income}$$"",""So 30% of the income is 600 income.""]","","","PENDING_REVIEW"
"PCT-CP-002:PCT-QL-117:79702","PCT-QL-117","Medium","income","We need to move from one percentage of the income to another. | 40% of the income equals 300 income. | Because 40% of the income has 40 equal 1% parts, divide 300 income by 40. | $$1\% = 300\text{ income} \div 40 = 7.5\text{ income}$$ | Now we need 50% of the income. | Because 1% is known, multiply its value by 50 to get 50% of the income. | $$50\% = 7.5\text{ income} \times 50 = 375\text{ income}$$ | Therefore, 50% of the income represents 375 income.","[""We need to move from one percentage of the income to another."",""40% of the income equals 300 income."",""Because 40% of the income has 40 equal 1% parts, divide 300 income by 40. | $$1\\% = 300\\text{ income} \\div 40 = 7.5\\text{ income}$$"",""Now we need 50% of the income."",""Because 1% is known, multiply its value by 50 to get 50% of the income. | $$50\\% = 7.5\\text{ income} \\times 50 = 375\\text{ income}$$"",""Therefore, 50% of the income represents 375 income.""]","","","PENDING_REVIEW"
"PCT-CP-002:PCT-QL-117:79703","PCT-QL-117","Hard","saving","We are working with two percentages of the saving. | Start with the given relation: 10% of the saving is 250 saving. | Because 10% has 10 equal parts, dividing 250 saving by 10 gives 1% of the saving. | $$1\% = 250\text{ saving} \div 10 = 25\text{ saving}$$ | Now turn the 1% value into 60% of the saving. | Since 1% is one part, multiply its value by 60 to get 60% of the saving. | $$60\% = 25\text{ saving} \times 60 = 1,500\text{ saving}$$ | A quick check gives the original 10% value, 250 saving. | $$25\text{ saving} \times 10 = 250\text{ saving}$$ | This means the required saving count is 1,500 saving.","[""We are working with two percentages of the saving."",""Start with the given relation: 10% of the saving is 250 saving."",""Because 10% has 10 equal parts, dividing 250 saving by 10 gives 1% of the saving. | $$1\\% = 250\\text{ saving} \\div 10 = 25\\text{ saving}$$"",""Now turn the 1% value into 60% of the saving."",""Since 1% is one part, multiply its value by 60 to get 60% of the saving. | $$60\\% = 25\\text{ saving} \\times 60 = 1,500\\text{ saving}$$"",""A quick check gives the original 10% value, 250 saving. | $$25\\text{ saving} \\times 10 = 250\\text{ saving}$$"",""This means the required saving count is 1,500 saving.""]","","","PENDING_REVIEW"
"PCT-CP-002:PCT-QL-117:79706","PCT-QL-117","Hard","salary","We are finding a new percentage of the salary. | In this question, 25% of the salary stands for 100 salary. | Because 25% has 25 equal parts, dividing 100 salary by 25 gives 1% of the salary. | $$1\% = 100\text{ salary} \div 25 = 4\text{ salary}$$ | Next, use the 1% value to find 20% of the salary. | Since 1% is one part, multiply its value by 20 to get 20% of the salary. | $$20\% = 4\text{ salary} \times 20 = 80\text{ salary}$$ | The given relation is recovered when the 1% value is multiplied by 25. | $$4\text{ salary} \times 25 = 100\text{ salary}$$ | Therefore, 20% of the salary represents 80 salary.","[""We are finding a new percentage of the salary."",""In this question, 25% of the salary stands for 100 salary."",""Because 25% has 25 equal parts, dividing 100 salary by 25 gives 1% of the salary. | $$1\\% = 100\\text{ salary} \\div 25 = 4\\text{ salary}$$"",""Next, use the 1% value to find 20% of the salary."",""Since 1% is one part, multiply its value by 20 to get 20% of the salary. | $$20\\% = 4\\text{ salary} \\times 20 = 80\\text{ salary}$$"",""The given relation is recovered when the 1% value is multiplied by 25. | $$4\\text{ salary} \\times 25 = 100\\text{ salary}$$"",""Therefore, 20% of the salary represents 80 salary.""]","","","PENDING_REVIEW"
"PCT-CP-002:PCT-QL-117:79707","PCT-QL-117","Easy","expenditure","We need to move from one percentage of the expenditure to another. | In this question, 30% of the expenditure stands for 600 expenditure. | Because 30% of the expenditure has 30 equal 1% parts, divide 600 expenditure by 30. | $$1\% = 600\text{ expenditure} \div 30 = 20\text{ expenditure}$$ | The percentage we still need is 25%. | Use the 1% value 25 times to get 25% of the expenditure. | $$25\% = 20\text{ expenditure} \times 25 = 500\text{ expenditure}$$ | So 25% of the expenditure is 500 expenditure.","[""We need to move from one percentage of the expenditure to another."",""In this question, 30% of the expenditure stands for 600 expenditure."",""Because 30% of the expenditure has 30 equal 1% parts, divide 600 expenditure by 30. | $$1\\% = 600\\text{ expenditure} \\div 30 = 20\\text{ expenditure}$$"",""The percentage we still need is 25%."",""Use the 1% value 25 times to get 25% of the expenditure. | $$25\\% = 20\\text{ expenditure} \\times 25 = 500\\text{ expenditure}$$"",""So 25% of the expenditure is 500 expenditure.""]","","","PENDING_REVIEW"
"PCT-CP-002:PCT-QL-117:79709","PCT-QL-117","Hard","income","We are working with two percentages of the income. | Start with the given relation: 10% of the income is 400 income. | Because 10% has 10 equal parts, dividing 400 income by 10 gives 1% of the income. | $$1\% = 400\text{ income} \div 10 = 40\text{ income}$$ | Now turn the 1% value into 40% of the income. | Since 1% is one part, multiply its value by 40 to get 40% of the income. | $$40\% = 40\text{ income} \times 40 = 1,600\text{ income}$$ | A quick check gives the original 10% value, 400 income. | $$40\text{ income} \times 10 = 400\text{ income}$$ | This means the required income count is 1,600 income.","[""We are working with two percentages of the income."",""Start with the given relation: 10% of the income is 400 income."",""Because 10% has 10 equal parts, dividing 400 income by 10 gives 1% of the income. | $$1\\% = 400\\text{ income} \\div 10 = 40\\text{ income}$$"",""Now turn the 1% value into 40% of the income."",""Since 1% is one part, multiply its value by 40 to get 40% of the income. | $$40\\% = 40\\text{ income} \\times 40 = 1,600\\text{ income}$$"",""A quick check gives the original 10% value, 400 income. | $$40\\text{ income} \\times 10 = 400\\text{ income}$$"",""This means the required income count is 1,600 income.""]","","","PENDING_REVIEW"
"PCT-CP-002:PCT-QL-117:79731","PCT-QL-117","Easy","salary","We know one percentage of the salary and need another. | 600 salary is the value of 60% of the salary. | Because 60% of the salary has 60 equal 1% parts, divide 600 salary by 60. | $$1\% = 600\text{ salary} \div 60 = 10\text{ salary}$$ | The question asks for 25% of the salary. | Use the 1% value 25 times to get 25% of the salary. | $$25\% = 10\text{ salary} \times 25 = 250\text{ salary}$$ | This means the required salary count is 250 salary.","[""We know one percentage of the salary and need another."",""600 salary is the value of 60% of the salary."",""Because 60% of the salary has 60 equal 1% parts, divide 600 salary by 60. | $$1\\% = 600\\text{ salary} \\div 60 = 10\\text{ salary}$$"",""The question asks for 25% of the salary."",""Use the 1% value 25 times to get 25% of the salary. | $$25\\% = 10\\text{ salary} \\times 25 = 250\\text{ salary}$$"",""This means the required salary count is 250 salary.""]","","","PENDING_REVIEW"
"PCT-CP-002:PCT-QL-117:79732","PCT-QL-117","Medium","expenditure","We are comparing two percentages of the expenditure. | The given information is 25% of the expenditure = 500 expenditure. | Because 25% of the expenditure has 25 equal 1% parts, divide 500 expenditure by 25. | $$1\% = 500\text{ expenditure} \div 25 = 20\text{ expenditure}$$ | Now we need 30% of the expenditure. | Because 1% is known, multiply its value by 30 to get 30% of the expenditure. | $$30\% = 20\text{ expenditure} \times 30 = 600\text{ expenditure}$$ | So 30% of the expenditure is 600 expenditure.","[""We are comparing two percentages of the expenditure."",""The given information is 25% of the expenditure = 500 expenditure."",""Because 25% of the expenditure has 25 equal 1% parts, divide 500 expenditure by 25. | $$1\\% = 500\\text{ expenditure} \\div 25 = 20\\text{ expenditure}$$"",""Now we need 30% of the expenditure."",""Because 1% is known, multiply its value by 30 to get 30% of the expenditure. | $$30\\% = 20\\text{ expenditure} \\times 30 = 600\\text{ expenditure}$$"",""So 30% of the expenditure is 600 expenditure.""]","","","PENDING_REVIEW"
"PCT-CP-002:PCT-QL-117:79734","PCT-QL-117","Easy","income","We need to move from one percentage of the income to another. | 40% of the income equals 300 income. | Because 40% of the income has 40 equal 1% parts, divide 300 income by 40. | $$1\% = 300\text{ income} \div 40 = 7.5\text{ income}$$ | Now we need 50% of the income. | Use the 1% value 50 times to get 50% of the income. | $$50\% = 7.5\text{ income} \times 50 = 375\text{ income}$$ | Therefore, 50% of the income represents 375 income.","[""We need to move from one percentage of the income to another."",""40% of the income equals 300 income."",""Because 40% of the income has 40 equal 1% parts, divide 300 income by 40. | $$1\\% = 300\\text{ income} \\div 40 = 7.5\\text{ income}$$"",""Now we need 50% of the income."",""Use the 1% value 50 times to get 50% of the income. | $$50\\% = 7.5\\text{ income} \\times 50 = 375\\text{ income}$$"",""Therefore, 50% of the income represents 375 income.""]","","","PENDING_REVIEW"
"PCT-CP-002:PCT-QL-117:79736","PCT-QL-117","Hard","income","We are finding a new percentage of the income. | In this question, 50% of the income stands for 200 income. | Because 50% has 50 equal parts, dividing 200 income by 50 gives 1% of the income. | $$1\% = 200\text{ income} \div 50 = 4\text{ income}$$ | The percentage we still need is 10%. | Since 1% is one part, multiply its value by 10 to get 10% of the income. | $$10\% = 4\text{ income} \times 10 = 40\text{ income}$$ | The given relation is recovered when the 1% value is multiplied by 50. | $$4\text{ income} \times 50 = 200\text{ income}$$ | So 10% of the income is 40 income.","[""We are finding a new percentage of the income."",""In this question, 50% of the income stands for 200 income."",""Because 50% has 50 equal parts, dividing 200 income by 50 gives 1% of the income. | $$1\\% = 200\\text{ income} \\div 50 = 4\\text{ income}$$"",""The percentage we still need is 10%."",""Since 1% is one part, multiply its value by 10 to get 10% of the income. | $$10\\% = 4\\text{ income} \\times 10 = 40\\text{ income}$$"",""The given relation is recovered when the 1% value is multiplied by 50. | $$4\\text{ income} \\times 50 = 200\\text{ income}$$"",""So 10% of the income is 40 income.""]","","","PENDING_REVIEW"
"PCT-CP-002:PCT-QL-117:79738","PCT-QL-117","Medium","salary","We will first connect the known percentage of the salary with the required percentage. | 25% of the salary equals 100 salary. | Because 25% of the salary has 25 equal 1% parts, divide 100 salary by 25. | $$1\% = 100\text{ salary} \div 25 = 4\text{ salary}$$ | Our target is 20% of the salary. | Because 1% is known, multiply its value by 20 to get 20% of the salary. | $$20\% = 4\text{ salary} \times 20 = 80\text{ salary}$$ | So 20% of the salary is 80 salary.","[""We will first connect the known percentage of the salary with the required percentage."",""25% of the salary equals 100 salary."",""Because 25% of the salary has 25 equal 1% parts, divide 100 salary by 25. | $$1\\% = 100\\text{ salary} \\div 25 = 4\\text{ salary}$$"",""Our target is 20% of the salary."",""Because 1% is known, multiply its value by 20 to get 20% of the salary. | $$20\\% = 4\\text{ salary} \\times 20 = 80\\text{ salary}$$"",""So 20% of the salary is 80 salary.""]","","","PENDING_REVIEW"
"PCT-CP-002:PCT-QL-117:79739","PCT-QL-117","Hard","expenditure","We are working with two percentages of the expenditure. | 600 expenditure is the value of 30% of the expenditure. | Because 30% has 30 equal parts, dividing 600 expenditure by 30 gives 1% of the expenditure. | $$1\% = 600\text{ expenditure} \div 30 = 20\text{ expenditure}$$ | The question asks for 25% of the expenditure. | Since 1% is one part, multiply its value by 25 to get 25% of the expenditure. | $$25\% = 20\text{ expenditure} \times 25 = 500\text{ expenditure}$$ | Check: multiplying the 1% value by 30 returns 600 expenditure. | $$20\text{ expenditure} \times 30 = 600\text{ expenditure}$$ | This means the required expenditure count is 500 expenditure.","[""We are working with two percentages of the expenditure."",""600 expenditure is the value of 30% of the expenditure."",""Because 30% has 30 equal parts, dividing 600 expenditure by 30 gives 1% of the expenditure. | $$1\\% = 600\\text{ expenditure} \\div 30 = 20\\text{ expenditure}$$"",""The question asks for 25% of the expenditure."",""Since 1% is one part, multiply its value by 25 to get 25% of the expenditure. | $$25\\% = 20\\text{ expenditure} \\times 25 = 500\\text{ expenditure}$$"",""Check: multiplying the 1% value by 30 returns 600 expenditure. | $$20\\text{ expenditure} \\times 30 = 600\\text{ expenditure}$$"",""This means the required expenditure count is 500 expenditure.""]","","","PENDING_REVIEW"
"PCT-CP-002:PCT-QL-117:79740","PCT-QL-117","Easy","saving","We are comparing two percentages of the saving. | In this question, 40% of the saving stands for 500 saving. | Because 40% of the saving has 40 equal 1% parts, divide 500 saving by 40. | $$1\% = 500\text{ saving} \div 40 = 12.5\text{ saving}$$ | Next, use the 1% value to find 30% of the saving. | Use the 1% value 30 times to get 30% of the saving. | $$30\% = 12.5\text{ saving} \times 30 = 375\text{ saving}$$ | Therefore, 30% of the saving represents 375 saving.","[""We are comparing two percentages of the saving."",""In this question, 40% of the saving stands for 500 saving."",""Because 40% of the saving has 40 equal 1% parts, divide 500 saving by 40. | $$1\\% = 500\\text{ saving} \\div 40 = 12.5\\text{ saving}$$"",""Next, use the 1% value to find 30% of the saving."",""Use the 1% value 30 times to get 30% of the saving. | $$30\\% = 12.5\\text{ saving} \\times 30 = 375\\text{ saving}$$"",""Therefore, 30% of the saving represents 375 saving.""]","","","PENDING_REVIEW"
"PCT-CP-002:PCT-QL-117:79762","PCT-QL-117","Medium","expenditure","We are comparing two percentages of the expenditure. | The given information is 50% of the expenditure = 100 expenditure. | Because 50% of the expenditure has 50 equal 1% parts, divide 100 expenditure by 50. | $$1\% = 100\text{ expenditure} \div 50 = 2\text{ expenditure}$$ | Our target is 20% of the expenditure. | Because 1% is known, multiply its value by 20 to get 20% of the expenditure. | $$20\% = 2\text{ expenditure} \times 20 = 40\text{ expenditure}$$ | Therefore, 20% of the expenditure represents 40 expenditure.","[""We are comparing two percentages of the expenditure."",""The given information is 50% of the expenditure = 100 expenditure."",""Because 50% of the expenditure has 50 equal 1% parts, divide 100 expenditure by 50. | $$1\\% = 100\\text{ expenditure} \\div 50 = 2\\text{ expenditure}$$"",""Our target is 20% of the expenditure."",""Because 1% is known, multiply its value by 20 to get 20% of the expenditure. | $$20\\% = 2\\text{ expenditure} \\times 20 = 40\\text{ expenditure}$$"",""Therefore, 20% of the expenditure represents 40 expenditure.""]","","","PENDING_REVIEW"
"PCT-CP-002:PCT-QL-117:79763","PCT-QL-117","Hard","income","We can see that both percentage values belong to the income. | 600 income is the value of 60% of the income. | Because 60% has 60 equal parts, dividing 600 income by 60 gives 1% of the income. | $$1\% = 600\text{ income} \div 60 = 10\text{ income}$$ | We can now move from 1% to 25% of the income. | Since 1% is one part, multiply its value by 25 to get 25% of the income. | $$25\% = 10\text{ income} \times 25 = 250\text{ income}$$ | Check: multiplying the 1% value by 60 returns 600 income. | $$10\text{ income} \times 60 = 600\text{ income}$$ | So the share of the income represented by 25% is 250 income.","[""We can see that both percentage values belong to the income."",""600 income is the value of 60% of the income."",""Because 60% has 60 equal parts, dividing 600 income by 60 gives 1% of the income. | $$1\\% = 600\\text{ income} \\div 60 = 10\\text{ income}$$"",""We can now move from 1% to 25% of the income."",""Since 1% is one part, multiply its value by 25 to get 25% of the income. | $$25\\% = 10\\text{ income} \\times 25 = 250\\text{ income}$$"",""Check: multiplying the 1% value by 60 returns 600 income. | $$10\\text{ income} \\times 60 = 600\\text{ income}$$"",""So the share of the income represented by 25% is 250 income.""]","","","PENDING_REVIEW"
"PCT-CP-002:PCT-QL-117:79765","PCT-QL-117","Medium","salary","We can see that both percentage values belong to the salary. | Here, 400 salary represents 10% of the salary. | Because 10% of the salary has 10 equal 1% parts, divide 400 salary by 10. | $$1\% = 400\text{ salary} \div 10 = 40\text{ salary}$$ | We can now move from 1% to 40% of the salary. | Because 1% is known, multiply its value by 40 to get 40% of the salary. | $$40\% = 40\text{ salary} \times 40 = 1,600\text{ salary}$$ | This means the required salary count is 1,600 salary.","[""We can see that both percentage values belong to the salary."",""Here, 400 salary represents 10% of the salary."",""Because 10% of the salary has 10 equal 1% parts, divide 400 salary by 10. | $$1\\% = 400\\text{ salary} \\div 10 = 40\\text{ salary}$$"",""We can now move from 1% to 40% of the salary."",""Because 1% is known, multiply its value by 40 to get 40% of the salary. | $$40\\% = 40\\text{ salary} \\times 40 = 1,600\\text{ salary}$$"",""This means the required salary count is 1,600 salary.""]","","","PENDING_REVIEW"
"PCT-CP-002:PCT-QL-117:79766","PCT-QL-117","Hard","income","We are working with two percentages of the income. | We know that 40% of the income is 300 income. | Because 40% has 40 equal parts, dividing 300 income by 40 gives 1% of the income. | $$1\% = 300\text{ income} \div 40 = 7.5\text{ income}$$ | Now turn the 1% value into 50% of the income. | Since 1% is one part, multiply its value by 50 to get 50% of the income. | $$50\% = 7.5\text{ income} \times 50 = 375\text{ income}$$ | This is consistent because 40 copies of the 1% value make 300 income. | $$7.5\text{ income} \times 40 = 300\text{ income}$$ | So the share of the income represented by 50% is 375 income.","[""We are working with two percentages of the income."",""We know that 40% of the income is 300 income."",""Because 40% has 40 equal parts, dividing 300 income by 40 gives 1% of the income. | $$1\\% = 300\\text{ income} \\div 40 = 7.5\\text{ income}$$"",""Now turn the 1% value into 50% of the income."",""Since 1% is one part, multiply its value by 50 to get 50% of the income. | $$50\\% = 7.5\\text{ income} \\times 50 = 375\\text{ income}$$"",""This is consistent because 40 copies of the 1% value make 300 income. | $$7.5\\text{ income} \\times 40 = 300\\text{ income}$$"",""So the share of the income represented by 50% is 375 income.""]","","","PENDING_REVIEW"
"PCT-CP-002:PCT-QL-117:79768","PCT-QL-117","Medium","expenditure","We need to move from one percentage of the expenditure to another. | In this question, 50% of the expenditure stands for 200 expenditure. | Because 50% of the expenditure has 50 equal 1% parts, divide 200 expenditure by 50. | $$1\% = 200\text{ expenditure} \div 50 = 4\text{ expenditure}$$ | The percentage we still need is 10%. | Because 1% is known, multiply its value by 10 to get 10% of the expenditure. | $$10\% = 4\text{ expenditure} \times 10 = 40\text{ expenditure}$$ | So 10% of the expenditure is 40 expenditure.","[""We need to move from one percentage of the expenditure to another."",""In this question, 50% of the expenditure stands for 200 expenditure."",""Because 50% of the expenditure has 50 equal 1% parts, divide 200 expenditure by 50. | $$1\\% = 200\\text{ expenditure} \\div 50 = 4\\text{ expenditure}$$"",""The percentage we still need is 10%."",""Because 1% is known, multiply its value by 10 to get 10% of the expenditure. | $$10\\% = 4\\text{ expenditure} \\times 10 = 40\\text{ expenditure}$$"",""So 10% of the expenditure is 40 expenditure.""]","","","PENDING_REVIEW"
"PCT-CP-002:PCT-QL-117:79770","PCT-QL-117","Easy","income","We are finding a new percentage of the income. | The question gives 25% of the income as 100 income. | Because 25% of the income has 25 equal 1% parts, divide 100 income by 25. | $$1\% = 100\text{ income} \div 25 = 4\text{ income}$$ | Next, use the 1% value to find 20% of the income. | Use the 1% value 20 times to get 20% of the income. | $$20\% = 4\text{ income} \times 20 = 80\text{ income}$$ | So 20% of the income is 80 income.","[""We are finding a new percentage of the income."",""The question gives 25% of the income as 100 income."",""Because 25% of the income has 25 equal 1% parts, divide 100 income by 25. | $$1\\% = 100\\text{ income} \\div 25 = 4\\text{ income}$$"",""Next, use the 1% value to find 20% of the income."",""Use the 1% value 20 times to get 20% of the income. | $$20\\% = 4\\text{ income} \\times 20 = 80\\text{ income}$$"",""So 20% of the income is 80 income.""]","","","PENDING_REVIEW"
"PCT-CP-002:PCT-QL-117:79771","PCT-QL-117","Medium","expenditure","We will first connect the known percentage of the expenditure with the required percentage. | The question gives 30% of the expenditure as 600 expenditure. | Because 30% of the expenditure has 30 equal 1% parts, divide 600 expenditure by 30. | $$1\% = 600\text{ expenditure} \div 30 = 20\text{ expenditure}$$ | Next, use the 1% value to find 25% of the expenditure. | Because 1% is known, multiply its value by 25 to get 25% of the expenditure. | $$25\% = 20\text{ expenditure} \times 25 = 500\text{ expenditure}$$ | So 25% of the expenditure is 500 expenditure.","[""We will first connect the known percentage of the expenditure with the required percentage."",""The question gives 30% of the expenditure as 600 expenditure."",""Because 30% of the expenditure has 30 equal 1% parts, divide 600 expenditure by 30. | $$1\\% = 600\\text{ expenditure} \\div 30 = 20\\text{ expenditure}$$"",""Next, use the 1% value to find 25% of the expenditure."",""Because 1% is known, multiply its value by 25 to get 25% of the expenditure. | $$25\\% = 20\\text{ expenditure} \\times 25 = 500\\text{ expenditure}$$"",""So 25% of the expenditure is 500 expenditure.""]","","","PENDING_REVIEW"
"PCT-CP-002:PCT-QL-117:79794","PCT-QL-117","Easy","saving","We know one percentage of the saving and need another. | 100 saving is the value of 25% of the saving. | Because 25% of the saving has 25 equal 1% parts, divide 100 saving by 25. | $$1\% = 100\text{ saving} \div 25 = 4\text{ saving}$$ | We can now move from 1% to 20% of the saving. | Use the 1% value 20 times to get 20% of the saving. | $$20\% = 4\text{ saving} \times 20 = 80\text{ saving}$$ | So the share of the saving represented by 20% is 80 saving.","[""We know one percentage of the saving and need another."",""100 saving is the value of 25% of the saving."",""Because 25% of the saving has 25 equal 1% parts, divide 100 saving by 25. | $$1\\% = 100\\text{ saving} \\div 25 = 4\\text{ saving}$$"",""We can now move from 1% to 20% of the saving."",""Use the 1% value 20 times to get 20% of the saving. | $$20\\% = 4\\text{ saving} \\times 20 = 80\\text{ saving}$$"",""So the share of the saving represented by 20% is 80 saving.""]","","","PENDING_REVIEW"
"PCT-CP-002:PCT-QL-117:79795","PCT-QL-117","Medium","salary","We are finding a new percentage of the salary. | The question gives 60% of the salary as 600 salary. | Because 60% of the salary has 60 equal 1% parts, divide 600 salary by 60. | $$1\% = 600\text{ salary} \div 60 = 10\text{ salary}$$ | Next, use the 1% value to find 25% of the salary. | Because 1% is known, multiply its value by 25 to get 25% of the salary. | $$25\% = 10\text{ salary} \times 25 = 250\text{ salary}$$ | So 25% of the salary is 250 salary.","[""We are finding a new percentage of the salary."",""The question gives 60% of the salary as 600 salary."",""Because 60% of the salary has 60 equal 1% parts, divide 600 salary by 60. | $$1\\% = 600\\text{ salary} \\div 60 = 10\\text{ salary}$$"",""Next, use the 1% value to find 25% of the salary."",""Because 1% is known, multiply its value by 25 to get 25% of the salary. | $$25\\% = 10\\text{ salary} \\times 25 = 250\\text{ salary}$$"",""So 25% of the salary is 250 salary.""]","","","PENDING_REVIEW"
"PCT-CP-002:PCT-QL-117:79797","PCT-QL-117","Easy","salary","We are working with two percentages of the salary. | We know that 10% of the salary is 400 salary. | Because 10% of the salary has 10 equal 1% parts, divide 400 salary by 10. | $$1\% = 400\text{ salary} \div 10 = 40\text{ salary}$$ | Now turn the 1% value into 40% of the salary. | Use the 1% value 40 times to get 40% of the salary. | $$40\% = 40\text{ salary} \times 40 = 1,600\text{ salary}$$ | So the share of the salary represented by 40% is 1,600 salary.","[""We are working with two percentages of the salary."",""We know that 10% of the salary is 400 salary."",""Because 10% of the salary has 10 equal 1% parts, divide 400 salary by 10. | $$1\\% = 400\\text{ salary} \\div 10 = 40\\text{ salary}$$"",""Now turn the 1% value into 40% of the salary."",""Use the 1% value 40 times to get 40% of the salary. | $$40\\% = 40\\text{ salary} \\times 40 = 1,600\\text{ salary}$$"",""So the share of the salary represented by 40% is 1,600 salary.""]","","","PENDING_REVIEW"
"PCT-CP-002:PCT-QL-117:79798","PCT-QL-117","Medium","expenditure","We are working with two percentages of the expenditure. | 300 expenditure is the value of 15% of the expenditure. | Because 15% of the expenditure has 15 equal 1% parts, divide 300 expenditure by 15. | $$1\% = 300\text{ expenditure} \div 15 = 20\text{ expenditure}$$ | The question asks for 50% of the expenditure. | Because 1% is known, multiply its value by 50 to get 50% of the expenditure. | $$50\% = 20\text{ expenditure} \times 50 = 1,000\text{ expenditure}$$ | This means the required expenditure count is 1,000 expenditure.","[""We are working with two percentages of the expenditure."",""300 expenditure is the value of 15% of the expenditure."",""Because 15% of the expenditure has 15 equal 1% parts, divide 300 expenditure by 15. | $$1\\% = 300\\text{ expenditure} \\div 15 = 20\\text{ expenditure}$$"",""The question asks for 50% of the expenditure."",""Because 1% is known, multiply its value by 50 to get 50% of the expenditure. | $$50\\% = 20\\text{ expenditure} \\times 50 = 1,000\\text{ expenditure}$$"",""This means the required expenditure count is 1,000 expenditure.""]","","","PENDING_REVIEW"
"PCT-CP-002:PCT-QL-117:79800","PCT-QL-117","Easy","income","We need to move from one percentage of the income to another. | The given information is 50% of the income = 200 income. | Because 50% of the income has 50 equal 1% parts, divide 200 income by 50. | $$1\% = 200\text{ income} \div 50 = 4\text{ income}$$ | Our target is 10% of the income. | Use the 1% value 10 times to get 10% of the income. | $$10\% = 4\text{ income} \times 10 = 40\text{ income}$$ | Therefore, 10% of the income represents 40 income.","[""We need to move from one percentage of the income to another."",""The given information is 50% of the income = 200 income."",""Because 50% of the income has 50 equal 1% parts, divide 200 income by 50. | $$1\\% = 200\\text{ income} \\div 50 = 4\\text{ income}$$"",""Our target is 10% of the income."",""Use the 1% value 10 times to get 10% of the income. | $$10\\% = 4\\text{ income} \\times 10 = 40\\text{ income}$$"",""Therefore, 10% of the income represents 40 income.""]","","","PENDING_REVIEW"
"PCT-CP-002:PCT-QL-117:79802","PCT-QL-117","Hard","income","We can use the known percentage of the income to find the required one. | We know that 80% of the income is 100 income. | Because 80% has 80 equal parts, dividing 100 income by 80 gives 1% of the income. | $$1\% = 100\text{ income} \div 80 = 1.25\text{ income}$$ | The required share is 20% of the income. | Since 1% is one part, multiply its value by 20 to get 20% of the income. | $$20\% = 1.25\text{ income} \times 20 = 25\text{ income}$$ | This is consistent because 80 copies of the 1% value make 100 income. | $$1.25\text{ income} \times 80 = 100\text{ income}$$ | This means the required income count is 25 income.","[""We can use the known percentage of the income to find the required one."",""We know that 80% of the income is 100 income."",""Because 80% has 80 equal parts, dividing 100 income by 80 gives 1% of the income. | $$1\\% = 100\\text{ income} \\div 80 = 1.25\\text{ income}$$"",""The required share is 20% of the income."",""Since 1% is one part, multiply its value by 20 to get 20% of the income. | $$20\\% = 1.25\\text{ income} \\times 20 = 25\\text{ income}$$"",""This is consistent because 80 copies of the 1% value make 100 income. | $$1.25\\text{ income} \\times 80 = 100\\text{ income}$$"",""This means the required income count is 25 income.""]","","","PENDING_REVIEW"
"PCT-CP-002:PCT-QL-117:79826","PCT-QL-117","Hard","saving","We are working with two percentages of the saving. | We know that 25% of the saving is 100 saving. | Because 25% has 25 equal parts, dividing 100 saving by 25 gives 1% of the saving. | $$1\% = 100\text{ saving} \div 25 = 4\text{ saving}$$ | The required share is 20% of the saving. | Since 1% is one part, multiply its value by 20 to get 20% of the saving. | $$20\% = 4\text{ saving} \times 20 = 80\text{ saving}$$ | This is consistent because 25 copies of the 1% value make 100 saving. | $$4\text{ saving} \times 25 = 100\text{ saving}$$ | This means the required saving count is 80 saving.","[""We are working with two percentages of the saving."",""We know that 25% of the saving is 100 saving."",""Because 25% has 25 equal parts, dividing 100 saving by 25 gives 1% of the saving. | $$1\\% = 100\\text{ saving} \\div 25 = 4\\text{ saving}$$"",""The required share is 20% of the saving."",""Since 1% is one part, multiply its value by 20 to get 20% of the saving. | $$20\\% = 4\\text{ saving} \\times 20 = 80\\text{ saving}$$"",""This is consistent because 25 copies of the 1% value make 100 saving. | $$4\\text{ saving} \\times 25 = 100\\text{ saving}$$"",""This means the required saving count is 80 saving.""]","","","PENDING_REVIEW"
"PCT-CP-002:PCT-QL-117:79827","PCT-QL-117","Easy","income","We can see that both percentage values belong to the income. | 600 income is the value of 30% of the income. | Because 30% of the income has 30 equal 1% parts, divide 600 income by 30. | $$1\% = 600\text{ income} \div 30 = 20\text{ income}$$ | The question asks for 25% of the income. | Use the 1% value 25 times to get 25% of the income. | $$25\% = 20\text{ income} \times 25 = 500\text{ income}$$ | This means the required income count is 500 income.","[""We can see that both percentage values belong to the income."",""600 income is the value of 30% of the income."",""Because 30% of the income has 30 equal 1% parts, divide 600 income by 30. | $$1\\% = 600\\text{ income} \\div 30 = 20\\text{ income}$$"",""The question asks for 25% of the income."",""Use the 1% value 25 times to get 25% of the income. | $$25\\% = 20\\text{ income} \\times 25 = 500\\text{ income}$$"",""This means the required income count is 500 income.""]","","","PENDING_REVIEW"
"PCT-CP-002:PCT-QL-117:79829","PCT-QL-117","Hard","income","We are finding a new percentage of the income. | In this question, 10% of the income stands for 400 income. | Because 10% has 10 equal parts, dividing 400 income by 10 gives 1% of the income. | $$1\% = 400\text{ income} \div 10 = 40\text{ income}$$ | Next, use the 1% value to find 40% of the income. | Since 1% is one part, multiply its value by 40 to get 40% of the income. | $$40\% = 40\text{ income} \times 40 = 1,600\text{ income}$$ | The given relation is recovered when the 1% value is multiplied by 10. | $$40\text{ income} \times 10 = 400\text{ income}$$ | Therefore, 40% of the income represents 1,600 income.","[""We are finding a new percentage of the income."",""In this question, 10% of the income stands for 400 income."",""Because 10% has 10 equal parts, dividing 400 income by 10 gives 1% of the income. | $$1\\% = 400\\text{ income} \\div 10 = 40\\text{ income}$$"",""Next, use the 1% value to find 40% of the income."",""Since 1% is one part, multiply its value by 40 to get 40% of the income. | $$40\\% = 40\\text{ income} \\times 40 = 1,600\\text{ income}$$"",""The given relation is recovered when the 1% value is multiplied by 10. | $$40\\text{ income} \\times 10 = 400\\text{ income}$$"",""Therefore, 40% of the income represents 1,600 income.""]","","","PENDING_REVIEW"
"PCT-CP-002:PCT-QL-217:25175","PCT-QL-217","Easy","income","We need to move from one percentage of the income to another. | The given information is 20% of the income = 250 income. | Because 20% of the income has 20 equal 1% parts, divide 250 income by 20. | $$1\% = 250\text{ income} \div 20 = 12.5\text{ income}$$ | Now we need 60% of the income. | Use the 1% value 60 times to get 60% of the income. | $$60\% = 12.5\text{ income} \times 60 = 750\text{ income}$$ | So 60% of the income is 750 income.","[""We need to move from one percentage of the income to another."",""The given information is 20% of the income = 250 income."",""Because 20% of the income has 20 equal 1% parts, divide 250 income by 20. | $$1\\% = 250\\text{ income} \\div 20 = 12.5\\text{ income}$$"",""Now we need 60% of the income."",""Use the 1% value 60 times to get 60% of the income. | $$60\\% = 12.5\\text{ income} \\times 60 = 750\\text{ income}$$"",""So 60% of the income is 750 income.""]","","","PENDING_REVIEW"
"PCT-CP-002:PCT-QL-217:25176","PCT-QL-217","Medium","expenditure","We are working with two percentages of the expenditure. | 200 expenditure is the value of 25% of the expenditure. | Because 25% of the expenditure has 25 equal 1% parts, divide 200 expenditure by 25. | $$1\% = 200\text{ expenditure} \div 25 = 8\text{ expenditure}$$ | The question asks for 10% of the expenditure. | Because 1% is known, multiply its value by 10 to get 10% of the expenditure. | $$10\% = 8\text{ expenditure} \times 10 = 80\text{ expenditure}$$ | This means the required expenditure count is 80 expenditure.","[""We are working with two percentages of the expenditure."",""200 expenditure is the value of 25% of the expenditure."",""Because 25% of the expenditure has 25 equal 1% parts, divide 200 expenditure by 25. | $$1\\% = 200\\text{ expenditure} \\div 25 = 8\\text{ expenditure}$$"",""The question asks for 10% of the expenditure."",""Because 1% is known, multiply its value by 10 to get 10% of the expenditure. | $$10\\% = 8\\text{ expenditure} \\times 10 = 80\\text{ expenditure}$$"",""This means the required expenditure count is 80 expenditure.""]","","","PENDING_REVIEW"
"PCT-CP-002:PCT-QL-217:25177","PCT-QL-217","Hard","salary","We are working with two percentages of the salary. | We know that 30% of the salary is 150 salary. | Because 30% has 30 equal parts, dividing 150 salary by 30 gives 1% of the salary. | $$1\% = 150\text{ salary} \div 30 = 5\text{ salary}$$ | Now turn the 1% value into 15% of the salary. | Since 1% is one part, multiply its value by 15 to get 15% of the salary. | $$15\% = 5\text{ salary} \times 15 = 75\text{ salary}$$ | This is consistent because 30 copies of the 1% value make 150 salary. | $$5\text{ salary} \times 30 = 150\text{ salary}$$ | So the share of the salary represented by 15% is 75 salary.","[""We are working with two percentages of the salary."",""We know that 30% of the salary is 150 salary."",""Because 30% has 30 equal parts, dividing 150 salary by 30 gives 1% of the salary. | $$1\\% = 150\\text{ salary} \\div 30 = 5\\text{ salary}$$"",""Now turn the 1% value into 15% of the salary."",""Since 1% is one part, multiply its value by 15 to get 15% of the salary. | $$15\\% = 5\\text{ salary} \\times 15 = 75\\text{ salary}$$"",""This is consistent because 30 copies of the 1% value make 150 salary. | $$5\\text{ salary} \\times 30 = 150\\text{ salary}$$"",""So the share of the salary represented by 15% is 75 salary.""]","","","PENDING_REVIEW"
"PCT-CP-002:PCT-QL-217:25178","PCT-QL-217","Easy","expenditure","We are working with two percentages of the expenditure. | Here, 100 expenditure represents 40% of the expenditure. | Because 40% of the expenditure has 40 equal 1% parts, divide 100 expenditure by 40. | $$1\% = 100\text{ expenditure} \div 40 = 2.5\text{ expenditure}$$ | The question asks for 20% of the expenditure. | Use the 1% value 20 times to get 20% of the expenditure. | $$20\% = 2.5\text{ expenditure} \times 20 = 50\text{ expenditure}$$ | So the share of the expenditure represented by 20% is 50 expenditure.","[""We are working with two percentages of the expenditure."",""Here, 100 expenditure represents 40% of the expenditure."",""Because 40% of the expenditure has 40 equal 1% parts, divide 100 expenditure by 40. | $$1\\% = 100\\text{ expenditure} \\div 40 = 2.5\\text{ expenditure}$$"",""The question asks for 20% of the expenditure."",""Use the 1% value 20 times to get 20% of the expenditure. | $$20\\% = 2.5\\text{ expenditure} \\times 20 = 50\\text{ expenditure}$$"",""So the share of the expenditure represented by 20% is 50 expenditure.""]","","","PENDING_REVIEW"
"PCT-CP-002:PCT-QL-217:25181","PCT-QL-217","Easy","saving","We know one percentage of the saving and need another. | Here, 400 saving represents 20% of the saving. | Because 20% of the saving has 20 equal 1% parts, divide 400 saving by 20. | $$1\% = 400\text{ saving} \div 20 = 20\text{ saving}$$ | The question asks for 40% of the saving. | Use the 1% value 40 times to get 40% of the saving. | $$40\% = 20\text{ saving} \times 40 = 800\text{ saving}$$ | So the share of the saving represented by 40% is 800 saving.","[""We know one percentage of the saving and need another."",""Here, 400 saving represents 20% of the saving."",""Because 20% of the saving has 20 equal 1% parts, divide 400 saving by 20. | $$1\\% = 400\\text{ saving} \\div 20 = 20\\text{ saving}$$"",""The question asks for 40% of the saving."",""Use the 1% value 40 times to get 40% of the saving. | $$40\\% = 20\\text{ saving} \\times 40 = 800\\text{ saving}$$"",""So the share of the saving represented by 40% is 800 saving.""]","","","PENDING_REVIEW"
"PCT-CP-002:PCT-QL-217:25182","PCT-QL-217","Medium","income","We can use the known percentage of the income to find the required one. | We know that 25% of the income is 300 income. | Because 25% of the income has 25 equal 1% parts, divide 300 income by 25. | $$1\% = 300\text{ income} \div 25 = 12\text{ income}$$ | The required share is 50% of the income. | Because 1% is known, multiply its value by 50 to get 50% of the income. | $$50\% = 12\text{ income} \times 50 = 600\text{ income}$$ | This means the required income count is 600 income.","[""We can use the known percentage of the income to find the required one."",""We know that 25% of the income is 300 income."",""Because 25% of the income has 25 equal 1% parts, divide 300 income by 25. | $$1\\% = 300\\text{ income} \\div 25 = 12\\text{ income}$$"",""The required share is 50% of the income."",""Because 1% is known, multiply its value by 50 to get 50% of the income. | $$50\\% = 12\\text{ income} \\times 50 = 600\\text{ income}$$"",""This means the required income count is 600 income.""]","","","PENDING_REVIEW"
"PCT-CP-002:PCT-QL-217:25184","PCT-QL-217","Easy","income","We are finding a new percentage of the income. | In this question, 40% of the income stands for 200 income. | Because 40% of the income has 40 equal 1% parts, divide 200 income by 40. | $$1\% = 200\text{ income} \div 40 = 5\text{ income}$$ | Next, use the 1% value to find 10% of the income. | Use the 1% value 10 times to get 10% of the income. | $$10\% = 5\text{ income} \times 10 = 50\text{ income}$$ | Therefore, 10% of the income represents 50 income.","[""We are finding a new percentage of the income."",""In this question, 40% of the income stands for 200 income."",""Because 40% of the income has 40 equal 1% parts, divide 200 income by 40. | $$1\\% = 200\\text{ income} \\div 40 = 5\\text{ income}$$"",""Next, use the 1% value to find 10% of the income."",""Use the 1% value 10 times to get 10% of the income. | $$10\\% = 5\\text{ income} \\times 10 = 50\\text{ income}$$"",""Therefore, 10% of the income represents 50 income.""]","","","PENDING_REVIEW"
"PCT-CP-002:PCT-QL-217:25206","PCT-QL-217","Medium","salary","The required percentage is the same 50% already given for the salary. | 50% of the salary is 300 salary. | There is no need to find 1% because the requested percentage is already known. | The question asks for that same 50% of the salary. | No multiplication or scaling is needed. | So 50% of the salary remains 300 salary.","[""The required percentage is the same 50% already given for the salary."",""50% of the salary is 300 salary."",""There is no need to find 1% because the requested percentage is already known."",""The question asks for that same 50% of the salary."",""No multiplication or scaling is needed."",""So 50% of the salary remains 300 salary.""]","","","PENDING_REVIEW"
"PCT-CP-002:PCT-QL-217:25208","PCT-QL-217","Easy","saving","We are comparing two percentages of the saving. | The question gives 80% of the saving as 200 saving. | Because 80% of the saving has 80 equal 1% parts, divide 200 saving by 80. | $$1\% = 200\text{ saving} \div 80 = 2.5\text{ saving}$$ | Next, use the 1% value to find 10% of the saving. | Use the 1% value 10 times to get 10% of the saving. | $$10\% = 2.5\text{ saving} \times 10 = 25\text{ saving}$$ | So 10% of the saving is 25 saving.","[""We are comparing two percentages of the saving."",""The question gives 80% of the saving as 200 saving."",""Because 80% of the saving has 80 equal 1% parts, divide 200 saving by 80. | $$1\\% = 200\\text{ saving} \\div 80 = 2.5\\text{ saving}$$"",""Next, use the 1% value to find 10% of the saving."",""Use the 1% value 10 times to get 10% of the saving. | $$10\\% = 2.5\\text{ saving} \\times 10 = 25\\text{ saving}$$"",""So 10% of the saving is 25 saving.""]","","","PENDING_REVIEW"
"PCT-CP-002:PCT-QL-217:25209","PCT-QL-217","Medium","salary","We are finding a new percentage of the salary. | The question gives 30% of the salary as 150 salary. | Because 30% of the salary has 30 equal 1% parts, divide 150 salary by 30. | $$1\% = 150\text{ salary} \div 30 = 5\text{ salary}$$ | Next, use the 1% value to find 15% of the salary. | Because 1% is known, multiply its value by 15 to get 15% of the salary. | $$15\% = 5\text{ salary} \times 15 = 75\text{ salary}$$ | So 15% of the salary is 75 salary.","[""We are finding a new percentage of the salary."",""The question gives 30% of the salary as 150 salary."",""Because 30% of the salary has 30 equal 1% parts, divide 150 salary by 30. | $$1\\% = 150\\text{ salary} \\div 30 = 5\\text{ salary}$$"",""Next, use the 1% value to find 15% of the salary."",""Because 1% is known, multiply its value by 15 to get 15% of the salary. | $$15\\% = 5\\text{ salary} \\times 15 = 75\\text{ salary}$$"",""So 15% of the salary is 75 salary.""]","","","PENDING_REVIEW"
"PCT-CP-002:PCT-QL-217:25210","PCT-QL-217","Hard","expenditure","We are comparing two percentages of the expenditure. | 40% of the expenditure equals 100 expenditure. | Because 40% has 40 equal parts, dividing 100 expenditure by 40 gives 1% of the expenditure. | $$1\% = 100\text{ expenditure} \div 40 = 2.5\text{ expenditure}$$ | Our target is 20% of the expenditure. | Since 1% is one part, multiply its value by 20 to get 20% of the expenditure. | $$20\% = 2.5\text{ expenditure} \times 20 = 50\text{ expenditure}$$ | To verify it, use the 1% value 40 times and get 100 expenditure. | $$2.5\text{ expenditure} \times 40 = 100\text{ expenditure}$$ | So 20% of the expenditure is 50 expenditure.","[""We are comparing two percentages of the expenditure."",""40% of the expenditure equals 100 expenditure."",""Because 40% has 40 equal parts, dividing 100 expenditure by 40 gives 1% of the expenditure. | $$1\\% = 100\\text{ expenditure} \\div 40 = 2.5\\text{ expenditure}$$"",""Our target is 20% of the expenditure."",""Since 1% is one part, multiply its value by 20 to get 20% of the expenditure. | $$20\\% = 2.5\\text{ expenditure} \\times 20 = 50\\text{ expenditure}$$"",""To verify it, use the 1% value 40 times and get 100 expenditure. | $$2.5\\text{ expenditure} \\times 40 = 100\\text{ expenditure}$$"",""So 20% of the expenditure is 50 expenditure.""]","","","PENDING_REVIEW"
"PCT-CP-002:PCT-QL-217:25212","PCT-QL-217","Medium","expenditure","We can see that both percentage values belong to the expenditure. | We know that 50% of the expenditure is 500 expenditure. | Because 50% of the expenditure has 50 equal 1% parts, divide 500 expenditure by 50. | $$1\% = 500\text{ expenditure} \div 50 = 10\text{ expenditure}$$ | The required share is 30% of the expenditure. | Because 1% is known, multiply its value by 30 to get 30% of the expenditure. | $$30\% = 10\text{ expenditure} \times 30 = 300\text{ expenditure}$$ | This means the required expenditure count is 300 expenditure.","[""We can see that both percentage values belong to the expenditure."",""We know that 50% of the expenditure is 500 expenditure."",""Because 50% of the expenditure has 50 equal 1% parts, divide 500 expenditure by 50. | $$1\\% = 500\\text{ expenditure} \\div 50 = 10\\text{ expenditure}$$"",""The required share is 30% of the expenditure."",""Because 1% is known, multiply its value by 30 to get 30% of the expenditure. | $$30\\% = 10\\text{ expenditure} \\times 30 = 300\\text{ expenditure}$$"",""This means the required expenditure count is 300 expenditure.""]","","","PENDING_REVIEW"
"PCT-CP-002:PCT-QL-217:25214","PCT-QL-217","Easy","income","We will first connect the known percentage of the income with the required percentage. | 25% of the income equals 300 income. | Because 25% of the income has 25 equal 1% parts, divide 300 income by 25. | $$1\% = 300\text{ income} \div 25 = 12\text{ income}$$ | Our target is 50% of the income. | Use the 1% value 50 times to get 50% of the income. | $$50\% = 12\text{ income} \times 50 = 600\text{ income}$$ | So 50% of the income is 600 income.","[""We will first connect the known percentage of the income with the required percentage."",""25% of the income equals 300 income."",""Because 25% of the income has 25 equal 1% parts, divide 300 income by 25. | $$1\\% = 300\\text{ income} \\div 25 = 12\\text{ income}$$"",""Our target is 50% of the income."",""Use the 1% value 50 times to get 50% of the income. | $$50\\% = 12\\text{ income} \\times 50 = 600\\text{ income}$$"",""So 50% of the income is 600 income.""]","","","PENDING_REVIEW"
"PCT-CP-002:PCT-QL-217:25237","PCT-QL-217","Hard","expenditure","We will first connect the known percentage of the expenditure with the required percentage. | The question gives 20% of the expenditure as 400 expenditure. | Because 20% has 20 equal parts, dividing 400 expenditure by 20 gives 1% of the expenditure. | $$1\% = 400\text{ expenditure} \div 20 = 20\text{ expenditure}$$ | Next, use the 1% value to find 40% of the expenditure. | Since 1% is one part, multiply its value by 40 to get 40% of the expenditure. | $$40\% = 20\text{ expenditure} \times 40 = 800\text{ expenditure}$$ | Going back to 20% reproduces the given 400 expenditure. | $$20\text{ expenditure} \times 20 = 400\text{ expenditure}$$ | So 40% of the expenditure is 800 expenditure.","[""We will first connect the known percentage of the expenditure with the required percentage."",""The question gives 20% of the expenditure as 400 expenditure."",""Because 20% has 20 equal parts, dividing 400 expenditure by 20 gives 1% of the expenditure. | $$1\\% = 400\\text{ expenditure} \\div 20 = 20\\text{ expenditure}$$"",""Next, use the 1% value to find 40% of the expenditure."",""Since 1% is one part, multiply its value by 40 to get 40% of the expenditure. | $$40\\% = 20\\text{ expenditure} \\times 40 = 800\\text{ expenditure}$$"",""Going back to 20% reproduces the given 400 expenditure. | $$20\\text{ expenditure} \\times 20 = 400\\text{ expenditure}$$"",""So 40% of the expenditure is 800 expenditure.""]","","","PENDING_REVIEW"
"PCT-CP-002:PCT-QL-217:25238","PCT-QL-217","Easy","saving","The required percentage is the same 50% already given for the saving. | 50% of the saving is 300 saving. | There is no need to find 1% because the requested percentage is already known. | The question asks for that same 50% of the saving. | No multiplication or scaling is needed. | So 50% of the saving remains 300 saving.","[""The required percentage is the same 50% already given for the saving."",""50% of the saving is 300 saving."",""There is no need to find 1% because the requested percentage is already known."",""The question asks for that same 50% of the saving."",""No multiplication or scaling is needed."",""So 50% of the saving remains 300 saving.""]","","","PENDING_REVIEW"
"PCT-CP-002:PCT-QL-217:25240","PCT-QL-217","Hard","saving","We will first connect the known percentage of the saving with the required percentage. | 80% of the saving equals 200 saving. | Because 80% has 80 equal parts, dividing 200 saving by 80 gives 1% of the saving. | $$1\% = 200\text{ saving} \div 80 = 2.5\text{ saving}$$ | Now we need 10% of the saving. | Since 1% is one part, multiply its value by 10 to get 10% of the saving. | $$10\% = 2.5\text{ saving} \times 10 = 25\text{ saving}$$ | To verify it, use the 1% value 80 times and get 200 saving. | $$2.5\text{ saving} \times 80 = 200\text{ saving}$$ | Therefore, 10% of the saving represents 25 saving.","[""We will first connect the known percentage of the saving with the required percentage."",""80% of the saving equals 200 saving."",""Because 80% has 80 equal parts, dividing 200 saving by 80 gives 1% of the saving. | $$1\\% = 200\\text{ saving} \\div 80 = 2.5\\text{ saving}$$"",""Now we need 10% of the saving."",""Since 1% is one part, multiply its value by 10 to get 10% of the saving. | $$10\\% = 2.5\\text{ saving} \\times 10 = 25\\text{ saving}$$"",""To verify it, use the 1% value 80 times and get 200 saving. | $$2.5\\text{ saving} \\times 80 = 200\\text{ saving}$$"",""Therefore, 10% of the saving represents 25 saving.""]","","","PENDING_REVIEW"
"PCT-CP-002:PCT-QL-217:25241","PCT-QL-217","Easy","income","We need to move from one percentage of the income to another. | The given information is 10% of the income = 150 income. | Because 10% of the income has 10 equal 1% parts, divide 150 income by 10. | $$1\% = 150\text{ income} \div 10 = 15\text{ income}$$ | Now we need 15% of the income. | Use the 1% value 15 times to get 15% of the income. | $$15\% = 15\text{ income} \times 15 = 225\text{ income}$$ | So 15% of the income is 225 income.","[""We need to move from one percentage of the income to another."",""The given information is 10% of the income = 150 income."",""Because 10% of the income has 10 equal 1% parts, divide 150 income by 10. | $$1\\% = 150\\text{ income} \\div 10 = 15\\text{ income}$$"",""Now we need 15% of the income."",""Use the 1% value 15 times to get 15% of the income. | $$15\\% = 15\\text{ income} \\times 15 = 225\\text{ income}$$"",""So 15% of the income is 225 income.""]","","","PENDING_REVIEW"
"PCT-CP-002:PCT-QL-217:25244","PCT-QL-217","Easy","saving","We will first connect the known percentage of the saving with the required percentage. | The given information is 50% of the saving = 500 saving. | Because 50% of the saving has 50 equal 1% parts, divide 500 saving by 50. | $$1\% = 500\text{ saving} \div 50 = 10\text{ saving}$$ | Our target is 30% of the saving. | Use the 1% value 30 times to get 30% of the saving. | $$30\% = 10\text{ saving} \times 30 = 300\text{ saving}$$ | Therefore, 30% of the saving represents 300 saving.","[""We will first connect the known percentage of the saving with the required percentage."",""The given information is 50% of the saving = 500 saving."",""Because 50% of the saving has 50 equal 1% parts, divide 500 saving by 50. | $$1\\% = 500\\text{ saving} \\div 50 = 10\\text{ saving}$$"",""Our target is 30% of the saving."",""Use the 1% value 30 times to get 30% of the saving. | $$30\\% = 10\\text{ saving} \\times 30 = 300\\text{ saving}$$"",""Therefore, 30% of the saving represents 300 saving.""]","","","PENDING_REVIEW"
"PCT-CP-002:PCT-QL-217:25269","PCT-QL-217","Medium","expenditure","We need to move from one percentage of the expenditure to another. | In this question, 20% of the expenditure stands for 400 expenditure. | Because 20% of the expenditure has 20 equal 1% parts, divide 400 expenditure by 20. | $$1\% = 400\text{ expenditure} \div 20 = 20\text{ expenditure}$$ | The percentage we still need is 40%. | Because 1% is known, multiply its value by 40 to get 40% of the expenditure. | $$40\% = 20\text{ expenditure} \times 40 = 800\text{ expenditure}$$ | So 40% of the expenditure is 800 expenditure.","[""We need to move from one percentage of the expenditure to another."",""In this question, 20% of the expenditure stands for 400 expenditure."",""Because 20% of the expenditure has 20 equal 1% parts, divide 400 expenditure by 20. | $$1\\% = 400\\text{ expenditure} \\div 20 = 20\\text{ expenditure}$$"",""The percentage we still need is 40%."",""Because 1% is known, multiply its value by 40 to get 40% of the expenditure. | $$40\\% = 20\\text{ expenditure} \\times 40 = 800\\text{ expenditure}$$"",""So 40% of the expenditure is 800 expenditure.""]","","","PENDING_REVIEW"
"PCT-CP-002:PCT-QL-217:25270","PCT-QL-217","Hard","salary","We can use the known percentage of the salary to find the required one. | Start with the given relation: 25% of the salary is 300 salary. | Because 25% has 25 equal parts, dividing 300 salary by 25 gives 1% of the salary. | $$1\% = 300\text{ salary} \div 25 = 12\text{ salary}$$ | The required share is 50% of the salary. | Since 1% is one part, multiply its value by 50 to get 50% of the salary. | $$50\% = 12\text{ salary} \times 50 = 600\text{ salary}$$ | A quick check gives the original 25% value, 300 salary. | $$12\text{ salary} \times 25 = 300\text{ salary}$$ | So the share of the salary represented by 50% is 600 salary.","[""We can use the known percentage of the salary to find the required one."",""Start with the given relation: 25% of the salary is 300 salary."",""Because 25% has 25 equal parts, dividing 300 salary by 25 gives 1% of the salary. | $$1\\% = 300\\text{ salary} \\div 25 = 12\\text{ salary}$$"",""The required share is 50% of the salary."",""Since 1% is one part, multiply its value by 50 to get 50% of the salary. | $$50\\% = 12\\text{ salary} \\times 50 = 600\\text{ salary}$$"",""A quick check gives the original 25% value, 300 salary. | $$12\\text{ salary} \\times 25 = 300\\text{ salary}$$"",""So the share of the salary represented by 50% is 600 salary.""]","","","PENDING_REVIEW"
"PCT-CP-002:PCT-QL-217:25272","PCT-QL-217","Medium","salary","We are comparing two percentages of the salary. | In this question, 80% of the salary stands for 200 salary. | Because 80% of the salary has 80 equal 1% parts, divide 200 salary by 80. | $$1\% = 200\text{ salary} \div 80 = 2.5\text{ salary}$$ | The percentage we still need is 10%. | Because 1% is known, multiply its value by 10 to get 10% of the salary. | $$10\% = 2.5\text{ salary} \times 10 = 25\text{ salary}$$ | So 10% of the salary is 25 salary.","[""We are comparing two percentages of the salary."",""In this question, 80% of the salary stands for 200 salary."",""Because 80% of the salary has 80 equal 1% parts, divide 200 salary by 80. | $$1\\% = 200\\text{ salary} \\div 80 = 2.5\\text{ salary}$$"",""The percentage we still need is 10%."",""Because 1% is known, multiply its value by 10 to get 10% of the salary. | $$10\\% = 2.5\\text{ salary} \\times 10 = 25\\text{ salary}$$"",""So 10% of the salary is 25 salary.""]","","","PENDING_REVIEW"
"PCT-CP-002:PCT-QL-217:25273","PCT-QL-217","Hard","income","We can use the known percentage of the income to find the required one. | We know that 10% of the income is 150 income. | Because 10% has 10 equal parts, dividing 150 income by 10 gives 1% of the income. | $$1\% = 150\text{ income} \div 10 = 15\text{ income}$$ | The required share is 15% of the income. | Since 1% is one part, multiply its value by 15 to get 15% of the income. | $$15\% = 15\text{ income} \times 15 = 225\text{ income}$$ | This is consistent because 10 copies of the 1% value make 150 income. | $$15\text{ income} \times 10 = 150\text{ income}$$ | This means the required income count is 225 income.","[""We can use the known percentage of the income to find the required one."",""We know that 10% of the income is 150 income."",""Because 10% has 10 equal parts, dividing 150 income by 10 gives 1% of the income. | $$1\\% = 150\\text{ income} \\div 10 = 15\\text{ income}$$"",""The required share is 15% of the income."",""Since 1% is one part, multiply its value by 15 to get 15% of the income. | $$15\\% = 15\\text{ income} \\times 15 = 225\\text{ income}$$"",""This is consistent because 10 copies of the 1% value make 150 income. | $$15\\text{ income} \\times 10 = 150\\text{ income}$$"",""This means the required income count is 225 income.""]","","","PENDING_REVIEW"
"PCT-CP-002:PCT-QL-217:25275","PCT-QL-217","Medium","income","We are finding a new percentage of the income. | In this question, 20% of the income stands for 600 income. | Because 20% of the income has 20 equal 1% parts, divide 600 income by 20. | $$1\% = 600\text{ income} \div 20 = 30\text{ income}$$ | Next, use the 1% value to find 25% of the income. | Because 1% is known, multiply its value by 25 to get 25% of the income. | $$25\% = 30\text{ income} \times 25 = 750\text{ income}$$ | Therefore, 25% of the income represents 750 income.","[""We are finding a new percentage of the income."",""In this question, 20% of the income stands for 600 income."",""Because 20% of the income has 20 equal 1% parts, divide 600 income by 20. | $$1\\% = 600\\text{ income} \\div 20 = 30\\text{ income}$$"",""Next, use the 1% value to find 25% of the income."",""Because 1% is known, multiply its value by 25 to get 25% of the income. | $$25\\% = 30\\text{ income} \\times 25 = 750\\text{ income}$$"",""Therefore, 25% of the income represents 750 income.""]","","","PENDING_REVIEW"
"PCT-CP-002:PCT-QL-217:25276","PCT-QL-217","Hard","expenditure","We need to move from one percentage of the expenditure to another. | In this question, 25% of the expenditure stands for 500 expenditure. | Because 25% has 25 equal parts, dividing 500 expenditure by 25 gives 1% of the expenditure. | $$1\% = 500\text{ expenditure} \div 25 = 20\text{ expenditure}$$ | Next, use the 1% value to find 30% of the expenditure. | Since 1% is one part, multiply its value by 30 to get 30% of the expenditure. | $$30\% = 20\text{ expenditure} \times 30 = 600\text{ expenditure}$$ | The given relation is recovered when the 1% value is multiplied by 25. | $$20\text{ expenditure} \times 25 = 500\text{ expenditure}$$ | Therefore, 30% of the expenditure represents 600 expenditure.","[""We need to move from one percentage of the expenditure to another."",""In this question, 25% of the expenditure stands for 500 expenditure."",""Because 25% has 25 equal parts, dividing 500 expenditure by 25 gives 1% of the expenditure. | $$1\\% = 500\\text{ expenditure} \\div 25 = 20\\text{ expenditure}$$"",""Next, use the 1% value to find 30% of the expenditure."",""Since 1% is one part, multiply its value by 30 to get 30% of the expenditure. | $$30\\% = 20\\text{ expenditure} \\times 30 = 600\\text{ expenditure}$$"",""The given relation is recovered when the 1% value is multiplied by 25. | $$20\\text{ expenditure} \\times 25 = 500\\text{ expenditure}$$"",""Therefore, 30% of the expenditure represents 600 expenditure.""]","","","PENDING_REVIEW"
"PCT-CP-002:PCT-QL-217:25300","PCT-QL-217","Hard","income","We are comparing two percentages of the income. | In this question, 50% of the income stands for 500 income. | Because 50% has 50 equal parts, dividing 500 income by 50 gives 1% of the income. | $$1\% = 500\text{ income} \div 50 = 10\text{ income}$$ | Next, use the 1% value to find 30% of the income. | Since 1% is one part, multiply its value by 30 to get 30% of the income. | $$30\% = 10\text{ income} \times 30 = 300\text{ income}$$ | The given relation is recovered when the 1% value is multiplied by 50. | $$10\text{ income} \times 50 = 500\text{ income}$$ | Therefore, 30% of the income represents 300 income.","[""We are comparing two percentages of the income."",""In this question, 50% of the income stands for 500 income."",""Because 50% has 50 equal parts, dividing 500 income by 50 gives 1% of the income. | $$1\\% = 500\\text{ income} \\div 50 = 10\\text{ income}$$"",""Next, use the 1% value to find 30% of the income."",""Since 1% is one part, multiply its value by 30 to get 30% of the income. | $$30\\% = 10\\text{ income} \\times 30 = 300\\text{ income}$$"",""The given relation is recovered when the 1% value is multiplied by 50. | $$10\\text{ income} \\times 50 = 500\\text{ income}$$"",""Therefore, 30% of the income represents 300 income.""]","","","PENDING_REVIEW"
"PCT-CP-002:PCT-QL-217:25301","PCT-QL-217","Easy","saving","We can use the known percentage of the saving to find the required one. | We know that 20% of the saving is 400 saving. | Because 20% of the saving has 20 equal 1% parts, divide 400 saving by 20. | $$1\% = 400\text{ saving} \div 20 = 20\text{ saving}$$ | The required share is 40% of the saving. | Use the 1% value 40 times to get 40% of the saving. | $$40\% = 20\text{ saving} \times 40 = 800\text{ saving}$$ | This means the required saving count is 800 saving.","[""We can use the known percentage of the saving to find the required one."",""We know that 20% of the saving is 400 saving."",""Because 20% of the saving has 20 equal 1% parts, divide 400 saving by 20. | $$1\\% = 400\\text{ saving} \\div 20 = 20\\text{ saving}$$"",""The required share is 40% of the saving."",""Use the 1% value 40 times to get 40% of the saving. | $$40\\% = 20\\text{ saving} \\times 40 = 800\\text{ saving}$$"",""This means the required saving count is 800 saving.""]","","","PENDING_REVIEW"
"PCT-CP-002:PCT-QL-217:25302","PCT-QL-217","Medium","salary","We need to move from one percentage of the salary to another. | 25% of the salary equals 300 salary. | Because 25% of the salary has 25 equal 1% parts, divide 300 salary by 25. | $$1\% = 300\text{ salary} \div 25 = 12\text{ salary}$$ | Now we need 50% of the salary. | Because 1% is known, multiply its value by 50 to get 50% of the salary. | $$50\% = 12\text{ salary} \times 50 = 600\text{ salary}$$ | Therefore, 50% of the salary represents 600 salary.","[""We need to move from one percentage of the salary to another."",""25% of the salary equals 300 salary."",""Because 25% of the salary has 25 equal 1% parts, divide 300 salary by 25. | $$1\\% = 300\\text{ salary} \\div 25 = 12\\text{ salary}$$"",""Now we need 50% of the salary."",""Because 1% is known, multiply its value by 50 to get 50% of the salary. | $$50\\% = 12\\text{ salary} \\times 50 = 600\\text{ salary}$$"",""Therefore, 50% of the salary represents 600 salary.""]","","","PENDING_REVIEW"
"PCT-CP-002:PCT-QL-217:25304","PCT-QL-217","Easy","saving","We know one percentage of the saving and need another. | Here, 200 saving represents 40% of the saving. | Because 40% of the saving has 40 equal 1% parts, divide 200 saving by 40. | $$1\% = 200\text{ saving} \div 40 = 5\text{ saving}$$ | We can now move from 1% to 10% of the saving. | Use the 1% value 10 times to get 10% of the saving. | $$10\% = 5\text{ saving} \times 10 = 50\text{ saving}$$ | This means the required saving count is 50 saving.","[""We know one percentage of the saving and need another."",""Here, 200 saving represents 40% of the saving."",""Because 40% of the saving has 40 equal 1% parts, divide 200 saving by 40. | $$1\\% = 200\\text{ saving} \\div 40 = 5\\text{ saving}$$"",""We can now move from 1% to 10% of the saving."",""Use the 1% value 10 times to get 10% of the saving. | $$10\\% = 5\\text{ saving} \\times 10 = 50\\text{ saving}$$"",""This means the required saving count is 50 saving.""]","","","PENDING_REVIEW"
"PCT-CP-002:PCT-QL-217:25305","PCT-QL-217","Medium","income","We are finding a new percentage of the income. | The question gives 45% of the income as 150 income. | Because 45% of the income has 45 equal 1% parts, divide 150 income by 45. | $$1\% = 150\text{ income} \div 45 = \approx 3.33\text{ income}$$ | The percentage we still need is 15%. | Because 1% is known, multiply its value by 15 to get 15% of the income. | $$15\% = \approx 3.33\text{ income} \times 15 = 50\text{ income}$$ | Therefore, 15% of the income represents 50 income.","[""We are finding a new percentage of the income."",""The question gives 45% of the income as 150 income."",""Because 45% of the income has 45 equal 1% parts, divide 150 income by 45. | $$1\\% = 150\\text{ income} \\div 45 = \\approx 3.33\\text{ income}$$"",""The percentage we still need is 15%."",""Because 1% is known, multiply its value by 15 to get 15% of the income. | $$15\\% = \\approx 3.33\\text{ income} \\times 15 = 50\\text{ income}$$"",""Therefore, 15% of the income represents 50 income.""]","","","PENDING_REVIEW"
"PCT-CP-002:PCT-QL-217:25307","PCT-QL-217","Easy","income","We are working with two percentages of the income. | Start with the given relation: 20% of the income is 600 income. | Because 20% of the income has 20 equal 1% parts, divide 600 income by 20. | $$1\% = 600\text{ income} \div 20 = 30\text{ income}$$ | Now turn the 1% value into 25% of the income. | Use the 1% value 25 times to get 25% of the income. | $$25\% = 30\text{ income} \times 25 = 750\text{ income}$$ | This means the required income count is 750 income.","[""We are working with two percentages of the income."",""Start with the given relation: 20% of the income is 600 income."",""Because 20% of the income has 20 equal 1% parts, divide 600 income by 20. | $$1\\% = 600\\text{ income} \\div 20 = 30\\text{ income}$$"",""Now turn the 1% value into 25% of the income."",""Use the 1% value 25 times to get 25% of the income. | $$25\\% = 30\\text{ income} \\times 25 = 750\\text{ income}$$"",""This means the required income count is 750 income.""]","","","PENDING_REVIEW"
"PCT-CP-002:PCT-QL-217:25308","PCT-QL-217","Medium","saving","We are comparing two percentages of the saving. | The question gives 25% of the saving as 500 saving. | Because 25% of the saving has 25 equal 1% parts, divide 500 saving by 25. | $$1\% = 500\text{ saving} \div 25 = 20\text{ saving}$$ | Next, use the 1% value to find 30% of the saving. | Because 1% is known, multiply its value by 30 to get 30% of the saving. | $$30\% = 20\text{ saving} \times 30 = 600\text{ saving}$$ | So 30% of the saving is 600 saving.","[""We are comparing two percentages of the saving."",""The question gives 25% of the saving as 500 saving."",""Because 25% of the saving has 25 equal 1% parts, divide 500 saving by 25. | $$1\\% = 500\\text{ saving} \\div 25 = 20\\text{ saving}$$"",""Next, use the 1% value to find 30% of the saving."",""Because 1% is known, multiply its value by 30 to get 30% of the saving. | $$30\\% = 20\\text{ saving} \\times 30 = 600\\text{ saving}$$"",""So 30% of the saving is 600 saving.""]","","","PENDING_REVIEW"
"PCT-CP-002:PCT-QL-217:25330","PCT-QL-217","Hard","income","We can see that both percentage values belong to the income. | 100 income is the value of 40% of the income. | Because 40% has 40 equal parts, dividing 100 income by 40 gives 1% of the income. | $$1\% = 100\text{ income} \div 40 = 2.5\text{ income}$$ | We can now move from 1% to 20% of the income. | Since 1% is one part, multiply its value by 20 to get 20% of the income. | $$20\% = 2.5\text{ income} \times 20 = 50\text{ income}$$ | Check: multiplying the 1% value by 40 returns 100 income. | $$2.5\text{ income} \times 40 = 100\text{ income}$$ | So the share of the income represented by 20% is 50 income.","[""We can see that both percentage values belong to the income."",""100 income is the value of 40% of the income."",""Because 40% has 40 equal parts, dividing 100 income by 40 gives 1% of the income. | $$1\\% = 100\\text{ income} \\div 40 = 2.5\\text{ income}$$"",""We can now move from 1% to 20% of the income."",""Since 1% is one part, multiply its value by 20 to get 20% of the income. | $$20\\% = 2.5\\text{ income} \\times 20 = 50\\text{ income}$$"",""Check: multiplying the 1% value by 40 returns 100 income. | $$2.5\\text{ income} \\times 40 = 100\\text{ income}$$"",""So the share of the income represented by 20% is 50 income.""]","","","PENDING_REVIEW"
"PCT-CP-002:PCT-QL-217:25332","PCT-QL-217","Medium","income","We need to move from one percentage of the income to another. | 50% of the income equals 500 income. | Because 50% of the income has 50 equal 1% parts, divide 500 income by 50. | $$1\% = 500\text{ income} \div 50 = 10\text{ income}$$ | Our target is 30% of the income. | Because 1% is known, multiply its value by 30 to get 30% of the income. | $$30\% = 10\text{ income} \times 30 = 300\text{ income}$$ | So 30% of the income is 300 income.","[""We need to move from one percentage of the income to another."",""50% of the income equals 500 income."",""Because 50% of the income has 50 equal 1% parts, divide 500 income by 50. | $$1\\% = 500\\text{ income} \\div 50 = 10\\text{ income}$$"",""Our target is 30% of the income."",""Because 1% is known, multiply its value by 30 to get 30% of the income. | $$30\\% = 10\\text{ income} \\times 30 = 300\\text{ income}$$"",""So 30% of the income is 300 income.""]","","","PENDING_REVIEW"
"PCT-CP-002:PCT-QL-217:25336","PCT-QL-217","Hard","salary","We are finding a new percentage of the salary. | The question gives 40% of the salary as 200 salary. | Because 40% has 40 equal parts, dividing 200 salary by 40 gives 1% of the salary. | $$1\% = 200\text{ salary} \div 40 = 5\text{ salary}$$ | Next, use the 1% value to find 10% of the salary. | Since 1% is one part, multiply its value by 10 to get 10% of the salary. | $$10\% = 5\text{ salary} \times 10 = 50\text{ salary}$$ | Going back to 40% reproduces the given 200 salary. | $$5\text{ salary} \times 40 = 200\text{ salary}$$ | So 10% of the salary is 50 salary.","[""We are finding a new percentage of the salary."",""The question gives 40% of the salary as 200 salary."",""Because 40% has 40 equal parts, dividing 200 salary by 40 gives 1% of the salary. | $$1\\% = 200\\text{ salary} \\div 40 = 5\\text{ salary}$$"",""Next, use the 1% value to find 10% of the salary."",""Since 1% is one part, multiply its value by 10 to get 10% of the salary. | $$10\\% = 5\\text{ salary} \\times 10 = 50\\text{ salary}$$"",""Going back to 40% reproduces the given 200 salary. | $$5\\text{ salary} \\times 40 = 200\\text{ salary}$$"",""So 10% of the salary is 50 salary.""]","","","PENDING_REVIEW"
"PCT-CP-002:PCT-QL-217:25337","PCT-QL-217","Easy","income","We will first connect the known percentage of the income with the required percentage. | The given information is 45% of the income = 150 income. | Because 45% of the income has 45 equal 1% parts, divide 150 income by 45. | $$1\% = 150\text{ income} \div 45 = \approx 3.33\text{ income}$$ | Now we need 15% of the income. | Use the 1% value 15 times to get 15% of the income. | $$15\% = \approx 3.33\text{ income} \times 15 = 50\text{ income}$$ | So 15% of the income is 50 income.","[""We will first connect the known percentage of the income with the required percentage."",""The given information is 45% of the income = 150 income."",""Because 45% of the income has 45 equal 1% parts, divide 150 income by 45. | $$1\\% = 150\\text{ income} \\div 45 = \\approx 3.33\\text{ income}$$"",""Now we need 15% of the income."",""Use the 1% value 15 times to get 15% of the income. | $$15\\% = \\approx 3.33\\text{ income} \\times 15 = 50\\text{ income}$$"",""So 15% of the income is 50 income.""]","","","PENDING_REVIEW"
"PCT-CP-002:PCT-QL-217:25338","PCT-QL-217","Medium","saving","We are finding a new percentage of the saving. | In this question, 50% of the saving stands for 100 saving. | Because 50% of the saving has 50 equal 1% parts, divide 100 saving by 50. | $$1\% = 100\text{ saving} \div 50 = 2\text{ saving}$$ | Next, use the 1% value to find 20% of the saving. | Because 1% is known, multiply its value by 20 to get 20% of the saving. | $$20\% = 2\text{ saving} \times 20 = 40\text{ saving}$$ | Therefore, 20% of the saving represents 40 saving.","[""We are finding a new percentage of the saving."",""In this question, 50% of the saving stands for 100 saving."",""Because 50% of the saving has 50 equal 1% parts, divide 100 saving by 50. | $$1\\% = 100\\text{ saving} \\div 50 = 2\\text{ saving}$$"",""Next, use the 1% value to find 20% of the saving."",""Because 1% is known, multiply its value by 20 to get 20% of the saving. | $$20\\% = 2\\text{ saving} \\times 20 = 40\\text{ saving}$$"",""Therefore, 20% of the saving represents 40 saving.""]","","","PENDING_REVIEW"
"PCT-CP-002:PCT-QL-217:25339","PCT-QL-217","Hard","expenditure","We are finding a new percentage of the expenditure. | The given information is 60% of the expenditure = 600 expenditure. | Because 60% has 60 equal parts, dividing 600 expenditure by 60 gives 1% of the expenditure. | $$1\% = 600\text{ expenditure} \div 60 = 10\text{ expenditure}$$ | Now we need 25% of the expenditure. | Since 1% is one part, multiply its value by 25 to get 25% of the expenditure. | $$25\% = 10\text{ expenditure} \times 25 = 250\text{ expenditure}$$ | As a check, the 1% value used 60 times gives 600 expenditure. | $$10\text{ expenditure} \times 60 = 600\text{ expenditure}$$ | So 25% of the expenditure is 250 expenditure.","[""We are finding a new percentage of the expenditure."",""The given information is 60% of the expenditure = 600 expenditure."",""Because 60% has 60 equal parts, dividing 600 expenditure by 60 gives 1% of the expenditure. | $$1\\% = 600\\text{ expenditure} \\div 60 = 10\\text{ expenditure}$$"",""Now we need 25% of the expenditure."",""Since 1% is one part, multiply its value by 25 to get 25% of the expenditure. | $$25\\% = 10\\text{ expenditure} \\times 25 = 250\\text{ expenditure}$$"",""As a check, the 1% value used 60 times gives 600 expenditure. | $$10\\text{ expenditure} \\times 60 = 600\\text{ expenditure}$$"",""So 25% of the expenditure is 250 expenditure.""]","","","PENDING_REVIEW"
"PCT-CP-002:PCT-QL-217:25361","PCT-QL-217","Easy","salary","We need to move from one percentage of the salary to another. | 10% of the salary equals 150 salary. | Because 10% of the salary has 10 equal 1% parts, divide 150 salary by 10. | $$1\% = 150\text{ salary} \div 10 = 15\text{ salary}$$ | Now we need 15% of the salary. | Use the 1% value 15 times to get 15% of the salary. | $$15\% = 15\text{ salary} \times 15 = 225\text{ salary}$$ | Therefore, 15% of the salary represents 225 salary.","[""We need to move from one percentage of the salary to another."",""10% of the salary equals 150 salary."",""Because 10% of the salary has 10 equal 1% parts, divide 150 salary by 10. | $$1\\% = 150\\text{ salary} \\div 10 = 15\\text{ salary}$$"",""Now we need 15% of the salary."",""Use the 1% value 15 times to get 15% of the salary. | $$15\\% = 15\\text{ salary} \\times 15 = 225\\text{ salary}$$"",""Therefore, 15% of the salary represents 225 salary.""]","","","PENDING_REVIEW"
"PCT-CP-002:PCT-QL-217:25363","PCT-QL-217","Hard","saving","We are finding a new percentage of the saving. | In this question, 20% of the saving stands for 600 saving. | Because 20% has 20 equal parts, dividing 600 saving by 20 gives 1% of the saving. | $$1\% = 600\text{ saving} \div 20 = 30\text{ saving}$$ | The percentage we still need is 25%. | Since 1% is one part, multiply its value by 25 to get 25% of the saving. | $$25\% = 30\text{ saving} \times 25 = 750\text{ saving}$$ | The given relation is recovered when the 1% value is multiplied by 20. | $$30\text{ saving} \times 20 = 600\text{ saving}$$ | So 25% of the saving is 750 saving.","[""We are finding a new percentage of the saving."",""In this question, 20% of the saving stands for 600 saving."",""Because 20% has 20 equal parts, dividing 600 saving by 20 gives 1% of the saving. | $$1\\% = 600\\text{ saving} \\div 20 = 30\\text{ saving}$$"",""The percentage we still need is 25%."",""Since 1% is one part, multiply its value by 25 to get 25% of the saving. | $$25\\% = 30\\text{ saving} \\times 25 = 750\\text{ saving}$$"",""The given relation is recovered when the 1% value is multiplied by 20. | $$30\\text{ saving} \\times 20 = 600\\text{ saving}$$"",""So 25% of the saving is 750 saving.""]","","","PENDING_REVIEW"
"PCT-CP-002:PCT-QL-217:25364","PCT-QL-217","Easy","income","We need to move from one percentage of the income to another. | 50% of the income equals 500 income. | Because 50% of the income has 50 equal 1% parts, divide 500 income by 50. | $$1\% = 500\text{ income} \div 50 = 10\text{ income}$$ | Our target is 30% of the income. | Use the 1% value 30 times to get 30% of the income. | $$30\% = 10\text{ income} \times 30 = 300\text{ income}$$ | So 30% of the income is 300 income.","[""We need to move from one percentage of the income to another."",""50% of the income equals 500 income."",""Because 50% of the income has 50 equal 1% parts, divide 500 income by 50. | $$1\\% = 500\\text{ income} \\div 50 = 10\\text{ income}$$"",""Our target is 30% of the income."",""Use the 1% value 30 times to get 30% of the income. | $$30\\% = 10\\text{ income} \\times 30 = 300\\text{ income}$$"",""So 30% of the income is 300 income.""]","","","PENDING_REVIEW"
"PCT-CP-002:PCT-QL-317:38010","PCT-QL-317","Hard","salary","We know one percentage of the salary and need another. | Here, 100 salary represents 25% of the salary. | Because 25% has 25 equal parts, dividing 100 salary by 25 gives 1% of the salary. | $$1\% = 100\text{ salary} \div 25 = 4\text{ salary}$$ | The question asks for 20% of the salary. | Since 1% is one part, multiply its value by 20 to get 20% of the salary. | $$20\% = 4\text{ salary} \times 20 = 80\text{ salary}$$ | The check agrees with the question: 25% gives 100 salary. | $$4\text{ salary} \times 25 = 100\text{ salary}$$ | So the share of the salary represented by 20% is 80 salary.","[""We know one percentage of the salary and need another."",""Here, 100 salary represents 25% of the salary."",""Because 25% has 25 equal parts, dividing 100 salary by 25 gives 1% of the salary. | $$1\\% = 100\\text{ salary} \\div 25 = 4\\text{ salary}$$"",""The question asks for 20% of the salary."",""Since 1% is one part, multiply its value by 20 to get 20% of the salary. | $$20\\% = 4\\text{ salary} \\times 20 = 80\\text{ salary}$$"",""The check agrees with the question: 25% gives 100 salary. | $$4\\text{ salary} \\times 25 = 100\\text{ salary}$$"",""So the share of the salary represented by 20% is 80 salary.""]","","","PENDING_REVIEW"
"PCT-CP-002:PCT-QL-317:38011","PCT-QL-317","Easy","expenditure","We need to move from one percentage of the expenditure to another. | The question gives 60% of the expenditure as 600 expenditure. | Because 60% of the expenditure has 60 equal 1% parts, divide 600 expenditure by 60. | $$1\% = 600\text{ expenditure} \div 60 = 10\text{ expenditure}$$ | The percentage we still need is 25%. | Use the 1% value 25 times to get 25% of the expenditure. | $$25\% = 10\text{ expenditure} \times 25 = 250\text{ expenditure}$$ | Therefore, 25% of the expenditure represents 250 expenditure.","[""We need to move from one percentage of the expenditure to another."",""The question gives 60% of the expenditure as 600 expenditure."",""Because 60% of the expenditure has 60 equal 1% parts, divide 600 expenditure by 60. | $$1\\% = 600\\text{ expenditure} \\div 60 = 10\\text{ expenditure}$$"",""The percentage we still need is 25%."",""Use the 1% value 25 times to get 25% of the expenditure. | $$25\\% = 10\\text{ expenditure} \\times 25 = 250\\text{ expenditure}$$"",""Therefore, 25% of the expenditure represents 250 expenditure.""]","","","PENDING_REVIEW"
"PCT-CP-002:PCT-QL-317:38013","PCT-QL-317","Hard","expenditure","We will first connect the known percentage of the expenditure with the required percentage. | The question gives 10% of the expenditure as 400 expenditure. | Because 10% has 10 equal parts, dividing 400 expenditure by 10 gives 1% of the expenditure. | $$1\% = 400\text{ expenditure} \div 10 = 40\text{ expenditure}$$ | The percentage we still need is 40%. | Since 1% is one part, multiply its value by 40 to get 40% of the expenditure. | $$40\% = 40\text{ expenditure} \times 40 = 1,600\text{ expenditure}$$ | Going back to 10% reproduces the given 400 expenditure. | $$40\text{ expenditure} \times 10 = 400\text{ expenditure}$$ | Therefore, 40% of the expenditure represents 1,600 expenditure.","[""We will first connect the known percentage of the expenditure with the required percentage."",""The question gives 10% of the expenditure as 400 expenditure."",""Because 10% has 10 equal parts, dividing 400 expenditure by 10 gives 1% of the expenditure. | $$1\\% = 400\\text{ expenditure} \\div 10 = 40\\text{ expenditure}$$"",""The percentage we still need is 40%."",""Since 1% is one part, multiply its value by 40 to get 40% of the expenditure. | $$40\\% = 40\\text{ expenditure} \\times 40 = 1,600\\text{ expenditure}$$"",""Going back to 10% reproduces the given 400 expenditure. | $$40\\text{ expenditure} \\times 10 = 400\\text{ expenditure}$$"",""Therefore, 40% of the expenditure represents 1,600 expenditure.""]","","","PENDING_REVIEW"
"PCT-CP-002:PCT-QL-317:38014","PCT-QL-317","Easy","saving","We can use the known percentage of the saving to find the required one. | We know that 15% of the saving is 300 saving. | Because 15% of the saving has 15 equal 1% parts, divide 300 saving by 15. | $$1\% = 300\text{ saving} \div 15 = 20\text{ saving}$$ | The required share is 50% of the saving. | Use the 1% value 50 times to get 50% of the saving. | $$50\% = 20\text{ saving} \times 50 = 1,000\text{ saving}$$ | This means the required saving count is 1,000 saving.","[""We can use the known percentage of the saving to find the required one."",""We know that 15% of the saving is 300 saving."",""Because 15% of the saving has 15 equal 1% parts, divide 300 saving by 15. | $$1\\% = 300\\text{ saving} \\div 15 = 20\\text{ saving}$$"",""The required share is 50% of the saving."",""Use the 1% value 50 times to get 50% of the saving. | $$50\\% = 20\\text{ saving} \\times 50 = 1,000\\text{ saving}$$"",""This means the required saving count is 1,000 saving.""]","","","PENDING_REVIEW"
"PCT-CP-002:PCT-QL-317:38015","PCT-QL-317","Medium","income","We can see that both percentage values belong to the income. | 250 income is the value of 20% of the income. | Because 20% of the income has 20 equal 1% parts, divide 250 income by 20. | $$1\% = 250\text{ income} \div 20 = 12.5\text{ income}$$ | We can now move from 1% to 60% of the income. | Because 1% is known, multiply its value by 60 to get 60% of the income. | $$60\% = 12.5\text{ income} \times 60 = 750\text{ income}$$ | So the share of the income represented by 60% is 750 income.","[""We can see that both percentage values belong to the income."",""250 income is the value of 20% of the income."",""Because 20% of the income has 20 equal 1% parts, divide 250 income by 20. | $$1\\% = 250\\text{ income} \\div 20 = 12.5\\text{ income}$$"",""We can now move from 1% to 60% of the income."",""Because 1% is known, multiply its value by 60 to get 60% of the income. | $$60\\% = 12.5\\text{ income} \\times 60 = 750\\text{ income}$$"",""So the share of the income represented by 60% is 750 income.""]","","","PENDING_REVIEW"
"PCT-CP-002:PCT-QL-317:38016","PCT-QL-317","Hard","saving","We can use the known percentage of the saving to find the required one. | We know that 50% of the saving is 200 saving. | Because 50% has 50 equal parts, dividing 200 saving by 50 gives 1% of the saving. | $$1\% = 200\text{ saving} \div 50 = 4\text{ saving}$$ | The required share is 10% of the saving. | Since 1% is one part, multiply its value by 10 to get 10% of the saving. | $$10\% = 4\text{ saving} \times 10 = 40\text{ saving}$$ | This is consistent because 50 copies of the 1% value make 200 saving. | $$4\text{ saving} \times 50 = 200\text{ saving}$$ | This means the required saving count is 40 saving.","[""We can use the known percentage of the saving to find the required one."",""We know that 50% of the saving is 200 saving."",""Because 50% has 50 equal parts, dividing 200 saving by 50 gives 1% of the saving. | $$1\\% = 200\\text{ saving} \\div 50 = 4\\text{ saving}$$"",""The required share is 10% of the saving."",""Since 1% is one part, multiply its value by 10 to get 10% of the saving. | $$10\\% = 4\\text{ saving} \\times 10 = 40\\text{ saving}$$"",""This is consistent because 50 copies of the 1% value make 200 saving. | $$4\\text{ saving} \\times 50 = 200\\text{ saving}$$"",""This means the required saving count is 40 saving.""]","","","PENDING_REVIEW"
"PCT-CP-002:PCT-QL-317:38042","PCT-QL-317","Medium","income","We will first connect the known percentage of the income with the required percentage. | The given information is 25% of the income = 100 income. | Because 25% of the income has 25 equal 1% parts, divide 100 income by 25. | $$1\% = 100\text{ income} \div 25 = 4\text{ income}$$ | Our target is 20% of the income. | Because 1% is known, multiply its value by 20 to get 20% of the income. | $$20\% = 4\text{ income} \times 20 = 80\text{ income}$$ | Therefore, 20% of the income represents 80 income.","[""We will first connect the known percentage of the income with the required percentage."",""The given information is 25% of the income = 100 income."",""Because 25% of the income has 25 equal 1% parts, divide 100 income by 25. | $$1\\% = 100\\text{ income} \\div 25 = 4\\text{ income}$$"",""Our target is 20% of the income."",""Because 1% is known, multiply its value by 20 to get 20% of the income. | $$20\\% = 4\\text{ income} \\times 20 = 80\\text{ income}$$"",""Therefore, 20% of the income represents 80 income.""]","","","PENDING_REVIEW"
"PCT-CP-002:PCT-QL-317:38043","PCT-QL-317","Hard","expenditure","We will first connect the known percentage of the expenditure with the required percentage. | The question gives 30% of the expenditure as 600 expenditure. | Because 30% has 30 equal parts, dividing 600 expenditure by 30 gives 1% of the expenditure. | $$1\% = 600\text{ expenditure} \div 30 = 20\text{ expenditure}$$ | Next, use the 1% value to find 25% of the expenditure. | Since 1% is one part, multiply its value by 25 to get 25% of the expenditure. | $$25\% = 20\text{ expenditure} \times 25 = 500\text{ expenditure}$$ | Going back to 30% reproduces the given 600 expenditure. | $$20\text{ expenditure} \times 30 = 600\text{ expenditure}$$ | So 25% of the expenditure is 500 expenditure.","[""We will first connect the known percentage of the expenditure with the required percentage."",""The question gives 30% of the expenditure as 600 expenditure."",""Because 30% has 30 equal parts, dividing 600 expenditure by 30 gives 1% of the expenditure. | $$1\\% = 600\\text{ expenditure} \\div 30 = 20\\text{ expenditure}$$"",""Next, use the 1% value to find 25% of the expenditure."",""Since 1% is one part, multiply its value by 25 to get 25% of the expenditure. | $$25\\% = 20\\text{ expenditure} \\times 25 = 500\\text{ expenditure}$$"",""Going back to 30% reproduces the given 600 expenditure. | $$20\\text{ expenditure} \\times 30 = 600\\text{ expenditure}$$"",""So 25% of the expenditure is 500 expenditure.""]","","","PENDING_REVIEW"
"PCT-CP-002:PCT-QL-317:38044","PCT-QL-317","Easy","salary","We need to move from one percentage of the salary to another. | The given information is 40% of the salary = 500 salary. | Because 40% of the salary has 40 equal 1% parts, divide 500 salary by 40. | $$1\% = 500\text{ salary} \div 40 = 12.5\text{ salary}$$ | Now we need 30% of the salary. | Use the 1% value 30 times to get 30% of the salary. | $$30\% = 12.5\text{ salary} \times 30 = 375\text{ salary}$$ | So 30% of the salary is 375 salary.","[""We need to move from one percentage of the salary to another."",""The given information is 40% of the salary = 500 salary."",""Because 40% of the salary has 40 equal 1% parts, divide 500 salary by 40. | $$1\\% = 500\\text{ salary} \\div 40 = 12.5\\text{ salary}$$"",""Now we need 30% of the salary."",""Use the 1% value 30 times to get 30% of the salary. | $$30\\% = 12.5\\text{ salary} \\times 30 = 375\\text{ salary}$$"",""So 30% of the salary is 375 salary.""]","","","PENDING_REVIEW"
"PCT-CP-002:PCT-QL-317:38045","PCT-QL-317","Medium","expenditure","We will first connect the known percentage of the expenditure with the required percentage. | The question gives 10% of the expenditure as 400 expenditure. | Because 10% of the expenditure has 10 equal 1% parts, divide 400 expenditure by 10. | $$1\% = 400\text{ expenditure} \div 10 = 40\text{ expenditure}$$ | The percentage we still need is 40%. | Because 1% is known, multiply its value by 40 to get 40% of the expenditure. | $$40\% = 40\text{ expenditure} \times 40 = 1,600\text{ expenditure}$$ | Therefore, 40% of the expenditure represents 1,600 expenditure.","[""We will first connect the known percentage of the expenditure with the required percentage."",""The question gives 10% of the expenditure as 400 expenditure."",""Because 10% of the expenditure has 10 equal 1% parts, divide 400 expenditure by 10. | $$1\\% = 400\\text{ expenditure} \\div 10 = 40\\text{ expenditure}$$"",""The percentage we still need is 40%."",""Because 1% is known, multiply its value by 40 to get 40% of the expenditure. | $$40\\% = 40\\text{ expenditure} \\times 40 = 1,600\\text{ expenditure}$$"",""Therefore, 40% of the expenditure represents 1,600 expenditure.""]","","","PENDING_REVIEW"
"PCT-CP-002:PCT-QL-317:38046","PCT-QL-317","Hard","salary","We need to move from one percentage of the salary to another. | 15% of the salary equals 300 salary. | Because 15% has 15 equal parts, dividing 300 salary by 15 gives 1% of the salary. | $$1\% = 300\text{ salary} \div 15 = 20\text{ salary}$$ | Our target is 50% of the salary. | Since 1% is one part, multiply its value by 50 to get 50% of the salary. | $$50\% = 20\text{ salary} \times 50 = 1,000\text{ salary}$$ | To verify it, use the 1% value 15 times and get 300 salary. | $$20\text{ salary} \times 15 = 300\text{ salary}$$ | So 50% of the salary is 1,000 salary.","[""We need to move from one percentage of the salary to another."",""15% of the salary equals 300 salary."",""Because 15% has 15 equal parts, dividing 300 salary by 15 gives 1% of the salary. | $$1\\% = 300\\text{ salary} \\div 15 = 20\\text{ salary}$$"",""Our target is 50% of the salary."",""Since 1% is one part, multiply its value by 50 to get 50% of the salary. | $$50\\% = 20\\text{ salary} \\times 50 = 1,000\\text{ salary}$$"",""To verify it, use the 1% value 15 times and get 300 salary. | $$20\\text{ salary} \\times 15 = 300\\text{ salary}$$"",""So 50% of the salary is 1,000 salary.""]","","","PENDING_REVIEW"
"PCT-CP-002:PCT-QL-317:38047","PCT-QL-317","Easy","expenditure","We can see that both percentage values belong to the expenditure. | Start with the given relation: 20% of the expenditure is 250 expenditure. | Because 20% of the expenditure has 20 equal 1% parts, divide 250 expenditure by 20. | $$1\% = 250\text{ expenditure} \div 20 = 12.5\text{ expenditure}$$ | Now turn the 1% value into 60% of the expenditure. | Use the 1% value 60 times to get 60% of the expenditure. | $$60\% = 12.5\text{ expenditure} \times 60 = 750\text{ expenditure}$$ | This means the required expenditure count is 750 expenditure.","[""We can see that both percentage values belong to the expenditure."",""Start with the given relation: 20% of the expenditure is 250 expenditure."",""Because 20% of the expenditure has 20 equal 1% parts, divide 250 expenditure by 20. | $$1\\% = 250\\text{ expenditure} \\div 20 = 12.5\\text{ expenditure}$$"",""Now turn the 1% value into 60% of the expenditure."",""Use the 1% value 60 times to get 60% of the expenditure. | $$60\\% = 12.5\\text{ expenditure} \\times 60 = 750\\text{ expenditure}$$"",""This means the required expenditure count is 750 expenditure.""]","","","PENDING_REVIEW"
"PCT-CP-002:PCT-QL-317:38048","PCT-QL-317","Medium","saving","We are working with two percentages of the saving. | We know that 25% of the saving is 200 saving. | Because 25% of the saving has 25 equal 1% parts, divide 200 saving by 25. | $$1\% = 200\text{ saving} \div 25 = 8\text{ saving}$$ | The required share is 10% of the saving. | Because 1% is known, multiply its value by 10 to get 10% of the saving. | $$10\% = 8\text{ saving} \times 10 = 80\text{ saving}$$ | This means the required saving count is 80 saving.","[""We are working with two percentages of the saving."",""We know that 25% of the saving is 200 saving."",""Because 25% of the saving has 25 equal 1% parts, divide 200 saving by 25. | $$1\\% = 200\\text{ saving} \\div 25 = 8\\text{ saving}$$"",""The required share is 10% of the saving."",""Because 1% is known, multiply its value by 10 to get 10% of the saving. | $$10\\% = 8\\text{ saving} \\times 10 = 80\\text{ saving}$$"",""This means the required saving count is 80 saving.""]","","","PENDING_REVIEW"
"PCT-CP-002:PCT-QL-317:38070","PCT-QL-317","Hard","expenditure","We are finding a new percentage of the expenditure. | The given information is 40% of the expenditure = 300 expenditure. | Because 40% has 40 equal parts, dividing 300 expenditure by 40 gives 1% of the expenditure. | $$1\% = 300\text{ expenditure} \div 40 = 7.5\text{ expenditure}$$ | Our target is 50% of the expenditure. | Since 1% is one part, multiply its value by 50 to get 50% of the expenditure. | $$50\% = 7.5\text{ expenditure} \times 50 = 375\text{ expenditure}$$ | As a check, the 1% value used 40 times gives 300 expenditure. | $$7.5\text{ expenditure} \times 40 = 300\text{ expenditure}$$ | Therefore, 50% of the expenditure represents 375 expenditure.","[""We are finding a new percentage of the expenditure."",""The given information is 40% of the expenditure = 300 expenditure."",""Because 40% has 40 equal parts, dividing 300 expenditure by 40 gives 1% of the expenditure. | $$1\\% = 300\\text{ expenditure} \\div 40 = 7.5\\text{ expenditure}$$"",""Our target is 50% of the expenditure."",""Since 1% is one part, multiply its value by 50 to get 50% of the expenditure. | $$50\\% = 7.5\\text{ expenditure} \\times 50 = 375\\text{ expenditure}$$"",""As a check, the 1% value used 40 times gives 300 expenditure. | $$7.5\\text{ expenditure} \\times 40 = 300\\text{ expenditure}$$"",""Therefore, 50% of the expenditure represents 375 expenditure.""]","","","PENDING_REVIEW"
"PCT-CP-002:PCT-QL-317:38072","PCT-QL-317","Medium","income","We know one percentage of the income and need another. | Here, 200 income represents 50% of the income. | Because 50% of the income has 50 equal 1% parts, divide 200 income by 50. | $$1\% = 200\text{ income} \div 50 = 4\text{ income}$$ | We can now move from 1% to 10% of the income. | Because 1% is known, multiply its value by 10 to get 10% of the income. | $$10\% = 4\text{ income} \times 10 = 40\text{ income}$$ | This means the required income count is 40 income.","[""We know one percentage of the income and need another."",""Here, 200 income represents 50% of the income."",""Because 50% of the income has 50 equal 1% parts, divide 200 income by 50. | $$1\\% = 200\\text{ income} \\div 50 = 4\\text{ income}$$"",""We can now move from 1% to 10% of the income."",""Because 1% is known, multiply its value by 10 to get 10% of the income. | $$10\\% = 4\\text{ income} \\times 10 = 40\\text{ income}$$"",""This means the required income count is 40 income.""]","","","PENDING_REVIEW"
"PCT-CP-002:PCT-QL-317:38074","PCT-QL-317","Easy","income","We need to move from one percentage of the income to another. | 25% of the income equals 100 income. | Because 25% of the income has 25 equal 1% parts, divide 100 income by 25. | $$1\% = 100\text{ income} \div 25 = 4\text{ income}$$ | Now we need 20% of the income. | Use the 1% value 20 times to get 20% of the income. | $$20\% = 4\text{ income} \times 20 = 80\text{ income}$$ | Therefore, 20% of the income represents 80 income.","[""We need to move from one percentage of the income to another."",""25% of the income equals 100 income."",""Because 25% of the income has 25 equal 1% parts, divide 100 income by 25. | $$1\\% = 100\\text{ income} \\div 25 = 4\\text{ income}$$"",""Now we need 20% of the income."",""Use the 1% value 20 times to get 20% of the income. | $$20\\% = 4\\text{ income} \\times 20 = 80\\text{ income}$$"",""Therefore, 20% of the income represents 80 income.""]","","","PENDING_REVIEW"
"PCT-CP-002:PCT-QL-317:38075","PCT-QL-317","Medium","saving","We know one percentage of the saving and need another. | Here, 600 saving represents 30% of the saving. | Because 30% of the saving has 30 equal 1% parts, divide 600 saving by 30. | $$1\% = 600\text{ saving} \div 30 = 20\text{ saving}$$ | The question asks for 25% of the saving. | Because 1% is known, multiply its value by 25 to get 25% of the saving. | $$25\% = 20\text{ saving} \times 25 = 500\text{ saving}$$ | So the share of the saving represented by 25% is 500 saving.","[""We know one percentage of the saving and need another."",""Here, 600 saving represents 30% of the saving."",""Because 30% of the saving has 30 equal 1% parts, divide 600 saving by 30. | $$1\\% = 600\\text{ saving} \\div 30 = 20\\text{ saving}$$"",""The question asks for 25% of the saving."",""Because 1% is known, multiply its value by 25 to get 25% of the saving. | $$25\\% = 20\\text{ saving} \\times 25 = 500\\text{ saving}$$"",""So the share of the saving represented by 25% is 500 saving.""]","","","PENDING_REVIEW"
"PCT-CP-002:PCT-QL-317:38076","PCT-QL-317","Hard","salary","We can use the known percentage of the salary to find the required one. | We know that 40% of the salary is 500 salary. | Because 40% has 40 equal parts, dividing 500 salary by 40 gives 1% of the salary. | $$1\% = 500\text{ salary} \div 40 = 12.5\text{ salary}$$ | The required share is 30% of the salary. | Since 1% is one part, multiply its value by 30 to get 30% of the salary. | $$30\% = 12.5\text{ salary} \times 30 = 375\text{ salary}$$ | This is consistent because 40 copies of the 1% value make 500 salary. | $$12.5\text{ salary} \times 40 = 500\text{ salary}$$ | This means the required salary count is 375 salary.","[""We can use the known percentage of the salary to find the required one."",""We know that 40% of the salary is 500 salary."",""Because 40% has 40 equal parts, dividing 500 salary by 40 gives 1% of the salary. | $$1\\% = 500\\text{ salary} \\div 40 = 12.5\\text{ salary}$$"",""The required share is 30% of the salary."",""Since 1% is one part, multiply its value by 30 to get 30% of the salary. | $$30\\% = 12.5\\text{ salary} \\times 30 = 375\\text{ salary}$$"",""This is consistent because 40 copies of the 1% value make 500 salary. | $$12.5\\text{ salary} \\times 40 = 500\\text{ salary}$$"",""This means the required salary count is 375 salary.""]","","","PENDING_REVIEW"
"PCT-CP-002:PCT-QL-317:38078","PCT-QL-317","Medium","salary","The required percentage is the same 50% already given for the salary. | 50% of the salary is 300 salary. | There is no need to find 1% because the requested percentage is already known. | The question asks for that same 50% of the salary. | No multiplication or scaling is needed. | So 50% of the salary remains 300 salary.","[""The required percentage is the same 50% already given for the salary."",""50% of the salary is 300 salary."",""There is no need to find 1% because the requested percentage is already known."",""The question asks for that same 50% of the salary."",""No multiplication or scaling is needed."",""So 50% of the salary remains 300 salary.""]","","","PENDING_REVIEW"
"PCT-CP-002:PCT-QL-317:38079","PCT-QL-317","Hard","expenditure","We are comparing two percentages of the expenditure. | 20% of the expenditure equals 250 expenditure. | Because 20% has 20 equal parts, dividing 250 expenditure by 20 gives 1% of the expenditure. | $$1\% = 250\text{ expenditure} \div 20 = 12.5\text{ expenditure}$$ | Our target is 60% of the expenditure. | Since 1% is one part, multiply its value by 60 to get 60% of the expenditure. | $$60\% = 12.5\text{ expenditure} \times 60 = 750\text{ expenditure}$$ | To verify it, use the 1% value 20 times and get 250 expenditure. | $$12.5\text{ expenditure} \times 20 = 250\text{ expenditure}$$ | So 60% of the expenditure is 750 expenditure.","[""We are comparing two percentages of the expenditure."",""20% of the expenditure equals 250 expenditure."",""Because 20% has 20 equal parts, dividing 250 expenditure by 20 gives 1% of the expenditure. | $$1\\% = 250\\text{ expenditure} \\div 20 = 12.5\\text{ expenditure}$$"",""Our target is 60% of the expenditure."",""Since 1% is one part, multiply its value by 60 to get 60% of the expenditure. | $$60\\% = 12.5\\text{ expenditure} \\times 60 = 750\\text{ expenditure}$$"",""To verify it, use the 1% value 20 times and get 250 expenditure. | $$12.5\\text{ expenditure} \\times 20 = 250\\text{ expenditure}$$"",""So 60% of the expenditure is 750 expenditure.""]","","","PENDING_REVIEW"
"PCT-CP-002:PCT-QL-317:38101","PCT-QL-317","Easy","income","We need to move from one percentage of the income to another. | The given information is 10% of the income = 400 income. | Because 10% of the income has 10 equal 1% parts, divide 400 income by 10. | $$1\% = 400\text{ income} \div 10 = 40\text{ income}$$ | Now we need 40% of the income. | Use the 1% value 40 times to get 40% of the income. | $$40\% = 40\text{ income} \times 40 = 1,600\text{ income}$$ | So 40% of the income is 1,600 income.","[""We need to move from one percentage of the income to another."",""The given information is 10% of the income = 400 income."",""Because 10% of the income has 10 equal 1% parts, divide 400 income by 10. | $$1\\% = 400\\text{ income} \\div 10 = 40\\text{ income}$$"",""Now we need 40% of the income."",""Use the 1% value 40 times to get 40% of the income. | $$40\\% = 40\\text{ income} \\times 40 = 1,600\\text{ income}$$"",""So 40% of the income is 1,600 income.""]","","","PENDING_REVIEW"
"PCT-CP-002:PCT-QL-317:38102","PCT-QL-317","Medium","expenditure","We know one percentage of the expenditure and need another. | Start with the given relation: 15% of the expenditure is 300 expenditure. | Because 15% of the expenditure has 15 equal 1% parts, divide 300 expenditure by 15. | $$1\% = 300\text{ expenditure} \div 15 = 20\text{ expenditure}$$ | The required share is 50% of the expenditure. | Because 1% is known, multiply its value by 50 to get 50% of the expenditure. | $$50\% = 20\text{ expenditure} \times 50 = 1,000\text{ expenditure}$$ | So the share of the expenditure represented by 50% is 1,000 expenditure.","[""We know one percentage of the expenditure and need another."",""Start with the given relation: 15% of the expenditure is 300 expenditure."",""Because 15% of the expenditure has 15 equal 1% parts, divide 300 expenditure by 15. | $$1\\% = 300\\text{ expenditure} \\div 15 = 20\\text{ expenditure}$$"",""The required share is 50% of the expenditure."",""Because 1% is known, multiply its value by 50 to get 50% of the expenditure. | $$50\\% = 20\\text{ expenditure} \\times 50 = 1,000\\text{ expenditure}$$"",""So the share of the expenditure represented by 50% is 1,000 expenditure.""]","","","PENDING_REVIEW"
"PCT-CP-002:PCT-QL-317:38104","PCT-QL-317","Easy","expenditure","We are finding a new percentage of the expenditure. | 50% of the expenditure equals 200 expenditure. | Because 50% of the expenditure has 50 equal 1% parts, divide 200 expenditure by 50. | $$1\% = 200\text{ expenditure} \div 50 = 4\text{ expenditure}$$ | Now we need 10% of the expenditure. | Use the 1% value 10 times to get 10% of the expenditure. | $$10\% = 4\text{ expenditure} \times 10 = 40\text{ expenditure}$$ | Therefore, 10% of the expenditure represents 40 expenditure.","[""We are finding a new percentage of the expenditure."",""50% of the expenditure equals 200 expenditure."",""Because 50% of the expenditure has 50 equal 1% parts, divide 200 expenditure by 50. | $$1\\% = 200\\text{ expenditure} \\div 50 = 4\\text{ expenditure}$$"",""Now we need 10% of the expenditure."",""Use the 1% value 10 times to get 10% of the expenditure. | $$10\\% = 4\\text{ expenditure} \\times 10 = 40\\text{ expenditure}$$"",""Therefore, 10% of the expenditure represents 40 expenditure.""]","","","PENDING_REVIEW"
"PCT-CP-002:PCT-QL-317:38106","PCT-QL-317","Hard","expenditure","We can see that both percentage values belong to the expenditure. | Start with the given relation: 80% of the expenditure is 100 expenditure. | Because 80% has 80 equal parts, dividing 100 expenditure by 80 gives 1% of the expenditure. | $$1\% = 100\text{ expenditure} \div 80 = 1.25\text{ expenditure}$$ | Now turn the 1% value into 20% of the expenditure. | Since 1% is one part, multiply its value by 20 to get 20% of the expenditure. | $$20\% = 1.25\text{ expenditure} \times 20 = 25\text{ expenditure}$$ | A quick check gives the original 80% value, 100 expenditure. | $$1.25\text{ expenditure} \times 80 = 100\text{ expenditure}$$ | This means the required expenditure count is 25 expenditure.","[""We can see that both percentage values belong to the expenditure."",""Start with the given relation: 80% of the expenditure is 100 expenditure."",""Because 80% has 80 equal parts, dividing 100 expenditure by 80 gives 1% of the expenditure. | $$1\\% = 100\\text{ expenditure} \\div 80 = 1.25\\text{ expenditure}$$"",""Now turn the 1% value into 20% of the expenditure."",""Since 1% is one part, multiply its value by 20 to get 20% of the expenditure. | $$20\\% = 1.25\\text{ expenditure} \\times 20 = 25\\text{ expenditure}$$"",""A quick check gives the original 80% value, 100 expenditure. | $$1.25\\text{ expenditure} \\times 80 = 100\\text{ expenditure}$$"",""This means the required expenditure count is 25 expenditure.""]","","","PENDING_REVIEW"
"PCT-CP-002:PCT-QL-317:38107","PCT-QL-317","Easy","saving","We will first connect the known percentage of the saving with the required percentage. | 10% of the saving equals 600 saving. | Because 10% of the saving has 10 equal 1% parts, divide 600 saving by 10. | $$1\% = 600\text{ saving} \div 10 = 60\text{ saving}$$ | Our target is 25% of the saving. | Use the 1% value 25 times to get 25% of the saving. | $$25\% = 60\text{ saving} \times 25 = 1,500\text{ saving}$$ | So 25% of the saving is 1,500 saving.","[""We will first connect the known percentage of the saving with the required percentage."",""10% of the saving equals 600 saving."",""Because 10% of the saving has 10 equal 1% parts, divide 600 saving by 10. | $$1\\% = 600\\text{ saving} \\div 10 = 60\\text{ saving}$$"",""Our target is 25% of the saving."",""Use the 1% value 25 times to get 25% of the saving. | $$25\\% = 60\\text{ saving} \\times 25 = 1,500\\text{ saving}$$"",""So 25% of the saving is 1,500 saving.""]","","","PENDING_REVIEW"
"PCT-CP-002:PCT-QL-317:38108","PCT-QL-317","Medium","income","We can see that both percentage values belong to the income. | Here, 500 income represents 40% of the income. | Because 40% of the income has 40 equal 1% parts, divide 500 income by 40. | $$1\% = 500\text{ income} \div 40 = 12.5\text{ income}$$ | We can now move from 1% to 30% of the income. | Because 1% is known, multiply its value by 30 to get 30% of the income. | $$30\% = 12.5\text{ income} \times 30 = 375\text{ income}$$ | This means the required income count is 375 income.","[""We can see that both percentage values belong to the income."",""Here, 500 income represents 40% of the income."",""Because 40% of the income has 40 equal 1% parts, divide 500 income by 40. | $$1\\% = 500\\text{ income} \\div 40 = 12.5\\text{ income}$$"",""We can now move from 1% to 30% of the income."",""Because 1% is known, multiply its value by 30 to get 30% of the income. | $$30\\% = 12.5\\text{ income} \\times 30 = 375\\text{ income}$$"",""This means the required income count is 375 income.""]","","","PENDING_REVIEW"
"PCT-CP-002:PCT-QL-317:38110","PCT-QL-317","Easy","salary","The required percentage is the same 50% already given for the salary. | 50% of the salary is 300 salary. | There is no need to find 1% because the requested percentage is already known. | The question asks for that same 50% of the salary. | No multiplication or scaling is needed. | So 50% of the salary remains 300 salary.","[""The required percentage is the same 50% already given for the salary."",""50% of the salary is 300 salary."",""There is no need to find 1% because the requested percentage is already known."",""The question asks for that same 50% of the salary."",""No multiplication or scaling is needed."",""So 50% of the salary remains 300 salary.""]","","","PENDING_REVIEW"
"PCT-CP-002:PCT-QL-317:38133","PCT-QL-317","Hard","salary","We are comparing two percentages of the salary. | In this question, 10% of the salary stands for 400 salary. | Because 10% has 10 equal parts, dividing 400 salary by 10 gives 1% of the salary. | $$1\% = 400\text{ salary} \div 10 = 40\text{ salary}$$ | The percentage we still need is 40%. | Since 1% is one part, multiply its value by 40 to get 40% of the salary. | $$40\% = 40\text{ salary} \times 40 = 1,600\text{ salary}$$ | The given relation is recovered when the 1% value is multiplied by 10. | $$40\text{ salary} \times 10 = 400\text{ salary}$$ | So 40% of the salary is 1,600 salary.","[""We are comparing two percentages of the salary."",""In this question, 10% of the salary stands for 400 salary."",""Because 10% has 10 equal parts, dividing 400 salary by 10 gives 1% of the salary. | $$1\\% = 400\\text{ salary} \\div 10 = 40\\text{ salary}$$"",""The percentage we still need is 40%."",""Since 1% is one part, multiply its value by 40 to get 40% of the salary. | $$40\\% = 40\\text{ salary} \\times 40 = 1,600\\text{ salary}$$"",""The given relation is recovered when the 1% value is multiplied by 10. | $$40\\text{ salary} \\times 10 = 400\\text{ salary}$$"",""So 40% of the salary is 1,600 salary.""]","","","PENDING_REVIEW"
"PCT-CP-002:PCT-QL-317:38134","PCT-QL-317","Easy","saving","We are comparing two percentages of the saving. | The question gives 15% of the saving as 300 saving. | Because 15% of the saving has 15 equal 1% parts, divide 300 saving by 15. | $$1\% = 300\text{ saving} \div 15 = 20\text{ saving}$$ | The percentage we still need is 50%. | Use the 1% value 50 times to get 50% of the saving. | $$50\% = 20\text{ saving} \times 50 = 1,000\text{ saving}$$ | Therefore, 50% of the saving represents 1,000 saving.","[""We are comparing two percentages of the saving."",""The question gives 15% of the saving as 300 saving."",""Because 15% of the saving has 15 equal 1% parts, divide 300 saving by 15. | $$1\\% = 300\\text{ saving} \\div 15 = 20\\text{ saving}$$"",""The percentage we still need is 50%."",""Use the 1% value 50 times to get 50% of the saving. | $$50\\% = 20\\text{ saving} \\times 50 = 1,000\\text{ saving}$$"",""Therefore, 50% of the saving represents 1,000 saving.""]","","","PENDING_REVIEW"
"PCT-CP-002:PCT-QL-317:38135","PCT-QL-317","Medium","salary","We can use the known percentage of the salary to find the required one. | Start with the given relation: 20% of the salary is 250 salary. | Because 20% of the salary has 20 equal 1% parts, divide 250 salary by 20. | $$1\% = 250\text{ salary} \div 20 = 12.5\text{ salary}$$ | The required share is 60% of the salary. | Because 1% is known, multiply its value by 60 to get 60% of the salary. | $$60\% = 12.5\text{ salary} \times 60 = 750\text{ salary}$$ | So the share of the salary represented by 60% is 750 salary.","[""We can use the known percentage of the salary to find the required one."",""Start with the given relation: 20% of the salary is 250 salary."",""Because 20% of the salary has 20 equal 1% parts, divide 250 salary by 20. | $$1\\% = 250\\text{ salary} \\div 20 = 12.5\\text{ salary}$$"",""The required share is 60% of the salary."",""Because 1% is known, multiply its value by 60 to get 60% of the salary. | $$60\\% = 12.5\\text{ salary} \\times 60 = 750\\text{ salary}$$"",""So the share of the salary represented by 60% is 750 salary.""]","","","PENDING_REVIEW"
"PCT-CP-002:PCT-QL-317:38136","PCT-QL-317","Hard","expenditure","We know one percentage of the expenditure and need another. | Start with the given relation: 25% of the expenditure is 200 expenditure. | Because 25% has 25 equal parts, dividing 200 expenditure by 25 gives 1% of the expenditure. | $$1\% = 200\text{ expenditure} \div 25 = 8\text{ expenditure}$$ | The required share is 10% of the expenditure. | Since 1% is one part, multiply its value by 10 to get 10% of the expenditure. | $$10\% = 8\text{ expenditure} \times 10 = 80\text{ expenditure}$$ | A quick check gives the original 25% value, 200 expenditure. | $$8\text{ expenditure} \times 25 = 200\text{ expenditure}$$ | So the share of the expenditure represented by 10% is 80 expenditure.","[""We know one percentage of the expenditure and need another."",""Start with the given relation: 25% of the expenditure is 200 expenditure."",""Because 25% has 25 equal parts, dividing 200 expenditure by 25 gives 1% of the expenditure. | $$1\\% = 200\\text{ expenditure} \\div 25 = 8\\text{ expenditure}$$"",""The required share is 10% of the expenditure."",""Since 1% is one part, multiply its value by 10 to get 10% of the expenditure. | $$10\\% = 8\\text{ expenditure} \\times 10 = 80\\text{ expenditure}$$"",""A quick check gives the original 25% value, 200 expenditure. | $$8\\text{ expenditure} \\times 25 = 200\\text{ expenditure}$$"",""So the share of the expenditure represented by 10% is 80 expenditure.""]","","","PENDING_REVIEW"
"PCT-CP-002:PCT-QL-317:38138","PCT-QL-317","Medium","income","We can see that both percentage values belong to the income. | 100 income is the value of 80% of the income. | Because 80% of the income has 80 equal 1% parts, divide 100 income by 80. | $$1\% = 100\text{ income} \div 80 = 1.25\text{ income}$$ | We can now move from 1% to 20% of the income. | Because 1% is known, multiply its value by 20 to get 20% of the income. | $$20\% = 1.25\text{ income} \times 20 = 25\text{ income}$$ | So the share of the income represented by 20% is 25 income.","[""We can see that both percentage values belong to the income."",""100 income is the value of 80% of the income."",""Because 80% of the income has 80 equal 1% parts, divide 100 income by 80. | $$1\\% = 100\\text{ income} \\div 80 = 1.25\\text{ income}$$"",""We can now move from 1% to 20% of the income."",""Because 1% is known, multiply its value by 20 to get 20% of the income. | $$20\\% = 1.25\\text{ income} \\times 20 = 25\\text{ income}$$"",""So the share of the income represented by 20% is 25 income.""]","","","PENDING_REVIEW"
"PCT-CP-002:PCT-QL-317:38139","PCT-QL-317","Hard","salary","We can use the known percentage of the salary to find the required one. | Start with the given relation: 10% of the salary is 600 salary. | Because 10% has 10 equal parts, dividing 600 salary by 10 gives 1% of the salary. | $$1\% = 600\text{ salary} \div 10 = 60\text{ salary}$$ | Now turn the 1% value into 25% of the salary. | Since 1% is one part, multiply its value by 25 to get 25% of the salary. | $$25\% = 60\text{ salary} \times 25 = 1,500\text{ salary}$$ | A quick check gives the original 10% value, 600 salary. | $$60\text{ salary} \times 10 = 600\text{ salary}$$ | This means the required salary count is 1,500 salary.","[""We can use the known percentage of the salary to find the required one."",""Start with the given relation: 10% of the salary is 600 salary."",""Because 10% has 10 equal parts, dividing 600 salary by 10 gives 1% of the salary. | $$1\\% = 600\\text{ salary} \\div 10 = 60\\text{ salary}$$"",""Now turn the 1% value into 25% of the salary."",""Since 1% is one part, multiply its value by 25 to get 25% of the salary. | $$25\\% = 60\\text{ salary} \\times 25 = 1,500\\text{ salary}$$"",""A quick check gives the original 10% value, 600 salary. | $$60\\text{ salary} \\times 10 = 600\\text{ salary}$$"",""This means the required salary count is 1,500 salary.""]","","","PENDING_REVIEW"
"PCT-CP-002:PCT-QL-317:38141","PCT-QL-317","Medium","saving","We can see that both percentage values belong to the saving. | 400 saving is the value of 20% of the saving. | Because 20% of the saving has 20 equal 1% parts, divide 400 saving by 20. | $$1\% = 400\text{ saving} \div 20 = 20\text{ saving}$$ | We can now move from 1% to 40% of the saving. | Because 1% is known, multiply its value by 40 to get 40% of the saving. | $$40\% = 20\text{ saving} \times 40 = 800\text{ saving}$$ | So the share of the saving represented by 40% is 800 saving.","[""We can see that both percentage values belong to the saving."",""400 saving is the value of 20% of the saving."",""Because 20% of the saving has 20 equal 1% parts, divide 400 saving by 20. | $$1\\% = 400\\text{ saving} \\div 20 = 20\\text{ saving}$$"",""We can now move from 1% to 40% of the saving."",""Because 1% is known, multiply its value by 40 to get 40% of the saving. | $$40\\% = 20\\text{ saving} \\times 40 = 800\\text{ saving}$$"",""So the share of the saving represented by 40% is 800 saving.""]","","","PENDING_REVIEW"
"PCT-CP-002:PCT-QL-317:38163","PCT-QL-317","Hard","expenditure","We can see that both percentage values belong to the expenditure. | We know that 30% of the expenditure is 600 expenditure. | Because 30% has 30 equal parts, dividing 600 expenditure by 30 gives 1% of the expenditure. | $$1\% = 600\text{ expenditure} \div 30 = 20\text{ expenditure}$$ | Now turn the 1% value into 25% of the expenditure. | Since 1% is one part, multiply its value by 25 to get 25% of the expenditure. | $$25\% = 20\text{ expenditure} \times 25 = 500\text{ expenditure}$$ | This is consistent because 30 copies of the 1% value make 600 expenditure. | $$20\text{ expenditure} \times 30 = 600\text{ expenditure}$$ | So the share of the expenditure represented by 25% is 500 expenditure.","[""We can see that both percentage values belong to the expenditure."",""We know that 30% of the expenditure is 600 expenditure."",""Because 30% has 30 equal parts, dividing 600 expenditure by 30 gives 1% of the expenditure. | $$1\\% = 600\\text{ expenditure} \\div 30 = 20\\text{ expenditure}$$"",""Now turn the 1% value into 25% of the expenditure."",""Since 1% is one part, multiply its value by 25 to get 25% of the expenditure. | $$25\\% = 20\\text{ expenditure} \\times 25 = 500\\text{ expenditure}$$"",""This is consistent because 30 copies of the 1% value make 600 expenditure. | $$20\\text{ expenditure} \\times 30 = 600\\text{ expenditure}$$"",""So the share of the expenditure represented by 25% is 500 expenditure.""]","","","PENDING_REVIEW"
"PCT-CP-002:PCT-QL-317:38164","PCT-QL-317","Easy","saving","We know one percentage of the saving and need another. | 500 saving is the value of 40% of the saving. | Because 40% of the saving has 40 equal 1% parts, divide 500 saving by 40. | $$1\% = 500\text{ saving} \div 40 = 12.5\text{ saving}$$ | We can now move from 1% to 30% of the saving. | Use the 1% value 30 times to get 30% of the saving. | $$30\% = 12.5\text{ saving} \times 30 = 375\text{ saving}$$ | So the share of the saving represented by 30% is 375 saving.","[""We know one percentage of the saving and need another."",""500 saving is the value of 40% of the saving."",""Because 40% of the saving has 40 equal 1% parts, divide 500 saving by 40. | $$1\\% = 500\\text{ saving} \\div 40 = 12.5\\text{ saving}$$"",""We can now move from 1% to 30% of the saving."",""Use the 1% value 30 times to get 30% of the saving. | $$30\\% = 12.5\\text{ saving} \\times 30 = 375\\text{ saving}$$"",""So the share of the saving represented by 30% is 375 saving.""]","","","PENDING_REVIEW"
"PCT-CP-002:PCT-QL-317:38166","PCT-QL-317","Hard","expenditure","We will first connect the known percentage of the expenditure with the required percentage. | The question gives 15% of the expenditure as 300 expenditure. | Because 15% has 15 equal parts, dividing 300 expenditure by 15 gives 1% of the expenditure. | $$1\% = 300\text{ expenditure} \div 15 = 20\text{ expenditure}$$ | Next, use the 1% value to find 50% of the expenditure. | Since 1% is one part, multiply its value by 50 to get 50% of the expenditure. | $$50\% = 20\text{ expenditure} \times 50 = 1,000\text{ expenditure}$$ | Going back to 15% reproduces the given 300 expenditure. | $$20\text{ expenditure} \times 15 = 300\text{ expenditure}$$ | So 50% of the expenditure is 1,000 expenditure.","[""We will first connect the known percentage of the expenditure with the required percentage."",""The question gives 15% of the expenditure as 300 expenditure."",""Because 15% has 15 equal parts, dividing 300 expenditure by 15 gives 1% of the expenditure. | $$1\\% = 300\\text{ expenditure} \\div 15 = 20\\text{ expenditure}$$"",""Next, use the 1% value to find 50% of the expenditure."",""Since 1% is one part, multiply its value by 50 to get 50% of the expenditure. | $$50\\% = 20\\text{ expenditure} \\times 50 = 1,000\\text{ expenditure}$$"",""Going back to 15% reproduces the given 300 expenditure. | $$20\\text{ expenditure} \\times 15 = 300\\text{ expenditure}$$"",""So 50% of the expenditure is 1,000 expenditure.""]","","","PENDING_REVIEW"
"PCT-CP-002:PCT-QL-317:38167","PCT-QL-317","Easy","income","We are comparing two percentages of the income. | The question gives 20% of the income as 250 income. | Because 20% of the income has 20 equal 1% parts, divide 250 income by 20. | $$1\% = 250\text{ income} \div 20 = 12.5\text{ income}$$ | The percentage we still need is 60%. | Use the 1% value 60 times to get 60% of the income. | $$60\% = 12.5\text{ income} \times 60 = 750\text{ income}$$ | Therefore, 60% of the income represents 750 income.","[""We are comparing two percentages of the income."",""The question gives 20% of the income as 250 income."",""Because 20% of the income has 20 equal 1% parts, divide 250 income by 20. | $$1\\% = 250\\text{ income} \\div 20 = 12.5\\text{ income}$$"",""The percentage we still need is 60%."",""Use the 1% value 60 times to get 60% of the income. | $$60\\% = 12.5\\text{ income} \\times 60 = 750\\text{ income}$$"",""Therefore, 60% of the income represents 750 income.""]","","","PENDING_REVIEW"
"PCT-CP-002:PCT-QL-317:38168","PCT-QL-317","Medium","saving","We will first connect the known percentage of the saving with the required percentage. | The given information is 25% of the saving = 200 saving. | Because 25% of the saving has 25 equal 1% parts, divide 200 saving by 25. | $$1\% = 200\text{ saving} \div 25 = 8\text{ saving}$$ | Now we need 10% of the saving. | Because 1% is known, multiply its value by 10 to get 10% of the saving. | $$10\% = 8\text{ saving} \times 10 = 80\text{ saving}$$ | So 10% of the saving is 80 saving.","[""We will first connect the known percentage of the saving with the required percentage."",""The given information is 25% of the saving = 200 saving."",""Because 25% of the saving has 25 equal 1% parts, divide 200 saving by 25. | $$1\\% = 200\\text{ saving} \\div 25 = 8\\text{ saving}$$"",""Now we need 10% of the saving."",""Because 1% is known, multiply its value by 10 to get 10% of the saving. | $$10\\% = 8\\text{ saving} \\times 10 = 80\\text{ saving}$$"",""So 10% of the saving is 80 saving.""]","","","PENDING_REVIEW"
"PCT-CP-002:PCT-QL-317:38169","PCT-QL-317","Hard","salary","We know one percentage of the salary and need another. | 150 salary is the value of 30% of the salary. | Because 30% has 30 equal parts, dividing 150 salary by 30 gives 1% of the salary. | $$1\% = 150\text{ salary} \div 30 = 5\text{ salary}$$ | The question asks for 15% of the salary. | Since 1% is one part, multiply its value by 15 to get 15% of the salary. | $$15\% = 5\text{ salary} \times 15 = 75\text{ salary}$$ | Check: multiplying the 1% value by 30 returns 150 salary. | $$5\text{ salary} \times 30 = 150\text{ salary}$$ | This means the required salary count is 75 salary.","[""We know one percentage of the salary and need another."",""150 salary is the value of 30% of the salary."",""Because 30% has 30 equal parts, dividing 150 salary by 30 gives 1% of the salary. | $$1\\% = 150\\text{ salary} \\div 30 = 5\\text{ salary}$$"",""The question asks for 15% of the salary."",""Since 1% is one part, multiply its value by 15 to get 15% of the salary. | $$15\\% = 5\\text{ salary} \\times 15 = 75\\text{ salary}$$"",""Check: multiplying the 1% value by 30 returns 150 salary. | $$5\\text{ salary} \\times 30 = 150\\text{ salary}$$"",""This means the required salary count is 75 salary.""]","","","PENDING_REVIEW"
"PCT-CP-002:PCT-QL-417:83545","PCT-QL-417","Easy","income","We can use the known percentage of the income to find the required one. | We know that 10% of the income is 150 income. | Because 10% of the income has 10 equal 1% parts, divide 150 income by 10. | $$1\% = 150\text{ income} \div 10 = 15\text{ income}$$ | The required share is 15% of the income. | Use the 1% value 15 times to get 15% of the income. | $$15\% = 15\text{ income} \times 15 = 225\text{ income}$$ | This means the required income count is 225 income.","[""We can use the known percentage of the income to find the required one."",""We know that 10% of the income is 150 income."",""Because 10% of the income has 10 equal 1% parts, divide 150 income by 10. | $$1\\% = 150\\text{ income} \\div 10 = 15\\text{ income}$$"",""The required share is 15% of the income."",""Use the 1% value 15 times to get 15% of the income. | $$15\\% = 15\\text{ income} \\times 15 = 225\\text{ income}$$"",""This means the required income count is 225 income.""]","","","PENDING_REVIEW"
"PCT-CP-002:PCT-QL-417:83548","PCT-QL-417","Easy","expenditure","We are comparing two percentages of the expenditure. | The given information is 50% of the expenditure = 500 expenditure. | Because 50% of the expenditure has 50 equal 1% parts, divide 500 expenditure by 50. | $$1\% = 500\text{ expenditure} \div 50 = 10\text{ expenditure}$$ | Now we need 30% of the expenditure. | Use the 1% value 30 times to get 30% of the expenditure. | $$30\% = 10\text{ expenditure} \times 30 = 300\text{ expenditure}$$ | So 30% of the expenditure is 300 expenditure.","[""We are comparing two percentages of the expenditure."",""The given information is 50% of the expenditure = 500 expenditure."",""Because 50% of the expenditure has 50 equal 1% parts, divide 500 expenditure by 50. | $$1\\% = 500\\text{ expenditure} \\div 50 = 10\\text{ expenditure}$$"",""Now we need 30% of the expenditure."",""Use the 1% value 30 times to get 30% of the expenditure. | $$30\\% = 10\\text{ expenditure} \\times 30 = 300\\text{ expenditure}$$"",""So 30% of the expenditure is 300 expenditure.""]","","","PENDING_REVIEW"
"PCT-CP-002:PCT-QL-417:83552","PCT-QL-417","Medium","income","We will first connect the known percentage of the income with the required percentage. | 40% of the income equals 200 income. | Because 40% of the income has 40 equal 1% parts, divide 200 income by 40. | $$1\% = 200\text{ income} \div 40 = 5\text{ income}$$ | Our target is 10% of the income. | Because 1% is known, multiply its value by 10 to get 10% of the income. | $$10\% = 5\text{ income} \times 10 = 50\text{ income}$$ | So 10% of the income is 50 income.","[""We will first connect the known percentage of the income with the required percentage."",""40% of the income equals 200 income."",""Because 40% of the income has 40 equal 1% parts, divide 200 income by 40. | $$1\\% = 200\\text{ income} \\div 40 = 5\\text{ income}$$"",""Our target is 10% of the income."",""Because 1% is known, multiply its value by 10 to get 10% of the income. | $$10\\% = 5\\text{ income} \\times 10 = 50\\text{ income}$$"",""So 10% of the income is 50 income.""]","","","PENDING_REVIEW"
"PCT-CP-002:PCT-QL-417:83553","PCT-QL-417","Hard","saving","We are working with two percentages of the saving. | We know that 45% of the saving is 150 saving. | Because 45% has 45 equal parts, dividing 150 saving by 45 gives 1% of the saving. | $$1\% = 150\text{ saving} \div 45 = \approx 3.33\text{ saving}$$ | Now turn the 1% value into 15% of the saving. | Since 1% is one part, multiply its value by 15 to get 15% of the saving. | $$15\% = \approx 3.33\text{ saving} \times 15 = 50\text{ saving}$$ | This is consistent because 45 copies of the 1% value make 150 saving. | $$\approx 3.33\text{ saving} \times 45 = 150\text{ saving}$$ | So the share of the saving represented by 15% is 50 saving.","[""We are working with two percentages of the saving."",""We know that 45% of the saving is 150 saving."",""Because 45% has 45 equal parts, dividing 150 saving by 45 gives 1% of the saving. | $$1\\% = 150\\text{ saving} \\div 45 = \\approx 3.33\\text{ saving}$$"",""Now turn the 1% value into 15% of the saving."",""Since 1% is one part, multiply its value by 15 to get 15% of the saving. | $$15\\% = \\approx 3.33\\text{ saving} \\times 15 = 50\\text{ saving}$$"",""This is consistent because 45 copies of the 1% value make 150 saving. | $$\\approx 3.33\\text{ saving} \\times 45 = 150\\text{ saving}$$"",""So the share of the saving represented by 15% is 50 saving.""]","","","PENDING_REVIEW"
"PCT-CP-002:PCT-QL-417:83554","PCT-QL-417","Easy","salary","We can use the known percentage of the salary to find the required one. | Start with the given relation: 50% of the salary is 100 salary. | Because 50% of the salary has 50 equal 1% parts, divide 100 salary by 50. | $$1\% = 100\text{ salary} \div 50 = 2\text{ salary}$$ | Now turn the 1% value into 20% of the salary. | Use the 1% value 20 times to get 20% of the salary. | $$20\% = 2\text{ salary} \times 20 = 40\text{ salary}$$ | This means the required salary count is 40 salary.","[""We can use the known percentage of the salary to find the required one."",""Start with the given relation: 50% of the salary is 100 salary."",""Because 50% of the salary has 50 equal 1% parts, divide 100 salary by 50. | $$1\\% = 100\\text{ salary} \\div 50 = 2\\text{ salary}$$"",""Now turn the 1% value into 20% of the salary."",""Use the 1% value 20 times to get 20% of the salary. | $$20\\% = 2\\text{ salary} \\times 20 = 40\\text{ salary}$$"",""This means the required salary count is 40 salary.""]","","","PENDING_REVIEW"
"PCT-CP-002:PCT-QL-417:83576","PCT-QL-417","Medium","saving","We can use the known percentage of the saving to find the required one. | We know that 80% of the saving is 200 saving. | Because 80% of the saving has 80 equal 1% parts, divide 200 saving by 80. | $$1\% = 200\text{ saving} \div 80 = 2.5\text{ saving}$$ | Now turn the 1% value into 10% of the saving. | Because 1% is known, multiply its value by 10 to get 10% of the saving. | $$10\% = 2.5\text{ saving} \times 10 = 25\text{ saving}$$ | So the share of the saving represented by 10% is 25 saving.","[""We can use the known percentage of the saving to find the required one."",""We know that 80% of the saving is 200 saving."",""Because 80% of the saving has 80 equal 1% parts, divide 200 saving by 80. | $$1\\% = 200\\text{ saving} \\div 80 = 2.5\\text{ saving}$$"",""Now turn the 1% value into 10% of the saving."",""Because 1% is known, multiply its value by 10 to get 10% of the saving. | $$10\\% = 2.5\\text{ saving} \\times 10 = 25\\text{ saving}$$"",""So the share of the saving represented by 10% is 25 saving.""]","","","PENDING_REVIEW"
"PCT-CP-002:PCT-QL-417:83577","PCT-QL-417","Hard","expenditure","We are comparing two percentages of the expenditure. | The given information is 10% of the expenditure = 150 expenditure. | Because 10% has 10 equal parts, dividing 150 expenditure by 10 gives 1% of the expenditure. | $$1\% = 150\text{ expenditure} \div 10 = 15\text{ expenditure}$$ | Now we need 15% of the expenditure. | Since 1% is one part, multiply its value by 15 to get 15% of the expenditure. | $$15\% = 15\text{ expenditure} \times 15 = 225\text{ expenditure}$$ | As a check, the 1% value used 10 times gives 150 expenditure. | $$15\text{ expenditure} \times 10 = 150\text{ expenditure}$$ | So 15% of the expenditure is 225 expenditure.","[""We are comparing two percentages of the expenditure."",""The given information is 10% of the expenditure = 150 expenditure."",""Because 10% has 10 equal parts, dividing 150 expenditure by 10 gives 1% of the expenditure. | $$1\\% = 150\\text{ expenditure} \\div 10 = 15\\text{ expenditure}$$"",""Now we need 15% of the expenditure."",""Since 1% is one part, multiply its value by 15 to get 15% of the expenditure. | $$15\\% = 15\\text{ expenditure} \\times 15 = 225\\text{ expenditure}$$"",""As a check, the 1% value used 10 times gives 150 expenditure. | $$15\\text{ expenditure} \\times 10 = 150\\text{ expenditure}$$"",""So 15% of the expenditure is 225 expenditure.""]","","","PENDING_REVIEW"
"PCT-CP-002:PCT-QL-417:83579","PCT-QL-417","Medium","income","We can use the known percentage of the income to find the required one. | We know that 20% of the income is 600 income. | Because 20% of the income has 20 equal 1% parts, divide 600 income by 20. | $$1\% = 600\text{ income} \div 20 = 30\text{ income}$$ | The required share is 25% of the income. | Because 1% is known, multiply its value by 25 to get 25% of the income. | $$25\% = 30\text{ income} \times 25 = 750\text{ income}$$ | This means the required income count is 750 income.","[""We can use the known percentage of the income to find the required one."",""We know that 20% of the income is 600 income."",""Because 20% of the income has 20 equal 1% parts, divide 600 income by 20. | $$1\\% = 600\\text{ income} \\div 20 = 30\\text{ income}$$"",""The required share is 25% of the income."",""Because 1% is known, multiply its value by 25 to get 25% of the income. | $$25\\% = 30\\text{ income} \\times 25 = 750\\text{ income}$$"",""This means the required income count is 750 income.""]","","","PENDING_REVIEW"
"PCT-CP-002:PCT-QL-417:83580","PCT-QL-417","Hard","saving","We are working with two percentages of the saving. | We know that 50% of the saving is 500 saving. | Because 50% has 50 equal parts, dividing 500 saving by 50 gives 1% of the saving. | $$1\% = 500\text{ saving} \div 50 = 10\text{ saving}$$ | Now turn the 1% value into 30% of the saving. | Since 1% is one part, multiply its value by 30 to get 30% of the saving. | $$30\% = 10\text{ saving} \times 30 = 300\text{ saving}$$ | This is consistent because 50 copies of the 1% value make 500 saving. | $$10\text{ saving} \times 50 = 500\text{ saving}$$ | So the share of the saving represented by 30% is 300 saving.","[""We are working with two percentages of the saving."",""We know that 50% of the saving is 500 saving."",""Because 50% has 50 equal parts, dividing 500 saving by 50 gives 1% of the saving. | $$1\\% = 500\\text{ saving} \\div 50 = 10\\text{ saving}$$"",""Now turn the 1% value into 30% of the saving."",""Since 1% is one part, multiply its value by 30 to get 30% of the saving. | $$30\\% = 10\\text{ saving} \\times 30 = 300\\text{ saving}$$"",""This is consistent because 50 copies of the 1% value make 500 saving. | $$10\\text{ saving} \\times 50 = 500\\text{ saving}$$"",""So the share of the saving represented by 30% is 300 saving.""]","","","PENDING_REVIEW"
"PCT-CP-002:PCT-QL-417:83583","PCT-QL-417","Hard","salary","We can see that both percentage values belong to the salary. | Here, 250 salary represents 10% of the salary. | Because 10% has 10 equal parts, dividing 250 salary by 10 gives 1% of the salary. | $$1\% = 250\text{ salary} \div 10 = 25\text{ salary}$$ | The question asks for 60% of the salary. | Since 1% is one part, multiply its value by 60 to get 60% of the salary. | $$60\% = 25\text{ salary} \times 60 = 1,500\text{ salary}$$ | The check agrees with the question: 10% gives 250 salary. | $$25\text{ salary} \times 10 = 250\text{ salary}$$ | So the share of the salary represented by 60% is 1,500 salary.","[""We can see that both percentage values belong to the salary."",""Here, 250 salary represents 10% of the salary."",""Because 10% has 10 equal parts, dividing 250 salary by 10 gives 1% of the salary. | $$1\\% = 250\\text{ salary} \\div 10 = 25\\text{ salary}$$"",""The question asks for 60% of the salary."",""Since 1% is one part, multiply its value by 60 to get 60% of the salary. | $$60\\% = 25\\text{ salary} \\times 60 = 1,500\\text{ salary}$$"",""The check agrees with the question: 10% gives 250 salary. | $$25\\text{ salary} \\times 10 = 250\\text{ salary}$$"",""So the share of the salary represented by 60% is 1,500 salary.""]","","","PENDING_REVIEW"
"PCT-CP-002:PCT-QL-417:83585","PCT-QL-417","Medium","saving","We are working with two percentages of the saving. | We know that 45% of the saving is 150 saving. | Because 45% of the saving has 45 equal 1% parts, divide 150 saving by 45. | $$1\% = 150\text{ saving} \div 45 = \approx 3.33\text{ saving}$$ | Now turn the 1% value into 15% of the saving. | Because 1% is known, multiply its value by 15 to get 15% of the saving. | $$15\% = \approx 3.33\text{ saving} \times 15 = 50\text{ saving}$$ | So the share of the saving represented by 15% is 50 saving.","[""We are working with two percentages of the saving."",""We know that 45% of the saving is 150 saving."",""Because 45% of the saving has 45 equal 1% parts, divide 150 saving by 45. | $$1\\% = 150\\text{ saving} \\div 45 = \\approx 3.33\\text{ saving}$$"",""Now turn the 1% value into 15% of the saving."",""Because 1% is known, multiply its value by 15 to get 15% of the saving. | $$15\\% = \\approx 3.33\\text{ saving} \\times 15 = 50\\text{ saving}$$"",""So the share of the saving represented by 15% is 50 saving.""]","","","PENDING_REVIEW"
"PCT-CP-002:PCT-QL-417:83608","PCT-QL-417","Easy","salary","We need to move from one percentage of the salary to another. | 40% of the salary equals 200 salary. | Because 40% of the salary has 40 equal 1% parts, divide 200 salary by 40. | $$1\% = 200\text{ salary} \div 40 = 5\text{ salary}$$ | Now we need 10% of the salary. | Use the 1% value 10 times to get 10% of the salary. | $$10\% = 5\text{ salary} \times 10 = 50\text{ salary}$$ | Therefore, 10% of the salary represents 50 salary.","[""We need to move from one percentage of the salary to another."",""40% of the salary equals 200 salary."",""Because 40% of the salary has 40 equal 1% parts, divide 200 salary by 40. | $$1\\% = 200\\text{ salary} \\div 40 = 5\\text{ salary}$$"",""Now we need 10% of the salary."",""Use the 1% value 10 times to get 10% of the salary. | $$10\\% = 5\\text{ salary} \\times 10 = 50\\text{ salary}$$"",""Therefore, 10% of the salary represents 50 salary.""]","","","PENDING_REVIEW"
"PCT-CP-002:PCT-QL-417:83609","PCT-QL-417","Medium","income","We can use the known percentage of the income to find the required one. | We know that 10% of the income is 150 income. | Because 10% of the income has 10 equal 1% parts, divide 150 income by 10. | $$1\% = 150\text{ income} \div 10 = 15\text{ income}$$ | The required share is 15% of the income. | Because 1% is known, multiply its value by 15 to get 15% of the income. | $$15\% = 15\text{ income} \times 15 = 225\text{ income}$$ | This means the required income count is 225 income.","[""We can use the known percentage of the income to find the required one."",""We know that 10% of the income is 150 income."",""Because 10% of the income has 10 equal 1% parts, divide 150 income by 10. | $$1\\% = 150\\text{ income} \\div 10 = 15\\text{ income}$$"",""The required share is 15% of the income."",""Because 1% is known, multiply its value by 15 to get 15% of the income. | $$15\\% = 15\\text{ income} \\times 15 = 225\\text{ income}$$"",""This means the required income count is 225 income.""]","","","PENDING_REVIEW"
"PCT-CP-002:PCT-QL-417:83611","PCT-QL-417","Easy","income","We know one percentage of the income and need another. | Here, 600 income represents 20% of the income. | Because 20% of the income has 20 equal 1% parts, divide 600 income by 20. | $$1\% = 600\text{ income} \div 20 = 30\text{ income}$$ | The question asks for 25% of the income. | Use the 1% value 25 times to get 25% of the income. | $$25\% = 30\text{ income} \times 25 = 750\text{ income}$$ | So the share of the income represented by 25% is 750 income.","[""We know one percentage of the income and need another."",""Here, 600 income represents 20% of the income."",""Because 20% of the income has 20 equal 1% parts, divide 600 income by 20. | $$1\\% = 600\\text{ income} \\div 20 = 30\\text{ income}$$"",""The question asks for 25% of the income."",""Use the 1% value 25 times to get 25% of the income. | $$25\\% = 30\\text{ income} \\times 25 = 750\\text{ income}$$"",""So the share of the income represented by 25% is 750 income.""]","","","PENDING_REVIEW"
"PCT-CP-002:PCT-QL-417:83612","PCT-QL-417","Medium","saving","We will first connect the known percentage of the saving with the required percentage. | 25% of the saving equals 500 saving. | Because 25% of the saving has 25 equal 1% parts, divide 500 saving by 25. | $$1\% = 500\text{ saving} \div 25 = 20\text{ saving}$$ | Now we need 30% of the saving. | Because 1% is known, multiply its value by 30 to get 30% of the saving. | $$30\% = 20\text{ saving} \times 30 = 600\text{ saving}$$ | Therefore, 30% of the saving represents 600 saving.","[""We will first connect the known percentage of the saving with the required percentage."",""25% of the saving equals 500 saving."",""Because 25% of the saving has 25 equal 1% parts, divide 500 saving by 25. | $$1\\% = 500\\text{ saving} \\div 25 = 20\\text{ saving}$$"",""Now we need 30% of the saving."",""Because 1% is known, multiply its value by 30 to get 30% of the saving. | $$30\\% = 20\\text{ saving} \\times 30 = 600\\text{ saving}$$"",""Therefore, 30% of the saving represents 600 saving.""]","","","PENDING_REVIEW"
"PCT-CP-002:PCT-QL-417:83615","PCT-QL-417","Medium","salary","We are finding a new percentage of the salary. | The question gives 10% of the salary as 250 salary. | Because 10% of the salary has 10 equal 1% parts, divide 250 salary by 10. | $$1\% = 250\text{ salary} \div 10 = 25\text{ salary}$$ | The percentage we still need is 60%. | Because 1% is known, multiply its value by 60 to get 60% of the salary. | $$60\% = 25\text{ salary} \times 60 = 1,500\text{ salary}$$ | Therefore, 60% of the salary represents 1,500 salary.","[""We are finding a new percentage of the salary."",""The question gives 10% of the salary as 250 salary."",""Because 10% of the salary has 10 equal 1% parts, divide 250 salary by 10. | $$1\\% = 250\\text{ salary} \\div 10 = 25\\text{ salary}$$"",""The percentage we still need is 60%."",""Because 1% is known, multiply its value by 60 to get 60% of the salary. | $$60\\% = 25\\text{ salary} \\times 60 = 1,500\\text{ salary}$$"",""Therefore, 60% of the salary represents 1,500 salary.""]","","","PENDING_REVIEW"
"PCT-CP-002:PCT-QL-417:83638","PCT-QL-417","Easy","income","We need to move from one percentage of the income to another. | The given information is 25% of the income = 300 income. | Because 25% of the income has 25 equal 1% parts, divide 300 income by 25. | $$1\% = 300\text{ income} \div 25 = 12\text{ income}$$ | Now we need 50% of the income. | Use the 1% value 50 times to get 50% of the income. | $$50\% = 12\text{ income} \times 50 = 600\text{ income}$$ | So 50% of the income is 600 income.","[""We need to move from one percentage of the income to another."",""The given information is 25% of the income = 300 income."",""Because 25% of the income has 25 equal 1% parts, divide 300 income by 25. | $$1\\% = 300\\text{ income} \\div 25 = 12\\text{ income}$$"",""Now we need 50% of the income."",""Use the 1% value 50 times to get 50% of the income. | $$50\\% = 12\\text{ income} \\times 50 = 600\\text{ income}$$"",""So 50% of the income is 600 income.""]","","","PENDING_REVIEW"
"PCT-CP-002:PCT-QL-417:83640","PCT-QL-417","Hard","salary","We are comparing two percentages of the salary. | In this question, 40% of the salary stands for 200 salary. | Because 40% has 40 equal parts, dividing 200 salary by 40 gives 1% of the salary. | $$1\% = 200\text{ salary} \div 40 = 5\text{ salary}$$ | The percentage we still need is 10%. | Since 1% is one part, multiply its value by 10 to get 10% of the salary. | $$10\% = 5\text{ salary} \times 10 = 50\text{ salary}$$ | The given relation is recovered when the 1% value is multiplied by 40. | $$5\text{ salary} \times 40 = 200\text{ salary}$$ | So 10% of the salary is 50 salary.","[""We are comparing two percentages of the salary."",""In this question, 40% of the salary stands for 200 salary."",""Because 40% has 40 equal parts, dividing 200 salary by 40 gives 1% of the salary. | $$1\\% = 200\\text{ salary} \\div 40 = 5\\text{ salary}$$"",""The percentage we still need is 10%."",""Since 1% is one part, multiply its value by 10 to get 10% of the salary. | $$10\\% = 5\\text{ salary} \\times 10 = 50\\text{ salary}$$"",""The given relation is recovered when the 1% value is multiplied by 40. | $$5\\text{ salary} \\times 40 = 200\\text{ salary}$$"",""So 10% of the salary is 50 salary.""]","","","PENDING_REVIEW"
"PCT-CP-002:PCT-QL-417:83641","PCT-QL-417","Easy","expenditure","We need to move from one percentage of the expenditure to another. | The question gives 45% of the expenditure as 150 expenditure. | Because 45% of the expenditure has 45 equal 1% parts, divide 150 expenditure by 45. | $$1\% = 150\text{ expenditure} \div 45 = \approx 3.33\text{ expenditure}$$ | The percentage we still need is 15%. | Use the 1% value 15 times to get 15% of the expenditure. | $$15\% = \approx 3.33\text{ expenditure} \times 15 = 50\text{ expenditure}$$ | Therefore, 15% of the expenditure represents 50 expenditure.","[""We need to move from one percentage of the expenditure to another."",""The question gives 45% of the expenditure as 150 expenditure."",""Because 45% of the expenditure has 45 equal 1% parts, divide 150 expenditure by 45. | $$1\\% = 150\\text{ expenditure} \\div 45 = \\approx 3.33\\text{ expenditure}$$"",""The percentage we still need is 15%."",""Use the 1% value 15 times to get 15% of the expenditure. | $$15\\% = \\approx 3.33\\text{ expenditure} \\times 15 = 50\\text{ expenditure}$$"",""Therefore, 15% of the expenditure represents 50 expenditure.""]","","","PENDING_REVIEW"
"PCT-CP-002:PCT-QL-417:83642","PCT-QL-417","Medium","saving","We are finding a new percentage of the saving. | In this question, 50% of the saving stands for 100 saving. | Because 50% of the saving has 50 equal 1% parts, divide 100 saving by 50. | $$1\% = 100\text{ saving} \div 50 = 2\text{ saving}$$ | Next, use the 1% value to find 20% of the saving. | Because 1% is known, multiply its value by 20 to get 20% of the saving. | $$20\% = 2\text{ saving} \times 20 = 40\text{ saving}$$ | Therefore, 20% of the saving represents 40 saving.","[""We are finding a new percentage of the saving."",""In this question, 50% of the saving stands for 100 saving."",""Because 50% of the saving has 50 equal 1% parts, divide 100 saving by 50. | $$1\\% = 100\\text{ saving} \\div 50 = 2\\text{ saving}$$"",""Next, use the 1% value to find 20% of the saving."",""Because 1% is known, multiply its value by 20 to get 20% of the saving. | $$20\\% = 2\\text{ saving} \\times 20 = 40\\text{ saving}$$"",""Therefore, 20% of the saving represents 40 saving.""]","","","PENDING_REVIEW"
"PCT-CP-002:PCT-QL-417:83643","PCT-QL-417","Hard","expenditure","We are comparing two percentages of the expenditure. | 20% of the expenditure equals 600 expenditure. | Because 20% has 20 equal parts, dividing 600 expenditure by 20 gives 1% of the expenditure. | $$1\% = 600\text{ expenditure} \div 20 = 30\text{ expenditure}$$ | Our target is 25% of the expenditure. | Since 1% is one part, multiply its value by 25 to get 25% of the expenditure. | $$25\% = 30\text{ expenditure} \times 25 = 750\text{ expenditure}$$ | To verify it, use the 1% value 20 times and get 600 expenditure. | $$30\text{ expenditure} \times 20 = 600\text{ expenditure}$$ | So 25% of the expenditure is 750 expenditure.","[""We are comparing two percentages of the expenditure."",""20% of the expenditure equals 600 expenditure."",""Because 20% has 20 equal parts, dividing 600 expenditure by 20 gives 1% of the expenditure. | $$1\\% = 600\\text{ expenditure} \\div 20 = 30\\text{ expenditure}$$"",""Our target is 25% of the expenditure."",""Since 1% is one part, multiply its value by 25 to get 25% of the expenditure. | $$25\\% = 30\\text{ expenditure} \\times 25 = 750\\text{ expenditure}$$"",""To verify it, use the 1% value 20 times and get 600 expenditure. | $$30\\text{ expenditure} \\times 20 = 600\\text{ expenditure}$$"",""So 25% of the expenditure is 750 expenditure.""]","","","PENDING_REVIEW"
"PCT-CP-002:PCT-QL-417:83644","PCT-QL-417","Easy","salary","We are comparing two percentages of the salary. | In this question, 25% of the salary stands for 500 salary. | Because 25% of the salary has 25 equal 1% parts, divide 500 salary by 25. | $$1\% = 500\text{ salary} \div 25 = 20\text{ salary}$$ | The percentage we still need is 30%. | Use the 1% value 30 times to get 30% of the salary. | $$30\% = 20\text{ salary} \times 30 = 600\text{ salary}$$ | So 30% of the salary is 600 salary.","[""We are comparing two percentages of the salary."",""In this question, 25% of the salary stands for 500 salary."",""Because 25% of the salary has 25 equal 1% parts, divide 500 salary by 25. | $$1\\% = 500\\text{ salary} \\div 25 = 20\\text{ salary}$$"",""The percentage we still need is 30%."",""Use the 1% value 30 times to get 30% of the salary. | $$30\\% = 20\\text{ salary} \\times 30 = 600\\text{ salary}$$"",""So 30% of the salary is 600 salary.""]","","","PENDING_REVIEW"
"PCT-CP-002:PCT-QL-417:83646","PCT-QL-417","Hard","saving","We can see that both percentage values belong to the saving. | Here, 300 saving represents 40% of the saving. | Because 40% has 40 equal parts, dividing 300 saving by 40 gives 1% of the saving. | $$1\% = 300\text{ saving} \div 40 = 7.5\text{ saving}$$ | The question asks for 50% of the saving. | Since 1% is one part, multiply its value by 50 to get 50% of the saving. | $$50\% = 7.5\text{ saving} \times 50 = 375\text{ saving}$$ | The check agrees with the question: 40% gives 300 saving. | $$7.5\text{ saving} \times 40 = 300\text{ saving}$$ | So the share of the saving represented by 50% is 375 saving.","[""We can see that both percentage values belong to the saving."",""Here, 300 saving represents 40% of the saving."",""Because 40% has 40 equal parts, dividing 300 saving by 40 gives 1% of the saving. | $$1\\% = 300\\text{ saving} \\div 40 = 7.5\\text{ saving}$$"",""The question asks for 50% of the saving."",""Since 1% is one part, multiply its value by 50 to get 50% of the saving. | $$50\\% = 7.5\\text{ saving} \\times 50 = 375\\text{ saving}$$"",""The check agrees with the question: 40% gives 300 saving. | $$7.5\\text{ saving} \\times 40 = 300\\text{ saving}$$"",""So the share of the saving represented by 50% is 375 saving.""]","","","PENDING_REVIEW"
"PCT-CP-002:PCT-QL-417:83671","PCT-QL-417","Easy","saving","We can use the known percentage of the saving to find the required one. | We know that 10% of the saving is 250 saving. | Because 10% of the saving has 10 equal 1% parts, divide 250 saving by 10. | $$1\% = 250\text{ saving} \div 10 = 25\text{ saving}$$ | The required share is 60% of the saving. | Use the 1% value 60 times to get 60% of the saving. | $$60\% = 25\text{ saving} \times 60 = 1,500\text{ saving}$$ | This means the required saving count is 1,500 saving.","[""We can use the known percentage of the saving to find the required one."",""We know that 10% of the saving is 250 saving."",""Because 10% of the saving has 10 equal 1% parts, divide 250 saving by 10. | $$1\\% = 250\\text{ saving} \\div 10 = 25\\text{ saving}$$"",""The required share is 60% of the saving."",""Use the 1% value 60 times to get 60% of the saving. | $$60\\% = 25\\text{ saving} \\times 60 = 1,500\\text{ saving}$$"",""This means the required saving count is 1,500 saving.""]","","","PENDING_REVIEW"
"PCT-CP-002:PCT-QL-417:83672","PCT-QL-417","Medium","income","We can see that both percentage values belong to the income. | 200 income is the value of 40% of the income. | Because 40% of the income has 40 equal 1% parts, divide 200 income by 40. | $$1\% = 200\text{ income} \div 40 = 5\text{ income}$$ | We can now move from 1% to 10% of the income. | Because 1% is known, multiply its value by 10 to get 10% of the income. | $$10\% = 5\text{ income} \times 10 = 50\text{ income}$$ | So the share of the income represented by 10% is 50 income.","[""We can see that both percentage values belong to the income."",""200 income is the value of 40% of the income."",""Because 40% of the income has 40 equal 1% parts, divide 200 income by 40. | $$1\\% = 200\\text{ income} \\div 40 = 5\\text{ income}$$"",""We can now move from 1% to 10% of the income."",""Because 1% is known, multiply its value by 10 to get 10% of the income. | $$10\\% = 5\\text{ income} \\times 10 = 50\\text{ income}$$"",""So the share of the income represented by 10% is 50 income.""]","","","PENDING_REVIEW"
"PCT-CP-002:PCT-QL-417:83673","PCT-QL-417","Hard","expenditure","We know one percentage of the expenditure and need another. | We know that 45% of the expenditure is 150 expenditure. | Because 45% has 45 equal parts, dividing 150 expenditure by 45 gives 1% of the expenditure. | $$1\% = 150\text{ expenditure} \div 45 = \approx 3.33\text{ expenditure}$$ | The required share is 15% of the expenditure. | Since 1% is one part, multiply its value by 15 to get 15% of the expenditure. | $$15\% = \approx 3.33\text{ expenditure} \times 15 = 50\text{ expenditure}$$ | This is consistent because 45 copies of the 1% value make 150 expenditure. | $$\approx 3.33\text{ expenditure} \times 45 = 150\text{ expenditure}$$ | This means the required expenditure count is 50 expenditure.","[""We know one percentage of the expenditure and need another."",""We know that 45% of the expenditure is 150 expenditure."",""Because 45% has 45 equal parts, dividing 150 expenditure by 45 gives 1% of the expenditure. | $$1\\% = 150\\text{ expenditure} \\div 45 = \\approx 3.33\\text{ expenditure}$$"",""The required share is 15% of the expenditure."",""Since 1% is one part, multiply its value by 15 to get 15% of the expenditure. | $$15\\% = \\approx 3.33\\text{ expenditure} \\times 15 = 50\\text{ expenditure}$$"",""This is consistent because 45 copies of the 1% value make 150 expenditure. | $$\\approx 3.33\\text{ expenditure} \\times 45 = 150\\text{ expenditure}$$"",""This means the required expenditure count is 50 expenditure.""]","","","PENDING_REVIEW"
"PCT-CP-002:PCT-QL-417:83674","PCT-QL-417","Easy","salary","We will first connect the known percentage of the salary with the required percentage. | The given information is 50% of the salary = 100 salary. | Because 50% of the salary has 50 equal 1% parts, divide 100 salary by 50. | $$1\% = 100\text{ salary} \div 50 = 2\text{ salary}$$ | Now we need 20% of the salary. | Use the 1% value 20 times to get 20% of the salary. | $$20\% = 2\text{ salary} \times 20 = 40\text{ salary}$$ | So 20% of the salary is 40 salary.","[""We will first connect the known percentage of the salary with the required percentage."",""The given information is 50% of the salary = 100 salary."",""Because 50% of the salary has 50 equal 1% parts, divide 100 salary by 50. | $$1\\% = 100\\text{ salary} \\div 50 = 2\\text{ salary}$$"",""Now we need 20% of the salary."",""Use the 1% value 20 times to get 20% of the salary. | $$20\\% = 2\\text{ salary} \\times 20 = 40\\text{ salary}$$"",""So 20% of the salary is 40 salary.""]","","","PENDING_REVIEW"
"PCT-CP-002:PCT-QL-417:83675","PCT-QL-417","Medium","expenditure","We will first connect the known percentage of the expenditure with the required percentage. | In this question, 60% of the expenditure stands for 600 expenditure. | Because 60% of the expenditure has 60 equal 1% parts, divide 600 expenditure by 60. | $$1\% = 600\text{ expenditure} \div 60 = 10\text{ expenditure}$$ | Next, use the 1% value to find 25% of the expenditure. | Because 1% is known, multiply its value by 25 to get 25% of the expenditure. | $$25\% = 10\text{ expenditure} \times 25 = 250\text{ expenditure}$$ | Therefore, 25% of the expenditure represents 250 expenditure.","[""We will first connect the known percentage of the expenditure with the required percentage."",""In this question, 60% of the expenditure stands for 600 expenditure."",""Because 60% of the expenditure has 60 equal 1% parts, divide 600 expenditure by 60. | $$1\\% = 600\\text{ expenditure} \\div 60 = 10\\text{ expenditure}$$"",""Next, use the 1% value to find 25% of the expenditure."",""Because 1% is known, multiply its value by 25 to get 25% of the expenditure. | $$25\\% = 10\\text{ expenditure} \\times 25 = 250\\text{ expenditure}$$"",""Therefore, 25% of the expenditure represents 250 expenditure.""]","","","PENDING_REVIEW"
"PCT-CP-002:PCT-QL-417:83678","PCT-QL-417","Medium","saving","We can use the known percentage of the saving to find the required one. | Start with the given relation: 40% of the saving is 300 saving. | Because 40% of the saving has 40 equal 1% parts, divide 300 saving by 40. | $$1\% = 300\text{ saving} \div 40 = 7.5\text{ saving}$$ | Now turn the 1% value into 50% of the saving. | Because 1% is known, multiply its value by 50 to get 50% of the saving. | $$50\% = 7.5\text{ saving} \times 50 = 375\text{ saving}$$ | This means the required saving count is 375 saving.","[""We can use the known percentage of the saving to find the required one."",""Start with the given relation: 40% of the saving is 300 saving."",""Because 40% of the saving has 40 equal 1% parts, divide 300 saving by 40. | $$1\\% = 300\\text{ saving} \\div 40 = 7.5\\text{ saving}$$"",""Now turn the 1% value into 50% of the saving."",""Because 1% is known, multiply its value by 50 to get 50% of the saving. | $$50\\% = 7.5\\text{ saving} \\times 50 = 375\\text{ saving}$$"",""This means the required saving count is 375 saving.""]","","","PENDING_REVIEW"
"PCT-CP-002:PCT-QL-417:83700","PCT-QL-417","Hard","expenditure","We will first connect the known percentage of the expenditure with the required percentage. | The question gives 25% of the expenditure as 500 expenditure. | Because 25% has 25 equal parts, dividing 500 expenditure by 25 gives 1% of the expenditure. | $$1\% = 500\text{ expenditure} \div 25 = 20\text{ expenditure}$$ | The percentage we still need is 30%. | Since 1% is one part, multiply its value by 30 to get 30% of the expenditure. | $$30\% = 20\text{ expenditure} \times 30 = 600\text{ expenditure}$$ | Going back to 25% reproduces the given 500 expenditure. | $$20\text{ expenditure} \times 25 = 500\text{ expenditure}$$ | Therefore, 30% of the expenditure represents 600 expenditure.","[""We will first connect the known percentage of the expenditure with the required percentage."",""The question gives 25% of the expenditure as 500 expenditure."",""Because 25% has 25 equal parts, dividing 500 expenditure by 25 gives 1% of the expenditure. | $$1\\% = 500\\text{ expenditure} \\div 25 = 20\\text{ expenditure}$$"",""The percentage we still need is 30%."",""Since 1% is one part, multiply its value by 30 to get 30% of the expenditure. | $$30\\% = 20\\text{ expenditure} \\times 30 = 600\\text{ expenditure}$$"",""Going back to 25% reproduces the given 500 expenditure. | $$20\\text{ expenditure} \\times 25 = 500\\text{ expenditure}$$"",""Therefore, 30% of the expenditure represents 600 expenditure.""]","","","PENDING_REVIEW"
"PCT-CP-002:PCT-QL-417:83703","PCT-QL-417","Hard","saving","We are working with two percentages of the saving. | Start with the given relation: 10% of the saving is 250 saving. | Because 10% has 10 equal parts, dividing 250 saving by 10 gives 1% of the saving. | $$1\% = 250\text{ saving} \div 10 = 25\text{ saving}$$ | Now turn the 1% value into 60% of the saving. | Since 1% is one part, multiply its value by 60 to get 60% of the saving. | $$60\% = 25\text{ saving} \times 60 = 1,500\text{ saving}$$ | A quick check gives the original 10% value, 250 saving. | $$25\text{ saving} \times 10 = 250\text{ saving}$$ | This means the required saving count is 1,500 saving.","[""We are working with two percentages of the saving."",""Start with the given relation: 10% of the saving is 250 saving."",""Because 10% has 10 equal parts, dividing 250 saving by 10 gives 1% of the saving. | $$1\\% = 250\\text{ saving} \\div 10 = 25\\text{ saving}$$"",""Now turn the 1% value into 60% of the saving."",""Since 1% is one part, multiply its value by 60 to get 60% of the saving. | $$60\\% = 25\\text{ saving} \\times 60 = 1,500\\text{ saving}$$"",""A quick check gives the original 10% value, 250 saving. | $$25\\text{ saving} \\times 10 = 250\\text{ saving}$$"",""This means the required saving count is 1,500 saving.""]","","","PENDING_REVIEW"
"PCT-CP-002:PCT-QL-417:83706","PCT-QL-417","Hard","salary","We are comparing two percentages of the salary. | In this question, 50% of the salary stands for 100 salary. | Because 50% has 50 equal parts, dividing 100 salary by 50 gives 1% of the salary. | $$1\% = 100\text{ salary} \div 50 = 2\text{ salary}$$ | Next, use the 1% value to find 20% of the salary. | Since 1% is one part, multiply its value by 20 to get 20% of the salary. | $$20\% = 2\text{ salary} \times 20 = 40\text{ salary}$$ | The given relation is recovered when the 1% value is multiplied by 50. | $$2\text{ salary} \times 50 = 100\text{ salary}$$ | Therefore, 20% of the salary represents 40 salary.","[""We are comparing two percentages of the salary."",""In this question, 50% of the salary stands for 100 salary."",""Because 50% has 50 equal parts, dividing 100 salary by 50 gives 1% of the salary. | $$1\\% = 100\\text{ salary} \\div 50 = 2\\text{ salary}$$"",""Next, use the 1% value to find 20% of the salary."",""Since 1% is one part, multiply its value by 20 to get 20% of the salary. | $$20\\% = 2\\text{ salary} \\times 20 = 40\\text{ salary}$$"",""The given relation is recovered when the 1% value is multiplied by 50. | $$2\\text{ salary} \\times 50 = 100\\text{ salary}$$"",""Therefore, 20% of the salary represents 40 salary.""]","","","PENDING_REVIEW"
"PCT-CP-002:PCT-QL-417:83707","PCT-QL-417","Easy","expenditure","We can use the known percentage of the expenditure to find the required one. | 600 expenditure is the value of 60% of the expenditure. | Because 60% of the expenditure has 60 equal 1% parts, divide 600 expenditure by 60. | $$1\% = 600\text{ expenditure} \div 60 = 10\text{ expenditure}$$ | We can now move from 1% to 25% of the expenditure. | Use the 1% value 25 times to get 25% of the expenditure. | $$25\% = 10\text{ expenditure} \times 25 = 250\text{ expenditure}$$ | So the share of the expenditure represented by 25% is 250 expenditure.","[""We can use the known percentage of the expenditure to find the required one."",""600 expenditure is the value of 60% of the expenditure."",""Because 60% of the expenditure has 60 equal 1% parts, divide 600 expenditure by 60. | $$1\\% = 600\\text{ expenditure} \\div 60 = 10\\text{ expenditure}$$"",""We can now move from 1% to 25% of the expenditure."",""Use the 1% value 25 times to get 25% of the expenditure. | $$25\\% = 10\\text{ expenditure} \\times 25 = 250\\text{ expenditure}$$"",""So the share of the expenditure represented by 25% is 250 expenditure.""]","","","PENDING_REVIEW"
"PCT-CP-002:PCT-QL-417:83709","PCT-QL-417","Hard","income","We are working with two percentages of the income. | Start with the given relation: 10% of the income is 400 income. | Because 10% has 10 equal parts, dividing 400 income by 10 gives 1% of the income. | $$1\% = 400\text{ income} \div 10 = 40\text{ income}$$ | Now turn the 1% value into 40% of the income. | Since 1% is one part, multiply its value by 40 to get 40% of the income. | $$40\% = 40\text{ income} \times 40 = 1,600\text{ income}$$ | A quick check gives the original 10% value, 400 income. | $$40\text{ income} \times 10 = 400\text{ income}$$ | This means the required income count is 1,600 income.","[""We are working with two percentages of the income."",""Start with the given relation: 10% of the income is 400 income."",""Because 10% has 10 equal parts, dividing 400 income by 10 gives 1% of the income. | $$1\\% = 400\\text{ income} \\div 10 = 40\\text{ income}$$"",""Now turn the 1% value into 40% of the income."",""Since 1% is one part, multiply its value by 40 to get 40% of the income. | $$40\\% = 40\\text{ income} \\times 40 = 1,600\\text{ income}$$"",""A quick check gives the original 10% value, 400 income. | $$40\\text{ income} \\times 10 = 400\\text{ income}$$"",""This means the required income count is 1,600 income.""]","","","PENDING_REVIEW"
"PCT-CP-002:PCT-QL-417:83731","PCT-QL-417","Easy","salary","We can see that both percentage values belong to the salary. | Here, 600 salary represents 20% of the salary. | Because 20% of the salary has 20 equal 1% parts, divide 600 salary by 20. | $$1\% = 600\text{ salary} \div 20 = 30\text{ salary}$$ | We can now move from 1% to 25% of the salary. | Use the 1% value 25 times to get 25% of the salary. | $$25\% = 30\text{ salary} \times 25 = 750\text{ salary}$$ | This means the required salary count is 750 salary.","[""We can see that both percentage values belong to the salary."",""Here, 600 salary represents 20% of the salary."",""Because 20% of the salary has 20 equal 1% parts, divide 600 salary by 20. | $$1\\% = 600\\text{ salary} \\div 20 = 30\\text{ salary}$$"",""We can now move from 1% to 25% of the salary."",""Use the 1% value 25 times to get 25% of the salary. | $$25\\% = 30\\text{ salary} \\times 25 = 750\\text{ salary}$$"",""This means the required salary count is 750 salary.""]","","","PENDING_REVIEW"
"PCT-CP-002:PCT-QL-417:83732","PCT-QL-417","Medium","saving","We can use the known percentage of the saving to find the required one. | We know that 25% of the saving is 500 saving. | Because 25% of the saving has 25 equal 1% parts, divide 500 saving by 25. | $$1\% = 500\text{ saving} \div 25 = 20\text{ saving}$$ | Now turn the 1% value into 30% of the saving. | Because 1% is known, multiply its value by 30 to get 30% of the saving. | $$30\% = 20\text{ saving} \times 30 = 600\text{ saving}$$ | So the share of the saving represented by 30% is 600 saving.","[""We can use the known percentage of the saving to find the required one."",""We know that 25% of the saving is 500 saving."",""Because 25% of the saving has 25 equal 1% parts, divide 500 saving by 25. | $$1\\% = 500\\text{ saving} \\div 25 = 20\\text{ saving}$$"",""Now turn the 1% value into 30% of the saving."",""Because 1% is known, multiply its value by 30 to get 30% of the saving. | $$30\\% = 20\\text{ saving} \\times 30 = 600\\text{ saving}$$"",""So the share of the saving represented by 30% is 600 saving.""]","","","PENDING_REVIEW"
"PCT-CP-002:PCT-QL-417:83734","PCT-QL-417","Easy","expenditure","We are comparing two percentages of the expenditure. | 40% of the expenditure equals 300 expenditure. | Because 40% of the expenditure has 40 equal 1% parts, divide 300 expenditure by 40. | $$1\% = 300\text{ expenditure} \div 40 = 7.5\text{ expenditure}$$ | Now we need 50% of the expenditure. | Use the 1% value 50 times to get 50% of the expenditure. | $$50\% = 7.5\text{ expenditure} \times 50 = 375\text{ expenditure}$$ | Therefore, 50% of the expenditure represents 375 expenditure.","[""We are comparing two percentages of the expenditure."",""40% of the expenditure equals 300 expenditure."",""Because 40% of the expenditure has 40 equal 1% parts, divide 300 expenditure by 40. | $$1\\% = 300\\text{ expenditure} \\div 40 = 7.5\\text{ expenditure}$$"",""Now we need 50% of the expenditure."",""Use the 1% value 50 times to get 50% of the expenditure. | $$50\\% = 7.5\\text{ expenditure} \\times 50 = 375\\text{ expenditure}$$"",""Therefore, 50% of the expenditure represents 375 expenditure.""]","","","PENDING_REVIEW"
"PCT-CP-002:PCT-QL-417:83735","PCT-QL-417","Medium","saving","We know one percentage of the saving and need another. | Here, 250 saving represents 10% of the saving. | Because 10% of the saving has 10 equal 1% parts, divide 250 saving by 10. | $$1\% = 250\text{ saving} \div 10 = 25\text{ saving}$$ | The question asks for 60% of the saving. | Because 1% is known, multiply its value by 60 to get 60% of the saving. | $$60\% = 25\text{ saving} \times 60 = 1,500\text{ saving}$$ | So the share of the saving represented by 60% is 1,500 saving.","[""We know one percentage of the saving and need another."",""Here, 250 saving represents 10% of the saving."",""Because 10% of the saving has 10 equal 1% parts, divide 250 saving by 10. | $$1\\% = 250\\text{ saving} \\div 10 = 25\\text{ saving}$$"",""The question asks for 60% of the saving."",""Because 1% is known, multiply its value by 60 to get 60% of the saving. | $$60\\% = 25\\text{ saving} \\times 60 = 1,500\\text{ saving}$$"",""So the share of the saving represented by 60% is 1,500 saving.""]","","","PENDING_REVIEW"
"PCT-CP-002:PCT-QL-417:83738","PCT-QL-417","Medium","income","We can see that both percentage values belong to the income. | Here, 100 income represents 25% of the income. | Because 25% of the income has 25 equal 1% parts, divide 100 income by 25. | $$1\% = 100\text{ income} \div 25 = 4\text{ income}$$ | We can now move from 1% to 20% of the income. | Because 1% is known, multiply its value by 20 to get 20% of the income. | $$20\% = 4\text{ income} \times 20 = 80\text{ income}$$ | This means the required income count is 80 income.","[""We can see that both percentage values belong to the income."",""Here, 100 income represents 25% of the income."",""Because 25% of the income has 25 equal 1% parts, divide 100 income by 25. | $$1\\% = 100\\text{ income} \\div 25 = 4\\text{ income}$$"",""We can now move from 1% to 20% of the income."",""Because 1% is known, multiply its value by 20 to get 20% of the income. | $$20\\% = 4\\text{ income} \\times 20 = 80\\text{ income}$$"",""This means the required income count is 80 income.""]","","","PENDING_REVIEW"
"PCT-CP-002:PCT-QL-417:83739","PCT-QL-417","Hard","saving","We are comparing two percentages of the saving. | The question gives 30% of the saving as 600 saving. | Because 30% has 30 equal parts, dividing 600 saving by 30 gives 1% of the saving. | $$1\% = 600\text{ saving} \div 30 = 20\text{ saving}$$ | The percentage we still need is 25%. | Since 1% is one part, multiply its value by 25 to get 25% of the saving. | $$25\% = 20\text{ saving} \times 25 = 500\text{ saving}$$ | Going back to 30% reproduces the given 600 saving. | $$20\text{ saving} \times 30 = 600\text{ saving}$$ | Therefore, 25% of the saving represents 500 saving.","[""We are comparing two percentages of the saving."",""The question gives 30% of the saving as 600 saving."",""Because 30% has 30 equal parts, dividing 600 saving by 30 gives 1% of the saving. | $$1\\% = 600\\text{ saving} \\div 30 = 20\\text{ saving}$$"",""The percentage we still need is 25%."",""Since 1% is one part, multiply its value by 25 to get 25% of the saving. | $$25\\% = 20\\text{ saving} \\times 25 = 500\\text{ saving}$$"",""Going back to 30% reproduces the given 600 saving. | $$20\\text{ saving} \\times 30 = 600\\text{ saving}$$"",""Therefore, 25% of the saving represents 500 saving.""]","","","PENDING_REVIEW"