"questionId","canonicalProblem","taskKind","qlId","language","stemFamilyId","stemId","sourceFile","libraryFile","archetypeId","selectionPath","renderedQuestion","fallbackUsage","provenanceStatus"
"PCT-CP-002:PCT-QL-017:66805","PCT-CP-002","percentOfKnownNumber","PCT-QL-017","en","PCT-CP-002:families:PCT-QL-017","PCT-QL-017","artifacts/api-server/src/quant-v4/topics/Arithmetic/subtopics/Percentage/PCT-001/question-language.en.json","artifacts/api-server/src/quant-v4/topics/Arithmetic/subtopics/Percentage/PCT-001/library.ts","PCT-001","generatePct001Parameters -> PCT-CP-002 -> PCT-QL-017 -> getQuestionEntry(question-language.en.json) -> renderTemplate -> CSV","If 10% of a number is 400, find 40% of that number.","NO","APPROVED"
"PCT-CP-002:PCT-QL-017:66806","PCT-CP-002","percentOfKnownNumber","PCT-QL-017","en","PCT-CP-002:families:PCT-QL-017","PCT-QL-017","artifacts/api-server/src/quant-v4/topics/Arithmetic/subtopics/Percentage/PCT-001/question-language.en.json","artifacts/api-server/src/quant-v4/topics/Arithmetic/subtopics/Percentage/PCT-001/library.ts","PCT-001","generatePct001Parameters -> PCT-CP-002 -> PCT-QL-017 -> getQuestionEntry(question-language.en.json) -> renderTemplate -> CSV","If 15% of a number is 300, find 50% of that number.","NO","APPROVED"
"PCT-CP-002:PCT-QL-017:66807","PCT-CP-002","percentOfKnownNumber","PCT-QL-017","en","PCT-CP-002:families:PCT-QL-017","PCT-QL-017","artifacts/api-server/src/quant-v4/topics/Arithmetic/subtopics/Percentage/PCT-001/question-language.en.json","artifacts/api-server/src/quant-v4/topics/Arithmetic/subtopics/Percentage/PCT-001/library.ts","PCT-001","generatePct001Parameters -> PCT-CP-002 -> PCT-QL-017 -> getQuestionEntry(question-language.en.json) -> renderTemplate -> CSV","If 20% of a number is 250, find 60% of that number.","NO","APPROVED"
"PCT-CP-002:PCT-QL-017:66808","PCT-CP-002","percentOfKnownNumber","PCT-QL-017","en","PCT-CP-002:families:PCT-QL-017","PCT-QL-017","artifacts/api-server/src/quant-v4/topics/Arithmetic/subtopics/Percentage/PCT-001/question-language.en.json","artifacts/api-server/src/quant-v4/topics/Arithmetic/subtopics/Percentage/PCT-001/library.ts","PCT-001","generatePct001Parameters -> PCT-CP-002 -> PCT-QL-017 -> getQuestionEntry(question-language.en.json) -> renderTemplate -> CSV","If 50% of a number is 200, find 10% of that number.","NO","APPROVED"
"PCT-CP-002:PCT-QL-017:66810","PCT-CP-002","percentOfKnownNumber","PCT-QL-017","en","PCT-CP-002:families:PCT-QL-017","PCT-QL-017","artifacts/api-server/src/quant-v4/topics/Arithmetic/subtopics/Percentage/PCT-001/question-language.en.json","artifacts/api-server/src/quant-v4/topics/Arithmetic/subtopics/Percentage/PCT-001/library.ts","PCT-001","generatePct001Parameters -> PCT-CP-002 -> PCT-QL-017 -> getQuestionEntry(question-language.en.json) -> renderTemplate -> CSV","If 80% of a number is 100, find 20% of that number.","NO","APPROVED"
"PCT-CP-002:PCT-QL-017:66811","PCT-CP-002","percentOfKnownNumber","PCT-QL-017","en","PCT-CP-002:families:PCT-QL-017","PCT-QL-017","artifacts/api-server/src/quant-v4/topics/Arithmetic/subtopics/Percentage/PCT-001/question-language.en.json","artifacts/api-server/src/quant-v4/topics/Arithmetic/subtopics/Percentage/PCT-001/library.ts","PCT-001","generatePct001Parameters -> PCT-CP-002 -> PCT-QL-017 -> getQuestionEntry(question-language.en.json) -> renderTemplate -> CSV","If 10% of a number is 600, find 25% of that number.","NO","APPROVED"
"PCT-CP-002:PCT-QL-017:66814","PCT-CP-002","percentOfKnownNumber","PCT-QL-017","en","PCT-CP-002:families:PCT-QL-017","PCT-QL-017","artifacts/api-server/src/quant-v4/topics/Arithmetic/subtopics/Percentage/PCT-001/question-language.en.json","artifacts/api-server/src/quant-v4/topics/Arithmetic/subtopics/Percentage/PCT-001/library.ts","PCT-001","generatePct001Parameters -> PCT-CP-002 -> PCT-QL-017 -> getQuestionEntry(question-language.en.json) -> renderTemplate -> CSV","If 50% of a number is 300, find 50% of that number.","NO","APPROVED"
"PCT-CP-002:PCT-QL-017:66836","PCT-CP-002","percentOfKnownNumber","PCT-QL-017","en","PCT-CP-002:families:PCT-QL-017","PCT-QL-017","artifacts/api-server/src/quant-v4/topics/Arithmetic/subtopics/Percentage/PCT-001/question-language.en.json","artifacts/api-server/src/quant-v4/topics/Arithmetic/subtopics/Percentage/PCT-001/library.ts","PCT-001","generatePct001Parameters -> PCT-CP-002 -> PCT-QL-017 -> getQuestionEntry(question-language.en.json) -> renderTemplate -> CSV","If 40% of a number is 500, find 30% of that number.","NO","APPROVED"
"PCT-CP-002:PCT-QL-017:66837","PCT-CP-002","percentOfKnownNumber","PCT-QL-017","en","PCT-CP-002:families:PCT-QL-017","PCT-QL-017","artifacts/api-server/src/quant-v4/topics/Arithmetic/subtopics/Percentage/PCT-001/question-language.en.json","artifacts/api-server/src/quant-v4/topics/Arithmetic/subtopics/Percentage/PCT-001/library.ts","PCT-001","generatePct001Parameters -> PCT-CP-002 -> PCT-QL-017 -> getQuestionEntry(question-language.en.json) -> renderTemplate -> CSV","If 10% of a number is 400, find 40% of that number.","NO","APPROVED"
"PCT-CP-002:PCT-QL-017:66838","PCT-CP-002","percentOfKnownNumber","PCT-QL-017","en","PCT-CP-002:families:PCT-QL-017","PCT-QL-017","artifacts/api-server/src/quant-v4/topics/Arithmetic/subtopics/Percentage/PCT-001/question-language.en.json","artifacts/api-server/src/quant-v4/topics/Arithmetic/subtopics/Percentage/PCT-001/library.ts","PCT-001","generatePct001Parameters -> PCT-CP-002 -> PCT-QL-017 -> getQuestionEntry(question-language.en.json) -> renderTemplate -> CSV","If 15% of a number is 300, find 50% of that number.","NO","APPROVED"
"PCT-CP-002:PCT-QL-017:66839","PCT-CP-002","percentOfKnownNumber","PCT-QL-017","en","PCT-CP-002:families:PCT-QL-017","PCT-QL-017","artifacts/api-server/src/quant-v4/topics/Arithmetic/subtopics/Percentage/PCT-001/question-language.en.json","artifacts/api-server/src/quant-v4/topics/Arithmetic/subtopics/Percentage/PCT-001/library.ts","PCT-001","generatePct001Parameters -> PCT-CP-002 -> PCT-QL-017 -> getQuestionEntry(question-language.en.json) -> renderTemplate -> CSV","If 20% of a number is 250, find 60% of that number.","NO","APPROVED"
"PCT-CP-002:PCT-QL-017:66840","PCT-CP-002","percentOfKnownNumber","PCT-QL-017","en","PCT-CP-002:families:PCT-QL-017","PCT-QL-017","artifacts/api-server/src/quant-v4/topics/Arithmetic/subtopics/Percentage/PCT-001/question-language.en.json","artifacts/api-server/src/quant-v4/topics/Arithmetic/subtopics/Percentage/PCT-001/library.ts","PCT-001","generatePct001Parameters -> PCT-CP-002 -> PCT-QL-017 -> getQuestionEntry(question-language.en.json) -> renderTemplate -> CSV","If 25% of a number is 200, find 10% of that number.","NO","APPROVED"
"PCT-CP-002:PCT-QL-017:66841","PCT-CP-002","percentOfKnownNumber","PCT-QL-017","en","PCT-CP-002:families:PCT-QL-017","PCT-QL-017","artifacts/api-server/src/quant-v4/topics/Arithmetic/subtopics/Percentage/PCT-001/question-language.en.json","artifacts/api-server/src/quant-v4/topics/Arithmetic/subtopics/Percentage/PCT-001/library.ts","PCT-001","generatePct001Parameters -> PCT-CP-002 -> PCT-QL-017 -> getQuestionEntry(question-language.en.json) -> renderTemplate -> CSV","If 30% of a number is 150, find 15% of that number.","NO","APPROVED"
"PCT-CP-002:PCT-QL-017:66842","PCT-CP-002","percentOfKnownNumber","PCT-QL-017","en","PCT-CP-002:families:PCT-QL-017","PCT-QL-017","artifacts/api-server/src/quant-v4/topics/Arithmetic/subtopics/Percentage/PCT-001/question-language.en.json","artifacts/api-server/src/quant-v4/topics/Arithmetic/subtopics/Percentage/PCT-001/library.ts","PCT-001","generatePct001Parameters -> PCT-CP-002 -> PCT-QL-017 -> getQuestionEntry(question-language.en.json) -> renderTemplate -> CSV","If 80% of a number is 100, find 20% of that number.","NO","APPROVED"
"PCT-CP-002:PCT-QL-017:66843","PCT-CP-002","percentOfKnownNumber","PCT-QL-017","en","PCT-CP-002:families:PCT-QL-017","PCT-QL-017","artifacts/api-server/src/quant-v4/topics/Arithmetic/subtopics/Percentage/PCT-001/question-language.en.json","artifacts/api-server/src/quant-v4/topics/Arithmetic/subtopics/Percentage/PCT-001/library.ts","PCT-001","generatePct001Parameters -> PCT-CP-002 -> PCT-QL-017 -> getQuestionEntry(question-language.en.json) -> renderTemplate -> CSV","If 10% of a number is 600, find 25% of that number.","NO","APPROVED"
"PCT-CP-002:PCT-QL-017:66845","PCT-CP-002","percentOfKnownNumber","PCT-QL-017","en","PCT-CP-002:families:PCT-QL-017","PCT-QL-017","artifacts/api-server/src/quant-v4/topics/Arithmetic/subtopics/Percentage/PCT-001/question-language.en.json","artifacts/api-server/src/quant-v4/topics/Arithmetic/subtopics/Percentage/PCT-001/library.ts","PCT-001","generatePct001Parameters -> PCT-CP-002 -> PCT-QL-017 -> getQuestionEntry(question-language.en.json) -> renderTemplate -> CSV","If 20% of a number is 400, find 40% of that number.","NO","APPROVED"
"PCT-CP-002:PCT-QL-017:66867","PCT-CP-002","percentOfKnownNumber","PCT-QL-017","en","PCT-CP-002:families:PCT-QL-017","PCT-QL-017","artifacts/api-server/src/quant-v4/topics/Arithmetic/subtopics/Percentage/PCT-001/question-language.en.json","artifacts/api-server/src/quant-v4/topics/Arithmetic/subtopics/Percentage/PCT-001/library.ts","PCT-001","generatePct001Parameters -> PCT-CP-002 -> PCT-QL-017 -> getQuestionEntry(question-language.en.json) -> renderTemplate -> CSV","If 30% of a number is 600, find 25% of that number.","NO","APPROVED"
"PCT-CP-002:PCT-QL-017:66868","PCT-CP-002","percentOfKnownNumber","PCT-QL-017","en","PCT-CP-002:families:PCT-QL-017","PCT-QL-017","artifacts/api-server/src/quant-v4/topics/Arithmetic/subtopics/Percentage/PCT-001/question-language.en.json","artifacts/api-server/src/quant-v4/topics/Arithmetic/subtopics/Percentage/PCT-001/library.ts","PCT-001","generatePct001Parameters -> PCT-CP-002 -> PCT-QL-017 -> getQuestionEntry(question-language.en.json) -> renderTemplate -> CSV","If 40% of a number is 500, find 30% of that number.","NO","APPROVED"
"PCT-CP-002:PCT-QL-017:66870","PCT-CP-002","percentOfKnownNumber","PCT-QL-017","en","PCT-CP-002:families:PCT-QL-017","PCT-QL-017","artifacts/api-server/src/quant-v4/topics/Arithmetic/subtopics/Percentage/PCT-001/question-language.en.json","artifacts/api-server/src/quant-v4/topics/Arithmetic/subtopics/Percentage/PCT-001/library.ts","PCT-001","generatePct001Parameters -> PCT-CP-002 -> PCT-QL-017 -> getQuestionEntry(question-language.en.json) -> renderTemplate -> CSV","If 50% of a number is 300, find 50% of that number.","NO","APPROVED"
"PCT-CP-002:PCT-QL-017:66871","PCT-CP-002","percentOfKnownNumber","PCT-QL-017","en","PCT-CP-002:families:PCT-QL-017","PCT-QL-017","artifacts/api-server/src/quant-v4/topics/Arithmetic/subtopics/Percentage/PCT-001/question-language.en.json","artifacts/api-server/src/quant-v4/topics/Arithmetic/subtopics/Percentage/PCT-001/library.ts","PCT-001","generatePct001Parameters -> PCT-CP-002 -> PCT-QL-017 -> getQuestionEntry(question-language.en.json) -> renderTemplate -> CSV","If 20% of a number is 250, find 60% of that number.","NO","APPROVED"
"PCT-CP-002:PCT-QL-017:66872","PCT-CP-002","percentOfKnownNumber","PCT-QL-017","en","PCT-CP-002:families:PCT-QL-017","PCT-QL-017","artifacts/api-server/src/quant-v4/topics/Arithmetic/subtopics/Percentage/PCT-001/question-language.en.json","artifacts/api-server/src/quant-v4/topics/Arithmetic/subtopics/Percentage/PCT-001/library.ts","PCT-001","generatePct001Parameters -> PCT-CP-002 -> PCT-QL-017 -> getQuestionEntry(question-language.en.json) -> renderTemplate -> CSV","If 25% of a number is 200, find 10% of that number.","NO","APPROVED"
"PCT-CP-002:PCT-QL-017:66873","PCT-CP-002","percentOfKnownNumber","PCT-QL-017","en","PCT-CP-002:families:PCT-QL-017","PCT-QL-017","artifacts/api-server/src/quant-v4/topics/Arithmetic/subtopics/Percentage/PCT-001/question-language.en.json","artifacts/api-server/src/quant-v4/topics/Arithmetic/subtopics/Percentage/PCT-001/library.ts","PCT-001","generatePct001Parameters -> PCT-CP-002 -> PCT-QL-017 -> getQuestionEntry(question-language.en.json) -> renderTemplate -> CSV","If 30% of a number is 150, find 15% of that number.","NO","APPROVED"
"PCT-CP-002:PCT-QL-017:66874","PCT-CP-002","percentOfKnownNumber","PCT-QL-017","en","PCT-CP-002:families:PCT-QL-017","PCT-QL-017","artifacts/api-server/src/quant-v4/topics/Arithmetic/subtopics/Percentage/PCT-001/question-language.en.json","artifacts/api-server/src/quant-v4/topics/Arithmetic/subtopics/Percentage/PCT-001/library.ts","PCT-001","generatePct001Parameters -> PCT-CP-002 -> PCT-QL-017 -> getQuestionEntry(question-language.en.json) -> renderTemplate -> CSV","If 40% of a number is 100, find 20% of that number.","NO","APPROVED"
"PCT-CP-002:PCT-QL-017:66898","PCT-CP-002","percentOfKnownNumber","PCT-QL-017","en","PCT-CP-002:families:PCT-QL-017","PCT-QL-017","artifacts/api-server/src/quant-v4/topics/Arithmetic/subtopics/Percentage/PCT-001/question-language.en.json","artifacts/api-server/src/quant-v4/topics/Arithmetic/subtopics/Percentage/PCT-001/library.ts","PCT-001","generatePct001Parameters -> PCT-CP-002 -> PCT-QL-017 -> getQuestionEntry(question-language.en.json) -> renderTemplate -> CSV","If 80% of a number is 100, find 20% of that number.","NO","APPROVED"
"PCT-CP-002:PCT-QL-017:66899","PCT-CP-002","percentOfKnownNumber","PCT-QL-017","en","PCT-CP-002:families:PCT-QL-017","PCT-QL-017","artifacts/api-server/src/quant-v4/topics/Arithmetic/subtopics/Percentage/PCT-001/question-language.en.json","artifacts/api-server/src/quant-v4/topics/Arithmetic/subtopics/Percentage/PCT-001/library.ts","PCT-001","generatePct001Parameters -> PCT-CP-002 -> PCT-QL-017 -> getQuestionEntry(question-language.en.json) -> renderTemplate -> CSV","If 10% of a number is 600, find 25% of that number.","NO","APPROVED"
"PCT-CP-002:PCT-QL-017:66900","PCT-CP-002","percentOfKnownNumber","PCT-QL-017","en","PCT-CP-002:families:PCT-QL-017","PCT-QL-017","artifacts/api-server/src/quant-v4/topics/Arithmetic/subtopics/Percentage/PCT-001/question-language.en.json","artifacts/api-server/src/quant-v4/topics/Arithmetic/subtopics/Percentage/PCT-001/library.ts","PCT-001","generatePct001Parameters -> PCT-CP-002 -> PCT-QL-017 -> getQuestionEntry(question-language.en.json) -> renderTemplate -> CSV","If 40% of a number is 500, find 30% of that number.","NO","APPROVED"
"PCT-CP-002:PCT-QL-017:66902","PCT-CP-002","percentOfKnownNumber","PCT-QL-017","en","PCT-CP-002:families:PCT-QL-017","PCT-QL-017","artifacts/api-server/src/quant-v4/topics/Arithmetic/subtopics/Percentage/PCT-001/question-language.en.json","artifacts/api-server/src/quant-v4/topics/Arithmetic/subtopics/Percentage/PCT-001/library.ts","PCT-001","generatePct001Parameters -> PCT-CP-002 -> PCT-QL-017 -> getQuestionEntry(question-language.en.json) -> renderTemplate -> CSV","If 50% of a number is 300, find 50% of that number.","NO","APPROVED"
"PCT-CP-002:PCT-QL-017:66904","PCT-CP-002","percentOfKnownNumber","PCT-QL-017","en","PCT-CP-002:families:PCT-QL-017","PCT-QL-017","artifacts/api-server/src/quant-v4/topics/Arithmetic/subtopics/Percentage/PCT-001/question-language.en.json","artifacts/api-server/src/quant-v4/topics/Arithmetic/subtopics/Percentage/PCT-001/library.ts","PCT-001","generatePct001Parameters -> PCT-CP-002 -> PCT-QL-017 -> getQuestionEntry(question-language.en.json) -> renderTemplate -> CSV","If 80% of a number is 200, find 10% of that number.","NO","APPROVED"
"PCT-CP-002:PCT-QL-017:66905","PCT-CP-002","percentOfKnownNumber","PCT-QL-017","en","PCT-CP-002:families:PCT-QL-017","PCT-QL-017","artifacts/api-server/src/quant-v4/topics/Arithmetic/subtopics/Percentage/PCT-001/question-language.en.json","artifacts/api-server/src/quant-v4/topics/Arithmetic/subtopics/Percentage/PCT-001/library.ts","PCT-001","generatePct001Parameters -> PCT-CP-002 -> PCT-QL-017 -> getQuestionEntry(question-language.en.json) -> renderTemplate -> CSV","If 30% of a number is 150, find 15% of that number.","NO","APPROVED"
"PCT-CP-002:PCT-QL-017:66906","PCT-CP-002","percentOfKnownNumber","PCT-QL-017","en","PCT-CP-002:families:PCT-QL-017","PCT-QL-017","artifacts/api-server/src/quant-v4/topics/Arithmetic/subtopics/Percentage/PCT-001/question-language.en.json","artifacts/api-server/src/quant-v4/topics/Arithmetic/subtopics/Percentage/PCT-001/library.ts","PCT-001","generatePct001Parameters -> PCT-CP-002 -> PCT-QL-017 -> getQuestionEntry(question-language.en.json) -> renderTemplate -> CSV","If 40% of a number is 100, find 20% of that number.","NO","APPROVED"
"PCT-CP-002:PCT-QL-017:66930","PCT-CP-002","percentOfKnownNumber","PCT-QL-017","en","PCT-CP-002:families:PCT-QL-017","PCT-QL-017","artifacts/api-server/src/quant-v4/topics/Arithmetic/subtopics/Percentage/PCT-001/question-language.en.json","artifacts/api-server/src/quant-v4/topics/Arithmetic/subtopics/Percentage/PCT-001/library.ts","PCT-001","generatePct001Parameters -> PCT-CP-002 -> PCT-QL-017 -> getQuestionEntry(question-language.en.json) -> renderTemplate -> CSV","If 80% of a number is 100, find 20% of that number.","NO","APPROVED"
"PCT-CP-002:PCT-QL-017:66931","PCT-CP-002","percentOfKnownNumber","PCT-QL-017","en","PCT-CP-002:families:PCT-QL-017","PCT-QL-017","artifacts/api-server/src/quant-v4/topics/Arithmetic/subtopics/Percentage/PCT-001/question-language.en.json","artifacts/api-server/src/quant-v4/topics/Arithmetic/subtopics/Percentage/PCT-001/library.ts","PCT-001","generatePct001Parameters -> PCT-CP-002 -> PCT-QL-017 -> getQuestionEntry(question-language.en.json) -> renderTemplate -> CSV","If 10% of a number is 600, find 25% of that number.","NO","APPROVED"
"PCT-CP-002:PCT-QL-017:66933","PCT-CP-002","percentOfKnownNumber","PCT-QL-017","en","PCT-CP-002:families:PCT-QL-017","PCT-QL-017","artifacts/api-server/src/quant-v4/topics/Arithmetic/subtopics/Percentage/PCT-001/question-language.en.json","artifacts/api-server/src/quant-v4/topics/Arithmetic/subtopics/Percentage/PCT-001/library.ts","PCT-001","generatePct001Parameters -> PCT-CP-002 -> PCT-QL-017 -> getQuestionEntry(question-language.en.json) -> renderTemplate -> CSV","If 20% of a number is 400, find 40% of that number.","NO","APPROVED"
"PCT-CP-002:PCT-QL-017:66934","PCT-CP-002","percentOfKnownNumber","PCT-QL-017","en","PCT-CP-002:families:PCT-QL-017","PCT-QL-017","artifacts/api-server/src/quant-v4/topics/Arithmetic/subtopics/Percentage/PCT-001/question-language.en.json","artifacts/api-server/src/quant-v4/topics/Arithmetic/subtopics/Percentage/PCT-001/library.ts","PCT-001","generatePct001Parameters -> PCT-CP-002 -> PCT-QL-017 -> getQuestionEntry(question-language.en.json) -> renderTemplate -> CSV","If 50% of a number is 300, find 50% of that number.","NO","APPROVED"
"PCT-CP-002:PCT-QL-017:66936","PCT-CP-002","percentOfKnownNumber","PCT-QL-017","en","PCT-CP-002:families:PCT-QL-017","PCT-QL-017","artifacts/api-server/src/quant-v4/topics/Arithmetic/subtopics/Percentage/PCT-001/question-language.en.json","artifacts/api-server/src/quant-v4/topics/Arithmetic/subtopics/Percentage/PCT-001/library.ts","PCT-001","generatePct001Parameters -> PCT-CP-002 -> PCT-QL-017 -> getQuestionEntry(question-language.en.json) -> renderTemplate -> CSV","If 80% of a number is 200, find 10% of that number.","NO","APPROVED"
"PCT-CP-002:PCT-QL-017:66937","PCT-CP-002","percentOfKnownNumber","PCT-QL-017","en","PCT-CP-002:families:PCT-QL-017","PCT-QL-017","artifacts/api-server/src/quant-v4/topics/Arithmetic/subtopics/Percentage/PCT-001/question-language.en.json","artifacts/api-server/src/quant-v4/topics/Arithmetic/subtopics/Percentage/PCT-001/library.ts","PCT-001","generatePct001Parameters -> PCT-CP-002 -> PCT-QL-017 -> getQuestionEntry(question-language.en.json) -> renderTemplate -> CSV","If 10% of a number is 150, find 15% of that number.","NO","APPROVED"
"PCT-CP-002:PCT-QL-017:66960","PCT-CP-002","percentOfKnownNumber","PCT-QL-017","en","PCT-CP-002:families:PCT-QL-017","PCT-QL-017","artifacts/api-server/src/quant-v4/topics/Arithmetic/subtopics/Percentage/PCT-001/question-language.en.json","artifacts/api-server/src/quant-v4/topics/Arithmetic/subtopics/Percentage/PCT-001/library.ts","PCT-001","generatePct001Parameters -> PCT-CP-002 -> PCT-QL-017 -> getQuestionEntry(question-language.en.json) -> renderTemplate -> CSV","If 25% of a number is 200, find 10% of that number.","NO","APPROVED"
"PCT-CP-002:PCT-QL-017:66961","PCT-CP-002","percentOfKnownNumber","PCT-QL-017","en","PCT-CP-002:families:PCT-QL-017","PCT-QL-017","artifacts/api-server/src/quant-v4/topics/Arithmetic/subtopics/Percentage/PCT-001/question-language.en.json","artifacts/api-server/src/quant-v4/topics/Arithmetic/subtopics/Percentage/PCT-001/library.ts","PCT-001","generatePct001Parameters -> PCT-CP-002 -> PCT-QL-017 -> getQuestionEntry(question-language.en.json) -> renderTemplate -> CSV","If 30% of a number is 150, find 15% of that number.","NO","APPROVED"
"PCT-CP-002:PCT-QL-017:66962","PCT-CP-002","percentOfKnownNumber","PCT-QL-017","en","PCT-CP-002:families:PCT-QL-017","PCT-QL-017","artifacts/api-server/src/quant-v4/topics/Arithmetic/subtopics/Percentage/PCT-001/question-language.en.json","artifacts/api-server/src/quant-v4/topics/Arithmetic/subtopics/Percentage/PCT-001/library.ts","PCT-001","generatePct001Parameters -> PCT-CP-002 -> PCT-QL-017 -> getQuestionEntry(question-language.en.json) -> renderTemplate -> CSV","If 40% of a number is 100, find 20% of that number.","NO","APPROVED"
"PCT-CP-002:PCT-QL-017:66963","PCT-CP-002","percentOfKnownNumber","PCT-QL-017","en","PCT-CP-002:families:PCT-QL-017","PCT-QL-017","artifacts/api-server/src/quant-v4/topics/Arithmetic/subtopics/Percentage/PCT-001/question-language.en.json","artifacts/api-server/src/quant-v4/topics/Arithmetic/subtopics/Percentage/PCT-001/library.ts","PCT-001","generatePct001Parameters -> PCT-CP-002 -> PCT-QL-017 -> getQuestionEntry(question-language.en.json) -> renderTemplate -> CSV","If 10% of a number is 600, find 25% of that number.","NO","APPROVED"
"PCT-CP-002:PCT-QL-117:79639","PCT-CP-002","percentOfKnownNumber","PCT-QL-117","en","PCT-CP-002:families:PCT-QL-117","PCT-QL-117","artifacts/api-server/src/quant-v4/topics/Arithmetic/subtopics/Percentage/PCT-001/question-language.en.json","artifacts/api-server/src/quant-v4/topics/Arithmetic/subtopics/Percentage/PCT-001/library.ts","PCT-001","generatePct001Parameters -> PCT-CP-002 -> PCT-QL-117 -> getQuestionEntry(question-language.en.json) -> renderTemplate -> CSV","In a competitive exam setup, if 10% of a number is 250, find 60% of that number.","NO","APPROVED"
"PCT-CP-002:PCT-QL-117:79640","PCT-CP-002","percentOfKnownNumber","PCT-QL-117","en","PCT-CP-002:families:PCT-QL-117","PCT-QL-117","artifacts/api-server/src/quant-v4/topics/Arithmetic/subtopics/Percentage/PCT-001/question-language.en.json","artifacts/api-server/src/quant-v4/topics/Arithmetic/subtopics/Percentage/PCT-001/library.ts","PCT-001","generatePct001Parameters -> PCT-CP-002 -> PCT-QL-117 -> getQuestionEntry(question-language.en.json) -> renderTemplate -> CSV","In a competitive exam setup, if 40% of a number is 200, find 10% of that number.","NO","APPROVED"
"PCT-CP-002:PCT-QL-117:79641","PCT-CP-002","percentOfKnownNumber","PCT-QL-117","en","PCT-CP-002:families:PCT-QL-117","PCT-QL-117","artifacts/api-server/src/quant-v4/topics/Arithmetic/subtopics/Percentage/PCT-001/question-language.en.json","artifacts/api-server/src/quant-v4/topics/Arithmetic/subtopics/Percentage/PCT-001/library.ts","PCT-001","generatePct001Parameters -> PCT-CP-002 -> PCT-QL-117 -> getQuestionEntry(question-language.en.json) -> renderTemplate -> CSV","In a competitive exam setup, if 45% of a number is 150, find 15% of that number.","NO","APPROVED"
"PCT-CP-002:PCT-QL-117:79642","PCT-CP-002","percentOfKnownNumber","PCT-QL-117","en","PCT-CP-002:families:PCT-QL-117","PCT-QL-117","artifacts/api-server/src/quant-v4/topics/Arithmetic/subtopics/Percentage/PCT-001/question-language.en.json","artifacts/api-server/src/quant-v4/topics/Arithmetic/subtopics/Percentage/PCT-001/library.ts","PCT-001","generatePct001Parameters -> PCT-CP-002 -> PCT-QL-117 -> getQuestionEntry(question-language.en.json) -> renderTemplate -> CSV","In a competitive exam setup, if 50% of a number is 100, find 20% of that number.","NO","APPROVED"
"PCT-CP-002:PCT-QL-117:79643","PCT-CP-002","percentOfKnownNumber","PCT-QL-117","en","PCT-CP-002:families:PCT-QL-117","PCT-QL-117","artifacts/api-server/src/quant-v4/topics/Arithmetic/subtopics/Percentage/PCT-001/question-language.en.json","artifacts/api-server/src/quant-v4/topics/Arithmetic/subtopics/Percentage/PCT-001/library.ts","PCT-001","generatePct001Parameters -> PCT-CP-002 -> PCT-QL-117 -> getQuestionEntry(question-language.en.json) -> renderTemplate -> CSV","In a competitive exam setup, if 60% of a number is 600, find 25% of that number.","NO","APPROVED"
"PCT-CP-002:PCT-QL-117:79646","PCT-CP-002","percentOfKnownNumber","PCT-QL-117","en","PCT-CP-002:families:PCT-QL-117","PCT-QL-117","artifacts/api-server/src/quant-v4/topics/Arithmetic/subtopics/Percentage/PCT-001/question-language.en.json","artifacts/api-server/src/quant-v4/topics/Arithmetic/subtopics/Percentage/PCT-001/library.ts","PCT-001","generatePct001Parameters -> PCT-CP-002 -> PCT-QL-117 -> getQuestionEntry(question-language.en.json) -> renderTemplate -> CSV","In a competitive exam setup, if 40% of a number is 300, find 50% of that number.","NO","APPROVED"
"PCT-CP-002:PCT-QL-117:79671","PCT-CP-002","percentOfKnownNumber","PCT-QL-117","en","PCT-CP-002:families:PCT-QL-117","PCT-QL-117","artifacts/api-server/src/quant-v4/topics/Arithmetic/subtopics/Percentage/PCT-001/question-language.en.json","artifacts/api-server/src/quant-v4/topics/Arithmetic/subtopics/Percentage/PCT-001/library.ts","PCT-001","generatePct001Parameters -> PCT-CP-002 -> PCT-QL-117 -> getQuestionEntry(question-language.en.json) -> renderTemplate -> CSV","In a competitive exam setup, if 10% of a number is 250, find 60% of that number.","NO","APPROVED"
"PCT-CP-002:PCT-QL-117:79674","PCT-CP-002","percentOfKnownNumber","PCT-QL-117","en","PCT-CP-002:families:PCT-QL-117","PCT-QL-117","artifacts/api-server/src/quant-v4/topics/Arithmetic/subtopics/Percentage/PCT-001/question-language.en.json","artifacts/api-server/src/quant-v4/topics/Arithmetic/subtopics/Percentage/PCT-001/library.ts","PCT-001","generatePct001Parameters -> PCT-CP-002 -> PCT-QL-117 -> getQuestionEntry(question-language.en.json) -> renderTemplate -> CSV","In a competitive exam setup, if 50% of a number is 100, find 20% of that number.","NO","APPROVED"
"PCT-CP-002:PCT-QL-117:79675","PCT-CP-002","percentOfKnownNumber","PCT-QL-117","en","PCT-CP-002:families:PCT-QL-117","PCT-QL-117","artifacts/api-server/src/quant-v4/topics/Arithmetic/subtopics/Percentage/PCT-001/question-language.en.json","artifacts/api-server/src/quant-v4/topics/Arithmetic/subtopics/Percentage/PCT-001/library.ts","PCT-001","generatePct001Parameters -> PCT-CP-002 -> PCT-QL-117 -> getQuestionEntry(question-language.en.json) -> renderTemplate -> CSV","In a competitive exam setup, if 60% of a number is 600, find 25% of that number.","NO","APPROVED"
"PCT-CP-002:PCT-QL-117:79677","PCT-CP-002","percentOfKnownNumber","PCT-QL-117","en","PCT-CP-002:families:PCT-QL-117","PCT-QL-117","artifacts/api-server/src/quant-v4/topics/Arithmetic/subtopics/Percentage/PCT-001/question-language.en.json","artifacts/api-server/src/quant-v4/topics/Arithmetic/subtopics/Percentage/PCT-001/library.ts","PCT-001","generatePct001Parameters -> PCT-CP-002 -> PCT-QL-117 -> getQuestionEntry(question-language.en.json) -> renderTemplate -> CSV","In a competitive exam setup, if 10% of a number is 400, find 40% of that number.","NO","APPROVED"
"PCT-CP-002:PCT-QL-117:79678","PCT-CP-002","percentOfKnownNumber","PCT-QL-117","en","PCT-CP-002:families:PCT-QL-117","PCT-QL-117","artifacts/api-server/src/quant-v4/topics/Arithmetic/subtopics/Percentage/PCT-001/question-language.en.json","artifacts/api-server/src/quant-v4/topics/Arithmetic/subtopics/Percentage/PCT-001/library.ts","PCT-001","generatePct001Parameters -> PCT-CP-002 -> PCT-QL-117 -> getQuestionEntry(question-language.en.json) -> renderTemplate -> CSV","In a competitive exam setup, if 40% of a number is 300, find 50% of that number.","NO","APPROVED"
"PCT-CP-002:PCT-QL-117:79700","PCT-CP-002","percentOfKnownNumber","PCT-QL-117","en","PCT-CP-002:families:PCT-QL-117","PCT-QL-117","artifacts/api-server/src/quant-v4/topics/Arithmetic/subtopics/Percentage/PCT-001/question-language.en.json","artifacts/api-server/src/quant-v4/topics/Arithmetic/subtopics/Percentage/PCT-001/library.ts","PCT-001","generatePct001Parameters -> PCT-CP-002 -> PCT-QL-117 -> getQuestionEntry(question-language.en.json) -> renderTemplate -> CSV","In a competitive exam setup, if 25% of a number is 500, find 30% of that number.","NO","APPROVED"
"PCT-CP-002:PCT-QL-117:79702","PCT-CP-002","percentOfKnownNumber","PCT-QL-117","en","PCT-CP-002:families:PCT-QL-117","PCT-QL-117","artifacts/api-server/src/quant-v4/topics/Arithmetic/subtopics/Percentage/PCT-001/question-language.en.json","artifacts/api-server/src/quant-v4/topics/Arithmetic/subtopics/Percentage/PCT-001/library.ts","PCT-001","generatePct001Parameters -> PCT-CP-002 -> PCT-QL-117 -> getQuestionEntry(question-language.en.json) -> renderTemplate -> CSV","In a competitive exam setup, if 40% of a number is 300, find 50% of that number.","NO","APPROVED"
"PCT-CP-002:PCT-QL-117:79703","PCT-CP-002","percentOfKnownNumber","PCT-QL-117","en","PCT-CP-002:families:PCT-QL-117","PCT-QL-117","artifacts/api-server/src/quant-v4/topics/Arithmetic/subtopics/Percentage/PCT-001/question-language.en.json","artifacts/api-server/src/quant-v4/topics/Arithmetic/subtopics/Percentage/PCT-001/library.ts","PCT-001","generatePct001Parameters -> PCT-CP-002 -> PCT-QL-117 -> getQuestionEntry(question-language.en.json) -> renderTemplate -> CSV","In a competitive exam setup, if 10% of a number is 250, find 60% of that number.","NO","APPROVED"
"PCT-CP-002:PCT-QL-117:79706","PCT-CP-002","percentOfKnownNumber","PCT-QL-117","en","PCT-CP-002:families:PCT-QL-117","PCT-QL-117","artifacts/api-server/src/quant-v4/topics/Arithmetic/subtopics/Percentage/PCT-001/question-language.en.json","artifacts/api-server/src/quant-v4/topics/Arithmetic/subtopics/Percentage/PCT-001/library.ts","PCT-001","generatePct001Parameters -> PCT-CP-002 -> PCT-QL-117 -> getQuestionEntry(question-language.en.json) -> renderTemplate -> CSV","In a competitive exam setup, if 25% of a number is 100, find 20% of that number.","NO","APPROVED"
"PCT-CP-002:PCT-QL-117:79707","PCT-CP-002","percentOfKnownNumber","PCT-QL-117","en","PCT-CP-002:families:PCT-QL-117","PCT-QL-117","artifacts/api-server/src/quant-v4/topics/Arithmetic/subtopics/Percentage/PCT-001/question-language.en.json","artifacts/api-server/src/quant-v4/topics/Arithmetic/subtopics/Percentage/PCT-001/library.ts","PCT-001","generatePct001Parameters -> PCT-CP-002 -> PCT-QL-117 -> getQuestionEntry(question-language.en.json) -> renderTemplate -> CSV","In a competitive exam setup, if 30% of a number is 600, find 25% of that number.","NO","APPROVED"
"PCT-CP-002:PCT-QL-117:79709","PCT-CP-002","percentOfKnownNumber","PCT-QL-117","en","PCT-CP-002:families:PCT-QL-117","PCT-QL-117","artifacts/api-server/src/quant-v4/topics/Arithmetic/subtopics/Percentage/PCT-001/question-language.en.json","artifacts/api-server/src/quant-v4/topics/Arithmetic/subtopics/Percentage/PCT-001/library.ts","PCT-001","generatePct001Parameters -> PCT-CP-002 -> PCT-QL-117 -> getQuestionEntry(question-language.en.json) -> renderTemplate -> CSV","In a competitive exam setup, if 10% of a number is 400, find 40% of that number.","NO","APPROVED"
"PCT-CP-002:PCT-QL-117:79731","PCT-CP-002","percentOfKnownNumber","PCT-QL-117","en","PCT-CP-002:families:PCT-QL-117","PCT-QL-117","artifacts/api-server/src/quant-v4/topics/Arithmetic/subtopics/Percentage/PCT-001/question-language.en.json","artifacts/api-server/src/quant-v4/topics/Arithmetic/subtopics/Percentage/PCT-001/library.ts","PCT-001","generatePct001Parameters -> PCT-CP-002 -> PCT-QL-117 -> getQuestionEntry(question-language.en.json) -> renderTemplate -> CSV","In a competitive exam setup, if 60% of a number is 600, find 25% of that number.","NO","APPROVED"
"PCT-CP-002:PCT-QL-117:79732","PCT-CP-002","percentOfKnownNumber","PCT-QL-117","en","PCT-CP-002:families:PCT-QL-117","PCT-QL-117","artifacts/api-server/src/quant-v4/topics/Arithmetic/subtopics/Percentage/PCT-001/question-language.en.json","artifacts/api-server/src/quant-v4/topics/Arithmetic/subtopics/Percentage/PCT-001/library.ts","PCT-001","generatePct001Parameters -> PCT-CP-002 -> PCT-QL-117 -> getQuestionEntry(question-language.en.json) -> renderTemplate -> CSV","In a competitive exam setup, if 25% of a number is 500, find 30% of that number.","NO","APPROVED"
"PCT-CP-002:PCT-QL-117:79734","PCT-CP-002","percentOfKnownNumber","PCT-QL-117","en","PCT-CP-002:families:PCT-QL-117","PCT-QL-117","artifacts/api-server/src/quant-v4/topics/Arithmetic/subtopics/Percentage/PCT-001/question-language.en.json","artifacts/api-server/src/quant-v4/topics/Arithmetic/subtopics/Percentage/PCT-001/library.ts","PCT-001","generatePct001Parameters -> PCT-CP-002 -> PCT-QL-117 -> getQuestionEntry(question-language.en.json) -> renderTemplate -> CSV","In a competitive exam setup, if 40% of a number is 300, find 50% of that number.","NO","APPROVED"
"PCT-CP-002:PCT-QL-117:79736","PCT-CP-002","percentOfKnownNumber","PCT-QL-117","en","PCT-CP-002:families:PCT-QL-117","PCT-QL-117","artifacts/api-server/src/quant-v4/topics/Arithmetic/subtopics/Percentage/PCT-001/question-language.en.json","artifacts/api-server/src/quant-v4/topics/Arithmetic/subtopics/Percentage/PCT-001/library.ts","PCT-001","generatePct001Parameters -> PCT-CP-002 -> PCT-QL-117 -> getQuestionEntry(question-language.en.json) -> renderTemplate -> CSV","In a competitive exam setup, if 50% of a number is 200, find 10% of that number.","NO","APPROVED"
"PCT-CP-002:PCT-QL-117:79738","PCT-CP-002","percentOfKnownNumber","PCT-QL-117","en","PCT-CP-002:families:PCT-QL-117","PCT-QL-117","artifacts/api-server/src/quant-v4/topics/Arithmetic/subtopics/Percentage/PCT-001/question-language.en.json","artifacts/api-server/src/quant-v4/topics/Arithmetic/subtopics/Percentage/PCT-001/library.ts","PCT-001","generatePct001Parameters -> PCT-CP-002 -> PCT-QL-117 -> getQuestionEntry(question-language.en.json) -> renderTemplate -> CSV","In a competitive exam setup, if 25% of a number is 100, find 20% of that number.","NO","APPROVED"
"PCT-CP-002:PCT-QL-117:79739","PCT-CP-002","percentOfKnownNumber","PCT-QL-117","en","PCT-CP-002:families:PCT-QL-117","PCT-QL-117","artifacts/api-server/src/quant-v4/topics/Arithmetic/subtopics/Percentage/PCT-001/question-language.en.json","artifacts/api-server/src/quant-v4/topics/Arithmetic/subtopics/Percentage/PCT-001/library.ts","PCT-001","generatePct001Parameters -> PCT-CP-002 -> PCT-QL-117 -> getQuestionEntry(question-language.en.json) -> renderTemplate -> CSV","In a competitive exam setup, if 30% of a number is 600, find 25% of that number.","NO","APPROVED"
"PCT-CP-002:PCT-QL-117:79740","PCT-CP-002","percentOfKnownNumber","PCT-QL-117","en","PCT-CP-002:families:PCT-QL-117","PCT-QL-117","artifacts/api-server/src/quant-v4/topics/Arithmetic/subtopics/Percentage/PCT-001/question-language.en.json","artifacts/api-server/src/quant-v4/topics/Arithmetic/subtopics/Percentage/PCT-001/library.ts","PCT-001","generatePct001Parameters -> PCT-CP-002 -> PCT-QL-117 -> getQuestionEntry(question-language.en.json) -> renderTemplate -> CSV","In a competitive exam setup, if 40% of a number is 500, find 30% of that number.","NO","APPROVED"
"PCT-CP-002:PCT-QL-117:79762","PCT-CP-002","percentOfKnownNumber","PCT-QL-117","en","PCT-CP-002:families:PCT-QL-117","PCT-QL-117","artifacts/api-server/src/quant-v4/topics/Arithmetic/subtopics/Percentage/PCT-001/question-language.en.json","artifacts/api-server/src/quant-v4/topics/Arithmetic/subtopics/Percentage/PCT-001/library.ts","PCT-001","generatePct001Parameters -> PCT-CP-002 -> PCT-QL-117 -> getQuestionEntry(question-language.en.json) -> renderTemplate -> CSV","In a competitive exam setup, if 50% of a number is 100, find 20% of that number.","NO","APPROVED"
"PCT-CP-002:PCT-QL-117:79763","PCT-CP-002","percentOfKnownNumber","PCT-QL-117","en","PCT-CP-002:families:PCT-QL-117","PCT-QL-117","artifacts/api-server/src/quant-v4/topics/Arithmetic/subtopics/Percentage/PCT-001/question-language.en.json","artifacts/api-server/src/quant-v4/topics/Arithmetic/subtopics/Percentage/PCT-001/library.ts","PCT-001","generatePct001Parameters -> PCT-CP-002 -> PCT-QL-117 -> getQuestionEntry(question-language.en.json) -> renderTemplate -> CSV","In a competitive exam setup, if 60% of a number is 600, find 25% of that number.","NO","APPROVED"
"PCT-CP-002:PCT-QL-117:79765","PCT-CP-002","percentOfKnownNumber","PCT-QL-117","en","PCT-CP-002:families:PCT-QL-117","PCT-QL-117","artifacts/api-server/src/quant-v4/topics/Arithmetic/subtopics/Percentage/PCT-001/question-language.en.json","artifacts/api-server/src/quant-v4/topics/Arithmetic/subtopics/Percentage/PCT-001/library.ts","PCT-001","generatePct001Parameters -> PCT-CP-002 -> PCT-QL-117 -> getQuestionEntry(question-language.en.json) -> renderTemplate -> CSV","In a competitive exam setup, if 10% of a number is 400, find 40% of that number.","NO","APPROVED"
"PCT-CP-002:PCT-QL-117:79766","PCT-CP-002","percentOfKnownNumber","PCT-QL-117","en","PCT-CP-002:families:PCT-QL-117","PCT-QL-117","artifacts/api-server/src/quant-v4/topics/Arithmetic/subtopics/Percentage/PCT-001/question-language.en.json","artifacts/api-server/src/quant-v4/topics/Arithmetic/subtopics/Percentage/PCT-001/library.ts","PCT-001","generatePct001Parameters -> PCT-CP-002 -> PCT-QL-117 -> getQuestionEntry(question-language.en.json) -> renderTemplate -> CSV","In a competitive exam setup, if 40% of a number is 300, find 50% of that number.","NO","APPROVED"
"PCT-CP-002:PCT-QL-117:79768","PCT-CP-002","percentOfKnownNumber","PCT-QL-117","en","PCT-CP-002:families:PCT-QL-117","PCT-QL-117","artifacts/api-server/src/quant-v4/topics/Arithmetic/subtopics/Percentage/PCT-001/question-language.en.json","artifacts/api-server/src/quant-v4/topics/Arithmetic/subtopics/Percentage/PCT-001/library.ts","PCT-001","generatePct001Parameters -> PCT-CP-002 -> PCT-QL-117 -> getQuestionEntry(question-language.en.json) -> renderTemplate -> CSV","In a competitive exam setup, if 50% of a number is 200, find 10% of that number.","NO","APPROVED"
"PCT-CP-002:PCT-QL-117:79770","PCT-CP-002","percentOfKnownNumber","PCT-QL-117","en","PCT-CP-002:families:PCT-QL-117","PCT-QL-117","artifacts/api-server/src/quant-v4/topics/Arithmetic/subtopics/Percentage/PCT-001/question-language.en.json","artifacts/api-server/src/quant-v4/topics/Arithmetic/subtopics/Percentage/PCT-001/library.ts","PCT-001","generatePct001Parameters -> PCT-CP-002 -> PCT-QL-117 -> getQuestionEntry(question-language.en.json) -> renderTemplate -> CSV","In a competitive exam setup, if 25% of a number is 100, find 20% of that number.","NO","APPROVED"
"PCT-CP-002:PCT-QL-117:79771","PCT-CP-002","percentOfKnownNumber","PCT-QL-117","en","PCT-CP-002:families:PCT-QL-117","PCT-QL-117","artifacts/api-server/src/quant-v4/topics/Arithmetic/subtopics/Percentage/PCT-001/question-language.en.json","artifacts/api-server/src/quant-v4/topics/Arithmetic/subtopics/Percentage/PCT-001/library.ts","PCT-001","generatePct001Parameters -> PCT-CP-002 -> PCT-QL-117 -> getQuestionEntry(question-language.en.json) -> renderTemplate -> CSV","In a competitive exam setup, if 30% of a number is 600, find 25% of that number.","NO","APPROVED"
"PCT-CP-002:PCT-QL-117:79794","PCT-CP-002","percentOfKnownNumber","PCT-QL-117","en","PCT-CP-002:families:PCT-QL-117","PCT-QL-117","artifacts/api-server/src/quant-v4/topics/Arithmetic/subtopics/Percentage/PCT-001/question-language.en.json","artifacts/api-server/src/quant-v4/topics/Arithmetic/subtopics/Percentage/PCT-001/library.ts","PCT-001","generatePct001Parameters -> PCT-CP-002 -> PCT-QL-117 -> getQuestionEntry(question-language.en.json) -> renderTemplate -> CSV","In a competitive exam setup, if 25% of a number is 100, find 20% of that number.","NO","APPROVED"
"PCT-CP-002:PCT-QL-117:79795","PCT-CP-002","percentOfKnownNumber","PCT-QL-117","en","PCT-CP-002:families:PCT-QL-117","PCT-QL-117","artifacts/api-server/src/quant-v4/topics/Arithmetic/subtopics/Percentage/PCT-001/question-language.en.json","artifacts/api-server/src/quant-v4/topics/Arithmetic/subtopics/Percentage/PCT-001/library.ts","PCT-001","generatePct001Parameters -> PCT-CP-002 -> PCT-QL-117 -> getQuestionEntry(question-language.en.json) -> renderTemplate -> CSV","In a competitive exam setup, if 60% of a number is 600, find 25% of that number.","NO","APPROVED"
"PCT-CP-002:PCT-QL-117:79797","PCT-CP-002","percentOfKnownNumber","PCT-QL-117","en","PCT-CP-002:families:PCT-QL-117","PCT-QL-117","artifacts/api-server/src/quant-v4/topics/Arithmetic/subtopics/Percentage/PCT-001/question-language.en.json","artifacts/api-server/src/quant-v4/topics/Arithmetic/subtopics/Percentage/PCT-001/library.ts","PCT-001","generatePct001Parameters -> PCT-CP-002 -> PCT-QL-117 -> getQuestionEntry(question-language.en.json) -> renderTemplate -> CSV","In a competitive exam setup, if 10% of a number is 400, find 40% of that number.","NO","APPROVED"
"PCT-CP-002:PCT-QL-117:79798","PCT-CP-002","percentOfKnownNumber","PCT-QL-117","en","PCT-CP-002:families:PCT-QL-117","PCT-QL-117","artifacts/api-server/src/quant-v4/topics/Arithmetic/subtopics/Percentage/PCT-001/question-language.en.json","artifacts/api-server/src/quant-v4/topics/Arithmetic/subtopics/Percentage/PCT-001/library.ts","PCT-001","generatePct001Parameters -> PCT-CP-002 -> PCT-QL-117 -> getQuestionEntry(question-language.en.json) -> renderTemplate -> CSV","In a competitive exam setup, if 15% of a number is 300, find 50% of that number.","NO","APPROVED"
"PCT-CP-002:PCT-QL-117:79800","PCT-CP-002","percentOfKnownNumber","PCT-QL-117","en","PCT-CP-002:families:PCT-QL-117","PCT-QL-117","artifacts/api-server/src/quant-v4/topics/Arithmetic/subtopics/Percentage/PCT-001/question-language.en.json","artifacts/api-server/src/quant-v4/topics/Arithmetic/subtopics/Percentage/PCT-001/library.ts","PCT-001","generatePct001Parameters -> PCT-CP-002 -> PCT-QL-117 -> getQuestionEntry(question-language.en.json) -> renderTemplate -> CSV","In a competitive exam setup, if 50% of a number is 200, find 10% of that number.","NO","APPROVED"
"PCT-CP-002:PCT-QL-117:79802","PCT-CP-002","percentOfKnownNumber","PCT-QL-117","en","PCT-CP-002:families:PCT-QL-117","PCT-QL-117","artifacts/api-server/src/quant-v4/topics/Arithmetic/subtopics/Percentage/PCT-001/question-language.en.json","artifacts/api-server/src/quant-v4/topics/Arithmetic/subtopics/Percentage/PCT-001/library.ts","PCT-001","generatePct001Parameters -> PCT-CP-002 -> PCT-QL-117 -> getQuestionEntry(question-language.en.json) -> renderTemplate -> CSV","In a competitive exam setup, if 80% of a number is 100, find 20% of that number.","NO","APPROVED"
"PCT-CP-002:PCT-QL-117:79826","PCT-CP-002","percentOfKnownNumber","PCT-QL-117","en","PCT-CP-002:families:PCT-QL-117","PCT-QL-117","artifacts/api-server/src/quant-v4/topics/Arithmetic/subtopics/Percentage/PCT-001/question-language.en.json","artifacts/api-server/src/quant-v4/topics/Arithmetic/subtopics/Percentage/PCT-001/library.ts","PCT-001","generatePct001Parameters -> PCT-CP-002 -> PCT-QL-117 -> getQuestionEntry(question-language.en.json) -> renderTemplate -> CSV","In a competitive exam setup, if 25% of a number is 100, find 20% of that number.","NO","APPROVED"
"PCT-CP-002:PCT-QL-117:79827","PCT-CP-002","percentOfKnownNumber","PCT-QL-117","en","PCT-CP-002:families:PCT-QL-117","PCT-QL-117","artifacts/api-server/src/quant-v4/topics/Arithmetic/subtopics/Percentage/PCT-001/question-language.en.json","artifacts/api-server/src/quant-v4/topics/Arithmetic/subtopics/Percentage/PCT-001/library.ts","PCT-001","generatePct001Parameters -> PCT-CP-002 -> PCT-QL-117 -> getQuestionEntry(question-language.en.json) -> renderTemplate -> CSV","In a competitive exam setup, if 30% of a number is 600, find 25% of that number.","NO","APPROVED"
"PCT-CP-002:PCT-QL-117:79829","PCT-CP-002","percentOfKnownNumber","PCT-QL-117","en","PCT-CP-002:families:PCT-QL-117","PCT-QL-117","artifacts/api-server/src/quant-v4/topics/Arithmetic/subtopics/Percentage/PCT-001/question-language.en.json","artifacts/api-server/src/quant-v4/topics/Arithmetic/subtopics/Percentage/PCT-001/library.ts","PCT-001","generatePct001Parameters -> PCT-CP-002 -> PCT-QL-117 -> getQuestionEntry(question-language.en.json) -> renderTemplate -> CSV","In a competitive exam setup, if 10% of a number is 400, find 40% of that number.","NO","APPROVED"
"PCT-CP-002:PCT-QL-217:25175","PCT-CP-002","percentOfKnownNumber","PCT-QL-217","en","PCT-CP-002:families:PCT-QL-217","PCT-QL-217","artifacts/api-server/src/quant-v4/topics/Arithmetic/subtopics/Percentage/PCT-001/question-language.en.json","artifacts/api-server/src/quant-v4/topics/Arithmetic/subtopics/Percentage/PCT-001/library.ts","PCT-001","generatePct001Parameters -> PCT-CP-002 -> PCT-QL-217 -> getQuestionEntry(question-language.en.json) -> renderTemplate -> CSV","If 20% of a number is 250, find 60% of that number.","NO","APPROVED"
"PCT-CP-002:PCT-QL-217:25176","PCT-CP-002","percentOfKnownNumber","PCT-QL-217","en","PCT-CP-002:families:PCT-QL-217","PCT-QL-217","artifacts/api-server/src/quant-v4/topics/Arithmetic/subtopics/Percentage/PCT-001/question-language.en.json","artifacts/api-server/src/quant-v4/topics/Arithmetic/subtopics/Percentage/PCT-001/library.ts","PCT-001","generatePct001Parameters -> PCT-CP-002 -> PCT-QL-217 -> getQuestionEntry(question-language.en.json) -> renderTemplate -> CSV","If 25% of a number is 200, find 10% of that number.","NO","APPROVED"
"PCT-CP-002:PCT-QL-217:25177","PCT-CP-002","percentOfKnownNumber","PCT-QL-217","en","PCT-CP-002:families:PCT-QL-217","PCT-QL-217","artifacts/api-server/src/quant-v4/topics/Arithmetic/subtopics/Percentage/PCT-001/question-language.en.json","artifacts/api-server/src/quant-v4/topics/Arithmetic/subtopics/Percentage/PCT-001/library.ts","PCT-001","generatePct001Parameters -> PCT-CP-002 -> PCT-QL-217 -> getQuestionEntry(question-language.en.json) -> renderTemplate -> CSV","If 30% of a number is 150, find 15% of that number.","NO","APPROVED"
"PCT-CP-002:PCT-QL-217:25178","PCT-CP-002","percentOfKnownNumber","PCT-QL-217","en","PCT-CP-002:families:PCT-QL-217","PCT-QL-217","artifacts/api-server/src/quant-v4/topics/Arithmetic/subtopics/Percentage/PCT-001/question-language.en.json","artifacts/api-server/src/quant-v4/topics/Arithmetic/subtopics/Percentage/PCT-001/library.ts","PCT-001","generatePct001Parameters -> PCT-CP-002 -> PCT-QL-217 -> getQuestionEntry(question-language.en.json) -> renderTemplate -> CSV","If 40% of a number is 100, find 20% of that number.","NO","APPROVED"
"PCT-CP-002:PCT-QL-217:25181","PCT-CP-002","percentOfKnownNumber","PCT-QL-217","en","PCT-CP-002:families:PCT-QL-217","PCT-QL-217","artifacts/api-server/src/quant-v4/topics/Arithmetic/subtopics/Percentage/PCT-001/question-language.en.json","artifacts/api-server/src/quant-v4/topics/Arithmetic/subtopics/Percentage/PCT-001/library.ts","PCT-001","generatePct001Parameters -> PCT-CP-002 -> PCT-QL-217 -> getQuestionEntry(question-language.en.json) -> renderTemplate -> CSV","If 20% of a number is 400, find 40% of that number.","NO","APPROVED"
"PCT-CP-002:PCT-QL-217:25182","PCT-CP-002","percentOfKnownNumber","PCT-QL-217","en","PCT-CP-002:families:PCT-QL-217","PCT-QL-217","artifacts/api-server/src/quant-v4/topics/Arithmetic/subtopics/Percentage/PCT-001/question-language.en.json","artifacts/api-server/src/quant-v4/topics/Arithmetic/subtopics/Percentage/PCT-001/library.ts","PCT-001","generatePct001Parameters -> PCT-CP-002 -> PCT-QL-217 -> getQuestionEntry(question-language.en.json) -> renderTemplate -> CSV","If 25% of a number is 300, find 50% of that number.","NO","APPROVED"
"PCT-CP-002:PCT-QL-217:25184","PCT-CP-002","percentOfKnownNumber","PCT-QL-217","en","PCT-CP-002:families:PCT-QL-217","PCT-QL-217","artifacts/api-server/src/quant-v4/topics/Arithmetic/subtopics/Percentage/PCT-001/question-language.en.json","artifacts/api-server/src/quant-v4/topics/Arithmetic/subtopics/Percentage/PCT-001/library.ts","PCT-001","generatePct001Parameters -> PCT-CP-002 -> PCT-QL-217 -> getQuestionEntry(question-language.en.json) -> renderTemplate -> CSV","If 40% of a number is 200, find 10% of that number.","NO","APPROVED"
"PCT-CP-002:PCT-QL-217:25206","PCT-CP-002","percentOfKnownNumber","PCT-QL-217","en","PCT-CP-002:families:PCT-QL-217","PCT-QL-217","artifacts/api-server/src/quant-v4/topics/Arithmetic/subtopics/Percentage/PCT-001/question-language.en.json","artifacts/api-server/src/quant-v4/topics/Arithmetic/subtopics/Percentage/PCT-001/library.ts","PCT-001","generatePct001Parameters -> PCT-CP-002 -> PCT-QL-217 -> getQuestionEntry(question-language.en.json) -> renderTemplate -> CSV","If 50% of a number is 300, find 50% of that number.","NO","APPROVED"
"PCT-CP-002:PCT-QL-217:25208","PCT-CP-002","percentOfKnownNumber","PCT-QL-217","en","PCT-CP-002:families:PCT-QL-217","PCT-QL-217","artifacts/api-server/src/quant-v4/topics/Arithmetic/subtopics/Percentage/PCT-001/question-language.en.json","artifacts/api-server/src/quant-v4/topics/Arithmetic/subtopics/Percentage/PCT-001/library.ts","PCT-001","generatePct001Parameters -> PCT-CP-002 -> PCT-QL-217 -> getQuestionEntry(question-language.en.json) -> renderTemplate -> CSV","If 80% of a number is 200, find 10% of that number.","NO","APPROVED"
"PCT-CP-002:PCT-QL-217:25209","PCT-CP-002","percentOfKnownNumber","PCT-QL-217","en","PCT-CP-002:families:PCT-QL-217","PCT-QL-217","artifacts/api-server/src/quant-v4/topics/Arithmetic/subtopics/Percentage/PCT-001/question-language.en.json","artifacts/api-server/src/quant-v4/topics/Arithmetic/subtopics/Percentage/PCT-001/library.ts","PCT-001","generatePct001Parameters -> PCT-CP-002 -> PCT-QL-217 -> getQuestionEntry(question-language.en.json) -> renderTemplate -> CSV","If 30% of a number is 150, find 15% of that number.","NO","APPROVED"
"PCT-CP-002:PCT-QL-217:25210","PCT-CP-002","percentOfKnownNumber","PCT-QL-217","en","PCT-CP-002:families:PCT-QL-217","PCT-QL-217","artifacts/api-server/src/quant-v4/topics/Arithmetic/subtopics/Percentage/PCT-001/question-language.en.json","artifacts/api-server/src/quant-v4/topics/Arithmetic/subtopics/Percentage/PCT-001/library.ts","PCT-001","generatePct001Parameters -> PCT-CP-002 -> PCT-QL-217 -> getQuestionEntry(question-language.en.json) -> renderTemplate -> CSV","If 40% of a number is 100, find 20% of that number.","NO","APPROVED"
"PCT-CP-002:PCT-QL-217:25212","PCT-CP-002","percentOfKnownNumber","PCT-QL-217","en","PCT-CP-002:families:PCT-QL-217","PCT-QL-217","artifacts/api-server/src/quant-v4/topics/Arithmetic/subtopics/Percentage/PCT-001/question-language.en.json","artifacts/api-server/src/quant-v4/topics/Arithmetic/subtopics/Percentage/PCT-001/library.ts","PCT-001","generatePct001Parameters -> PCT-CP-002 -> PCT-QL-217 -> getQuestionEntry(question-language.en.json) -> renderTemplate -> CSV","If 50% of a number is 500, find 30% of that number.","NO","APPROVED"
"PCT-CP-002:PCT-QL-217:25214","PCT-CP-002","percentOfKnownNumber","PCT-QL-217","en","PCT-CP-002:families:PCT-QL-217","PCT-QL-217","artifacts/api-server/src/quant-v4/topics/Arithmetic/subtopics/Percentage/PCT-001/question-language.en.json","artifacts/api-server/src/quant-v4/topics/Arithmetic/subtopics/Percentage/PCT-001/library.ts","PCT-001","generatePct001Parameters -> PCT-CP-002 -> PCT-QL-217 -> getQuestionEntry(question-language.en.json) -> renderTemplate -> CSV","If 25% of a number is 300, find 50% of that number.","NO","APPROVED"
"PCT-CP-002:PCT-QL-217:25237","PCT-CP-002","percentOfKnownNumber","PCT-QL-217","en","PCT-CP-002:families:PCT-QL-217","PCT-QL-217","artifacts/api-server/src/quant-v4/topics/Arithmetic/subtopics/Percentage/PCT-001/question-language.en.json","artifacts/api-server/src/quant-v4/topics/Arithmetic/subtopics/Percentage/PCT-001/library.ts","PCT-001","generatePct001Parameters -> PCT-CP-002 -> PCT-QL-217 -> getQuestionEntry(question-language.en.json) -> renderTemplate -> CSV","If 20% of a number is 400, find 40% of that number.","NO","APPROVED"
"PCT-CP-002:PCT-QL-217:25238","PCT-CP-002","percentOfKnownNumber","PCT-QL-217","en","PCT-CP-002:families:PCT-QL-217","PCT-QL-217","artifacts/api-server/src/quant-v4/topics/Arithmetic/subtopics/Percentage/PCT-001/question-language.en.json","artifacts/api-server/src/quant-v4/topics/Arithmetic/subtopics/Percentage/PCT-001/library.ts","PCT-001","generatePct001Parameters -> PCT-CP-002 -> PCT-QL-217 -> getQuestionEntry(question-language.en.json) -> renderTemplate -> CSV","If 50% of a number is 300, find 50% of that number.","NO","APPROVED"
"PCT-CP-002:PCT-QL-217:25240","PCT-CP-002","percentOfKnownNumber","PCT-QL-217","en","PCT-CP-002:families:PCT-QL-217","PCT-QL-217","artifacts/api-server/src/quant-v4/topics/Arithmetic/subtopics/Percentage/PCT-001/question-language.en.json","artifacts/api-server/src/quant-v4/topics/Arithmetic/subtopics/Percentage/PCT-001/library.ts","PCT-001","generatePct001Parameters -> PCT-CP-002 -> PCT-QL-217 -> getQuestionEntry(question-language.en.json) -> renderTemplate -> CSV","If 80% of a number is 200, find 10% of that number.","NO","APPROVED"
"PCT-CP-002:PCT-QL-217:25241","PCT-CP-002","percentOfKnownNumber","PCT-QL-217","en","PCT-CP-002:families:PCT-QL-217","PCT-QL-217","artifacts/api-server/src/quant-v4/topics/Arithmetic/subtopics/Percentage/PCT-001/question-language.en.json","artifacts/api-server/src/quant-v4/topics/Arithmetic/subtopics/Percentage/PCT-001/library.ts","PCT-001","generatePct001Parameters -> PCT-CP-002 -> PCT-QL-217 -> getQuestionEntry(question-language.en.json) -> renderTemplate -> CSV","If 10% of a number is 150, find 15% of that number.","NO","APPROVED"
"PCT-CP-002:PCT-QL-217:25244","PCT-CP-002","percentOfKnownNumber","PCT-QL-217","en","PCT-CP-002:families:PCT-QL-217","PCT-QL-217","artifacts/api-server/src/quant-v4/topics/Arithmetic/subtopics/Percentage/PCT-001/question-language.en.json","artifacts/api-server/src/quant-v4/topics/Arithmetic/subtopics/Percentage/PCT-001/library.ts","PCT-001","generatePct001Parameters -> PCT-CP-002 -> PCT-QL-217 -> getQuestionEntry(question-language.en.json) -> renderTemplate -> CSV","If 50% of a number is 500, find 30% of that number.","NO","APPROVED"
"PCT-CP-002:PCT-QL-217:25269","PCT-CP-002","percentOfKnownNumber","PCT-QL-217","en","PCT-CP-002:families:PCT-QL-217","PCT-QL-217","artifacts/api-server/src/quant-v4/topics/Arithmetic/subtopics/Percentage/PCT-001/question-language.en.json","artifacts/api-server/src/quant-v4/topics/Arithmetic/subtopics/Percentage/PCT-001/library.ts","PCT-001","generatePct001Parameters -> PCT-CP-002 -> PCT-QL-217 -> getQuestionEntry(question-language.en.json) -> renderTemplate -> CSV","If 20% of a number is 400, find 40% of that number.","NO","APPROVED"
"PCT-CP-002:PCT-QL-217:25270","PCT-CP-002","percentOfKnownNumber","PCT-QL-217","en","PCT-CP-002:families:PCT-QL-217","PCT-QL-217","artifacts/api-server/src/quant-v4/topics/Arithmetic/subtopics/Percentage/PCT-001/question-language.en.json","artifacts/api-server/src/quant-v4/topics/Arithmetic/subtopics/Percentage/PCT-001/library.ts","PCT-001","generatePct001Parameters -> PCT-CP-002 -> PCT-QL-217 -> getQuestionEntry(question-language.en.json) -> renderTemplate -> CSV","If 25% of a number is 300, find 50% of that number.","NO","APPROVED"
"PCT-CP-002:PCT-QL-217:25272","PCT-CP-002","percentOfKnownNumber","PCT-QL-217","en","PCT-CP-002:families:PCT-QL-217","PCT-QL-217","artifacts/api-server/src/quant-v4/topics/Arithmetic/subtopics/Percentage/PCT-001/question-language.en.json","artifacts/api-server/src/quant-v4/topics/Arithmetic/subtopics/Percentage/PCT-001/library.ts","PCT-001","generatePct001Parameters -> PCT-CP-002 -> PCT-QL-217 -> getQuestionEntry(question-language.en.json) -> renderTemplate -> CSV","If 80% of a number is 200, find 10% of that number.","NO","APPROVED"
"PCT-CP-002:PCT-QL-217:25273","PCT-CP-002","percentOfKnownNumber","PCT-QL-217","en","PCT-CP-002:families:PCT-QL-217","PCT-QL-217","artifacts/api-server/src/quant-v4/topics/Arithmetic/subtopics/Percentage/PCT-001/question-language.en.json","artifacts/api-server/src/quant-v4/topics/Arithmetic/subtopics/Percentage/PCT-001/library.ts","PCT-001","generatePct001Parameters -> PCT-CP-002 -> PCT-QL-217 -> getQuestionEntry(question-language.en.json) -> renderTemplate -> CSV","If 10% of a number is 150, find 15% of that number.","NO","APPROVED"
"PCT-CP-002:PCT-QL-217:25275","PCT-CP-002","percentOfKnownNumber","PCT-QL-217","en","PCT-CP-002:families:PCT-QL-217","PCT-QL-217","artifacts/api-server/src/quant-v4/topics/Arithmetic/subtopics/Percentage/PCT-001/question-language.en.json","artifacts/api-server/src/quant-v4/topics/Arithmetic/subtopics/Percentage/PCT-001/library.ts","PCT-001","generatePct001Parameters -> PCT-CP-002 -> PCT-QL-217 -> getQuestionEntry(question-language.en.json) -> renderTemplate -> CSV","If 20% of a number is 600, find 25% of that number.","NO","APPROVED"
"PCT-CP-002:PCT-QL-217:25276","PCT-CP-002","percentOfKnownNumber","PCT-QL-217","en","PCT-CP-002:families:PCT-QL-217","PCT-QL-217","artifacts/api-server/src/quant-v4/topics/Arithmetic/subtopics/Percentage/PCT-001/question-language.en.json","artifacts/api-server/src/quant-v4/topics/Arithmetic/subtopics/Percentage/PCT-001/library.ts","PCT-001","generatePct001Parameters -> PCT-CP-002 -> PCT-QL-217 -> getQuestionEntry(question-language.en.json) -> renderTemplate -> CSV","If 25% of a number is 500, find 30% of that number.","NO","APPROVED"
"PCT-CP-002:PCT-QL-217:25300","PCT-CP-002","percentOfKnownNumber","PCT-QL-217","en","PCT-CP-002:families:PCT-QL-217","PCT-QL-217","artifacts/api-server/src/quant-v4/topics/Arithmetic/subtopics/Percentage/PCT-001/question-language.en.json","artifacts/api-server/src/quant-v4/topics/Arithmetic/subtopics/Percentage/PCT-001/library.ts","PCT-001","generatePct001Parameters -> PCT-CP-002 -> PCT-QL-217 -> getQuestionEntry(question-language.en.json) -> renderTemplate -> CSV","If 50% of a number is 500, find 30% of that number.","NO","APPROVED"
"PCT-CP-002:PCT-QL-217:25301","PCT-CP-002","percentOfKnownNumber","PCT-QL-217","en","PCT-CP-002:families:PCT-QL-217","PCT-QL-217","artifacts/api-server/src/quant-v4/topics/Arithmetic/subtopics/Percentage/PCT-001/question-language.en.json","artifacts/api-server/src/quant-v4/topics/Arithmetic/subtopics/Percentage/PCT-001/library.ts","PCT-001","generatePct001Parameters -> PCT-CP-002 -> PCT-QL-217 -> getQuestionEntry(question-language.en.json) -> renderTemplate -> CSV","If 20% of a number is 400, find 40% of that number.","NO","APPROVED"
"PCT-CP-002:PCT-QL-217:25302","PCT-CP-002","percentOfKnownNumber","PCT-QL-217","en","PCT-CP-002:families:PCT-QL-217","PCT-QL-217","artifacts/api-server/src/quant-v4/topics/Arithmetic/subtopics/Percentage/PCT-001/question-language.en.json","artifacts/api-server/src/quant-v4/topics/Arithmetic/subtopics/Percentage/PCT-001/library.ts","PCT-001","generatePct001Parameters -> PCT-CP-002 -> PCT-QL-217 -> getQuestionEntry(question-language.en.json) -> renderTemplate -> CSV","If 25% of a number is 300, find 50% of that number.","NO","APPROVED"
"PCT-CP-002:PCT-QL-217:25304","PCT-CP-002","percentOfKnownNumber","PCT-QL-217","en","PCT-CP-002:families:PCT-QL-217","PCT-QL-217","artifacts/api-server/src/quant-v4/topics/Arithmetic/subtopics/Percentage/PCT-001/question-language.en.json","artifacts/api-server/src/quant-v4/topics/Arithmetic/subtopics/Percentage/PCT-001/library.ts","PCT-001","generatePct001Parameters -> PCT-CP-002 -> PCT-QL-217 -> getQuestionEntry(question-language.en.json) -> renderTemplate -> CSV","If 40% of a number is 200, find 10% of that number.","NO","APPROVED"
"PCT-CP-002:PCT-QL-217:25305","PCT-CP-002","percentOfKnownNumber","PCT-QL-217","en","PCT-CP-002:families:PCT-QL-217","PCT-QL-217","artifacts/api-server/src/quant-v4/topics/Arithmetic/subtopics/Percentage/PCT-001/question-language.en.json","artifacts/api-server/src/quant-v4/topics/Arithmetic/subtopics/Percentage/PCT-001/library.ts","PCT-001","generatePct001Parameters -> PCT-CP-002 -> PCT-QL-217 -> getQuestionEntry(question-language.en.json) -> renderTemplate -> CSV","If 45% of a number is 150, find 15% of that number.","NO","APPROVED"
"PCT-CP-002:PCT-QL-217:25307","PCT-CP-002","percentOfKnownNumber","PCT-QL-217","en","PCT-CP-002:families:PCT-QL-217","PCT-QL-217","artifacts/api-server/src/quant-v4/topics/Arithmetic/subtopics/Percentage/PCT-001/question-language.en.json","artifacts/api-server/src/quant-v4/topics/Arithmetic/subtopics/Percentage/PCT-001/library.ts","PCT-001","generatePct001Parameters -> PCT-CP-002 -> PCT-QL-217 -> getQuestionEntry(question-language.en.json) -> renderTemplate -> CSV","If 20% of a number is 600, find 25% of that number.","NO","APPROVED"
"PCT-CP-002:PCT-QL-217:25308","PCT-CP-002","percentOfKnownNumber","PCT-QL-217","en","PCT-CP-002:families:PCT-QL-217","PCT-QL-217","artifacts/api-server/src/quant-v4/topics/Arithmetic/subtopics/Percentage/PCT-001/question-language.en.json","artifacts/api-server/src/quant-v4/topics/Arithmetic/subtopics/Percentage/PCT-001/library.ts","PCT-001","generatePct001Parameters -> PCT-CP-002 -> PCT-QL-217 -> getQuestionEntry(question-language.en.json) -> renderTemplate -> CSV","If 25% of a number is 500, find 30% of that number.","NO","APPROVED"
"PCT-CP-002:PCT-QL-217:25330","PCT-CP-002","percentOfKnownNumber","PCT-QL-217","en","PCT-CP-002:families:PCT-QL-217","PCT-QL-217","artifacts/api-server/src/quant-v4/topics/Arithmetic/subtopics/Percentage/PCT-001/question-language.en.json","artifacts/api-server/src/quant-v4/topics/Arithmetic/subtopics/Percentage/PCT-001/library.ts","PCT-001","generatePct001Parameters -> PCT-CP-002 -> PCT-QL-217 -> getQuestionEntry(question-language.en.json) -> renderTemplate -> CSV","If 40% of a number is 100, find 20% of that number.","NO","APPROVED"
"PCT-CP-002:PCT-QL-217:25332","PCT-CP-002","percentOfKnownNumber","PCT-QL-217","en","PCT-CP-002:families:PCT-QL-217","PCT-QL-217","artifacts/api-server/src/quant-v4/topics/Arithmetic/subtopics/Percentage/PCT-001/question-language.en.json","artifacts/api-server/src/quant-v4/topics/Arithmetic/subtopics/Percentage/PCT-001/library.ts","PCT-001","generatePct001Parameters -> PCT-CP-002 -> PCT-QL-217 -> getQuestionEntry(question-language.en.json) -> renderTemplate -> CSV","If 50% of a number is 500, find 30% of that number.","NO","APPROVED"
"PCT-CP-002:PCT-QL-217:25336","PCT-CP-002","percentOfKnownNumber","PCT-QL-217","en","PCT-CP-002:families:PCT-QL-217","PCT-QL-217","artifacts/api-server/src/quant-v4/topics/Arithmetic/subtopics/Percentage/PCT-001/question-language.en.json","artifacts/api-server/src/quant-v4/topics/Arithmetic/subtopics/Percentage/PCT-001/library.ts","PCT-001","generatePct001Parameters -> PCT-CP-002 -> PCT-QL-217 -> getQuestionEntry(question-language.en.json) -> renderTemplate -> CSV","If 40% of a number is 200, find 10% of that number.","NO","APPROVED"
"PCT-CP-002:PCT-QL-217:25337","PCT-CP-002","percentOfKnownNumber","PCT-QL-217","en","PCT-CP-002:families:PCT-QL-217","PCT-QL-217","artifacts/api-server/src/quant-v4/topics/Arithmetic/subtopics/Percentage/PCT-001/question-language.en.json","artifacts/api-server/src/quant-v4/topics/Arithmetic/subtopics/Percentage/PCT-001/library.ts","PCT-001","generatePct001Parameters -> PCT-CP-002 -> PCT-QL-217 -> getQuestionEntry(question-language.en.json) -> renderTemplate -> CSV","If 45% of a number is 150, find 15% of that number.","NO","APPROVED"
"PCT-CP-002:PCT-QL-217:25338","PCT-CP-002","percentOfKnownNumber","PCT-QL-217","en","PCT-CP-002:families:PCT-QL-217","PCT-QL-217","artifacts/api-server/src/quant-v4/topics/Arithmetic/subtopics/Percentage/PCT-001/question-language.en.json","artifacts/api-server/src/quant-v4/topics/Arithmetic/subtopics/Percentage/PCT-001/library.ts","PCT-001","generatePct001Parameters -> PCT-CP-002 -> PCT-QL-217 -> getQuestionEntry(question-language.en.json) -> renderTemplate -> CSV","If 50% of a number is 100, find 20% of that number.","NO","APPROVED"
"PCT-CP-002:PCT-QL-217:25339","PCT-CP-002","percentOfKnownNumber","PCT-QL-217","en","PCT-CP-002:families:PCT-QL-217","PCT-QL-217","artifacts/api-server/src/quant-v4/topics/Arithmetic/subtopics/Percentage/PCT-001/question-language.en.json","artifacts/api-server/src/quant-v4/topics/Arithmetic/subtopics/Percentage/PCT-001/library.ts","PCT-001","generatePct001Parameters -> PCT-CP-002 -> PCT-QL-217 -> getQuestionEntry(question-language.en.json) -> renderTemplate -> CSV","If 60% of a number is 600, find 25% of that number.","NO","APPROVED"
"PCT-CP-002:PCT-QL-217:25361","PCT-CP-002","percentOfKnownNumber","PCT-QL-217","en","PCT-CP-002:families:PCT-QL-217","PCT-QL-217","artifacts/api-server/src/quant-v4/topics/Arithmetic/subtopics/Percentage/PCT-001/question-language.en.json","artifacts/api-server/src/quant-v4/topics/Arithmetic/subtopics/Percentage/PCT-001/library.ts","PCT-001","generatePct001Parameters -> PCT-CP-002 -> PCT-QL-217 -> getQuestionEntry(question-language.en.json) -> renderTemplate -> CSV","If 10% of a number is 150, find 15% of that number.","NO","APPROVED"
"PCT-CP-002:PCT-QL-217:25363","PCT-CP-002","percentOfKnownNumber","PCT-QL-217","en","PCT-CP-002:families:PCT-QL-217","PCT-QL-217","artifacts/api-server/src/quant-v4/topics/Arithmetic/subtopics/Percentage/PCT-001/question-language.en.json","artifacts/api-server/src/quant-v4/topics/Arithmetic/subtopics/Percentage/PCT-001/library.ts","PCT-001","generatePct001Parameters -> PCT-CP-002 -> PCT-QL-217 -> getQuestionEntry(question-language.en.json) -> renderTemplate -> CSV","If 20% of a number is 600, find 25% of that number.","NO","APPROVED"
"PCT-CP-002:PCT-QL-217:25364","PCT-CP-002","percentOfKnownNumber","PCT-QL-217","en","PCT-CP-002:families:PCT-QL-217","PCT-QL-217","artifacts/api-server/src/quant-v4/topics/Arithmetic/subtopics/Percentage/PCT-001/question-language.en.json","artifacts/api-server/src/quant-v4/topics/Arithmetic/subtopics/Percentage/PCT-001/library.ts","PCT-001","generatePct001Parameters -> PCT-CP-002 -> PCT-QL-217 -> getQuestionEntry(question-language.en.json) -> renderTemplate -> CSV","If 50% of a number is 500, find 30% of that number.","NO","APPROVED"
"PCT-CP-002:PCT-QL-317:38010","PCT-CP-002","percentOfKnownNumber","PCT-QL-317","en","PCT-CP-002:families:PCT-QL-317","PCT-QL-317","artifacts/api-server/src/quant-v4/topics/Arithmetic/subtopics/Percentage/PCT-001/question-language.en.json","artifacts/api-server/src/quant-v4/topics/Arithmetic/subtopics/Percentage/PCT-001/library.ts","PCT-001","generatePct001Parameters -> PCT-CP-002 -> PCT-QL-317 -> getQuestionEntry(question-language.en.json) -> renderTemplate -> CSV","If the following conditions hold: If 25% of a number is 100, find 20% of that number.","NO","APPROVED"
"PCT-CP-002:PCT-QL-317:38011","PCT-CP-002","percentOfKnownNumber","PCT-QL-317","en","PCT-CP-002:families:PCT-QL-317","PCT-QL-317","artifacts/api-server/src/quant-v4/topics/Arithmetic/subtopics/Percentage/PCT-001/question-language.en.json","artifacts/api-server/src/quant-v4/topics/Arithmetic/subtopics/Percentage/PCT-001/library.ts","PCT-001","generatePct001Parameters -> PCT-CP-002 -> PCT-QL-317 -> getQuestionEntry(question-language.en.json) -> renderTemplate -> CSV","If the following conditions hold: If 60% of a number is 600, find 25% of that number.","NO","APPROVED"
"PCT-CP-002:PCT-QL-317:38013","PCT-CP-002","percentOfKnownNumber","PCT-QL-317","en","PCT-CP-002:families:PCT-QL-317","PCT-QL-317","artifacts/api-server/src/quant-v4/topics/Arithmetic/subtopics/Percentage/PCT-001/question-language.en.json","artifacts/api-server/src/quant-v4/topics/Arithmetic/subtopics/Percentage/PCT-001/library.ts","PCT-001","generatePct001Parameters -> PCT-CP-002 -> PCT-QL-317 -> getQuestionEntry(question-language.en.json) -> renderTemplate -> CSV","If the following conditions hold: If 10% of a number is 400, find 40% of that number.","NO","APPROVED"
"PCT-CP-002:PCT-QL-317:38014","PCT-CP-002","percentOfKnownNumber","PCT-QL-317","en","PCT-CP-002:families:PCT-QL-317","PCT-QL-317","artifacts/api-server/src/quant-v4/topics/Arithmetic/subtopics/Percentage/PCT-001/question-language.en.json","artifacts/api-server/src/quant-v4/topics/Arithmetic/subtopics/Percentage/PCT-001/library.ts","PCT-001","generatePct001Parameters -> PCT-CP-002 -> PCT-QL-317 -> getQuestionEntry(question-language.en.json) -> renderTemplate -> CSV","If the following conditions hold: If 15% of a number is 300, find 50% of that number.","NO","APPROVED"
"PCT-CP-002:PCT-QL-317:38015","PCT-CP-002","percentOfKnownNumber","PCT-QL-317","en","PCT-CP-002:families:PCT-QL-317","PCT-QL-317","artifacts/api-server/src/quant-v4/topics/Arithmetic/subtopics/Percentage/PCT-001/question-language.en.json","artifacts/api-server/src/quant-v4/topics/Arithmetic/subtopics/Percentage/PCT-001/library.ts","PCT-001","generatePct001Parameters -> PCT-CP-002 -> PCT-QL-317 -> getQuestionEntry(question-language.en.json) -> renderTemplate -> CSV","If the following conditions hold: If 20% of a number is 250, find 60% of that number.","NO","APPROVED"
"PCT-CP-002:PCT-QL-317:38016","PCT-CP-002","percentOfKnownNumber","PCT-QL-317","en","PCT-CP-002:families:PCT-QL-317","PCT-QL-317","artifacts/api-server/src/quant-v4/topics/Arithmetic/subtopics/Percentage/PCT-001/question-language.en.json","artifacts/api-server/src/quant-v4/topics/Arithmetic/subtopics/Percentage/PCT-001/library.ts","PCT-001","generatePct001Parameters -> PCT-CP-002 -> PCT-QL-317 -> getQuestionEntry(question-language.en.json) -> renderTemplate -> CSV","If the following conditions hold: If 50% of a number is 200, find 10% of that number.","NO","APPROVED"
"PCT-CP-002:PCT-QL-317:38042","PCT-CP-002","percentOfKnownNumber","PCT-QL-317","en","PCT-CP-002:families:PCT-QL-317","PCT-QL-317","artifacts/api-server/src/quant-v4/topics/Arithmetic/subtopics/Percentage/PCT-001/question-language.en.json","artifacts/api-server/src/quant-v4/topics/Arithmetic/subtopics/Percentage/PCT-001/library.ts","PCT-001","generatePct001Parameters -> PCT-CP-002 -> PCT-QL-317 -> getQuestionEntry(question-language.en.json) -> renderTemplate -> CSV","If the following conditions hold: If 25% of a number is 100, find 20% of that number.","NO","APPROVED"
"PCT-CP-002:PCT-QL-317:38043","PCT-CP-002","percentOfKnownNumber","PCT-QL-317","en","PCT-CP-002:families:PCT-QL-317","PCT-QL-317","artifacts/api-server/src/quant-v4/topics/Arithmetic/subtopics/Percentage/PCT-001/question-language.en.json","artifacts/api-server/src/quant-v4/topics/Arithmetic/subtopics/Percentage/PCT-001/library.ts","PCT-001","generatePct001Parameters -> PCT-CP-002 -> PCT-QL-317 -> getQuestionEntry(question-language.en.json) -> renderTemplate -> CSV","If the following conditions hold: If 30% of a number is 600, find 25% of that number.","NO","APPROVED"
"PCT-CP-002:PCT-QL-317:38044","PCT-CP-002","percentOfKnownNumber","PCT-QL-317","en","PCT-CP-002:families:PCT-QL-317","PCT-QL-317","artifacts/api-server/src/quant-v4/topics/Arithmetic/subtopics/Percentage/PCT-001/question-language.en.json","artifacts/api-server/src/quant-v4/topics/Arithmetic/subtopics/Percentage/PCT-001/library.ts","PCT-001","generatePct001Parameters -> PCT-CP-002 -> PCT-QL-317 -> getQuestionEntry(question-language.en.json) -> renderTemplate -> CSV","If the following conditions hold: If 40% of a number is 500, find 30% of that number.","NO","APPROVED"
"PCT-CP-002:PCT-QL-317:38045","PCT-CP-002","percentOfKnownNumber","PCT-QL-317","en","PCT-CP-002:families:PCT-QL-317","PCT-QL-317","artifacts/api-server/src/quant-v4/topics/Arithmetic/subtopics/Percentage/PCT-001/question-language.en.json","artifacts/api-server/src/quant-v4/topics/Arithmetic/subtopics/Percentage/PCT-001/library.ts","PCT-001","generatePct001Parameters -> PCT-CP-002 -> PCT-QL-317 -> getQuestionEntry(question-language.en.json) -> renderTemplate -> CSV","If the following conditions hold: If 10% of a number is 400, find 40% of that number.","NO","APPROVED"
"PCT-CP-002:PCT-QL-317:38046","PCT-CP-002","percentOfKnownNumber","PCT-QL-317","en","PCT-CP-002:families:PCT-QL-317","PCT-QL-317","artifacts/api-server/src/quant-v4/topics/Arithmetic/subtopics/Percentage/PCT-001/question-language.en.json","artifacts/api-server/src/quant-v4/topics/Arithmetic/subtopics/Percentage/PCT-001/library.ts","PCT-001","generatePct001Parameters -> PCT-CP-002 -> PCT-QL-317 -> getQuestionEntry(question-language.en.json) -> renderTemplate -> CSV","If the following conditions hold: If 15% of a number is 300, find 50% of that number.","NO","APPROVED"
"PCT-CP-002:PCT-QL-317:38047","PCT-CP-002","percentOfKnownNumber","PCT-QL-317","en","PCT-CP-002:families:PCT-QL-317","PCT-QL-317","artifacts/api-server/src/quant-v4/topics/Arithmetic/subtopics/Percentage/PCT-001/question-language.en.json","artifacts/api-server/src/quant-v4/topics/Arithmetic/subtopics/Percentage/PCT-001/library.ts","PCT-001","generatePct001Parameters -> PCT-CP-002 -> PCT-QL-317 -> getQuestionEntry(question-language.en.json) -> renderTemplate -> CSV","If the following conditions hold: If 20% of a number is 250, find 60% of that number.","NO","APPROVED"
"PCT-CP-002:PCT-QL-317:38048","PCT-CP-002","percentOfKnownNumber","PCT-QL-317","en","PCT-CP-002:families:PCT-QL-317","PCT-QL-317","artifacts/api-server/src/quant-v4/topics/Arithmetic/subtopics/Percentage/PCT-001/question-language.en.json","artifacts/api-server/src/quant-v4/topics/Arithmetic/subtopics/Percentage/PCT-001/library.ts","PCT-001","generatePct001Parameters -> PCT-CP-002 -> PCT-QL-317 -> getQuestionEntry(question-language.en.json) -> renderTemplate -> CSV","If the following conditions hold: If 25% of a number is 200, find 10% of that number.","NO","APPROVED"
"PCT-CP-002:PCT-QL-317:38070","PCT-CP-002","percentOfKnownNumber","PCT-QL-317","en","PCT-CP-002:families:PCT-QL-317","PCT-QL-317","artifacts/api-server/src/quant-v4/topics/Arithmetic/subtopics/Percentage/PCT-001/question-language.en.json","artifacts/api-server/src/quant-v4/topics/Arithmetic/subtopics/Percentage/PCT-001/library.ts","PCT-001","generatePct001Parameters -> PCT-CP-002 -> PCT-QL-317 -> getQuestionEntry(question-language.en.json) -> renderTemplate -> CSV","If the following conditions hold: If 40% of a number is 300, find 50% of that number.","NO","APPROVED"
"PCT-CP-002:PCT-QL-317:38072","PCT-CP-002","percentOfKnownNumber","PCT-QL-317","en","PCT-CP-002:families:PCT-QL-317","PCT-QL-317","artifacts/api-server/src/quant-v4/topics/Arithmetic/subtopics/Percentage/PCT-001/question-language.en.json","artifacts/api-server/src/quant-v4/topics/Arithmetic/subtopics/Percentage/PCT-001/library.ts","PCT-001","generatePct001Parameters -> PCT-CP-002 -> PCT-QL-317 -> getQuestionEntry(question-language.en.json) -> renderTemplate -> CSV","If the following conditions hold: If 50% of a number is 200, find 10% of that number.","NO","APPROVED"
"PCT-CP-002:PCT-QL-317:38074","PCT-CP-002","percentOfKnownNumber","PCT-QL-317","en","PCT-CP-002:families:PCT-QL-317","PCT-QL-317","artifacts/api-server/src/quant-v4/topics/Arithmetic/subtopics/Percentage/PCT-001/question-language.en.json","artifacts/api-server/src/quant-v4/topics/Arithmetic/subtopics/Percentage/PCT-001/library.ts","PCT-001","generatePct001Parameters -> PCT-CP-002 -> PCT-QL-317 -> getQuestionEntry(question-language.en.json) -> renderTemplate -> CSV","If the following conditions hold: If 25% of a number is 100, find 20% of that number.","NO","APPROVED"
"PCT-CP-002:PCT-QL-317:38075","PCT-CP-002","percentOfKnownNumber","PCT-QL-317","en","PCT-CP-002:families:PCT-QL-317","PCT-QL-317","artifacts/api-server/src/quant-v4/topics/Arithmetic/subtopics/Percentage/PCT-001/question-language.en.json","artifacts/api-server/src/quant-v4/topics/Arithmetic/subtopics/Percentage/PCT-001/library.ts","PCT-001","generatePct001Parameters -> PCT-CP-002 -> PCT-QL-317 -> getQuestionEntry(question-language.en.json) -> renderTemplate -> CSV","If the following conditions hold: If 30% of a number is 600, find 25% of that number.","NO","APPROVED"
"PCT-CP-002:PCT-QL-317:38076","PCT-CP-002","percentOfKnownNumber","PCT-QL-317","en","PCT-CP-002:families:PCT-QL-317","PCT-QL-317","artifacts/api-server/src/quant-v4/topics/Arithmetic/subtopics/Percentage/PCT-001/question-language.en.json","artifacts/api-server/src/quant-v4/topics/Arithmetic/subtopics/Percentage/PCT-001/library.ts","PCT-001","generatePct001Parameters -> PCT-CP-002 -> PCT-QL-317 -> getQuestionEntry(question-language.en.json) -> renderTemplate -> CSV","If the following conditions hold: If 40% of a number is 500, find 30% of that number.","NO","APPROVED"
"PCT-CP-002:PCT-QL-317:38078","PCT-CP-002","percentOfKnownNumber","PCT-QL-317","en","PCT-CP-002:families:PCT-QL-317","PCT-QL-317","artifacts/api-server/src/quant-v4/topics/Arithmetic/subtopics/Percentage/PCT-001/question-language.en.json","artifacts/api-server/src/quant-v4/topics/Arithmetic/subtopics/Percentage/PCT-001/library.ts","PCT-001","generatePct001Parameters -> PCT-CP-002 -> PCT-QL-317 -> getQuestionEntry(question-language.en.json) -> renderTemplate -> CSV","If the following conditions hold: If 50% of a number is 300, find 50% of that number.","NO","APPROVED"
"PCT-CP-002:PCT-QL-317:38079","PCT-CP-002","percentOfKnownNumber","PCT-QL-317","en","PCT-CP-002:families:PCT-QL-317","PCT-QL-317","artifacts/api-server/src/quant-v4/topics/Arithmetic/subtopics/Percentage/PCT-001/question-language.en.json","artifacts/api-server/src/quant-v4/topics/Arithmetic/subtopics/Percentage/PCT-001/library.ts","PCT-001","generatePct001Parameters -> PCT-CP-002 -> PCT-QL-317 -> getQuestionEntry(question-language.en.json) -> renderTemplate -> CSV","If the following conditions hold: If 20% of a number is 250, find 60% of that number.","NO","APPROVED"
"PCT-CP-002:PCT-QL-317:38101","PCT-CP-002","percentOfKnownNumber","PCT-QL-317","en","PCT-CP-002:families:PCT-QL-317","PCT-QL-317","artifacts/api-server/src/quant-v4/topics/Arithmetic/subtopics/Percentage/PCT-001/question-language.en.json","artifacts/api-server/src/quant-v4/topics/Arithmetic/subtopics/Percentage/PCT-001/library.ts","PCT-001","generatePct001Parameters -> PCT-CP-002 -> PCT-QL-317 -> getQuestionEntry(question-language.en.json) -> renderTemplate -> CSV","If the following conditions hold: If 10% of a number is 400, find 40% of that number.","NO","APPROVED"
"PCT-CP-002:PCT-QL-317:38102","PCT-CP-002","percentOfKnownNumber","PCT-QL-317","en","PCT-CP-002:families:PCT-QL-317","PCT-QL-317","artifacts/api-server/src/quant-v4/topics/Arithmetic/subtopics/Percentage/PCT-001/question-language.en.json","artifacts/api-server/src/quant-v4/topics/Arithmetic/subtopics/Percentage/PCT-001/library.ts","PCT-001","generatePct001Parameters -> PCT-CP-002 -> PCT-QL-317 -> getQuestionEntry(question-language.en.json) -> renderTemplate -> CSV","If the following conditions hold: If 15% of a number is 300, find 50% of that number.","NO","APPROVED"
"PCT-CP-002:PCT-QL-317:38104","PCT-CP-002","percentOfKnownNumber","PCT-QL-317","en","PCT-CP-002:families:PCT-QL-317","PCT-QL-317","artifacts/api-server/src/quant-v4/topics/Arithmetic/subtopics/Percentage/PCT-001/question-language.en.json","artifacts/api-server/src/quant-v4/topics/Arithmetic/subtopics/Percentage/PCT-001/library.ts","PCT-001","generatePct001Parameters -> PCT-CP-002 -> PCT-QL-317 -> getQuestionEntry(question-language.en.json) -> renderTemplate -> CSV","If the following conditions hold: If 50% of a number is 200, find 10% of that number.","NO","APPROVED"
"PCT-CP-002:PCT-QL-317:38106","PCT-CP-002","percentOfKnownNumber","PCT-QL-317","en","PCT-CP-002:families:PCT-QL-317","PCT-QL-317","artifacts/api-server/src/quant-v4/topics/Arithmetic/subtopics/Percentage/PCT-001/question-language.en.json","artifacts/api-server/src/quant-v4/topics/Arithmetic/subtopics/Percentage/PCT-001/library.ts","PCT-001","generatePct001Parameters -> PCT-CP-002 -> PCT-QL-317 -> getQuestionEntry(question-language.en.json) -> renderTemplate -> CSV","If the following conditions hold: If 80% of a number is 100, find 20% of that number.","NO","APPROVED"
"PCT-CP-002:PCT-QL-317:38107","PCT-CP-002","percentOfKnownNumber","PCT-QL-317","en","PCT-CP-002:families:PCT-QL-317","PCT-QL-317","artifacts/api-server/src/quant-v4/topics/Arithmetic/subtopics/Percentage/PCT-001/question-language.en.json","artifacts/api-server/src/quant-v4/topics/Arithmetic/subtopics/Percentage/PCT-001/library.ts","PCT-001","generatePct001Parameters -> PCT-CP-002 -> PCT-QL-317 -> getQuestionEntry(question-language.en.json) -> renderTemplate -> CSV","If the following conditions hold: If 10% of a number is 600, find 25% of that number.","NO","APPROVED"
"PCT-CP-002:PCT-QL-317:38108","PCT-CP-002","percentOfKnownNumber","PCT-QL-317","en","PCT-CP-002:families:PCT-QL-317","PCT-QL-317","artifacts/api-server/src/quant-v4/topics/Arithmetic/subtopics/Percentage/PCT-001/question-language.en.json","artifacts/api-server/src/quant-v4/topics/Arithmetic/subtopics/Percentage/PCT-001/library.ts","PCT-001","generatePct001Parameters -> PCT-CP-002 -> PCT-QL-317 -> getQuestionEntry(question-language.en.json) -> renderTemplate -> CSV","If the following conditions hold: If 40% of a number is 500, find 30% of that number.","NO","APPROVED"
"PCT-CP-002:PCT-QL-317:38110","PCT-CP-002","percentOfKnownNumber","PCT-QL-317","en","PCT-CP-002:families:PCT-QL-317","PCT-QL-317","artifacts/api-server/src/quant-v4/topics/Arithmetic/subtopics/Percentage/PCT-001/question-language.en.json","artifacts/api-server/src/quant-v4/topics/Arithmetic/subtopics/Percentage/PCT-001/library.ts","PCT-001","generatePct001Parameters -> PCT-CP-002 -> PCT-QL-317 -> getQuestionEntry(question-language.en.json) -> renderTemplate -> CSV","If the following conditions hold: If 50% of a number is 300, find 50% of that number.","NO","APPROVED"
"PCT-CP-002:PCT-QL-317:38133","PCT-CP-002","percentOfKnownNumber","PCT-QL-317","en","PCT-CP-002:families:PCT-QL-317","PCT-QL-317","artifacts/api-server/src/quant-v4/topics/Arithmetic/subtopics/Percentage/PCT-001/question-language.en.json","artifacts/api-server/src/quant-v4/topics/Arithmetic/subtopics/Percentage/PCT-001/library.ts","PCT-001","generatePct001Parameters -> PCT-CP-002 -> PCT-QL-317 -> getQuestionEntry(question-language.en.json) -> renderTemplate -> CSV","If the following conditions hold: If 10% of a number is 400, find 40% of that number.","NO","APPROVED"
"PCT-CP-002:PCT-QL-317:38134","PCT-CP-002","percentOfKnownNumber","PCT-QL-317","en","PCT-CP-002:families:PCT-QL-317","PCT-QL-317","artifacts/api-server/src/quant-v4/topics/Arithmetic/subtopics/Percentage/PCT-001/question-language.en.json","artifacts/api-server/src/quant-v4/topics/Arithmetic/subtopics/Percentage/PCT-001/library.ts","PCT-001","generatePct001Parameters -> PCT-CP-002 -> PCT-QL-317 -> getQuestionEntry(question-language.en.json) -> renderTemplate -> CSV","If the following conditions hold: If 15% of a number is 300, find 50% of that number.","NO","APPROVED"
"PCT-CP-002:PCT-QL-317:38135","PCT-CP-002","percentOfKnownNumber","PCT-QL-317","en","PCT-CP-002:families:PCT-QL-317","PCT-QL-317","artifacts/api-server/src/quant-v4/topics/Arithmetic/subtopics/Percentage/PCT-001/question-language.en.json","artifacts/api-server/src/quant-v4/topics/Arithmetic/subtopics/Percentage/PCT-001/library.ts","PCT-001","generatePct001Parameters -> PCT-CP-002 -> PCT-QL-317 -> getQuestionEntry(question-language.en.json) -> renderTemplate -> CSV","If the following conditions hold: If 20% of a number is 250, find 60% of that number.","NO","APPROVED"
"PCT-CP-002:PCT-QL-317:38136","PCT-CP-002","percentOfKnownNumber","PCT-QL-317","en","PCT-CP-002:families:PCT-QL-317","PCT-QL-317","artifacts/api-server/src/quant-v4/topics/Arithmetic/subtopics/Percentage/PCT-001/question-language.en.json","artifacts/api-server/src/quant-v4/topics/Arithmetic/subtopics/Percentage/PCT-001/library.ts","PCT-001","generatePct001Parameters -> PCT-CP-002 -> PCT-QL-317 -> getQuestionEntry(question-language.en.json) -> renderTemplate -> CSV","If the following conditions hold: If 25% of a number is 200, find 10% of that number.","NO","APPROVED"
"PCT-CP-002:PCT-QL-317:38138","PCT-CP-002","percentOfKnownNumber","PCT-QL-317","en","PCT-CP-002:families:PCT-QL-317","PCT-QL-317","artifacts/api-server/src/quant-v4/topics/Arithmetic/subtopics/Percentage/PCT-001/question-language.en.json","artifacts/api-server/src/quant-v4/topics/Arithmetic/subtopics/Percentage/PCT-001/library.ts","PCT-001","generatePct001Parameters -> PCT-CP-002 -> PCT-QL-317 -> getQuestionEntry(question-language.en.json) -> renderTemplate -> CSV","If the following conditions hold: If 80% of a number is 100, find 20% of that number.","NO","APPROVED"
"PCT-CP-002:PCT-QL-317:38139","PCT-CP-002","percentOfKnownNumber","PCT-QL-317","en","PCT-CP-002:families:PCT-QL-317","PCT-QL-317","artifacts/api-server/src/quant-v4/topics/Arithmetic/subtopics/Percentage/PCT-001/question-language.en.json","artifacts/api-server/src/quant-v4/topics/Arithmetic/subtopics/Percentage/PCT-001/library.ts","PCT-001","generatePct001Parameters -> PCT-CP-002 -> PCT-QL-317 -> getQuestionEntry(question-language.en.json) -> renderTemplate -> CSV","If the following conditions hold: If 10% of a number is 600, find 25% of that number.","NO","APPROVED"
"PCT-CP-002:PCT-QL-317:38141","PCT-CP-002","percentOfKnownNumber","PCT-QL-317","en","PCT-CP-002:families:PCT-QL-317","PCT-QL-317","artifacts/api-server/src/quant-v4/topics/Arithmetic/subtopics/Percentage/PCT-001/question-language.en.json","artifacts/api-server/src/quant-v4/topics/Arithmetic/subtopics/Percentage/PCT-001/library.ts","PCT-001","generatePct001Parameters -> PCT-CP-002 -> PCT-QL-317 -> getQuestionEntry(question-language.en.json) -> renderTemplate -> CSV","If the following conditions hold: If 20% of a number is 400, find 40% of that number.","NO","APPROVED"
"PCT-CP-002:PCT-QL-317:38163","PCT-CP-002","percentOfKnownNumber","PCT-QL-317","en","PCT-CP-002:families:PCT-QL-317","PCT-QL-317","artifacts/api-server/src/quant-v4/topics/Arithmetic/subtopics/Percentage/PCT-001/question-language.en.json","artifacts/api-server/src/quant-v4/topics/Arithmetic/subtopics/Percentage/PCT-001/library.ts","PCT-001","generatePct001Parameters -> PCT-CP-002 -> PCT-QL-317 -> getQuestionEntry(question-language.en.json) -> renderTemplate -> CSV","If the following conditions hold: If 30% of a number is 600, find 25% of that number.","NO","APPROVED"
"PCT-CP-002:PCT-QL-317:38164","PCT-CP-002","percentOfKnownNumber","PCT-QL-317","en","PCT-CP-002:families:PCT-QL-317","PCT-QL-317","artifacts/api-server/src/quant-v4/topics/Arithmetic/subtopics/Percentage/PCT-001/question-language.en.json","artifacts/api-server/src/quant-v4/topics/Arithmetic/subtopics/Percentage/PCT-001/library.ts","PCT-001","generatePct001Parameters -> PCT-CP-002 -> PCT-QL-317 -> getQuestionEntry(question-language.en.json) -> renderTemplate -> CSV","If the following conditions hold: If 40% of a number is 500, find 30% of that number.","NO","APPROVED"
"PCT-CP-002:PCT-QL-317:38166","PCT-CP-002","percentOfKnownNumber","PCT-QL-317","en","PCT-CP-002:families:PCT-QL-317","PCT-QL-317","artifacts/api-server/src/quant-v4/topics/Arithmetic/subtopics/Percentage/PCT-001/question-language.en.json","artifacts/api-server/src/quant-v4/topics/Arithmetic/subtopics/Percentage/PCT-001/library.ts","PCT-001","generatePct001Parameters -> PCT-CP-002 -> PCT-QL-317 -> getQuestionEntry(question-language.en.json) -> renderTemplate -> CSV","If the following conditions hold: If 15% of a number is 300, find 50% of that number.","NO","APPROVED"
"PCT-CP-002:PCT-QL-317:38167","PCT-CP-002","percentOfKnownNumber","PCT-QL-317","en","PCT-CP-002:families:PCT-QL-317","PCT-QL-317","artifacts/api-server/src/quant-v4/topics/Arithmetic/subtopics/Percentage/PCT-001/question-language.en.json","artifacts/api-server/src/quant-v4/topics/Arithmetic/subtopics/Percentage/PCT-001/library.ts","PCT-001","generatePct001Parameters -> PCT-CP-002 -> PCT-QL-317 -> getQuestionEntry(question-language.en.json) -> renderTemplate -> CSV","If the following conditions hold: If 20% of a number is 250, find 60% of that number.","NO","APPROVED"
"PCT-CP-002:PCT-QL-317:38168","PCT-CP-002","percentOfKnownNumber","PCT-QL-317","en","PCT-CP-002:families:PCT-QL-317","PCT-QL-317","artifacts/api-server/src/quant-v4/topics/Arithmetic/subtopics/Percentage/PCT-001/question-language.en.json","artifacts/api-server/src/quant-v4/topics/Arithmetic/subtopics/Percentage/PCT-001/library.ts","PCT-001","generatePct001Parameters -> PCT-CP-002 -> PCT-QL-317 -> getQuestionEntry(question-language.en.json) -> renderTemplate -> CSV","If the following conditions hold: If 25% of a number is 200, find 10% of that number.","NO","APPROVED"
"PCT-CP-002:PCT-QL-317:38169","PCT-CP-002","percentOfKnownNumber","PCT-QL-317","en","PCT-CP-002:families:PCT-QL-317","PCT-QL-317","artifacts/api-server/src/quant-v4/topics/Arithmetic/subtopics/Percentage/PCT-001/question-language.en.json","artifacts/api-server/src/quant-v4/topics/Arithmetic/subtopics/Percentage/PCT-001/library.ts","PCT-001","generatePct001Parameters -> PCT-CP-002 -> PCT-QL-317 -> getQuestionEntry(question-language.en.json) -> renderTemplate -> CSV","If the following conditions hold: If 30% of a number is 150, find 15% of that number.","NO","APPROVED"
"PCT-CP-002:PCT-QL-417:83545","PCT-CP-002","percentOfKnownNumber","PCT-QL-417","en","PCT-CP-002:families:PCT-QL-417","PCT-QL-417","artifacts/api-server/src/quant-v4/topics/Arithmetic/subtopics/Percentage/PCT-001/question-language.en.json","artifacts/api-server/src/quant-v4/topics/Arithmetic/subtopics/Percentage/PCT-001/library.ts","PCT-001","generatePct001Parameters -> PCT-CP-002 -> PCT-QL-417 -> getQuestionEntry(question-language.en.json) -> renderTemplate -> CSV","Based on given parameters, If 10% of a number is 150, find 15% of that number.","NO","APPROVED"
"PCT-CP-002:PCT-QL-417:83548","PCT-CP-002","percentOfKnownNumber","PCT-QL-417","en","PCT-CP-002:families:PCT-QL-417","PCT-QL-417","artifacts/api-server/src/quant-v4/topics/Arithmetic/subtopics/Percentage/PCT-001/question-language.en.json","artifacts/api-server/src/quant-v4/topics/Arithmetic/subtopics/Percentage/PCT-001/library.ts","PCT-001","generatePct001Parameters -> PCT-CP-002 -> PCT-QL-417 -> getQuestionEntry(question-language.en.json) -> renderTemplate -> CSV","Based on given parameters, If 50% of a number is 500, find 30% of that number.","NO","APPROVED"
"PCT-CP-002:PCT-QL-417:83552","PCT-CP-002","percentOfKnownNumber","PCT-QL-417","en","PCT-CP-002:families:PCT-QL-417","PCT-QL-417","artifacts/api-server/src/quant-v4/topics/Arithmetic/subtopics/Percentage/PCT-001/question-language.en.json","artifacts/api-server/src/quant-v4/topics/Arithmetic/subtopics/Percentage/PCT-001/library.ts","PCT-001","generatePct001Parameters -> PCT-CP-002 -> PCT-QL-417 -> getQuestionEntry(question-language.en.json) -> renderTemplate -> CSV","Based on given parameters, If 40% of a number is 200, find 10% of that number.","NO","APPROVED"
"PCT-CP-002:PCT-QL-417:83553","PCT-CP-002","percentOfKnownNumber","PCT-QL-417","en","PCT-CP-002:families:PCT-QL-417","PCT-QL-417","artifacts/api-server/src/quant-v4/topics/Arithmetic/subtopics/Percentage/PCT-001/question-language.en.json","artifacts/api-server/src/quant-v4/topics/Arithmetic/subtopics/Percentage/PCT-001/library.ts","PCT-001","generatePct001Parameters -> PCT-CP-002 -> PCT-QL-417 -> getQuestionEntry(question-language.en.json) -> renderTemplate -> CSV","Based on given parameters, If 45% of a number is 150, find 15% of that number.","NO","APPROVED"
"PCT-CP-002:PCT-QL-417:83554","PCT-CP-002","percentOfKnownNumber","PCT-QL-417","en","PCT-CP-002:families:PCT-QL-417","PCT-QL-417","artifacts/api-server/src/quant-v4/topics/Arithmetic/subtopics/Percentage/PCT-001/question-language.en.json","artifacts/api-server/src/quant-v4/topics/Arithmetic/subtopics/Percentage/PCT-001/library.ts","PCT-001","generatePct001Parameters -> PCT-CP-002 -> PCT-QL-417 -> getQuestionEntry(question-language.en.json) -> renderTemplate -> CSV","Based on given parameters, If 50% of a number is 100, find 20% of that number.","NO","APPROVED"
"PCT-CP-002:PCT-QL-417:83576","PCT-CP-002","percentOfKnownNumber","PCT-QL-417","en","PCT-CP-002:families:PCT-QL-417","PCT-QL-417","artifacts/api-server/src/quant-v4/topics/Arithmetic/subtopics/Percentage/PCT-001/question-language.en.json","artifacts/api-server/src/quant-v4/topics/Arithmetic/subtopics/Percentage/PCT-001/library.ts","PCT-001","generatePct001Parameters -> PCT-CP-002 -> PCT-QL-417 -> getQuestionEntry(question-language.en.json) -> renderTemplate -> CSV","Based on given parameters, If 80% of a number is 200, find 10% of that number.","NO","APPROVED"
"PCT-CP-002:PCT-QL-417:83577","PCT-CP-002","percentOfKnownNumber","PCT-QL-417","en","PCT-CP-002:families:PCT-QL-417","PCT-QL-417","artifacts/api-server/src/quant-v4/topics/Arithmetic/subtopics/Percentage/PCT-001/question-language.en.json","artifacts/api-server/src/quant-v4/topics/Arithmetic/subtopics/Percentage/PCT-001/library.ts","PCT-001","generatePct001Parameters -> PCT-CP-002 -> PCT-QL-417 -> getQuestionEntry(question-language.en.json) -> renderTemplate -> CSV","Based on given parameters, If 10% of a number is 150, find 15% of that number.","NO","APPROVED"
"PCT-CP-002:PCT-QL-417:83579","PCT-CP-002","percentOfKnownNumber","PCT-QL-417","en","PCT-CP-002:families:PCT-QL-417","PCT-QL-417","artifacts/api-server/src/quant-v4/topics/Arithmetic/subtopics/Percentage/PCT-001/question-language.en.json","artifacts/api-server/src/quant-v4/topics/Arithmetic/subtopics/Percentage/PCT-001/library.ts","PCT-001","generatePct001Parameters -> PCT-CP-002 -> PCT-QL-417 -> getQuestionEntry(question-language.en.json) -> renderTemplate -> CSV","Based on given parameters, If 20% of a number is 600, find 25% of that number.","NO","APPROVED"
"PCT-CP-002:PCT-QL-417:83580","PCT-CP-002","percentOfKnownNumber","PCT-QL-417","en","PCT-CP-002:families:PCT-QL-417","PCT-QL-417","artifacts/api-server/src/quant-v4/topics/Arithmetic/subtopics/Percentage/PCT-001/question-language.en.json","artifacts/api-server/src/quant-v4/topics/Arithmetic/subtopics/Percentage/PCT-001/library.ts","PCT-001","generatePct001Parameters -> PCT-CP-002 -> PCT-QL-417 -> getQuestionEntry(question-language.en.json) -> renderTemplate -> CSV","Based on given parameters, If 50% of a number is 500, find 30% of that number.","NO","APPROVED"
"PCT-CP-002:PCT-QL-417:83583","PCT-CP-002","percentOfKnownNumber","PCT-QL-417","en","PCT-CP-002:families:PCT-QL-417","PCT-QL-417","artifacts/api-server/src/quant-v4/topics/Arithmetic/subtopics/Percentage/PCT-001/question-language.en.json","artifacts/api-server/src/quant-v4/topics/Arithmetic/subtopics/Percentage/PCT-001/library.ts","PCT-001","generatePct001Parameters -> PCT-CP-002 -> PCT-QL-417 -> getQuestionEntry(question-language.en.json) -> renderTemplate -> CSV","Based on given parameters, If 10% of a number is 250, find 60% of that number.","NO","APPROVED"
"PCT-CP-002:PCT-QL-417:83585","PCT-CP-002","percentOfKnownNumber","PCT-QL-417","en","PCT-CP-002:families:PCT-QL-417","PCT-QL-417","artifacts/api-server/src/quant-v4/topics/Arithmetic/subtopics/Percentage/PCT-001/question-language.en.json","artifacts/api-server/src/quant-v4/topics/Arithmetic/subtopics/Percentage/PCT-001/library.ts","PCT-001","generatePct001Parameters -> PCT-CP-002 -> PCT-QL-417 -> getQuestionEntry(question-language.en.json) -> renderTemplate -> CSV","Based on given parameters, If 45% of a number is 150, find 15% of that number.","NO","APPROVED"
"PCT-CP-002:PCT-QL-417:83608","PCT-CP-002","percentOfKnownNumber","PCT-QL-417","en","PCT-CP-002:families:PCT-QL-417","PCT-QL-417","artifacts/api-server/src/quant-v4/topics/Arithmetic/subtopics/Percentage/PCT-001/question-language.en.json","artifacts/api-server/src/quant-v4/topics/Arithmetic/subtopics/Percentage/PCT-001/library.ts","PCT-001","generatePct001Parameters -> PCT-CP-002 -> PCT-QL-417 -> getQuestionEntry(question-language.en.json) -> renderTemplate -> CSV","Based on given parameters, If 40% of a number is 200, find 10% of that number.","NO","APPROVED"
"PCT-CP-002:PCT-QL-417:83609","PCT-CP-002","percentOfKnownNumber","PCT-QL-417","en","PCT-CP-002:families:PCT-QL-417","PCT-QL-417","artifacts/api-server/src/quant-v4/topics/Arithmetic/subtopics/Percentage/PCT-001/question-language.en.json","artifacts/api-server/src/quant-v4/topics/Arithmetic/subtopics/Percentage/PCT-001/library.ts","PCT-001","generatePct001Parameters -> PCT-CP-002 -> PCT-QL-417 -> getQuestionEntry(question-language.en.json) -> renderTemplate -> CSV","Based on given parameters, If 10% of a number is 150, find 15% of that number.","NO","APPROVED"
"PCT-CP-002:PCT-QL-417:83611","PCT-CP-002","percentOfKnownNumber","PCT-QL-417","en","PCT-CP-002:families:PCT-QL-417","PCT-QL-417","artifacts/api-server/src/quant-v4/topics/Arithmetic/subtopics/Percentage/PCT-001/question-language.en.json","artifacts/api-server/src/quant-v4/topics/Arithmetic/subtopics/Percentage/PCT-001/library.ts","PCT-001","generatePct001Parameters -> PCT-CP-002 -> PCT-QL-417 -> getQuestionEntry(question-language.en.json) -> renderTemplate -> CSV","Based on given parameters, If 20% of a number is 600, find 25% of that number.","NO","APPROVED"
"PCT-CP-002:PCT-QL-417:83612","PCT-CP-002","percentOfKnownNumber","PCT-QL-417","en","PCT-CP-002:families:PCT-QL-417","PCT-QL-417","artifacts/api-server/src/quant-v4/topics/Arithmetic/subtopics/Percentage/PCT-001/question-language.en.json","artifacts/api-server/src/quant-v4/topics/Arithmetic/subtopics/Percentage/PCT-001/library.ts","PCT-001","generatePct001Parameters -> PCT-CP-002 -> PCT-QL-417 -> getQuestionEntry(question-language.en.json) -> renderTemplate -> CSV","Based on given parameters, If 25% of a number is 500, find 30% of that number.","NO","APPROVED"
"PCT-CP-002:PCT-QL-417:83615","PCT-CP-002","percentOfKnownNumber","PCT-QL-417","en","PCT-CP-002:families:PCT-QL-417","PCT-QL-417","artifacts/api-server/src/quant-v4/topics/Arithmetic/subtopics/Percentage/PCT-001/question-language.en.json","artifacts/api-server/src/quant-v4/topics/Arithmetic/subtopics/Percentage/PCT-001/library.ts","PCT-001","generatePct001Parameters -> PCT-CP-002 -> PCT-QL-417 -> getQuestionEntry(question-language.en.json) -> renderTemplate -> CSV","Based on given parameters, If 10% of a number is 250, find 60% of that number.","NO","APPROVED"
"PCT-CP-002:PCT-QL-417:83638","PCT-CP-002","percentOfKnownNumber","PCT-QL-417","en","PCT-CP-002:families:PCT-QL-417","PCT-QL-417","artifacts/api-server/src/quant-v4/topics/Arithmetic/subtopics/Percentage/PCT-001/question-language.en.json","artifacts/api-server/src/quant-v4/topics/Arithmetic/subtopics/Percentage/PCT-001/library.ts","PCT-001","generatePct001Parameters -> PCT-CP-002 -> PCT-QL-417 -> getQuestionEntry(question-language.en.json) -> renderTemplate -> CSV","Based on given parameters, If 25% of a number is 300, find 50% of that number.","NO","APPROVED"
"PCT-CP-002:PCT-QL-417:83640","PCT-CP-002","percentOfKnownNumber","PCT-QL-417","en","PCT-CP-002:families:PCT-QL-417","PCT-QL-417","artifacts/api-server/src/quant-v4/topics/Arithmetic/subtopics/Percentage/PCT-001/question-language.en.json","artifacts/api-server/src/quant-v4/topics/Arithmetic/subtopics/Percentage/PCT-001/library.ts","PCT-001","generatePct001Parameters -> PCT-CP-002 -> PCT-QL-417 -> getQuestionEntry(question-language.en.json) -> renderTemplate -> CSV","Based on given parameters, If 40% of a number is 200, find 10% of that number.","NO","APPROVED"
"PCT-CP-002:PCT-QL-417:83641","PCT-CP-002","percentOfKnownNumber","PCT-QL-417","en","PCT-CP-002:families:PCT-QL-417","PCT-QL-417","artifacts/api-server/src/quant-v4/topics/Arithmetic/subtopics/Percentage/PCT-001/question-language.en.json","artifacts/api-server/src/quant-v4/topics/Arithmetic/subtopics/Percentage/PCT-001/library.ts","PCT-001","generatePct001Parameters -> PCT-CP-002 -> PCT-QL-417 -> getQuestionEntry(question-language.en.json) -> renderTemplate -> CSV","Based on given parameters, If 45% of a number is 150, find 15% of that number.","NO","APPROVED"
"PCT-CP-002:PCT-QL-417:83642","PCT-CP-002","percentOfKnownNumber","PCT-QL-417","en","PCT-CP-002:families:PCT-QL-417","PCT-QL-417","artifacts/api-server/src/quant-v4/topics/Arithmetic/subtopics/Percentage/PCT-001/question-language.en.json","artifacts/api-server/src/quant-v4/topics/Arithmetic/subtopics/Percentage/PCT-001/library.ts","PCT-001","generatePct001Parameters -> PCT-CP-002 -> PCT-QL-417 -> getQuestionEntry(question-language.en.json) -> renderTemplate -> CSV","Based on given parameters, If 50% of a number is 100, find 20% of that number.","NO","APPROVED"
"PCT-CP-002:PCT-QL-417:83643","PCT-CP-002","percentOfKnownNumber","PCT-QL-417","en","PCT-CP-002:families:PCT-QL-417","PCT-QL-417","artifacts/api-server/src/quant-v4/topics/Arithmetic/subtopics/Percentage/PCT-001/question-language.en.json","artifacts/api-server/src/quant-v4/topics/Arithmetic/subtopics/Percentage/PCT-001/library.ts","PCT-001","generatePct001Parameters -> PCT-CP-002 -> PCT-QL-417 -> getQuestionEntry(question-language.en.json) -> renderTemplate -> CSV","Based on given parameters, If 20% of a number is 600, find 25% of that number.","NO","APPROVED"
"PCT-CP-002:PCT-QL-417:83644","PCT-CP-002","percentOfKnownNumber","PCT-QL-417","en","PCT-CP-002:families:PCT-QL-417","PCT-QL-417","artifacts/api-server/src/quant-v4/topics/Arithmetic/subtopics/Percentage/PCT-001/question-language.en.json","artifacts/api-server/src/quant-v4/topics/Arithmetic/subtopics/Percentage/PCT-001/library.ts","PCT-001","generatePct001Parameters -> PCT-CP-002 -> PCT-QL-417 -> getQuestionEntry(question-language.en.json) -> renderTemplate -> CSV","Based on given parameters, If 25% of a number is 500, find 30% of that number.","NO","APPROVED"
"PCT-CP-002:PCT-QL-417:83646","PCT-CP-002","percentOfKnownNumber","PCT-QL-417","en","PCT-CP-002:families:PCT-QL-417","PCT-QL-417","artifacts/api-server/src/quant-v4/topics/Arithmetic/subtopics/Percentage/PCT-001/question-language.en.json","artifacts/api-server/src/quant-v4/topics/Arithmetic/subtopics/Percentage/PCT-001/library.ts","PCT-001","generatePct001Parameters -> PCT-CP-002 -> PCT-QL-417 -> getQuestionEntry(question-language.en.json) -> renderTemplate -> CSV","Based on given parameters, If 40% of a number is 300, find 50% of that number.","NO","APPROVED"
"PCT-CP-002:PCT-QL-417:83671","PCT-CP-002","percentOfKnownNumber","PCT-QL-417","en","PCT-CP-002:families:PCT-QL-417","PCT-QL-417","artifacts/api-server/src/quant-v4/topics/Arithmetic/subtopics/Percentage/PCT-001/question-language.en.json","artifacts/api-server/src/quant-v4/topics/Arithmetic/subtopics/Percentage/PCT-001/library.ts","PCT-001","generatePct001Parameters -> PCT-CP-002 -> PCT-QL-417 -> getQuestionEntry(question-language.en.json) -> renderTemplate -> CSV","Based on given parameters, If 10% of a number is 250, find 60% of that number.","NO","APPROVED"
"PCT-CP-002:PCT-QL-417:83672","PCT-CP-002","percentOfKnownNumber","PCT-QL-417","en","PCT-CP-002:families:PCT-QL-417","PCT-QL-417","artifacts/api-server/src/quant-v4/topics/Arithmetic/subtopics/Percentage/PCT-001/question-language.en.json","artifacts/api-server/src/quant-v4/topics/Arithmetic/subtopics/Percentage/PCT-001/library.ts","PCT-001","generatePct001Parameters -> PCT-CP-002 -> PCT-QL-417 -> getQuestionEntry(question-language.en.json) -> renderTemplate -> CSV","Based on given parameters, If 40% of a number is 200, find 10% of that number.","NO","APPROVED"
"PCT-CP-002:PCT-QL-417:83673","PCT-CP-002","percentOfKnownNumber","PCT-QL-417","en","PCT-CP-002:families:PCT-QL-417","PCT-QL-417","artifacts/api-server/src/quant-v4/topics/Arithmetic/subtopics/Percentage/PCT-001/question-language.en.json","artifacts/api-server/src/quant-v4/topics/Arithmetic/subtopics/Percentage/PCT-001/library.ts","PCT-001","generatePct001Parameters -> PCT-CP-002 -> PCT-QL-417 -> getQuestionEntry(question-language.en.json) -> renderTemplate -> CSV","Based on given parameters, If 45% of a number is 150, find 15% of that number.","NO","APPROVED"
"PCT-CP-002:PCT-QL-417:83674","PCT-CP-002","percentOfKnownNumber","PCT-QL-417","en","PCT-CP-002:families:PCT-QL-417","PCT-QL-417","artifacts/api-server/src/quant-v4/topics/Arithmetic/subtopics/Percentage/PCT-001/question-language.en.json","artifacts/api-server/src/quant-v4/topics/Arithmetic/subtopics/Percentage/PCT-001/library.ts","PCT-001","generatePct001Parameters -> PCT-CP-002 -> PCT-QL-417 -> getQuestionEntry(question-language.en.json) -> renderTemplate -> CSV","Based on given parameters, If 50% of a number is 100, find 20% of that number.","NO","APPROVED"
"PCT-CP-002:PCT-QL-417:83675","PCT-CP-002","percentOfKnownNumber","PCT-QL-417","en","PCT-CP-002:families:PCT-QL-417","PCT-QL-417","artifacts/api-server/src/quant-v4/topics/Arithmetic/subtopics/Percentage/PCT-001/question-language.en.json","artifacts/api-server/src/quant-v4/topics/Arithmetic/subtopics/Percentage/PCT-001/library.ts","PCT-001","generatePct001Parameters -> PCT-CP-002 -> PCT-QL-417 -> getQuestionEntry(question-language.en.json) -> renderTemplate -> CSV","Based on given parameters, If 60% of a number is 600, find 25% of that number.","NO","APPROVED"
"PCT-CP-002:PCT-QL-417:83678","PCT-CP-002","percentOfKnownNumber","PCT-QL-417","en","PCT-CP-002:families:PCT-QL-417","PCT-QL-417","artifacts/api-server/src/quant-v4/topics/Arithmetic/subtopics/Percentage/PCT-001/question-language.en.json","artifacts/api-server/src/quant-v4/topics/Arithmetic/subtopics/Percentage/PCT-001/library.ts","PCT-001","generatePct001Parameters -> PCT-CP-002 -> PCT-QL-417 -> getQuestionEntry(question-language.en.json) -> renderTemplate -> CSV","Based on given parameters, If 40% of a number is 300, find 50% of that number.","NO","APPROVED"
"PCT-CP-002:PCT-QL-417:83700","PCT-CP-002","percentOfKnownNumber","PCT-QL-417","en","PCT-CP-002:families:PCT-QL-417","PCT-QL-417","artifacts/api-server/src/quant-v4/topics/Arithmetic/subtopics/Percentage/PCT-001/question-language.en.json","artifacts/api-server/src/quant-v4/topics/Arithmetic/subtopics/Percentage/PCT-001/library.ts","PCT-001","generatePct001Parameters -> PCT-CP-002 -> PCT-QL-417 -> getQuestionEntry(question-language.en.json) -> renderTemplate -> CSV","Based on given parameters, If 25% of a number is 500, find 30% of that number.","NO","APPROVED"
"PCT-CP-002:PCT-QL-417:83703","PCT-CP-002","percentOfKnownNumber","PCT-QL-417","en","PCT-CP-002:families:PCT-QL-417","PCT-QL-417","artifacts/api-server/src/quant-v4/topics/Arithmetic/subtopics/Percentage/PCT-001/question-language.en.json","artifacts/api-server/src/quant-v4/topics/Arithmetic/subtopics/Percentage/PCT-001/library.ts","PCT-001","generatePct001Parameters -> PCT-CP-002 -> PCT-QL-417 -> getQuestionEntry(question-language.en.json) -> renderTemplate -> CSV","Based on given parameters, If 10% of a number is 250, find 60% of that number.","NO","APPROVED"
"PCT-CP-002:PCT-QL-417:83706","PCT-CP-002","percentOfKnownNumber","PCT-QL-417","en","PCT-CP-002:families:PCT-QL-417","PCT-QL-417","artifacts/api-server/src/quant-v4/topics/Arithmetic/subtopics/Percentage/PCT-001/question-language.en.json","artifacts/api-server/src/quant-v4/topics/Arithmetic/subtopics/Percentage/PCT-001/library.ts","PCT-001","generatePct001Parameters -> PCT-CP-002 -> PCT-QL-417 -> getQuestionEntry(question-language.en.json) -> renderTemplate -> CSV","Based on given parameters, If 50% of a number is 100, find 20% of that number.","NO","APPROVED"
"PCT-CP-002:PCT-QL-417:83707","PCT-CP-002","percentOfKnownNumber","PCT-QL-417","en","PCT-CP-002:families:PCT-QL-417","PCT-QL-417","artifacts/api-server/src/quant-v4/topics/Arithmetic/subtopics/Percentage/PCT-001/question-language.en.json","artifacts/api-server/src/quant-v4/topics/Arithmetic/subtopics/Percentage/PCT-001/library.ts","PCT-001","generatePct001Parameters -> PCT-CP-002 -> PCT-QL-417 -> getQuestionEntry(question-language.en.json) -> renderTemplate -> CSV","Based on given parameters, If 60% of a number is 600, find 25% of that number.","NO","APPROVED"
"PCT-CP-002:PCT-QL-417:83709","PCT-CP-002","percentOfKnownNumber","PCT-QL-417","en","PCT-CP-002:families:PCT-QL-417","PCT-QL-417","artifacts/api-server/src/quant-v4/topics/Arithmetic/subtopics/Percentage/PCT-001/question-language.en.json","artifacts/api-server/src/quant-v4/topics/Arithmetic/subtopics/Percentage/PCT-001/library.ts","PCT-001","generatePct001Parameters -> PCT-CP-002 -> PCT-QL-417 -> getQuestionEntry(question-language.en.json) -> renderTemplate -> CSV","Based on given parameters, If 10% of a number is 400, find 40% of that number.","NO","APPROVED"
"PCT-CP-002:PCT-QL-417:83731","PCT-CP-002","percentOfKnownNumber","PCT-QL-417","en","PCT-CP-002:families:PCT-QL-417","PCT-QL-417","artifacts/api-server/src/quant-v4/topics/Arithmetic/subtopics/Percentage/PCT-001/question-language.en.json","artifacts/api-server/src/quant-v4/topics/Arithmetic/subtopics/Percentage/PCT-001/library.ts","PCT-001","generatePct001Parameters -> PCT-CP-002 -> PCT-QL-417 -> getQuestionEntry(question-language.en.json) -> renderTemplate -> CSV","Based on given parameters, If 20% of a number is 600, find 25% of that number.","NO","APPROVED"
"PCT-CP-002:PCT-QL-417:83732","PCT-CP-002","percentOfKnownNumber","PCT-QL-417","en","PCT-CP-002:families:PCT-QL-417","PCT-QL-417","artifacts/api-server/src/quant-v4/topics/Arithmetic/subtopics/Percentage/PCT-001/question-language.en.json","artifacts/api-server/src/quant-v4/topics/Arithmetic/subtopics/Percentage/PCT-001/library.ts","PCT-001","generatePct001Parameters -> PCT-CP-002 -> PCT-QL-417 -> getQuestionEntry(question-language.en.json) -> renderTemplate -> CSV","Based on given parameters, If 25% of a number is 500, find 30% of that number.","NO","APPROVED"
"PCT-CP-002:PCT-QL-417:83734","PCT-CP-002","percentOfKnownNumber","PCT-QL-417","en","PCT-CP-002:families:PCT-QL-417","PCT-QL-417","artifacts/api-server/src/quant-v4/topics/Arithmetic/subtopics/Percentage/PCT-001/question-language.en.json","artifacts/api-server/src/quant-v4/topics/Arithmetic/subtopics/Percentage/PCT-001/library.ts","PCT-001","generatePct001Parameters -> PCT-CP-002 -> PCT-QL-417 -> getQuestionEntry(question-language.en.json) -> renderTemplate -> CSV","Based on given parameters, If 40% of a number is 300, find 50% of that number.","NO","APPROVED"
"PCT-CP-002:PCT-QL-417:83735","PCT-CP-002","percentOfKnownNumber","PCT-QL-417","en","PCT-CP-002:families:PCT-QL-417","PCT-QL-417","artifacts/api-server/src/quant-v4/topics/Arithmetic/subtopics/Percentage/PCT-001/question-language.en.json","artifacts/api-server/src/quant-v4/topics/Arithmetic/subtopics/Percentage/PCT-001/library.ts","PCT-001","generatePct001Parameters -> PCT-CP-002 -> PCT-QL-417 -> getQuestionEntry(question-language.en.json) -> renderTemplate -> CSV","Based on given parameters, If 10% of a number is 250, find 60% of that number.","NO","APPROVED"
"PCT-CP-002:PCT-QL-417:83738","PCT-CP-002","percentOfKnownNumber","PCT-QL-417","en","PCT-CP-002:families:PCT-QL-417","PCT-QL-417","artifacts/api-server/src/quant-v4/topics/Arithmetic/subtopics/Percentage/PCT-001/question-language.en.json","artifacts/api-server/src/quant-v4/topics/Arithmetic/subtopics/Percentage/PCT-001/library.ts","PCT-001","generatePct001Parameters -> PCT-CP-002 -> PCT-QL-417 -> getQuestionEntry(question-language.en.json) -> renderTemplate -> CSV","Based on given parameters, If 25% of a number is 100, find 20% of that number.","NO","APPROVED"
"PCT-CP-002:PCT-QL-417:83739","PCT-CP-002","percentOfKnownNumber","PCT-QL-417","en","PCT-CP-002:families:PCT-QL-417","PCT-QL-417","artifacts/api-server/src/quant-v4/topics/Arithmetic/subtopics/Percentage/PCT-001/question-language.en.json","artifacts/api-server/src/quant-v4/topics/Arithmetic/subtopics/Percentage/PCT-001/library.ts","PCT-001","generatePct001Parameters -> PCT-CP-002 -> PCT-QL-417 -> getQuestionEntry(question-language.en.json) -> renderTemplate -> CSV","Based on given parameters, If 30% of a number is 600, find 25% of that number.","NO","APPROVED"