"packageId","cpId","qlId","taskKind","solveMode","difficulty","questionId","seed","parameterFingerprint","stem","options","correctIndex","correctAnswer","explanation","stemRealism","solverCorrect","explanationQuality","optionQuality","editorialStatus","reviewNotes"
"RAP-003","RAP-CP-013","RAP-QL-801","partnershipProfitShare","partnershipProfitShare","Easy","RAP-CP-013:RAP-QL-801:rap-003:human-review:RAP-QL-801:0:RAP-CP-013:0","rap-003:human-review:RAP-QL-801:0:RAP-CP-013:0","fnv1a-c0c4e086","Ravi and Sunita start a business with investments of Rs. 30000 and Rs. 45000. Ravi invests for 10 months and Sunita invests for 10 months. If the total profit is Rs. 25000, find Ravi's share.","A. 9900
B. 10050
C. 10100
D. 10000","3","10000","Concept: in partnership, profit is divided by investment multiplied by time.

Why this method works: a partner's effective contribution is capital multiplied by the time for which that capital remains invested.

$$\text{Investment-time products}=300000:450000$$

Intermediate interpretation: setup = Ravi:Sunita.

$$\text{Total investment-time}=300000+450000=750000$$

$$\text{Profit ratio}=300000:450000$$

Method: use the target partner's share of the total profit.

$$\text{Target share}=25000\times\frac{300000}{750000}=10000$$

Final answer: the required monetary share is 10000.

Quick check: the individual shares add to the distributable profit or loss after any salary or commission adjustment.","","","","","PENDING",""
"RAP-003","RAP-CP-013","RAP-QL-802","partnershipJoiningPartnerProfit","partnershipJoiningPartnerProfit","Medium","RAP-CP-013:RAP-QL-802:rap-003:human-review:RAP-QL-802:0:RAP-CP-013:0","rap-003:human-review:RAP-QL-802:0:RAP-CP-013:0","fnv1a-2bc907c9","Partner A invests Rs. 40000 for 12 months. Partner B joins later with Rs. 60000 and invests for 9 months. If the total profit is Rs. 23000, what is Partner B's profit share? Give your answer correct to two decimal places.","A. 12076.47
B. 12226.47
C. 12176.47
D. 12276.47","2","12176.47","Concept: in partnership, profit is divided by investment multiplied by time.

Why this method works: a partner's effective contribution is capital multiplied by the time for which that capital remains invested.

$$\text{Investment-time products}=480000:540000$$

Intermediate interpretation: setup = Partner A:Partner B.

$$\text{Total investment-time}=480000+540000=1020000$$

$$\text{Profit ratio}=480000:540000$$

Method: use the target partner's share of the total profit.

$$\text{Target share}=23000\times\frac{540000}{1020000}=12176.47$$

Final answer: the required monetary share is 12176.47.

Quick check: the individual shares add to the distributable profit or loss after any salary or commission adjustment.","","","","","PENDING",""
"RAP-003","RAP-CP-013","RAP-QL-803","partnershipMidPeriodChange","partnershipMidPeriodChange","Hard","RAP-CP-013:RAP-QL-803:rap-003:human-review:RAP-QL-803:0:RAP-CP-013:0","rap-003:human-review:RAP-QL-803:0:RAP-CP-013:0","fnv1a-1afde0ec","Ravi invests Rs. 50000 for 4 months and then Rs. 70000 for 8 months. Sunita invests Rs. 60000 for 12 months. If total profit is Rs. 42000, find Ravi's share. Give your answer correct to two decimal places.","A. 21667.57
B. 21617.57
C. 21567.57
D. 21467.57","2","21567.57","Concept: in partnership, profit is divided by investment multiplied by time.

Why this method works: a partner's effective contribution is capital multiplied by the time for which that capital remains invested.

$$\text{Investment-time products}=760000:720000$$

Intermediate interpretation: setup = Ravi:Sunita.

$$\text{Total investment-time}=760000+720000=1480000$$

$$\text{Profit ratio}=760000:720000$$

Method: use the target partner's share of the total profit.

$$\text{Target share}=42000\times\frac{760000}{1480000}=21567.57$$

Final answer: the required monetary share is 21567.57.

Quick check: the individual shares add to the distributable profit or loss after any salary or commission adjustment.","","","","","PENDING",""
"RAP-003","RAP-CP-013","RAP-QL-804","partnershipProfitShare","partnershipProfitShare","Easy","RAP-CP-013:RAP-QL-804:rap-003:human-review:RAP-QL-804:0:RAP-CP-013:0","rap-003:human-review:RAP-QL-804:0:RAP-CP-013:0","fnv1a-f86659fc","Two partners, Aman and Bhavna, invest Rs. 40000 and Rs. 60000 for 12 months and 12 months respectively. Total profit is Rs. 15000. Find the profit earned by Bhavna.","A. 8900
B. 9100
C. 9000
D. 9050","2","9000","Concept: in partnership, profit is divided by investment multiplied by time.

Why this method works: a partner's effective contribution is capital multiplied by the time for which that capital remains invested.

$$\text{Investment-time products}=480000:720000$$

Intermediate interpretation: setup = Aman:Bhavna.

$$\text{Total investment-time}=480000+720000=1200000$$

$$\text{Profit ratio}=480000:720000$$

Method: use the target partner's share of the total profit.

$$\text{Target share}=15000\times\frac{720000}{1200000}=9000$$

Final answer: the required monetary share is 9000.

Quick check: the individual shares add to the distributable profit or loss after any salary or commission adjustment.","","","","","PENDING",""
"RAP-003","RAP-CP-013","RAP-QL-805","partnershipJoiningPartnerProfit","partnershipJoiningPartnerProfit","Medium","RAP-CP-013:RAP-QL-805:rap-003:human-review:RAP-QL-805:0:RAP-CP-013:0","rap-003:human-review:RAP-QL-805:0:RAP-CP-013:0","fnv1a-d4f0581b","Ravi keeps Rs. 60000 invested for 12 months. Sunita joins later with Rs. 90000 and keeps it invested for 6 months. If the profit is Rs. 28000, find Ravi's share.","A. 16100
B. 15900
C. 16050
D. 16000","3","16000","Concept: in partnership, profit is divided by investment multiplied by time.

Why this method works: a partner's effective contribution is capital multiplied by the time for which that capital remains invested.

$$\text{Investment-time products}=720000:540000$$

Intermediate interpretation: setup = Ravi:Sunita.

$$\text{Total investment-time}=720000+540000=1260000$$

$$\text{Profit ratio}=720000:540000$$

Method: use the target partner's share of the total profit.

$$\text{Target share}=28000\times\frac{720000}{1260000}=16000$$

Final answer: the required monetary share is 16000.

Quick check: the individual shares add to the distributable profit or loss after any salary or commission adjustment.","","","","","PENDING",""
"RAP-003","RAP-CP-013","RAP-QL-806","partnershipLeavingPartnerProfit","partnershipLeavingPartnerProfit","Medium","RAP-CP-013:RAP-QL-806:rap-003:human-review:RAP-QL-806:0:RAP-CP-013:0","rap-003:human-review:RAP-QL-806:0:RAP-CP-013:0","fnv1a-0172d8a6","Aman invests Rs. 50000 for 12 months, while Bhavna invests Rs. 70000 but leaves after 8 months. Total profit is Rs. 29000. Find Bhavna's share.","A. 13900
B. 14050
C. 14000
D. 14100","2","14000","Concept: in partnership, profit is divided by investment multiplied by time.

Why this method works: a partner's effective contribution is capital multiplied by the time for which that capital remains invested.

$$\text{Investment-time products}=600000:560000$$

Intermediate interpretation: setup = Aman:Bhavna.

$$\text{Total investment-time}=600000+560000=1160000$$

$$\text{Profit ratio}=600000:560000$$

Method: use the target partner's share of the total profit.

$$\text{Target share}=29000\times\frac{560000}{1160000}=14000$$

Final answer: the required monetary share is 14000.

Quick check: the individual shares add to the distributable profit or loss after any salary or commission adjustment.","","","","","PENDING",""
"RAP-003","RAP-CP-013","RAP-QL-807","partnershipMidPeriodChangeBoth","partnershipMidPeriodChangeBoth","Hard","RAP-CP-013:RAP-QL-807:rap-003:human-review:RAP-QL-807:0:RAP-CP-013:0","rap-003:human-review:RAP-QL-807:0:RAP-CP-013:0","fnv1a-cb43da8a","Ravi invests Rs. 30000 for 6 months and Rs. 50000 for the next 6 months. Sunita invests Rs. 60000 for 6 months and Rs. 40000 for the next 6 months. If profit is Rs. 27000, find Sunita's share.","A. 15100
B. 15000
C. 15050
D. 14900","1","15000","Concept: in partnership, profit is divided by investment multiplied by time.

Why this method works: a partner's effective contribution is capital multiplied by the time for which that capital remains invested.

$$\text{Investment-time products}=480000:600000$$

Intermediate interpretation: setup = Ravi:Sunita.

$$\text{Total investment-time}=480000+600000=1080000$$

$$\text{Profit ratio}=480000:600000$$

Method: use the target partner's share of the total profit.

$$\text{Target share}=27000\times\frac{600000}{1080000}=15000$$

Final answer: the required monetary share is 15000.

Quick check: the individual shares add to the distributable profit or loss after any salary or commission adjustment.","","","","","PENDING",""
"RAP-003","RAP-CP-013","RAP-QL-808","partnershipSalaryThenProfitShare","partnershipSalaryThenProfitShare","Hard","RAP-CP-013:RAP-QL-808:rap-003:human-review:RAP-QL-808:0:RAP-CP-013:0","rap-003:human-review:RAP-QL-808:0:RAP-CP-013:0","fnv1a-4c0c84ac","Aman gets a salary of Rs. 5000 for managing the business. Aman invests Rs. 40000 for 10 months and Bhavna invests Rs. 60000 for 10 months. From the total profit of Rs. 41000, find Aman's final share.","A. 19300
B. 19500
C. 19400
D. 19450","2","19400","Concept: in partnership, profit is divided by investment multiplied by time.

Why this method works: a partner's effective contribution is capital multiplied by the time for which that capital remains invested.

$$\text{Investment-time products}=400000:600000$$

Intermediate interpretation: setup = Aman:Bhavna.

$$\text{Total investment-time}=400000+600000=1000000$$

$$\text{Remaining profit}=36000$$

Method: use the target partner's share of the total profit.

$$\text{Target share}=36000\times\frac{400000}{1000000}=19400$$

Final answer: the required monetary share is 19400.

Quick check: the individual shares add to the distributable profit or loss after any salary or commission adjustment.","","","","","PENDING",""
"RAP-003","RAP-CP-013","RAP-QL-809","partnershipProfitFromKnownShare","partnershipProfitFromKnownShare","Hard","RAP-CP-013:RAP-QL-809:rap-003:human-review:RAP-QL-809:0:RAP-CP-013:0","rap-003:human-review:RAP-QL-809:0:RAP-CP-013:0","fnv1a-b7b945a6","Aman invests Rs. 40000 for 12 months and Bhavna invests Rs. 60000 for 8 months. If Aman's profit share is Rs. 15000, find the total profit.","A. 30100
B. 29900
C. 30050
D. 30000","3","30000","Concept: in partnership, profit is divided by investment multiplied by time.

Why this method works: a partner's effective contribution is capital multiplied by the time for which that capital remains invested.

$$\text{Investment-time products}=480000:480000$$

Intermediate interpretation: setup = 480000:480000.

$$\text{Total investment-time}=480000+480000=960000$$

$$\text{Profit ratio}=480000:480000$$

Method: use the target partner's share of the total profit.

$$\text{Decisive calculation}=15000\times\frac{960000}{480000}$$

Final answer: the required monetary share is 30000.

Quick check: the individual shares add to the distributable profit or loss after any salary or commission adjustment.","","","","","PENDING",""
"RAP-003","RAP-CP-013","RAP-QL-810","partnershipCapitalRatioTimeRatio","partnershipCapitalRatioTimeRatio","Medium","RAP-CP-013:RAP-QL-810:rap-003:human-review:RAP-QL-810:0:RAP-CP-013:0","rap-003:human-review:RAP-QL-810:0:RAP-CP-013:0","fnv1a-00d579fa","The capitals of Aman and Bhavna are in the ratio 3:4, and their investment times are in the ratio 5:3. Find their profit-sharing ratio.","A. 6:4
B. 5:5
C. 5:4
D. 4:4","2","5:4","Concept: in partnership, profit is divided by investment multiplied by time.

Why this method works: a partner's effective contribution is capital multiplied by the time for which that capital remains invested.

$$\text{Investment-time products}=15:12$$

Intermediate interpretation: setup = Capital=3:4, time=5:3.

$$\text{Total investment-time}=15+12=27$$

$$\text{Profit ratio}=5:4$$

Method: use the target partner's share of the total profit.

$$\text{Decisive calculation}=15:12$$

Final answer: the required ratio is 5 : 4.

Quick check: the individual shares add to the distributable profit or loss after any salary or commission adjustment.","","","","","PENDING",""
"RAP-003","RAP-CP-013","RAP-QL-811","partnershipLossShare","partnershipLossShare","Medium","RAP-CP-013:RAP-QL-811:rap-003:human-review:RAP-QL-811:0:RAP-CP-013:0","rap-003:human-review:RAP-QL-811:0:RAP-CP-013:0","fnv1a-089c758b","Aman invests Rs. 30000 for 12 months and Bhavna invests Rs. 45000 for 8 months. If the business has a loss of Rs. 18000, find the loss borne by Bhavna.","A. 8900
B. 9050
C. 9000
D. 9100","2","9000","Concept: in partnership, profit is divided by investment multiplied by time.

Why this method works: a partner's effective contribution is capital multiplied by the time for which that capital remains invested.

$$\text{Investment-time products}=360000:360000$$

Intermediate interpretation: setup = Aman:Bhavna.

$$\text{Total investment-time}=360000+360000=720000$$

$$\text{Loss ratio}=360000:360000$$

Method: use the target partner's share of the total profit.

$$\text{Target share}=18000\times\frac{360000}{720000}=9000$$

Final answer: the required monetary share is 9000.

Quick check: the individual shares add to the distributable profit or loss after any salary or commission adjustment.","","","","","PENDING",""
"RAP-003","RAP-CP-013","RAP-QL-812","workContributionShare","workContributionShare","Medium","RAP-CP-013:RAP-QL-812:rap-003:human-review:RAP-QL-812:0:RAP-CP-013:0","rap-003:human-review:RAP-QL-812:0:RAP-CP-013:0","fnv1a-bbeca442","Worker A and Worker B have efficiencies in the ratio 4:5. They work for 6 days and 4 days respectively. Find their work contribution ratio.","A. 7:5
B. 5:5
C. 6:6
D. 6:5","3","6:5","Concept: in partnership, profit is divided by investment multiplied by time.

Why this method works: a partner's effective contribution is capital multiplied by the time for which that capital remains invested.

$$\text{Investment-time products}=24:20$$

Intermediate interpretation: setup = Efficiency=4:5, days=6:4.

$$\text{Total investment-time}=24+20=44$$

$$\text{Contribution ratio}=6:5$$

Method: use the target partner's share of the total profit.

$$\text{Decisive calculation}=24:20$$

Final answer: the required ratio is 6 : 5.

Quick check: the individual shares add to the distributable profit or loss after any salary or commission adjustment.","","","","","PENDING",""
"RAP-003","RAP-CP-013","RAP-QL-813","partnershipNewPartnerCapital","partnershipNewPartnerCapital","Hard","RAP-CP-013:RAP-QL-813:rap-003:human-review:RAP-QL-813:0:RAP-CP-013:0","rap-003:human-review:RAP-QL-813:0:RAP-CP-013:0","fnv1a-e0c9a82d","Aman invests Rs. 60000 for 12 months. Bhavna joins for 8 months. If their profit ratio must be 3:2, how much should Bhavna invest?","A. 60000
B. 59900
C. 60100
D. 60050","0","60000","Concept: in partnership, profit is divided by investment multiplied by time.

Why this method works: a partner's effective contribution is capital multiplied by the time for which that capital remains invested.

$$\text{Investment-time products}=720000:480000$$

Intermediate interpretation: setup = Aman:Bhavna profit=3:2.

$$\text{Total investment-time}=720000+480000=1200000$$

$$\text{Profit ratio}=3:2$$

Method: use the target partner's share of the total profit.

$$\text{Decisive calculation}=\frac{x\times8}{60000\times12}=\frac{2}{3}$$

Final answer: the required quantity is 60000.

Quick check: the individual shares add to the distributable profit or loss after any salary or commission adjustment.","","","","","PENDING",""
"RAP-003","RAP-CP-013","RAP-QL-814","partnershipTimeFromProfitRatio","partnershipTimeFromProfitRatio","Hard","RAP-CP-013:RAP-QL-814:rap-003:human-review:RAP-QL-814:0:RAP-CP-013:0","rap-003:human-review:RAP-QL-814:0:RAP-CP-013:0","fnv1a-47fc9b77","Aman invests Rs. 40000 for 12 months and Bhavna invests Rs. 60000. If their profit ratio is 4:3, for how many months did Bhavna invest?","A. 8
B. 6
C. 7
D. 5","1","6","Concept: in partnership, profit is divided by investment multiplied by time.

Why this method works: a partner's effective contribution is capital multiplied by the time for which that capital remains invested.

$$\text{Investment-time products}=480000:360000$$

Intermediate interpretation: setup = Aman:Bhavna profit=4:3.

$$\text{Total investment-time}=480000+360000=840000$$

$$\text{Profit ratio}=4:3$$

Method: use the target partner's share of the total profit.

$$\text{Decisive calculation}=\frac{60000\times x}{40000\times12}=\frac{3}{4}$$

Final answer: the required time in the unit used in the question is 6.

Quick check: the individual shares add to the distributable profit or loss after any salary or commission adjustment.","","","","","PENDING",""
"RAP-003","RAP-CP-013","RAP-QL-815","partnershipTargetPartnerShareFromRatio","partnershipTargetPartnerShareFromRatio","Easy","RAP-CP-013:RAP-QL-815:rap-003:human-review:RAP-QL-815:0:RAP-CP-013:0","rap-003:human-review:RAP-QL-815:0:RAP-CP-013:0","fnv1a-2f8f1250","The effective capitals of Aman and Bhavna are in the ratio 5:7. If total profit is Rs. 36000, find Bhavna's share.","A. 21000
B. 21050
C. 20900
D. 21100","0","21000","Concept: in partnership, profit is divided by investment multiplied by time.

Why this method works: a partner's effective contribution is capital multiplied by the time for which that capital remains invested.

$$\text{Investment-time products}=5:7$$

Intermediate interpretation: setup = 5:7.

$$\text{Total investment-time}=5+7=12$$

$$\text{Profit ratio}=5:7$$

Method: use the target partner's share of the total profit.

$$\text{Target share}=36000\times\frac{7}{12}=21000$$

Final answer: the required monetary share is 21000.

Quick check: the individual shares add to the distributable profit or loss after any salary or commission adjustment.","","","","","PENDING",""
"RAP-003","RAP-CP-013","RAP-QL-816","partnershipRemainingProfitAfterCommission","partnershipRemainingProfitAfterCommission","Hard","RAP-CP-013:RAP-QL-816:rap-003:human-review:RAP-QL-816:0:RAP-CP-013:0","rap-003:human-review:RAP-QL-816:0:RAP-CP-013:0","fnv1a-5ac0a0cb","A commission of Rs. 5000 is deducted from the total profit of Rs. 50000. Aman invests Rs. 50000 for 9 months and Bhavna invests Rs. 30000 for 15 months. Find Aman's share from the remaining profit.","A. 22400
B. 22550
C. 22600
D. 22500","3","22500","Concept: in partnership, profit is divided by investment multiplied by time.

Why this method works: a partner's effective contribution is capital multiplied by the time for which that capital remains invested.

$$\text{Investment-time products}=450000:450000$$

Intermediate interpretation: setup = Aman:Bhavna.

$$\text{Total investment-time}=450000+450000=900000$$

$$\text{Remaining profit}=45000$$

Method: use the target partner's share of the total profit.

$$\text{Target share}=45000\times\frac{450000}{900000}=22500$$

Final answer: the required monetary share is 22500.

Quick check: the individual shares add to the distributable profit or loss after any salary or commission adjustment.","","","","","PENDING",""
"RAP-003","RAP-CP-014","RAP-QL-901","agePresentFromFutureRatio","agePresentFromFutureRatio","Medium","RAP-CP-014:RAP-QL-901:rap-003:human-review:RAP-QL-901:0:RAP-CP-014:0","rap-003:human-review:RAP-QL-901:0:RAP-CP-014:0","fnv1a-36b690aa","The present ages of Aman and Bhavna are in the ratio 3:1. After 5 years, their ages will be in the ratio 2:1. Find the present age of Aman.","A. 16
B. 17
C. 14
D. 15","3","15","Concept: write the present ages as ratio parts multiplied by a common unit.

Why this method works: all people age by the same number of years, so the same time shift must be applied to every age before forming the new ratio.

$$\text{Setup}=3:1 -> 2:1$$

Intermediate interpretation: setup = 3:1 -> 2:1.

$$\text{Equation}=\frac{3x+5}{1x+5}=\frac{2}{1}$$

Method: use the time shift or age difference to find the common unit.

$$\text{Common unit}=5$$

Final answer: the required age in years is 15.

Quick check: the recovered present ages remain positive and reproduce the stated past or future ratio.","","","","","PENDING",""
"RAP-003","RAP-CP-014","RAP-QL-902","agePresentFromFutureRatio","agePresentFromFutureRatio","Medium","RAP-CP-014:RAP-QL-902:rap-003:human-review:RAP-QL-902:0:RAP-CP-014:0","rap-003:human-review:RAP-QL-902:0:RAP-CP-014:0","fnv1a-36b690aa","Aman and Bhavna currently have ages in the ratio 3:1. If after 5 years the ratio becomes 2:1, what is the present age of Aman?","A. 14
B. 17
C. 15
D. 16","2","15","Concept: write the present ages as ratio parts multiplied by a common unit.

Why this method works: all people age by the same number of years, so the same time shift must be applied to every age before forming the new ratio.

$$\text{Setup}=3:1 -> 2:1$$

Intermediate interpretation: setup = 3:1 -> 2:1.

$$\text{Equation}=\frac{3x+5}{1x+5}=\frac{2}{1}$$

Method: use the time shift or age difference to find the common unit.

$$\text{Common unit}=5$$

Final answer: the required age in years is 15.

Quick check: the recovered present ages remain positive and reproduce the stated past or future ratio.","","","","","PENDING",""
"RAP-003","RAP-CP-014","RAP-QL-903","agePresentFromPastRatio","agePresentFromPastRatio","Hard","RAP-CP-014:RAP-QL-903:rap-003:human-review:RAP-QL-903:0:RAP-CP-014:0","rap-003:human-review:RAP-QL-903:0:RAP-CP-014:0","fnv1a-87956b72","The present ages of Aman and Bhavna are in the ratio 2:1. 3 years ago, their ages were in the ratio 3:1. Find the present age of Aman.","A. 13
B. 14
C. 12
D. 11","2","12","Concept: write the present ages as ratio parts multiplied by a common unit.

Why this method works: all people age by the same number of years, so the same time shift must be applied to every age before forming the new ratio.

$$\text{Setup}=2:1 <- 3:1$$

Intermediate interpretation: setup = 2:1 <- 3:1.

$$\text{Equation}=\frac{2x-3}{1x-3}=\frac{3}{1}$$

Method: use the time shift or age difference to find the common unit.

$$\text{Common unit}=6$$

Final answer: the required age in years is 12.

Quick check: the recovered present ages remain positive and reproduce the stated past or future ratio.","","","","","PENDING",""
"RAP-003","RAP-CP-014","RAP-QL-904","ageYearsToReachRatio","ageYearsToReachRatio","Medium","RAP-CP-014:RAP-QL-904:rap-003:human-review:RAP-QL-904:0:RAP-CP-014:0","rap-003:human-review:RAP-QL-904:0:RAP-CP-014:0","fnv1a-f6359d48","The present ages of Aman and Bhavna are 34 years and 24 years. After how many years will their ages be in the ratio 7:5?","A. 1
B. 2
C. 0
D. 3","0","1","Concept: add the same unknown number of years to both ages, because everyone ages equally.

Why this method works: all people age by the same number of years, so the same time shift must be applied to every age before forming the new ratio.

$$\text{Target ratio}=7 : 5$$

Intermediate interpretation: setup = 34:24 -> 7:5.

$$\text{Equation}=\frac{34+y}{24+y}=\frac{7}{5}$$

Method: solve this linear equation for the number of years.

Final answer: the required time in the unit used in the question is 1.

Quick check: the recovered present ages remain positive and reproduce the stated past or future ratio.","","","","","PENDING",""
"RAP-003","RAP-CP-014","RAP-QL-905","ageFromDifferenceAndRatio","ageFromDifferenceAndRatio","Easy","RAP-CP-014:RAP-QL-905:rap-003:human-review:RAP-QL-905:0:RAP-CP-014:0","rap-003:human-review:RAP-QL-905:0:RAP-CP-014:0","fnv1a-c07b7101","The present ages of Aman and Bhavna are in the ratio 4:2. If the difference between their ages is 6 years, find the present age of Aman.","A. 11
B. 14
C. 13
D. 12","3","12","Concept: write the present ages as ratio parts multiplied by a common unit.

Why this method works: all people age by the same number of years, so the same time shift must be applied to every age before forming the new ratio.

$$\text{Setup}=4:2$$

Intermediate interpretation: setup = 4:2.

$$\text{Equation}=2x=6$$

Method: use the time shift or age difference to find the common unit.

$$\text{Common unit}=3$$

Final answer: the required age in years is 12.

Quick check: the recovered present ages remain positive and reproduce the stated past or future ratio.","","","","","PENDING",""
"RAP-003","RAP-CP-014","RAP-QL-906","ageYearsToReachRatio","ageYearsToReachRatio","Hard","RAP-CP-014:RAP-QL-906:rap-003:human-review:RAP-QL-906:0:RAP-CP-014:0","rap-003:human-review:RAP-QL-906:0:RAP-CP-014:0","fnv1a-638bda00","Aman is 24 years old and Bhavna is 14 years old. In how many years will the age ratio become 5:3?","A. 1
B. 0
C. 3
D. 2","0","1","Concept: add the same unknown number of years to both ages, because everyone ages equally.

Why this method works: all people age by the same number of years, so the same time shift must be applied to every age before forming the new ratio.

$$\text{Target ratio}=5 : 3$$

Intermediate interpretation: setup = 24:14 -> 5:3.

$$\text{Equation}=\frac{24+y}{14+y}=\frac{5}{3}$$

Method: solve this linear equation for the number of years.

Final answer: the required time in the unit used in the question is 1.

Quick check: the recovered present ages remain positive and reproduce the stated past or future ratio.","","","","","PENDING",""
"RAP-003","RAP-CP-014","RAP-QL-907","ageFromSumAndRatio","ageFromSumAndRatio","Easy","RAP-CP-014:RAP-QL-907:rap-003:human-review:RAP-QL-907:0:RAP-CP-014:0","rap-003:human-review:RAP-QL-907:0:RAP-CP-014:0","fnv1a-a5af5e26","Aman and Bhavna have present ages in the ratio 4:2. Their total age is 18 years. Find the present age of Aman.","A. 14
B. 12
C. 13
D. 11","1","12","Concept: write the present ages as ratio parts multiplied by a common unit.

Why this method works: all people age by the same number of years, so the same time shift must be applied to every age before forming the new ratio.

$$\text{Setup}=4:2, sum=18$$

Intermediate interpretation: setup = 4:2, sum=18.

$$\text{Equation}=6x=18$$

Method: use the time shift or age difference to find the common unit.

$$\text{Common unit}=3$$

Final answer: the required age in years is 12.

Quick check: the recovered present ages remain positive and reproduce the stated past or future ratio.","","","","","PENDING",""
"RAP-003","RAP-CP-014","RAP-QL-908","ageFutureRatioFromPresent","ageFutureRatioFromPresent","Easy","RAP-CP-014:RAP-QL-908:rap-003:human-review:RAP-QL-908:0:RAP-CP-014:0","rap-003:human-review:RAP-QL-908:0:RAP-CP-014:0","fnv1a-b60491a6","Aman is 27 years old and Bhavna is 15 years old. Find the ratio of their ages after 3 years.","A. 5:3
B. 6:3
C. 4:3
D. 5:4","0","5:3","Concept: shift both present ages by the same number of years, then simplify the ratio.

Why this method works: all people age by the same number of years, so the same time shift must be applied to every age before forming the new ratio.

$$\text{Setup}=27:15 after 3 years$$

Intermediate interpretation: setup = 27:15 after 3 years.

Method: compare only the shifted ages because both move by the same amount.

$$\text{Decisive equation}=(27+3):(15+3)$$

Final answer: the required ratio is 5 : 3.

Quick check: the recovered present ages remain positive and reproduce the stated past or future ratio.","","","","","PENDING",""
"RAP-003","RAP-CP-014","RAP-QL-909","agePastRatioFromPresent","agePastRatioFromPresent","Medium","RAP-CP-014:RAP-QL-909:rap-003:human-review:RAP-QL-909:0:RAP-CP-014:0","rap-003:human-review:RAP-QL-909:0:RAP-CP-014:0","fnv1a-9be78c4f","Aman's present age is 24 years and Bhavna's present age is 18 years. What was their age ratio 6 years ago?","A. 2:2
B. 3:3
C. 4:2
D. 3:2","3","3:2","Concept: shift both present ages by the same number of years, then simplify the ratio.

Why this method works: all people age by the same number of years, so the same time shift must be applied to every age before forming the new ratio.

$$\text{Setup}=24:18 6 years ago$$

Intermediate interpretation: setup = 24:18 6 years ago.

Method: compare only the shifted ages because both move by the same amount.

$$\text{Decisive equation}=(24-6):(18-6)$$

Final answer: the required ratio is 3 : 2.

Quick check: the recovered present ages remain positive and reproduce the stated past or future ratio.","","","","","PENDING",""
"RAP-003","RAP-CP-014","RAP-QL-910","ageThreePersonSumRatio","ageThreePersonSumRatio","Medium","RAP-CP-014:RAP-QL-910:rap-003:human-review:RAP-QL-910:0:RAP-CP-014:0","rap-003:human-review:RAP-QL-910:0:RAP-CP-014:0","fnv1a-d5910f60","The present ages of Aman, Bhavna, and Charu are in the ratio 2:3:4. Their total age is 18 years. Find the present age of Aman.","A. 5
B. 4
C. 6
D. 3","1","4","Concept: write the present ages as ratio parts multiplied by a common unit.

Why this method works: all people age by the same number of years, so the same time shift must be applied to every age before forming the new ratio.

$$\text{Setup}=2:3:4, sum=18$$

Intermediate interpretation: setup = 2:3:4, sum=18.

$$\text{Equation}=9x=18$$

Method: use the time shift or age difference to find the common unit.

$$\text{Common unit}=2$$

Final answer: the required age in years is 4.

Quick check: the recovered present ages remain positive and reproduce the stated past or future ratio.","","","","","PENDING",""
"RAP-003","RAP-CP-014","RAP-QL-911","agePresentFromFutureRatio","agePresentFromFutureRatio","Medium","RAP-CP-014:RAP-QL-911:rap-003:human-review:RAP-QL-911:0:RAP-CP-014:0","rap-003:human-review:RAP-QL-911:0:RAP-CP-014:0","fnv1a-36b690aa","Aman and Bhavna have present ages in the ratio 3:1. After 5 years, the ratio will be 2:1. Find the present age of the elder person, Aman.","A. 15
B. 17
C. 14
D. 16","0","15","Concept: write the present ages as ratio parts multiplied by a common unit.

Why this method works: all people age by the same number of years, so the same time shift must be applied to every age before forming the new ratio.

$$\text{Setup}=3:1 -> 2:1$$

Intermediate interpretation: setup = 3:1 -> 2:1.

$$\text{Equation}=\frac{3x+5}{1x+5}=\frac{2}{1}$$

Method: use the time shift or age difference to find the common unit.

$$\text{Common unit}=5$$

Final answer: the required age in years is 15.

Quick check: the recovered present ages remain positive and reproduce the stated past or future ratio.","","","","","PENDING",""
"RAP-003","RAP-CP-014","RAP-QL-912","agePresentFromFutureRatio","agePresentFromFutureRatio","Medium","RAP-CP-014:RAP-QL-912:rap-003:human-review:RAP-QL-912:0:RAP-CP-014:0","rap-003:human-review:RAP-QL-912:0:RAP-CP-014:0","fnv1a-438e4363","Aman and Bhavna have present ages in the ratio 3:1. After 5 years, the ratio will become 2:1. Find the present age of the younger person, Bhavna.","A. 4
B. 7
C. 6
D. 5","3","5","Concept: write the present ages as ratio parts multiplied by a common unit.

Why this method works: all people age by the same number of years, so the same time shift must be applied to every age before forming the new ratio.

$$\text{Setup}=3:1 -> 2:1$$

Intermediate interpretation: setup = 3:1 -> 2:1.

$$\text{Equation}=\frac{3x+5}{1x+5}=\frac{2}{1}$$

Method: use the time shift or age difference to find the common unit.

$$\text{Common unit}=5$$

Final answer: the required age in years is 5.

Quick check: the recovered present ages remain positive and reproduce the stated past or future ratio.","","","","","PENDING",""
"RAP-003","RAP-CP-014","RAP-QL-913","agePresentFromPastRatio","agePresentFromPastRatio","Hard","RAP-CP-014:RAP-QL-913:rap-003:human-review:RAP-QL-913:0:RAP-CP-014:0","rap-003:human-review:RAP-QL-913:0:RAP-CP-014:0","fnv1a-87956b72","The present age ratio of Aman and Bhavna is 2:1. 3 years ago, their age ratio was 3:1. Find the present age of Aman.","A. 12
B. 13
C. 11
D. 14","0","12","Concept: write the present ages as ratio parts multiplied by a common unit.

Why this method works: all people age by the same number of years, so the same time shift must be applied to every age before forming the new ratio.

$$\text{Setup}=2:1 <- 3:1$$

Intermediate interpretation: setup = 2:1 <- 3:1.

$$\text{Equation}=\frac{2x-3}{1x-3}=\frac{3}{1}$$

Method: use the time shift or age difference to find the common unit.

$$\text{Common unit}=6$$

Final answer: the required age in years is 12.

Quick check: the recovered present ages remain positive and reproduce the stated past or future ratio.","","","","","PENDING",""
"RAP-003","RAP-CP-014","RAP-QL-914","agePresentFromPastRatio","agePresentFromPastRatio","Hard","RAP-CP-014:RAP-QL-914:rap-003:human-review:RAP-QL-914:0:RAP-CP-014:0","rap-003:human-review:RAP-QL-914:0:RAP-CP-014:0","fnv1a-02b83e4b","Aman and Bhavna are now in the age ratio 2:1. Their ratio 3 years ago was 3:1. Find the present age of Bhavna.","A. 8
B. 6
C. 7
D. 5","1","6","Concept: write the present ages as ratio parts multiplied by a common unit.

Why this method works: all people age by the same number of years, so the same time shift must be applied to every age before forming the new ratio.

$$\text{Setup}=2:1 <- 3:1$$

Intermediate interpretation: setup = 2:1 <- 3:1.

$$\text{Equation}=\frac{2x-3}{1x-3}=\frac{3}{1}$$

Method: use the time shift or age difference to find the common unit.

$$\text{Common unit}=6$$

Final answer: the required age in years is 6.

Quick check: the recovered present ages remain positive and reproduce the stated past or future ratio.","","","","","PENDING",""
"RAP-003","RAP-CP-014","RAP-QL-915","ageYearsToReachPastRatio","ageYearsToReachPastRatio","Hard","RAP-CP-014:RAP-QL-915:rap-003:human-review:RAP-QL-915:0:RAP-CP-014:0","rap-003:human-review:RAP-QL-915:0:RAP-CP-014:0","fnv1a-b0cabc3a","Father is 38 years old and son is 14 years old. How many years ago were their ages in the ratio 3:1?","A. 2
B. 4
C. 1
D. 3","0","2","Concept: add the same unknown number of years to both ages, because everyone ages equally.

Why this method works: all people age by the same number of years, so the same time shift must be applied to every age before forming the new ratio.

$$\text{Target ratio}=3 : 1$$

Intermediate interpretation: setup = 38:14 <- 3:1.

$$\text{Equation}=\frac{38-y}{14-y}=\frac{3}{1}$$

Method: solve this linear equation for the number of years.

Final answer: the required time in the unit used in the question is 2.

Quick check: the recovered present ages remain positive and reproduce the stated past or future ratio.","","","","","PENDING",""
"RAP-003","RAP-CP-014","RAP-QL-916","ageFromDifferenceAndRatio","ageFromDifferenceAndRatio","Easy","RAP-CP-014:RAP-QL-916:rap-003:human-review:RAP-QL-916:0:RAP-CP-014:0","rap-003:human-review:RAP-QL-916:0:RAP-CP-014:0","fnv1a-c07b7101","The ages of Aman and Bhavna are in the ratio 4:2. The difference between their ages is 6 years. Find the age of the elder person, Aman.","A. 13
B. 11
C. 14
D. 12","3","12","Concept: write the present ages as ratio parts multiplied by a common unit.

Why this method works: all people age by the same number of years, so the same time shift must be applied to every age before forming the new ratio.

$$\text{Setup}=4:2$$

Intermediate interpretation: setup = 4:2.

$$\text{Equation}=2x=6$$

Method: use the time shift or age difference to find the common unit.

$$\text{Common unit}=3$$

Final answer: the required age in years is 12.

Quick check: the recovered present ages remain positive and reproduce the stated past or future ratio.","","","","","PENDING",""
"RAP-003","RAP-CP-014","RAP-QL-917","ageFromDifferenceAndRatio","ageFromDifferenceAndRatio","Easy","RAP-CP-014:RAP-QL-917:rap-003:human-review:RAP-QL-917:0:RAP-CP-014:0","rap-003:human-review:RAP-QL-917:0:RAP-CP-014:0","fnv1a-665d6c60","The ages of Aman and Bhavna are in the ratio 4:2, and the age difference is 6 years. Find the age of the younger person, Bhavna.","A. 5
B. 7
C. 6
D. 8","2","6","Concept: write the present ages as ratio parts multiplied by a common unit.

Why this method works: all people age by the same number of years, so the same time shift must be applied to every age before forming the new ratio.

$$\text{Setup}=4:2$$

Intermediate interpretation: setup = 4:2.

$$\text{Equation}=2x=6$$

Method: use the time shift or age difference to find the common unit.

$$\text{Common unit}=3$$

Final answer: the required age in years is 6.

Quick check: the recovered present ages remain positive and reproduce the stated past or future ratio.","","","","","PENDING",""
"RAP-003","RAP-CP-014","RAP-QL-918","ageFromSumAndRatio","ageFromSumAndRatio","Easy","RAP-CP-014:RAP-QL-918:rap-003:human-review:RAP-QL-918:0:RAP-CP-014:0","rap-003:human-review:RAP-QL-918:0:RAP-CP-014:0","fnv1a-a5af5e26","The combined age of Aman and Bhavna is 18 years, and their ages are in the ratio 4:2. Find Aman's age.","A. 14
B. 12
C. 13
D. 11","1","12","Concept: write the present ages as ratio parts multiplied by a common unit.

Why this method works: all people age by the same number of years, so the same time shift must be applied to every age before forming the new ratio.

$$\text{Setup}=4:2, sum=18$$

Intermediate interpretation: setup = 4:2, sum=18.

$$\text{Equation}=6x=18$$

Method: use the time shift or age difference to find the common unit.

$$\text{Common unit}=3$$

Final answer: the required age in years is 12.

Quick check: the recovered present ages remain positive and reproduce the stated past or future ratio.","","","","","PENDING",""
"RAP-003","RAP-CP-014","RAP-QL-919","ageThreePersonSumRatio","ageThreePersonSumRatio","Medium","RAP-CP-014:RAP-QL-919:rap-003:human-review:RAP-QL-919:0:RAP-CP-014:0","rap-003:human-review:RAP-QL-919:0:RAP-CP-014:0","fnv1a-68ec5281","The ages of Aman, Bhavna, and Charu are in the ratio 2:3:4. Their total age is 18 years. Find the age of Bhavna.","A. 5
B. 8
C. 6
D. 7","2","6","Concept: write the present ages as ratio parts multiplied by a common unit.

Why this method works: all people age by the same number of years, so the same time shift must be applied to every age before forming the new ratio.

$$\text{Setup}=2:3:4, sum=18$$

Intermediate interpretation: setup = 2:3:4, sum=18.

$$\text{Equation}=9x=18$$

Method: use the time shift or age difference to find the common unit.

$$\text{Common unit}=2$$

Final answer: the required age in years is 6.

Quick check: the recovered present ages remain positive and reproduce the stated past or future ratio.","","","","","PENDING",""
"RAP-003","RAP-CP-014","RAP-QL-920","ageThreePersonKnownAge","ageThreePersonKnownAge","Medium","RAP-CP-014:RAP-QL-920:rap-003:human-review:RAP-QL-920:0:RAP-CP-014:0","rap-003:human-review:RAP-QL-920:0:RAP-CP-014:0","fnv1a-7e7de339","The ages of Aman, Bhavna, and Charu are in the ratio 3:4:5. If Charu is 10 years old, find the age of Bhavna.","A. 8
B. 7
C. 10
D. 9","0","8","Concept: write the present ages as ratio parts multiplied by a common unit.

Why this method works: all people age by the same number of years, so the same time shift must be applied to every age before forming the new ratio.

$$\text{Setup}=3:4:5$$

Intermediate interpretation: setup = 3:4:5.

$$\text{Equation}=5x=10$$

Method: use the time shift or age difference to find the common unit.

$$\text{Common unit}=2$$

Final answer: the required age in years is 8.

Quick check: the recovered present ages remain positive and reproduce the stated past or future ratio.","","","","","PENDING",""
"RAP-003","RAP-CP-014","RAP-QL-921","ageAverageAndRatio","ageAverageAndRatio","Medium","RAP-CP-014:RAP-QL-921:rap-003:human-review:RAP-QL-921:0:RAP-CP-014:0","rap-003:human-review:RAP-QL-921:0:RAP-CP-014:0","fnv1a-0832ab83","The average age of Aman and Bhavna is 10 years. Their ages are in the ratio 3:2. Find Aman's age.","A. 14
B. 12
C. 13
D. 11","1","12","Concept: write the present ages as ratio parts multiplied by a common unit.

Why this method works: all people age by the same number of years, so the same time shift must be applied to every age before forming the new ratio.

$$\text{Setup}=3:2, average=10$$

Intermediate interpretation: setup = 3:2, average=10.

$$\text{Equation}=5x=20$$

Method: use the time shift or age difference to find the common unit.

$$\text{Common unit}=4$$

Final answer: the required age in years is 12.

Quick check: the recovered present ages remain positive and reproduce the stated past or future ratio.","","","","","PENDING",""
"RAP-003","RAP-CP-014","RAP-QL-922","ageAverageThreePersonRatio","ageAverageThreePersonRatio","Medium","RAP-CP-014:RAP-QL-922:rap-003:human-review:RAP-QL-922:0:RAP-CP-014:0","rap-003:human-review:RAP-QL-922:0:RAP-CP-014:0","fnv1a-a4409a00","The average age of Aman, Bhavna, and Charu is 9 years. Their ages are in the ratio 2:3:4. Find Charu's age.","A. 12
B. 11
C. 13
D. 14","0","12","Concept: write the present ages as ratio parts multiplied by a common unit.

Why this method works: all people age by the same number of years, so the same time shift must be applied to every age before forming the new ratio.

$$\text{Setup}=2:3:4, average=9$$

Intermediate interpretation: setup = 2:3:4, average=9.

$$\text{Equation}=9x=27$$

Method: use the time shift or age difference to find the common unit.

$$\text{Common unit}=3$$

Final answer: the required age in years is 12.

Quick check: the recovered present ages remain positive and reproduce the stated past or future ratio.","","","","","PENDING",""
"RAP-003","RAP-CP-014","RAP-QL-923","ageFutureSumAndPresentRatio","ageFutureSumAndPresentRatio","Hard","RAP-CP-014:RAP-QL-923:rap-003:human-review:RAP-QL-923:0:RAP-CP-014:0","rap-003:human-review:RAP-QL-923:0:RAP-CP-014:0","fnv1a-22702f97","The present ages of Aman and Bhavna are in the ratio 3:2. After 3 years, their total age will be 31 years. Find Aman's present age.","A. 14
B. 17
C. 16
D. 15","3","15","Concept: write the present ages as ratio parts multiplied by a common unit.

Why this method works: all people age by the same number of years, so the same time shift must be applied to every age before forming the new ratio.

$$\text{Setup}=3:2, future sum=31$$

Intermediate interpretation: setup = 3:2, future sum=31.

$$\text{Equation}=5x+2\times3=31$$

Method: use the time shift or age difference to find the common unit.

$$\text{Common unit}=5$$

Final answer: the required age in years is 15.

Quick check: the recovered present ages remain positive and reproduce the stated past or future ratio.","","","","","PENDING",""
"RAP-003","RAP-CP-014","RAP-QL-924","agePastSumAndPresentRatio","agePastSumAndPresentRatio","Hard","RAP-CP-014:RAP-QL-924:rap-003:human-review:RAP-QL-924:0:RAP-CP-014:0","rap-003:human-review:RAP-QL-924:0:RAP-CP-014:0","fnv1a-5a72d0bb","The present ages of Aman and Bhavna are in the ratio 3:2. 3 years ago, their total age was 19 years. Find Bhavna's present age.","A. 10
B. 12
C. 9
D. 11","0","10","Concept: write the present ages as ratio parts multiplied by a common unit.

Why this method works: all people age by the same number of years, so the same time shift must be applied to every age before forming the new ratio.

$$\text{Setup}=3:2, past sum=19$$

Intermediate interpretation: setup = 3:2, past sum=19.

$$\text{Equation}=5x-2\times3=19$$

Method: use the time shift or age difference to find the common unit.

$$\text{Common unit}=5$$

Final answer: the required age in years is 10.

Quick check: the recovered present ages remain positive and reproduce the stated past or future ratio.","","","","","PENDING",""
"RAP-003","RAP-CP-014","RAP-QL-925","ageFutureRatioFromPresent","ageFutureRatioFromPresent","Easy","RAP-CP-014:RAP-QL-925:rap-003:human-review:RAP-QL-925:0:RAP-CP-014:0","rap-003:human-review:RAP-QL-925:0:RAP-CP-014:0","fnv1a-b5b8c526","Aman is 42 years old and Bhavna is 14 years old. Find their age ratio after 7 years.","A. 8:3
B. 7:4
C. 7:3
D. 6:3","2","7:3","Concept: shift both present ages by the same number of years, then simplify the ratio.

Why this method works: all people age by the same number of years, so the same time shift must be applied to every age before forming the new ratio.

$$\text{Setup}=42:14 after 7 years$$

Intermediate interpretation: setup = 42:14 after 7 years.

Method: compare only the shifted ages because both move by the same amount.

$$\text{Decisive equation}=(42+7):(14+7)$$

Final answer: the required ratio is 7 : 3.

Quick check: the recovered present ages remain positive and reproduce the stated past or future ratio.","","","","","PENDING",""
"RAP-003","RAP-CP-014","RAP-QL-926","agePastRatioFromPresent","agePastRatioFromPresent","Medium","RAP-CP-014:RAP-QL-926:rap-003:human-review:RAP-QL-926:0:RAP-CP-014:0","rap-003:human-review:RAP-QL-926:0:RAP-CP-014:0","fnv1a-b5b8c526","Aman is 42 years old and Bhavna is 14 years old. Find their age ratio 7 years ago.","A. 5:1
B. 4:1
C. 6:1
D. 5:2","0","5:1","Concept: shift both present ages by the same number of years, then simplify the ratio.

Why this method works: all people age by the same number of years, so the same time shift must be applied to every age before forming the new ratio.

$$\text{Setup}=42:14 7 years ago$$

Intermediate interpretation: setup = 42:14 7 years ago.

Method: compare only the shifted ages because both move by the same amount.

$$\text{Decisive equation}=(42-7):(14-7)$$

Final answer: the required ratio is 5 : 1.

Quick check: the recovered present ages remain positive and reproduce the stated past or future ratio.","","","","","PENDING",""
"RAP-003","RAP-CP-014","RAP-QL-927","ageDoubleHalfWording","ageDoubleHalfWording","Medium","RAP-CP-014:RAP-QL-927:rap-003:human-review:RAP-QL-927:0:RAP-CP-014:0","rap-003:human-review:RAP-QL-927:0:RAP-CP-014:0","fnv1a-79b5dda1","The present ages of Aman and Bhavna are in the ratio 5:2. After 5 years, Aman will be 2 times as old as Bhavna. Find the present age of Bhavna.","A. 11
B. 12
C. 9
D. 10","3","10","Concept: write the present ages as ratio parts multiplied by a common unit.

Why this method works: all people age by the same number of years, so the same time shift must be applied to every age before forming the new ratio.

$$\text{Setup}=5:2, after 5 years Aman=2 times Bhavna$$

Intermediate interpretation: setup = 5:2, after 5 years Aman=2 times Bhavna.

$$\text{Equation}=5x+5=2(2x+5)$$

Method: use the time shift or age difference to find the common unit.

$$\text{Common unit}=5$$

Final answer: the required age in years is 10.

Quick check: the recovered present ages remain positive and reproduce the stated past or future ratio.","","","","","PENDING",""
"RAP-003","RAP-CP-014","RAP-QL-928","agePresentFromFutureRatio","agePresentFromFutureRatio","Medium","RAP-CP-014:RAP-QL-928:rap-003:human-review:RAP-QL-928:0:RAP-CP-014:0","rap-003:human-review:RAP-QL-928:0:RAP-CP-014:0","fnv1a-58cdbfe8","The present ages of Aman and Bhavna are in the ratio 5:2. After 5 years, their ratio will be 2:1. Find the present age of Bhavna.","A. 9
B. 12
C. 10
D. 11","2","10","Concept: write the present ages as ratio parts multiplied by a common unit.

Why this method works: all people age by the same number of years, so the same time shift must be applied to every age before forming the new ratio.

$$\text{Setup}=5:2 -> 2:1$$

Intermediate interpretation: setup = 5:2 -> 2:1.

$$\text{Equation}=\frac{5x+5}{2x+5}=\frac{2}{1}$$

Method: use the time shift or age difference to find the common unit.

$$\text{Common unit}=5$$

Final answer: the required age in years is 10.

Quick check: the recovered present ages remain positive and reproduce the stated past or future ratio.","","","","","PENDING",""
"RAP-003","RAP-CP-014","RAP-QL-929","agePresentFromPastRatio","agePresentFromPastRatio","Medium","RAP-CP-014:RAP-QL-929:rap-003:human-review:RAP-QL-929:0:RAP-CP-014:0","rap-003:human-review:RAP-QL-929:0:RAP-CP-014:0","fnv1a-9525747c","The present ages of Aman and Bhavna are in the ratio 3:1. 3 years ago, their ratio was 5:1. Find the present age of Bhavna.","A. 7
B. 6
C. 8
D. 5","1","6","Concept: write the present ages as ratio parts multiplied by a common unit.

Why this method works: all people age by the same number of years, so the same time shift must be applied to every age before forming the new ratio.

$$\text{Setup}=3:1 <- 5:1$$

Intermediate interpretation: setup = 3:1 <- 5:1.

$$\text{Equation}=\frac{3x-3}{1x-3}=\frac{5}{1}$$

Method: use the time shift or age difference to find the common unit.

$$\text{Common unit}=6$$

Final answer: the required age in years is 6.

Quick check: the recovered present ages remain positive and reproduce the stated past or future ratio.","","","","","PENDING",""
"RAP-003","RAP-CP-014","RAP-QL-930","agePresentFromFutureRatio","agePresentFromFutureRatio","Medium","RAP-CP-014:RAP-QL-930:rap-003:human-review:RAP-QL-930:0:RAP-CP-014:0","rap-003:human-review:RAP-QL-930:0:RAP-CP-014:0","fnv1a-070cdf74","Aman and Bhavna have present ages in the ratio 4:2. After 4 years, their ratio will be 5:3. Find the present age of Aman.","A. 15
B. 18
C. 17
D. 16","3","16","Concept: write the present ages as ratio parts multiplied by a common unit.

Why this method works: all people age by the same number of years, so the same time shift must be applied to every age before forming the new ratio.

$$\text{Setup}=4:2 -> 5:3$$

Intermediate interpretation: setup = 4:2 -> 5:3.

$$\text{Equation}=\frac{4x+4}{2x+4}=\frac{5}{3}$$

Method: use the time shift or age difference to find the common unit.

$$\text{Common unit}=4$$

Final answer: the required age in years is 16.

Quick check: the recovered present ages remain positive and reproduce the stated past or future ratio.","","","","","PENDING",""
"RAP-003","RAP-CP-015","RAP-QL-951","incomeExpenditureSavingsRatio","incomeExpenditureSavingsRatio","Medium","RAP-CP-015:RAP-QL-951:rap-003:human-review:RAP-QL-951:0:RAP-CP-015:0","rap-003:human-review:RAP-QL-951:0:RAP-CP-015:0","fnv1a-f46da442","The incomes of Aman and Bhavna are in the ratio 5:4, and their expenditures are in the ratio 3:2. If the income unit is Rs. 6000 and the expenditure unit is Rs. 7000, find the ratio of their savings.","A. 10:10
B. 9:11
C. 8:10
D. 9:10","3","9:10","Concept: convert income and expenditure ratios into comparable amounts; savings = income - expenditure.

Why this method works: income, expenditure, and savings are linked by savings = income - expenditure for each person or family.

$$\text{Setup}=I=5:4, E=3:2$$

Intermediate interpretation: setup = I=5:4, E=3:2.

$$\text{Income values}=30000:24000$$

$$\text{Expenditure values}=21000:14000$$

Method: apply the savings condition or form the final savings ratio.

$$\text{Decisive equation}=(30000-21000):(24000-14000)$$

Final answer: the required ratio is 9 : 10.

Quick check: subtracting the computed expenditure from income gives the displayed savings value or ratio.","","","","","PENDING",""
"RAP-003","RAP-CP-015","RAP-QL-952","incomeExpenditureEqualSavings","incomeExpenditureEqualSavings","Medium","RAP-CP-015:RAP-QL-952:rap-003:human-review:RAP-QL-952:0:RAP-CP-015:0","rap-003:human-review:RAP-QL-952:0:RAP-CP-015:0","fnv1a-16685efd","The incomes of Aman and Bhavna are in the ratio 3:4, and their expenditures are in the ratio 2:3. Their savings are equal. If Aman's income is Rs. 30000, find Bhavna's savings.","A. 9900
B. 10050
C. 10000
D. 10100","2","10000","Concept: convert income and expenditure ratios into comparable amounts; savings = income - expenditure.

Why this method works: income, expenditure, and savings are linked by savings = income - expenditure for each person or family.

$$\text{Setup}=Equal savings, I=3:4, E=2:3$$

Intermediate interpretation: setup = Equal savings, I=3:4, E=2:3.

$$\text{Income scale}=10000$$

$$\text{Expenditure scale}=10000$$

Method: apply the savings condition or form the final savings ratio.

$$\text{Decisive equation}=3x-2y=4x-3y$$

Final answer: the required quantity is 10000.

Quick check: subtracting the computed expenditure from income gives the displayed savings value or ratio.","","","","","PENDING",""
"RAP-003","RAP-CP-015","RAP-QL-953","incomeFromSavingsRatio","incomeFromSavingsRatio","Hard","RAP-CP-015:RAP-QL-953:rap-003:human-review:RAP-QL-953:0:RAP-CP-015:0","rap-003:human-review:RAP-QL-953:0:RAP-CP-015:0","fnv1a-3b5c9d8c","The incomes of Person A and Person B are in the ratio 7:8, their expenditures are in the ratio 4:5, and their savings are in the ratio 3:3. If Person B's expenditure is Rs. 25000, find Person A's income.","A. 35050
B. 35000
C. 35100
D. 34900","1","35000","Concept: convert income and expenditure ratios into comparable amounts; savings = income - expenditure.

Why this method works: income, expenditure, and savings are linked by savings = income - expenditure for each person or family.

$$\text{Setup}=S=3:3$$

Intermediate interpretation: setup = S=3:3.

$$\text{Income scale}=5000$$

$$\text{Expenditure scale}=5000$$

Method: apply the savings condition or form the final savings ratio.

$$\text{Decisive equation}=\frac{7x-4y}{8x-5y}=\frac{3}{3}$$

Final answer: the required quantity is 35000.

Quick check: subtracting the computed expenditure from income gives the displayed savings value or ratio.","","","","","PENDING",""
"RAP-003","RAP-CP-015","RAP-QL-954","expenditureFromSavingsRatio","expenditureFromSavingsRatio","Hard","RAP-CP-015:RAP-QL-954:rap-003:human-review:RAP-QL-954:0:RAP-CP-015:0","rap-003:human-review:RAP-QL-954:0:RAP-CP-015:0","fnv1a-d162dfad","The incomes of Ravi and Sunita are in the ratio 4:5, their expenditures are in the ratio 2:3, and their savings are in the ratio 2:2. If Ravi's income is Rs. 24000, find Sunita's expenditure.","A. 17900
B. 18100
C. 18000
D. 18050","2","18000","Concept: convert income and expenditure ratios into comparable amounts; savings = income - expenditure.

Why this method works: income, expenditure, and savings are linked by savings = income - expenditure for each person or family.

$$\text{Setup}=S=2:2$$

Intermediate interpretation: setup = S=2:2.

$$\text{Income scale}=6000$$

$$\text{Expenditure scale}=6000$$

Method: apply the savings condition or form the final savings ratio.

$$\text{Decisive equation}=\frac{4x-2y}{5x-3y}=\frac{2}{2}$$

Final answer: the required quantity is 18000.

Quick check: subtracting the computed expenditure from income gives the displayed savings value or ratio.","","","","","PENDING",""
"RAP-003","RAP-CP-015","RAP-QL-955","incomeExpenditureSavingsRatio","incomeExpenditureSavingsRatio","Medium","RAP-CP-015:RAP-QL-955:rap-003:human-review:RAP-QL-955:0:RAP-CP-015:0","rap-003:human-review:RAP-QL-955:0:RAP-CP-015:0","fnv1a-e95c8174","Ravi and Sunita have incomes in the ratio 7:5. Their expenditures are in the ratio 4:3. With income unit Rs. 5000 and expenditure unit Rs. 6000, find the ratio of their savings.","A. 12:7
B. 11:8
C. 10:7
D. 11:7","3","11:7","Concept: convert income and expenditure ratios into comparable amounts; savings = income - expenditure.

Why this method works: income, expenditure, and savings are linked by savings = income - expenditure for each person or family.

$$\text{Setup}=I=7:5, E=4:3$$

Intermediate interpretation: setup = I=7:5, E=4:3.

$$\text{Income values}=35000:25000$$

$$\text{Expenditure values}=24000:18000$$

Method: apply the savings condition or form the final savings ratio.

$$\text{Decisive equation}=(35000-24000):(25000-18000)$$

Final answer: the required ratio is 11 : 7.

Quick check: subtracting the computed expenditure from income gives the displayed savings value or ratio.","","","","","PENDING",""
"RAP-003","RAP-CP-015","RAP-QL-957","incomeExpenditureEqualSavings","incomeExpenditureEqualSavings","Medium","RAP-CP-015:RAP-QL-957:rap-003:human-review:RAP-QL-957:0:RAP-CP-015:0","rap-003:human-review:RAP-QL-957:0:RAP-CP-015:0","fnv1a-a2c956a4","The incomes of Ravi and Sunita are in the ratio 4:5, and their expenditures are in the ratio 3:4. Their savings are equal. If Sunita's expenditure is Rs. 24000, find Ravi's savings.","A. 6100
B. 6050
C. 6000
D. 5900","2","6000","Concept: convert income and expenditure ratios into comparable amounts; savings = income - expenditure.

Why this method works: income, expenditure, and savings are linked by savings = income - expenditure for each person or family.

$$\text{Setup}=Equal savings, I=4:5, E=3:4$$

Intermediate interpretation: setup = Equal savings, I=4:5, E=3:4.

$$\text{Income scale}=6000$$

$$\text{Expenditure scale}=6000$$

Method: apply the savings condition or form the final savings ratio.

$$\text{Decisive equation}=4x-3y=5x-4y$$

Final answer: the required quantity is 6000.

Quick check: subtracting the computed expenditure from income gives the displayed savings value or ratio.","","","","","PENDING",""
"RAP-003","RAP-CP-015","RAP-QL-958","incomeFromSavingsRatio","incomeFromSavingsRatio","Hard","RAP-CP-015:RAP-QL-958:rap-003:human-review:RAP-QL-958:0:RAP-CP-015:0","rap-003:human-review:RAP-QL-958:0:RAP-CP-015:0","fnv1a-eefd8294","The expenditures of Aman and Bhavna are in the ratio 3:4, and their savings are in the ratio 2:3. If expenditure units are Rs. 5000 and savings units are Rs. 4000, find their income ratio.","A. 23:32
B. 24:32
C. 22:32
D. 23:33","0","23:32","Concept: convert income and expenditure ratios into comparable amounts; savings = income - expenditure.

Why this method works: income, expenditure, and savings are linked by savings = income - expenditure for each person or family.

$$\text{Setup}=E=3:4, S=2:3$$

Intermediate interpretation: setup = E=3:4, S=2:3.

$$\text{Income values}=23000:32000$$

$$\text{Savings relation}=E=3:4, S=2:3$$

Method: apply the savings condition or form the final savings ratio.

$$\text{Decisive equation}=(3\times5000+2\times4000):(4\times5000+3\times4000)$$

Final answer: the required ratio is 23 : 32.

Quick check: subtracting the computed expenditure from income gives the displayed savings value or ratio.","","","","","PENDING",""
"RAP-003","RAP-CP-015","RAP-QL-959","expenditureFromSavingsRatio","expenditureFromSavingsRatio","Hard","RAP-CP-015:RAP-QL-959:rap-003:human-review:RAP-QL-959:0:RAP-CP-015:0","rap-003:human-review:RAP-QL-959:0:RAP-CP-015:0","fnv1a-e1796595","The incomes of Aman and Bhavna are in the ratio 5:7, and their savings are in the ratio 2:3. If income units are Rs. 6000 and savings units are Rs. 5000, find their expenditure ratio.","A. 21:27
B. 20:28
C. 19:27
D. 20:27","3","20:27","Concept: convert income and expenditure ratios into comparable amounts; savings = income - expenditure.

Why this method works: income, expenditure, and savings are linked by savings = income - expenditure for each person or family.

$$\text{Setup}=I=5:7, S=2:3$$

Intermediate interpretation: setup = I=5:7, S=2:3.

$$\text{Known relation}=I=5:7, S=2:3$$

$$\text{Expenditure values}=20000:27000$$

Method: apply the savings condition or form the final savings ratio.

$$\text{Decisive equation}=(5\times6000-2\times5000):(7\times6000-3\times5000)$$

Final answer: the required ratio is 20 : 27.

Quick check: subtracting the computed expenditure from income gives the displayed savings value or ratio.","","","","","PENDING",""
"RAP-003","RAP-CP-015","RAP-QL-960","incomeExpenseDifferenceSavings","incomeExpenseDifferenceSavings","Hard","RAP-CP-015:RAP-QL-960:rap-003:human-review:RAP-QL-960:0:RAP-CP-015:0","rap-003:human-review:RAP-QL-960:0:RAP-CP-015:0","fnv1a-a7710169","Use the same common unit for both ratios. The incomes of Aman and Bhavna are in the ratio 9:7, while their expenditures are in the ratio 5:2. If the difference between their savings is Rs. 4000, find Aman's income.","A. 36100
B. 36050
C. 35900
D. 36000","3","36000","Concept: convert income and expenditure ratios into comparable amounts; savings = income - expenditure.

Why this method works: income, expenditure, and savings are linked by savings = income - expenditure for each person or family.

$$\text{Setup}=I=9:7, E=5:2$$

Intermediate interpretation: setup = I=9:7, E=5:2.

$$\text{Income values}=36000:28000$$

$$\text{Savings relation}=I=9:7, E=5:2$$

Method: apply the savings condition or form the final savings ratio.

$$\text{Decisive equation}=1x=4000$$

Final answer: the required quantity is 36000.

Quick check: subtracting the computed expenditure from income gives the displayed savings value or ratio.","","","","","PENDING",""
"RAP-003","RAP-CP-015","RAP-QL-961","incomeExpenseSumSavings","incomeExpenseSumSavings","Hard","RAP-CP-015:RAP-QL-961:rap-003:human-review:RAP-QL-961:0:RAP-CP-015:0","rap-003:human-review:RAP-QL-961:0:RAP-CP-015:0","fnv1a-b804ec8f","Use the same common unit for both ratios. The incomes of Ravi and Sunita are in the ratio 8:7, and expenditures are in the ratio 5:3. If their total savings are Rs. 28000, find Sunita's expenditure.","A. 12000
B. 11900
C. 12100
D. 12050","0","12000","Concept: convert income and expenditure ratios into comparable amounts; savings = income - expenditure.

Why this method works: income, expenditure, and savings are linked by savings = income - expenditure for each person or family.

$$\text{Setup}=I=8:7, E=5:3$$

Intermediate interpretation: setup = I=8:7, E=5:3.

$$\text{Savings values}=12000:16000$$

$$\text{Expenditure values}=20000:12000$$

Method: apply the savings condition or form the final savings ratio.

$$\text{Decisive equation}=7x=28000$$

Final answer: the required quantity is 12000.

Quick check: subtracting the computed expenditure from income gives the displayed savings value or ratio.","","","","","PENDING",""
"RAP-003","RAP-CP-015","RAP-QL-962","incomeExpenseOneSavesPercent","incomeExpenseOneSavesPercent","Medium","RAP-CP-015:RAP-QL-962:rap-003:human-review:RAP-QL-962:0:RAP-CP-015:0","rap-003:human-review:RAP-QL-962:0:RAP-CP-015:0","fnv1a-d911e2e7","The incomes of Aman and Bhavna are in the ratio 4:5. Aman saves 25% of income and Bhavna saves 20% of income. Find the ratio of their savings.","A. 2:1
B. 0:1
C. 1:1
D. 1:2","2","1:1","Concept: convert income and expenditure ratios into comparable amounts; savings = income - expenditure.

Why this method works: income, expenditure, and savings are linked by savings = income - expenditure for each person or family.

$$\text{Setup}=Income=4:5, savings percent=25:20$$

Intermediate interpretation: setup = Income=4:5, savings percent=25:20.

$$\text{Savings values}=100:100$$

$$\text{Savings relation}=Income=4:5, savings percent=25:20$$

Method: apply the savings condition or form the final savings ratio.

$$\text{Decisive equation}=4\times25:5\times20$$

Final answer: the required ratio is 1 : 1.

Quick check: subtracting the computed expenditure from income gives the displayed savings value or ratio.","","","","","PENDING",""
"RAP-003","RAP-CP-015","RAP-QL-963","incomeExpenseFindSavingsPercent","incomeExpenseFindSavingsPercent","Hard","RAP-CP-015:RAP-QL-963:rap-003:human-review:RAP-QL-963:0:RAP-CP-015:0","rap-003:human-review:RAP-QL-963:0:RAP-CP-015:0","fnv1a-b5f7647a","The incomes of Aman and Bhavna are in the ratio 5:6, and their expenditures are in the ratio 3:4. If income unit is Rs. 10000 and expenditure unit is Rs. 9000, find Aman's saving as a percentage of income.","A. 32%
B. 47%
C. 46%
D. 85%","2","46%","Concept: convert income and expenditure ratios into comparable amounts; savings = income - expenditure.

Why this method works: income, expenditure, and savings are linked by savings = income - expenditure for each person or family.

$$\text{Setup}=I=5:6, E=3:4$$

Intermediate interpretation: setup = I=5:6, E=3:4.

$$\text{Income values}=50000:60000$$

$$\text{Expenditure values}=27000:36000$$

Method: apply the savings condition or form the final savings ratio.

$$\text{Decisive equation}=\frac{50000-27000}{50000}\times100$$

Final answer: the required percentage is 46%.

Quick check: subtracting the computed expenditure from income gives the displayed savings value or ratio.","","","","","PENDING",""
"RAP-003","RAP-CP-015","RAP-QL-964","familyIncomeExpenditure","familyIncomeExpenditure","Medium","RAP-CP-015:RAP-QL-964:rap-003:human-review:RAP-QL-964:0:RAP-CP-015:0","rap-003:human-review:RAP-QL-964:0:RAP-CP-015:0","fnv1a-8558a027","Two families, Family A and Family B, have incomes in the ratio 5:7 and expenditures in the ratio 3:5. If income unit is Rs. 12000 and expenditure unit is Rs. 10000, find their combined savings.","A. 64100
B. 63900
C. 64050
D. 64000","3","64000","Concept: convert income and expenditure ratios into comparable amounts; savings = income - expenditure.

Why this method works: income, expenditure, and savings are linked by savings = income - expenditure for each person or family.

$$\text{Setup}=I=5:7, E=3:5$$

Intermediate interpretation: setup = I=5:7, E=3:5.

$$\text{Income values}=60000:84000$$

$$\text{Expenditure values}=30000:50000$$

Method: apply the savings condition or form the final savings ratio.

$$\text{Decisive equation}=(60000+84000)-(30000+50000)$$

Final answer: the required quantity is 64000.

Quick check: subtracting the computed expenditure from income gives the displayed savings value or ratio.","","","","","PENDING",""
"RAP-003","RAP-CP-015","RAP-QL-965","salarySpendingSavings","salarySpendingSavings","Medium","RAP-CP-015:RAP-QL-965:rap-003:human-review:RAP-QL-965:0:RAP-CP-015:0","rap-003:human-review:RAP-QL-965:0:RAP-CP-015:0","fnv1a-8cf91057","The salaries of Aman and Bhavna are in the ratio 6:5, and their spending is in the ratio 4:2. The same common unit for both ratios is Rs. 8000. Find the difference between their savings.","A. 8000
B. 8100
C. 7900
D. 8050","0","8000","Concept: convert income and expenditure ratios into comparable amounts; savings = income - expenditure.

Why this method works: income, expenditure, and savings are linked by savings = income - expenditure for each person or family.

$$\text{Setup}=I=6:5, E=4:2$$

Intermediate interpretation: setup = I=6:5, E=4:2.

$$\text{Savings values}=16000:24000$$

$$\text{Savings relation}=I=6:5, E=4:2$$

Method: apply the savings condition or form the final savings ratio.

$$\text{Decisive equation}=|(48000-32000)-(40000-16000)|$$

Final answer: the required quantity is 8000.

Quick check: subtracting the computed expenditure from income gives the displayed savings value or ratio.","","","","","PENDING",""
"RAP-003","RAP-CP-015","RAP-QL-966","shopRevenueCostProfit","shopRevenueCostProfit","Hard","RAP-CP-015:RAP-QL-966:rap-003:human-review:RAP-QL-966:0:RAP-CP-015:0","rap-003:human-review:RAP-QL-966:0:RAP-CP-015:0","fnv1a-899e1640","The revenues of Shop A and Shop B are in the ratio 7:8, and their costs are in the ratio 5:6. If revenue unit is Rs. 10000 and cost unit is Rs. 9000, find their profit ratio.","A. 26:26
B. 25:26
C. 25:27
D. 24:26","1","25:26","Concept: convert income and expenditure ratios into comparable amounts; savings = income - expenditure.

Why this method works: income, expenditure, and savings are linked by savings = income - expenditure for each person or family.

$$\text{Setup}=Revenue=7:8, cost=5:6$$

Intermediate interpretation: setup = Revenue=7:8, cost=5:6.

$$\text{Savings values}=25000:26000$$

$$\text{Savings relation}=Revenue=7:8, cost=5:6$$

Method: apply the savings condition or form the final savings ratio.

$$\text{Decisive equation}=(7\times10000-5\times9000):(8\times10000-6\times9000)$$

Final answer: the required ratio is 25 : 26.

Quick check: subtracting the computed expenditure from income gives the displayed savings value or ratio.","","","","","PENDING",""
"RAP-003","RAP-CP-015","RAP-QL-967","equalIncomeDifferentExpense","equalIncomeDifferentExpense","Medium","RAP-CP-015:RAP-QL-967:rap-003:human-review:RAP-QL-967:0:RAP-CP-015:0","rap-003:human-review:RAP-QL-967:0:RAP-CP-015:0","fnv1a-b5b45d1d","Aman and Bhavna have equal incomes of Rs. 50000. Their expenditures are in the ratio 3:4, with each expenditure unit equal to Rs. 8000. Find the ratio of their savings.","A. 12:9
B. 13:10
C. 13:9
D. 14:9","2","13:9","Concept: convert income and expenditure ratios into comparable amounts; savings = income - expenditure.

Why this method works: income, expenditure, and savings are linked by savings = income - expenditure for each person or family.

$$\text{Setup}=Savings=26000:18000$$

Intermediate interpretation: setup = Savings=26000:18000.

$$\text{Savings values}=26000:18000$$

$$\text{Savings relation}=Savings=26000:18000$$

Method: apply the savings condition or form the final savings ratio.

$$\text{Decisive equation}=(50000-24000):(50000-32000)$$

Final answer: the required ratio is 13 : 9.

Quick check: subtracting the computed expenditure from income gives the displayed savings value or ratio.","","","","","PENDING",""
"RAP-003","RAP-CP-015","RAP-QL-968","equalExpenseDifferentIncome","equalExpenseDifferentIncome","Medium","RAP-CP-015:RAP-QL-968:rap-003:human-review:RAP-QL-968:0:RAP-CP-015:0","rap-003:human-review:RAP-QL-968:0:RAP-CP-015:0","fnv1a-6c18f15b","Aman and Bhavna have equal expenditures of Rs. 24000. Their incomes are in the ratio 5:6, with each income unit equal to Rs. 8000. Find the ratio of their savings.","A. 3:3
B. 1:3
C. 2:4
D. 2:3","3","2:3","Concept: convert income and expenditure ratios into comparable amounts; savings = income - expenditure.

Why this method works: income, expenditure, and savings are linked by savings = income - expenditure for each person or family.

$$\text{Setup}=Savings=16000:24000$$

Intermediate interpretation: setup = Savings=16000:24000.

$$\text{Savings values}=16000:24000$$

$$\text{Savings relation}=Savings=16000:24000$$

Method: apply the savings condition or form the final savings ratio.

$$\text{Decisive equation}=(40000-24000):(48000-24000)$$

Final answer: the required ratio is 2 : 3.

Quick check: subtracting the computed expenditure from income gives the displayed savings value or ratio.","","","","","PENDING",""
"RAP-003","RAP-CP-015","RAP-QL-969","pocketMoneySpending","pocketMoneySpending","Easy","RAP-CP-015:RAP-QL-969:rap-003:human-review:RAP-QL-969:0:RAP-CP-015:0","rap-003:human-review:RAP-QL-969:0:RAP-CP-015:0","fnv1a-0b6b0625","The pocket money of Student A and Student B is in the ratio 5:4, and their spending is in the ratio 3:2. If income and spending units are Rs. 1000 and Rs. 1000, find their savings ratio.","A. 1:1
B. 1:2
C. 2:1
D. 0:1","0","1:1","Concept: convert income and expenditure ratios into comparable amounts; savings = income - expenditure.

Why this method works: income, expenditure, and savings are linked by savings = income - expenditure for each person or family.

$$\text{Setup}=Savings=2000:2000$$

Intermediate interpretation: setup = Savings=2000:2000.

$$\text{Savings values}=2000:2000$$

$$\text{Savings relation}=Savings=2000:2000$$

Method: apply the savings condition or form the final savings ratio.

$$\text{Decisive equation}=(5000-3000):(4000-2000)$$

Final answer: the required ratio is 1 : 1.

Quick check: subtracting the computed expenditure from income gives the displayed savings value or ratio.","","","","","PENDING",""
"RAP-003","RAP-CP-015","RAP-QL-970","givenOneSavesMore","givenOneSavesMore","Hard","RAP-CP-015:RAP-QL-970:rap-003:human-review:RAP-QL-970:0:RAP-CP-015:0","rap-003:human-review:RAP-QL-970:0:RAP-CP-015:0","fnv1a-36a6e5e8","The incomes of Aman and Bhavna are in the ratio 9:7, and their expenditures are in the ratio 5:2. The same common unit is used for both ratios. If one saves Rs. 4000 more than the other, find Bhavna's income.","A. 27900
B. 28050
C. 28000
D. 28100","2","28000","Concept: convert income and expenditure ratios into comparable amounts; savings = income - expenditure.

Why this method works: income, expenditure, and savings are linked by savings = income - expenditure for each person or family.

$$\text{Setup}=I=9:7, E=5:2$$

Intermediate interpretation: setup = I=9:7, E=5:2.

$$\text{Income values}=36000:28000$$

$$\text{Savings relation}=I=9:7, E=5:2$$

Method: apply the savings condition or form the final savings ratio.

$$\text{Decisive equation}=1x=4000$$

Final answer: the required quantity is 28000.

Quick check: subtracting the computed expenditure from income gives the displayed savings value or ratio.","","","","","PENDING",""
"RAP-003","RAP-CP-015","RAP-QL-971","givenOneSpendsMore","givenOneSpendsMore","Hard","RAP-CP-015:RAP-QL-971:rap-003:human-review:RAP-QL-971:0:RAP-CP-015:0","rap-003:human-review:RAP-QL-971:0:RAP-CP-015:0","fnv1a-a346f3fa","Use the same common unit for both ratios. The incomes of Aman and Bhavna are in the ratio 8:7, and their expenditures are in the ratio 3:5. If the difference in expenditure is Rs. 6000, find Aman's savings.","A. 15100
B. 15050
C. 15000
D. 14900","2","15000","Concept: convert income and expenditure ratios into comparable amounts; savings = income - expenditure.

Why this method works: income, expenditure, and savings are linked by savings = income - expenditure for each person or family.

$$\text{Setup}=I=8:7, E=3:5$$

Intermediate interpretation: setup = I=8:7, E=3:5.

$$\text{Savings values}=15000:6000$$

$$\text{Savings relation}=I=8:7, E=3:5$$

Method: apply the savings condition or form the final savings ratio.

$$\text{Decisive equation}=Aman\text{ savings}=15000$$

Final answer: the required quantity is 15000.

Quick check: subtracting the computed expenditure from income gives the displayed savings value or ratio.","","","","","PENDING",""
"RAP-003","RAP-CP-015","RAP-QL-972","incomeExpenseTotalIncome","incomeExpenseTotalIncome","Hard","RAP-CP-015:RAP-QL-972:rap-003:human-review:RAP-QL-972:0:RAP-CP-015:0","rap-003:human-review:RAP-QL-972:0:RAP-CP-015:0","fnv1a-7079ae0d","The incomes of Aman and Bhavna are in the ratio 5:7. Their total income is Rs. 72000, and expenditures are in the ratio 3:4 with unit Rs. 6000. Find their combined savings.","A. 29900
B. 30100
C. 30000
D. 30050","2","30000","Concept: convert income and expenditure ratios into comparable amounts; savings = income - expenditure.

Why this method works: income, expenditure, and savings are linked by savings = income - expenditure for each person or family.

$$\text{Setup}=I=5:7, E=3:4$$

Intermediate interpretation: setup = I=5:7, E=3:4.

$$\text{Income values}=30000:42000$$

$$\text{Expenditure values}=18000:24000$$

Method: apply the savings condition or form the final savings ratio.

$$\text{Decisive equation}=(30000+42000)-(18000+24000)$$

Final answer: the required quantity is 30000.

Quick check: subtracting the computed expenditure from income gives the displayed savings value or ratio.","","","","","PENDING",""
"RAP-003","RAP-CP-015","RAP-QL-973","incomeExpenseTotalExpense","incomeExpenseTotalExpense","Hard","RAP-CP-015:RAP-QL-973:rap-003:human-review:RAP-QL-973:0:RAP-CP-015:0","rap-003:human-review:RAP-QL-973:0:RAP-CP-015:0","fnv1a-4b82646d","The expenditures of Aman and Bhavna are in the ratio 3:4. Their total expenditure is Rs. 42000, and incomes are in the ratio 5:6 with unit Rs. 10000. Find their combined income.","A. 110100
B. 109900
C. 110050
D. 110000","3","110000","Concept: convert income and expenditure ratios into comparable amounts; savings = income - expenditure.

Why this method works: income, expenditure, and savings are linked by savings = income - expenditure for each person or family.

$$\text{Setup}=I=5:6, E=3:4$$

Intermediate interpretation: setup = I=5:6, E=3:4.

$$\text{Income values}=50000:60000$$

$$\text{Expenditure values}=18000:24000$$

Method: apply the savings condition or form the final savings ratio.

$$\text{Decisive equation}=50000+60000$$

Final answer: the required quantity is 110000.

Quick check: subtracting the computed expenditure from income gives the displayed savings value or ratio.","","","","","PENDING",""
"RAP-003","RAP-CP-015","RAP-QL-974","incomeExpenseSavingsComparison","incomeExpenseSavingsComparison","Medium","RAP-CP-015:RAP-QL-974:rap-003:human-review:RAP-QL-974:0:RAP-CP-015:0","rap-003:human-review:RAP-QL-974:0:RAP-CP-015:0","fnv1a-014f31af","The incomes of Aman and Bhavna are in the ratio 7:6, and expenditures are in the ratio 4:3. If income unit is Rs. 10000 and expenditure unit is Rs. 9000, find the ratio of their savings.","A. 34:33
B. 33:33
C. 34:34
D. 35:33","0","34:33","Concept: convert income and expenditure ratios into comparable amounts; savings = income - expenditure.

Why this method works: income, expenditure, and savings are linked by savings = income - expenditure for each person or family.

$$\text{Setup}=Savings=34000:33000$$

Intermediate interpretation: setup = Savings=34000:33000.

$$\text{Savings values}=34000:33000$$

$$\text{Savings relation}=Savings=34000:33000$$

Method: apply the savings condition or form the final savings ratio.

$$\text{Decisive equation}=(70000-36000):(60000-27000)$$

Final answer: the required ratio is 34 : 33.

Quick check: subtracting the computed expenditure from income gives the displayed savings value or ratio.","","","","","PENDING",""
"RAP-003","RAP-CP-016","RAP-QL-1001","alloyMixingRatioFromTarget","alloyMixingRatioFromTarget","Medium","RAP-CP-016:RAP-QL-1001:rap-003:human-review:RAP-QL-1001:0:RAP-CP-016:0","rap-003:human-review:RAP-QL-1001:0:RAP-CP-016:0","fnv1a-6c0f7004","Alloy A contains 40% gold and Alloy B contains 20% gold. In what ratio should they be mixed to obtain a mixture containing 30% gold?","A. 1:2
B. 0:1
C. 2:1
D. 1:1","3","1:1","Concept: for mixture blending, compare component amounts or percentages, not just total quantities.

Why this method works: the final concentration or average is a quantity-weighted balance of the source values.

$$\text{Setup}=40%, 20% -> 30%$$

Intermediate interpretation: setup = 40%, 20% -> 30%.

Method: use alligation; distance from the target decides the opposite mixing parts.

$$\text{Decisive equation}=30-20:40-30$$

Final answer: the required ratio is 1 : 1.

Quick check: the target lies between the source values and the weighted component total is preserved.","","","","","PENDING",""
"RAP-003","RAP-CP-016","RAP-QL-1002","alloyTargetComponentFromMix","alloyTargetComponentFromMix","Medium","RAP-CP-016:RAP-QL-1002:rap-003:human-review:RAP-QL-1002:0:RAP-CP-016:0","rap-003:human-review:RAP-QL-1002:0:RAP-CP-016:0","fnv1a-fcdd96ad","24 litres of Milk mixture A, containing 75% milk, is mixed with 36 litres of Milk mixture B, containing 50% milk. What percentage of milk is in the final mixture?","A. 61%
B. 59%
C. 60%
D. 40%","2","60%","Concept: for mixture blending, compare component amounts or percentages, not just total quantities.

Why this method works: the final concentration or average is a quantity-weighted balance of the source values.

$$\text{Setup}=24@75%, 36@50%$$

Intermediate interpretation: setup = 24@75%, 36@50%.

Method: compute the weighted component amount and divide by the total mixture.

$$\text{Decisive equation}=\frac{24\times75+36\times50}{60}$$

Final answer: the required percentage is 60%.

Quick check: the target lies between the source values and the weighted component total is preserved.","","","","","PENDING",""
"RAP-003","RAP-CP-016","RAP-QL-1003","alloyThreeSourceEqualMix","alloyThreeSourceEqualMix","Hard","RAP-CP-016:RAP-QL-1003:rap-003:human-review:RAP-QL-1003:0:RAP-CP-016:0","rap-003:human-review:RAP-QL-1003:0:RAP-CP-016:0","fnv1a-788ea408","Equal quantities of Alloy A, Alloy B, and Alloy C are mixed. Their gold:other ratios are 2:3, 3:7, and 1:4. Find the gold:other ratio in the final mixture.","A. 4:7
B. 3:7
C. 3:8
D. 2:7","1","3:7","Concept: for mixture blending, compare component amounts or percentages, not just total quantities.

Why this method works: the final concentration or average is a quantity-weighted balance of the source values.

$$\text{Setup}=2:3, 3:7, 1:4$$

Intermediate interpretation: setup = 2:3, 3:7, 1:4.

Method: compute the weighted component amount and divide by the total mixture.

$$\text{Decisive equation}=\frac{\frac{2}{5}+\frac{3}{10}+\frac{1}{5}}{3}$$

Final answer: the required ratio is 3 : 7.

Quick check: the target lies between the source values and the weighted component total is preserved.","","","","","PENDING",""
"RAP-003","RAP-CP-016","RAP-QL-1004","alloyMixingRatioFromTarget","alloyMixingRatioFromTarget","Medium","RAP-CP-016:RAP-QL-1004:rap-003:human-review:RAP-QL-1004:0:RAP-CP-016:0","rap-003:human-review:RAP-QL-1004:0:RAP-CP-016:0","fnv1a-6c0f7004","Two mixtures contain gold at 40% and 20%. Find the mixing ratio of Alloy A:Alloy B needed to get 30% gold.","A. 1:1
B. 1:2
C. 2:1
D. 0:1","0","1:1","Concept: for mixture blending, compare component amounts or percentages, not just total quantities.

Why this method works: the final concentration or average is a quantity-weighted balance of the source values.

$$\text{Setup}=40%, 20% -> 30%$$

Intermediate interpretation: setup = 40%, 20% -> 30%.

Method: use alligation; distance from the target decides the opposite mixing parts.

$$\text{Decisive equation}=30-20:40-30$$

Final answer: the required ratio is 1 : 1.

Quick check: the target lies between the source values and the weighted component total is preserved.","","","","","PENDING",""
"RAP-003","RAP-CP-016","RAP-QL-1005","alloyTargetComponentFromMix","alloyTargetComponentFromMix","Medium","RAP-CP-016:RAP-QL-1005:rap-003:human-review:RAP-QL-1005:0:RAP-CP-016:0","rap-003:human-review:RAP-QL-1005:0:RAP-CP-016:0","fnv1a-49411090","20 litres of Solution A with 60% acid is combined with 40 litres of Solution B with 30% acid. Find the percentage of acid in the final mixture.","A. 29%
B. 41%
C. 67%
D. 40%","3","40%","Concept: for mixture blending, compare component amounts or percentages, not just total quantities.

Why this method works: the final concentration or average is a quantity-weighted balance of the source values.

$$\text{Setup}=20@60%, 40@30%$$

Intermediate interpretation: setup = 20@60%, 40@30%.

Method: compute the weighted component amount and divide by the total mixture.

$$\text{Decisive equation}=\frac{20\times60+40\times30}{60}$$

Final answer: the required percentage is 40%.

Quick check: the target lies between the source values and the weighted component total is preserved.","","","","","PENDING",""
"RAP-003","RAP-CP-016","RAP-QL-1006","alloyMixingRatioFromTarget","alloyMixingRatioFromTarget","Medium","RAP-CP-016:RAP-QL-1006:rap-003:human-review:RAP-QL-1006:0:RAP-CP-016:0","rap-003:human-review:RAP-QL-1006:0:RAP-CP-016:0","fnv1a-0b6fa00c","Acid solution A has 70% acid and acid solution B has 40% acid. Find the mixing ratio needed for 50% acid.","A. 1:2
B. 1:1
C. 1:3
D. 2:2","0","1:2","Concept: for mixture blending, compare component amounts or percentages, not just total quantities.

Why this method works: the final concentration or average is a quantity-weighted balance of the source values.

$$\text{Setup}=70%, 40% -> 50%$$

Intermediate interpretation: setup = 70%, 40% -> 50%.

Method: use alligation; distance from the target decides the opposite mixing parts.

$$\text{Decisive equation}=50-40:70-50$$

Final answer: the required ratio is 1 : 2.

Quick check: the target lies between the source values and the weighted component total is preserved.","","","","","PENDING",""
"RAP-003","RAP-CP-016","RAP-QL-1007","alloyMixingRatioFromTarget","alloyMixingRatioFromTarget","Medium","RAP-CP-016:RAP-QL-1007:rap-003:human-review:RAP-QL-1007:0:RAP-CP-016:0","rap-003:human-review:RAP-QL-1007:0:RAP-CP-016:0","fnv1a-84824e93","Milk mixture A contains 80% milk and milk mixture B contains 50% milk. Find the ratio for a 60% milk mixture.","A. 1:1
B. 1:2
C. 2:2
D. 1:3","1","1:2","Concept: for mixture blending, compare component amounts or percentages, not just total quantities.

Why this method works: the final concentration or average is a quantity-weighted balance of the source values.

$$\text{Setup}=80%, 50% -> 60%$$

Intermediate interpretation: setup = 80%, 50% -> 60%.

Method: use alligation; distance from the target decides the opposite mixing parts.

$$\text{Decisive equation}=60-50:80-60$$

Final answer: the required ratio is 1 : 2.

Quick check: the target lies between the source values and the weighted component total is preserved.","","","","","PENDING",""
"RAP-003","RAP-CP-016","RAP-QL-1008","alloyTargetComponentFromMix","alloyTargetComponentFromMix","Medium","RAP-CP-016:RAP-QL-1008:rap-003:human-review:RAP-QL-1008:0:RAP-CP-016:0","rap-003:human-review:RAP-QL-1008:0:RAP-CP-016:0","fnv1a-49411090","Mix 20 litres of Solution A with 60% acid and 40 litres of Solution B with 30% acid. Find the final acid percentage.","A. 40%
B. 67%
C. 29%
D. 41%","0","40%","Concept: for mixture blending, compare component amounts or percentages, not just total quantities.

Why this method works: the final concentration or average is a quantity-weighted balance of the source values.

$$\text{Setup}=20@60%, 40@30%$$

Intermediate interpretation: setup = 20@60%, 40@30%.

Method: compute the weighted component amount and divide by the total mixture.

$$\text{Decisive equation}=\frac{20\times60+40\times30}{60}$$

Final answer: the required percentage is 40%.

Quick check: the target lies between the source values and the weighted component total is preserved.","","","","","PENDING",""
"RAP-003","RAP-CP-016","RAP-QL-1009","weightedAverageGroup","weightedAverageGroup","Medium","RAP-CP-016:RAP-QL-1009:rap-003:human-review:RAP-QL-1009:0:RAP-CP-016:0","rap-003:human-review:RAP-QL-1009:0:RAP-CP-016:0","fnv1a-e84bcf4d","30 kg of rice at Rs. 40 per kg is mixed with 20 kg at Rs. 60 per kg. Find the average price per kg.","A. 47
B. 50
C. 49
D. 48","3","48","Concept: for mixture blending, compare component amounts or percentages, not just total quantities.

Why this method works: the final concentration or average is a quantity-weighted balance of the source values.

$$\text{Setup}=30@40, 20@60$$

Intermediate interpretation: setup = 30@40, 20@60.

Method: compute the weighted component amount and divide by the total mixture.

$$\text{Decisive equation}=\frac{30\times40+20\times60}{50}$$

Final answer: the required quantity is 48.

Quick check: the target lies between the source values and the weighted component total is preserved.","","","","","PENDING",""
"RAP-003","RAP-CP-016","RAP-QL-1010","weightedAverageGroup","weightedAverageGroup","Medium","RAP-CP-016:RAP-QL-1010:rap-003:human-review:RAP-QL-1010:0:RAP-CP-016:0","rap-003:human-review:RAP-QL-1010:0:RAP-CP-016:0","fnv1a-8dac9c37","Section A has 30 students with average marks 70. Section B has 20 students with average marks 80. Find the combined average marks.","A. 76
B. 74
C. 75
D. 73","1","74","Concept: for mixture blending, compare component amounts or percentages, not just total quantities.

Why this method works: the final concentration or average is a quantity-weighted balance of the source values.

$$\text{Setup}=30@70, 20@80$$

Intermediate interpretation: setup = 30@70, 20@80.

Method: compute the weighted component amount and divide by the total mixture.

$$\text{Decisive equation}=\frac{30\times70+20\times80}{50}$$

Final answer: the required quantity is 74.

Quick check: the target lies between the source values and the weighted component total is preserved.","","","","","PENDING",""
"RAP-003","RAP-CP-016","RAP-QL-1011","weightedAverageGroup","weightedAverageGroup","Medium","RAP-CP-016:RAP-QL-1011:rap-003:human-review:RAP-QL-1011:0:RAP-CP-016:0","rap-003:human-review:RAP-QL-1011:0:RAP-CP-016:0","fnv1a-e420ba78","Department A has 40 employees with average salary Rs. 30000. Department B has 60 employees with average salary Rs. 40000. Find the combined average salary.","A. 36000
B. 36050
C. 35900
D. 36100","0","36000","Concept: for mixture blending, compare component amounts or percentages, not just total quantities.

Why this method works: the final concentration or average is a quantity-weighted balance of the source values.

$$\text{Setup}=40@30000, 60@40000$$

Intermediate interpretation: setup = 40@30000, 60@40000.

Method: compute the weighted component amount and divide by the total mixture.

$$\text{Decisive equation}=\frac{40\times30000+60\times40000}{100}$$

Final answer: the required quantity is 36000.

Quick check: the target lies between the source values and the weighted component total is preserved.","","","","","PENDING",""
"RAP-003","RAP-CP-016","RAP-QL-1012","alloyMissingQuantity","alloyMissingQuantity","Hard","RAP-CP-016:RAP-QL-1012:rap-003:human-review:RAP-QL-1012:0:RAP-CP-016:0","rap-003:human-review:RAP-QL-1012:0:RAP-CP-016:0","fnv1a-b4ee9b9a","20 litres of Solution A has 70% acid. How many litres of Solution B with 40% acid should be added to get 50% acid?","A. 41
B. 39
C. 42
D. 40","3","40","Concept: for mixture blending, compare component amounts or percentages, not just total quantities.

Why this method works: the final concentration or average is a quantity-weighted balance of the source values.

$$\text{Setup}=20 at 70%, target=50%, other=40%$$

Intermediate interpretation: setup = 20 at 70%, target=50%, other=40%.

Method: compute the weighted component amount and divide by the total mixture.

$$\text{Decisive equation}=20\times\frac{|70-50|}{|50-40|}$$

Final answer: the required quantity is 40.

Quick check: the target lies between the source values and the weighted component total is preserved.","","","","","PENDING",""
"RAP-003","RAP-CP-016","RAP-QL-1013","alloyMissingSourcePercent","alloyMissingSourcePercent","Hard","RAP-CP-016:RAP-QL-1013:rap-003:human-review:RAP-QL-1013:0:RAP-CP-016:0","rap-003:human-review:RAP-QL-1013:0:RAP-CP-016:0","fnv1a-8095ea6a","Mixture A has 80% milk. It is mixed with Mixture B in the ratio 2:3 and the final mixture has 50% milk. Find the percentage of milk in Mixture B.","A. 30%
B. 31%
C. 70%
D. 29%","0","30%","Concept: for mixture blending, compare component amounts or percentages, not just total quantities.

Why this method works: the final concentration or average is a quantity-weighted balance of the source values.

$$\text{Setup}=Mix=2:3, known=80%, target=50%$$

Intermediate interpretation: setup = Mix=2:3, known=80%, target=50%.

Method: compute the weighted component amount and divide by the total mixture.

$$\text{Decisive equation}=\frac{50(2+3)-2\times80}{3}$$

Final answer: the required percentage is 30%.

Quick check: the target lies between the source values and the weighted component total is preserved.","","","","","PENDING",""
"RAP-003","RAP-CP-016","RAP-QL-1014","alloyTargetFromThreeSources","alloyTargetFromThreeSources","Hard","RAP-CP-016:RAP-QL-1014:rap-003:human-review:RAP-QL-1014:0:RAP-CP-016:0","rap-003:human-review:RAP-QL-1014:0:RAP-CP-016:0","fnv1a-a8e15e90","Mix 10 litres of Solution A at 40% acid, 20 litres of Solution B at 50% acid, and 30 litres of Solution C at 70% acid. Find the final percentage. Give your answer correct to two decimal places.","A. 139.98%
B. 58%
C. 58.33%
D. 36.84%","2","58.33%","Concept: for mixture blending, compare component amounts or percentages, not just total quantities.

Why this method works: the final concentration or average is a quantity-weighted balance of the source values.

$$\text{Setup}=10@40%, 20@50%, 30@70%$$

Intermediate interpretation: setup = 10@40%, 20@50%, 30@70%.

Method: compute the weighted component amount and divide by the total mixture.

$$\text{Decisive equation}=\frac{10\times40+20\times50+30\times70}{60}$$

Final answer: the required percentage is 58.33%.

Quick check: the target lies between the source values and the weighted component total is preserved.","","","","","PENDING",""
"RAP-003","RAP-CP-016","RAP-QL-1015","alloyThreeSourceEqualMix","alloyThreeSourceEqualMix","Hard","RAP-CP-016:RAP-QL-1015:rap-003:human-review:RAP-QL-1015:0:RAP-CP-016:0","rap-003:human-review:RAP-QL-1015:0:RAP-CP-016:0","fnv1a-07ce9fbd","Equal amounts of Alloy A, Alloy B, and Alloy C are mixed. Their silver:other ratios are 1:1, 3:2, and 2:3. Find the final silver:other ratio.","A. 1:2
B. 0:1
C. 1:1
D. 2:1","2","1:1","Concept: for mixture blending, compare component amounts or percentages, not just total quantities.

Why this method works: the final concentration or average is a quantity-weighted balance of the source values.

$$\text{Setup}=1:1, 3:2, 2:3$$

Intermediate interpretation: setup = 1:1, 3:2, 2:3.

Method: compute the weighted component amount and divide by the total mixture.

$$\text{Decisive equation}=\frac{\frac{1}{2}+\frac{3}{5}+\frac{2}{5}}{3}$$

Final answer: the required ratio is 1 : 1.

Quick check: the target lies between the source values and the weighted component total is preserved.","","","","","PENDING",""
"RAP-003","RAP-CP-016","RAP-QL-1016","alloyPureAndImpureMix","alloyPureAndImpureMix","Medium","RAP-CP-016:RAP-QL-1016:rap-003:human-review:RAP-QL-1016:0:RAP-CP-016:0","rap-003:human-review:RAP-QL-1016:0:RAP-CP-016:0","fnv1a-3d94e580","Pure spirit is mixed with a solution containing 40% spirit. Find the mixing ratio to obtain 70% spirit.","A. 1:2
B. 0:1
C. 2:1
D. 1:1","3","1:1","Concept: for mixture blending, compare component amounts or percentages, not just total quantities.

Why this method works: the final concentration or average is a quantity-weighted balance of the source values.

$$\text{Setup}=100 and 40 -> 70$$

Intermediate interpretation: setup = 100 and 40 -> 70.

Method: compute the weighted component amount and divide by the total mixture.

$$\text{Decisive equation}=30:30$$

Final answer: the required ratio is 1 : 1.

Quick check: the target lies between the source values and the weighted component total is preserved.","","","","","PENDING",""
"RAP-003","RAP-CP-016","RAP-QL-1017","alloyZeroComponentMix","alloyZeroComponentMix","Medium","RAP-CP-016:RAP-QL-1017:rap-003:human-review:RAP-QL-1017:0:RAP-CP-016:0","rap-003:human-review:RAP-QL-1017:0:RAP-CP-016:0","fnv1a-cfd88501","A 80% sugar solution is mixed with a 10% sugar solution. Find the ratio of very dilute solution:sugar solution needed for 50% sugar.","A. 2:4
B. 4:4
C. 3:4
D. 3:5","2","3:4","Concept: for mixture blending, compare component amounts or percentages, not just total quantities.

Why this method works: the final concentration or average is a quantity-weighted balance of the source values.

$$\text{Setup}=10 and 80 -> 50$$

Intermediate interpretation: setup = 10 and 80 -> 50.

Method: compute the weighted component amount and divide by the total mixture.

$$\text{Decisive equation}=30:40$$

Final answer: the required ratio is 3 : 4.

Quick check: the target lies between the source values and the weighted component total is preserved.","","","","","PENDING",""
"RAP-003","RAP-CP-016","RAP-QL-1018","weightedProfitPercentMix","weightedProfitPercentMix","Hard","RAP-CP-016:RAP-QL-1018:rap-003:human-review:RAP-QL-1018:0:RAP-CP-016:0","rap-003:human-review:RAP-QL-1018:0:RAP-CP-016:0","fnv1a-544cd2bd","Sales worth Rs. 3000 earn 20% profit and sales worth Rs. 2000 earn 10% profit. Find the overall profit percent.","A. 17%
B. 16%
C. 19%
D. 14%","1","16%","Concept: for mixture blending, compare component amounts or percentages, not just total quantities.

Why this method works: the final concentration or average is a quantity-weighted balance of the source values.

$$\text{Setup}=3000@20, 2000@10$$

Intermediate interpretation: setup = 3000@20, 2000@10.

Method: compute the weighted component amount and divide by the total mixture.

$$\text{Decisive equation}=\frac{3000\times20+2000\times10}{5000}$$

Final answer: the required percentage is 16%.

Quick check: the target lies between the source values and the weighted component total is preserved.","","","","","PENDING",""
"RAP-003","RAP-CP-016","RAP-QL-1019","weightedDiscountMix","weightedDiscountMix","Hard","RAP-CP-016:RAP-QL-1019:rap-003:human-review:RAP-QL-1019:0:RAP-CP-016:0","rap-003:human-review:RAP-QL-1019:0:RAP-CP-016:0","fnv1a-d0b2e6ab","Bills worth Rs. 4000 get 10% discount and bills worth Rs. 6000 get 20% discount. Find the average discount percent.","A. 16%
B. 14%
C. 17%
D. 19%","0","16%","Concept: for mixture blending, compare component amounts or percentages, not just total quantities.

Why this method works: the final concentration or average is a quantity-weighted balance of the source values.

$$\text{Setup}=4000@10, 6000@20$$

Intermediate interpretation: setup = 4000@10, 6000@20.

Method: compute the weighted component amount and divide by the total mixture.

$$\text{Decisive equation}=\frac{4000\times10+6000\times20}{10000}$$

Final answer: the required percentage is 16%.

Quick check: the target lies between the source values and the weighted component total is preserved.","","","","","PENDING",""
"RAP-003","RAP-CP-016","RAP-QL-1020","sugarSolutionConcentration","sugarSolutionConcentration","Medium","RAP-CP-016:RAP-QL-1020:rap-003:human-review:RAP-QL-1020:0:RAP-CP-016:0","rap-003:human-review:RAP-QL-1020:0:RAP-CP-016:0","fnv1a-ba80c717","Mix 25 litres of Sugar solution A containing 20% sugar with 15 litres of Sugar solution B containing 60% sugar. Find the final concentration.","A. 36%
B. 34%
C. 35%
D. 65%","2","35%","Concept: for mixture blending, compare component amounts or percentages, not just total quantities.

Why this method works: the final concentration or average is a quantity-weighted balance of the source values.

$$\text{Setup}=Weighted sugar percentage$$

Intermediate interpretation: setup = Weighted sugar percentage.

Method: compute the weighted component amount and divide by the total mixture.

$$\text{Decisive equation}=\frac{14}{40}\times100$$

Final answer: the required percentage is 35%.

Quick check: the target lies between the source values and the weighted component total is preserved.","","","","","PENDING",""
"RAP-003","RAP-CP-016","RAP-QL-1021","averagePriceFromRatio","averagePriceFromRatio","Medium","RAP-CP-016:RAP-QL-1021:rap-003:human-review:RAP-QL-1021:0:RAP-CP-016:0","rap-003:human-review:RAP-QL-1021:0:RAP-CP-016:0","fnv1a-f7b3ef47","Two qualities of tea are mixed in the ratio 3:2. Their prices are Rs. 200 and Rs. 300 per kg. Find the average price.","A. 260
B. 240
C. 250
D. 230","1","240","Concept: for mixture blending, compare component amounts or percentages, not just total quantities.

Why this method works: the final concentration or average is a quantity-weighted balance of the source values.

$$\text{Setup}=3:2$$

Intermediate interpretation: setup = 3:2.

Method: compute the weighted component amount and divide by the total mixture.

$$\text{Decisive equation}=\frac{3\times200+2\times300}{5}$$

Final answer: the required quantity is 240.

Quick check: the target lies between the source values and the weighted component total is preserved.","","","","","PENDING",""
"RAP-003","RAP-CP-016","RAP-QL-1022","mixingRatioFromAveragePrice","mixingRatioFromAveragePrice","Hard","RAP-CP-016:RAP-QL-1022:rap-003:human-review:RAP-QL-1022:0:RAP-CP-016:0","rap-003:human-review:RAP-QL-1022:0:RAP-CP-016:0","fnv1a-3aa74e59","Two qualities of wheat cost Rs. 30 and Rs. 50 per kg. Find the mixing ratio needed for an average price of Rs. 42 per kg.","A. 2:3
B. 3:3
C. 1:3
D. 2:4","0","2:3","Concept: for mixture blending, compare component amounts or percentages, not just total quantities.

Why this method works: the final concentration or average is a quantity-weighted balance of the source values.

$$\text{Setup}=30 and 50 -> 42$$

Intermediate interpretation: setup = 30 and 50 -> 42.

Method: compute the weighted component amount and divide by the total mixture.

$$\text{Decisive equation}=8:12$$

Final answer: the required ratio is 2 : 3.

Quick check: the target lies between the source values and the weighted component total is preserved.","","","","","PENDING",""
"RAP-003","RAP-CP-016","RAP-QL-1023","marksAverageMixture","marksAverageMixture","Medium","RAP-CP-016:RAP-QL-1023:rap-003:human-review:RAP-QL-1023:0:RAP-CP-016:0","rap-003:human-review:RAP-QL-1023:0:RAP-CP-016:0","fnv1a-f1d18758","Batch A has 40 students with average marks 65; Batch B has 60 students with average marks 75. Find the combined average.","A. 70
B. 73
C. 72
D. 71","3","71","Concept: for mixture blending, compare component amounts or percentages, not just total quantities.

Why this method works: the final concentration or average is a quantity-weighted balance of the source values.

$$\text{Setup}=40@65, 60@75$$

Intermediate interpretation: setup = 40@65, 60@75.

Method: compute the weighted component amount and divide by the total mixture.

$$\text{Decisive equation}=\frac{40\times65+60\times75}{100}$$

Final answer: the required quantity is 71.

Quick check: the target lies between the source values and the weighted component total is preserved.","","","","","PENDING",""
"RAP-003","RAP-CP-016","RAP-QL-1024","reverseWeightedAverageCount","reverseWeightedAverageCount","Hard","RAP-CP-016:RAP-QL-1024:rap-003:human-review:RAP-QL-1024:0:RAP-CP-016:0","rap-003:human-review:RAP-QL-1024:0:RAP-CP-016:0","fnv1a-ee6dbc67","Group A has 30 students with average 70. Group B has average 50. If the combined average is 62, find the number of students in Group B.","A. 20
B. 19
C. 22
D. 21","0","20","Concept: for mixture blending, compare component amounts or percentages, not just total quantities.

Why this method works: the final concentration or average is a quantity-weighted balance of the source values.

$$\text{Setup}=30 at 70, target=62$$

Intermediate interpretation: setup = 30 at 70, target=62.

Method: compute the weighted component amount and divide by the total mixture.

$$\text{Decisive equation}=30\times\frac{|70-62|}{|62-50|}$$

Final answer: the required count is 20.

Quick check: the target lies between the source values and the weighted component total is preserved.","","","","","PENDING",""
"RAP-003","RAP-CP-016","RAP-QL-1025","reverseWeightedAverageGroupAvg","reverseWeightedAverageGroupAvg","Hard","RAP-CP-016:RAP-QL-1025:rap-003:human-review:RAP-QL-1025:0:RAP-CP-016:0","rap-003:human-review:RAP-QL-1025:0:RAP-CP-016:0","fnv1a-95422813","Group A has 20 members with average 80. Group B has 30 members. The combined average is 68. Find the average of Group B.","A. 61
B. 62
C. 60
D. 59","2","60","Concept: for mixture blending, compare component amounts or percentages, not just total quantities.

Why this method works: the final concentration or average is a quantity-weighted balance of the source values.

$$\text{Setup}=Combined average=68$$

Intermediate interpretation: setup = Combined average=68.

Method: compute the weighted component amount and divide by the total mixture.

$$\text{Decisive equation}=\frac{68(20+30)-20\times80}{30}$$

Final answer: the required quantity is 60.

Quick check: the target lies between the source values and the weighted component total is preserved.","","","","","PENDING",""
"RAP-003","RAP-CP-016","RAP-QL-1026","alloyTargetExactlyMidpoint","alloyTargetExactlyMidpoint","Easy","RAP-CP-016:RAP-QL-1026:rap-003:human-review:RAP-QL-1026:0:RAP-CP-016:0","rap-003:human-review:RAP-QL-1026:0:RAP-CP-016:0","fnv1a-f85a18df","Two solutions contain 40% and 60% acid. Find the mixing ratio for exactly 50% acid.","A. 1:2
B. 2:1
C. 1:1
D. 0:1","2","1:1","Concept: for mixture blending, compare component amounts or percentages, not just total quantities.

Why this method works: the final concentration or average is a quantity-weighted balance of the source values.

$$\text{Setup}=40 and 60 -> 50$$

Intermediate interpretation: setup = 40 and 60 -> 50.

Method: compute the weighted component amount and divide by the total mixture.

$$\text{Decisive equation}=10:10$$

Final answer: the required ratio is 1 : 1.

Quick check: the target lies between the source values and the weighted component total is preserved.","","","","","PENDING",""
"RAP-003","RAP-CP-016","RAP-QL-1027","alloyNonMidpointTrap","alloyNonMidpointTrap","Medium","RAP-CP-016:RAP-QL-1027:rap-003:human-review:RAP-QL-1027:0:RAP-CP-016:0","rap-003:human-review:RAP-QL-1027:0:RAP-CP-016:0","fnv1a-56eddda3","Alloy A has 20% copper and Alloy B has 80% copper. Find the ratio for a 65% copper alloy.","A. 2:3
B. 1:4
C. 1:2
D. 1:3","3","1:3","Concept: for mixture blending, compare component amounts or percentages, not just total quantities.

Why this method works: the final concentration or average is a quantity-weighted balance of the source values.

$$\text{Setup}=20 and 80 -> 65$$

Intermediate interpretation: setup = 20 and 80 -> 65.

Method: compute the weighted component amount and divide by the total mixture.

$$\text{Decisive equation}=15:45$$

Final answer: the required ratio is 1 : 3.

Quick check: the target lies between the source values and the weighted component total is preserved.","","","","","PENDING",""
"RAP-003","RAP-CP-016","RAP-QL-1028","alloyReplaceToTarget","alloyReplaceToTarget","Hard","RAP-CP-016:RAP-QL-1028:rap-003:human-review:RAP-QL-1028:0:RAP-CP-016:0","rap-003:human-review:RAP-QL-1028:0:RAP-CP-016:0","fnv1a-31487199","A tank has 100 litres of mixture with 40% acid. Some mixture is removed and replaced by a 80% acid solution. How many litres must be replaced to make it 50% acid?","A. 25
B. 24
C. 27
D. 26","0","25","Concept: for mixture blending, compare component amounts or percentages, not just total quantities.

Why this method works: the final concentration or average is a quantity-weighted balance of the source values.

$$\text{Setup}=Initial=40%, add=80%, target=50%$$

Intermediate interpretation: setup = Initial=40%, add=80%, target=50%.

Method: compute the weighted component amount and divide by the total mixture.

$$\text{Decisive equation}=100\times\frac{50-40}{80-40}$$

Final answer: the required quantity is 25.

Quick check: the target lies between the source values and the weighted component total is preserved.","","","","","PENDING",""
"RAP-003","RAP-CP-016","RAP-QL-1029","alloyRatioToFinalPercent","alloyRatioToFinalPercent","Medium","RAP-CP-016:RAP-QL-1029:rap-003:human-review:RAP-QL-1029:0:RAP-CP-016:0","rap-003:human-review:RAP-QL-1029:0:RAP-CP-016:0","fnv1a-b89fcb0c","Solution A with 20% salt and Solution B with 45% salt are mixed in the ratio 3:2. Find the final percentage.","A. 31%
B. 30%
C. 43%
D. 23%","1","30%","Concept: for mixture blending, compare component amounts or percentages, not just total quantities.

Why this method works: the final concentration or average is a quantity-weighted balance of the source values.

$$\text{Setup}=3:2$$

Intermediate interpretation: setup = 3:2.

Method: compute the weighted component amount and divide by the total mixture.

$$\text{Decisive equation}=\frac{3\times20+2\times45}{5}$$

Final answer: the required percentage is 30%.

Quick check: the target lies between the source values and the weighted component total is preserved.","","","","","PENDING",""
"RAP-003","RAP-CP-017","RAP-QL-1101","replacementFinalRatio","replacementFinalRatio","Medium","RAP-CP-017:RAP-QL-1101:rap-003:human-review:RAP-QL-1101:0:RAP-CP-017:0","rap-003:human-review:RAP-QL-1101:0:RAP-CP-017:0","fnv1a-59c118f9","A tank contains 50 litres of pure acid. 10 litres are removed and replaced with water. This process is repeated 2 times. Find the final ratio of acid:water.","A. 16:10
B. 16:9
C. 17:9
D. 15:9","1","16:9","Concept: in repeated replacement, the original liquid keeps the same retention factor each round.

Why this method works: each replacement removes the same fraction of the original component, so its retained fraction is multiplied once per round.

$$\text{Setup}=50, remove 10 for 2 rounds$$

Intermediate interpretation: setup = 50, remove 10 for 2 rounds.

$$\text{Retention factor}=0.8$$

Method: raise the retention factor to the number of rounds.

$$\text{Decisive equation}=50\times\left(1-\frac{10}{50}\right)^{2}$$

Final answer: the required ratio is 16 : 9.

Quick check: the retained original amount is positive, below the initial amount, and matches the stated number of rounds.","","","","","PENDING",""
"RAP-003","RAP-CP-017","RAP-QL-1102","replacementFinalQuantity","replacementFinalQuantity","Medium","RAP-CP-017:RAP-QL-1102:rap-003:human-review:RAP-QL-1102:0:RAP-CP-017:0","rap-003:human-review:RAP-QL-1102:0:RAP-CP-017:0","fnv1a-50ccc2af","A container contains 80 litres of pure wine. Each time, 8 litres are drawn out and replaced with water. After 3 replacements, how many litres of wine remain? Give your answer correct to two decimal places.","A. 58.32
B. 57.32
C. 59.32
D. 60.32","0","58.32","Concept: in repeated replacement, the original liquid keeps the same retention factor each round.

Why this method works: each replacement removes the same fraction of the original component, so its retained fraction is multiplied once per round.

$$\text{Setup}=80, remove 8 for 3 rounds$$

Intermediate interpretation: setup = 80, remove 8 for 3 rounds.

$$\text{Retention factor}=0.9$$

Method: raise the retention factor to the number of rounds.

$$\text{Decisive equation}=80\times\left(1-\frac{8}{80}\right)^{3}=58.32$$

Final answer: the required quantity is 58.32.

Quick check: the retained original amount is positive, below the initial amount, and matches the stated number of rounds.","","","","","PENDING",""
"RAP-003","RAP-CP-017","RAP-QL-1103","replacementIterationsFromFinalRatio","replacementIterationsFromFinalRatio","Hard","RAP-CP-017:RAP-QL-1103:rap-003:human-review:RAP-QL-1103:0:RAP-CP-017:0","rap-003:human-review:RAP-QL-1103:0:RAP-CP-017:0","fnv1a-b872c2c6","A container contains 80 litres of pure wine. Each operation removes 8 litres and replaces it with water. After how many operations will the ratio of wine:water become 729:271?","A. 4
B. 5
C. 2
D. 3","3","3","Concept: in repeated replacement, the original liquid keeps the same retention factor each round.

Why this method works: each replacement removes the same fraction of the original component, so its retained fraction is multiplied once per round.

$$\text{Setup}=729:271$$

Intermediate interpretation: setup = 729:271.

$$\text{Retention factor}=0.9$$

Method: raise the retention factor to the number of rounds.

$$\text{Decisive equation}=\left(1-\frac{8}{80}\right)^n=\frac{729}{1000}$$

Final answer: the required count is 3.

Quick check: the retained original amount is positive, below the initial amount, and matches the stated number of rounds.","","","","","PENDING",""
"RAP-003","RAP-CP-017","RAP-QL-1104","replacementFinalRatio","replacementFinalRatio","Hard","RAP-CP-017:RAP-QL-1104:rap-003:human-review:RAP-QL-1104:0:RAP-CP-017:0","rap-003:human-review:RAP-QL-1104:0:RAP-CP-017:0","fnv1a-59c118f9","From a tank, 10 litres out of 50 litres are repeatedly replaced with water, for 2 rounds. If it initially had only acid, find the final acid:water ratio.","A. 16:9
B. 16:10
C. 15:9
D. 17:9","0","16:9","Concept: in repeated replacement, the original liquid keeps the same retention factor each round.

Why this method works: each replacement removes the same fraction of the original component, so its retained fraction is multiplied once per round.

$$\text{Setup}=50, remove 10 for 2 rounds$$

Intermediate interpretation: setup = 50, remove 10 for 2 rounds.

$$\text{Retention factor}=0.8$$

Method: raise the retention factor to the number of rounds.

$$\text{Decisive equation}=50\times\left(1-\frac{10}{50}\right)^{2}$$

Final answer: the required ratio is 16 : 9.

Quick check: the retained original amount is positive, below the initial amount, and matches the stated number of rounds.","","","","","PENDING",""
"RAP-003","RAP-CP-017","RAP-QL-1105","replacementFinalQuantity","replacementFinalQuantity","Medium","RAP-CP-017:RAP-QL-1105:rap-003:human-review:RAP-QL-1105:0:RAP-CP-017:0","rap-003:human-review:RAP-QL-1105:0:RAP-CP-017:0","fnv1a-bf9dc222","A tank starts with 100 litres of solution. In each round, 20 litres are replaced by water. After 2 rounds, find how much solution remains.","A. 65
B. 64
C. 66
D. 63","1","64","Concept: in repeated replacement, the original liquid keeps the same retention factor each round.

Why this method works: each replacement removes the same fraction of the original component, so its retained fraction is multiplied once per round.

$$\text{Setup}=100, remove 20 for 2 rounds$$

Intermediate interpretation: setup = 100, remove 20 for 2 rounds.

$$\text{Retention factor}=0.8$$

Method: raise the retention factor to the number of rounds.

$$\text{Decisive equation}=100\times\left(1-\frac{20}{100}\right)^{2}=64$$

Final answer: the required quantity is 64.

Quick check: the retained original amount is positive, below the initial amount, and matches the stated number of rounds.","","","","","PENDING",""
"RAP-003","RAP-CP-017","RAP-QL-1106","replacementFinalRatio","replacementFinalRatio","Hard","RAP-CP-017:RAP-QL-1106:rap-003:human-review:RAP-QL-1106:0:RAP-CP-017:0","rap-003:human-review:RAP-QL-1106:0:RAP-CP-017:0","fnv1a-82bd9c4d","A vessel contains 64 litres of pure milk. Each round, 16 litres are removed and replaced with water. After 3 rounds, find the final ratio of milk:water.","A. 26:37
B. 28:37
C. 27:37
D. 27:38","2","27:37","Concept: in repeated replacement, the original liquid keeps the same retention factor each round.

Why this method works: each replacement removes the same fraction of the original component, so its retained fraction is multiplied once per round.

$$\text{Setup}=64, remove 16 for 3 rounds$$

Intermediate interpretation: setup = 64, remove 16 for 3 rounds.

$$\text{Retention factor}=0.75$$

Method: raise the retention factor to the number of rounds.

$$\text{Decisive equation}=64\times\left(1-\frac{16}{64}\right)^{3}$$

Final answer: the required ratio is 27 : 37.

Quick check: the retained original amount is positive, below the initial amount, and matches the stated number of rounds.","","","","","PENDING",""
"RAP-003","RAP-CP-017","RAP-QL-1107","replacementFinalQuantity","replacementFinalQuantity","Medium","RAP-CP-017:RAP-QL-1107:rap-003:human-review:RAP-QL-1107:0:RAP-CP-017:0","rap-003:human-review:RAP-QL-1107:0:RAP-CP-017:0","fnv1a-50ccc2af","A container starts with 80 litres of wine. In each round, 8 litres are replaced by water. After 3 rounds, how much original wine remains? Give your answer correct to two decimal places.","A. 59.32
B. 60.32
C. 57.32
D. 58.32","3","58.32","Concept: in repeated replacement, the original liquid keeps the same retention factor each round.

Why this method works: each replacement removes the same fraction of the original component, so its retained fraction is multiplied once per round.

$$\text{Setup}=80, remove 8 for 3 rounds$$

Intermediate interpretation: setup = 80, remove 8 for 3 rounds.

$$\text{Retention factor}=0.9$$

Method: raise the retention factor to the number of rounds.

$$\text{Decisive equation}=80\times\left(1-\frac{8}{80}\right)^{3}=58.32$$

Final answer: the required quantity is 58.32.

Quick check: the retained original amount is positive, below the initial amount, and matches the stated number of rounds.","","","","","PENDING",""
"RAP-003","RAP-CP-017","RAP-QL-1108","replacementAddedLiquidQuantity","replacementAddedLiquidQuantity","Medium","RAP-CP-017:RAP-QL-1108:rap-003:human-review:RAP-QL-1108:0:RAP-CP-017:0","rap-003:human-review:RAP-QL-1108:0:RAP-CP-017:0","fnv1a-20bf96aa","A tank contains 100 litres of pure milk. 20 litres are replaced by water in each of 2 rounds. How many litres of water are present at the end?","A. 36
B. 38
C. 35
D. 37","0","36","Concept: in repeated replacement, the original liquid keeps the same retention factor each round.

Why this method works: each replacement removes the same fraction of the original component, so its retained fraction is multiplied once per round.

$$\text{Setup}=100, remove 20 for 2 rounds$$

Intermediate interpretation: setup = 100, remove 20 for 2 rounds.

$$\text{Retention factor}=0.8$$

Method: raise the retention factor to the number of rounds.

$$\text{Decisive equation}=100-64$$

Final answer: the required quantity is 36.

Quick check: the retained original amount is positive, below the initial amount, and matches the stated number of rounds.","","","","","PENDING",""
"RAP-003","RAP-CP-017","RAP-QL-1109","replacementOriginalPercentRemaining","replacementOriginalPercentRemaining","Medium","RAP-CP-017:RAP-QL-1109:rap-003:human-review:RAP-QL-1109:0:RAP-CP-017:0","rap-003:human-review:RAP-QL-1109:0:RAP-CP-017:0","fnv1a-24058537","A vessel has 50 litres of pure acid. Each time, 10 litres are removed and replaced by water. After 2 rounds, what percentage of the original acid remains?","A. 63%
B. 64%
C. 36%
D. 65%","1","64%","Concept: in repeated replacement, the original liquid keeps the same retention factor each round.

Why this method works: each replacement removes the same fraction of the original component, so its retained fraction is multiplied once per round.

$$\text{Setup}=50, remove 10 for 2 rounds$$

Intermediate interpretation: setup = 50, remove 10 for 2 rounds.

$$\text{Retention factor}=0.8$$

Method: raise the retention factor to the number of rounds.

$$\text{Decisive equation}=\left(1-\frac{10}{50}\right)^{2}\times100$$

Final answer: the required percentage is 64%.

Quick check: the retained original amount is positive, below the initial amount, and matches the stated number of rounds.","","","","","PENDING",""
"RAP-003","RAP-CP-017","RAP-QL-1110","replacementIterationsFromFinalRatio","replacementIterationsFromFinalRatio","Hard","RAP-CP-017:RAP-QL-1110:rap-003:human-review:RAP-QL-1110:0:RAP-CP-017:0","rap-003:human-review:RAP-QL-1110:0:RAP-CP-017:0","fnv1a-1c0347ff","A container initially contains pure milk. Each round, 20 litres out of 80 litres are replaced with water. If the final ratio of milk:water is 27:37, find the number of replacement rounds.","A. 4
B. 2
C. 5
D. 3","3","3","Concept: in repeated replacement, the original liquid keeps the same retention factor each round.

Why this method works: each replacement removes the same fraction of the original component, so its retained fraction is multiplied once per round.

$$\text{Setup}=27:37$$

Intermediate interpretation: setup = 27:37.

$$\text{Retention factor}=0.75$$

Method: raise the retention factor to the number of rounds.

$$\text{Decisive equation}=\left(1-\frac{20}{80}\right)^n=\frac{27}{64}$$

Final answer: the required count is 3.

Quick check: the retained original amount is positive, below the initial amount, and matches the stated number of rounds.","","","","","PENDING",""
"RAP-003","RAP-CP-017","RAP-QL-1111","replacementRemovedVolumeFromFinalRatio","replacementRemovedVolumeFromFinalRatio","Hard","RAP-CP-017:RAP-QL-1111:rap-003:human-review:RAP-QL-1111:0:RAP-CP-017:0","rap-003:human-review:RAP-QL-1111:0:RAP-CP-017:0","fnv1a-3e09027d","A vessel contains 100 litres of pure milk. The same quantity is removed and replaced by water for 2 rounds. If the final ratio of milk:water is 16:9, find the quantity removed each round.","A. 1
B. 3
C. 2
D. 4","2","2","Concept: in repeated replacement, the original liquid keeps the same retention factor each round.

Why this method works: each replacement removes the same fraction of the original component, so its retained fraction is multiplied once per round.

$$\text{Setup}=16:9 after 2 rounds$$

Intermediate interpretation: setup = 16:9 after 2 rounds.

$$\text{Retention factor}=0.8$$

Method: raise the retention factor to the number of rounds.

$$\text{Decisive equation}=1-\frac{x}{100}=\left(\frac{16}{25}\right)^{1/2}$$

Final answer: the required quantity is 2.

Quick check: the retained original amount is positive, below the initial amount, and matches the stated number of rounds.","","","","","PENDING",""
"RAP-003","RAP-CP-017","RAP-QL-1112","replacementDifferentRounds","replacementDifferentRounds","Hard","RAP-CP-017:RAP-QL-1112:rap-003:human-review:RAP-QL-1112:0:RAP-CP-017:0","rap-003:human-review:RAP-QL-1112:0:RAP-CP-017:0","fnv1a-41d11162","A tank contains 60 litres of pure solution. First 12 litres are replaced with water, then 15 litres of the mixture are replaced with water. How much original solution remains?","A. 38
B. 36
C. 37
D. 35","1","36","Concept: in repeated replacement, the original liquid keeps the same retention factor each round.

Why this method works: each replacement removes the same fraction of the original component, so its retained fraction is multiplied once per round.

$$\text{Setup}=60, remove 12 then 15$$

Intermediate interpretation: setup = 60, remove 12 then 15.

$$\text{Retention factor}=0.8\times0.75$$

Method: raise the retention factor to the number of rounds.

$$\text{Decisive equation}=60\times\left(1-\frac{12}{60}\right)\times\left(1-\frac{15}{60}\right)$$

Final answer: the required quantity is 36.

Quick check: the retained original amount is positive, below the initial amount, and matches the stated number of rounds.","","","","","PENDING",""
"RAP-003","RAP-CP-017","RAP-QL-1113","replacementFinalRatio","replacementFinalRatio","Medium","RAP-CP-017:RAP-QL-1113:rap-003:human-review:RAP-QL-1113:0:RAP-CP-017:0","rap-003:human-review:RAP-QL-1113:0:RAP-CP-017:0","fnv1a-5f4585a2","An acid tank contains 72 litres of pure acid. 12 litres are replaced by water each time, for 2 rounds. Find the final acid:water ratio.","A. 25:11
B. 24:11
C. 25:12
D. 26:11","0","25:11","Concept: in repeated replacement, the original liquid keeps the same retention factor each round.

Why this method works: each replacement removes the same fraction of the original component, so its retained fraction is multiplied once per round.

$$\text{Setup}=72, remove 12 for 2 rounds$$

Intermediate interpretation: setup = 72, remove 12 for 2 rounds.

$$\text{Retention factor}=0.83$$

Method: raise the retention factor to the number of rounds.

$$\text{Decisive equation}=72\times\left(1-\frac{12}{72}\right)^{2}$$

Final answer: the required ratio is 25 : 11.

Quick check: the retained original amount is positive, below the initial amount, and matches the stated number of rounds.","","","","","PENDING",""
"RAP-003","RAP-CP-017","RAP-QL-1114","replacementFinalQuantity","replacementFinalQuantity","Medium","RAP-CP-017:RAP-QL-1114:rap-003:human-review:RAP-QL-1114:0:RAP-CP-017:0","rap-003:human-review:RAP-QL-1114:0:RAP-CP-017:0","fnv1a-121d466a","A wine cask starts with 90 litres of wine. 9 litres are drawn out and replaced with water, and this is done 2 times. Find the amount of original wine left. Give your answer correct to two decimal places.","A. 73.9
B. 71.9
C. 74.9
D. 72.9","3","72.9","Concept: in repeated replacement, the original liquid keeps the same retention factor each round.

Why this method works: each replacement removes the same fraction of the original component, so its retained fraction is multiplied once per round.

$$\text{Setup}=90, remove 9 for 2 rounds$$

Intermediate interpretation: setup = 90, remove 9 for 2 rounds.

$$\text{Retention factor}=0.9$$

Method: raise the retention factor to the number of rounds.

$$\text{Decisive equation}=90\times\left(1-\frac{9}{90}\right)^{2}=72.9$$

Final answer: the required quantity is 72.9.

Quick check: the retained original amount is positive, below the initial amount, and matches the stated number of rounds.","","","","","PENDING",""
"RAP-003","RAP-CP-017","RAP-QL-1115","replacementTankSolution","replacementTankSolution","Hard","RAP-CP-017:RAP-QL-1115:rap-003:human-review:RAP-QL-1115:0:RAP-CP-017:0","rap-003:human-review:RAP-QL-1115:0:RAP-CP-017:0","fnv1a-f322bc6e","A chemical tank contains 100 litres of a 60% acid solution. Each round, 20 litres are removed and replaced by a 10% acid liquid. After 2 rounds, find the final strength percentage.","A. 30%
B. 72%
C. 42%
D. 43%","2","42%","Concept: in repeated replacement, the original liquid keeps the same retention factor each round.

Why this method works: each replacement removes the same fraction of the original component, so its retained fraction is multiplied once per round.

$$\text{Setup}=60% to 10%$$

Intermediate interpretation: setup = 60% to 10%.

$$\text{Retention factor}=0.8$$

Method: raise the retention factor to the number of rounds.

$$\text{Decisive equation}=10+(60-10)\left(1-\frac{20}{100}\right)^{2}$$

Final answer: the required percentage is 42%.

Quick check: the retained original amount is positive, below the initial amount, and matches the stated number of rounds.","","","","","PENDING",""
"RAP-003","RAP-CP-017","RAP-QL-1116","replacementInventoryAnalogy","replacementInventoryAnalogy","Medium","RAP-CP-017:RAP-QL-1116:rap-003:human-review:RAP-QL-1116:0:RAP-CP-017:0","rap-003:human-review:RAP-QL-1116:0:RAP-CP-017:0","fnv1a-af74daf6","A warehouse has 1000 units of original stock. Each round, 100 units are sold and replaced by new stock. After 2 rounds, how many original units remain?","A. 830
B. 810
C. 820
D. 800","1","810","Concept: in repeated replacement, the original liquid keeps the same retention factor each round.

Why this method works: each replacement removes the same fraction of the original component, so its retained fraction is multiplied once per round.

$$\text{Setup}=1000, sold 100 for 2 rounds$$

Intermediate interpretation: setup = 1000, sold 100 for 2 rounds.

$$\text{Retention factor}=0.9$$

Method: raise the retention factor to the number of rounds.

$$\text{Decisive equation}=1000\times\left(1-\frac{100}{1000}\right)^{2}$$

Final answer: the required quantity is 810.

Quick check: the retained original amount is positive, below the initial amount, and matches the stated number of rounds.","","","","","PENDING",""
"RAP-003","RAP-CP-017","RAP-QL-1117","replacementInitialFromFinalQuantity","replacementInitialFromFinalQuantity","Hard","RAP-CP-017:RAP-QL-1117:rap-003:human-review:RAP-QL-1117:0:RAP-CP-017:0","rap-003:human-review:RAP-QL-1117:0:RAP-CP-017:0","fnv1a-7154ecab","After removing 1/4 of a vessel and refilling it for 2 rounds, 54 litres of the original milk remain. Find the initial quantity.","A. 96
B. 95
C. 98
D. 97","0","96","Concept: in repeated replacement, the original liquid keeps the same retention factor each round.

Why this method works: each replacement removes the same fraction of the original component, so its retained fraction is multiplied once per round.

$$\text{Setup}=Final 54, retention 0.75$$

Intermediate interpretation: setup = Final 54, retention 0.75.

$$\text{Retention factor}=0.75$$

Method: raise the retention factor to the number of rounds.

$$\text{Decisive equation}=x\times\left(1-\frac{1}{4}\right)^{2}=54$$

Final answer: the required quantity is 96.

Quick check: the retained original amount is positive, below the initial amount, and matches the stated number of rounds.","","","","","PENDING",""
"RAP-003","RAP-CP-017","RAP-QL-1118","replacementFinalAfterFractionRemoval","replacementFinalAfterFractionRemoval","Medium","RAP-CP-017:RAP-QL-1118:rap-003:human-review:RAP-QL-1118:0:RAP-CP-017:0","rap-003:human-review:RAP-QL-1118:0:RAP-CP-017:0","fnv1a-5978f447","A container initially has only milk. In each round, 1/3 of the mixture is removed and replaced by water. After 2 rounds, find the final milk:water ratio.","A. 5:5
B. 4:6
C. 3:5
D. 4:5","3","4:5","Concept: in repeated replacement, the original liquid keeps the same retention factor each round.

Why this method works: each replacement removes the same fraction of the original component, so its retained fraction is multiplied once per round.

$$\text{Setup}=Remove 1/3 for 2 rounds$$

Intermediate interpretation: setup = Remove 1/3 for 2 rounds.

$$\text{Retention factor}=2/3$$

Method: raise the retention factor to the number of rounds.

$$\text{Decisive equation}=(3-1)^{2}:3^{2}-(3-1)^{2}$$

Final answer: the required ratio is 4 : 5.

Quick check: the retained original amount is positive, below the initial amount, and matches the stated number of rounds.","","","","","PENDING",""
"RAP-003","RAP-CP-017","RAP-QL-1119","replacementStrengthAfterRounds","replacementStrengthAfterRounds","Hard","RAP-CP-017:RAP-QL-1119:rap-003:human-review:RAP-QL-1119:0:RAP-CP-017:0","rap-003:human-review:RAP-QL-1119:0:RAP-CP-017:0","fnv1a-f8d10fea","A solution tank contains 80 litres of a 64% acid solution. Each round, 20 litres are removed and replaced by a 10% acid liquid. After 2 rounds, find the final strength. Give your answer correct to two decimal places.","A. 40.38%
B. 67.73%
C. 28.76%
D. 40%","0","40.38%","Concept: in repeated replacement, the original liquid keeps the same retention factor each round.

Why this method works: each replacement removes the same fraction of the original component, so its retained fraction is multiplied once per round.

$$\text{Setup}=64% to 10%$$

Intermediate interpretation: setup = 64% to 10%.

$$\text{Retention factor}=0.75$$

Method: raise the retention factor to the number of rounds.

$$\text{Decisive equation}=10+(64-10)\left(1-\frac{20}{80}\right)^{2}$$

Final answer: the required percentage is 40.38%.

Quick check: the retained original amount is positive, below the initial amount, and matches the stated number of rounds.","","","","","PENDING",""
"RAP-003","RAP-CP-018","RAP-QL-1201","denominationTotalValue","denominationTotalValue","Easy","RAP-CP-018:RAP-QL-1201:rap-003:human-review:RAP-QL-1201:0:RAP-CP-018:0","rap-003:human-review:RAP-QL-1201:0:RAP-CP-018:0","fnv1a-e251b789","A person has notes of Rs. 10, Rs. 20, and Rs. 50 in the ratio 5:3:2. If the common multiplier is 8, find the total value.","A. 1580
B. 1730
C. 1780
D. 1680","3","1680","Concept: for denomination questions, multiply each count-ratio part by its denomination value.

Why this method works: value equals denomination multiplied by count, so count-ratio parts must be weighted by their denominations.

$$\text{Setup}=5:3:2 at 10,20,50$$

Intermediate interpretation: setup = 5:3:2 at 10,20,50.

$$\text{Value of one ratio unit}=210$$

Method: use the common multiplier to get the requested value or count.

$$\text{Decisive equation}=8\times(5\times10+3\times20+2\times50)$$

Final answer: the required quantity is 1680.

Quick check: multiplying every recovered count by its denomination reproduces the stated total value.","","","","","PENDING",""
"RAP-003","RAP-CP-018","RAP-QL-1202","denominationCountsFromValue","denominationCountsFromValue","Medium","RAP-CP-018:RAP-QL-1202:rap-003:human-review:RAP-QL-1202:0:RAP-CP-018:0","rap-003:human-review:RAP-QL-1202:0:RAP-CP-018:0","fnv1a-69607921","The numbers of Rs. 2, Rs. 5, and Rs. 10 stamps are in the ratio 4:5:3. If their total value is Rs. 378, find the number of Rs. 5 stamps.","A. 30
B. 32
C. 29
D. 31","0","30","Concept: for denomination questions, multiply each count-ratio part by its denomination value.

Why this method works: value equals denomination multiplied by count, so count-ratio parts must be weighted by their denominations.

$$\text{Setup}=4:5:3 at 2,5,10$$

Intermediate interpretation: setup = 4:5:3 at 2,5,10.

$$\text{Value of one ratio unit}=63$$

Method: use the common multiplier to get the requested value or count.

$$\text{Decisive equation}=x=\frac{378}{4\times2+5\times5+3\times10}$$

Final answer: the required count is 30.

Quick check: multiplying every recovered count by its denomination reproduces the stated total value.","","","","","PENDING",""
"RAP-003","RAP-CP-018","RAP-QL-1203","denominationTargetCount","denominationTargetCount","Medium","RAP-CP-018:RAP-QL-1203:rap-003:human-review:RAP-QL-1203:0:RAP-CP-018:0","rap-003:human-review:RAP-QL-1203:0:RAP-CP-018:0","fnv1a-2cfca72a","The numbers of Rs. 2, Rs. 5, and Rs. 10 stamps are in the ratio 4:5:3, with common multiplier 6. How many Rs. 2 stamps are there?","A. 25
B. 24
C. 26
D. 23","1","24","Concept: for denomination questions, multiply each count-ratio part by its denomination value.

Why this method works: value equals denomination multiplied by count, so count-ratio parts must be weighted by their denominations.

$$\text{Setup}=4:5:3 at 2,5,10$$

Intermediate interpretation: setup = 4:5:3 at 2,5,10.

$$\text{Common unit}=6$$

Method: use the common multiplier to get the requested value or count.

$$\text{Decisive equation}=4\times6$$

Final answer: the required count is 24.

Quick check: multiplying every recovered count by its denomination reproduces the stated total value.","","","","","PENDING",""
"RAP-003","RAP-CP-018","RAP-QL-1204","denominationSwapValue","denominationSwapValue","Hard","RAP-CP-018:RAP-QL-1204:rap-003:human-review:RAP-QL-1204:0:RAP-CP-018:0","rap-003:human-review:RAP-QL-1204:0:RAP-CP-018:0","fnv1a-f312b308","A set has Rs. 10, Rs. 20, and Rs. 50 notes in the ratio 5:3:2, with common multiplier 8. If 5 Rs. 20 notes are replaced by 5 Rs. 50 notes, find the new total value.","A. 1730
B. 1930
C. 1830
D. 1880","2","1830","Concept: for denomination questions, multiply each count-ratio part by its denomination value.

Why this method works: value equals denomination multiplied by count, so count-ratio parts must be weighted by their denominations.

$$\text{Setup}=5:3:2 at 10,20,50$$

Intermediate interpretation: setup = 5:3:2 at 10,20,50.

$$\text{Value of one ratio unit}=210$$

$$\text{Swap delta}=150$$

$$\text{Decisive equation}=1680+5\times(50-20)$$

Final answer: the required quantity is 1830.

Quick check: multiplying every recovered count by its denomination reproduces the stated total value.","","","","","PENDING",""
"RAP-003","RAP-CP-018","RAP-QL-1205","denominationTotalValue","denominationTotalValue","Hard","RAP-CP-018:RAP-QL-1205:rap-003:human-review:RAP-QL-1205:0:RAP-CP-018:0","rap-003:human-review:RAP-QL-1205:0:RAP-CP-018:0","fnv1a-5f4ed9da","The numbers of Rs. 2, Rs. 5, Rs. 10, and Rs. 20 coupons are in the ratio 5:4:3:2. If the common multiplier is 7, find the total value.","A. 710
B. 690
C. 720
D. 700","3","700","Concept: for denomination questions, multiply each count-ratio part by its denomination value.

Why this method works: value equals denomination multiplied by count, so count-ratio parts must be weighted by their denominations.

$$\text{Setup}=5:4:3:2 at 2,5,10,20$$

Intermediate interpretation: setup = 5:4:3:2 at 2,5,10,20.

$$\text{Value of one ratio unit}=100$$

Method: use the common multiplier to get the requested value or count.

$$\text{Decisive equation}=7\times(5\times2+4\times5+3\times10+2\times20)$$

Final answer: the required quantity is 700.

Quick check: multiplying every recovered count by its denomination reproduces the stated total value.","","","","","PENDING",""
"RAP-003","RAP-CP-018","RAP-QL-1206","denominationCountsFromValue","denominationCountsFromValue","Hard","RAP-CP-018:RAP-QL-1206:rap-003:human-review:RAP-QL-1206:0:RAP-CP-018:0","rap-003:human-review:RAP-QL-1206:0:RAP-CP-018:0","fnv1a-9f8906fe","Rs. 2, Rs. 5, Rs. 10, and Rs. 20 coupons are in the ratio 5:4:3:2. If their total value is Rs. 700, find the number of Rs. 2 coupons.","A. 35
B. 34
C. 37
D. 36","0","35","Concept: for denomination questions, multiply each count-ratio part by its denomination value.

Why this method works: value equals denomination multiplied by count, so count-ratio parts must be weighted by their denominations.

$$\text{Setup}=5:4:3:2 at 2,5,10,20$$

Intermediate interpretation: setup = 5:4:3:2 at 2,5,10,20.

$$\text{Value of one ratio unit}=100$$

Method: use the common multiplier to get the requested value or count.

$$\text{Decisive equation}=x=\frac{700}{5\times2+4\times5+3\times10+2\times20}$$

Final answer: the required count is 35.

Quick check: multiplying every recovered count by its denomination reproduces the stated total value.","","","","","PENDING",""
"RAP-003","RAP-CP-018","RAP-QL-1207","denominationCountsFromValue","denominationCountsFromValue","Medium","RAP-CP-018:RAP-QL-1207:rap-003:human-review:RAP-QL-1207:0:RAP-CP-018:0","rap-003:human-review:RAP-QL-1207:0:RAP-CP-018:0","fnv1a-4c29c948","The counts of Rs. 2, Rs. 5, and Rs. 10 stamps are in the ratio 4:5:3. Their total value is Rs. 378. Find the count of Rs. 2 stamps.","A. 25
B. 26
C. 24
D. 23","2","24","Concept: for denomination questions, multiply each count-ratio part by its denomination value.

Why this method works: value equals denomination multiplied by count, so count-ratio parts must be weighted by their denominations.

$$\text{Setup}=4:5:3 at 2,5,10$$

Intermediate interpretation: setup = 4:5:3 at 2,5,10.

$$\text{Value of one ratio unit}=63$$

Method: use the common multiplier to get the requested value or count.

$$\text{Decisive equation}=x=\frac{378}{4\times2+5\times5+3\times10}$$

Final answer: the required count is 24.

Quick check: multiplying every recovered count by its denomination reproduces the stated total value.","","","","","PENDING",""
"RAP-003","RAP-CP-018","RAP-QL-1208","denominationCountsFromValue","denominationCountsFromValue","Medium","RAP-CP-018:RAP-QL-1208:rap-003:human-review:RAP-QL-1208:0:RAP-CP-018:0","rap-003:human-review:RAP-QL-1208:0:RAP-CP-018:0","fnv1a-a1441f09","Notes of Rs. 10, Rs. 20, and Rs. 50 are in the ratio 5:3:2. Their total value is Rs. 1680. Find the number of Rs. 50 notes.","A. 16
B. 15
C. 17
D. 18","0","16","Concept: for denomination questions, multiply each count-ratio part by its denomination value.

Why this method works: value equals denomination multiplied by count, so count-ratio parts must be weighted by their denominations.

$$\text{Setup}=5:3:2 at 10,20,50$$

Intermediate interpretation: setup = 5:3:2 at 10,20,50.

$$\text{Value of one ratio unit}=210$$

Method: use the common multiplier to get the requested value or count.

$$\text{Decisive equation}=x=\frac{1680}{5\times10+3\times20+2\times50}$$

Final answer: the required count is 16.

Quick check: multiplying every recovered count by its denomination reproduces the stated total value.","","","","","PENDING",""
"RAP-003","RAP-CP-018","RAP-QL-1209","denominationTargetCount","denominationTargetCount","Medium","RAP-CP-018:RAP-QL-1209:rap-003:human-review:RAP-QL-1209:0:RAP-CP-018:0","rap-003:human-review:RAP-QL-1209:0:RAP-CP-018:0","fnv1a-2d07e01d","Stamps worth Rs. 2, Rs. 5, and Rs. 10 are in the ratio 4:5:3. If the common multiplier is 6, find the number of Rs. 5 stamps.","A. 31
B. 29
C. 32
D. 30","3","30","Concept: for denomination questions, multiply each count-ratio part by its denomination value.

Why this method works: value equals denomination multiplied by count, so count-ratio parts must be weighted by their denominations.

$$\text{Setup}=4:5:3 at 2,5,10$$

Intermediate interpretation: setup = 4:5:3 at 2,5,10.

$$\text{Common unit}=6$$

Method: use the common multiplier to get the requested value or count.

$$\text{Decisive equation}=5\times6$$

Final answer: the required count is 30.

Quick check: multiplying every recovered count by its denomination reproduces the stated total value.","","","","","PENDING",""
"RAP-003","RAP-CP-018","RAP-QL-1210","denominationTotalCountFromValue","denominationTotalCountFromValue","Hard","RAP-CP-018:RAP-QL-1210:rap-003:human-review:RAP-QL-1210:0:RAP-CP-018:0","rap-003:human-review:RAP-QL-1210:0:RAP-CP-018:0","fnv1a-711a432f","Coins of Rs. 1, Rs. 2, and Rs. 5 are in the ratio 3:4:5. Their total value is Rs. 360. Find the total number of coins.","A. 130
B. 140
C. 120
D. 110","2","120","Concept: for denomination questions, multiply each count-ratio part by its denomination value.

Why this method works: value equals denomination multiplied by count, so count-ratio parts must be weighted by their denominations.

$$\text{Setup}=3:4:5 at 1,2,5$$

Intermediate interpretation: setup = 3:4:5 at 1,2,5.

$$\text{Value of one ratio unit}=36$$

Method: use the common multiplier to get the requested value or count.

$$\text{Decisive equation}=\frac{360}{3\times1+4\times2+5\times5}\times12$$

Final answer: the required count is 120.

Quick check: multiplying every recovered count by its denomination reproduces the stated total value.","","","","","PENDING",""
"RAP-003","RAP-CP-018","RAP-QL-1211","denominationTotalValueFromTotalCount","denominationTotalValueFromTotalCount","Hard","RAP-CP-018:RAP-QL-1211:rap-003:human-review:RAP-QL-1211:0:RAP-CP-018:0","rap-003:human-review:RAP-QL-1211:0:RAP-CP-018:0","fnv1a-0750414d","There are 90 notes of Rs. 5, Rs. 10, and Rs. 20 in the ratio 2:3:4. Find their total value.","A. 1100
B. 1250
C. 1200
D. 1300","2","1200","Concept: for denomination questions, multiply each count-ratio part by its denomination value.

Why this method works: value equals denomination multiplied by count, so count-ratio parts must be weighted by their denominations.

$$\text{Setup}=2:3:4 at 5,10,20$$

Intermediate interpretation: setup = 2:3:4 at 5,10,20.

$$\text{Value of one ratio unit}=120$$

Method: use the common multiplier to get the requested value or count.

$$\text{Decisive equation}=\frac{90}{9}\times(2\times5+3\times10+4\times20)$$

Final answer: the required quantity is 1200.

Quick check: multiplying every recovered count by its denomination reproduces the stated total value.","","","","","PENDING",""
"RAP-003","RAP-CP-018","RAP-QL-1212","denominationValueRatio","denominationValueRatio","Medium","RAP-CP-018:RAP-QL-1212:rap-003:human-review:RAP-QL-1212:0:RAP-CP-018:0","rap-003:human-review:RAP-QL-1212:0:RAP-CP-018:0","fnv1a-602e12ff","Coins of Rs. 1, Rs. 2, and Rs. 5 are in the ratio 3:4:5. Find the ratio of value contributed by the three types.","A. 4:8:25
B. 3:9:25
C. 2:8:25
D. 3:8:25","3","3:8:25","Concept: for denomination questions, multiply each count-ratio part by its denomination value.

Why this method works: value equals denomination multiplied by count, so count-ratio parts must be weighted by their denominations.

$$\text{Setup}=3:4:5 at 1,2,5$$

Intermediate interpretation: setup = 3:4:5 at 1,2,5.

$$\text{Value of one ratio unit}=36$$

Method: use the common multiplier to get the requested value or count.

$$\text{Decisive equation}=3:8:25$$

Final answer: the required ratio is 3 : 8 : 25.

Quick check: multiplying every recovered count by its denomination reproduces the stated total value.","","","","","PENDING",""
"RAP-003","RAP-CP-018","RAP-QL-1213","denominationSwapValue","denominationSwapValue","Hard","RAP-CP-018:RAP-QL-1213:rap-003:human-review:RAP-QL-1213:0:RAP-CP-018:0","rap-003:human-review:RAP-QL-1213:0:RAP-CP-018:0","fnv1a-f312b308","Notes of Rs. 10, Rs. 20, and Rs. 50 are in the ratio 5:3:2, with common multiplier 8. If 5 Rs. 20 notes are replaced by Rs. 50 notes, find the new total value.","A. 1830
B. 1930
C. 1730
D. 1880","0","1830","Concept: for denomination questions, multiply each count-ratio part by its denomination value.

Why this method works: value equals denomination multiplied by count, so count-ratio parts must be weighted by their denominations.

$$\text{Setup}=5:3:2 at 10,20,50$$

Intermediate interpretation: setup = 5:3:2 at 10,20,50.

$$\text{Value of one ratio unit}=210$$

$$\text{Swap delta}=150$$

$$\text{Decisive equation}=1680+5\times(50-20)$$

Final answer: the required quantity is 1830.

Quick check: multiplying every recovered count by its denomination reproduces the stated total value.","","","","","PENDING",""
"RAP-003","RAP-CP-018","RAP-QL-1214","denominationAverageValue","denominationAverageValue","Medium","RAP-CP-018:RAP-QL-1214:rap-003:human-review:RAP-QL-1214:0:RAP-CP-018:0","rap-003:human-review:RAP-QL-1214:0:RAP-CP-018:0","fnv1a-9faeab37","Tickets of Rs. 10, Rs. 20, and Rs. 40 are in the ratio 3:4:3. Find the average value per item.","A. 25
B. 23
C. 24
D. 22","1","23","Concept: for denomination questions, multiply each count-ratio part by its denomination value.

Why this method works: value equals denomination multiplied by count, so count-ratio parts must be weighted by their denominations.

$$\text{Setup}=3:4:3 at 10,20,40$$

Intermediate interpretation: setup = 3:4:3 at 10,20,40.

$$\text{Value of one ratio unit}=230$$

Method: use the common multiplier to get the requested value or count.

$$\text{Decisive equation}=\frac{3\times10+4\times20+3\times40}{10}$$

Final answer: the required quantity is 23.

Quick check: multiplying every recovered count by its denomination reproduces the stated total value.","","","","","PENDING",""
"RAP-003","RAP-CP-018","RAP-QL-1215","denominationFourTypeTotalCount","denominationFourTypeTotalCount","Hard","RAP-CP-018:RAP-QL-1215:rap-003:human-review:RAP-QL-1215:0:RAP-CP-018:0","rap-003:human-review:RAP-QL-1215:0:RAP-CP-018:0","fnv1a-edaef721","Four types of notes worth Rs. 5, Rs. 10, Rs. 20, and Rs. 50 are in the ratio 2:3:4:1. Their total value is Rs. 1020. Find the total number of notes.","A. 60
B. 59
C. 62
D. 61","0","60","Concept: for denomination questions, multiply each count-ratio part by its denomination value.

Why this method works: value equals denomination multiplied by count, so count-ratio parts must be weighted by their denominations.

$$\text{Setup}=2:3:4:1 at 5,10,20,50$$

Intermediate interpretation: setup = 2:3:4:1 at 5,10,20,50.

$$\text{Value of one ratio unit}=170$$

Method: use the common multiplier to get the requested value or count.

$$\text{Decisive equation}=\frac{1020}{2\times5+3\times10+4\times20+1\times50}\times10$$

Final answer: the required count is 60.

Quick check: multiplying every recovered count by its denomination reproduces the stated total value.","","","","","PENDING",""
"RAP-003","RAP-CP-018","RAP-QL-1216","denominationMissingRatioPart","denominationMissingRatioPart","Hard","RAP-CP-018:RAP-QL-1216:rap-003:human-review:RAP-QL-1216:0:RAP-CP-018:0","rap-003:human-review:RAP-QL-1216:0:RAP-CP-018:0","fnv1a-7409faa1","Coupons worth Rs. 2, Rs. 5, and Rs. 10 are in the ratio 5:4:x. If the common multiplier is 7 and total value is Rs. 700, find x.","A. 6
B. 9
C. 8
D. 7","3","7","Concept: for denomination questions, multiply each count-ratio part by its denomination value.

Why this method works: value equals denomination multiplied by count, so count-ratio parts must be weighted by their denominations.

$$\text{Setup}=5:4:x at 2,5,10$$

Intermediate interpretation: setup = 5:4:x at 2,5,10.

$$\text{Value of one ratio unit}=100$$

Method: use the common multiplier to get the requested value or count.

$$\text{Decisive equation}=x=\frac{100-(5\times2+4\times5)}{10}$$

Final answer: the required count is 7.

Quick check: multiplying every recovered count by its denomination reproduces the stated total value.","","","","","PENDING",""
"RAP-003","RAP-CP-018","RAP-QL-1217","ticketValueSystem","ticketValueSystem","Medium","RAP-CP-018:RAP-QL-1217:rap-003:human-review:RAP-QL-1217:0:RAP-CP-018:0","rap-003:human-review:RAP-QL-1217:0:RAP-CP-018:0","fnv1a-a3df46f2","Tickets priced at Rs. 50, Rs. 80, and Rs. 120 are sold in the ratio 3:2:1. If the common multiplier is 10, find the total revenue.","A. 4300
B. 4400
C. 4200
D. 4350","0","4300","Concept: for denomination questions, multiply each count-ratio part by its denomination value.

Why this method works: value equals denomination multiplied by count, so count-ratio parts must be weighted by their denominations.

$$\text{Setup}=3:2:1 at 50,80,120$$

Intermediate interpretation: setup = 3:2:1 at 50,80,120.

$$\text{Value of one ratio unit}=430$$

Method: use the common multiplier to get the requested value or count.

$$\text{Decisive equation}=10\times(3\times50+2\times80+1\times120)$$

Final answer: the required quantity is 4300.

Quick check: multiplying every recovered count by its denomination reproduces the stated total value.","","","","","PENDING",""
"RAP-003","RAP-CP-018","RAP-QL-1218","marksPerQuestionType","marksPerQuestionType","Hard","RAP-CP-018:RAP-QL-1218:rap-003:human-review:RAP-QL-1218:0:RAP-CP-018:0","rap-003:human-review:RAP-QL-1218:0:RAP-CP-018:0","fnv1a-e8f1ddf3","Questions of 1, 2, and 5 marks are in the ratio 10:6:4. If the common multiplier is 3, find the total marks.","A. 146
B. 126
C. 136
D. 116","1","126","Concept: for denomination questions, multiply each count-ratio part by its denomination value.

Why this method works: value equals denomination multiplied by count, so count-ratio parts must be weighted by their denominations.

$$\text{Setup}=10:6:4 at 1,2,5$$

Intermediate interpretation: setup = 10:6:4 at 1,2,5.

$$\text{Value of one ratio unit}=42$$

Method: use the common multiplier to get the requested value or count.

$$\text{Decisive equation}=3\times(10\times1+6\times2+4\times5)$$

Final answer: the required quantity is 126.

Quick check: multiplying every recovered count by its denomination reproduces the stated total value.","","","","","PENDING",""
"RAP-003","RAP-CP-019","RAP-QL-1301","sdtTimeRatioFromSpeedDistance","sdtTimeRatioFromSpeedDistance","Medium","RAP-CP-019:RAP-QL-1301:rap-003:human-review:RAP-QL-1301:0:RAP-CP-019:0","rap-003:human-review:RAP-QL-1301:0:RAP-CP-019:0","fnv1a-65a43c5b","The speeds of Train A and Train B are in the ratio 3:4, and the distances covered are in the ratio 2:3. Find the ratio of their times.","A. 8:10
B. 8:9
C. 9:9
D. 7:9","1","8:9","Concept: use the speed-distance-time relation, distance = speed multiplied by time.

Why this method works: distance, work, or output is the product of a rate factor and time; fixing one product determines whether the remaining relation is direct or inverse.

$$\text{Setup}=S=3:4, D=2:3$$

Intermediate interpretation: setup = S=3:4, D=2:3.

Method: rearrange the relation to the requested ratio or time.

$$\text{Decisive equation}=\frac{2}{3}:\frac{3}{4}$$

Final answer: the required ratio is 8 : 9.

Quick check: substitution keeps the stated distance, work, or output unchanged.","","","","","PENDING",""
"RAP-003","RAP-CP-019","RAP-QL-1302","sdtDistanceRatioFromSpeedTime","sdtDistanceRatioFromSpeedTime","Easy","RAP-CP-019:RAP-QL-1302:rap-003:human-review:RAP-QL-1302:0:RAP-CP-019:0","rap-003:human-review:RAP-QL-1302:0:RAP-CP-019:0","fnv1a-f84ae481","The speeds of Runner A and Runner B are in the ratio 6:5, and their times are in the ratio 4:3. Find the ratio of distances covered by them.","A. 8:5
B. 7:5
C. 9:5
D. 8:6","0","8:5","Concept: use the speed-distance-time relation, distance = speed multiplied by time.

Why this method works: distance, work, or output is the product of a rate factor and time; fixing one product determines whether the remaining relation is direct or inverse.

$$\text{Setup}=S=6:5, T=4:3$$

Intermediate interpretation: setup = S=6:5, T=4:3.

Method: rearrange the relation to the requested ratio or time.

$$\text{Decisive equation}=(6\times4):(5\times3)$$

Final answer: the required ratio is 8 : 5.

Quick check: substitution keeps the stated distance, work, or output unchanged.","","","","","PENDING",""
"RAP-003","RAP-CP-019","RAP-QL-1303","sdtSpeedRatioFromDistanceTime","sdtSpeedRatioFromDistanceTime","Medium","RAP-CP-019:RAP-QL-1303:rap-003:human-review:RAP-QL-1303:0:RAP-CP-019:0","rap-003:human-review:RAP-QL-1303:0:RAP-CP-019:0","fnv1a-e03abb70","Runner A and Runner B cover distances in the ratio 10:9 and take times in the ratio 5:6. Find the ratio of their speeds.","A. 3:3
B. 4:4
C. 5:3
D. 4:3","3","4:3","Concept: use the speed-distance-time relation, distance = speed multiplied by time.

Why this method works: distance, work, or output is the product of a rate factor and time; fixing one product determines whether the remaining relation is direct or inverse.

$$\text{Setup}=D=10:9, T=5:6$$

Intermediate interpretation: setup = D=10:9, T=5:6.

Method: rearrange the relation to the requested ratio or time.

$$\text{Decisive equation}=\frac{10}{5}:\frac{9}{6}$$

Final answer: the required ratio is 4 : 3.

Quick check: substitution keeps the stated distance, work, or output unchanged.","","","","","PENDING",""
"RAP-003","RAP-CP-019","RAP-QL-1304","sdtRaceLead","sdtRaceLead","Medium","RAP-CP-019:RAP-QL-1304:rap-003:human-review:RAP-QL-1304:0:RAP-CP-019:0","rap-003:human-review:RAP-QL-1304:0:RAP-CP-019:0","fnv1a-5c356caf","Aman and Bhavna run a 400-metre race with speeds in the ratio 5:4. If Aman is faster, by how many metres does Aman beat Bhavna?","A. 79
B. 82
C. 80
D. 81","2","80","Concept: use the speed-distance-time relation, distance = speed multiplied by time.

Why this method works: distance, work, or output is the product of a rate factor and time; fixing one product determines whether the remaining relation is direct or inverse.

$$\text{Setup}=Track=400, speeds=5:4$$

Intermediate interpretation: setup = Track=400, speeds=5:4.

Method: when the faster runner finishes, compare how far the slower runner has covered.

$$\text{Decisive equation}=400\times\frac{5-4}{5}$$

Final answer: the required quantity is 80.

Quick check: substitution keeps the stated distance, work, or output unchanged.","","","","","PENDING",""
"RAP-003","RAP-CP-019","RAP-QL-1305","sdtOvertakeTime","sdtOvertakeTime","Hard","RAP-CP-019:RAP-QL-1305:rap-003:human-review:RAP-QL-1305:0:RAP-CP-019:0","rap-003:human-review:RAP-QL-1305:0:RAP-CP-019:0","fnv1a-efed9bfd","Cyclist A runs at 45 km/h and Cyclist B runs at 30 km/h. If Cyclist B has a lead of 125 metres, how many seconds will Cyclist A take to overtake Cyclist B?","A. 4
B. 5
C. 3
D. 2","2","3","Concept: use the speed-distance-time relation, distance = speed multiplied by time.

Why this method works: distance, work, or output is the product of a rate factor and time; fixing one product determines whether the remaining relation is direct or inverse.

$$\text{Setup}=Speeds=45,30 km/h; lead=125 m$$

Intermediate interpretation: setup = Speeds=45,30 km/h; lead=125 m.

Method: rearrange the relation to the requested ratio or time.

$$\text{Decisive equation}=\frac{125}{(45-30)\times\frac{1000}{3600}}$$

Final answer: the required time in the unit used in the question is 3.

Quick check: substitution keeps the stated distance, work, or output unchanged.","","","","","PENDING",""
"RAP-003","RAP-CP-019","RAP-QL-1306","sdtOvertakeTime","sdtOvertakeTime","Hard","RAP-CP-019:RAP-QL-1306:rap-003:human-review:RAP-QL-1306:0:RAP-CP-019:0","rap-003:human-review:RAP-QL-1306:0:RAP-CP-019:0","fnv1a-efed9bfd","Cyclist B is 125 metres ahead. Cyclist A moves at 45 km/h and Cyclist B moves at 30 km/h. Find the time taken by Cyclist A to catch Cyclist B.","A. 3
B. 2
C. 4
D. 5","0","3","Concept: use the speed-distance-time relation, distance = speed multiplied by time.

Why this method works: distance, work, or output is the product of a rate factor and time; fixing one product determines whether the remaining relation is direct or inverse.

$$\text{Setup}=Speeds=45,30 km/h; lead=125 m$$

Intermediate interpretation: setup = Speeds=45,30 km/h; lead=125 m.

Method: rearrange the relation to the requested ratio or time.

$$\text{Decisive equation}=\frac{125}{(45-30)\times\frac{1000}{3600}}$$

Final answer: the required time in the unit used in the question is 3.

Quick check: substitution keeps the stated distance, work, or output unchanged.","","","","","PENDING",""
"RAP-003","RAP-CP-019","RAP-QL-1307","sdtDistanceRatioFromSpeedTime","sdtDistanceRatioFromSpeedTime","Easy","RAP-CP-019:RAP-QL-1307:rap-003:human-review:RAP-QL-1307:0:RAP-CP-019:0","rap-003:human-review:RAP-QL-1307:0:RAP-CP-019:0","fnv1a-8fe8a84b","The speeds of Bus A and Bus B are in the ratio 3:4, and their times are in the ratio 5:2. Find the ratio of distances covered.","A. 16:8
B. 15:9
C. 14:8
D. 15:8","3","15:8","Concept: use the speed-distance-time relation, distance = speed multiplied by time.

Why this method works: distance, work, or output is the product of a rate factor and time; fixing one product determines whether the remaining relation is direct or inverse.

$$\text{Setup}=S=3:4, T=5:2$$

Intermediate interpretation: setup = S=3:4, T=5:2.

Method: rearrange the relation to the requested ratio or time.

$$\text{Decisive equation}=(3\times5):(4\times2)$$

Final answer: the required ratio is 15 : 8.

Quick check: substitution keeps the stated distance, work, or output unchanged.","","","","","PENDING",""
"RAP-003","RAP-CP-019","RAP-QL-1308","sdtSpeedRatioFromDistanceTime","sdtSpeedRatioFromDistanceTime","Medium","RAP-CP-019:RAP-QL-1308:rap-003:human-review:RAP-QL-1308:0:RAP-CP-019:0","rap-003:human-review:RAP-QL-1308:0:RAP-CP-019:0","fnv1a-c6d8fdf9","The distances covered by Train A and Train B are in the ratio 6:5, and their times are in the ratio 3:4. Find their speed ratio.","A. 8:5
B. 8:6
C. 7:5
D. 9:5","0","8:5","Concept: use the speed-distance-time relation, distance = speed multiplied by time.

Why this method works: distance, work, or output is the product of a rate factor and time; fixing one product determines whether the remaining relation is direct or inverse.

$$\text{Setup}=D=6:5, T=3:4$$

Intermediate interpretation: setup = D=6:5, T=3:4.

Method: rearrange the relation to the requested ratio or time.

$$\text{Decisive equation}=\frac{6}{3}:\frac{5}{4}$$

Final answer: the required ratio is 8 : 5.

Quick check: substitution keeps the stated distance, work, or output unchanged.","","","","","PENDING",""
"RAP-003","RAP-CP-019","RAP-QL-1309","fixedDistanceSpeedTimeInverse","fixedDistanceSpeedTimeInverse","Medium","RAP-CP-019:RAP-QL-1309:rap-003:human-review:RAP-QL-1309:0:RAP-CP-019:0","rap-003:human-review:RAP-QL-1309:0:RAP-CP-019:0","fnv1a-7369aa39","Car A and Car B travel the same distance. Their speeds are in the ratio 5:8. Find the ratio of their times.","A. 8:6
B. 8:5
C. 9:5
D. 7:5","1","8:5","Concept: use the speed-distance-time relation, distance = speed multiplied by time.

Why this method works: distance, work, or output is the product of a rate factor and time; fixing one product determines whether the remaining relation is direct or inverse.

$$\text{Setup}=Rate=5:8$$

Intermediate interpretation: setup = Rate=5:8.

Method: rearrange the relation to the requested ratio or time.

$$\text{Decisive equation}=8:5$$

Final answer: the required ratio is 8 : 5.

Quick check: substitution keeps the stated distance, work, or output unchanged.","","","","","PENDING",""
"RAP-003","RAP-CP-019","RAP-QL-1310","fixedTimeSpeedDistanceDirect","fixedTimeSpeedDistanceDirect","Easy","RAP-CP-019:RAP-QL-1310:rap-003:human-review:RAP-QL-1310:0:RAP-CP-019:0","rap-003:human-review:RAP-QL-1310:0:RAP-CP-019:0","fnv1a-2f14b4a6","Runner A and Runner B travel for the same time. Their speeds are in the ratio 7:5. Find the ratio of distances covered.","A. 8:5
B. 7:6
C. 6:5
D. 7:5","3","7:5","Concept: use the speed-distance-time relation, distance = speed multiplied by time.

Why this method works: distance, work, or output is the product of a rate factor and time; fixing one product determines whether the remaining relation is direct or inverse.

$$\text{Setup}=Speed=7:5$$

Intermediate interpretation: setup = Speed=7:5.

Method: rearrange the relation to the requested ratio or time.

$$\text{Decisive equation}=7:5$$

Final answer: the required ratio is 7 : 5.

Quick check: substitution keeps the stated distance, work, or output unchanged.","","","","","PENDING",""
"RAP-003","RAP-CP-019","RAP-QL-1311","sdtRaceLeadSpeedRatio","sdtRaceLeadSpeedRatio","Medium","RAP-CP-019:RAP-QL-1311:rap-003:human-review:RAP-QL-1311:0:RAP-CP-019:0","rap-003:human-review:RAP-QL-1311:0:RAP-CP-019:0","fnv1a-04cac327","In a race of 400 m, Runner A beats Runner B by 80 m. Find the speed ratio of Runner A:Runner B.","A. 5:4
B. 4:4
C. 6:4
D. 5:5","0","5:4","Concept: use the speed-distance-time relation, distance = speed multiplied by time.

Why this method works: distance, work, or output is the product of a rate factor and time; fixing one product determines whether the remaining relation is direct or inverse.

$$\text{Setup}=Race=400, lead=80$$

Intermediate interpretation: setup = Race=400, lead=80.

Method: rearrange the relation to the requested ratio or time.

$$\text{Decisive equation}=400:320$$

Final answer: the required ratio is 5 : 4.

Quick check: substitution keeps the stated distance, work, or output unchanged.","","","","","PENDING",""
"RAP-003","RAP-CP-019","RAP-QL-1312","sdtRaceLeadTime","sdtRaceLeadTime","Hard","RAP-CP-019:RAP-QL-1312:rap-003:human-review:RAP-QL-1312:0:RAP-CP-019:0","rap-003:human-review:RAP-QL-1312:0:RAP-CP-019:0","fnv1a-c597201f","Runner A finishes a race in 45 seconds while Runner B takes 60 seconds for the same distance. Find their speed ratio.","A. 4:4
B. 4:3
C. 5:3
D. 3:3","1","4:3","Concept: use the speed-distance-time relation, distance = speed multiplied by time.

Why this method works: distance, work, or output is the product of a rate factor and time; fixing one product determines whether the remaining relation is direct or inverse.

$$\text{Setup}=Times=45:60$$

Intermediate interpretation: setup = Times=45:60.

Method: rearrange the relation to the requested ratio or time.

$$\text{Decisive equation}=60:45$$

Final answer: the required ratio is 4 : 3.

Quick check: substitution keeps the stated distance, work, or output unchanged.","","","","","PENDING",""
"RAP-003","RAP-CP-019","RAP-QL-1313","sdtOvertakeTime","sdtOvertakeTime","Hard","RAP-CP-019:RAP-QL-1313:rap-003:human-review:RAP-QL-1313:0:RAP-CP-019:0","rap-003:human-review:RAP-QL-1313:0:RAP-CP-019:0","fnv1a-0eab0651","Car A runs at 72 km/h and Car B runs at 54 km/h in the same direction. If Car A is 150 m behind, find the time taken to overtake.","A. 30
B. 29
C. 32
D. 31","0","30","Concept: use the speed-distance-time relation, distance = speed multiplied by time.

Why this method works: distance, work, or output is the product of a rate factor and time; fixing one product determines whether the remaining relation is direct or inverse.

$$\text{Setup}=Speeds=72,54 km/h; lead=150 m$$

Intermediate interpretation: setup = Speeds=72,54 km/h; lead=150 m.

Method: rearrange the relation to the requested ratio or time.

$$\text{Decisive equation}=\frac{150}{(72-54)\times\frac{1000}{3600}}$$

Final answer: the required time in the unit used in the question is 30.

Quick check: substitution keeps the stated distance, work, or output unchanged.","","","","","PENDING",""
"RAP-003","RAP-CP-019","RAP-QL-1314","sdtOppositeDirectionMeeting","sdtOppositeDirectionMeeting","Medium","RAP-CP-019:RAP-QL-1314:rap-003:human-review:RAP-QL-1314:0:RAP-CP-019:0","rap-003:human-review:RAP-QL-1314:0:RAP-CP-019:0","fnv1a-ddf8b297","Car A and Car B move towards each other at 40 km/h and 50 km/h. If they are 180 km apart, find the meeting time in hours.","A. 1
B. 4
C. 3
D. 2","3","2","Concept: use the speed-distance-time relation, distance = speed multiplied by time.

Why this method works: distance, work, or output is the product of a rate factor and time; fixing one product determines whether the remaining relation is direct or inverse.

$$\text{Setup}=Distance=180, speeds=40+50$$

Intermediate interpretation: setup = Distance=180, speeds=40+50.

Method: rearrange the relation to the requested ratio or time.

$$\text{Decisive equation}=\frac{180}{40+50}$$

Final answer: the required time in the unit used in the question is 2.

Quick check: substitution keeps the stated distance, work, or output unchanged.","","","","","PENDING",""
"RAP-003","RAP-CP-019","RAP-QL-1315","trainPlatformRatio","trainPlatformRatio","Hard","RAP-CP-019:RAP-QL-1315:rap-003:human-review:RAP-QL-1315:0:RAP-CP-019:0","rap-003:human-review:RAP-QL-1315:0:RAP-CP-019:0","fnv1a-2c3838e9","Two trains have lengths in the ratio 5:6 and speeds in the ratio 4:3. Find the ratio of times taken to cross the same reference point.","A. 5:8
B. 6:8
C. 4:8
D. 5:9","0","5:8","Concept: use the speed-distance-time relation, distance = speed multiplied by time.

Why this method works: distance, work, or output is the product of a rate factor and time; fixing one product determines whether the remaining relation is direct or inverse.

$$\text{Setup}=Length=5:6, speed=4:3$$

Intermediate interpretation: setup = Length=5:6, speed=4:3.

Method: rearrange the relation to the requested ratio or time.

$$\text{Decisive equation}=\frac{5}{4}:\frac{6}{3}$$

Final answer: the required ratio is 5 : 8.

Quick check: substitution keeps the stated distance, work, or output unchanged.","","","","","PENDING",""
"RAP-003","RAP-CP-019","RAP-QL-1316","workEfficiencyTimeRatio","workEfficiencyTimeRatio","Medium","RAP-CP-019:RAP-QL-1316:rap-003:human-review:RAP-QL-1316:0:RAP-CP-019:0","rap-003:human-review:RAP-QL-1316:0:RAP-CP-019:0","fnv1a-1b09db8d","Two teams have efficiencies in the ratio 3:5. They must complete work in the ratio 2:3. Find the ratio of times required.","A. 10:10
B. 10:9
C. 11:9
D. 9:9","1","10:9","Concept: use the speed-distance-time relation, distance = speed multiplied by time.

Why this method works: distance, work, or output is the product of a rate factor and time; fixing one product determines whether the remaining relation is direct or inverse.

$$\text{Setup}=Rate=3:5, work=2:3$$

Intermediate interpretation: setup = Rate=3:5, work=2:3.

Method: rearrange the relation to the requested ratio or time.

$$\text{Decisive equation}=\frac{2}{3}:\frac{3}{5}$$

Final answer: the required ratio is 10 : 9.

Quick check: substitution keeps the stated distance, work, or output unchanged.","","","","","PENDING",""
"RAP-003","RAP-CP-019","RAP-QL-1317","machinesOutputTime","machinesOutputTime","Medium","RAP-CP-019:RAP-QL-1317:rap-003:human-review:RAP-QL-1317:0:RAP-CP-019:0","rap-003:human-review:RAP-QL-1317:0:RAP-CP-019:0","fnv1a-6dbf0fac","Machines in two units are in the ratio 3:4, and working hours are in the ratio 5:2. If efficiency is the same, find the output ratio.","A. 15:8
B. 15:9
C. 14:8
D. 16:8","0","15:8","Concept: use the speed-distance-time relation, distance = speed multiplied by time.

Why this method works: distance, work, or output is the product of a rate factor and time; fixing one product determines whether the remaining relation is direct or inverse.

$$\text{Setup}=Output factors$$

Intermediate interpretation: setup = Output factors.

Method: rearrange the relation to the requested ratio or time.

$$\text{Decisive equation}=15:8$$

Final answer: the required ratio is 15 : 8.

Quick check: substitution keeps the stated distance, work, or output unchanged.","","","","","PENDING",""
"RAP-003","RAP-CP-019","RAP-QL-1318","pipesTimeRatio","pipesTimeRatio","Medium","RAP-CP-019:RAP-QL-1318:rap-003:human-review:RAP-QL-1318:0:RAP-CP-019:0","rap-003:human-review:RAP-QL-1318:0:RAP-CP-019:0","fnv1a-82b8417f","Two pipes fill water at rates in the ratio 4:7. Find the ratio of times taken to fill the same tank.","A. 6:4
B. 7:5
C. 8:4
D. 7:4","3","7:4","Concept: use the speed-distance-time relation, distance = speed multiplied by time.

Why this method works: distance, work, or output is the product of a rate factor and time; fixing one product determines whether the remaining relation is direct or inverse.

$$\text{Setup}=Rate=4:7$$

Intermediate interpretation: setup = Rate=4:7.

Method: rearrange the relation to the requested ratio or time.

$$\text{Decisive equation}=7:4$$

Final answer: the required ratio is 7 : 4.

Quick check: substitution keeps the stated distance, work, or output unchanged.","","","","","PENDING",""
"RAP-003","RAP-CP-019","RAP-QL-1319","workersEfficiencyDays","workersEfficiencyDays","Hard","RAP-CP-019:RAP-QL-1319:rap-003:human-review:RAP-QL-1319:0:RAP-CP-019:0","rap-003:human-review:RAP-QL-1319:0:RAP-CP-019:0","fnv1a-9795004f","Two groups have workers in the ratio 2:3, efficiencies in the ratio 3:2, and days in the ratio 4:5. Find the ratio of work done.","A. 3:5
B. 5:5
C. 4:5
D. 4:6","2","4:5","Concept: use the speed-distance-time relation, distance = speed multiplied by time.

Why this method works: distance, work, or output is the product of a rate factor and time; fixing one product determines whether the remaining relation is direct or inverse.

$$\text{Setup}=Output factors$$

Intermediate interpretation: setup = Output factors.

Method: rearrange the relation to the requested ratio or time.

$$\text{Decisive equation}=24:30$$

Final answer: the required ratio is 4 : 5.

Quick check: substitution keeps the stated distance, work, or output unchanged.","","","","","PENDING",""
"RAP-003","RAP-CP-019","RAP-QL-1320","findMissingRateFromOutput","findMissingRateFromOutput","Hard","RAP-CP-019:RAP-QL-1320:rap-003:human-review:RAP-QL-1320:0:RAP-CP-019:0","rap-003:human-review:RAP-QL-1320:0:RAP-CP-019:0","fnv1a-5633b30b","Output of two machines is in the ratio 9:10, and their working times are in the ratio 3:5. Find their rate ratio.","A. 3:2
B. 4:2
C. 2:2
D. 3:3","0","3:2","Concept: use the speed-distance-time relation, distance = speed multiplied by time.

Why this method works: distance, work, or output is the product of a rate factor and time; fixing one product determines whether the remaining relation is direct or inverse.

$$\text{Setup}=Output=9:10, time=3:5$$

Intermediate interpretation: setup = Output=9:10, time=3:5.

Method: rearrange the relation to the requested ratio or time.

$$\text{Decisive equation}=\frac{9}{3}:\frac{10}{5}$$

Final answer: the required ratio is 3 : 2.

Quick check: substitution keeps the stated distance, work, or output unchanged.","","","","","PENDING",""
"RAP-003","RAP-CP-019","RAP-QL-1321","timeSavedByHigherSpeed","timeSavedByHigherSpeed","Medium","RAP-CP-019:RAP-QL-1321:rap-003:human-review:RAP-QL-1321:0:RAP-CP-019:0","rap-003:human-review:RAP-QL-1321:0:RAP-CP-019:0","fnv1a-37d3512a","A person travels at a speed changed from ratio part 5 to 6. If the old time is 12 hours for the same distance, find the time saved.","A. 3
B. 1
C. 4
D. 2","3","2","Concept: use the speed-distance-time relation, distance = speed multiplied by time.

Why this method works: distance, work, or output is the product of a rate factor and time; fixing one product determines whether the remaining relation is direct or inverse.

$$\text{Setup}=Speed=5:6, old time=12$$

Intermediate interpretation: setup = Speed=5:6, old time=12.

Method: rearrange the relation to the requested ratio or time.

$$\text{Decisive equation}=12-12\times\frac{5}{6}$$

Final answer: the required time in the unit used in the question is 2.

Quick check: substitution keeps the stated distance, work, or output unchanged.","","","","","PENDING",""
"RAP-003","RAP-CP-019","RAP-QL-1322","distanceSlowerCoversWhenFasterFinishes","distanceSlowerCoversWhenFasterFinishes","Medium","RAP-CP-019:RAP-QL-1322:rap-003:human-review:RAP-QL-1322:0:RAP-CP-019:0","rap-003:human-review:RAP-QL-1322:0:RAP-CP-019:0","fnv1a-1ab6387a","In a 500 m race, speeds of Runner A and Runner B are in the ratio 5:4. How far does Runner B cover when Runner A finishes?","A. 390
B. 420
C. 400
D. 410","2","400","Concept: use the speed-distance-time relation, distance = speed multiplied by time.

Why this method works: distance, work, or output is the product of a rate factor and time; fixing one product determines whether the remaining relation is direct or inverse.

$$\text{Setup}=Track=500, speed=5:4$$

Intermediate interpretation: setup = Track=500, speed=5:4.

Method: rearrange the relation to the requested ratio or time.

$$\text{Decisive equation}=500\times\frac{4}{5}$$

Final answer: the required quantity is 400.

Quick check: substitution keeps the stated distance, work, or output unchanged.","","","","","PENDING",""
"RAP-003","RAP-CP-019","RAP-QL-1323","sameWorkTwoTeams","sameWorkTwoTeams","Hard","RAP-CP-019:RAP-QL-1323:rap-003:human-review:RAP-QL-1323:0:RAP-CP-019:0","rap-003:human-review:RAP-QL-1323:0:RAP-CP-019:0","fnv1a-bcc3d67c","Two teams have workers in the ratio 3:4 and efficiencies in the ratio 2:3. For the same work, find the ratio of completion times.","A. 2:2
B. 2:1
C. 3:1
D. 1:1","1","2:1","Concept: use the speed-distance-time relation, distance = speed multiplied by time.

Why this method works: distance, work, or output is the product of a rate factor and time; fixing one product determines whether the remaining relation is direct or inverse.

$$\text{Setup}=Rate=6:12, work=1:1$$

Intermediate interpretation: setup = Rate=6:12, work=1:1.

Method: rearrange the relation to the requested ratio or time.

$$\text{Decisive equation}=\frac{1}{6}:\frac{1}{12}$$

Final answer: the required ratio is 2 : 1.

Quick check: substitution keeps the stated distance, work, or output unchanged.","","","","","PENDING",""
"RAP-003","RAP-CP-019","RAP-QL-1324","rateProductAbsoluteOutput","rateProductAbsoluteOutput","Hard","RAP-CP-019:RAP-QL-1324:rap-003:human-review:RAP-QL-1324:0:RAP-CP-019:0","rap-003:human-review:RAP-QL-1324:0:RAP-CP-019:0","fnv1a-df64b2fa","Unit A produces 300 items. The rate, time, and unit-count ratios for A:B are 3:4, 5:6, and 2:3. Find B's output.","A. 710
B. 730
C. 720
D. 740","2","720","Concept: use the speed-distance-time relation, distance = speed multiplied by time.

Why this method works: distance, work, or output is the product of a rate factor and time; fixing one product determines whether the remaining relation is direct or inverse.

$$\text{Setup}=Rate-time-unit product$$

Intermediate interpretation: setup = Rate-time-unit product.

Method: rearrange the relation to the requested ratio or time.

$$\text{Decisive equation}=300\times\frac{4\times6\times3}{3\times5\times2}$$

Final answer: the required quantity is 720.

Quick check: substitution keeps the stated distance, work, or output unchanged.","","","","","PENDING",""
"RAP-003","RAP-CP-019","RAP-QL-1325","relativeSpeedRatioFromOvertake","relativeSpeedRatioFromOvertake","Hard","RAP-CP-019:RAP-QL-1325:rap-003:human-review:RAP-QL-1325:0:RAP-CP-019:0","rap-003:human-review:RAP-QL-1325:0:RAP-CP-019:0","fnv1a-8d88d6c6","A faster vehicle closes a lead of 250 m in 50 seconds. Find the relative speed in km/h.","A. 19
B. 20
C. 17
D. 18","3","18","Concept: use the speed-distance-time relation, distance = speed multiplied by time.

Why this method works: distance, work, or output is the product of a rate factor and time; fixing one product determines whether the remaining relation is direct or inverse.

$$\text{Setup}=Lead=250, time=50$$

Intermediate interpretation: setup = Lead=250, time=50.

Method: rearrange the relation to the requested ratio or time.

$$\text{Decisive equation}=\frac{250}{50}\times\frac{18}{5}$$

Final answer: the required quantity is 18.

Quick check: substitution keeps the stated distance, work, or output unchanged.","","","","","PENDING",""
"RAP-003","RAP-CP-020","RAP-QL-1401","populationCrossTabCellCount","populationCrossTabCellCount","Medium","RAP-CP-020:RAP-QL-1401:rap-003:human-review:RAP-QL-1401:0:RAP-CP-020:0","rap-003:human-review:RAP-QL-1401:0:RAP-CP-020:0","fnv1a-cdfcb912","A village has a total population of 18000. The ratio of males to females is 5:4. Among males, literate:illiterate is 3:2; among females, literate:illiterate is 5:3. Find the number of literate males.","A. 6000
B. 5900
C. 6100
D. 6050","0","6000","Concept: build the population table in two steps: split males/females, then split each row by literacy.

Why this method works: the total must first be split by rows and each row must then be split into its exclusive cells.

$$\text{Setup}=M:F=5:4$$

Intermediate interpretation: setup = M:F=5:4.

$$\text{Male/Female totals}=10000:8000$$

$$\text{Decisive equation}=\text{cell}=\text{row total}\times\frac{\text{target literacy part}}{\text{row literacy parts}}$$

Final answer: the required count is 6000.

Quick check: the completed cells add to their row totals and all rows add to the stated population.","","","","","PENDING",""
"RAP-003","RAP-CP-020","RAP-QL-1402","populationTotalLiterate","populationTotalLiterate","Easy","RAP-CP-020:RAP-QL-1402:rap-003:human-review:RAP-QL-1402:0:RAP-CP-020:0","rap-003:human-review:RAP-QL-1402:0:RAP-CP-020:0","fnv1a-bce84ebc","A village has a total population of 18000. Males:females = 5:4. Male literate:illiterate = 3:2, and female literate:illiterate = 5:3. Find the total literate population.","A. 11100
B. 11000
C. 11050
D. 10900","1","11000","Concept: build the population table in two steps: split males/females, then split each row by literacy.

Why this method works: the total must first be split by rows and each row must then be split into its exclusive cells.

$$\text{Setup}=M:F=5:4$$

Intermediate interpretation: setup = M:F=5:4.

Use the relevant cells from the completed table.

$$\text{Decisive equation}=6000+5000$$

Final answer: the required count is 11000.

Quick check: the completed cells add to their row totals and all rows add to the stated population.","","","","","PENDING",""
"RAP-003","RAP-CP-020","RAP-QL-1403","populationLiteracyPercent","populationLiteracyPercent","Medium","RAP-CP-020:RAP-QL-1403:rap-003:human-review:RAP-QL-1403:0:RAP-CP-020:0","rap-003:human-review:RAP-QL-1403:0:RAP-CP-020:0","fnv1a-de7bc48f","A block has a total population of 30000. Males:females = 3:2. Male literate:illiterate = 5:4, and female literate:illiterate = 7:5. Find the overall literacy percentage. Give your answer correct to two decimal places.","A. 57.67%
B. 55.67%
C. 56.67%
D. 43.33%","2","56.67%","Concept: build the population table in two steps: split males/females, then split each row by literacy.

Why this method works: the total must first be split by rows and each row must then be split into its exclusive cells.

$$\text{Setup}=Total=30000$$

Intermediate interpretation: setup = Total=30000.

Use the relevant cells from the completed table.

$$\text{Decisive equation}=\frac{17000}{30000}\times100$$

Final answer: the required percentage is 56.67%.

Quick check: the completed cells add to their row totals and all rows add to the stated population.","","","","","PENDING",""
"RAP-003","RAP-CP-020","RAP-QL-1404","populationCellRatio","populationCellRatio","Hard","RAP-CP-020:RAP-QL-1404:rap-003:human-review:RAP-QL-1404:0:RAP-CP-020:0","rap-003:human-review:RAP-QL-1404:0:RAP-CP-020:0","fnv1a-e4639c13","A block has a total population of 30000. Males:females = 3:2. Male literate:illiterate = 5:4, and female literate:illiterate = 7:5. Find the ratio of literate males to illiterate males.","A. 6:4
B. 4:4
C. 5:5
D. 5:4","3","5:4","Concept: build the population table in two steps: split males/females, then split each row by literacy.

Why this method works: the total must first be split by rows and each row must then be split into its exclusive cells.

$$\text{Setup}=literate males:illiterate males$$

Intermediate interpretation: setup = literate males:illiterate males.

Use the relevant cells from the completed table.

$$\text{Decisive equation}=10000:8000$$

Final answer: the required ratio is 5 : 4.

Quick check: the completed cells add to their row totals and all rows add to the stated population.","","","","","PENDING",""
"RAP-003","RAP-CP-020","RAP-QL-1405","populationTotalIlliterate","populationTotalIlliterate","Easy","RAP-CP-020:RAP-QL-1405:rap-003:human-review:RAP-QL-1405:0:RAP-CP-020:0","rap-003:human-review:RAP-QL-1405:0:RAP-CP-020:0","fnv1a-bf9f6adf","A town has a total population of 24000. Males:females = 7:5. Male literate:illiterate = 4:3, and female literate:illiterate = 3:2. Find the total illiterate population.","A. 10000
B. 9900
C. 10100
D. 10050","0","10000","Concept: build the population table in two steps: split males/females, then split each row by literacy.

Why this method works: the total must first be split by rows and each row must then be split into its exclusive cells.

$$\text{Setup}=M:F=7:5$$

Intermediate interpretation: setup = M:F=7:5.

Use the relevant cells from the completed table.

$$\text{Decisive equation}=6000+4000$$

Final answer: the required count is 10000.

Quick check: the completed cells add to their row totals and all rows add to the stated population.","","","","","PENDING",""
"RAP-003","RAP-CP-020","RAP-QL-1406","populationLiteracyPercent","populationLiteracyPercent","Medium","RAP-CP-020:RAP-QL-1406:rap-003:human-review:RAP-QL-1406:0:RAP-CP-020:0","rap-003:human-review:RAP-QL-1406:0:RAP-CP-020:0","fnv1a-bce84ebc","A village's population is 18000. The male:female ratio is 5:4. Literate:illiterate is 3:2 among males and 5:3 among females. Find the overall literacy percentage. Give your answer correct to two decimal places.","A. 38.89%
B. 60.11%
C. 61.11%
D. 62.11%","2","61.11%","Concept: build the population table in two steps: split males/females, then split each row by literacy.

Why this method works: the total must first be split by rows and each row must then be split into its exclusive cells.

$$\text{Setup}=Total=18000$$

Intermediate interpretation: setup = Total=18000.

Use the relevant cells from the completed table.

$$\text{Decisive equation}=\frac{11000}{18000}\times100$$

Final answer: the required percentage is 61.11%.

Quick check: the completed cells add to their row totals and all rows add to the stated population.","","","","","PENDING",""
"RAP-003","RAP-CP-020","RAP-QL-1407","populationCrossTabCellCount","populationCrossTabCellCount","Medium","RAP-CP-020:RAP-QL-1407:rap-003:human-review:RAP-QL-1407:0:RAP-CP-020:0","rap-003:human-review:RAP-QL-1407:0:RAP-CP-020:0","fnv1a-a1cefefd","A population of 2400 is divided into male and female groups in the ratio 5:3. Males are literate:illiterate in the ratio 7:3, and females are literate:illiterate in the ratio 5:1. Find the number of illiterate males.","A. 440
B. 470
C. 450
D. 460","2","450","Concept: build the population table in two steps: split males/females, then split each row by literacy.

Why this method works: the total must first be split by rows and each row must then be split into its exclusive cells.

$$\text{Setup}=M:F=5:3$$

Intermediate interpretation: setup = M:F=5:3.

$$\text{Male/Female totals}=1500:900$$

$$\text{Decisive equation}=\text{cell}=\text{row total}\times\frac{\text{target literacy part}}{\text{row literacy parts}}$$

Final answer: the required count is 450.

Quick check: the completed cells add to their row totals and all rows add to the stated population.","","","","","PENDING",""
"RAP-003","RAP-CP-020","RAP-QL-1408","populationTotalLiterate","populationTotalLiterate","Easy","RAP-CP-020:RAP-QL-1408:rap-003:human-review:RAP-QL-1408:0:RAP-CP-020:0","rap-003:human-review:RAP-QL-1408:0:RAP-CP-020:0","fnv1a-ce0dcf5c","A group of 1800 people is split into male:female = 4:5. Male literate:illiterate = 3:1, and female literate:illiterate = 2:3. Find the total literate people.","A. 1100
B. 900
C. 1050
D. 1000","3","1000","Concept: build the population table in two steps: split males/females, then split each row by literacy.

Why this method works: the total must first be split by rows and each row must then be split into its exclusive cells.

$$\text{Setup}=M:F=4:5$$

Intermediate interpretation: setup = M:F=4:5.

Use the relevant cells from the completed table.

$$\text{Decisive equation}=600+400$$

Final answer: the required count is 1000.

Quick check: the completed cells add to their row totals and all rows add to the stated population.","","","","","PENDING",""
"RAP-003","RAP-CP-020","RAP-QL-1409","populationTotalIlliterate","populationTotalIlliterate","Easy","RAP-CP-020:RAP-QL-1409:rap-003:human-review:RAP-QL-1409:0:RAP-CP-020:0","rap-003:human-review:RAP-QL-1409:0:RAP-CP-020:0","fnv1a-ce0dcf5c","A group of 1800 people is split into male:female = 4:5. Male literate:illiterate = 3:1, and female literate:illiterate = 2:3. Find the total illiterate people.","A. 790
B. 810
C. 800
D. 820","2","800","Concept: build the population table in two steps: split males/females, then split each row by literacy.

Why this method works: the total must first be split by rows and each row must then be split into its exclusive cells.

$$\text{Setup}=M:F=4:5$$

Intermediate interpretation: setup = M:F=4:5.

Use the relevant cells from the completed table.

$$\text{Decisive equation}=200+600$$

Final answer: the required count is 800.

Quick check: the completed cells add to their row totals and all rows add to the stated population.","","","","","PENDING",""
"RAP-003","RAP-CP-020","RAP-QL-1410","populationCellRatio","populationCellRatio","Hard","RAP-CP-020:RAP-QL-1410:rap-003:human-review:RAP-QL-1410:0:RAP-CP-020:0","rap-003:human-review:RAP-QL-1410:0:RAP-CP-020:0","fnv1a-276bef27","From a population of 2400, male:female = 5:3. Male literate:illiterate = 7:3, and female literate:illiterate = 5:1. Find the ratio of literate males to literate females.","A. 7:5
B. 6:5
C. 7:6
D. 8:5","0","7:5","Concept: build the population table in two steps: split males/females, then split each row by literacy.

Why this method works: the total must first be split by rows and each row must then be split into its exclusive cells.

$$\text{Setup}=literate males:literate females$$

Intermediate interpretation: setup = literate males:literate females.

Use the relevant cells from the completed table.

$$\text{Decisive equation}=1050:750$$

Final answer: the required ratio is 7 : 5.

Quick check: the completed cells add to their row totals and all rows add to the stated population.","","","","","PENDING",""
"RAP-003","RAP-CP-020","RAP-QL-1411","populationCellPercentOfTotal","populationCellPercentOfTotal","Medium","RAP-CP-020:RAP-QL-1411:rap-003:human-review:RAP-QL-1411:0:RAP-CP-020:0","rap-003:human-review:RAP-QL-1411:0:RAP-CP-020:0","fnv1a-afffb42d","In a population of 2400, male:female = 5:3. Male literate:illiterate = 7:3, and female literate:illiterate = 5:1. What percentage of the total are illiterate males? Give your answer correct to two decimal places.","A. 81.25%
B. 17.75%
C. 18.75%
D. 19.75%","2","18.75%","Concept: build the population table in two steps: split males/females, then split each row by literacy.

Why this method works: the total must first be split by rows and each row must then be split into its exclusive cells.

$$\text{Setup}=Target=illiterate males$$

Intermediate interpretation: setup = Target=illiterate males.

Use the relevant cells from the completed table.

$$\text{Decisive equation}=\frac{450}{2400}\times100$$

Final answer: the required percentage is 18.75%.

Quick check: the completed cells add to their row totals and all rows add to the stated population.","","","","","PENDING",""
"RAP-003","RAP-CP-020","RAP-QL-1412","populationRecoverTotalFromCell","populationRecoverTotalFromCell","Hard","RAP-CP-020:RAP-QL-1412:rap-003:human-review:RAP-QL-1412:0:RAP-CP-020:0","rap-003:human-review:RAP-QL-1412:0:RAP-CP-020:0","fnv1a-38b4a3bc","In a population table, male:female = 5:3. Male literate:illiterate = 7:3, and female literate:illiterate = 5:1. If literate females are 500, find the total population.","A. 1600
B. 1500
C. 1700
D. 1650","0","1600","Concept: build the population table in two steps: split males/females, then split each row by literacy.

Why this method works: the total must first be split by rows and each row must then be split into its exclusive cells.

$$\text{Setup}=Known literate females=500$$

Intermediate interpretation: setup = Known literate females=500.

Use the relevant cells from the completed table.

$$\text{Decisive equation}=\frac{500}{0.31}$$

Final answer: the required count is 1600.

Quick check: the completed cells add to their row totals and all rows add to the stated population.","","","","","PENDING",""
"RAP-003","RAP-CP-020","RAP-QL-1413","populationMissingRowTotal","populationMissingRowTotal","Hard","RAP-CP-020:RAP-QL-1413:rap-003:human-review:RAP-QL-1413:0:RAP-CP-020:0","rap-003:human-review:RAP-QL-1413:0:RAP-CP-020:0","fnv1a-1517be95","A population of 2400 has male:female = 5:3. Male literate:illiterate = 7:3, and female literate:illiterate = 5:1. Find the number of literate males.","A. 1150
B. 1100
C. 950
D. 1050","3","1050","Concept: build the population table in two steps: split males/females, then split each row by literacy.

Why this method works: the total must first be split by rows and each row must then be split into its exclusive cells.

$$\text{Setup}=Total literates=1800$$

Intermediate interpretation: setup = Total literates=1800.

Use the relevant cells from the completed table.

$$\text{Decisive equation}=1800-750$$

Final answer: the required count is 1050.

Quick check: the completed cells add to their row totals and all rows add to the stated population.","","","","","PENDING",""
"RAP-003","RAP-CP-020","RAP-QL-1414","populationDifferenceBetweenCells","populationDifferenceBetweenCells","Medium","RAP-CP-020:RAP-QL-1414:rap-003:human-review:RAP-QL-1414:0:RAP-CP-020:0","rap-003:human-review:RAP-QL-1414:0:RAP-CP-020:0","fnv1a-88ed3d40","For 2400 people, male:female = 5:3. Male literate:illiterate = 7:3, and female literate:illiterate = 5:1. Find the difference between literate males and illiterate females.","A. 900
B. 890
C. 920
D. 910","0","900","Concept: build the population table in two steps: split males/females, then split each row by literacy.

Why this method works: the total must first be split by rows and each row must then be split into its exclusive cells.

$$\text{Setup}=literate males and illiterate females$$

Intermediate interpretation: setup = literate males and illiterate females.

Use the relevant cells from the completed table.

$$\text{Decisive equation}=|1050-150|$$

Final answer: the required count is 900.

Quick check: the completed cells add to their row totals and all rows add to the stated population.","","","","","PENDING",""
"RAP-003","RAP-CP-020","RAP-QL-1415","populationSumOfSelectedCells","populationSumOfSelectedCells","Medium","RAP-CP-020:RAP-QL-1415:rap-003:human-review:RAP-QL-1415:0:RAP-CP-020:0","rap-003:human-review:RAP-QL-1415:0:RAP-CP-020:0","fnv1a-205ee24b","For 2400 people, male:female = 5:3. Male literate:illiterate = 7:3, and female literate:illiterate = 5:1. Find the sum of illiterate males and illiterate females.","A. 620
B. 600
C. 610
D. 590","1","600","Concept: build the population table in two steps: split males/females, then split each row by literacy.

Why this method works: the total must first be split by rows and each row must then be split into its exclusive cells.

$$\text{Setup}=illiterate males and illiterate females$$

Intermediate interpretation: setup = illiterate males and illiterate females.

Use the relevant cells from the completed table.

$$\text{Decisive equation}=450+150$$

Final answer: the required count is 600.

Quick check: the completed cells add to their row totals and all rows add to the stated population.","","","","","PENDING",""
"RAP-003","RAP-CP-020","RAP-QL-1416","populationThreeRows","populationThreeRows","Hard","RAP-CP-020:RAP-QL-1416:rap-003:human-review:RAP-QL-1416:0:RAP-CP-020:0","rap-003:human-review:RAP-QL-1416:0:RAP-CP-020:0","fnv1a-5edfb45a","A total of 2700 students are in three groups in the ratio 4:3:2. In the first group, passed:failed = 5:1. Find the number of passed students in the first group.","A. 1000
B. 1100
C. 900
D. 1050","0","1000","Concept: build the population table in two steps: split males/females, then split each row by literacy.

Why this method works: the total must first be split by rows and each row must then be split into its exclusive cells.

$$\text{Setup}=4:3:2$$

Intermediate interpretation: setup = 4:3:2.

Use the relevant cells from the completed table.

$$\text{Decisive equation}=1200\times\frac{5}{6}$$

Final answer: the required count is 1000.

Quick check: the completed cells add to their row totals and all rows add to the stated population.","","","","","PENDING",""
"RAP-003","RAP-CP-020","RAP-QL-1417","populationMiniCaseletQuestion1","populationMiniCaseletQuestion1","Hard","RAP-CP-020:RAP-QL-1417:rap-003:human-review:RAP-QL-1417:0:RAP-CP-020:0","rap-003:human-review:RAP-QL-1417:0:RAP-CP-020:0","fnv1a-276bef27","A mini table has 2400 people with male:female = 5:3. Male literate:illiterate = 7:3; female literate:illiterate = 5:1. Find the difference between literate males and literate females.","A. 310
B. 320
C. 290
D. 300","3","300","Concept: build the population table in two steps: split males/females, then split each row by literacy.

Why this method works: the total must first be split by rows and each row must then be split into its exclusive cells.

$$\text{Setup}=literate males and literate females$$

Intermediate interpretation: setup = literate males and literate females.

Use the relevant cells from the completed table.

$$\text{Decisive equation}=|1050-750|$$

Final answer: the required count is 300.

Quick check: the completed cells add to their row totals and all rows add to the stated population.","","","","","PENDING",""
"RAP-003","RAP-CP-020","RAP-QL-1418","populationMiniCaseletQuestion2","populationMiniCaseletQuestion2","Hard","RAP-CP-020:RAP-QL-1418:rap-003:human-review:RAP-QL-1418:0:RAP-CP-020:0","rap-003:human-review:RAP-QL-1418:0:RAP-CP-020:0","fnv1a-205ee24b","Using the same style of table: total 2400, male:female = 5:3; male literate:illiterate = 7:3; female literate:illiterate = 5:1. Find the ratio of illiterate males to illiterate females.","A. 2:1
B. 3:2
C. 3:1
D. 4:1","2","3:1","Concept: build the population table in two steps: split males/females, then split each row by literacy.

Why this method works: the total must first be split by rows and each row must then be split into its exclusive cells.

$$\text{Setup}=illiterate males:illiterate females$$

Intermediate interpretation: setup = illiterate males:illiterate females.

Use the relevant cells from the completed table.

$$\text{Decisive equation}=450:150$$

Final answer: the required ratio is 3 : 1.

Quick check: the completed cells add to their row totals and all rows add to the stated population.","","","","","PENDING",""
"RAP-003","RAP-CP-020","RAP-QL-1419","populationColumnRatioGiven","populationColumnRatioGiven","Hard","RAP-CP-020:RAP-QL-1419:rap-003:human-review:RAP-QL-1419:0:RAP-CP-020:0","rap-003:human-review:RAP-QL-1419:0:RAP-CP-020:0","fnv1a-c4b94f79","For 2400 people, male:female = 5:3. Male literate:illiterate = 7:3, and female literate:illiterate = 5:1. Find the ratio of literate males to illiterate males.","A. 8:3
B. 7:3
C. 7:4
D. 6:3","1","7:3","Concept: build the population table in two steps: split males/females, then split each row by literacy.

Why this method works: the total must first be split by rows and each row must then be split into its exclusive cells.

$$\text{Setup}=literate males:illiterate males$$

Intermediate interpretation: setup = literate males:illiterate males.

Use the relevant cells from the completed table.

$$\text{Decisive equation}=1050:450$$

Final answer: the required ratio is 7 : 3.

Quick check: the completed cells add to their row totals and all rows add to the stated population.","","","","","PENDING",""
"RAP-003","RAP-CP-020","RAP-QL-1420","populationTableValidationTrap","populationTableValidationTrap","Hard","RAP-CP-020:RAP-QL-1420:rap-003:human-review:RAP-QL-1420:0:RAP-CP-020:0","rap-003:human-review:RAP-QL-1420:0:RAP-CP-020:0","fnv1a-9df8b5dd","A clerk prepared a population table for 2400 people using male:female = 5:3, male literate:illiterate = 7:3, and female literate:illiterate = 5:1. Calculate literate females:illiterate females to verify the corresponding table entries.","A. 6:1
B. 5:1
C. 5:2
D. 4:1","1","5:1","Concept: build the population table in two steps: split males/females, then split each row by literacy.

Why this method works: the total must first be split by rows and each row must then be split into its exclusive cells.

$$\text{Setup}=literate females:illiterate females$$

Intermediate interpretation: setup = literate females:illiterate females.

Use the relevant cells from the completed table.

$$\text{Decisive equation}=750:150$$

Final answer: the required ratio is 5 : 1.

Quick check: the completed cells add to their row totals and all rows add to the stated population.","","","","","PENDING",""
"RAP-003","RAP-CP-021","RAP-QL-1501","electionWinnerVotes","electionWinnerVotes","Easy","RAP-CP-021:RAP-QL-1501:rap-003:human-review:RAP-QL-1501:0:RAP-CP-021:0","rap-003:human-review:RAP-QL-1501:0:RAP-CP-021:0","fnv1a-1b1ea44f","Aman and Bhavna received valid votes in the ratio 3:2 in a constituency. If the total valid votes were 10000, find the winner's votes.","A. 5900
B. 6050
C. 6000
D. 6100","2","6000","Concept: for election questions, move through voters, polled votes, valid votes, then candidate split.

Why this method works: registered, polled, valid, and candidate votes form successive subsets and must be calculated in that order.

$$\text{Setup}=Valid=10000, split=3:2$$

Intermediate interpretation: setup = Valid=10000, split=3:2.

Use the stated valid votes or reverse the margin into valid votes.

$$\text{Decisive equation}=10000\times\frac{3}{5}$$

Final answer: the required count is 6000.

Quick check: candidate votes and invalid votes reconcile with the valid, polled, and electorate totals.","","","","","PENDING",""
"RAP-003","RAP-CP-021","RAP-QL-1502","electionWinningMargin","electionWinningMargin","Medium","RAP-CP-021:RAP-QL-1502:rap-003:human-review:RAP-QL-1502:0:RAP-CP-021:0","rap-003:human-review:RAP-QL-1502:0:RAP-CP-021:0","fnv1a-473fa812","A constituency has 20000 voters. 80% voted, and 90% of polled votes were valid. Valid votes for Aman and Bhavna were in the ratio 5:4. Find the winning margin.","A. 1500
B. 1650
C. 1700
D. 1600","3","1600","Concept: for election questions, move through voters, polled votes, valid votes, then candidate split.

Why this method works: registered, polled, valid, and candidate votes form successive subsets and must be calculated in that order.

$$\text{Setup}=Voters=20000, turnout=80%, valid=90%$$

Intermediate interpretation: setup = Voters=20000, turnout=80%, valid=90%.

$$\text{Valid votes}=14400$$

$$\text{Decisive equation}=14400\times\frac{5-4}{9}$$

Final answer: the required count is 1600.

Quick check: candidate votes and invalid votes reconcile with the valid, polled, and electorate totals.","","","","","PENDING",""
"RAP-003","RAP-CP-021","RAP-QL-1503","electionTotalVotersFromMargin","electionTotalVotersFromMargin","Hard","RAP-CP-021:RAP-QL-1503:rap-003:human-review:RAP-QL-1503:0:RAP-CP-021:0","rap-003:human-review:RAP-QL-1503:0:RAP-CP-021:0","fnv1a-c73e52db","60% of voters in an assembly constituency voted, and 80% of polled votes were valid. Valid votes for Candidate A and Candidate B were in the ratio 7:5. If the winning margin was 4000, find the total number of voters.","A. 49900
B. 50100
C. 50000
D. 50050","2","50000","Concept: for election questions, move through voters, polled votes, valid votes, then candidate split.

Why this method works: registered, polled, valid, and candidate votes form successive subsets and must be calculated in that order.

$$\text{Setup}=Margin=4000, turnout=60%, valid=80%$$

Intermediate interpretation: setup = Margin=4000, turnout=60%, valid=80%.

$$\text{Valid votes}=24000$$

$$\text{Decisive equation}=4000\times\frac{12}{7-5}$$

Final answer: the required count is 50000.

Quick check: candidate votes and invalid votes reconcile with the valid, polled, and electorate totals.","","","","","PENDING",""
"RAP-003","RAP-CP-021","RAP-QL-1504","electionLoserVotes","electionLoserVotes","Medium","RAP-CP-021:RAP-QL-1504:rap-003:human-review:RAP-QL-1504:0:RAP-CP-021:0","rap-003:human-review:RAP-QL-1504:0:RAP-CP-021:0","fnv1a-d97b8504","An assembly constituency has 30000 voters. 70% voted and 90% of polled votes were valid. The valid votes of Candidate A:Candidate B were 4:3. Find the loser's votes.","A. 8200
B. 8100
C. 8150
D. 8000","1","8100","Concept: for election questions, move through voters, polled votes, valid votes, then candidate split.

Why this method works: registered, polled, valid, and candidate votes form successive subsets and must be calculated in that order.

$$\text{Setup}=Voters=30000, turnout=70%, valid=90%$$

Intermediate interpretation: setup = Voters=30000, turnout=70%, valid=90%.

$$\text{Valid votes}=18900$$

$$\text{Decisive equation}=18900\times\frac{3}{7}$$

Final answer: the required count is 8100.

Quick check: candidate votes and invalid votes reconcile with the valid, polled, and electorate totals.","","","","","PENDING",""
"RAP-003","RAP-CP-021","RAP-QL-1505","electionInvalidVotes","electionInvalidVotes","Easy","RAP-CP-021:RAP-QL-1505:rap-003:human-review:RAP-QL-1505:0:RAP-CP-021:0","rap-003:human-review:RAP-QL-1505:0:RAP-CP-021:0","fnv1a-73cbf0a8","A constituency has 25000 voters. 80% of them voted, and 10% of polled votes were invalid. Find the number of invalid votes.","A. 1900
B. 2050
C. 2000
D. 2100","2","2000","Concept: for election questions, move through voters, polled votes, valid votes, then candidate split.

Why this method works: registered, polled, valid, and candidate votes form successive subsets and must be calculated in that order.

$$\text{Setup}=Voters=25000, turnout=80%, invalid=10%$$

Intermediate interpretation: setup = Voters=25000, turnout=80%, invalid=10%.

Use the stated valid votes or reverse the margin into valid votes.

$$\text{Decisive equation}=20000\times\frac{10}{100}$$

Final answer: the required count is 2000.

Quick check: candidate votes and invalid votes reconcile with the valid, polled, and electorate totals.","","","","","PENDING",""
"RAP-003","RAP-CP-021","RAP-QL-1506","electionInvalidVotes","electionInvalidVotes","Easy","RAP-CP-021:RAP-QL-1506:rap-003:human-review:RAP-QL-1506:0:RAP-CP-021:0","rap-003:human-review:RAP-QL-1506:0:RAP-CP-021:0","fnv1a-7db31766","Out of 50000 voters in an assembly constituency, 60% cast their votes. If 5% of the polled votes were invalid, find the invalid vote count.","A. 1600
B. 1400
C. 1550
D. 1500","3","1500","Concept: for election questions, move through voters, polled votes, valid votes, then candidate split.

Why this method works: registered, polled, valid, and candidate votes form successive subsets and must be calculated in that order.

$$\text{Setup}=Voters=50000, turnout=60%, invalid=5%$$

Intermediate interpretation: setup = Voters=50000, turnout=60%, invalid=5%.

Use the stated valid votes or reverse the margin into valid votes.

$$\text{Decisive equation}=30000\times\frac{5}{100}$$

Final answer: the required count is 1500.

Quick check: candidate votes and invalid votes reconcile with the valid, polled, and electorate totals.","","","","","PENDING",""
"RAP-003","RAP-CP-021","RAP-QL-1507","electionLoserVotes","electionLoserVotes","Easy","RAP-CP-021:RAP-QL-1507:rap-003:human-review:RAP-QL-1507:0:RAP-CP-021:0","rap-003:human-review:RAP-QL-1507:0:RAP-CP-021:0","fnv1a-17b5e7c8","In a ward, 50000 voters are registered. 60% vote, and 80% of polled votes are valid. Ravi and Sunita receive the valid votes in the ratio 7:5. Find the loser's votes.","A. 10000
B. 9900
C. 10100
D. 10050","0","10000","Concept: for election questions, move through voters, polled votes, valid votes, then candidate split.

Why this method works: registered, polled, valid, and candidate votes form successive subsets and must be calculated in that order.

$$\text{Setup}=Voters=50000, turnout=60%, valid=80%$$

Intermediate interpretation: setup = Voters=50000, turnout=60%, valid=80%.

$$\text{Valid votes}=24000$$

$$\text{Decisive equation}=24000\times\frac{5}{12}$$

Final answer: the required count is 10000.

Quick check: candidate votes and invalid votes reconcile with the valid, polled, and electorate totals.","","","","","PENDING",""
"RAP-003","RAP-CP-021","RAP-QL-1508","electionWinningMargin","electionWinningMargin","Medium","RAP-CP-021:RAP-QL-1508:rap-003:human-review:RAP-QL-1508:0:RAP-CP-021:0","rap-003:human-review:RAP-QL-1508:0:RAP-CP-021:0","fnv1a-6ba0eea6","30000 voters are registered in an assembly constituency. 70% voted and 90% of polled votes were valid. The valid votes split as 4:3. Find the winning margin.","A. 2800
B. 2700
C. 2750
D. 2600","1","2700","Concept: for election questions, move through voters, polled votes, valid votes, then candidate split.

Why this method works: registered, polled, valid, and candidate votes form successive subsets and must be calculated in that order.

$$\text{Setup}=Voters=30000, turnout=70%, valid=90%$$

Intermediate interpretation: setup = Voters=30000, turnout=70%, valid=90%.

$$\text{Valid votes}=18900$$

$$\text{Decisive equation}=18900\times\frac{4-3}{7}$$

Final answer: the required count is 2700.

Quick check: candidate votes and invalid votes reconcile with the valid, polled, and electorate totals.","","","","","PENDING",""
"RAP-003","RAP-CP-021","RAP-QL-1509","electionTotalVotersFromMargin","electionTotalVotersFromMargin","Hard","RAP-CP-021:RAP-QL-1509:rap-003:human-review:RAP-QL-1509:0:RAP-CP-021:0","rap-003:human-review:RAP-QL-1509:0:RAP-CP-021:0","fnv1a-985c3267","The winning margin in a constituency was 1200. Turnout was 75% and 96% of polled votes were valid. Valid votes split as 7:5. Find total voters.","A. 10000
B. 10050
C. 9900
D. 10100","0","10000","Concept: for election questions, move through voters, polled votes, valid votes, then candidate split.

Why this method works: registered, polled, valid, and candidate votes form successive subsets and must be calculated in that order.

$$\text{Setup}=Margin=1200, turnout=75%, valid=96%$$

Intermediate interpretation: setup = Margin=1200, turnout=75%, valid=96%.

$$\text{Valid votes}=7200$$

$$\text{Decisive equation}=1200\times\frac{12}{7-5}$$

Final answer: the required count is 10000.

Quick check: candidate votes and invalid votes reconcile with the valid, polled, and electorate totals.","","","","","PENDING",""
"RAP-003","RAP-CP-021","RAP-QL-1510","electionInvalidVotes","electionInvalidVotes","Easy","RAP-CP-021:RAP-QL-1510:rap-003:human-review:RAP-QL-1510:0:RAP-CP-021:0","rap-003:human-review:RAP-QL-1510:0:RAP-CP-021:0","fnv1a-cc4e6e0d","25000 voters are registered in a parliamentary constituency. 80% voted and 10% of polled votes were invalid. Find invalid votes.","A. 2000
B. 2100
C. 1900
D. 2050","0","2000","Concept: for election questions, move through voters, polled votes, valid votes, then candidate split.

Why this method works: registered, polled, valid, and candidate votes form successive subsets and must be calculated in that order.

$$\text{Setup}=Voters=25000, turnout=80%, invalid=10%$$

Intermediate interpretation: setup = Voters=25000, turnout=80%, invalid=10%.

Use the stated valid votes or reverse the margin into valid votes.

$$\text{Decisive equation}=20000\times\frac{10}{100}$$

Final answer: the required count is 2000.

Quick check: candidate votes and invalid votes reconcile with the valid, polled, and electorate totals.","","","","","PENDING",""
"RAP-003","RAP-CP-021","RAP-QL-1511","electionPolledVotesFromTurnout","electionPolledVotesFromTurnout","Easy","RAP-CP-021:RAP-QL-1511:rap-003:human-review:RAP-QL-1511:0:RAP-CP-021:0","rap-003:human-review:RAP-QL-1511:0:RAP-CP-021:0","fnv1a-0b6b2bcc","A constituency has 40000 voters and turnout is 75%. Find the number of polled votes.","A. 30100
B. 29900
C. 30050
D. 30000","3","30000","Concept: for election questions, move through voters, polled votes, valid votes, then candidate split.

Why this method works: registered, polled, valid, and candidate votes form successive subsets and must be calculated in that order.

$$\text{Setup}=Voters=40000, turnout=75%$$

Intermediate interpretation: setup = Voters=40000, turnout=75%.

Use the stated valid votes or reverse the margin into valid votes.

$$\text{Decisive equation}=40000\times\frac{75}{100}$$

Final answer: the required count is 30000.

Quick check: candidate votes and invalid votes reconcile with the valid, polled, and electorate totals.","","","","","PENDING",""
"RAP-003","RAP-CP-021","RAP-QL-1512","electionValidVotesFromInvalidRate","electionValidVotesFromInvalidRate","Easy","RAP-CP-021:RAP-QL-1512:rap-003:human-review:RAP-QL-1512:0:RAP-CP-021:0","rap-003:human-review:RAP-QL-1512:0:RAP-CP-021:0","fnv1a-aaa12613","A ward recorded 24000 polled votes. If 10% were invalid, find the valid votes.","A. 21600
B. 21500
C. 21650
D. 21700","0","21600","Concept: for election questions, move through voters, polled votes, valid votes, then candidate split.

Why this method works: registered, polled, valid, and candidate votes form successive subsets and must be calculated in that order.

$$\text{Setup}=Polled=24000, invalid=10%$$

Intermediate interpretation: setup = Polled=24000, invalid=10%.

Use the stated valid votes or reverse the margin into valid votes.

$$\text{Decisive equation}=24000\times\frac{90}{100}$$

Final answer: the required count is 21600.

Quick check: candidate votes and invalid votes reconcile with the valid, polled, and electorate totals.","","","","","PENDING",""
"RAP-003","RAP-CP-021","RAP-QL-1513","electionWinnerFromMarginAndValidVotes","electionWinnerFromMarginAndValidVotes","Medium","RAP-CP-021:RAP-QL-1513:rap-003:human-review:RAP-QL-1513:0:RAP-CP-021:0","rap-003:human-review:RAP-QL-1513:0:RAP-CP-021:0","fnv1a-b28bf971","Total valid votes are 18000 and the winning margin is 2000. Find the winner's votes.","A. 10100
B. 10000
C. 10050
D. 9900","1","10000","Concept: for election questions, move through voters, polled votes, valid votes, then candidate split.

Why this method works: registered, polled, valid, and candidate votes form successive subsets and must be calculated in that order.

$$\text{Setup}=Valid=18000, margin=2000$$

Intermediate interpretation: setup = Valid=18000, margin=2000.

Use the stated valid votes or reverse the margin into valid votes.

$$\text{Decisive equation}=\frac{18000+2000}{2}$$

Final answer: the required count is 10000.

Quick check: candidate votes and invalid votes reconcile with the valid, polled, and electorate totals.","","","","","PENDING",""
"RAP-003","RAP-CP-021","RAP-QL-1514","electionLoserFromMarginAndValidVotes","electionLoserFromMarginAndValidVotes","Medium","RAP-CP-021:RAP-QL-1514:rap-003:human-review:RAP-QL-1514:0:RAP-CP-021:0","rap-003:human-review:RAP-QL-1514:0:RAP-CP-021:0","fnv1a-b28bf971","Total valid votes are 18000 and the winning margin is 2000. Find the loser's votes.","A. 8000
B. 8100
C. 7900
D. 8050","0","8000","Concept: for election questions, move through voters, polled votes, valid votes, then candidate split.

Why this method works: registered, polled, valid, and candidate votes form successive subsets and must be calculated in that order.

$$\text{Setup}=Valid=18000, margin=2000$$

Intermediate interpretation: setup = Valid=18000, margin=2000.

Use the stated valid votes or reverse the margin into valid votes.

$$\text{Decisive equation}=\frac{18000-2000}{2}$$

Final answer: the required count is 8000.

Quick check: candidate votes and invalid votes reconcile with the valid, polled, and electorate totals.","","","","","PENDING",""
"RAP-003","RAP-CP-021","RAP-QL-1515","electionThreeCandidateSplit","electionThreeCandidateSplit","Hard","RAP-CP-021:RAP-QL-1515:rap-003:human-review:RAP-QL-1515:0:RAP-CP-021:0","rap-003:human-review:RAP-QL-1515:0:RAP-CP-021:0","fnv1a-4dec154a","Aman, Bhavna, and Charu split 30000 valid votes in the ratio 5:3:2. Find the winner's votes.","A. 14900
B. 15050
C. 15100
D. 15000","3","15000","Concept: for election questions, move through voters, polled votes, valid votes, then candidate split.

Why this method works: registered, polled, valid, and candidate votes form successive subsets and must be calculated in that order.

$$\text{Setup}=Valid=30000, split=5:3:2$$

Intermediate interpretation: setup = Valid=30000, split=5:3:2.

Use the stated valid votes or reverse the margin into valid votes.

$$\text{Decisive equation}=30000\times\frac{5}{10}$$

Final answer: the required count is 15000.

Quick check: candidate votes and invalid votes reconcile with the valid, polled, and electorate totals.","","","","","PENDING",""
"RAP-003","RAP-CP-021","RAP-QL-1516","electionCandidateSharePercent","electionCandidateSharePercent","Medium","RAP-CP-021:RAP-QL-1516:rap-003:human-review:RAP-QL-1516:0:RAP-CP-021:0","rap-003:human-review:RAP-QL-1516:0:RAP-CP-021:0","fnv1a-1f3a0737","Valid votes for Ravi and Sunita are in the ratio 7:5. Find the winner's vote share percentage. Give your answer correct to two decimal places.","A. 58.33%
B. 59.33%
C. 57.33%
D. 41.67%","0","58.33%","Concept: for election questions, move through voters, polled votes, valid votes, then candidate split.

Why this method works: registered, polled, valid, and candidate votes form successive subsets and must be calculated in that order.

$$\text{Setup}=Split=7:5$$

Intermediate interpretation: setup = Split=7:5.

Use the stated valid votes or reverse the margin into valid votes.

$$\text{Decisive equation}=\frac{7}{12}\times100$$

Final answer: the required percentage is 58.33%.

Quick check: candidate votes and invalid votes reconcile with the valid, polled, and electorate totals.","","","","","PENDING",""
"RAP-003","RAP-CP-021","RAP-QL-1517","electionRatioFromVoteSharePercent","electionRatioFromVoteSharePercent","Medium","RAP-CP-021:RAP-QL-1517:rap-003:human-review:RAP-QL-1517:0:RAP-CP-021:0","rap-003:human-review:RAP-QL-1517:0:RAP-CP-021:0","fnv1a-c425e3b7","Aman gets 51% votes and Bhavna gets 49% votes. Find their vote ratio.","A. 52:49
B. 51:50
C. 51:49
D. 50:49","2","51:49","Concept: for election questions, move through voters, polled votes, valid votes, then candidate split.

Why this method works: registered, polled, valid, and candidate votes form successive subsets and must be calculated in that order.

$$\text{Setup}=51%:49%$$

Intermediate interpretation: setup = 51%:49%.

Use the stated valid votes or reverse the margin into valid votes.

$$\text{Decisive equation}=51:49$$

Final answer: the required ratio is 51 : 49.

Quick check: candidate votes and invalid votes reconcile with the valid, polled, and electorate totals.","","","","","PENDING",""
"RAP-003","RAP-CP-021","RAP-QL-1518","electionOneCandidateMorePercent","electionOneCandidateMorePercent","Hard","RAP-CP-021:RAP-QL-1518:rap-003:human-review:RAP-QL-1518:0:RAP-CP-021:0","rap-003:human-review:RAP-QL-1518:0:RAP-CP-021:0","fnv1a-b3cd3e6e","Aman gets 10% more votes than Bhavna. Total valid votes are 21000. Find Aman's votes.","A. 11000
B. 11100
C. 10900
D. 11050","0","11000","Concept: for election questions, move through voters, polled votes, valid votes, then candidate split.

Why this method works: registered, polled, valid, and candidate votes form successive subsets and must be calculated in that order.

$$\text{Setup}=Valid=21000, more=10%$$

Intermediate interpretation: setup = Valid=21000, more=10%.

Use the stated valid votes or reverse the margin into valid votes.

$$\text{Decisive equation}=21000\times\frac{110}{210}$$

Final answer: the required count is 11000.

Quick check: candidate votes and invalid votes reconcile with the valid, polled, and electorate totals.","","","","","PENDING",""
"RAP-003","RAP-CP-021","RAP-QL-1519","electionMarginAsPercentOfValid","electionMarginAsPercentOfValid","Medium","RAP-CP-021:RAP-QL-1519:rap-003:human-review:RAP-QL-1519:0:RAP-CP-021:0","rap-003:human-review:RAP-QL-1519:0:RAP-CP-021:0","fnv1a-f351d780","Valid votes are split between Aman and Bhavna in the ratio 5:3. Find the margin as a percentage of valid votes.","A. 75%
B. 24%
C. 26%
D. 25%","3","25%","Concept: for election questions, move through voters, polled votes, valid votes, then candidate split.

Why this method works: registered, polled, valid, and candidate votes form successive subsets and must be calculated in that order.

$$\text{Setup}=Split=5:3$$

Intermediate interpretation: setup = Split=5:3.

Use the stated valid votes or reverse the margin into valid votes.

$$\text{Decisive equation}=\frac{2}{8}\times100$$

Final answer: the required percentage is 25%.

Quick check: candidate votes and invalid votes reconcile with the valid, polled, and electorate totals.","","","","","PENDING",""
"RAP-003","RAP-CP-021","RAP-QL-1520","electionTotalElectorateFromCandidateVotes","electionTotalElectorateFromCandidateVotes","Hard","RAP-CP-021:RAP-QL-1520:rap-003:human-review:RAP-QL-1520:0:RAP-CP-021:0","rap-003:human-review:RAP-QL-1520:0:RAP-CP-021:0","fnv1a-f160bc7a","Aman receives 14000 votes. The valid vote ratio is 7:5, turnout is 80%, and 75% of polled votes are valid. Find total voters.","A. 40100
B. 40050
C. 39900
D. 40000","3","40000","Concept: for election questions, move through voters, polled votes, valid votes, then candidate split.

Why this method works: registered, polled, valid, and candidate votes form successive subsets and must be calculated in that order.

$$\text{Setup}=Candidate votes=14000$$

Intermediate interpretation: setup = Candidate votes=14000.

$$\text{Valid votes}=24000$$

$$\text{Decisive equation}=14000\times\frac{12}{7}$$

Final answer: the required count is 40000.

Quick check: candidate votes and invalid votes reconcile with the valid, polled, and electorate totals.","","","","","PENDING",""
"RAP-003","RAP-CP-021","RAP-QL-1521","marketShareWinner","marketShareWinner","Medium","RAP-CP-021:RAP-QL-1521:rap-003:human-review:RAP-QL-1521:0:RAP-CP-021:0","rap-003:human-review:RAP-QL-1521:0:RAP-CP-021:0","fnv1a-f1766979","Two companies divide a market of Rs. 120000 in the ratio 5:3. Find the larger company's share.","A. 74900
B. 75100
C. 75000
D. 75050","2","75000","Concept: for election questions, move through voters, polled votes, valid votes, then candidate split.

Why this method works: registered, polled, valid, and candidate votes form successive subsets and must be calculated in that order.

$$\text{Setup}=Market=120000, split=5:3$$

Intermediate interpretation: setup = Market=120000, split=5:3.

Use the stated valid votes or reverse the margin into valid votes.

$$\text{Decisive equation}=120000\times\frac{5}{8}$$

Final answer: the required quantity is 75000.

Quick check: candidate votes and invalid votes reconcile with the valid, polled, and electorate totals.","","","","","PENDING",""
"RAP-003","RAP-CP-021","RAP-QL-1522","surveyResponseShare","surveyResponseShare","Medium","RAP-CP-021:RAP-QL-1522:rap-003:human-review:RAP-QL-1522:0:RAP-CP-021:0","rap-003:human-review:RAP-QL-1522:0:RAP-CP-021:0","fnv1a-15485ad5","Survey responses are split as 5:4 between yes responses and no responses. Total responses are 18000. Find the count of yes responses.","A. 10050
B. 10000
C. 10100
D. 9900","1","10000","Concept: for election questions, move through voters, polled votes, valid votes, then candidate split.

Why this method works: registered, polled, valid, and candidate votes form successive subsets and must be calculated in that order.

$$\text{Setup}=Responses=18000$$

Intermediate interpretation: setup = Responses=18000.

Use the stated valid votes or reverse the margin into valid votes.

$$\text{Decisive equation}=18000\times\frac{5}{9}$$

Final answer: the required count is 10000.

Quick check: candidate votes and invalid votes reconcile with the valid, polled, and electorate totals.","","","","","PENDING",""
"RAP-003","RAP-CP-021","RAP-QL-1523","electionNotaInvalidStyle","electionNotaInvalidStyle","Medium","RAP-CP-021:RAP-QL-1523:rap-003:human-review:RAP-QL-1523:0:RAP-CP-021:0","rap-003:human-review:RAP-QL-1523:0:RAP-CP-021:0","fnv1a-8042f4fa","A constituency has 50000 voters and turnout is 60%. If NOTA is 4% of polled votes, find NOTA votes.","A. 1200
B. 1250
C. 1100
D. 1300","0","1200","Concept: for election questions, move through voters, polled votes, valid votes, then candidate split.

Why this method works: registered, polled, valid, and candidate votes form successive subsets and must be calculated in that order.

$$\text{Setup}=Polled=30000, NOTA=4%$$

Intermediate interpretation: setup = Polled=30000, NOTA=4%.

Use the stated valid votes or reverse the margin into valid votes.

$$\text{Decisive equation}=30000\times\frac{4}{100}$$

Final answer: the required count is 1200.

Quick check: candidate votes and invalid votes reconcile with the valid, polled, and electorate totals.","","","","","PENDING",""
"RAP-003","RAP-CP-021","RAP-QL-1524","electionReverseTurnoutFromValidVotes","electionReverseTurnoutFromValidVotes","Hard","RAP-CP-021:RAP-QL-1524:rap-003:human-review:RAP-QL-1524:0:RAP-CP-021:0","rap-003:human-review:RAP-QL-1524:0:RAP-CP-021:0","fnv1a-117a7e57","A ward has 50000 voters. Valid votes are 36000, which are 90% of polled votes. Find turnout percentage.","A. 20%
B. 81%
C. 79%
D. 80%","3","80%","Concept: for election questions, move through voters, polled votes, valid votes, then candidate split.

Why this method works: registered, polled, valid, and candidate votes form successive subsets and must be calculated in that order.

$$\text{Setup}=Valid=36000, valid percent=90%$$

Intermediate interpretation: setup = Valid=36000, valid percent=90%.

Use the stated valid votes or reverse the margin into valid votes.

$$\text{Decisive equation}=\frac{40000}{50000}\times100$$

Final answer: the required percentage is 80%.

Quick check: candidate votes and invalid votes reconcile with the valid, polled, and electorate totals.","","","","","PENDING",""
"RAP-003","RAP-CP-021","RAP-QL-1525","electionMarginDifferenceChain","electionMarginDifferenceChain","Hard","RAP-CP-021:RAP-QL-1525:rap-003:human-review:RAP-QL-1525:0:RAP-CP-021:0","rap-003:human-review:RAP-QL-1525:0:RAP-CP-021:0","fnv1a-41d3d4be","Aman defeats Bhavna by 1800 votes. Their valid votes are in the ratio 7:5. Turnout is 75% and invalid votes are 10% of polled votes. Find total voters.","A. 16000
B. 16100
C. 15900
D. 16050","0","16000","Concept: for election questions, move through voters, polled votes, valid votes, then candidate split.

Why this method works: registered, polled, valid, and candidate votes form successive subsets and must be calculated in that order.

$$\text{Setup}=Margin=1800, invalid=10%$$

Intermediate interpretation: setup = Margin=1800, invalid=10%.

$$\text{Valid votes}=10800$$

$$\text{Decisive equation}=1800\times\frac{12}{7-5}$$

Final answer: the required count is 16000.

Quick check: candidate votes and invalid votes reconcile with the valid, polled, and electorate totals.","","","","","PENDING",""
"RAP-003","RAP-CP-022","RAP-QL-1601","geometricAreaRatioFromSide","geometricAreaRatioFromSide","Easy","RAP-CP-022:RAP-QL-1601:rap-003:human-review:RAP-QL-1601:0:RAP-CP-022:0","rap-003:human-review:RAP-QL-1601:0:RAP-CP-022:0","fnv1a-b08078e1","The corresponding sides of two squares are in the ratio 3:4. Find the ratio of their areas.","A. 8:16
B. 10:16
C. 9:16
D. 9:17","2","9:16","Concept: for similar figures, area ratios square the length ratio and volume ratios cube it.

Why this method works: similar-figure area ratios use the square of the length ratio, while volume ratios use its cube.

$$\text{Setup}=Side=3:4$$

Intermediate interpretation: setup = Side=3:4.

Method: apply the required power, or reverse it with a square/cube root.

$$\text{Decisive equation}=3^2:4^2$$

Final answer: the required ratio is 9 : 16.

Quick check: taking the corresponding square or cube root returns the original length ratio.","","","","","PENDING",""
"RAP-003","RAP-CP-022","RAP-QL-1602","geometricVolumeRatioFromSide","geometricVolumeRatioFromSide","Medium","RAP-CP-022:RAP-QL-1602:rap-003:human-review:RAP-QL-1602:0:RAP-CP-022:0","rap-003:human-review:RAP-QL-1602:0:RAP-CP-022:0","fnv1a-f2fe462a","The corresponding sides of two similar cones are in the ratio 4:5. Find the ratio of their volumes.","A. 64:126
B. 64:125
C. 65:125
D. 63:125","1","64:125","Concept: for similar figures, area ratios square the length ratio and volume ratios cube it.

Why this method works: similar-figure area ratios use the square of the length ratio, while volume ratios use its cube.

$$\text{Setup}=Side=4:5$$

Intermediate interpretation: setup = Side=4:5.

Method: apply the required power, or reverse it with a square/cube root.

$$\text{Decisive equation}=4^3:5^3$$

Final answer: the required ratio is 64 : 125.

Quick check: taking the corresponding square or cube root returns the original length ratio.","","","","","PENDING",""
"RAP-003","RAP-CP-022","RAP-QL-1603","geometricSideRatioFromArea","geometricSideRatioFromArea","Medium","RAP-CP-022:RAP-QL-1603:rap-003:human-review:RAP-QL-1603:0:RAP-CP-022:0","rap-003:human-review:RAP-QL-1603:0:RAP-CP-022:0","fnv1a-04e74950","The areas of two similar triangles are in the ratio 25:36. Find the ratio of their corresponding sides.","A. 4:6
B. 5:7
C. 5:6
D. 6:6","2","5:6","Concept: for similar figures, area ratios square the length ratio and volume ratios cube it.

Why this method works: similar-figure area ratios use the square of the length ratio, while volume ratios use its cube.

$$\text{Setup}=Area=25:36$$

Intermediate interpretation: setup = Area=25:36.

Method: apply the required power, or reverse it with a square/cube root.

$$\text{Decisive equation}=\sqrt{25}:\sqrt{36}$$

Final answer: the required ratio is 5 : 6.

Quick check: taking the corresponding square or cube root returns the original length ratio.","","","","","PENDING",""
"RAP-003","RAP-CP-022","RAP-QL-1604","geometricSurfaceAreaRatioFromVolume","geometricSurfaceAreaRatioFromVolume","Hard","RAP-CP-022:RAP-QL-1604:rap-003:human-review:RAP-QL-1604:0:RAP-CP-022:0","rap-003:human-review:RAP-QL-1604:0:RAP-CP-022:0","fnv1a-afad5dc9","The volumes of two similar cylinders are in the ratio 8:27. Find the ratio of their surface areas.","A. 5:9
B. 4:10
C. 3:9
D. 4:9","3","4:9","Concept: for similar figures, area ratios square the length ratio and volume ratios cube it.

Why this method works: similar-figure area ratios use the square of the length ratio, while volume ratios use its cube.

$$\text{Setup}=Volume=8:27$$

Intermediate interpretation: setup = Volume=8:27.

Method: apply the required power, or reverse it with a square/cube root.

$$\text{Decisive equation}=(\sqrt[3]{8})^2:(\sqrt[3]{27})^2$$

Final answer: the required ratio is 4 : 9.

Quick check: taking the corresponding square or cube root returns the original length ratio.","","","","","PENDING",""
"RAP-003","RAP-CP-022","RAP-QL-1605","geometricAreaRatioFromRadius","geometricAreaRatioFromRadius","Easy","RAP-CP-022:RAP-QL-1605:rap-003:human-review:RAP-QL-1605:0:RAP-CP-022:0","rap-003:human-review:RAP-QL-1605:0:RAP-CP-022:0","fnv1a-c3673ea4","The radii of two spheres are in the ratio 3:5. Find the ratio of their areas.","A. 9:25
B. 8:25
C. 10:25
D. 9:26","0","9:25","Concept: for similar figures, area ratios square the length ratio and volume ratios cube it.

Why this method works: similar-figure area ratios use the square of the length ratio, while volume ratios use its cube.

$$\text{Setup}=Radius=3:5$$

Intermediate interpretation: setup = Radius=3:5.

Method: apply the required power, or reverse it with a square/cube root.

$$\text{Decisive equation}=3^2:5^2$$

Final answer: the required ratio is 9 : 25.

Quick check: taking the corresponding square or cube root returns the original length ratio.","","","","","PENDING",""
"RAP-003","RAP-CP-022","RAP-QL-1606","geometricSideRatioFromArea","geometricSideRatioFromArea","Medium","RAP-CP-022:RAP-QL-1606:rap-003:human-review:RAP-QL-1606:0:RAP-CP-022:0","rap-003:human-review:RAP-QL-1606:0:RAP-CP-022:0","fnv1a-64d8a3d2","Two similar squares have areas in the ratio 9:16. Find the ratio of their matching sides.","A. 4:4
B. 3:5
C. 3:4
D. 2:4","2","3:4","Concept: for similar figures, area ratios square the length ratio and volume ratios cube it.

Why this method works: similar-figure area ratios use the square of the length ratio, while volume ratios use its cube.

$$\text{Setup}=Area=9:16$$

Intermediate interpretation: setup = Area=9:16.

Method: apply the required power, or reverse it with a square/cube root.

$$\text{Decisive equation}=\sqrt{9}:\sqrt{16}$$

Final answer: the required ratio is 3 : 4.

Quick check: taking the corresponding square or cube root returns the original length ratio.","","","","","PENDING",""
"RAP-003","RAP-CP-022","RAP-QL-1607","geometricAreaRatioFromSide","geometricAreaRatioFromSide","Easy","RAP-CP-022:RAP-QL-1607:rap-003:human-review:RAP-QL-1607:0:RAP-CP-022:0","rap-003:human-review:RAP-QL-1607:0:RAP-CP-022:0","fnv1a-d572cbf1","Two similar triangles have corresponding sides in the ratio 3:4. Find their area ratio.","A. 9:16
B. 8:16
C. 9:17
D. 10:16","0","9:16","Concept: for similar figures, area ratios square the length ratio and volume ratios cube it.

Why this method works: similar-figure area ratios use the square of the length ratio, while volume ratios use its cube.

$$\text{Setup}=Side=3:4$$

Intermediate interpretation: setup = Side=3:4.

Method: apply the required power, or reverse it with a square/cube root.

$$\text{Decisive equation}=3^2:4^2$$

Final answer: the required ratio is 9 : 16.

Quick check: taking the corresponding square or cube root returns the original length ratio.","","","","","PENDING",""
"RAP-003","RAP-CP-022","RAP-QL-1608","geometricVolumeRatioFromSide","geometricVolumeRatioFromSide","Medium","RAP-CP-022:RAP-QL-1608:rap-003:human-review:RAP-QL-1608:0:RAP-CP-022:0","rap-003:human-review:RAP-QL-1608:0:RAP-CP-022:0","fnv1a-e99c26f9","Two cubes have side lengths in the ratio 2:5. Find their volume ratio.","A. 9:125
B. 7:125
C. 8:126
D. 8:125","3","8:125","Concept: for similar figures, area ratios square the length ratio and volume ratios cube it.

Why this method works: similar-figure area ratios use the square of the length ratio, while volume ratios use its cube.

$$\text{Setup}=Side=2:5$$

Intermediate interpretation: setup = Side=2:5.

Method: apply the required power, or reverse it with a square/cube root.

$$\text{Decisive equation}=2^3:5^3$$

Final answer: the required ratio is 8 : 125.

Quick check: taking the corresponding square or cube root returns the original length ratio.","","","","","PENDING",""
"RAP-003","RAP-CP-022","RAP-QL-1609","geometricVolumeRatioFromSide","geometricVolumeRatioFromSide","Medium","RAP-CP-022:RAP-QL-1609:rap-003:human-review:RAP-QL-1609:0:RAP-CP-022:0","rap-003:human-review:RAP-QL-1609:0:RAP-CP-022:0","fnv1a-9960b25e","The radii of two spheres are in the ratio 3:5. Find their volume ratio.","A. 26:125
B. 28:125
C. 27:125
D. 27:126","2","27:125","Concept: for similar figures, area ratios square the length ratio and volume ratios cube it.

Why this method works: similar-figure area ratios use the square of the length ratio, while volume ratios use its cube.

$$\text{Setup}=Side=3:5$$

Intermediate interpretation: setup = Side=3:5.

Method: apply the required power, or reverse it with a square/cube root.

$$\text{Decisive equation}=3^3:5^3$$

Final answer: the required ratio is 27 : 125.

Quick check: taking the corresponding square or cube root returns the original length ratio.","","","","","PENDING",""
"RAP-003","RAP-CP-022","RAP-QL-1610","geometricSideRatioFromArea","geometricSideRatioFromArea","Medium","RAP-CP-022:RAP-QL-1610:rap-003:human-review:RAP-QL-1610:0:RAP-CP-022:0","rap-003:human-review:RAP-QL-1610:0:RAP-CP-022:0","fnv1a-72a70e92","The areas of two circles are in the ratio 49:64. Find the ratio of their radii.","A. 6:8
B. 7:9
C. 7:8
D. 8:8","2","7:8","Concept: for similar figures, area ratios square the length ratio and volume ratios cube it.

Why this method works: similar-figure area ratios use the square of the length ratio, while volume ratios use its cube.

$$\text{Setup}=Area=49:64$$

Intermediate interpretation: setup = Area=49:64.

Method: apply the required power, or reverse it with a square/cube root.

$$\text{Decisive equation}=\sqrt{49}:\sqrt{64}$$

Final answer: the required ratio is 7 : 8.

Quick check: taking the corresponding square or cube root returns the original length ratio.","","","","","PENDING",""
"RAP-003","RAP-CP-022","RAP-QL-1611","geometricSideRatioFromArea","geometricSideRatioFromArea","Medium","RAP-CP-022:RAP-QL-1611:rap-003:human-review:RAP-QL-1611:0:RAP-CP-022:0","rap-003:human-review:RAP-QL-1611:0:RAP-CP-022:0","fnv1a-c90be1d1","Two circles have areas in the ratio 25:36. Find the ratio of their radii.","A. 5:7
B. 5:6
C. 6:6
D. 4:6","1","5:6","Concept: for similar figures, area ratios square the length ratio and volume ratios cube it.

Why this method works: similar-figure area ratios use the square of the length ratio, while volume ratios use its cube.

$$\text{Setup}=Area=25:36$$

Intermediate interpretation: setup = Area=25:36.

Method: apply the required power, or reverse it with a square/cube root.

$$\text{Decisive equation}=\sqrt{25}:\sqrt{36}$$

Final answer: the required ratio is 5 : 6.

Quick check: taking the corresponding square or cube root returns the original length ratio.","","","","","PENDING",""
"RAP-003","RAP-CP-022","RAP-QL-1612","geometricSurfaceAreaRatioFromVolume","geometricSurfaceAreaRatioFromVolume","Hard","RAP-CP-022:RAP-QL-1612:rap-003:human-review:RAP-QL-1612:0:RAP-CP-022:0","rap-003:human-review:RAP-QL-1612:0:RAP-CP-022:0","fnv1a-3877aef3","The volumes of two cubes are in the ratio 8:27. Find their surface area ratio.","A. 4:9
B. 3:9
C. 5:9
D. 4:10","0","4:9","Concept: for similar figures, area ratios square the length ratio and volume ratios cube it.

Why this method works: similar-figure area ratios use the square of the length ratio, while volume ratios use its cube.

$$\text{Setup}=Volume=8:27$$

Intermediate interpretation: setup = Volume=8:27.

Method: apply the required power, or reverse it with a square/cube root.

$$\text{Decisive equation}=(\sqrt[3]{8})^2:(\sqrt[3]{27})^2$$

Final answer: the required ratio is 4 : 9.

Quick check: taking the corresponding square or cube root returns the original length ratio.","","","","","PENDING",""
"RAP-003","RAP-CP-022","RAP-QL-1613","geometricSurfaceAreaRatioFromVolume","geometricSurfaceAreaRatioFromVolume","Hard","RAP-CP-022:RAP-QL-1613:rap-003:human-review:RAP-QL-1613:0:RAP-CP-022:0","rap-003:human-review:RAP-QL-1613:0:RAP-CP-022:0","fnv1a-103a7265","Two spheres have volumes in the ratio 27:64. Find the ratio of their surface areas.","A. 10:16
B. 8:16
C. 9:17
D. 9:16","3","9:16","Concept: for similar figures, area ratios square the length ratio and volume ratios cube it.

Why this method works: similar-figure area ratios use the square of the length ratio, while volume ratios use its cube.

$$\text{Setup}=Volume=27:64$$

Intermediate interpretation: setup = Volume=27:64.

Method: apply the required power, or reverse it with a square/cube root.

$$\text{Decisive equation}=(\sqrt[3]{27})^2:(\sqrt[3]{64})^2$$

Final answer: the required ratio is 9 : 16.

Quick check: taking the corresponding square or cube root returns the original length ratio.","","","","","PENDING",""
"RAP-003","RAP-CP-022","RAP-QL-1614","mapScaleAreaRatio","mapScaleAreaRatio","Medium","RAP-CP-022:RAP-QL-1614:rap-003:human-review:RAP-QL-1614:0:RAP-CP-022:0","rap-003:human-review:RAP-QL-1614:0:RAP-CP-022:0","fnv1a-f752ae06","A map uses length scales in the ratio 2:5. Find the ratio of the represented areas.","A. 3:25
B. 4:26
C. 4:25
D. 5:25","2","4:25","Concept: for similar figures, area ratios square the length ratio and volume ratios cube it.

Why this method works: similar-figure area ratios use the square of the length ratio, while volume ratios use its cube.

$$\text{Setup}=Length scale=2:5$$

Intermediate interpretation: setup = Length scale=2:5.

Method: apply the required power, or reverse it with a square/cube root.

$$\text{Decisive equation}=2^2:5^2$$

Final answer: the required ratio is 4 : 25.

Quick check: taking the corresponding square or cube root returns the original length ratio.","","","","","PENDING",""
"RAP-003","RAP-CP-022","RAP-QL-1615","mapScaleLengthFromArea","mapScaleLengthFromArea","Hard","RAP-CP-022:RAP-QL-1615:rap-003:human-review:RAP-QL-1615:0:RAP-CP-022:0","rap-003:human-review:RAP-QL-1615:0:RAP-CP-022:0","fnv1a-ca8d984d","Two map drawings show areas in the ratio 36:49. Find the ratio of their length scales.","A. 6:8
B. 6:7
C. 7:7
D. 5:7","1","6:7","Concept: for similar figures, area ratios square the length ratio and volume ratios cube it.

Why this method works: similar-figure area ratios use the square of the length ratio, while volume ratios use its cube.

$$\text{Setup}=Map area=36:49$$

Intermediate interpretation: setup = Map area=36:49.

Method: apply the required power, or reverse it with a square/cube root.

$$\text{Decisive equation}=\sqrt{36}:\sqrt{49}$$

Final answer: the required ratio is 6 : 7.

Quick check: taking the corresponding square or cube root returns the original length ratio.","","","","","PENDING",""
"RAP-003","RAP-CP-022","RAP-QL-1616","similarSolidSurfaceToVolume","similarSolidSurfaceToVolume","Hard","RAP-CP-022:RAP-QL-1616:rap-003:human-review:RAP-QL-1616:0:RAP-CP-022:0","rap-003:human-review:RAP-QL-1616:0:RAP-CP-022:0","fnv1a-e5d75d04","The surface areas of two similar solids are in the ratio 4:9. Find their volume ratio.","A. 8:27
B. 9:27
C. 7:27
D. 8:28","0","8:27","Concept: for similar figures, area ratios square the length ratio and volume ratios cube it.

Why this method works: similar-figure area ratios use the square of the length ratio, while volume ratios use its cube.

$$\text{Setup}=Surface area=4:9$$

Intermediate interpretation: setup = Surface area=4:9.

Method: apply the required power, or reverse it with a square/cube root.

$$\text{Decisive equation}=(\sqrt{4})^3:(\sqrt{9})^3$$

Final answer: the required ratio is 8 : 27.

Quick check: taking the corresponding square or cube root returns the original length ratio.","","","","","PENDING",""
"RAP-003","RAP-CP-022","RAP-QL-1617","geometricPowerMixedStatement","geometricPowerMixedStatement","Hard","RAP-CP-022:RAP-QL-1617:rap-003:human-review:RAP-QL-1617:0:RAP-CP-022:0","rap-003:human-review:RAP-QL-1617:0:RAP-CP-022:0","fnv1a-b716c282","Two similar solids have corresponding side lengths in the ratio 2:3. What is the ratio of their volumes?","A. 9:27
B. 7:27
C. 8:28
D. 8:27","3","8:27","Concept: for similar figures, area ratios square the length ratio and volume ratios cube it.

Why this method works: similar-figure area ratios use the square of the length ratio, while volume ratios use its cube.

$$\text{Setup}=Side=2:3$$

Intermediate interpretation: setup = Side=2:3.

Method: apply the required power, or reverse it with a square/cube root.

$$\text{Decisive equation}=2^3:3^3$$

Final answer: the required ratio is 8 : 27.

Quick check: taking the corresponding square or cube root returns the original length ratio.","","","","","PENDING",""
