question,answer,difficulty,questionLanguageId,explanationId,canonicalProblemId
"Express 36/48 in simplest form.","3/4","Medium","QL-003","ES-001","CP-001"
"Write 11/6 after cancelling common factors.","11/6","Easy","QL-008","ES-001","CP-001"
"Express 3/8 in simplest form.","3/8","Medium","QL-003","ES-001","CP-001"
"Write 5/7 in lowest form.","5/7","Easy","QL-004","ES-001","CP-001"
"Find the lowest term form of 36/48.","3/4","Hard","QL-009","ES-001","CP-001"
"Write 11/6 after cancelling common factors.","11/6","Medium","QL-008","ES-001","CP-001"
"Find the lowest term form of 3/8.","3/8","Hard","QL-009","ES-001","CP-001"
"Express 5/7 as a simplified fraction.","5/7","Easy","QL-010","ES-001","CP-001"
"Find the simplified form of 36/48.","3/4","Hard","QL-005","ES-001","CP-001"
"Write 11/6 in lowest form.","11/6","Medium","QL-004","ES-001","CP-001"
"Reduce the fraction 11/6.","11/6","Easy","QL-006","ES-001","CP-001"
"Simplify the given fraction: 36/48.","3/4","Medium","QL-007","ES-001","CP-001"
"Write 5/7 after cancelling common factors.","5/7","Hard","QL-008","ES-001","CP-001"
"Simplify the given fraction: 3/8.","3/8","Medium","QL-007","ES-001","CP-001"
"Reduce the fraction 11/6.","11/6","Hard","QL-006","ES-001","CP-001"
"Simplify 36/48.","3/4","Easy","QL-001","ES-001","CP-001"
"Reduce 5/7 to its lowest terms.","5/7","Easy","QL-002","ES-001","CP-001"
"Simplify 3/8.","3/8","Easy","QL-001","ES-001","CP-001"
"Reduce the fraction 11/6.","11/6","Easy","QL-006","ES-001","CP-001"
"Simplify the given fraction: 36/48.","3/4","Easy","QL-007","ES-001","CP-001"
"Simplify 36/48.","3/4","Easy","QL-001","ES-001","CP-001"
"Express 11/6 as a simplified fraction.","11/6","Medium","QL-010","ES-001","CP-001"
"Simplify 3/8.","3/8","Easy","QL-001","ES-001","CP-001"
"Write 5/7 after cancelling common factors.","5/7","Medium","QL-008","ES-001","CP-001"
"Find the lowest term form of 36/48.","3/4","Easy","QL-009","ES-001","CP-001"
"Write 11/6 in lowest form.","11/6","Easy","QL-004","ES-001","CP-001"
"Find the simplified form of 3/8.","3/8","Easy","QL-005","ES-001","CP-001"
"Write 5/7 in lowest form.","5/7","Medium","QL-004","ES-001","CP-001"
"Find the lowest term form of 36/48.","3/4","Medium","QL-009","ES-001","CP-001"
"Express 11/6 as a simplified fraction.","11/6","Medium","QL-010","ES-001","CP-001"
"Reduce the fraction 5/7.","5/7","Easy","QL-006","ES-001","CP-001"
"Simplify 3/8.","3/8","Medium","QL-001","ES-001","CP-001"
"Write 11/6 after cancelling common factors.","11/6","Easy","QL-008","ES-001","CP-001"
"Express 36/48 in simplest form.","3/4","Medium","QL-003","ES-001","CP-001"
"Reduce the fraction 5/7.","5/7","Medium","QL-006","ES-001","CP-001"
"Simplify the given fraction: 3/8.","3/8","Medium","QL-007","ES-001","CP-001"
"Reduce the fraction 11/6.","11/6","Easy","QL-006","ES-001","CP-001"
"Find the lowest term form of 36/48.","3/4","Hard","QL-009","ES-001","CP-001"
"Reduce the fraction 5/7.","5/7","Hard","QL-006","ES-001","CP-001"
"Express 3/8 in simplest form.","3/8","Hard","QL-003","ES-001","CP-001"
"Simplify 3/8.","3/8","Medium","QL-001","ES-001","CP-001"
"Write 5/7 after cancelling common factors.","5/7","Medium","QL-008","ES-001","CP-001"
"Express 36/48 in simplest form.","3/4","Easy","QL-003","ES-001","CP-001"
"Express 11/6 as a simplified fraction.","11/6","Easy","QL-010","ES-001","CP-001"
"Find the simplified form of 3/8.","3/8","Medium","QL-005","ES-001","CP-001"
"Reduce 5/7 to its lowest terms.","5/7","Medium","QL-002","ES-001","CP-001"
"Find the lowest term form of 36/48.","3/4","Easy","QL-009","ES-001","CP-001"
"Write 11/6 in lowest form.","11/6","Easy","QL-004","ES-001","CP-001"
"Express 3/8 in simplest form.","3/8","Hard","QL-003","ES-001","CP-001"
"Express 5/7 as a simplified fraction.","5/7","Easy","QL-010","ES-001","CP-001"
"Express 11/6 as a simplified fraction.","11/6","Medium","QL-010","ES-001","CP-001"
"Find the simplified form of 36/48.","3/4","Medium","QL-005","ES-001","CP-001"
"Express 5/7 as a simplified fraction.","5/7","Hard","QL-010","ES-001","CP-001"
"Express 3/8 in simplest form.","3/8","Easy","QL-003","ES-001","CP-001"
"Reduce the fraction 11/6.","11/6","Easy","QL-006","ES-001","CP-001"
"Simplify 36/48.","3/4","Medium","QL-001","ES-001","CP-001"
"Reduce the fraction 5/7.","5/7","Hard","QL-006","ES-001","CP-001"
"Find the simplified form of 3/8.","3/8","Easy","QL-005","ES-001","CP-001"
"Reduce 11/6 to its lowest terms.","11/6","Hard","QL-002","ES-001","CP-001"
"Simplify 36/48.","3/4","Easy","QL-001","ES-001","CP-001"
"Find the lowest term form of 36/48.","3/4","Medium","QL-009","ES-001","CP-001"
"Express 11/6 as a simplified fraction.","11/6","Medium","QL-010","ES-001","CP-001"
"Simplify 3/8.","3/8","Medium","QL-001","ES-001","CP-001"
"Express 5/7 as a simplified fraction.","5/7","Medium","QL-010","ES-001","CP-001"
"Find the lowest term form of 36/48.","3/4","Easy","QL-009","ES-001","CP-001"
"Reduce 11/6 to its lowest terms.","11/6","Medium","QL-002","ES-001","CP-001"
"Find the simplified form of 3/8.","3/8","Easy","QL-005","ES-001","CP-001"
"Write 5/7 in lowest form.","5/7","Medium","QL-004","ES-001","CP-001"
"Simplify the given fraction: 36/48.","3/4","Easy","QL-007","ES-001","CP-001"
"Reduce the fraction 11/6.","11/6","Hard","QL-006","ES-001","CP-001"
"Reduce the fraction 5/7.","5/7","Easy","QL-006","ES-001","CP-001"
"Express 3/8 in simplest form.","3/8","Easy","QL-003","ES-001","CP-001"
"Write 11/6 after cancelling common factors.","11/6","Medium","QL-008","ES-001","CP-001"
"Find the lowest term form of 36/48.","3/4","Easy","QL-009","ES-001","CP-001"
"Write 5/7 after cancelling common factors.","5/7","Easy","QL-008","ES-001","CP-001"
"Simplify the given fraction: 3/8.","3/8","Easy","QL-007","ES-001","CP-001"
"Reduce the fraction 11/6.","11/6","Hard","QL-006","ES-001","CP-001"
"Find the lowest term form of 36/48.","3/4","Medium","QL-009","ES-001","CP-001"
"Write 5/7 in lowest form.","5/7","Medium","QL-004","ES-001","CP-001"
"Simplify 3/8.","3/8","Hard","QL-001","ES-001","CP-001"
"Simplify 3/8.","3/8","Easy","QL-001","ES-001","CP-001"
"Write 5/7 in lowest form.","5/7","Easy","QL-004","ES-001","CP-001"
"Find the lowest term form of 36/48.","3/4","Medium","QL-009","ES-001","CP-001"
"Reduce 11/6 to its lowest terms.","11/6","Easy","QL-002","ES-001","CP-001"
"Find the simplified form of 3/8.","3/8","Hard","QL-005","ES-001","CP-001"
"Express 5/7 as a simplified fraction.","5/7","Medium","QL-010","ES-001","CP-001"
"Express 36/48 in simplest form.","3/4","Hard","QL-003","ES-001","CP-001"
"Reduce 11/6 to its lowest terms.","11/6","Medium","QL-002","ES-001","CP-001"
"Simplify the given fraction: 3/8.","3/8","Easy","QL-007","ES-001","CP-001"
"Express 5/7 as a simplified fraction.","5/7","Medium","QL-010","ES-001","CP-001"
"Reduce 11/6 to its lowest terms.","11/6","Easy","QL-002","ES-001","CP-001"
"Find the lowest term form of 36/48.","3/4","Medium","QL-009","ES-001","CP-001"
"Express 5/7 as a simplified fraction.","5/7","Easy","QL-010","ES-001","CP-001"
"Express 3/8 in simplest form.","3/8","Medium","QL-003","ES-001","CP-001"
"Write 11/6 in lowest form.","11/6","Easy","QL-004","ES-001","CP-001"
"Simplify 36/48.","3/4","Easy","QL-001","ES-001","CP-001"
"Write 5/7 in lowest form.","5/7","Medium","QL-004","ES-001","CP-001"
"Simplify the given fraction: 3/8.","3/8","Easy","QL-007","ES-001","CP-001"
"Write 11/6 in lowest form.","11/6","Medium","QL-004","ES-001","CP-001"
"Find the simplified form of 36/48.","3/4","Easy","QL-005","ES-001","CP-001"
"Reduce the fraction 11/6.","11/6","Easy","QL-006","ES-001","CP-001"
"Simplify the given fraction: 36/48.","3/4","Hard","QL-007","ES-001","CP-001"
"Reduce 5/7 to its lowest terms.","5/7","Medium","QL-002","ES-001","CP-001"
"Find the simplified form of 3/8.","3/8","Medium","QL-005","ES-001","CP-001"
"Write 11/6 after cancelling common factors.","11/6","Hard","QL-008","ES-001","CP-001"
"Express 36/48 in simplest form.","3/4","Easy","QL-003","ES-001","CP-001"
"Write 5/7 after cancelling common factors.","5/7","Medium","QL-008","ES-001","CP-001"
"Simplify 3/8.","3/8","Medium","QL-001","ES-001","CP-001"
"Write 11/6 in lowest form.","11/6","Easy","QL-004","ES-001","CP-001"
"Express 36/48 in simplest form.","3/4","Hard","QL-003","ES-001","CP-001"
"Simplify the given fraction: 3/8.","3/8","Easy","QL-007","ES-001","CP-001"
"Express 5/7 as a simplified fraction.","5/7","Easy","QL-010","ES-001","CP-001"
"Find the simplified form of 36/48.","3/4","Medium","QL-005","ES-001","CP-001"
"Reduce 11/6 to its lowest terms.","11/6","Medium","QL-002","ES-001","CP-001"
"Simplify 3/8.","3/8","Hard","QL-001","ES-001","CP-001"
"Write 5/7 in lowest form.","5/7","Easy","QL-004","ES-001","CP-001"
"Simplify 36/48.","3/4","Medium","QL-001","ES-001","CP-001"
"Reduce the fraction 11/6.","11/6","Hard","QL-006","ES-001","CP-001"
"Find the simplified form of 3/8.","3/8","Easy","QL-005","ES-001","CP-001"
"Reduce 5/7 to its lowest terms.","5/7","Medium","QL-002","ES-001","CP-001"
"Write 5/7 after cancelling common factors.","5/7","Medium","QL-008","ES-001","CP-001"
"Find the simplified form of 3/8.","3/8","Medium","QL-005","ES-001","CP-001"
"Write 11/6 in lowest form.","11/6","Easy","QL-004","ES-001","CP-001"
"Find the simplified form of 36/48.","3/4","Medium","QL-005","ES-001","CP-001"
"Express 5/7 as a simplified fraction.","5/7","Hard","QL-010","ES-001","CP-001"
"Express 3/8 in simplest form.","3/8","Medium","QL-003","ES-001","CP-001"
"Write 11/6 after cancelling common factors.","11/6","Medium","QL-008","ES-001","CP-001"
"Simplify 36/48.","3/4","Hard","QL-001","ES-001","CP-001"
"Express 5/7 as a simplified fraction.","5/7","Hard","QL-010","ES-001","CP-001"
"Express 3/8 in simplest form.","3/8","Easy","QL-003","ES-001","CP-001"
"Simplify 36/48.","3/4","Hard","QL-001","ES-001","CP-001"
"Reduce 11/6 to its lowest terms.","11/6","Hard","QL-002","ES-001","CP-001"
"Express 3/8 in simplest form.","3/8","Easy","QL-003","ES-001","CP-001"
"Reduce 5/7 to its lowest terms.","5/7","Easy","QL-002","ES-001","CP-001"
"Simplify 36/48.","3/4","Medium","QL-001","ES-001","CP-001"
"Write 11/6 after cancelling common factors.","11/6","Easy","QL-008","ES-001","CP-001"
"Simplify the given fraction: 3/8.","3/8","Medium","QL-007","ES-001","CP-001"
"Reduce the fraction 5/7.","5/7","Easy","QL-006","ES-001","CP-001"
"Express 36/48 in simplest form.","3/4","Medium","QL-003","ES-001","CP-001"
"Reduce 11/6 to its lowest terms.","11/6","Easy","QL-002","ES-001","CP-001"
"Write 11/6 after cancelling common factors.","11/6","Medium","QL-008","ES-001","CP-001"
"Find the lowest term form of 36/48.","3/4","Easy","QL-009","ES-001","CP-001"
"Express 5/7 as a simplified fraction.","5/7","Easy","QL-010","ES-001","CP-001"
"Find the lowest term form of 3/8.","3/8","Easy","QL-009","ES-001","CP-001"
"Write 11/6 after cancelling common factors.","11/6","Easy","QL-008","ES-001","CP-001"
"Express 36/48 in simplest form.","3/4","Medium","QL-003","ES-001","CP-001"
"Write 5/7 in lowest form.","5/7","Medium","QL-004","ES-001","CP-001"
"Express 3/8 in simplest form.","3/8","Hard","QL-003","ES-001","CP-001"
"Write 11/6 after cancelling common factors.","11/6","Medium","QL-008","ES-001","CP-001"
"Find the lowest term form of 36/48.","3/4","Medium","QL-009","ES-001","CP-001"
"Find the lowest term form of 3/8.","3/8","Medium","QL-009","ES-001","CP-001"
"Express 5/7 as a simplified fraction.","5/7","Hard","QL-010","ES-001","CP-001"
"Simplify 36/48.","3/4","Hard","QL-001","ES-001","CP-001"
"Write 11/6 in lowest form.","11/6","Easy","QL-004","ES-001","CP-001"
"Find the simplified form of 3/8.","3/8","Medium","QL-005","ES-001","CP-001"
"Write 5/7 in lowest form.","5/7","Medium","QL-004","ES-001","CP-001"
"Simplify 36/48.","3/4","Medium","QL-001","ES-001","CP-001"
"Express 11/6 as a simplified fraction.","11/6","Easy","QL-010","ES-001","CP-001"
"Find the lowest term form of 3/8.","3/8","Medium","QL-009","ES-001","CP-001"
"Express 5/7 as a simplified fraction.","5/7","Easy","QL-010","ES-001","CP-001"
"Write 5/7 after cancelling common factors.","5/7","Medium","QL-008","ES-001","CP-001"
"Express 3/8 in simplest form.","3/8","Easy","QL-003","ES-001","CP-001"
"Write 11/6 in lowest form.","11/6","Hard","QL-004","ES-001","CP-001"
"Find the simplified form of 36/48.","3/4","Hard","QL-005","ES-001","CP-001"
"Write 5/7 after cancelling common factors.","5/7","Easy","QL-008","ES-001","CP-001"
"Find the lowest term form of 3/8.","3/8","Easy","QL-009","ES-001","CP-001"
"Write 11/6 after cancelling common factors.","11/6","Hard","QL-008","ES-001","CP-001"
"Simplify 36/48.","3/4","Medium","QL-001","ES-001","CP-001"
"Write 5/7 after cancelling common factors.","5/7","Easy","QL-008","ES-001","CP-001"
"Find the simplified form of 3/8.","3/8","Easy","QL-005","ES-001","CP-001"
"Simplify the given fraction: 36/48.","3/4","Medium","QL-007","ES-001","CP-001"
"Reduce 11/6 to its lowest terms.","11/6","Hard","QL-002","ES-001","CP-001"
"Express 3/8 in simplest form.","3/8","Medium","QL-003","ES-001","CP-001"
"Write 5/7 in lowest form.","5/7","Easy","QL-004","ES-001","CP-001"
"Find the simplified form of 36/48.","3/4","Medium","QL-005","ES-001","CP-001"
"Express 11/6 as a simplified fraction.","11/6","Medium","QL-010","ES-001","CP-001"
"Simplify the given fraction: 3/8.","3/8","Medium","QL-007","ES-001","CP-001"
"Reduce the fraction 5/7.","5/7","Hard","QL-006","ES-001","CP-001"
"Simplify 36/48.","3/4","Hard","QL-001","ES-001","CP-001"
"Reduce 11/6 to its lowest terms.","11/6","Easy","QL-002","ES-001","CP-001"
"Reduce 11/6 to its lowest terms.","11/6","Medium","QL-002","ES-001","CP-001"
"Simplify 36/48.","3/4","Medium","QL-001","ES-001","CP-001"
"Write 5/7 in lowest form.","5/7","Easy","QL-004","ES-001","CP-001"
"Simplify the given fraction: 3/8.","3/8","Hard","QL-007","ES-001","CP-001"
"Write 11/6 after cancelling common factors.","11/6","Medium","QL-008","ES-001","CP-001"
"Find the simplified form of 36/48.","3/4","Medium","QL-005","ES-001","CP-001"
"Express 5/7 as a simplified fraction.","5/7","Easy","QL-010","ES-001","CP-001"
"Express 3/8 in simplest form.","3/8","Hard","QL-003","ES-001","CP-001"
"Write 11/6 in lowest form.","11/6","Easy","QL-004","ES-001","CP-001"
"Express 36/48 in simplest form.","3/4","Medium","QL-003","ES-001","CP-001"
"Express 3/8 in simplest form.","3/8","Medium","QL-003","ES-001","CP-001"
"Write 5/7 after cancelling common factors.","5/7","Medium","QL-008","ES-001","CP-001"
"Find the simplified form of 36/48.","3/4","Easy","QL-005","ES-001","CP-001"
"Reduce 11/6 to its lowest terms.","11/6","Medium","QL-002","ES-001","CP-001"
"Simplify the given fraction: 3/8.","3/8","Easy","QL-007","ES-001","CP-001"
"Express 5/7 as a simplified fraction.","5/7","Easy","QL-010","ES-001","CP-001"
"Find the lowest term form of 36/48.","3/4","Easy","QL-009","ES-001","CP-001"
"Express 11/6 as a simplified fraction.","11/6","Easy","QL-010","ES-001","CP-001"
"Find the simplified form of 3/8.","3/8","Hard","QL-005","ES-001","CP-001"
"Write 5/7 in lowest form.","5/7","Easy","QL-004","ES-001","CP-001"
"Simplify 3/8.","3/8","Medium","QL-001","ES-001","CP-001"
"Write 5/7 in lowest form.","5/7","Hard","QL-004","ES-001","CP-001"
"Simplify 36/48.","3/4","Medium","QL-001","ES-001","CP-001"
"Express 11/6 as a simplified fraction.","11/6","Easy","QL-010","ES-001","CP-001"
"Simplify the given fraction: 3/8.","3/8","Easy","QL-007","ES-001","CP-001"
"Express 5/7 as a simplified fraction.","5/7","Medium","QL-010","ES-001","CP-001"
"Find the simplified form of 36/48.","3/4","Easy","QL-005","ES-001","CP-001"
"Write 11/6 after cancelling common factors.","11/6","Easy","QL-008","ES-001","CP-001"
"Find the lowest term form of 3/8.","3/8","Easy","QL-009","ES-001","CP-001"
"Express 5/7 as a simplified fraction.","5/7","Hard","QL-010","ES-001","CP-001"
"Express 11/6 as a simplified fraction.","11/6","Easy","QL-010","ES-001","CP-001"
"Find the simplified form of 36/48.","3/4","Easy","QL-005","ES-001","CP-001"
"Write 5/7 after cancelling common factors.","5/7","Hard","QL-008","ES-001","CP-001"
"Simplify 3/8.","3/8","Hard","QL-001","ES-001","CP-001"
"Write 11/6 in lowest form.","11/6","Medium","QL-004","ES-001","CP-001"
"Simplify 36/48.","3/4","Medium","QL-001","ES-001","CP-001"
"Write 5/7 after cancelling common factors.","5/7","Medium","QL-008","ES-001","CP-001"
"Find the simplified form of 3/8.","3/8","Easy","QL-005","ES-001","CP-001"
"Reduce the fraction 11/6.","11/6","Hard","QL-006","ES-001","CP-001"
"Find the lowest term form of 36/48.","3/4","Hard","QL-009","ES-001","CP-001"
"Find the lowest term form of 36/48.","3/4","Medium","QL-009","ES-001","CP-001"
"Express 11/6 as a simplified fraction.","11/6","Hard","QL-010","ES-001","CP-001"
"Express 3/8 in simplest form.","3/8","Medium","QL-003","ES-001","CP-001"
"Express 5/7 as a simplified fraction.","5/7","Medium","QL-010","ES-001","CP-001"
"Find the simplified form of 36/48.","3/4","Medium","QL-005","ES-001","CP-001"
"Write 11/6 after cancelling common factors.","11/6","Hard","QL-008","ES-001","CP-001"
"Find the lowest term form of 3/8.","3/8","Easy","QL-009","ES-001","CP-001"
"Write 5/7 after cancelling common factors.","5/7","Easy","QL-008","ES-001","CP-001"
"Simplify 36/48.","3/4","Easy","QL-001","ES-001","CP-001"
"Express 11/6 as a simplified fraction.","11/6","Medium","QL-010","ES-001","CP-001"
"Reduce the fraction 5/7.","5/7","Easy","QL-006","ES-001","CP-001"
"Express 3/8 in simplest form.","3/8","Easy","QL-003","ES-001","CP-001"
"Reduce 11/6 to its lowest terms.","11/6","Easy","QL-002","ES-001","CP-001"
"Simplify 36/48.","3/4","Medium","QL-001","ES-001","CP-001"
"Reduce 5/7 to its lowest terms.","5/7","Hard","QL-002","ES-001","CP-001"
"Express 3/8 in simplest form.","3/8","Easy","QL-003","ES-001","CP-001"
"Express 11/6 as a simplified fraction.","11/6","Easy","QL-010","ES-001","CP-001"
"Simplify 36/48.","3/4","Medium","QL-001","ES-001","CP-001"
"Reduce the fraction 5/7.","5/7","Medium","QL-006","ES-001","CP-001"
"Simplify 3/8.","3/8","Easy","QL-001","ES-001","CP-001"
"Express 3/8 in simplest form.","3/8","Easy","QL-003","ES-001","CP-001"
"Express 5/7 as a simplified fraction.","5/7","Easy","QL-010","ES-001","CP-001"
"Simplify the given fraction: 36/48.","3/4","Medium","QL-007","ES-001","CP-001"
"Reduce the fraction 11/6.","11/6","Hard","QL-006","ES-001","CP-001"
"Simplify the given fraction: 3/8.","3/8","Easy","QL-007","ES-001","CP-001"
"Write 5/7 in lowest form.","5/7","Hard","QL-004","ES-001","CP-001"
"Simplify 36/48.","3/4","Medium","QL-001","ES-001","CP-001"
"Reduce the fraction 11/6.","11/6","Hard","QL-006","ES-001","CP-001"
"Simplify 3/8.","3/8","Hard","QL-001","ES-001","CP-001"
"Write 5/7 after cancelling common factors.","5/7","Hard","QL-008","ES-001","CP-001"
"Write 11/6 after cancelling common factors.","11/6","Easy","QL-008","ES-001","CP-001"
"Find the simplified form of 36/48.","3/4","Medium","QL-005","ES-001","CP-001"
"Express 5/7 as a simplified fraction.","5/7","Easy","QL-010","ES-001","CP-001"
"Simplify the given fraction: 3/8.","3/8","Easy","QL-007","ES-001","CP-001"
"Write 11/6 after cancelling common factors.","11/6","Medium","QL-008","ES-001","CP-001"
"Find the lowest term form of 36/48.","3/4","Hard","QL-009","ES-001","CP-001"
"Reduce the fraction 5/7.","5/7","Medium","QL-006","ES-001","CP-001"
"Simplify the given fraction: 3/8.","3/8","Hard","QL-007","ES-001","CP-001"
"Write 11/6 in lowest form.","11/6","Medium","QL-004","ES-001","CP-001"
"Simplify the given fraction: 36/48.","3/4","Easy","QL-007","ES-001","CP-001"
"Find the simplified form of 36/48.","3/4","Easy","QL-005","ES-001","CP-001"
"Write 11/6 after cancelling common factors.","11/6","Easy","QL-008","ES-001","CP-001"
"Find the lowest term form of 3/8.","3/8","Medium","QL-009","ES-001","CP-001"
"Reduce the fraction 5/7.","5/7","Easy","QL-006","ES-001","CP-001"
"Simplify the given fraction: 36/48.","3/4","Easy","QL-007","ES-001","CP-001"
"Express 11/6 as a simplified fraction.","11/6","Easy","QL-010","ES-001","CP-001"
"Find the lowest term form of 3/8.","3/8","Easy","QL-009","ES-001","CP-001"
"Express 5/7 as a simplified fraction.","5/7","Medium","QL-010","ES-001","CP-001"
"Simplify 36/48.","3/4","Easy","QL-001","ES-001","CP-001"
"Express 11/6 as a simplified fraction.","11/6","Medium","QL-010","ES-001","CP-001"
"Express 5/7 as a simplified fraction.","5/7","Medium","QL-010","ES-001","CP-001"
"Simplify 3/8.","3/8","Easy","QL-001","ES-001","CP-001"
"Write 11/6 after cancelling common factors.","11/6","Easy","QL-008","ES-001","CP-001"
"Find the lowest term form of 36/48.","3/4","Easy","QL-009","ES-001","CP-001"
"Write 5/7 after cancelling common factors.","5/7","Hard","QL-008","ES-001","CP-001"
"Find the simplified form of 3/8.","3/8","Medium","QL-005","ES-001","CP-001"
"Express 11/6 as a simplified fraction.","11/6","Easy","QL-010","ES-001","CP-001"
"Find the simplified form of 36/48.","3/4","Medium","QL-005","ES-001","CP-001"
"Express 5/7 as a simplified fraction.","5/7","Hard","QL-010","ES-001","CP-001"
"Find the lowest term form of 3/8.","3/8","Medium","QL-009","ES-001","CP-001"
"Express 3/8 in simplest form.","3/8","Medium","QL-003","ES-001","CP-001"
"Reduce 5/7 to its lowest terms.","5/7","Hard","QL-002","ES-001","CP-001"
"Simplify the given fraction: 36/48.","3/4","Easy","QL-007","ES-001","CP-001"
"Express 11/6 as a simplified fraction.","11/6","Medium","QL-010","ES-001","CP-001"
"Find the lowest term form of 3/8.","3/8","Easy","QL-009","ES-001","CP-001"
"Write 5/7 after cancelling common factors.","5/7","Medium","QL-008","ES-001","CP-001"
"Express 36/48 in simplest form.","3/4","Hard","QL-003","ES-001","CP-001"
"Express 11/6 as a simplified fraction.","11/6","Hard","QL-010","ES-001","CP-001"
"Find the lowest term form of 3/8.","3/8","Easy","QL-009","ES-001","CP-001"
"Reduce 5/7 to its lowest terms.","5/7","Medium","QL-002","ES-001","CP-001"
"Reduce 11/6 to its lowest terms.","11/6","Hard","QL-002","ES-001","CP-001"
"Find the simplified form of 36/48.","3/4","Medium","QL-005","ES-001","CP-001"
"Reduce 5/7 to its lowest terms.","5/7","Easy","QL-002","ES-001","CP-001"
"Express 3/8 in simplest form.","3/8","Easy","QL-003","ES-001","CP-001"
"Write 11/6 in lowest form.","11/6","Hard","QL-004","ES-001","CP-001"
"Express 36/48 in simplest form.","3/4","Medium","QL-003","ES-001","CP-001"
"Write 5/7 in lowest form.","5/7","Medium","QL-004","ES-001","CP-001"
"Simplify the given fraction: 3/8.","3/8","Medium","QL-007","ES-001","CP-001"
"Write 11/6 after cancelling common factors.","11/6","Easy","QL-008","ES-001","CP-001"
"Express 36/48 in simplest form.","3/4","Medium","QL-003","ES-001","CP-001"
"Write 5/7 in lowest form.","5/7","Hard","QL-004","ES-001","CP-001"
"Find the lowest term form of 3/8.","3/8","Easy","QL-009","ES-001","CP-001"
"Write 11/6 after cancelling common factors.","11/6","Medium","QL-008","ES-001","CP-001"
"Find the lowest term form of 36/48.","3/4","Easy","QL-009","ES-001","CP-001"
"Reduce the fraction 5/7.","5/7","Medium","QL-006","ES-001","CP-001"
"Find the simplified form of 3/8.","3/8","Medium","QL-005","ES-001","CP-001"
"Write 11/6 in lowest form.","11/6","Hard","QL-004","ES-001","CP-001"
"Find the simplified form of 36/48.","3/4","Medium","QL-005","ES-001","CP-001"
"Write 5/7 in lowest form.","5/7","Hard","QL-004","ES-001","CP-001"
"Find the simplified form of 3/8.","3/8","Medium","QL-005","ES-001","CP-001"
"Simplify the given fraction: 36/48.","3/4","Easy","QL-007","ES-001","CP-001"
"Write 11/6 in lowest form.","11/6","Medium","QL-004","ES-001","CP-001"
"Find the simplified form of 3/8.","3/8","Hard","QL-005","ES-001","CP-001"
"Reduce the fraction 5/7.","5/7","Easy","QL-006","ES-001","CP-001"
"Simplify 36/48.","3/4","Easy","QL-001","ES-001","CP-001"
"Express 11/6 as a simplified fraction.","11/6","Medium","QL-010","ES-001","CP-001"
"Simplify 3/8.","3/8","Easy","QL-001","ES-001","CP-001"
"Write 5/7 in lowest form.","5/7","Hard","QL-004","ES-001","CP-001"
"Express 36/48 in simplest form.","3/4","Easy","QL-003","ES-001","CP-001"
"Express 11/6 as a simplified fraction.","11/6","Easy","QL-010","ES-001","CP-001"
"Write 11/6 after cancelling common factors.","11/6","Medium","QL-008","ES-001","CP-001"
"Find the lowest term form of 36/48.","3/4","Hard","QL-009","ES-001","CP-001"
"Reduce 5/7 to its lowest terms.","5/7","Medium","QL-002","ES-001","CP-001"
"Simplify the given fraction: 3/8.","3/8","Medium","QL-007","ES-001","CP-001"
"Write 11/6 after cancelling common factors.","11/6","Hard","QL-008","ES-001","CP-001"
"Find the simplified form of 36/48.","3/4","Medium","QL-005","ES-001","CP-001"
"Express 5/7 as a simplified fraction.","5/7","Easy","QL-010","ES-001","CP-001"
"Express 3/8 in simplest form.","3/8","Easy","QL-003","ES-001","CP-001"
"Write 11/6 after cancelling common factors.","11/6","Easy","QL-008","ES-001","CP-001"
"Simplify the given fraction: 36/48.","3/4","Easy","QL-007","ES-001","CP-001"
"Find the lowest term form of 3/8.","3/8","Medium","QL-009","ES-001","CP-001"
"Write 5/7 in lowest form.","5/7","Medium","QL-004","ES-001","CP-001"
"Find the lowest term form of 36/48.","3/4","Easy","QL-009","ES-001","CP-001"
"Express 11/6 as a simplified fraction.","11/6","Medium","QL-010","ES-001","CP-001"
"Simplify 3/8.","3/8","Hard","QL-001","ES-001","CP-001"
"Write 5/7 after cancelling common factors.","5/7","Medium","QL-008","ES-001","CP-001"
"Express 36/48 in simplest form.","3/4","Medium","QL-003","ES-001","CP-001"
"Reduce 11/6 to its lowest terms.","11/6","Medium","QL-002","ES-001","CP-001"
"Simplify 3/8.","3/8","Hard","QL-001","ES-001","CP-001"
"Write 5/7 after cancelling common factors.","5/7","Medium","QL-008","ES-001","CP-001"
"Write 5/7 after cancelling common factors.","5/7","Medium","QL-008","ES-001","CP-001"
"Find the simplified form of 3/8.","3/8","Hard","QL-005","ES-001","CP-001"
"Reduce the fraction 11/6.","11/6","Medium","QL-006","ES-001","CP-001"
"Simplify the given fraction: 36/48.","3/4","Medium","QL-007","ES-001","CP-001"
"Write 5/7 after cancelling common factors.","5/7","Medium","QL-008","ES-001","CP-001"
"Find the lowest term form of 3/8.","3/8","Medium","QL-009","ES-001","CP-001"
"Write 11/6 in lowest form.","11/6","Medium","QL-004","ES-001","CP-001"
"Find the lowest term form of 36/48.","3/4","Easy","QL-009","ES-001","CP-001"
"Write 5/7 after cancelling common factors.","5/7","Hard","QL-008","ES-001","CP-001"
"Simplify the given fraction: 3/8.","3/8","Easy","QL-007","ES-001","CP-001"
"Find the simplified form of 36/48.","3/4","Easy","QL-005","ES-001","CP-001"
"Write 11/6 after cancelling common factors.","11/6","Easy","QL-008","ES-001","CP-001"
"Express 3/8 in simplest form.","3/8","Medium","QL-003","ES-001","CP-001"
"Express 5/7 as a simplified fraction.","5/7","Medium","QL-010","ES-001","CP-001"
"Simplify 36/48.","3/4","Easy","QL-001","ES-001","CP-001"
"Reduce the fraction 11/6.","11/6","Easy","QL-006","ES-001","CP-001"
"Simplify the given fraction: 3/8.","3/8","Easy","QL-007","ES-001","CP-001"
"Write 5/7 in lowest form.","5/7","Medium","QL-004","ES-001","CP-001"
"Find the lowest term form of 36/48.","3/4","Easy","QL-009","ES-001","CP-001"
"Write 11/6 after cancelling common factors.","11/6","Medium","QL-008","ES-001","CP-001"
"Express 11/6 as a simplified fraction.","11/6","Easy","QL-010","ES-001","CP-001"
"Find the simplified form of 36/48.","3/4","Easy","QL-005","ES-001","CP-001"
"Write 5/7 after cancelling common factors.","5/7","Easy","QL-008","ES-001","CP-001"
"Find the lowest term form of 3/8.","3/8","Medium","QL-009","ES-001","CP-001"
"Write 11/6 in lowest form.","11/6","Easy","QL-004","ES-001","CP-001"
"Simplify 36/48.","3/4","Hard","QL-001","ES-001","CP-001"
"Write 5/7 after cancelling common factors.","5/7","Medium","QL-008","ES-001","CP-001"
"Find the simplified form of 3/8.","3/8","Medium","QL-005","ES-001","CP-001"
"Express 11/6 as a simplified fraction.","11/6","Hard","QL-010","ES-001","CP-001"
"Express 36/48 in simplest form.","3/4","Easy","QL-003","ES-001","CP-001"
"Find the lowest term form of 3/8.","3/8","Hard","QL-009","ES-001","CP-001"
"Write 5/7 in lowest form.","5/7","Medium","QL-004","ES-001","CP-001"
"Find the lowest term form of 36/48.","3/4","Hard","QL-009","ES-001","CP-001"
"Reduce the fraction 11/6.","11/6","Hard","QL-006","ES-001","CP-001"
"Express 3/8 in simplest form.","3/8","Medium","QL-003","ES-001","CP-001"
"Write 5/7 after cancelling common factors.","5/7","Hard","QL-008","ES-001","CP-001"
"Express 36/48 in simplest form.","3/4","Easy","QL-003","ES-001","CP-001"
"Express 11/6 as a simplified fraction.","11/6","Medium","QL-010","ES-001","CP-001"
"Find the simplified form of 3/8.","3/8","Hard","QL-005","ES-001","CP-001"
"Reduce 5/7 to its lowest terms.","5/7","Hard","QL-002","ES-001","CP-001"
"Write 5/7 in lowest form.","5/7","Medium","QL-004","ES-001","CP-001"
"Simplify the given fraction: 3/8.","3/8","Easy","QL-007","ES-001","CP-001"
"Reduce 11/6 to its lowest terms.","11/6","Medium","QL-002","ES-001","CP-001"
"Simplify the given fraction: 36/48.","3/4","Hard","QL-007","ES-001","CP-001"
"Express 5/7 as a simplified fraction.","5/7","Easy","QL-010","ES-001","CP-001"
"Simplify the given fraction: 3/8.","3/8","Easy","QL-007","ES-001","CP-001"
"Express 11/6 as a simplified fraction.","11/6","Hard","QL-010","ES-001","CP-001"
"Find the simplified form of 36/48.","3/4","Easy","QL-005","ES-001","CP-001"
"Reduce 5/7 to its lowest terms.","5/7","Easy","QL-002","ES-001","CP-001"
"Find the lowest term form of 3/8.","3/8","Easy","QL-009","ES-001","CP-001"
"Express 36/48 in simplest form.","3/4","Easy","QL-003","ES-001","CP-001"
"Reduce the fraction 11/6.","11/6","Easy","QL-006","ES-001","CP-001"
"Simplify 3/8.","3/8","Hard","QL-001","ES-001","CP-001"
"Express 5/7 as a simplified fraction.","5/7","Easy","QL-010","ES-001","CP-001"
"Simplify 36/48.","3/4","Hard","QL-001","ES-001","CP-001"
"Reduce the fraction 11/6.","11/6","Hard","QL-006","ES-001","CP-001"
"Simplify the given fraction: 3/8.","3/8","Medium","QL-007","ES-001","CP-001"
"Write 5/7 in lowest form.","5/7","Medium","QL-004","ES-001","CP-001"
"Find the simplified form of 36/48.","3/4","Hard","QL-005","ES-001","CP-001"
"Reduce 11/6 to its lowest terms.","11/6","Easy","QL-002","ES-001","CP-001"
"Find the simplified form of 36/48.","3/4","Medium","QL-005","ES-001","CP-001"
"Express 11/6 as a simplified fraction.","11/6","Medium","QL-010","ES-001","CP-001"
"Simplify 3/8.","3/8","Easy","QL-001","ES-001","CP-001"
"Write 5/7 after cancelling common factors.","5/7","Easy","QL-008","ES-001","CP-001"
"Simplify the given fraction: 36/48.","3/4","Medium","QL-007","ES-001","CP-001"
"Express 11/6 as a simplified fraction.","11/6","Medium","QL-010","ES-001","CP-001"
"Find the simplified form of 3/8.","3/8","Medium","QL-005","ES-001","CP-001"
"Write 5/7 in lowest form.","5/7","Hard","QL-004","ES-001","CP-001"
"Find the simplified form of 36/48.","3/4","Easy","QL-005","ES-001","CP-001"
"Reduce 11/6 to its lowest terms.","11/6","Easy","QL-002","ES-001","CP-001"
"Write 5/7 in lowest form.","5/7","Hard","QL-004","ES-001","CP-001"
"Simplify 3/8.","3/8","Medium","QL-001","ES-001","CP-001"
"Write 11/6 in lowest form.","11/6","Medium","QL-004","ES-001","CP-001"
"Find the lowest term form of 36/48.","3/4","Medium","QL-009","ES-001","CP-001"
"Write 5/7 after cancelling common factors.","5/7","Easy","QL-008","ES-001","CP-001"
"Simplify 3/8.","3/8","Medium","QL-001","ES-001","CP-001"
"Reduce the fraction 11/6.","11/6","Easy","QL-006","ES-001","CP-001"
"Simplify 36/48.","3/4","Medium","QL-001","ES-001","CP-001"
"Write 5/7 in lowest form.","5/7","Easy","QL-004","ES-001","CP-001"
"Find the lowest term form of 3/8.","3/8","Medium","QL-009","ES-001","CP-001"
"Express 3/8 in simplest form.","3/8","Easy","QL-003","ES-001","CP-001"
"Reduce the fraction 5/7.","5/7","Hard","QL-006","ES-001","CP-001"
"Find the simplified form of 36/48.","3/4","Hard","QL-005","ES-001","CP-001"
"Reduce 11/6 to its lowest terms.","11/6","Hard","QL-002","ES-001","CP-001"
"Simplify the given fraction: 3/8.","3/8","Medium","QL-007","ES-001","CP-001"
"Express 5/7 as a simplified fraction.","5/7","Easy","QL-010","ES-001","CP-001"
"Find the simplified form of 36/48.","3/4","Medium","QL-005","ES-001","CP-001"
"Write 11/6 after cancelling common factors.","11/6","Easy","QL-008","ES-001","CP-001"
"Find the simplified form of 3/8.","3/8","Medium","QL-005","ES-001","CP-001"
"Express 5/7 as a simplified fraction.","5/7","Easy","QL-010","ES-001","CP-001"
"Reduce the fraction 11/6.","11/6","Medium","QL-006","ES-001","CP-001"
"Simplify the given fraction: 36/48.","3/4","Medium","QL-007","ES-001","CP-001"
"Express 5/7 as a simplified fraction.","5/7","Easy","QL-010","ES-001","CP-001"
"Simplify 3/8.","3/8","Hard","QL-001","ES-001","CP-001"
"Write 11/6 in lowest form.","11/6","Easy","QL-004","ES-001","CP-001"
"Simplify 36/48.","3/4","Easy","QL-001","ES-001","CP-001"
"Reduce the fraction 5/7.","5/7","Hard","QL-006","ES-001","CP-001"
"Simplify the given fraction: 3/8.","3/8","Medium","QL-007","ES-001","CP-001"
"Write 11/6 in lowest form.","11/6","Hard","QL-004","ES-001","CP-001"
"Find the simplified form of 36/48.","3/4","Medium","QL-005","ES-001","CP-001"
"Simplify the given fraction: 36/48.","3/4","Medium","QL-007","ES-001","CP-001"
"Write 11/6 after cancelling common factors.","11/6","Easy","QL-008","ES-001","CP-001"
"Express 3/8 in simplest form.","3/8","Medium","QL-003","ES-001","CP-001"
"Express 5/7 as a simplified fraction.","5/7","Easy","QL-010","ES-001","CP-001"
"Express 36/48 in simplest form.","3/4","Hard","QL-003","ES-001","CP-001"
"Reduce 11/6 to its lowest terms.","11/6","Easy","QL-002","ES-001","CP-001"
"Find the lowest term form of 3/8.","3/8","Easy","QL-009","ES-001","CP-001"
"Reduce the fraction 5/7.","5/7","Medium","QL-006","ES-001","CP-001"
"Find the simplified form of 36/48.","3/4","Medium","QL-005","ES-001","CP-001"
"Express 11/6 as a simplified fraction.","11/6","Hard","QL-010","ES-001","CP-001"
"Reduce the fraction 5/7.","5/7","Easy","QL-006","ES-001","CP-001"
"Find the simplified form of 3/8.","3/8","Medium","QL-005","ES-001","CP-001"
"Reduce the fraction 11/6.","11/6","Easy","QL-006","ES-001","CP-001"
"Simplify 36/48.","3/4","Hard","QL-001","ES-001","CP-001"
"Reduce 5/7 to its lowest terms.","5/7","Medium","QL-002","ES-001","CP-001"
"Simplify 3/8.","3/8","Medium","QL-001","ES-001","CP-001"
"Reduce 11/6 to its lowest terms.","11/6","Hard","QL-002","ES-001","CP-001"
"Simplify the given fraction: 36/48.","3/4","Easy","QL-007","ES-001","CP-001"
"Reduce 5/7 to its lowest terms.","5/7","Easy","QL-002","ES-001","CP-001"
"Express 3/8 in simplest form.","3/8","Easy","QL-003","ES-001","CP-001"
"Simplify the given fraction: 3/8.","3/8","Medium","QL-007","ES-001","CP-001"
"Write 5/7 in lowest form.","5/7","Easy","QL-004","ES-001","CP-001"
"Simplify the given fraction: 36/48.","3/4","Medium","QL-007","ES-001","CP-001"
"Reduce 11/6 to its lowest terms.","11/6","Hard","QL-002","ES-001","CP-001"
"Simplify the given fraction: 3/8.","3/8","Medium","QL-007","ES-001","CP-001"
"Express 5/7 as a simplified fraction.","5/7","Hard","QL-010","ES-001","CP-001"
"Find the simplified form of 36/48.","3/4","Medium","QL-005","ES-001","CP-001"
"Express 11/6 as a simplified fraction.","11/6","Medium","QL-010","ES-001","CP-001"
"Find the lowest term form of 3/8.","3/8","Hard","QL-009","ES-001","CP-001"
"Reduce the fraction 5/7.","5/7","Hard","QL-006","ES-001","CP-001"
"Write 11/6 after cancelling common factors.","11/6","Medium","QL-008","ES-001","CP-001"
"Find the simplified form of 36/48.","3/4","Medium","QL-005","ES-001","CP-001"
"Reduce 5/7 to its lowest terms.","5/7","Easy","QL-002","ES-001","CP-001"
"Find the lowest term form of 3/8.","3/8","Easy","QL-009","ES-001","CP-001"
"Write 11/6 in lowest form.","11/6","Hard","QL-004","ES-001","CP-001"
"Find the lowest term form of 36/48.","3/4","Hard","QL-009","ES-001","CP-001"
"Reduce 5/7 to its lowest terms.","5/7","Medium","QL-002","ES-001","CP-001"
"Express 3/8 in simplest form.","3/8","Easy","QL-003","ES-001","CP-001"
"Reduce the fraction 11/6.","11/6","Easy","QL-006","ES-001","CP-001"
"Simplify the given fraction: 36/48.","3/4","Medium","QL-007","ES-001","CP-001"
"Find the simplified form of 36/48.","3/4","Hard","QL-005","ES-001","CP-001"
"Write 11/6 after cancelling common factors.","11/6","Easy","QL-008","ES-001","CP-001"
"Find the lowest term form of 3/8.","3/8","Medium","QL-009","ES-001","CP-001"
"Write 5/7 after cancelling common factors.","5/7","Easy","QL-008","ES-001","CP-001"
"Find the lowest term form of 36/48.","3/4","Easy","QL-009","ES-001","CP-001"
"Express 11/6 as a simplified fraction.","11/6","Easy","QL-010","ES-001","CP-001"
"Express 3/8 in simplest form.","3/8","Hard","QL-003","ES-001","CP-001"
"Express 5/7 as a simplified fraction.","5/7","Easy","QL-010","ES-001","CP-001"
"Find the lowest term form of 36/48.","3/4","Hard","QL-009","ES-001","CP-001"
"Write 11/6 in lowest form.","11/6","Medium","QL-004","ES-001","CP-001"
"Reduce 5/7 to its lowest terms.","5/7","Easy","QL-002","ES-001","CP-001"
"Express 3/8 in simplest form.","3/8","Medium","QL-003","ES-001","CP-001"
"Express 11/6 as a simplified fraction.","11/6","Medium","QL-010","ES-001","CP-001"
"Simplify 36/48.","3/4","Hard","QL-001","ES-001","CP-001"
"Reduce the fraction 5/7.","5/7","Medium","QL-006","ES-001","CP-001"
"Express 3/8 in simplest form.","3/8","Medium","QL-003","ES-001","CP-001"
"Write 11/6 after cancelling common factors.","11/6","Medium","QL-008","ES-001","CP-001"
"Simplify 36/48.","3/4","Hard","QL-001","ES-001","CP-001"
"Reduce the fraction 5/7.","5/7","Easy","QL-006","ES-001","CP-001"
"Simplify the given fraction: 3/8.","3/8","Easy","QL-007","ES-001","CP-001"
"Change 4 3/7 into an improper fraction.","31/7","Hard","QL-018","ES-002","CP-002"
"Write 32/8 in mixed fraction form.","4","Easy","QL-013","ES-002","CP-002"
"Express 31/3 as a mixed fraction.","10 1/3","Hard","QL-012","ES-002","CP-002"
"Express 3 3/8 as an improper fraction.","27/8","Medium","QL-015","ES-002","CP-002"
"Convert 8 3/12 into an improper fraction.","33/4","Medium","QL-014","ES-002","CP-002"
"Change 28/4 into a mixed number.","7","Medium","QL-017","ES-002","CP-002"
"Convert 6 2/11 into an improper fraction.","68/11","Medium","QL-014","ES-002","CP-002"
"Convert the given fraction 26/6 into mixed form.","4 1/3","Medium","QL-019","ES-002","CP-002"
"Change 4 1/11 into an improper fraction.","45/11","Medium","QL-018","ES-002","CP-002"
"Express 5 5/11 as an improper fraction.","60/11","Easy","QL-015","ES-002","CP-002"
"Change 22/10 into a mixed number.","2 1/5","Easy","QL-017","ES-002","CP-002"
"Write 2 4/6 in improper fraction form.","8/3","Hard","QL-016","ES-002","CP-002"
"Change 32/8 into a mixed number.","4","Easy","QL-017","ES-002","CP-002"
"Express 17/9 as a mixed fraction.","1 8/9","Medium","QL-012","ES-002","CP-002"
"Express 7 3/10 as an improper fraction.","73/10","Easy","QL-015","ES-002","CP-002"
"Convert the mixed fraction 6 3/12 into improper form.","25/4","Medium","QL-020","ES-002","CP-002"
"Express 1 2/7 as an improper fraction.","9/7","Easy","QL-015","ES-002","CP-002"
"Write 8 5/7 in improper fraction form.","61/7","Medium","QL-016","ES-002","CP-002"
"Change 46/10 into a mixed number.","4 3/5","Hard","QL-017","ES-002","CP-002"
"Convert the mixed fraction 2 2/6 into improper form.","7/3","Hard","QL-020","ES-002","CP-002"
"Write 6 1/12 in improper fraction form.","73/12","Medium","QL-016","ES-002","CP-002"
"Convert the given fraction 18/6 into mixed form.","3","Easy","QL-019","ES-002","CP-002"
"Change 8 3/12 into an improper fraction.","33/4","Easy","QL-018","ES-002","CP-002"
"Change 36/4 into a mixed number.","9","Medium","QL-017","ES-002","CP-002"
"Express 23/3 as a mixed fraction.","7 2/3","Easy","QL-012","ES-002","CP-002"
"Write 30/10 in mixed fraction form.","3","Hard","QL-013","ES-002","CP-002"
"Write 4 3/7 in improper fraction form.","31/7","Medium","QL-016","ES-002","CP-002"
"Write 24/8 in mixed fraction form.","3","Hard","QL-013","ES-002","CP-002"
"Express 43/7 as a mixed fraction.","6 1/7","Easy","QL-012","ES-002","CP-002"
"Convert the given fraction 26/6 into mixed form.","4 1/3","Hard","QL-019","ES-002","CP-002"
"Convert the given fraction 56/8 into mixed form.","7","Medium","QL-019","ES-002","CP-002"
"Change 4 2/8 into an improper fraction.","17/4","Medium","QL-018","ES-002","CP-002"
"Convert 38/10 into a mixed fraction.","3 4/5","Medium","QL-011","ES-002","CP-002"
"Convert the mixed fraction 2 4/10 into improper form.","12/5","Medium","QL-020","ES-002","CP-002"
"Convert the given fraction 44/4 into mixed form.","11","Easy","QL-019","ES-002","CP-002"
"Express 45/5 as a mixed fraction.","9","Hard","QL-012","ES-002","CP-002"
"Change 50/6 into a mixed number.","8 1/3","Easy","QL-017","ES-002","CP-002"
"Convert the mixed fraction 6 1/12 into improper form.","73/12","Hard","QL-020","ES-002","CP-002"
"Convert 48/8 into a mixed fraction.","6","Easy","QL-011","ES-002","CP-002"
"Convert the mixed fraction 4 3/10 into improper form.","43/10","Easy","QL-020","ES-002","CP-002"
"Write 8 4/10 in improper fraction form.","42/5","Easy","QL-016","ES-002","CP-002"
"Convert 52/4 into a mixed fraction.","13","Medium","QL-011","ES-002","CP-002"
"Express 35/7 as a mixed fraction.","5","Medium","QL-012","ES-002","CP-002"
"Convert 18/6 into a mixed fraction.","3","Easy","QL-011","ES-002","CP-002"
"Convert the mixed fraction 4 5/7 into improper form.","33/7","Easy","QL-020","ES-002","CP-002"
"Change 40/8 into a mixed number.","5","Medium","QL-017","ES-002","CP-002"
"Change 2 1/12 into an improper fraction.","25/12","Medium","QL-018","ES-002","CP-002"
"Convert the given fraction 46/10 into mixed form.","4 3/5","Medium","QL-019","ES-002","CP-002"
"Convert the mixed fraction 8 4/6 into improper form.","26/3","Medium","QL-020","ES-002","CP-002"
"Write 28/4 in mixed fraction form.","7","Medium","QL-013","ES-002","CP-002"
"Convert the given fraction 18/6 into mixed form.","3","Hard","QL-019","ES-002","CP-002"
"Convert 6 4/9 into an improper fraction.","58/9","Easy","QL-014","ES-002","CP-002"
"Convert the given fraction 20/4 into mixed form.","5","Easy","QL-019","ES-002","CP-002"
"Express 37/5 as a mixed fraction.","7 2/5","Medium","QL-012","ES-002","CP-002"
"Write 46/10 in mixed fraction form.","4 3/5","Hard","QL-013","ES-002","CP-002"
"Convert the mixed fraction 2 4/12 into improper form.","7/3","Hard","QL-020","ES-002","CP-002"
"Express 5 2/6 as an improper fraction.","16/3","Easy","QL-015","ES-002","CP-002"
"Change 4 5/11 into an improper fraction.","49/11","Easy","QL-018","ES-002","CP-002"
"Convert 26/6 into a mixed fraction.","4 1/3","Hard","QL-011","ES-002","CP-002"
"Write 6 2/9 in improper fraction form.","56/9","Easy","QL-016","ES-002","CP-002"
"Convert the mixed fraction 2 4/11 into improper form.","26/11","Medium","QL-020","ES-002","CP-002"
"Change 54/10 into a mixed number.","5 2/5","Medium","QL-017","ES-002","CP-002"
"Convert the mixed fraction 4 3/8 into improper form.","35/8","Hard","QL-020","ES-002","CP-002"
"Convert 56/8 into a mixed fraction.","7","Easy","QL-011","ES-002","CP-002"
"Express 27/7 as a mixed fraction.","3 6/7","Medium","QL-012","ES-002","CP-002"
"Convert 26/6 into a mixed fraction.","4 1/3","Medium","QL-011","ES-002","CP-002"
"Express 53/5 as a mixed fraction.","10 3/5","Medium","QL-012","ES-002","CP-002"
"Express 1 2/12 as an improper fraction.","7/6","Medium","QL-015","ES-002","CP-002"
"Write 2 3/11 in improper fraction form.","25/11","Easy","QL-016","ES-002","CP-002"
"Convert 46/10 into a mixed fraction.","4 3/5","Easy","QL-011","ES-002","CP-002"
"Convert 36/4 into a mixed fraction.","9","Easy","QL-011","ES-002","CP-002"
"Convert the mixed fraction 8 4/11 into improper form.","92/11","Medium","QL-020","ES-002","CP-002"
"Express 7 2/7 as an improper fraction.","51/7","Hard","QL-015","ES-002","CP-002"
"Change 6 4/8 into an improper fraction.","13/2","Easy","QL-018","ES-002","CP-002"
"Change 24/8 into a mixed number.","3","Medium","QL-017","ES-002","CP-002"
"Write 4 5/10 in improper fraction form.","9/2","Easy","QL-016","ES-002","CP-002"
"Convert 22/10 into a mixed fraction.","2 1/5","Medium","QL-011","ES-002","CP-002"
"Change 2 4/8 into an improper fraction.","5/2","Medium","QL-018","ES-002","CP-002"
"Change 52/4 into a mixed number.","13","Easy","QL-017","ES-002","CP-002"
"Convert the mixed fraction 8 2/10 into improper form.","41/5","Medium","QL-020","ES-002","CP-002"
"Express 49/9 as a mixed fraction.","5 4/9","Easy","QL-012","ES-002","CP-002"
"Convert the given fraction 48/8 into mixed form.","6","Hard","QL-019","ES-002","CP-002"
"Write 2 4/10 in improper fraction form.","12/5","Hard","QL-016","ES-002","CP-002"
"Change 38/10 into a mixed number.","3 4/5","Hard","QL-017","ES-002","CP-002"
"Write 8 4/12 in improper fraction form.","25/3","Medium","QL-016","ES-002","CP-002"
"Write 20/4 in mixed fraction form.","5","Medium","QL-013","ES-002","CP-002"
"Change 6 4/7 into an improper fraction.","46/7","Easy","QL-018","ES-002","CP-002"
"Write 26/6 in mixed fraction form.","4 1/3","Easy","QL-013","ES-002","CP-002"
"Change 4 3/10 into an improper fraction.","43/10","Medium","QL-018","ES-002","CP-002"
"Change 24/8 into a mixed number.","3","Easy","QL-017","ES-002","CP-002"
"Write 22/10 in mixed fraction form.","2 1/5","Easy","QL-013","ES-002","CP-002"
"Write 2 4/7 in improper fraction form.","18/7","Easy","QL-016","ES-002","CP-002"
"Change 48/8 into a mixed number.","6","Medium","QL-017","ES-002","CP-002"
"Convert 4 5/6 into an improper fraction.","29/6","Easy","QL-014","ES-002","CP-002"
"Express 7 2/10 as an improper fraction.","36/5","Hard","QL-015","ES-002","CP-002"
"Change 6 4/11 into an improper fraction.","70/11","Easy","QL-018","ES-002","CP-002"
"Change 28/4 into a mixed number.","7","Medium","QL-017","ES-002","CP-002"
"Change 8 2/12 into an improper fraction.","49/6","Medium","QL-018","ES-002","CP-002"
"Convert the given fraction 22/10 into mixed form.","2 1/5","Hard","QL-019","ES-002","CP-002"
"Change 2 4/10 into an improper fraction.","12/5","Easy","QL-018","ES-002","CP-002"
"Express 5 4/8 as an improper fraction.","11/2","Hard","QL-015","ES-002","CP-002"
"Express 17/9 as a mixed fraction.","1 8/9","Hard","QL-012","ES-002","CP-002"
"Change 22/10 into a mixed number.","2 1/5","Easy","QL-017","ES-002","CP-002"
"Convert the mixed fraction 2 5/10 into improper form.","5/2","Medium","QL-020","ES-002","CP-002"
"Convert the given fraction 36/4 into mixed form.","9","Medium","QL-019","ES-002","CP-002"
"Write 8 3/7 in improper fraction form.","59/7","Easy","QL-016","ES-002","CP-002"
"Write 34/6 in mixed fraction form.","5 2/3","Medium","QL-013","ES-002","CP-002"
"Convert 6 1/11 into an improper fraction.","67/11","Medium","QL-014","ES-002","CP-002"
"Change 32/8 into a mixed number.","4","Easy","QL-017","ES-002","CP-002"
"Convert 4 5/7 into an improper fraction.","33/7","Easy","QL-014","ES-002","CP-002"
"Convert 6 1/12 into an improper fraction.","73/12","Hard","QL-014","ES-002","CP-002"
"Convert the given fraction 50/6 into mixed form.","8 1/3","Medium","QL-019","ES-002","CP-002"
"Convert 8 1/8 into an improper fraction.","65/8","Easy","QL-014","ES-002","CP-002"
"Write 44/4 in mixed fraction form.","11","Easy","QL-013","ES-002","CP-002"
"Convert the mixed fraction 2 3/10 into improper form.","23/10","Medium","QL-020","ES-002","CP-002"
"Express 3 2/9 as an improper fraction.","29/9","Easy","QL-015","ES-002","CP-002"
"Convert the mixed fraction 4 2/7 into improper form.","30/7","Easy","QL-020","ES-002","CP-002"
"Convert the given fraction 32/8 into mixed form.","4","Medium","QL-019","ES-002","CP-002"
"Express 27/7 as a mixed fraction.","3 6/7","Easy","QL-012","ES-002","CP-002"
"Convert 34/6 into a mixed fraction.","5 2/3","Medium","QL-011","ES-002","CP-002"
"Write 30/10 in mixed fraction form.","3","Medium","QL-013","ES-002","CP-002"
"Convert the mixed fraction 2 3/6 into improper form.","5/2","Medium","QL-020","ES-002","CP-002"
"Convert 40/8 into a mixed fraction.","5","Hard","QL-011","ES-002","CP-002"
"Convert 4 4/8 into an improper fraction.","9/2","Medium","QL-014","ES-002","CP-002"
"Write 34/6 in mixed fraction form.","5 2/3","Medium","QL-013","ES-002","CP-002"
"Write 6 3/12 in improper fraction form.","25/4","Hard","QL-016","ES-002","CP-002"
"Express 1 5/10 as an improper fraction.","3/2","Medium","QL-015","ES-002","CP-002"
"Change 8 4/6 into an improper fraction.","26/3","Easy","QL-018","ES-002","CP-002"
"Convert 30/10 into a mixed fraction.","3","Easy","QL-011","ES-002","CP-002"
"Convert the mixed fraction 2 5/8 into improper form.","21/8","Easy","QL-020","ES-002","CP-002"
"Write 4 5/9 in improper fraction form.","41/9","Easy","QL-016","ES-002","CP-002"
"Change 40/8 into a mixed number.","5","Medium","QL-017","ES-002","CP-002"
"Express 55/3 as a mixed fraction.","18 1/3","Hard","QL-012","ES-002","CP-002"
"Write 46/10 in mixed fraction form.","4 3/5","Medium","QL-013","ES-002","CP-002"
"Change 8 4/10 into an improper fraction.","42/5","Medium","QL-018","ES-002","CP-002"
"Convert 28/4 into a mixed fraction.","7","Easy","QL-011","ES-002","CP-002"
"Write 6 2/10 in improper fraction form.","31/5","Easy","QL-016","ES-002","CP-002"
"Write 50/6 in mixed fraction form.","8 1/3","Medium","QL-013","ES-002","CP-002"
"Change 4 4/7 into an improper fraction.","32/7","Medium","QL-018","ES-002","CP-002"
"Convert 48/8 into a mixed fraction.","6","Easy","QL-011","ES-002","CP-002"
"Change 20/4 into a mixed number.","5","Easy","QL-017","ES-002","CP-002"
"Change 8 1/7 into an improper fraction.","57/7","Medium","QL-018","ES-002","CP-002"
"Convert the given fraction 42/6 into mixed form.","7","Medium","QL-019","ES-002","CP-002"
"Write 6 4/7 in improper fraction form.","46/7","Easy","QL-016","ES-002","CP-002"
"Write 32/8 in mixed fraction form.","4","Medium","QL-013","ES-002","CP-002"
"Write 4 2/6 in improper fraction form.","13/3","Easy","QL-016","ES-002","CP-002"
"Convert the given fraction 38/10 into mixed form.","3 4/5","Medium","QL-019","ES-002","CP-002"
"Change 2 1/12 into an improper fraction.","25/12","Hard","QL-018","ES-002","CP-002"
"Convert 44/4 into a mixed fraction.","11","Easy","QL-011","ES-002","CP-002"
"Change 8 4/7 into an improper fraction.","60/7","Hard","QL-018","ES-002","CP-002"
"Write 2 3/12 in improper fraction form.","9/4","Easy","QL-016","ES-002","CP-002"
"Change 30/10 into a mixed number.","3","Hard","QL-017","ES-002","CP-002"
"Change 4 5/12 into an improper fraction.","53/12","Easy","QL-018","ES-002","CP-002"
"Change 40/8 into a mixed number.","5","Hard","QL-017","ES-002","CP-002"
"Convert the mixed fraction 6 1/7 into improper form.","43/7","Easy","QL-020","ES-002","CP-002"
"Convert 18/6 into a mixed fraction.","3","Medium","QL-011","ES-002","CP-002"
"Express 45/5 as a mixed fraction.","9","Easy","QL-012","ES-002","CP-002"
"Convert 52/4 into a mixed fraction.","13","Medium","QL-011","ES-002","CP-002"
"Convert the mixed fraction 2 5/8 into improper form.","21/8","Medium","QL-020","ES-002","CP-002"
"Change 30/10 into a mixed number.","3","Medium","QL-017","ES-002","CP-002"
"Express 7 5/11 as an improper fraction.","82/11","Easy","QL-015","ES-002","CP-002"
"Convert the mixed fraction 6 5/6 into improper form.","41/6","Medium","QL-020","ES-002","CP-002"
"Express 1 4/8 as an improper fraction.","3/2","Medium","QL-015","ES-002","CP-002"
"Express 29/5 as a mixed fraction.","5 4/5","Hard","QL-012","ES-002","CP-002"
"Write 22/10 in mixed fraction form.","2 1/5","Medium","QL-013","ES-002","CP-002"
"Change 2 4/12 into an improper fraction.","7/3","Easy","QL-018","ES-002","CP-002"
"Express 5 1/6 as an improper fraction.","31/6","Easy","QL-015","ES-002","CP-002"
"Change 4 1/9 into an improper fraction.","37/9","Medium","QL-018","ES-002","CP-002"
"Convert the given fraction 42/6 into mixed form.","7","Medium","QL-019","ES-002","CP-002"
"Convert 6 2/9 into an improper fraction.","56/9","Hard","QL-014","ES-002","CP-002"
"Convert the mixed fraction 8 1/7 into improper form.","57/7","Medium","QL-020","ES-002","CP-002"
"Convert 44/4 into a mixed fraction.","11","Easy","QL-011","ES-002","CP-002"
"Express 27/7 as a mixed fraction.","3 6/7","Medium","QL-012","ES-002","CP-002"
"Change 42/6 into a mixed number.","7","Medium","QL-017","ES-002","CP-002"
"Convert the mixed fraction 4 2/10 into improper form.","21/5","Easy","QL-020","ES-002","CP-002"
"Change 32/8 into a mixed number.","4","Hard","QL-017","ES-002","CP-002"
"Write 2 3/9 in improper fraction form.","7/3","Medium","QL-016","ES-002","CP-002"
"Write 30/10 in mixed fraction form.","3","Easy","QL-013","ES-002","CP-002"
"Write 8 3/7 in improper fraction form.","59/7","Easy","QL-016","ES-002","CP-002"
"Change 52/4 into a mixed number.","13","Easy","QL-017","ES-002","CP-002"
"Convert 40/8 into a mixed fraction.","5","Medium","QL-011","ES-002","CP-002"
"Convert the mixed fraction 4 1/10 into improper form.","41/10","Easy","QL-020","ES-002","CP-002"
"Write 22/10 in mixed fraction form.","2 1/5","Hard","QL-013","ES-002","CP-002"
"Convert the mixed fraction 2 3/10 into improper form.","23/10","Easy","QL-020","ES-002","CP-002"
"Express 1 5/7 as an improper fraction.","12/7","Hard","QL-015","ES-002","CP-002"
"Express 37/5 as a mixed fraction.","7 2/5","Hard","QL-012","ES-002","CP-002"
"Change 34/6 into a mixed number.","5 2/3","Easy","QL-017","ES-002","CP-002"
"Express 51/7 as a mixed fraction.","7 2/7","Easy","QL-012","ES-002","CP-002"
"Write 24/8 in mixed fraction form.","3","Medium","QL-013","ES-002","CP-002"
"Write 4 4/7 in improper fraction form.","32/7","Easy","QL-016","ES-002","CP-002"
"Convert 6 3/8 into an improper fraction.","51/8","Medium","QL-014","ES-002","CP-002"
"Convert the given fraction 26/6 into mixed form.","4 1/3","Medium","QL-019","ES-002","CP-002"
"Express 21/5 as a mixed fraction.","4 1/5","Hard","QL-012","ES-002","CP-002"
"Express 1 2/10 as an improper fraction.","6/5","Medium","QL-015","ES-002","CP-002"
"Convert the mixed fraction 2 3/7 into improper form.","17/7","Medium","QL-020","ES-002","CP-002"
"Write 54/10 in mixed fraction form.","5 2/5","Easy","QL-013","ES-002","CP-002"
"Change 4 3/6 into an improper fraction.","9/2","Hard","QL-018","ES-002","CP-002"
"Convert 32/8 into a mixed fraction.","4","Medium","QL-011","ES-002","CP-002"
"Express 51/7 as a mixed fraction.","7 2/7","Hard","QL-012","ES-002","CP-002"
"Convert 50/6 into a mixed fraction.","8 1/3","Medium","QL-011","ES-002","CP-002"
"Change 2 5/9 into an improper fraction.","23/9","Hard","QL-018","ES-002","CP-002"
"Convert the given fraction 22/10 into mixed form.","2 1/5","Easy","QL-019","ES-002","CP-002"
"Write 4 3/8 in improper fraction form.","35/8","Medium","QL-016","ES-002","CP-002"
"Convert 56/8 into a mixed fraction.","7","Hard","QL-011","ES-002","CP-002"
"Write 6 5/9 in improper fraction form.","59/9","Hard","QL-016","ES-002","CP-002"
"Express 7 5/12 as an improper fraction.","89/12","Easy","QL-015","ES-002","CP-002"
"Convert the mixed fraction 8 2/9 into improper form.","74/9","Hard","QL-020","ES-002","CP-002"
"Convert 20/4 into a mixed fraction.","5","Hard","QL-011","ES-002","CP-002"
"Convert the mixed fraction 2 1/7 into improper form.","15/7","Easy","QL-020","ES-002","CP-002"
"Change 54/10 into a mixed number.","5 2/5","Hard","QL-017","ES-002","CP-002"
"Convert 52/4 into a mixed fraction.","13","Easy","QL-011","ES-002","CP-002"
"Change 8 1/12 into an improper fraction.","97/12","Medium","QL-018","ES-002","CP-002"
"Write 50/6 in mixed fraction form.","8 1/3","Medium","QL-013","ES-002","CP-002"
"Change 6 1/11 into an improper fraction.","67/11","Medium","QL-018","ES-002","CP-002"
"Change 56/8 into a mixed number.","7","Hard","QL-017","ES-002","CP-002"
"Write 4 2/7 in improper fraction form.","30/7","Medium","QL-016","ES-002","CP-002"
"Convert the given fraction 38/10 into mixed form.","3 4/5","Easy","QL-019","ES-002","CP-002"
"Write 2 3/7 in improper fraction form.","17/7","Medium","QL-016","ES-002","CP-002"
"Convert the given fraction 44/4 into mixed form.","11","Easy","QL-019","ES-002","CP-002"
"Write 8 1/12 in improper fraction form.","97/12","Medium","QL-016","ES-002","CP-002"
"Convert 8 3/12 into an improper fraction.","33/4","Medium","QL-014","ES-002","CP-002"
"Convert 44/4 into a mixed fraction.","11","Easy","QL-011","ES-002","CP-002"
"Write 6 1/8 in improper fraction form.","49/8","Medium","QL-016","ES-002","CP-002"
"Convert the given fraction 50/6 into mixed form.","8 1/3","Easy","QL-019","ES-002","CP-002"
"Convert the mixed fraction 4 2/11 into improper form.","46/11","Medium","QL-020","ES-002","CP-002"
"Express 5 5/10 as an improper fraction.","11/2","Medium","QL-015","ES-002","CP-002"
"Express 39/3 as a mixed fraction.","13","Medium","QL-012","ES-002","CP-002"
"Write 38/10 in mixed fraction form.","3 4/5","Medium","QL-013","ES-002","CP-002"
"Convert the mixed fraction 8 2/7 into improper form.","58/7","Easy","QL-020","ES-002","CP-002"
"Convert 44/4 into a mixed fraction.","11","Hard","QL-011","ES-002","CP-002"
"Change 42/6 into a mixed number.","7","Hard","QL-017","ES-002","CP-002"
"Change 6 4/8 into an improper fraction.","13/2","Medium","QL-018","ES-002","CP-002"
"Write 52/4 in mixed fraction form.","13","Easy","QL-013","ES-002","CP-002"
"Express 29/5 as a mixed fraction.","5 4/5","Easy","QL-012","ES-002","CP-002"
"Convert 46/10 into a mixed fraction.","4 3/5","Medium","QL-011","ES-002","CP-002"
"Convert the mixed fraction 2 5/11 into improper form.","27/11","Medium","QL-020","ES-002","CP-002"
"Convert the given fraction 40/8 into mixed form.","5","Medium","QL-019","ES-002","CP-002"
"Express 25/9 as a mixed fraction.","2 7/9","Easy","QL-012","ES-002","CP-002"
"Convert 18/6 into a mixed fraction.","3","Easy","QL-011","ES-002","CP-002"
"Write 6 4/6 in improper fraction form.","20/3","Easy","QL-016","ES-002","CP-002"
"Write 6 2/11 in improper fraction form.","68/11","Medium","QL-016","ES-002","CP-002"
"Change 34/6 into a mixed number.","5 2/3","Hard","QL-017","ES-002","CP-002"
"Change 8 5/10 into an improper fraction.","17/2","Medium","QL-018","ES-002","CP-002"
"Change 52/4 into a mixed number.","13","Easy","QL-017","ES-002","CP-002"
"Express 55/3 as a mixed fraction.","18 1/3","Medium","QL-012","ES-002","CP-002"
"Write 46/10 in mixed fraction form.","4 3/5","Easy","QL-013","ES-002","CP-002"
"Convert 4 5/12 into an improper fraction.","53/12","Medium","QL-014","ES-002","CP-002"
"Write 56/8 in mixed fraction form.","7","Easy","QL-013","ES-002","CP-002"
"Change 6 2/6 into an improper fraction.","19/3","Easy","QL-018","ES-002","CP-002"
"Convert the given fraction 18/6 into mixed form.","3","Easy","QL-019","ES-002","CP-002"
"Change 56/8 into a mixed number.","7","Medium","QL-017","ES-002","CP-002"
"Convert the mixed fraction 4 2/8 into improper form.","17/4","Easy","QL-020","ES-002","CP-002"
"Convert the given fraction 54/10 into mixed form.","5 2/5","Easy","QL-019","ES-002","CP-002"
"Write 2 2/6 in improper fraction form.","7/3","Easy","QL-016","ES-002","CP-002"
"Change 20/4 into a mixed number.","5","Medium","QL-017","ES-002","CP-002"
"Convert 8 5/11 into an improper fraction.","93/11","Easy","QL-014","ES-002","CP-002"
"Convert 50/6 into a mixed fraction.","8 1/3","Hard","QL-011","ES-002","CP-002"
"Change 6 2/10 into an improper fraction.","31/5","Easy","QL-018","ES-002","CP-002"
"Convert the given fraction 48/8 into mixed form.","6","Hard","QL-019","ES-002","CP-002"
"Express 49/9 as a mixed fraction.","5 4/9","Medium","QL-012","ES-002","CP-002"
"Write 4 5/10 in improper fraction form.","9/2","Hard","QL-016","ES-002","CP-002"
"Convert 24/8 into a mixed fraction.","3","Hard","QL-011","ES-002","CP-002"
"Convert the mixed fraction 2 1/6 into improper form.","13/6","Medium","QL-020","ES-002","CP-002"
"Write 46/10 in mixed fraction form.","4 3/5","Medium","QL-013","ES-002","CP-002"
"Change 8 4/11 into an improper fraction.","92/11","Medium","QL-018","ES-002","CP-002"
"Express 1 4/7 as an improper fraction.","11/7","Medium","QL-015","ES-002","CP-002"
"Change 6 4/7 into an improper fraction.","46/7","Medium","QL-018","ES-002","CP-002"
"Change 18/6 into a mixed number.","3","Medium","QL-017","ES-002","CP-002"
"Express 49/9 as a mixed fraction.","5 4/9","Medium","QL-012","ES-002","CP-002"
"Write 48/8 in mixed fraction form.","6","Easy","QL-013","ES-002","CP-002"
"Change 54/10 into a mixed number.","5 2/5","Medium","QL-017","ES-002","CP-002"
"Convert 2 1/7 into an improper fraction.","15/7","Medium","QL-014","ES-002","CP-002"
"Change 56/8 into a mixed number.","7","Medium","QL-017","ES-002","CP-002"
"Express 33/9 as a mixed fraction.","3 2/3","Easy","QL-012","ES-002","CP-002"
"Convert 50/6 into a mixed fraction.","8 1/3","Hard","QL-011","ES-002","CP-002"
"Convert 6 2/7 into an improper fraction.","44/7","Easy","QL-014","ES-002","CP-002"
"Convert 28/4 into a mixed fraction.","7","Easy","QL-011","ES-002","CP-002"
"Write 8 2/10 in improper fraction form.","41/5","Medium","QL-016","ES-002","CP-002"
"Write 22/10 in mixed fraction form.","2 1/5","Easy","QL-013","ES-002","CP-002"
"Change 2 3/12 into an improper fraction.","9/4","Easy","QL-018","ES-002","CP-002"
"Change 2 5/11 into an improper fraction.","27/11","Hard","QL-018","ES-002","CP-002"
"Write 38/10 in mixed fraction form.","3 4/5","Easy","QL-013","ES-002","CP-002"
"Change 4 2/8 into an improper fraction.","17/4","Easy","QL-018","ES-002","CP-002"
"Convert the given fraction 32/8 into mixed form.","4","Hard","QL-019","ES-002","CP-002"
"Convert the mixed fraction 6 5/8 into improper form.","53/8","Easy","QL-020","ES-002","CP-002"
"Express 7 1/10 as an improper fraction.","71/10","Hard","QL-015","ES-002","CP-002"
"Express 29/5 as a mixed fraction.","5 4/5","Medium","QL-012","ES-002","CP-002"
"Express 1 5/7 as an improper fraction.","12/7","Easy","QL-015","ES-002","CP-002"
"Express 47/3 as a mixed fraction.","15 2/3","Medium","QL-012","ES-002","CP-002"
"Convert the given fraction 30/10 into mixed form.","3","Easy","QL-019","ES-002","CP-002"
"Convert the given fraction 44/4 into mixed form.","11","Hard","QL-019","ES-002","CP-002"
"Express 29/5 as a mixed fraction.","5 4/5","Easy","QL-012","ES-002","CP-002"
"Convert 42/6 into a mixed fraction.","7","Easy","QL-011","ES-002","CP-002"
"Change 6 3/8 into an improper fraction.","51/8","Easy","QL-018","ES-002","CP-002"
"Express 5 1/11 as an improper fraction.","56/11","Medium","QL-015","ES-002","CP-002"
"Express 25/9 as a mixed fraction.","2 7/9","Medium","QL-012","ES-002","CP-002"
"Convert the given fraction 46/10 into mixed form.","4 3/5","Hard","QL-019","ES-002","CP-002"
"Convert 2 2/6 into an improper fraction.","7/3","Hard","QL-014","ES-002","CP-002"
"Write 52/4 in mixed fraction form.","13","Easy","QL-013","ES-002","CP-002"
"Express 37/5 as a mixed fraction.","7 2/5","Medium","QL-012","ES-002","CP-002"
"Write 54/10 in mixed fraction form.","5 2/5","Hard","QL-013","ES-002","CP-002"
"Convert the mixed fraction 2 1/8 into improper form.","17/8","Easy","QL-020","ES-002","CP-002"
"Convert 56/8 into a mixed fraction.","7","Medium","QL-011","ES-002","CP-002"
"Convert the mixed fraction 4 5/9 into improper form.","41/9","Medium","QL-020","ES-002","CP-002"
"Change 50/6 into a mixed number.","8 1/3","Easy","QL-017","ES-002","CP-002"
"Write 6 4/7 in improper fraction form.","46/7","Easy","QL-016","ES-002","CP-002"
"Express 1 2/9 as an improper fraction.","11/9","Medium","QL-015","ES-002","CP-002"
"Convert 8 4/6 into an improper fraction.","26/3","Easy","QL-014","ES-002","CP-002"
"Convert the given fraction 22/10 into mixed form.","2 1/5","Easy","QL-019","ES-002","CP-002"
"Change 2 5/10 into an improper fraction.","5/2","Hard","QL-018","ES-002","CP-002"
"Express 41/9 as a mixed fraction.","4 5/9","Medium","QL-012","ES-002","CP-002"
"Convert the given fraction 48/8 into mixed form.","6","Medium","QL-019","ES-002","CP-002"
"Convert 2 4/6 into an improper fraction.","8/3","Easy","QL-014","ES-002","CP-002"
"Change 46/10 into a mixed number.","4 3/5","Easy","QL-017","ES-002","CP-002"
"Write 8 1/6 in improper fraction form.","49/6","Medium","QL-016","ES-002","CP-002"
"Write 20/4 in mixed fraction form.","5","Medium","QL-013","ES-002","CP-002"
"Change 6 4/10 into an improper fraction.","32/5","Easy","QL-018","ES-002","CP-002"
"Write 18/6 in mixed fraction form.","3","Easy","QL-013","ES-002","CP-002"
"Convert 4 3/6 into an improper fraction.","9/2","Easy","QL-014","ES-002","CP-002"
"Change 56/8 into a mixed number.","7","Medium","QL-017","ES-002","CP-002"
"Convert 24/8 into a mixed fraction.","3","Medium","QL-011","ES-002","CP-002"
"Express 49/9 as a mixed fraction.","5 4/9","Hard","QL-012","ES-002","CP-002"
"Convert 54/10 into a mixed fraction.","5 2/5","Medium","QL-011","ES-002","CP-002"
"Convert the mixed fraction 2 1/11 into improper form.","23/11","Easy","QL-020","ES-002","CP-002"
"Express 1 4/12 as an improper fraction.","4/3","Easy","QL-015","ES-002","CP-002"
"Write 8 2/12 in improper fraction form.","49/6","Hard","QL-016","ES-002","CP-002"
"Express 7 5/8 as an improper fraction.","61/8","Easy","QL-015","ES-002","CP-002"
"Convert the mixed fraction 6 5/10 into improper form.","13/2","Medium","QL-020","ES-002","CP-002"
"Write 48/8 in mixed fraction form.","6","Easy","QL-013","ES-002","CP-002"
"Write 4 3/12 in improper fraction form.","17/4","Medium","QL-016","ES-002","CP-002"
"Convert 6 3/12 into an improper fraction.","25/4","Medium","QL-014","ES-002","CP-002"
"Convert the given fraction 50/6 into mixed form.","8 1/3","Hard","QL-019","ES-002","CP-002"
"Write 8 1/6 in improper fraction form.","49/6","Medium","QL-016","ES-002","CP-002"
"Express 1 3/11 as an improper fraction.","14/11","Easy","QL-015","ES-002","CP-002"
"Express 39/3 as a mixed fraction.","13","Hard","QL-012","ES-002","CP-002"
"Change 46/10 into a mixed number.","4 3/5","Easy","QL-017","ES-002","CP-002"
"Change 4 5/12 into an improper fraction.","53/12","Medium","QL-018","ES-002","CP-002"
"Convert the given fraction 40/8 into mixed form.","5","Easy","QL-019","ES-002","CP-002"
"Convert 6 1/12 into an improper fraction.","73/12","Medium","QL-014","ES-002","CP-002"
"Write 50/6 in mixed fraction form.","8 1/3","Medium","QL-013","ES-002","CP-002"
"Write 50/6 in mixed fraction form.","8 1/3","Easy","QL-013","ES-002","CP-002"
"Write 6 3/8 in improper fraction form.","51/8","Medium","QL-016","ES-002","CP-002"
"Express 1 1/10 as an improper fraction.","11/10","Easy","QL-015","ES-002","CP-002"
"Change 8 4/9 into an improper fraction.","76/9","Medium","QL-018","ES-002","CP-002"
"Write 46/10 in mixed fraction form.","4 3/5","Medium","QL-013","ES-002","CP-002"
"Convert the mixed fraction 2 3/9 into improper form.","7/3","Easy","QL-020","ES-002","CP-002"
"Convert 40/8 into a mixed fraction.","5","Medium","QL-011","ES-002","CP-002"
"Convert 4 5/8 into an improper fraction.","37/8","Medium","QL-014","ES-002","CP-002"
"Change 18/6 into a mixed number.","3","Medium","QL-017","ES-002","CP-002"
"Convert the mixed fraction 6 3/10 into improper form.","63/10","Easy","QL-020","ES-002","CP-002"
"Express 21/5 as a mixed fraction.","4 1/5","Easy","QL-012","ES-002","CP-002"
"Convert 28/4 into a mixed fraction.","7","Hard","QL-011","ES-002","CP-002"
"Write 6 3/10 in improper fraction form.","63/10","Hard","QL-016","ES-002","CP-002"
"Write 50/6 in mixed fraction form.","8 1/3","Easy","QL-013","ES-002","CP-002"
"Write 4 5/12 in improper fraction form.","53/12","Easy","QL-016","ES-002","CP-002"
"Change 56/8 into a mixed number.","7","Easy","QL-017","ES-002","CP-002"
"Express 55/3 as a mixed fraction.","18 1/3","Medium","QL-012","ES-002","CP-002"
"Write 22/10 in mixed fraction form.","2 1/5","Easy","QL-013","ES-002","CP-002"
"Express 53/5 as a mixed fraction.","10 3/5","Medium","QL-012","ES-002","CP-002"
"Convert 28/4 into a mixed fraction.","7","Easy","QL-011","ES-002","CP-002"
"Convert the given fraction 52/4 into mixed form.","13","Easy","QL-019","ES-002","CP-002"
"Write 8 3/10 in improper fraction form.","83/10","Medium","QL-016","ES-002","CP-002"
"Write 50/6 in mixed fraction form.","8 1/3","Easy","QL-013","ES-002","CP-002"
"Convert 6 1/7 into an improper fraction.","43/7","Easy","QL-014","ES-002","CP-002"
"Express 5 4/11 as an improper fraction.","59/11","Medium","QL-015","ES-002","CP-002"
"Express 33/9 as a mixed fraction.","3 2/3","Medium","QL-012","ES-002","CP-002"
"Change 38/10 into a mixed number.","3 4/5","Easy","QL-017","ES-002","CP-002"
"Convert the mixed fraction 2 1/10 into improper form.","21/10","Easy","QL-020","ES-002","CP-002"
"Convert 44/4 into a mixed fraction.","11","Hard","QL-011","ES-002","CP-002"
"Change 8 5/8 into an improper fraction.","69/8","Medium","QL-018","ES-002","CP-002"
"Change 2 3/10 into an improper fraction.","23/10","Medium","QL-018","ES-002","CP-002"
"Convert the given fraction 38/10 into mixed form.","3 4/5","Medium","QL-019","ES-002","CP-002"
"Convert the mixed fraction 4 2/12 into improper form.","25/6","Medium","QL-020","ES-002","CP-002"
"Change 32/8 into a mixed number.","4","Easy","QL-017","ES-002","CP-002"
"Express 27/7 as a mixed fraction.","3 6/7","Medium","QL-012","ES-002","CP-002"
"Convert 50/6 into a mixed fraction.","8 1/3","Easy","QL-011","ES-002","CP-002"
"Convert the mixed fraction 8 1/8 into improper form.","65/8","Medium","QL-020","ES-002","CP-002"
"Convert 20/4 into a mixed fraction.","5","Medium","QL-011","ES-002","CP-002"
"Convert the mixed fraction 2 3/6 into improper form.","5/2","Easy","QL-020","ES-002","CP-002"
"Express 3 3/9 as an improper fraction.","10/3","Medium","QL-015","ES-002","CP-002"
"Express 3 1/10 as an improper fraction.","31/10","Medium","QL-015","ES-002","CP-002"
"Convert 2 4/9 into an improper fraction.","22/9","Medium","QL-014","ES-002","CP-002"
"Convert 24/8 into a mixed fraction.","3","Hard","QL-011","ES-002","CP-002"
"Change 4 1/9 into an improper fraction.","37/9","Easy","QL-018","ES-002","CP-002"
"Convert the given fraction 34/6 into mixed form.","5 2/3","Easy","QL-019","ES-002","CP-002"
"Convert the mixed fraction 6 5/6 into improper form.","41/6","Medium","QL-020","ES-002","CP-002"
"Express 1 4/8 as an improper fraction.","3/2","Easy","QL-015","ES-002","CP-002"
"Express 21/5 as a mixed fraction.","4 1/5","Medium","QL-012","ES-002","CP-002"
"Convert 54/10 into a mixed fraction.","5 2/5","Easy","QL-011","ES-002","CP-002"
"Change 2 2/9 into an improper fraction.","20/9","Easy","QL-018","ES-002","CP-002"
"Convert 4 3/9 into an improper fraction.","13/3","Hard","QL-014","ES-002","CP-002"
"Write 24/8 in mixed fraction form.","3","Easy","QL-013","ES-002","CP-002"
"Convert 2 4/12 into an improper fraction.","7/3","Easy","QL-014","ES-002","CP-002"
"Convert the given fraction 30/10 into mixed form.","3","Hard","QL-019","ES-002","CP-002"
"Change 8 2/10 into an improper fraction.","41/5","Hard","QL-018","ES-002","CP-002"
"Change 36/4 into a mixed number.","9","Easy","QL-017","ES-002","CP-002"
"Change 6 2/7 into an improper fraction.","44/7","Medium","QL-018","ES-002","CP-002"
"Write 26/6 in mixed fraction form.","4 1/3","Medium","QL-013","ES-002","CP-002"
"Convert 4 3/11 into an improper fraction.","47/11","Medium","QL-014","ES-002","CP-002"
"Convert 48/8 into a mixed fraction.","6","Easy","QL-011","ES-002","CP-002"
"Change 8 5/11 into an improper fraction.","93/11","Easy","QL-018","ES-002","CP-002"
"Express 1 5/7 as an improper fraction.","12/7","Easy","QL-015","ES-002","CP-002"
"Change 6 4/10 into an improper fraction.","32/5","Easy","QL-018","ES-002","CP-002"
"Change 34/6 into a mixed number.","5 2/3","Easy","QL-017","ES-002","CP-002"
"Write 4 1/10 in improper fraction form.","41/10","Medium","QL-016","ES-002","CP-002"
"Convert 24/8 into a mixed fraction.","3","Medium","QL-011","ES-002","CP-002"
"Convert the mixed fraction 2 2/6 into improper form.","7/3","Easy","QL-020","ES-002","CP-002"
"Write 22/10 in mixed fraction form.","2 1/5","Easy","QL-013","ES-002","CP-002"
"Convert the mixed fraction 8 5/8 into improper form.","69/8","Easy","QL-020","ES-002","CP-002"
"Convert the given fraction 52/4 into mixed form.","13","Hard","QL-019","ES-002","CP-002"
"Convert 26/6 into a mixed fraction.","4 1/3","Medium","QL-011","ES-002","CP-002"
"Convert 6 2/10 into an improper fraction.","31/5","Hard","QL-014","ES-002","CP-002"
"Convert 44/4 into a mixed fraction.","11","Hard","QL-011","ES-002","CP-002"
"Write 8 2/6 in improper fraction form.","25/3","Easy","QL-016","ES-002","CP-002"
"Change 30/10 into a mixed number.","3","Easy","QL-017","ES-002","CP-002"
"Convert 2 2/10 into an improper fraction.","11/5","Easy","QL-014","ES-002","CP-002"
"Change 32/8 into a mixed number.","4","Medium","QL-017","ES-002","CP-002"
"Express 49/9 as a mixed fraction.","5 4/9","Easy","QL-012","ES-002","CP-002"
"Convert the given fraction 34/6 into mixed form.","5 2/3","Hard","QL-019","ES-002","CP-002"
"Express 51/7 as a mixed fraction.","7 2/7","Hard","QL-012","ES-002","CP-002"
"Write 2 2/12 in improper fraction form.","13/6","Medium","QL-016","ES-002","CP-002"
"Write 46/10 in mixed fraction form.","4 3/5","Medium","QL-013","ES-002","CP-002"
"Change 4 1/6 into an improper fraction.","25/6","Easy","QL-018","ES-002","CP-002"
"Express 5 5/6 as an improper fraction.","35/6","Medium","QL-015","ES-002","CP-002"
"Change 6 2/9 into an improper fraction.","56/9","Medium","QL-018","ES-002","CP-002"
"Convert the given fraction 34/6 into mixed form.","5 2/3","Hard","QL-019","ES-002","CP-002"
"Express 53/5 as a mixed fraction.","10 3/5","Easy","QL-012","ES-002","CP-002"
"Write 28/4 in mixed fraction form.","7","Easy","QL-013","ES-002","CP-002"
"Express 55/3 as a mixed fraction.","18 1/3","Medium","QL-012","ES-002","CP-002"
"Write 22/10 in mixed fraction form.","2 1/5","Hard","QL-013","ES-002","CP-002"
"Change 36/4 into a mixed number.","9","Medium","QL-017","ES-002","CP-002"
"Convert 8 5/7 into an improper fraction.","61/7","Easy","QL-014","ES-002","CP-002"
"Convert 26/6 into a mixed fraction.","4 1/3","Medium","QL-011","ES-002","CP-002"
"Change 6 2/6 into an improper fraction.","19/3","Medium","QL-018","ES-002","CP-002"
"Change 56/8 into a mixed number.","7","Easy","QL-017","ES-002","CP-002"
"Convert the mixed fraction 4 3/8 into improper form.","35/8","Medium","QL-020","ES-002","CP-002"
"Convert the given fraction 54/10 into mixed form.","5 2/5","Medium","QL-019","ES-002","CP-002"
"Write 2 2/9 in improper fraction form.","20/9","Medium","QL-016","ES-002","CP-002"
"Write 36/4 in mixed fraction form.","9","Easy","QL-013","ES-002","CP-002"
"Convert 8 3/11 into an improper fraction.","91/11","Medium","QL-014","ES-002","CP-002"
"Convert 4 1/11 into an improper fraction.","45/11","Hard","QL-014","ES-002","CP-002"
"Change 24/8 into a mixed number.","3","Easy","QL-017","ES-002","CP-002"
"Write 2 5/12 in improper fraction form.","29/12","Medium","QL-016","ES-002","CP-002"
"Write 22/10 in mixed fraction form.","2 1/5","Hard","QL-013","ES-002","CP-002"
"Change 8 3/10 into an improper fraction.","83/10","Easy","QL-018","ES-002","CP-002"
"Change 44/4 into a mixed number.","11","Medium","QL-017","ES-002","CP-002"
"Change 6 5/9 into an improper fraction.","59/9","Hard","QL-018","ES-002","CP-002"
"Express 7 3/8 as an improper fraction.","59/8","Medium","QL-015","ES-002","CP-002"
"Express 17/9 as a mixed fraction.","1 8/9","Medium","QL-012","ES-002","CP-002"
"Write 32/8 in mixed fraction form.","4","Medium","QL-013","ES-002","CP-002"
"Change 46/10 into a mixed number.","4 3/5","Medium","QL-017","ES-002","CP-002"
"Write 2 2/12 in improper fraction form.","13/6","Easy","QL-016","ES-002","CP-002"
"Express 5 3/9 as an improper fraction.","16/3","Easy","QL-015","ES-002","CP-002"
"Convert 4 5/10 into an improper fraction.","9/2","Easy","QL-014","ES-002","CP-002"
"Write 18/6 in mixed fraction form.","3","Easy","QL-013","ES-002","CP-002"
"Write 6 4/7 in improper fraction form.","46/7","Medium","QL-016","ES-002","CP-002"
"Express 1 1/11 as an improper fraction.","12/11","Medium","QL-015","ES-002","CP-002"
"Change 8 2/8 into an improper fraction.","33/4","Medium","QL-018","ES-002","CP-002"
"Convert the given fraction 22/10 into mixed form.","2 1/5","Hard","QL-019","ES-002","CP-002"
"Write 2 4/6 in improper fraction form.","8/3","Medium","QL-016","ES-002","CP-002"
"Change 6 2/7 into an improper fraction.","44/7","Easy","QL-018","ES-002","CP-002"
"Change 26/6 into a mixed number.","4 1/3","Medium","QL-017","ES-002","CP-002"
"Write 8 2/12 in improper fraction form.","49/6","Easy","QL-016","ES-002","CP-002"
"Change 20/4 into a mixed number.","5","Easy","QL-017","ES-002","CP-002"
"Convert 2 4/7 into an improper fraction.","18/7","Easy","QL-014","ES-002","CP-002"
"Express 3 3/11 as an improper fraction.","36/11","Easy","QL-015","ES-002","CP-002"
"Write 4 3/9 in improper fraction form.","13/3","Hard","QL-016","ES-002","CP-002"
"Write 48/8 in mixed fraction form.","6","Medium","QL-013","ES-002","CP-002"
"Convert the mixed fraction 6 2/12 into improper form.","37/6","Hard","QL-020","ES-002","CP-002"
"Express 7 5/11 as an improper fraction.","82/11","Hard","QL-015","ES-002","CP-002"
"Convert 40/8 into a mixed fraction.","5","Medium","QL-011","ES-002","CP-002"
"Convert the mixed fraction 4 1/7 into improper form.","29/7","Easy","QL-020","ES-002","CP-002"
"Write 46/10 in mixed fraction form.","4 3/5","Hard","QL-013","ES-002","CP-002"
"Express 39/3 as a mixed fraction.","13","Medium","QL-012","ES-002","CP-002"
"Convert 44/4 into a mixed fraction.","11","Medium","QL-011","ES-002","CP-002"
"Convert 8 5/8 into an improper fraction.","69/8","Medium","QL-014","ES-002","CP-002"
"Convert the given fraction 34/6 into mixed form.","5 2/3","Easy","QL-019","ES-002","CP-002"
"Convert the mixed fraction 6 3/8 into improper form.","51/8","Medium","QL-020","ES-002","CP-002"
"Express 5 3/11 as an improper fraction.","58/11","Easy","QL-015","ES-002","CP-002"
"Convert 4 4/11 into an improper fraction.","48/11","Medium","QL-014","ES-002","CP-002"
"Express 53/5 as a mixed fraction.","10 3/5","Easy","QL-012","ES-002","CP-002"
"Convert the given fraction 36/4 into mixed form.","9","Hard","QL-019","ES-002","CP-002"
"Convert 6 5/7 into an improper fraction.","47/7","Medium","QL-014","ES-002","CP-002"
"Convert the given fraction 34/6 into mixed form.","5 2/3","Medium","QL-019","ES-002","CP-002"
"Change 4 1/9 into an improper fraction.","37/9","Easy","QL-018","ES-002","CP-002"
"Express 5 3/11 as an improper fraction.","58/11","Hard","QL-015","ES-002","CP-002"
"Convert the mixed fraction 2 5/10 into improper form.","5/2","Medium","QL-020","ES-002","CP-002"
"Write 22/10 in mixed fraction form.","2 1/5","Medium","QL-013","ES-002","CP-002"
"Change 8 3/11 into an improper fraction.","91/11","Easy","QL-018","ES-002","CP-002"
"Change 28/4 into a mixed number.","7","Medium","QL-017","ES-002","CP-002"
"Write 26/6 in mixed fraction form.","4 1/3","Medium","QL-013","ES-002","CP-002"
"Express 51/7 as a mixed fraction.","7 2/7","Medium","QL-012","ES-002","CP-002"
"Convert 44/4 into a mixed fraction.","11","Easy","QL-011","ES-002","CP-002"
"Write 8 5/10 in improper fraction form.","17/2","Medium","QL-016","ES-002","CP-002"
"Convert the given fraction 30/10 into mixed form.","3","Easy","QL-019","ES-002","CP-002"
"Write 2 2/12 in improper fraction form.","13/6","Medium","QL-016","ES-002","CP-002"
"Change 32/8 into a mixed number.","4","Hard","QL-017","ES-002","CP-002"
"Write 4 1/6 in improper fraction form.","25/6","Easy","QL-016","ES-002","CP-002"
"Convert 26/6 into a mixed fraction.","4 1/3","Medium","QL-011","ES-002","CP-002"
"Express 27/7 as a mixed fraction.","3 6/7","Easy","QL-012","ES-002","CP-002"
"Evaluate and find the result:\n    4/5 - 11/6","-31/30","Easy","QL-049","ES-003","CP-003"
"The simplified result of the following expression is:\n    7/4 + 10/9 + 17/2","409/36","Easy","QL-050","ES-003","CP-003"
"Solve 44/9 / 15/16.","704/135","Medium","QL-025","ES-003","CP-003"
"On simplifying 11/9 x 20 x 22/23, we get:","4840/207","Hard","QL-040","ES-003","CP-003"
"Find the result of 6/5 - 2.","-4/5","Medium","QL-035","ES-003","CP-003"
"What is the value of 17/3 x 8/11 x 23/15?","3128/495","Easy","QL-036","ES-003","CP-003"
"The simplified value of 35/3 + 3/5 equals:","184/15","Hard","QL-041","ES-003","CP-003"
"Simplify the expression (2/17 + 31/10) x 13/8 / 7/4.","7111/2380","Medium","QL-026","ES-003","CP-003"
"Evaluate the given expression: 7/5 / 39/22.","154/195","Hard","QL-027","ES-003","CP-003"
"Simplify the expression 5/6 / 17/11 / 41/15.","275/1394","Hard","QL-026","ES-003","CP-003"
"Simplify the expression 7/3 + 24/11 + 31/4.","1619/132","Medium","QL-026","ES-003","CP-003"
"What is obtained after simplifying 16/17 + 17/12?","481/204","Easy","QL-043","ES-003","CP-003"
"Find the value obtained from:\n    5/21 / 17/7 / 4/3","5/68","Easy","QL-048","ES-003","CP-003"
"Evaluate the fraction expression 47/8 / 6/5.","235/48","Easy","QL-033","ES-003","CP-003"
"Find the answer to 33/8 / 5/8 / 22/17.","51/10","Medium","QL-042","ES-003","CP-003"
"Calculate the value of 7/11 x 25/18.","175/198","Medium","QL-029","ES-003","CP-003"
"Evaluate the decimal expression 47/20 x 29/13 x 1.","1363/260","Easy","QL-034","ES-003","CP-003"
"Simplify the following and choose the correct answer:\n    (1/4 + 4/3) x 13/22 / 31/6","247/1364","Easy","QL-047","ES-003","CP-003"
"Simplify and find the value of (1/3 + 18/7) x 43/7 / 25/23.","60329/3675","Medium","QL-032","ES-003","CP-003"
"Determine the result of 4/11 + 13/3.","155/33","Hard","QL-045","ES-003","CP-003"
"Find the result of (3 + 2/9) x 11/10 / 10.","319/900","Easy","QL-035","ES-003","CP-003"
"The value of the following expression is:\n    29/14 / 11/7 / 18/23","667/396","Hard","QL-046","ES-003","CP-003"
"Solve 3/10 - 21/17.","-159/170","Easy","QL-025","ES-003","CP-003"
"On simplifying 22/21 x 2/7 x 11/4, we get:","121/147","Medium","QL-040","ES-003","CP-003"
"Simplify (3/2 + 42/23) x 13/2 / 31/9.","17901/2852","Medium","QL-021","ES-003","CP-003"
"Simplify and find the value of 19/15 + 6 + 1/3.","38/5","Medium","QL-032","ES-003","CP-003"
"The simplified value of 1/2 / 23/17 equals:","17/46","Medium","QL-041","ES-003","CP-003"
"Work out 2 - 41/22 - 23/20.","-223/220","Hard","QL-030","ES-003","CP-003"
"Evaluate the given expression: (19/11 + 3/2) x 27/8 / 3.","639/176","Medium","QL-027","ES-003","CP-003"
"Work out 20/7 / 2/23 / 9/4.","920/63","Hard","QL-030","ES-003","CP-003"
"Evaluate 13/4 x 1/3 x 37/22.","481/264","Hard","QL-022","ES-003","CP-003"
"Find the result of 7/11 x 16/3.","112/33","Hard","QL-035","ES-003","CP-003"
"Work out (13/2 + 7/3) x 2/11 / 31/4.","212/1023","Medium","QL-030","ES-003","CP-003"
"Find the final value of 30/19 x 16.","480/19","Hard","QL-031","ES-003","CP-003"
"Simplify and find the value of (37/16 + 19/9) x 48/7 / 30/23.","2093/90","Medium","QL-032","ES-003","CP-003"
"Evaluate and find the result:\n    23/5 + 41/12","481/60","Easy","QL-049","ES-003","CP-003"
"Compute the value of (7/23 + 9/4) x 43/9 / 25/2.","2021/2070","Hard","QL-044","ES-003","CP-003"
"Determine the result of (7/2 + 46/15) x 1 / 35/24.","788/175","Medium","QL-045","ES-003","CP-003"
"The value of the following expression is:\n    47/23 x 29/16 x 11/14","14993/5152","Easy","QL-046","ES-003","CP-003"
"Find the final value of 22/17 / 5/3.","66/85","Easy","QL-031","ES-003","CP-003"
"Simplify the following and choose the correct answer:\n    1/3 - 13/4","-35/12","Easy","QL-047","ES-003","CP-003"
"What is the value of 8/5 - 14/13 - 43/11?","-2421/715","Medium","QL-036","ES-003","CP-003"
"Find the final value of 38/5 x 3/4.","57/10","Easy","QL-031","ES-003","CP-003"
"The simplified result of the following expression is:\n    (5 + 44/19) x 1/3 / 33/5","695/1881","Hard","QL-050","ES-003","CP-003"
"Evaluate the fraction expression 27/14 - 15/7.","-3/14","Easy","QL-033","ES-003","CP-003"
"The simplified result of the following expression is:\n    14 x 24/19 x 6/17","2016/323","Hard","QL-050","ES-003","CP-003"
"Determine the result of (1 + 20/9) x 38/11 / 1/2.","2204/99","Hard","QL-045","ES-003","CP-003"
"Simplify and find the value of 25/13 x 7/6 x 7/11.","1225/858","Easy","QL-032","ES-003","CP-003"
"Find the final value of 42/11 / 13/18.","756/143","Easy","QL-031","ES-003","CP-003"
"Evaluate the decimal expression 5/21 + 17/7 + 4/3.","4","Easy","QL-034","ES-003","CP-003"
"What is the value of (3 + 41/20) x 48/13 / 5?","1212/325","Hard","QL-036","ES-003","CP-003"
"Solve 17/5 / 35/12.","204/175","Medium","QL-025","ES-003","CP-003"
"Evaluate the decimal expression 5/3 + 39/22 + 21/20.","2963/660","Easy","QL-034","ES-003","CP-003"
"Determine the result of 9/2 x 16/17.","72/17","Medium","QL-045","ES-003","CP-003"
"The simplified result of the following expression is:\n    9 x 9/19 x 4/3","108/19","Hard","QL-050","ES-003","CP-003"
"Evaluate the following: 26/11 / 22/9.","117/121","Easy","QL-039","ES-003","CP-003"
"Compute the value of 20/21 - 1/7 - 31/12.","-149/84","Medium","QL-044","ES-003","CP-003"
"Calculate the value of 43/10 + 14/17.","871/170","Easy","QL-029","ES-003","CP-003"
"The simplified result of the following expression is:\n    (1/5 + 33/13) x 20/3 / 1","712/39","Medium","QL-050","ES-003","CP-003"
"Simplify the following and choose the correct answer:\n    27/16 + 45/23","1341/368","Easy","QL-047","ES-003","CP-003"
"Simplify 16/3 - 3/13.","199/39","Hard","QL-021","ES-003","CP-003"
"Evaluate the decimal expression 43/11 + 25/4 + 8/5.","2587/220","Medium","QL-034","ES-003","CP-003"
"What is obtained after simplifying 2/5 / 5/3?","6/25","Medium","QL-043","ES-003","CP-003"
"Simplify and find the value of 25/7 / 7/23 / 12/7.","575/84","Medium","QL-032","ES-003","CP-003"
"Find the result of 25/6 - 43/13.","67/78","Medium","QL-035","ES-003","CP-003"
"Evaluate the decimal expression 9/20 - 38/13 - 15/2.","-2593/260","Medium","QL-034","ES-003","CP-003"
"Solve 11/23 - 29/7.","-590/161","Easy","QL-025","ES-003","CP-003"
"What is the value of 4 + 2/21 + 31/19?","2285/399","Medium","QL-036","ES-003","CP-003"
"What is obtained after simplifying (10/19 + 28/3) x 46/5 / 17/12?","103408/1615","Easy","QL-043","ES-003","CP-003"
"Work out 19/10 - 20/13 - 9/2.","-269/65","Hard","QL-030","ES-003","CP-003"
"On simplifying (40/9 + 11) x 4/23 / 33/16, we get:","8896/6831","Medium","QL-040","ES-003","CP-003"
"What is obtained after simplifying (17/7 + 5/2) x 4/3 / 46/5?","5/7","Easy","QL-043","ES-003","CP-003"
"Evaluate (5/2 + 27/11) x 17/2 / 4/5.","9265/176","Medium","QL-022","ES-003","CP-003"
"Evaluate and find the result:\n    33/5 + 1/3","104/15","Easy","QL-049","ES-003","CP-003"
"Compute the value of 16/9 x 45/2 x 27/23.","1080/23","Easy","QL-044","ES-003","CP-003"
"Evaluate the fraction expression 16/3 / 17/5.","80/51","Easy","QL-033","ES-003","CP-003"
"Calculate 47/20 x 29/13 x 6.","4089/130","Medium","QL-024","ES-003","CP-003"
"Find the result of 23/21 + 41/5.","976/105","Medium","QL-035","ES-003","CP-003"
"Evaluate the decimal expression (5/4 + 44/5) x 26/3 / 8/19.","16549/80","Easy","QL-034","ES-003","CP-003"
"Simplify 37/11 x 4/9.","148/99","Medium","QL-021","ES-003","CP-003"
"Calculate the value of 6 - 4.","2","Easy","QL-029","ES-003","CP-003"
"Find the answer to (11/4 + 26/9) x 8/7 / 37/23.","1334/333","Medium","QL-042","ES-003","CP-003"
"Solve (35/19 + 2) x 24/5 / 7/2.","3504/665","Medium","QL-025","ES-003","CP-003"
"On simplifying 14/23 + 43/16 + 1/3, we get:","4007/1104","Hard","QL-040","ES-003","CP-003"
"Find the final value of 21/10 / 39/17.","119/130","Medium","QL-031","ES-003","CP-003"
"Find the value obtained from:\n    7/2 / 5/12 / 39/22","308/65","Medium","QL-048","ES-003","CP-003"
"The simplified value of 37/19 x 8/3 equals:","296/57","Hard","QL-041","ES-003","CP-003"
"Simplify the expression 20/13 + 1/3 + 9/22.","1957/858","Medium","QL-026","ES-003","CP-003"
"Find the value of 33/23 - 4/7.","139/161","Easy","QL-023","ES-003","CP-003"
"What is the value of 47/5 / 29/21 / 11/19?","18753/1595","Medium","QL-036","ES-003","CP-003"
"Simplify and find the value of (27/11 + 9/4) x 4/5 / 45/13.","299/275","Medium","QL-032","ES-003","CP-003"
"Evaluate and find the result:\n    8/5 / 13/6","48/65","Medium","QL-049","ES-003","CP-003"
"What is the value of 11 / 2/9 / 33/16?","24","Medium","QL-036","ES-003","CP-003"
"The simplified value of 44/7 x 15/14 equals:","330/49","Medium","QL-041","ES-003","CP-003"
"The simplified result of the following expression is:\n    29/13 - 11/6 - 9/11","-361/858","Hard","QL-050","ES-003","CP-003"
"Find the result of 1/7 / 21/5.","5/147","Easy","QL-035","ES-003","CP-003"
"Compute the value of 43/21 + 25/14 + 7/12.","53/12","Hard","QL-044","ES-003","CP-003"
"Evaluate the given expression: (45/19 + 16/3) x 9/10 / 27/17.","7463/1710","Medium","QL-027","ES-003","CP-003"
"Compute the value of (47/12 + 29/5) x 12/7 / 9/7.","583/45","Medium","QL-044","ES-003","CP-003"
"Evaluate the given expression: 1/4 - 4/3.","-13/12","Easy","QL-027","ES-003","CP-003"
"Find the value obtained from:\n    48/19 / 5/2 / 37/5","96/703","Easy","QL-048","ES-003","CP-003"
"Simplify the following and choose the correct answer:\n    (3 + 14/5) x 13/17 / 31/24","9048/2635","Easy","QL-047","ES-003","CP-003"
"Find the result of the following expression: 31/23 + 13/16 + 3.","1899/368","Hard","QL-038","ES-003","CP-003"
"Find the value of 17/12 - 35/19.","-97/228","Medium","QL-023","ES-003","CP-003"
"Evaluate the decimal expression 7/9 + 18 + 43/18.","127/6","Easy","QL-034","ES-003","CP-003"
"Evaluate the fraction expression (13/4 + 44/15) x 15/17 / 11/8.","742/187","Medium","QL-033","ES-003","CP-003"
"Calculate 11/4 x 1/6 x 3/2.","11/16","Medium","QL-024","ES-003","CP-003"
"Evaluate the following: 4/3 / 2.","2/3","Hard","QL-039","ES-003","CP-003"
"Calculate 25/9 - 7/2 - 7/9.","-3/2","Hard","QL-024","ES-003","CP-003"
"Solve 23/9 - 17/2.","-107/18","Hard","QL-025","ES-003","CP-003"
"Calculate the value of 39/17 x 5/12.","65/68","Medium","QL-029","ES-003","CP-003"
"On simplifying (6/7 + 47/14) x 29/12 / 11/5, we get:","8555/1848","Medium","QL-040","ES-003","CP-003"
"Find the result of (29/11 + 47/18) x 9/10 / 9.","1039/1980","Easy","QL-035","ES-003","CP-003"
"Evaluate (23/21 + 5/14) x 12/7 / 41/23.","2806/2009","Hard","QL-022","ES-003","CP-003"
"Determine the result of 46/17 x 17/24.","23/12","Medium","QL-045","ES-003","CP-003"
"Evaluate the decimal expression 6/13 x 35/6 x 17/4.","595/52","Medium","QL-034","ES-003","CP-003"
"Simplify 5/4 - 38/23.","-37/92","Hard","QL-021","ES-003","CP-003"
"Find the result of the following expression: (13/22 + 14/5) x 1/4 / 31/24.","1119/1705","Easy","QL-038","ES-003","CP-003"
"The value of 4/5 / 17/2 is:","8/85","Medium","QL-037","ES-003","CP-003"
"Evaluate 13/5 x 8/3 x 37/24.","481/45","Medium","QL-022","ES-003","CP-003"
"Work out 1/3 - 16 - 14/23.","-1123/69","Medium","QL-030","ES-003","CP-003"
"Evaluate the given expression: (40/11 + 11/18) x 9/2 / 22/9.","7569/968","Easy","QL-027","ES-003","CP-003"
"Calculate 7/8 + 3/17 + 1/2.","211/136","Hard","QL-024","ES-003","CP-003"
"Simplify 1 - 27/16.","-11/16","Medium","QL-021","ES-003","CP-003"
"Simplify the expression 15/7 + 44/23 + 26/21.","2557/483","Medium","QL-026","ES-003","CP-003"
"The simplified value of 1/6 x 21/2 equals:","7/4","Medium","QL-041","ES-003","CP-003"
"Evaluate the decimal expression (17/23 + 23/8) x 2/3 / 35/2.","19/138","Easy","QL-034","ES-003","CP-003"
"Find the result of (2/5 + 13/2) x 22/3 / 15/13.","3289/75","Hard","QL-035","ES-003","CP-003"
"Find the result of the following expression: 7 - 1/2 - 13/6.","13/3","Easy","QL-038","ES-003","CP-003"
"Evaluate and find the result:\n    1/2 / 22/15","15/44","Medium","QL-049","ES-003","CP-003"
"Calculate the value of 23/15 / 41/22.","506/615","Easy","QL-029","ES-003","CP-003"
"The value of the following expression is:\n    16/7 - 45/23 - 5/16","43/2576","Medium","QL-046","ES-003","CP-003"
"Evaluate and find the result:\n    40/11 + 11/18","841/198","Easy","QL-049","ES-003","CP-003"
"Evaluate the decimal expression 16/19 - 15/4 - 27/10.","-2131/380","Medium","QL-034","ES-003","CP-003"
"Calculate the value of (23 + 17/9) x 35/11 / 1/3.","7840/33","Easy","QL-029","ES-003","CP-003"
"Simplify and find the value of 2/3 / 35/2 / 7/3.","4/245","Medium","QL-032","ES-003","CP-003"
"The value of (22/21 + 8) x 11/4 / 4/19 is:","19855/168","Medium","QL-037","ES-003","CP-003"
"Evaluate 37/9 + 19/2 + 48/23.","6499/414","Easy","QL-022","ES-003","CP-003"
"Simplify 29/12 + 47/19.","1115/228","Medium","QL-021","ES-003","CP-003"
"Find the value obtained from:\n    43/18 + 25/11 + 8","2507/198","Medium","QL-048","ES-003","CP-003"
"What is the value of 46/9 x 14 x 35/18?","11270/81","Medium","QL-036","ES-003","CP-003"
"Evaluate the fraction expression 39/14 / 10/21.","117/20","Easy","QL-033","ES-003","CP-003"
"Simplify the expression (10/3 + 6) x 41/23 / 23/16.","18368/1587","Easy","QL-026","ES-003","CP-003"
"The simplified value of 2 / 38/17 equals:","17/19","Medium","QL-041","ES-003","CP-003"
"The simplified result of the following expression is:\n    9/19 + 19/6 + 9","1441/114","Hard","QL-050","ES-003","CP-003"
"Evaluate the fraction expression 4 x 34/11.","136/11","Medium","QL-033","ES-003","CP-003"
"Find the result of the following expression: 9/8 + 19/12 + 10/11.","955/264","Medium","QL-038","ES-003","CP-003"
"Find the value of (3 + 2/9) x 22 / 5/3.","638/15","Easy","QL-023","ES-003","CP-003"
"Simplify the expression 43/20 x 25/13 x 16/3.","860/39","Easy","QL-026","ES-003","CP-003"
"The simplified value of (17/5 + 35/12) x 3/7 / 8/7 equals:","379/160","Easy","QL-041","ES-003","CP-003"
"Simplify the following and choose the correct answer:\n    (19/6 + 9/19) x 2/3 / 2","415/342","Easy","QL-047","ES-003","CP-003"
"Simplify and find the value of 3 / 3/23 / 32/21.","483/32","Easy","QL-032","ES-003","CP-003"
"Find the value of 23/6 / 41/13.","299/246","Hard","QL-023","ES-003","CP-003"
"On simplifying 37/7 - 19/23 - 13/8, we get:","3651/1288","Hard","QL-040","ES-003","CP-003"
"Calculate the value of 47/7 x 9/7.","423/49","Medium","QL-029","ES-003","CP-003"
"Find the answer to (7/6 + 43/5) x 25/3 / 7/19.","27835/126","Medium","QL-042","ES-003","CP-003"
"The value of 7/2 - 3 is:","1/2","Easy","QL-037","ES-003","CP-003"
"Simplify the expression 3/16 - 8/5 - 3.","-353/80","Medium","QL-026","ES-003","CP-003"
"The value of (35/17 + 1/4) x 23/4 / 17/15 is:","54165/4624","Hard","QL-037","ES-003","CP-003"
"Calculate (14/5 + 3) x 1 / 35/22.","638/175","Hard","QL-024","ES-003","CP-003"
"Find the value obtained from:\n    24/5 + 10 + 1/2","153/10","Easy","QL-048","ES-003","CP-003"
"Evaluate the following: 41/4 / 12/11.","451/48","Medium","QL-039","ES-003","CP-003"
"Simplify and find the value of 18 + 1 + 25/11.","234/11","Hard","QL-032","ES-003","CP-003"
"What is obtained after simplifying 12/17 + 5/4?","133/68","Medium","QL-043","ES-003","CP-003"
"What is the value of (43/20 + 25/13) x 7/11 / 9?","2471/8580","Easy","QL-036","ES-003","CP-003"
"Find the value of 43/15 + 7/11.","578/165","Easy","QL-023","ES-003","CP-003"
"Find the value obtained from:\n    9/5 x 9/8 x 2/3","27/20","Medium","QL-048","ES-003","CP-003"
"Calculate the value of 3/11 x 7/6.","7/22","Easy","QL-029","ES-003","CP-003"
"Simplify the expression 43/16 / 25/9 / 1.","387/400","Medium","QL-026","ES-003","CP-003"
"Evaluate the given expression: 19/5 / 37/12.","228/185","Easy","QL-027","ES-003","CP-003"
"Solve 39/10 + 10/17.","763/170","Hard","QL-025","ES-003","CP-003"
"Find the simplified value of 4/5 - 45/13 - 5/6.","-1363/390","Medium","QL-028","ES-003","CP-003"
"The value of 37/15 x 4/11 is:","148/165","Medium","QL-037","ES-003","CP-003"
"Evaluate the decimal expression 32/21 x 1 x 43/12.","344/63","Medium","QL-034","ES-003","CP-003"
"Evaluate the following: 2/17 + 5/6.","97/102","Medium","QL-039","ES-003","CP-003"
"Find the answer to (2 + 43/23) x 3/16 / 32/9.","2403/11776","Hard","QL-042","ES-003","CP-003"
"Simplify the following and choose the correct answer:\n    33/19 / 4/3","99/76","Medium","QL-047","ES-003","CP-003"
"Work out (1 + 19) x 20/23 / 1/8.","3200/23","Hard","QL-030","ES-003","CP-003"
"The value of 17/14 + 5/3 is:","121/42","Easy","QL-037","ES-003","CP-003"
"Evaluate 13/7 - 8/7 - 15/23.","10/161","Hard","QL-022","ES-003","CP-003"
"Find the result of the following expression: 5 + 17/23 + 3/2.","333/46","Medium","QL-038","ES-003","CP-003"
"Simplify 7/5 - 23/2.","-101/10","Easy","QL-021","ES-003","CP-003"
"Find the simplified value of 5 + 17/23 + 46/21.","3830/483","Easy","QL-028","ES-003","CP-003"
"Determine the result of 21/2 / 13/3.","63/26","Easy","QL-045","ES-003","CP-003"
"Calculate 41/24 + 23/17 + 3.","2473/408","Easy","QL-024","ES-003","CP-003"
"Evaluate the given expression: 27/16 + 45/23.","1341/368","Medium","QL-027","ES-003","CP-003"
"What is the value of 21/16 - 1/3 - 32/7?","-1207/336","Easy","QL-036","ES-003","CP-003"
"Evaluate the fraction expression 8/9 + 17.","161/9","Easy","QL-033","ES-003","CP-003"
"Find the value obtained from:\n    23/4 / 7/6 / 35/17","1173/490","Easy","QL-048","ES-003","CP-003"
"Simplify the following and choose the correct answer:\n    2 - 9/4","-1/4","Hard","QL-047","ES-003","CP-003"
"Find the value of (11/18 + 29/2) x 22/9 / 5/2.","5984/405","Medium","QL-023","ES-003","CP-003"
"What is the value of 36/19 - 3/2 - 47/10?","-409/95","Easy","QL-036","ES-003","CP-003"
"Find the result of 41/22 x 2.","41/11","Easy","QL-035","ES-003","CP-003"
"Find the value obtained from:\n    36/7 - 18/23 - 25/16","7207/2576","Easy","QL-048","ES-003","CP-003"
"The value of 2 - 13/5 is:","-3/5","Hard","QL-037","ES-003","CP-003"
"Simplify the expression (1/2 + 37/9) x 19/7 / 48/23.","36271/6048","Medium","QL-026","ES-003","CP-003"
"Evaluate and find the result:\n    17/9 x 35/16","595/144","Hard","QL-049","ES-003","CP-003"
"Evaluate the decimal expression 13/10 / 8/13 / 5/2.","169/200","Medium","QL-034","ES-003","CP-003"
"Calculate the value of 33/2 + 4/9.","305/18","Easy","QL-029","ES-003","CP-003"
"Find the answer to 9/4 - 19/10 - 10/9.","-137/180","Medium","QL-042","ES-003","CP-003"
"Calculate the value of 35/18 + 3.","89/18","Easy","QL-029","ES-003","CP-003"
"Compute the value of 11/3 - 40/19 - 22/17.","259/969","Medium","QL-044","ES-003","CP-003"
"Solve 9/11 / 6.","3/22","Easy","QL-025","ES-003","CP-003"
"Simplify the expression 11/14 - 40/7 - 47/23.","-2245/322","Medium","QL-026","ES-003","CP-003"
"Simplify the following and choose the correct answer:\n    (17/5 + 35/12) x 28/19 / 46/3","2653/4370","Medium","QL-047","ES-003","CP-003"
"Simplify and find the value of 8 + 7/10 + 43/18.","499/45","Easy","QL-032","ES-003","CP-003"
"Evaluate the following: (41/9 + 3/4) x 5/3 / 24.","955/2592","Easy","QL-039","ES-003","CP-003"
"Find the simplified value of 12 / 3/2 / 37/13.","104/37","Medium","QL-028","ES-003","CP-003"
"Find the value of (8/9 + 13/8) x 19/23 / 37/7.","24073/61272","Medium","QL-023","ES-003","CP-003"
"Evaluate the decimal expression 33/4 - 3/4 - 22/9.","91/18","Medium","QL-034","ES-003","CP-003"
"Compute the value of (12/7 + 41/23) x 3 / 10/3.","5067/1610","Easy","QL-044","ES-003","CP-003"
"Determine the result of (3/4 + 21/11) x 3 / 1/2.","351/22","Hard","QL-045","ES-003","CP-003"
"What is the value of 5/7 + 39/7 + 21/5?","367/35","Medium","QL-036","ES-003","CP-003"
"Simplify 45/2 x 16/9.","40","Medium","QL-021","ES-003","CP-003"
"The simplified result of the following expression is:\n    2 - 15/8 - 5/17","-23/136","Hard","QL-050","ES-003","CP-003"
"Find the final value of 9/16 - 27/23.","-225/368","Medium","QL-031","ES-003","CP-003"
"On simplifying 45/16 - 3 - 9/7, we get:","-165/112","Medium","QL-040","ES-003","CP-003"
"Find the value of 20/9 + 11/2.","139/18","Easy","QL-023","ES-003","CP-003"
"On simplifying 23/8 + 5/24 + 12/17, we get:","773/204","Easy","QL-040","ES-003","CP-003"
"The value of 21/10 - 13/4 is:","-23/20","Easy","QL-037","ES-003","CP-003"
"The simplified value of 20/9 + 19/8 equals:","331/72","Easy","QL-041","ES-003","CP-003"
"Find the answer to 43/20 x 25/13 x 16/3.","860/39","Medium","QL-042","ES-003","CP-003"
"What is obtained after simplifying 15/7 - 16/5?","-37/35","Medium","QL-043","ES-003","CP-003"
"The value of the following expression is:\n    13/10 / 14 / 1","13/140","Easy","QL-046","ES-003","CP-003"
"Evaluate the given expression: 1/3 / 22/19.","19/66","Easy","QL-027","ES-003","CP-003"
"The value of the following expression is:\n    33/10 + 5 + 22/19","1797/190","Easy","QL-046","ES-003","CP-003"
"What is obtained after simplifying 21/8 x 13/5?","273/40","Medium","QL-043","ES-003","CP-003"
"Simplify and find the value of 3/4 x 8/5 x 7/9.","14/15","Hard","QL-032","ES-003","CP-003"
"Find the final value of 5/4 + 43/4.","12","Easy","QL-031","ES-003","CP-003"
"Simplify and find the value of (37/19 + 19/12) x 26/5 / 8/21.","14651/304","Hard","QL-032","ES-003","CP-003"
"Work out 14 - 5/9 - 39/16.","1585/144","Easy","QL-030","ES-003","CP-003"
"The simplified value of 16/17 / 17/12 equals:","192/289","Medium","QL-041","ES-003","CP-003"
"Simplify and find the value of 30/11 + 3 + 19/20.","1469/220","Easy","QL-032","ES-003","CP-003"
"Simplify (35/12 + 6/19) x 8/7 / 42/5.","3685/8379","Medium","QL-021","ES-003","CP-003"
"On simplifying 38/5 x 20/21 x 2/19, we get:","16/21","Easy","QL-040","ES-003","CP-003"
"Solve 7/3 - 32/13.","-5/39","Medium","QL-025","ES-003","CP-003"
"The value of the following expression is:\n    9/2 / 9 / 34/19","19/68","Easy","QL-046","ES-003","CP-003"
"Find the result of (22/9 + 15/2) x 33/4 / 4/11.","21659/96","Medium","QL-035","ES-003","CP-003"
"The simplified result of the following expression is:\n    38/9 / 10 / 2/23","437/90","Medium","QL-050","ES-003","CP-003"
"Simplify 19/2 / 9/11.","209/18","Medium","QL-021","ES-003","CP-003"
"Evaluate the fraction expression 16/11 / 1/2.","32/11","Medium","QL-033","ES-003","CP-003"
"Compute the value of 27/5 x 3/7 x 2.","162/35","Medium","QL-044","ES-003","CP-003"
"Find the result of 2 + 5/24.","53/24","Hard","QL-035","ES-003","CP-003"
"Calculate 4 x 9/4 x 47/13.","423/13","Medium","QL-024","ES-003","CP-003"
"What is obtained after simplifying (28/3 + 23/5) x 39/17 / 5/12?","32604/425","Medium","QL-043","ES-003","CP-003"
"On simplifying (1/4 + 11/3) x 15/7 / 44/23, we get:","5405/1232","Hard","QL-040","ES-003","CP-003"
"Evaluate and find the result:\n    11/6 + 15/8","89/24","Medium","QL-049","ES-003","CP-003"
"Find the result of the following expression: 9/14 + 38/7 + 45/23.","2585/322","Hard","QL-038","ES-003","CP-003"
"Find the result of (37/10 + 8/17) x 2 / 19/8.","5672/1615","Easy","QL-035","ES-003","CP-003"
"Calculate 3/5 x 32/21 x 14/19.","64/95","Easy","QL-024","ES-003","CP-003"
"The simplified result of the following expression is:\n    (13/11 + 8/15) x 15/8 / 11/6","849/484","Easy","QL-050","ES-003","CP-003"
"Simplify the following and choose the correct answer:\n    1/12 x 5/2","5/24","Medium","QL-047","ES-003","CP-003"
"What is the value of 43/16 - 25/9 - 1?","-157/144","Hard","QL-036","ES-003","CP-003"
"Simplify the following and choose the correct answer:\n    19/20 - 37/4","-83/10","Medium","QL-047","ES-003","CP-003"
"Simplify and find the value of 41/20 x 23/13 x 5.","943/52","Medium","QL-032","ES-003","CP-003"
"Determine the result of (13/21 + 31/5) x 2/7 / 10/7.","716/525","Easy","QL-045","ES-003","CP-003"
"The simplified result of the following expression is:\n    3/11 x 7/3 x 17/13","119/143","Easy","QL-050","ES-003","CP-003"
"Evaluate the fraction expression 19/5 - 9/17.","278/85","Medium","QL-033","ES-003","CP-003"
"Evaluate 36/13 / 3 / 25/22.","264/325","Medium","QL-022","ES-003","CP-003"
"Solve 22/5 / 10/3.","33/25","Easy","QL-025","ES-003","CP-003"
"Calculate the value of 1 x 18.","18","Medium","QL-029","ES-003","CP-003"
"Find the answer to 11 / 13/10 / 33/13.","10/3","Hard","QL-042","ES-003","CP-003"
"Simplify the following and choose the correct answer:\n    (13/4 + 31/11) x 4/3 / 21","89/231","Easy","QL-047","ES-003","CP-003"
"Evaluate the decimal expression 11/16 x 40/9 x 22/7.","605/63","Medium","QL-034","ES-003","CP-003"
"What is obtained after simplifying 27/13 + 9/4?","225/52","Medium","QL-043","ES-003","CP-003"
"Simplify the expression 11/14 - 20/9 - 47/11.","-7913/1386","Hard","QL-026","ES-003","CP-003"
"Evaluate the fraction expression (11/4 + 29/11) x 11/9 / 20.","79/240","Medium","QL-033","ES-003","CP-003"
"Find the value obtained from:\n    21/17 / 3/10 / 4","35/34","Medium","QL-048","ES-003","CP-003"
"Simplify the following and choose the correct answer:\n    15/23 x 33/7","495/161","Easy","QL-047","ES-003","CP-003"
"Find the value obtained from:\n    4/3 + 37/22 + 44/15","1963/330","Easy","QL-048","ES-003","CP-003"
"Find the value obtained from:\n    26/7 + 8/23 + 37/21","2813/483","Hard","QL-048","ES-003","CP-003"
"Evaluate the fraction expression 12/19 x 10.","120/19","Medium","QL-033","ES-003","CP-003"
"Compute the value of (43/14 + 25/7) x 32/23 / 7/8.","11904/1127","Easy","QL-044","ES-003","CP-003"
"Evaluate the given expression: (19/15 + 37/22) x 1/3 / 13/4.","1946/6435","Easy","QL-027","ES-003","CP-003"
"The simplified result of the following expression is:\n    17/15 / 23/4 / 14/3","34/805","Medium","QL-050","ES-003","CP-003"
"Find the result of (3/13 + 21/20) x 7/2 / 32/11.","25641/16640","Hard","QL-035","ES-003","CP-003"
"Work out 1/8 - 31/9 - 19.","-1607/72","Easy","QL-030","ES-003","CP-003"
"What is obtained after simplifying (7 + 39/10) x 5/6 / 28/19?","2071/336","Medium","QL-043","ES-003","CP-003"
"What is the value of 3 + 18/5 + 47/3?","334/15","Easy","QL-036","ES-003","CP-003"
"Solve 22/7 - 20/7.","2/7","Medium","QL-025","ES-003","CP-003"
"Simplify 16/17 x 17/12.","4/3","Medium","QL-021","ES-003","CP-003"
"The simplified result of the following expression is:\n    8 x 22/21 x 4/19","704/399","Hard","QL-050","ES-003","CP-003"
"Find the final value of 2/9 + 11.","101/9","Medium","QL-031","ES-003","CP-003"
"Find the answer to (47/21 + 29/14) x 36/7 / 18/23.","4163/147","Easy","QL-042","ES-003","CP-003"
"The value of (23/17 + 41/24) x 17/4 / 1/3 is:","1249/32","Medium","QL-037","ES-003","CP-003"
"Simplify the expression 30/13 x 2 x 41/4.","615/13","Easy","QL-026","ES-003","CP-003"
"Simplify the following and choose the correct answer:\n    42/23 + 13/7","593/161","Medium","QL-047","ES-003","CP-003"
"Find the simplified value of 37/22 - 19/15 - 13/4.","-1871/660","Easy","QL-028","ES-003","CP-003"
"Evaluate the fraction expression 19/2 x 9/11.","171/22","Medium","QL-033","ES-003","CP-003"
"Find the answer to (3/10 + 32/3) x 7/12 / 43/17.","39151/15480","Medium","QL-042","ES-003","CP-003"
"On simplifying 25/19 + 7/12 + 14/5, we get:","5357/1140","Easy","QL-040","ES-003","CP-003"
"Solve (46/15 + 17/22) x 35/24 / 3/4.","8869/1188","Medium","QL-025","ES-003","CP-003"
"Find the simplified value of (8/23 + 37/16) x 19/14 / 48/7.","18601/35328","Medium","QL-028","ES-003","CP-003"
"Determine the result of 41/12 - 12/19.","635/228","Easy","QL-045","ES-003","CP-003"
"Simplify the expression 31/9 + 13/2 + 10/9.","199/18","Hard","QL-026","ES-003","CP-003"
"The simplified value of 16/5 x 19/22 equals:","152/55","Easy","QL-041","ES-003","CP-003"
"Find the value obtained from:\n    44/15 / 13/4 / 4/3","44/65","Easy","QL-048","ES-003","CP-003"
"Find the final value of 16/3 / 3/13.","208/9","Easy","QL-031","ES-003","CP-003"
"The simplified result of the following expression is:\n    47/16 + 29/9 + 18","3479/144","Hard","QL-050","ES-003","CP-003"
"Find the final value of 23/18 + 41/2.","196/9","Medium","QL-031","ES-003","CP-003"
"Evaluate (16/17 + 9/2) x 27/8 / 3/8.","1665/34","Medium","QL-022","ES-003","CP-003"
"The simplified value of 38/11 x 1/2 equals:","19/11","Easy","QL-041","ES-003","CP-003"
"Simplify and find the value of (7/5 + 3/8) x 5/12 / 39/17.","1207/3744","Easy","QL-032","ES-003","CP-003"
"Find the result of (7/9 + 25/16) x 43/18 / 7.","14491/18144","Easy","QL-035","ES-003","CP-003"
"Work out 37/13 - 19/6 - 12.","-961/78","Medium","QL-030","ES-003","CP-003"
"Evaluate the given expression: (44/23 + 15/7) x 4/7 / 26/21.","3918/2093","Easy","QL-027","ES-003","CP-003"
"The simplified result of the following expression is:\n    28/5 - 10/21 - 6/7","64/15","Medium","QL-050","ES-003","CP-003"
"Simplify (22 + 5/3) x 3 / 2/9.","639/2","Medium","QL-021","ES-003","CP-003"
"Find the value obtained from:\n    (9/4 + 2) x 5/7 / 34/23","115/56","Easy","QL-048","ES-003","CP-003"
"Evaluate the fraction expression (13/8 + 31/15) x 12/11 / 7.","443/770","Hard","QL-033","ES-003","CP-003"
"Evaluate the fraction expression 8/3 / 13/5.","40/39","Medium","QL-033","ES-003","CP-003"
"The simplified result of the following expression is:\n    17/15 - 23/4 - 1/4","-73/15","Medium","QL-050","ES-003","CP-003"
"Evaluate the given expression: (23/9 + 41/16) x 34/23 / 5/7.","87703/8280","Hard","QL-027","ES-003","CP-003"
"Find the answer to 16/5 / 15/4 / 2.","32/75","Hard","QL-042","ES-003","CP-003"
"Simplify the following and choose the correct answer:\n    2 - 12/5","-2/5","Hard","QL-047","ES-003","CP-003"
"The simplified result of the following expression is:\n    5/4 + 12/17 + 19/10","1311/340","Easy","QL-050","ES-003","CP-003"
"Evaluate the following: 32/15 x 3/22.","16/55","Easy","QL-039","ES-003","CP-003"
"What is the value of 46/9 / 14 / 10/23?","529/630","Easy","QL-036","ES-003","CP-003"
"Evaluate the given expression: 31/23 / 2/7.","217/46","Medium","QL-027","ES-003","CP-003"
"Simplify the expression 14/17 + 43/10 + 1.","1041/170","Easy","QL-026","ES-003","CP-003"
"Evaluate 33/19 / 5/4 / 22/5.","6/19","Hard","QL-022","ES-003","CP-003"
"Find the result of 40/13 + 11/20.","943/260","Medium","QL-035","ES-003","CP-003"
"Find the value obtained from:\n    31/10 - 13/3 - 7/4","-179/60","Medium","QL-048","ES-003","CP-003"
"Calculate the value of 12/7 - 2.","-2/7","Easy","QL-029","ES-003","CP-003"
"What is the value of 8/3 / 30/11 / 37/4?","176/1665","Medium","QL-036","ES-003","CP-003"
"Evaluate and find the result:\n    1/4 / 4/3","3/16","Hard","QL-049","ES-003","CP-003"
"Calculate 43/18 / 25/11 / 7/9.","473/350","Medium","QL-024","ES-003","CP-003"
"What is obtained after simplifying 17/14 - 5/3?","-19/42","Easy","QL-043","ES-003","CP-003"
"Work out 27/17 - 9/10 - 16/3.","-2369/510","Medium","QL-030","ES-003","CP-003"
"Evaluate the fraction expression 12/5 - 19/4.","-47/20","Medium","QL-033","ES-003","CP-003"
"Evaluate the fraction expression 29/5 x 47/12.","1363/60","Easy","QL-033","ES-003","CP-003"
"Evaluate 1/4 + 35/17 + 17/15.","3511/1020","Medium","QL-022","ES-003","CP-003"
"Determine the result of 4/3 / 15/8.","32/45","Medium","QL-045","ES-003","CP-003"
"Compute the value of 38/23 + 5/4 + 3.","543/92","Medium","QL-044","ES-003","CP-003"
"Evaluate the fraction expression 8/3 - 19/2.","-41/6","Easy","QL-033","ES-003","CP-003"
"Work out 18/23 x 47/16 x 29/14.","12267/2576","Medium","QL-030","ES-003","CP-003"
"Solve (25/22 + 43/6) x 7/4 / 32/15.","4795/704","Medium","QL-025","ES-003","CP-003"
"Find the simplified value of 2/7 / 5/2 / 6.","2/105","Medium","QL-028","ES-003","CP-003"
"The simplified value of 9/4 / 12/5 equals:","15/16","Hard","QL-041","ES-003","CP-003"
"Find the simplified value of (14/3 + 5/11) x 39/20 / 21/13.","28561/4620","Easy","QL-028","ES-003","CP-003"
"Evaluate the decimal expression 2/5 x 31/21 x 13/19.","806/1995","Easy","QL-034","ES-003","CP-003"
"Evaluate and find the result:\n    20/7 / 11/21","60/11","Medium","QL-049","ES-003","CP-003"
"Compute the value of 2 + 8/5 + 23/3.","169/15","Medium","QL-044","ES-003","CP-003"
"Evaluate the given expression: 11/16 / 29/23.","253/464","Easy","QL-027","ES-003","CP-003"
"Simplify and find the value of (4/5 + 45/13) x 27/11 / 9/4.","3324/715","Medium","QL-032","ES-003","CP-003"
"Simplify the following and choose the correct answer:\n    2/9 - 5/4","-37/36","Easy","QL-047","ES-003","CP-003"
"Find the simplified value of 7 / 1/2 / 17/13.","182/17","Medium","QL-028","ES-003","CP-003"
"The simplified value of 1/4 / 22/23 equals:","23/88","Hard","QL-041","ES-003","CP-003"
"The value of the following expression is:\n    13/2 x 2/5 x 37/18","481/90","Medium","QL-046","ES-003","CP-003"
"Evaluate the given expression: 45/2 x 16/9.","40","Medium","QL-027","ES-003","CP-003"
"Calculate the value of (9/19 + 9) x 9 / 4/3.","1215/19","Hard","QL-029","ES-003","CP-003"
"The value of the following expression is:\n    4/9 / 37/11 / 11","4/333","Medium","QL-046","ES-003","CP-003"
"Evaluate the following: 12/7 - 2.","-2/7","Easy","QL-039","ES-003","CP-003"
"Evaluate the decimal expression 1/2 / 16/11 / 7/10.","55/112","Medium","QL-034","ES-003","CP-003"
"Find the final value of 47/13 - 9/10.","353/130","Medium","QL-031","ES-003","CP-003"
"Simplify and find the value of (40/19 + 11/6) x 29/5 / 11/21.","91147/2090","Hard","QL-032","ES-003","CP-003"
"Solve 13 x 44/9.","572/9","Easy","QL-025","ES-003","CP-003"
"Compute the value of 19/5 x 20/3 x 1/12.","19/9","Easy","QL-044","ES-003","CP-003"
"Evaluate the given expression: (4 + 3) x 4 / 1.","28","Easy","QL-027","ES-003","CP-003"
"On simplifying 43/15 + 25/8 + 4/3, we get:","293/40","Medium","QL-040","ES-003","CP-003"
"Simplify the expression (21/22 + 1/5) x 5/4 / 13/8.","127/143","Medium","QL-026","ES-003","CP-003"
"Find the value of 39/14 + 10/21.","137/42","Easy","QL-023","ES-003","CP-003"
"Find the answer to (11/6 + 15/11) x 44/9 / 13.","422/351","Hard","QL-042","ES-003","CP-003"
"Evaluate the fraction expression 7/4 x 39/19.","273/76","Easy","QL-033","ES-003","CP-003"
"Find the answer to 7/12 - 36/5 - 43/21.","-1213/140","Easy","QL-042","ES-003","CP-003"
"Evaluate the following: 30/19 x 16.","480/19","Medium","QL-039","ES-003","CP-003"
"The value of the following expression is:\n    (23/17 + 1/2) x 17/4 / 2/3","189/16","Medium","QL-046","ES-003","CP-003"
"Simplify the following and choose the correct answer:\n    (23/12 + 41/19) x 34/3 / 1/2","15793/171","Medium","QL-047","ES-003","CP-003"
"Find the answer to (5 + 6/11) x 19/15 / 6.","1159/990","Medium","QL-042","ES-003","CP-003"
"Find the final value of 34/3 + 1/2.","71/6","Hard","QL-031","ES-003","CP-003"
"Find the result of 4/5 / 26/17.","34/65","Medium","QL-035","ES-003","CP-003"
"Find the value obtained from:\n    22/15 + 1/2 + 11/2","112/15","Hard","QL-048","ES-003","CP-003"
"Evaluate the given expression: 3 - 11/4.","1/4","Medium","QL-027","ES-003","CP-003"
"Find the simplified value of 22/15 + 1/2 + 11/24.","97/40","Easy","QL-028","ES-003","CP-003"
"Find the value of 1 + 8/5.","13/5","Hard","QL-023","ES-003","CP-003"
"Simplify the expression 1/3 x 37/17 x 19/15.","703/765","Hard","QL-026","ES-003","CP-003"
"Simplify the following and choose the correct answer:\n    7/12 + 4","55/12","Easy","QL-047","ES-003","CP-003"
"Compute the value of 28/9 + 5 + 17/18.","163/18","Hard","QL-044","ES-003","CP-003"
"Evaluate the following: 35/17 x 1/4.","35/68","Hard","QL-039","ES-003","CP-003"
"Find the answer to (5/2 + 27/11) x 1 / 19.","109/418","Easy","QL-042","ES-003","CP-003"
"Simplify and find the value of (12/5 + 30/13) x 12/11 / 41/4.","14688/29315","Easy","QL-032","ES-003","CP-003"
"Evaluate and find the result:\n    34/15 x 5/22","17/33","Hard","QL-049","ES-003","CP-003"
"The value of the following expression is:\n    37/24 - 19/17 - 13/5","-4439/2040","Easy","QL-046","ES-003","CP-003"
"Evaluate the given expression: 4/7 - 26/21.","-2/3","Medium","QL-027","ES-003","CP-003"
"Evaluate 8/15 / 37/8 / 19/6.","128/3515","Medium","QL-022","ES-003","CP-003"
"The value of (5/4 + 43/4) x 36/11 / 7/18 is:","7776/77","Medium","QL-037","ES-003","CP-003"
"Work out 8/5 - 3/4 - 13/24.","37/120","Easy","QL-030","ES-003","CP-003"
"What is obtained after simplifying (5/7 + 4/3) x 2 / 17/7?","86/51","Medium","QL-043","ES-003","CP-003"
"Calculate 45/8 - 9/8 - 9/22.","45/11","Easy","QL-024","ES-003","CP-003"
"The simplified value of 31/20 x 1/2 equals:","31/40","Medium","QL-041","ES-003","CP-003"
"The simplified value of 41/2 x 4/3 equals:","82/3","Hard","QL-041","ES-003","CP-003"
"Work out (18/23 + 47/16) x 7/9 / 18.","9583/59616","Hard","QL-030","ES-003","CP-003"
"Evaluate the given expression: 11/21 - 29/5.","-554/105","Easy","QL-027","ES-003","CP-003"
"The value of the following expression is:\n    35/17 - 17/10 - 23/4","-1833/340","Medium","QL-046","ES-003","CP-003"
"Solve (5/22 + 23/6) x 41/8 / 4/5.","13735/528","Medium","QL-025","ES-003","CP-003"
"Simplify the expression 14/5 - 10/3 - 17/19.","-407/285","Easy","QL-026","ES-003","CP-003"
"Evaluate the given expression: 30/11 + 8/3.","178/33","Easy","QL-027","ES-003","CP-003"
"Work out 45/23 x 27/16 x 9/14.","10935/5152","Medium","QL-030","ES-003","CP-003"
"Find the result of 7/3 / 32/13.","91/96","Medium","QL-035","ES-003","CP-003"
"Simplify and find the value of 23/14 / 5/7 / 12/23.","529/120","Easy","QL-032","ES-003","CP-003"
"The simplified value of (21/16 + 39/23) x 5 / 28/9 equals:","49815/10304","Medium","QL-041","ES-003","CP-003"
"Calculate 5/4 + 12/17 + 19/10.","1311/340","Easy","QL-024","ES-003","CP-003"
"Evaluate the fraction expression 5/18 + 23/2.","106/9","Easy","QL-033","ES-003","CP-003"
"The simplified result of the following expression is:\n    3 - 44/21 - 26/19","-185/399","Easy","QL-050","ES-003","CP-003"
"Simplify 17/20 + 35/4.","48/5","Hard","QL-021","ES-003","CP-003"
"Evaluate (29/19 + 11/12) x 18/5 / 47/21.","35091/8930","Medium","QL-022","ES-003","CP-003"
"Determine the result of 15/2 / 11/3.","45/22","Hard","QL-045","ES-003","CP-003"
"Find the answer to (24/7 + 6/23) x 5/3 / 17/14.","1980/391","Easy","QL-042","ES-003","CP-003"
"Evaluate the fraction expression (4 + 1) x 37/21 / 8/5.","925/168","Hard","QL-033","ES-003","CP-003"
"What is the value of 5/2 + 7/3 + 14/19?","635/114","Hard","QL-036","ES-003","CP-003"
"Work out 6 x 4/7 x 41/19.","984/133","Medium","QL-030","ES-003","CP-003"
"Find the final value of 6/17 x 1.","6/17","Easy","QL-031","ES-003","CP-003"
"What is the value of 37/10 / 19/3 / 26/19?","111/260","Hard","QL-036","ES-003","CP-003"
"The simplified value of 2 + 7/2 equals:","11/2","Easy","QL-041","ES-003","CP-003"
"What is the value of 20/13 x 1/3 x 31/4?","155/39","Hard","QL-036","ES-003","CP-003"
"Simplify the following and choose the correct answer:\n    (8/17 + 13/12) x 19/8 / 37/15","30115/20128","Easy","QL-047","ES-003","CP-003"
"Find the result of the following expression: 2 - 1 - 11/20.","9/20","Medium","QL-038","ES-003","CP-003"
"Evaluate the given expression: 9/4 + 45/19.","351/76","Easy","QL-027","ES-003","CP-003"
"Evaluate (35/22 + 17/15) x 46/13 / 14/3.","20677/10010","Easy","QL-022","ES-003","CP-003"
"What is obtained after simplifying 7/4 x 2?","7/2","Easy","QL-043","ES-003","CP-003"
"The simplified value of 11/3 / 40/13 equals:","143/120","Medium","QL-041","ES-003","CP-003"
"Find the simplified value of 29/4 / 11/20 / 20/9.","261/44","Medium","QL-028","ES-003","CP-003"
"Simplify 38/15 x 9/22.","57/55","Hard","QL-021","ES-003","CP-003"
"What is the value of 7/3 + 3/2 + 5/9?","79/18","Medium","QL-036","ES-003","CP-003"
"Solve 31/24 - 1/4.","25/24","Easy","QL-025","ES-003","CP-003"
"Evaluate (15/4 + 27/5) x 3 / 2.","549/40","Medium","QL-022","ES-003","CP-003"
"Find the result of (12/5 + 7/22) x 25/24 / 43/8.","1495/2838","Easy","QL-035","ES-003","CP-003"
"The simplified result of the following expression is:\n    15/19 + 11/3 + 4/5","1498/285","Hard","QL-050","ES-003","CP-003"
"Simplify 25/24 / 43/8.","25/129","Easy","QL-021","ES-003","CP-003"
"What is the value of 8/19 x 37/12 x 19/10?","37/15","Easy","QL-036","ES-003","CP-003"
"Work out 10/3 - 6 - 19/18.","-67/18","Hard","QL-030","ES-003","CP-003"
"Determine the result of 4/17 / 11/12.","48/187","Easy","QL-045","ES-003","CP-003"
"Calculate 44/17 + 13/5 + 1.","526/85","Hard","QL-024","ES-003","CP-003"
"The value of (46/15 + 17/22) x 5/3 / 28/13 is:","2353/792","Medium","QL-037","ES-003","CP-003"
"Find the answer to (4 + 10/23) x 17/16 / 46/9.","7803/8464","Medium","QL-042","ES-003","CP-003"
"Calculate the value of 3/8 / 27/8.","1/9","Medium","QL-029","ES-003","CP-003"
"The value of the following expression is:\n    23/21 / 5/14 / 17/6","92/85","Medium","QL-046","ES-003","CP-003"
"Simplify 40/3 x 11/10.","44/3","Medium","QL-021","ES-003","CP-003"
"On simplifying 38/21 - 10/7 - 27/7, we get:","-73/21","Medium","QL-040","ES-003","CP-003"
"The value of 26/3 x 22/5 is:","572/15","Easy","QL-037","ES-003","CP-003"
"Solve (2/3 + 17/4) x 1/2 / 23/17.","1003/552","Medium","QL-025","ES-003","CP-003"
"Evaluate (30/7 + 12/23) x 19/16 / 16/3.","22059/20608","Medium","QL-022","ES-003","CP-003"
"Find the final value of 47/14 x 6/7.","141/49","Medium","QL-031","ES-003","CP-003"
"Find the answer to (25/9 + 7/2) x 36/23 / 9/8.","1808/207","Medium","QL-042","ES-003","CP-003"
"The simplified value of (6/17 + 1) x 14 / 13/10 equals:","3220/221","Easy","QL-041","ES-003","CP-003"
"On simplifying 37/20 - 19/13 - 13/3, we get:","-3077/780","Hard","QL-040","ES-003","CP-003"
"Simplify the following and choose the correct answer:\n    (2/5 + 12/11) x 17/6 / 35/13","9061/5775","Medium","QL-047","ES-003","CP-003"
"The simplified result of the following expression is:\n    46/5 - 4/3 - 10/19","2092/285","Medium","QL-050","ES-003","CP-003"
"Evaluate the fraction expression 5/2 x 28/11.","70/11","Easy","QL-033","ES-003","CP-003"
"The simplified result of the following expression is:\n    3/19 + 8/3 + 39/5","3028/285","Medium","QL-050","ES-003","CP-003"
"Find the answer to 15/16 + 44/9 + 26/7.","9617/1008","Hard","QL-042","ES-003","CP-003"
"Find the value of 19/10 x 9/4.","171/40","Easy","QL-023","ES-003","CP-003"
"The simplified result of the following expression is:\n    47/15 - 29/8 - 3/2","-239/120","Medium","QL-050","ES-003","CP-003"
"Find the result of 7/8 / 39/8.","7/39","Hard","QL-035","ES-003","CP-003"
"The simplified result of the following expression is:\n    9/5 x 9/8 x 19/3","513/40","Easy","QL-050","ES-003","CP-003"
"Find the value of 5/7 - 28/5.","-171/35","Medium","QL-023","ES-003","CP-003"
"Evaluate the decimal expression 15/13 / 22/3 / 2/11.","45/52","Hard","QL-034","ES-003","CP-003"
"Determine the result of (17/7 + 5/21) x 1 / 41/7.","56/123","Easy","QL-045","ES-003","CP-003"
"Evaluate the decimal expression 37/21 + 19/14 + 4.","299/42","Medium","QL-034","ES-003","CP-003"
"Find the final value of 32/23 / 3/7.","224/69","Easy","QL-031","ES-003","CP-003"
"The simplified value of 3 x 39/14 equals:","117/14","Easy","QL-041","ES-003","CP-003"
"Evaluate 5/2 - 12/5 - 41/3.","-407/30","Medium","QL-022","ES-003","CP-003"
"Simplify 35/13 x 3/10.","21/26","Medium","QL-021","ES-003","CP-003"
"What is the value of 19/4 / 12/5 / 8/13?","1235/384","Medium","QL-036","ES-003","CP-003"
"Determine the result of (1 + 30/19) x 23/3 / 41/10.","11270/2337","Medium","QL-045","ES-003","CP-003"
"Find the value obtained from:\n    (5/2 + 17/7) x 46/5 / 4/3","4761/140","Medium","QL-048","ES-003","CP-003"
"The value of 42/13 / 13/20 is:","840/169","Hard","QL-037","ES-003","CP-003"
"The simplified result of the following expression is:\n    1/3 - 35/11 - 21/2","-881/66","Easy","QL-050","ES-003","CP-003"
"Find the result of 11/7 / 29/14.","22/29","Easy","QL-035","ES-003","CP-003"
"The simplified result of the following expression is:\n    25/7 x 7/23 x 12/7","300/161","Medium","QL-050","ES-003","CP-003"
"Simplify and find the value of 30/19 + 1 + 19/5.","606/95","Hard","QL-032","ES-003","CP-003"
"Find the result of 15/11 x 8.","120/11","Easy","QL-035","ES-003","CP-003"
"The simplified result of the following expression is:\n    25/19 + 7/12 + 18/5","6269/1140","Hard","QL-050","ES-003","CP-003"
"The value of 47/18 / 9 is:","47/162","Medium","QL-037","ES-003","CP-003"
"Evaluate the decimal expression 20/9 x 1 x 1/2.","10/9","Medium","QL-034","ES-003","CP-003"
"Evaluate and find the result:\n    11/9 x 29/16","319/144","Medium","QL-049","ES-003","CP-003"
"On simplifying (11/4 + 26/9) x 8/7 / 37/23, we get:","1334/333","Medium","QL-040","ES-003","CP-003"
"Simplify 12/7 + 7/5.","109/35","Hard","QL-021","ES-003","CP-003"
"Calculate 4 - 37/18 - 4.","-37/18","Medium","QL-024","ES-003","CP-003"
"Find the result of 43/12 - 14/19.","649/228","Easy","QL-035","ES-003","CP-003"
"Simplify the following and choose the correct answer:\n    5/2 / 38/15","75/76","Easy","QL-047","ES-003","CP-003"
"Evaluate the decimal expression 43/9 + 25/2 + 16/9.","343/18","Hard","QL-034","ES-003","CP-003"
"Evaluate the following: 1/3 / 20/13.","13/60","Hard","QL-039","ES-003","CP-003"
"Calculate 11/20 x 40/13 x 2.","44/13","Easy","QL-024","ES-003","CP-003"
"Find the final value of 9/4 / 12/5.","15/16","Easy","QL-031","ES-003","CP-003"
"Find the value obtained from:\n    42/19 / 2 / 31/5","105/589","Hard","QL-048","ES-003","CP-003"
"Find the value of 11/24 - 29/8.","-19/6","Medium","QL-023","ES-003","CP-003"
"Find the result of the following expression: 25/12 + 7/5 + 12.","929/60","Medium","QL-038","ES-003","CP-003"
"Solve 37/18 - 4.","-35/18","Easy","QL-025","ES-003","CP-003"
"Find the result of the following expression: (1/2 + 7) x 2 / 12/7.","35/4","Medium","QL-038","ES-003","CP-003"
"Find the result of the following expression: 31/7 + 13/23 + 2.","1126/161","Easy","QL-038","ES-003","CP-003"
"Solve 17/2 / 35/9.","153/70","Hard","QL-025","ES-003","CP-003"
"Find the value obtained from:\n    31/7 + 13/23 + 5/4","4021/644","Medium","QL-048","ES-003","CP-003"
"Simplify the following and choose the correct answer:\n    6/5 - 21/2","-93/10","Hard","QL-047","ES-003","CP-003"
"The value of the following expression is:\n    17/16 x 46/9 x 4","391/18","Easy","QL-046","ES-003","CP-003"
"What is obtained after simplifying 2/3 + 15?","47/3","Easy","QL-043","ES-003","CP-003"
"Evaluate the decimal expression 37/24 + 19/17 + 13/5.","10729/2040","Easy","QL-034","ES-003","CP-003"
"The value of 7/4 + 2 is:","15/4","Medium","QL-037","ES-003","CP-003"
"Simplify and find the value of (7/10 + 12) x 3/4 / 47/17.","6477/1880","Medium","QL-032","ES-003","CP-003"
"Determine the result of 44/9 / 15/16.","704/135","Easy","QL-045","ES-003","CP-003"
"Put 42/13, 4, 3/2, 7/4 from smallest to greatest.","4","Easy","QL-057","ES-004","CP-004"
"Which of the following is the greatest: 25/8, 43/15, 18/11?","25/8","Medium","QL-066","ES-004","CP-004"
"Arrange 25/23, 7/16, 14/9, 43/2 in descending order.","43/2, 14/9, 25/23, 7/16","Easy","QL-056","ES-004","CP-004"
"Identify the least number from 1/6, 20/19, 38/21.","1/6","Easy","QL-062","ES-004","CP-004"
"Choose the correct decreasing order of 15/7, 12/7, 41/5, 23/21.","23/21, 12/7, 15/7, 41/5","Easy","QL-084","ES-004","CP-004"
"Find the second largest value among 1/3, 12, 17/9.","12, 17/9, 1/3","Medium","QL-070","ES-004","CP-004"
"Which of the following is the largest rational number?","2/11","Hard","QL-082","ES-004","CP-004"
"Select the least among 18/11, 7/6, 25/8.","7/6","Easy","QL-077","ES-004","CP-004"
"Select the least among 1, 23/5, 7/2, 5/12.","5/12","Medium","QL-077","ES-004","CP-004"
"Identify the least number from 1, 23/12, 16/19.","16/19","Hard","QL-062","ES-004","CP-004"
"Identify the greatest number from 45/7, 8/7, 17/8.","45/7","Medium","QL-061","ES-004","CP-004"
"Which value has the lowest magnitude among 1/2, 3, 23/3, 14/11?","23/3","Easy","QL-079","ES-004","CP-004"
"Arrange the following in decreasing order: 29/20, 47/4, 40/11.","29/20, 40/11, 47/4","Medium","QL-069","ES-004","CP-004"
"Identify the least number from 5/22, 34/15, 16/13, 15/2.","5/22","Hard","QL-062","ES-004","CP-004"
"Which of the following is the largest rational number?","11/7","Hard","QL-082","ES-004","CP-004"
"Find the second largest value among 17/10, 46/3, 6/19, 35/12.","46/3, 35/12, 17/10, 6/19","Hard","QL-070","ES-004","CP-004"
"Choose the correct decreasing order of 33/5, 1/3, 44/19.","1/3, 44/19, 33/5","Medium","QL-084","ES-004","CP-004"
"Which is greater: 28/11 or 5/2?","28/11","Medium","QL-051","ES-004","CP-004"
"Arrange 37/17, 1/3, 26/3 in ascending order.","1/3, 37/17, 26/3","Medium","QL-055","ES-004","CP-004"
"Which value has the highest magnitude among 16, 7/9, 21/11, 3/4?","16","Medium","QL-078","ES-004","CP-004"
"Identify the least number from 1/2, 3, 23/3, 14/11.","1/2","Hard","QL-062","ES-004","CP-004"
"Arrange the values from least to greatest: 12/5, 5/2, 24/7.","24/7","Medium","QL-080","ES-004","CP-004"
"Choose the correct order of the following values: 5/9, 17, 16/23, 45/16.","17","Hard","QL-075","ES-004","CP-004"
"Find the smallest value among 29/24, 47/8, 8/3.","47/8, 8/3, 29/24","Easy","QL-060","ES-004","CP-004"
"Choose the correct increasing order of 47/22, 29/15, 9/2, 3/4.","9/2","Medium","QL-083","ES-004","CP-004"
"Find the smallest value among 8/3, 1/2, 29/24.","8/3, 29/24, 1/2","Medium","QL-060","ES-004","CP-004"
"Which value has the highest magnitude among 31/22, 13/15, 42/13, 4?","4","Easy","QL-078","ES-004","CP-004"
"Find the greater value between 16/11 and 17/9.","17/9","Medium","QL-053","ES-004","CP-004"
"Arrange the values from least to greatest: 37/8, 19/24, 26/17, 4/5.","37/8","Medium","QL-080","ES-004","CP-004"
"Put 23/2, 41/9, 12/11 from smallest to greatest.","23/2","Medium","QL-057","ES-004","CP-004"
"Which is greater: 6 or 19/4?","6","Medium","QL-051","ES-004","CP-004"
"Choose the correct decreasing order of 15/2, 22/9, 13/8, 8/9.","8/9, 13/8, 22/9, 15/2","Medium","QL-084","ES-004","CP-004"
"Find the smaller value between 22/19 and 40/3.","40/3","Easy","QL-054","ES-004","CP-004"
"Find the greater value between 46/17 and 14/5.","14/5","Medium","QL-053","ES-004","CP-004"
"Find the largest value among 39/2, 10/9, 3/16.","3/16, 10/9, 39/2","Easy","QL-059","ES-004","CP-004"
"Choose the correct decreasing order of 17/8, 23/12, 14/11, 2/3.","2/3, 14/11, 23/12, 17/8","Easy","QL-084","ES-004","CP-004"
"Choose the correct order of the following values: 24/19, 14, 13/5.","14","Easy","QL-075","ES-004","CP-004"
"Put 33/8, 5/8, 22/17, 2/5 from smallest to greatest.","33/8","Hard","QL-057","ES-004","CP-004"
"Identify the largest rational value from 40/13, 11/20, 1.","11/20, 1, 40/13","Easy","QL-073","ES-004","CP-004"
"Find the second largest value among 7/24, 36/17, 6/5, 47/8.","47/8, 36/17, 6/5, 7/24","Medium","QL-070","ES-004","CP-004"
"Find the second smallest value among 12/11, 41/4, 23/2, 5/18.","23/2","Hard","QL-071","ES-004","CP-004"
"Find the smallest value among 33/7, 2/7, 44/21.","33/7, 44/21, 2/7","Medium","QL-060","ES-004","CP-004"
"Find the greater value between 17/23 and 23/8.","23/8","Easy","QL-053","ES-004","CP-004"
"Select the greatest among 3/4, 9/2, 7/10.","9/2","Medium","QL-076","ES-004","CP-004"
"Find the second smallest value among 47/3, 29/19, 11/17, 4.","47/3","Hard","QL-071","ES-004","CP-004"
"Put 40/7, 11/14, 4/21 from smallest to greatest.","40/7","Hard","QL-057","ES-004","CP-004"
"Which value has the lowest magnitude among 1/6, 31/5, 38/21, 10/7?","31/5","Medium","QL-079","ES-004","CP-004"
"Identify the largest rational value from 3/2, 27/13, 3.","3/2, 27/13, 3","Easy","QL-073","ES-004","CP-004"
"Find the largest value among 15/23, 11/4, 13/7, 8/7.","15/23, 8/7, 13/7, 11/4","Medium","QL-059","ES-004","CP-004"
"Choose the correct decreasing order of 1, 28/17, 7/8.","7/8, 1, 28/17","Medium","QL-084","ES-004","CP-004"
"Which of the following is the largest rational number?","3/22","Hard","QL-082","ES-004","CP-004"
"Find the second largest value among 5/7, 39/7, 2, 7/4.","39/7, 2, 7/4, 5/7","Easy","QL-070","ES-004","CP-004"
"Find the smaller value between 17/12 and 5/8.","17/12","Easy","QL-054","ES-004","CP-004"
"Arrange 2, 26/15, 8/13, 37/6 in descending order.","37/6, 2, 26/15, 8/13","Medium","QL-056","ES-004","CP-004"
"Identify the greatest number from 22/5, 15/17, 33/19.","22/5","Easy","QL-061","ES-004","CP-004"
"Arrange 11/2, 20/9, 47/11, 29/4 in ascending order.","20/9, 47/11, 11/2, 29/4","Medium","QL-055","ES-004","CP-004"
"Which of the following is the largest rational number?","4/11","Medium","QL-082","ES-004","CP-004"
"Identify the least number from 9/20, 38/13, 20/11, 1/2.","9/20","Medium","QL-062","ES-004","CP-004"
"Identify the largest rational value from 14, 46/9, 17/11.","17/11, 46/9, 14","Easy","QL-073","ES-004","CP-004"
"Which of the following is the least: 7/16, 4, 43/2, 25/18?","43/2","Hard","QL-067","ES-004","CP-004"
"Choose the correct order of the following values: 5/11, 13/5, 23/4, 7/6.","23/4","Hard","QL-075","ES-004","CP-004"
"Select the greatest among 33/23, 4/7, 22/9.","22/9","Hard","QL-076","ES-004","CP-004"
"Arrange the values from least to greatest: 26/11, 2, 37/2, 19/18.","37/2","Hard","QL-080","ES-004","CP-004"
"Find the smaller value between 26/5 and 11/3.","26/5","Hard","QL-054","ES-004","CP-004"
"Identify the largest rational value from 2/5, 37/13, 22/3, 13/11.","2/5, 13/11, 37/13, 22/3","Easy","QL-073","ES-004","CP-004"
"Arrange 43/7, 1, 2 in ascending order.","1, 2, 43/7","Medium","QL-055","ES-004","CP-004"
"Arrange 3/11, 8, 7, 43/18 in descending order.","8, 7, 43/18, 3/11","Hard","QL-056","ES-004","CP-004"
"Identify the smallest rational value from 3, 45/16, 38/23.","3","Medium","QL-074","ES-004","CP-004"
"Put 5, 1/10, 9/13, 19/3 from greatest to smallest.","1/10, 9/13, 5, 19/3","Easy","QL-058","ES-004","CP-004"
"Order the values 11/4, 29/11, 47/13 in decreasing order.","47/13, 11/4, 29/11","Easy","QL-064","ES-004","CP-004"
"Which is greater: 2/19 or 20/3?","20/3","Easy","QL-051","ES-004","CP-004"
"Find the smallest value among 8/5, 15, 9/8, 9/17.","15, 8/5, 9/8, 9/17","Medium","QL-060","ES-004","CP-004"
"Find the largest value among 20/21, 38/5, 9/7.","20/21, 9/7, 38/5","Medium","QL-059","ES-004","CP-004"
"Which of the following is the smallest rational number?","37/8","Easy","QL-081","ES-004","CP-004"
"Find the smaller value between 11/2 and 29/9.","11/2","Hard","QL-054","ES-004","CP-004"
"Identify the smallest rational value from 25/13, 7/6, 9, 9/10.","9","Easy","QL-074","ES-004","CP-004"
"Identify the largest rational value from 6/7, 36/5, 1.","6/7, 1, 36/5","Medium","QL-073","ES-004","CP-004"
"Arrange 14/3, 12, 31/18, 13/11 in ascending order.","13/11, 31/18, 14/3, 12","Easy","QL-055","ES-004","CP-004"
"Arrange the following in decreasing order: 12/7, 15/7, 23/21.","23/21, 12/7, 15/7","Easy","QL-069","ES-004","CP-004"
"Find the greater value between 7/4 and 17/13.","7/4","Easy","QL-053","ES-004","CP-004"
"Find the second smallest value among 1/2, 8/3, 22/13, 2/3.","8/3","Easy","QL-071","ES-004","CP-004"
"Which is smaller: 45/4 or 16/11?","45/4","Easy","QL-052","ES-004","CP-004"
"Find the second largest value among 29/15, 11/8, 3/4, 47/17.","47/17, 29/15, 11/8, 3/4","Easy","QL-070","ES-004","CP-004"
"Compare 4/3 and 19/11 and find the larger one.","19/11","Easy","QL-065","ES-004","CP-004"
"Which is greater: 17 or 8/9?","17","Easy","QL-051","ES-004","CP-004"
"Find the greater value between 3/8 and 27/8.","27/8","Hard","QL-053","ES-004","CP-004"
"Identify the largest rational value from 3, 7/2, 14/11, 2/3.","2/3, 14/11, 3, 7/2","Medium","QL-073","ES-004","CP-004"
"Identify the greatest number from 39/5, 5/6, 2.","39/5","Medium","QL-061","ES-004","CP-004"
"Which of the following is the smallest rational number?","14/3","Medium","QL-081","ES-004","CP-004"
"Arrange 35/16, 6/23, 46/7 in ascending order.","6/23, 35/16, 46/7","Medium","QL-055","ES-004","CP-004"
"Which of the following is the largest rational number?","44/19","Hard","QL-082","ES-004","CP-004"
"Which is smaller: 14/5 or 10/3?","10/3","Hard","QL-052","ES-004","CP-004"
"Identify the least number from 30/13, 12/5, 41/4.","30/13","Medium","QL-062","ES-004","CP-004"
"Choose the correct increasing order of 22/9, 26/11, 8/9, 37/2.","37/2","Easy","QL-083","ES-004","CP-004"
"Arrange the following in increasing order: 4/19, 22/3, 8.","4/19","Easy","QL-068","ES-004","CP-004"
"Arrange 5/8, 44/17, 2/5, 11 in descending order.","11, 44/17, 5/8, 2/5","Hard","QL-056","ES-004","CP-004"
"Which of the following is the smallest rational number?","39/2","Easy","QL-081","ES-004","CP-004"
"Find the smaller value between 11/2 and 13/12.","11/2","Easy","QL-054","ES-004","CP-004"
"Identify the smallest rational value from 3, 45/16, 8/9.","3","Easy","QL-074","ES-004","CP-004"
"Arrange 1/5, 33/13, 20/3, 1 in descending order.","20/3, 33/13, 1, 1/5","Easy","QL-056","ES-004","CP-004"
"Identify the greatest number from 25/6, 43/13, 9/5.","25/6","Hard","QL-061","ES-004","CP-004"
"Select the greatest among 8/3, 14/5, 43/3, 25/19.","43/3","Medium","QL-076","ES-004","CP-004"
"Which of the following is the smallest rational number?","43/8","Easy","QL-081","ES-004","CP-004"
"Arrange the following in decreasing order: 5/4, 2/9, 9/2, 19/9.","2/9, 5/4, 19/9, 9/2","Easy","QL-069","ES-004","CP-004"
"Find the smallest value among 9/2, 45/13, 19/10.","9/2, 45/13, 19/10","Medium","QL-060","ES-004","CP-004"
"Which value has the lowest magnitude among 27/11, 9/4, 19, 10/9?","19","Medium","QL-079","ES-004","CP-004"
"Which of the following is the least: 17, 5/9, 23/11?","17","Medium","QL-067","ES-004","CP-004"
"Which of the following is the greatest: 11/6, 20/11, 47/15, 29/8?","29/8","Hard","QL-066","ES-004","CP-004"
"Find the smaller value between 3/19 and 7.","7","Medium","QL-054","ES-004","CP-004"
"Find the largest value among 27/7, 9/23, 38/21, 10/7.","9/23, 10/7, 38/21, 27/7","Easy","QL-059","ES-004","CP-004"
"Order the values 17/9, 16/11, 23/4, 1/4 in increasing order.","1/4, 16/11, 17/9, 23/4","Easy","QL-063","ES-004","CP-004"
"Choose the correct order of the following values: 1/4, 23/4, 41/6.","41/6","Medium","QL-075","ES-004","CP-004"
"Find the second largest value among 15, 27/19, 9/17, 19/5.","15, 19/5, 27/19, 9/17","Hard","QL-070","ES-004","CP-004"
"Which value lies between the other two: 12/7, 7/5, 47/12?","47/12","Hard","QL-072","ES-004","CP-004"
"Which value has the highest magnitude among 7/3, 3/2, 5/9, 39/11?","39/11","Easy","QL-078","ES-004","CP-004"
"Identify the greatest number from 3/5, 15/2, 8.","8","Easy","QL-061","ES-004","CP-004"
"Find the second largest value among 5/9, 17, 16/23, 45/16.","17, 45/16, 16/23, 5/9","Medium","QL-070","ES-004","CP-004"
"Arrange the values from least to greatest: 9, 9/2, 38/17.","9","Medium","QL-080","ES-004","CP-004"
"Identify the largest rational value from 4/7, 41/14, 48/7, 30/23.","4/7, 30/23, 41/14, 48/7","Easy","QL-073","ES-004","CP-004"
"Choose the correct decreasing order of 33/17, 1/6, 22/3.","1/6, 33/17, 22/3","Hard","QL-084","ES-004","CP-004"
"Find the smaller value between 4/11 and 13/3.","13/3","Medium","QL-054","ES-004","CP-004"
"Find the second smallest value among 32/21, 1, 3, 3/23.","3","Medium","QL-071","ES-004","CP-004"
"Which of the following is the smallest rational number?","16","Easy","QL-081","ES-004","CP-004"
"Which of the following is the greatest: 15/14, 44/7, 26/5, 8/21?","44/7","Easy","QL-066","ES-004","CP-004"
"Which is greater: 1 or 28/17?","28/17","Hard","QL-051","ES-004","CP-004"
"Identify the least number from 38/23, 5/4, 3, 9/2.","5/4","Medium","QL-062","ES-004","CP-004"
"Which of the following is the least: 39/20, 5/2, 3/11?","5/2","Easy","QL-067","ES-004","CP-004"
"Which is smaller: 3/11 or 7/3?","7/3","Hard","QL-052","ES-004","CP-004"
"Identify the least number from 10/3, 3, 19/18.","19/18","Easy","QL-062","ES-004","CP-004"
"Which of the following is the least: 9/23, 19/8, 5, 27/2?","27/2","Easy","QL-067","ES-004","CP-004"
"Which value lies between the other two: 4/3, 9, 9, 9/19?","9","Easy","QL-072","ES-004","CP-004"
"Find the second largest value among 7/2, 3, 8/5.","7/2, 3, 8/5","Easy","QL-070","ES-004","CP-004"
"Arrange 5/11, 17/2, 41/20, 23/13 in descending order.","17/2, 41/20, 23/13, 5/11","Easy","QL-056","ES-004","CP-004"
"Put 7/6, 23/4, 17/10 from smallest to greatest.","23/4","Easy","QL-057","ES-004","CP-004"
"Choose the correct increasing order of 40/23, 11/8, 2/7, 33/7.","33/7","Easy","QL-083","ES-004","CP-004"
"Arrange 17/21, 7, 7/3 in ascending order.","17/21, 7/3, 7","Hard","QL-055","ES-004","CP-004"
"Compare 15/7 and 27/14 and find the larger one.","34/7","Easy","QL-065","ES-004","CP-004"
"Find the second smallest value among 33/8, 4/15, 22/17.","33/8","Hard","QL-071","ES-004","CP-004"
"Identify the least number from 13/4, 21/5, 1, 32/19.","1","Medium","QL-062","ES-004","CP-004"
"Which value has the highest magnitude among 26/17, 11/6, 37/8?","37/8","Medium","QL-078","ES-004","CP-004"
"Which of the following is the least: 23/8, 41/15, 17/11?","23/8","Easy","QL-067","ES-004","CP-004"
"Which of the following is the smallest rational number?","35/4","Easy","QL-081","ES-004","CP-004"
"Choose the correct increasing order of 44/19, 5, 33/5.","33/5","Medium","QL-083","ES-004","CP-004"
"Compare 37/2 and 19/18 and find the larger one.","37/2","Medium","QL-065","ES-004","CP-004"
"Which of the following is the smallest rational number?","21/8","Hard","QL-081","ES-004","CP-004"
"Put 47/12, 29/5, 11/3, 40/19 from smallest to greatest.","29/5","Easy","QL-057","ES-004","CP-004"
"Identify the least number from 3, 8/3, 42/11.","8/3","Medium","QL-062","ES-004","CP-004"
"Identify the smallest rational value from 5/24, 2, 41/10, 23/3.","23/3","Medium","QL-074","ES-004","CP-004"
"Put 47/11, 1, 11/2 from greatest to smallest.","1, 47/11, 11/2","Hard","QL-058","ES-004","CP-004"
"Find the second smallest value among 45/23, 27/16, 9/14, 38/7.","38/7","Hard","QL-071","ES-004","CP-004"
"Arrange 36/23, 9/8, 25/9, 7/2 in descending order.","7/2, 25/9, 36/23, 9/8","Medium","QL-056","ES-004","CP-004"
"Arrange the values from least to greatest: 4/11, 13/3, 11/2.","11/2","Hard","QL-080","ES-004","CP-004"
"Which of the following is the smallest rational number?","7","Easy","QL-081","ES-004","CP-004"
"Identify the greatest number from 37/20, 2, 48/11.","48/11","Medium","QL-061","ES-004","CP-004"
"Compare 3 and 4 and find the larger one.","4","Medium","QL-065","ES-004","CP-004"
"Find the largest value among 3/11, 4, 21/4.","3/11, 4, 21/4","Medium","QL-059","ES-004","CP-004"
"Find the smallest value among 13/3, 42/19, 24/17, 3/5.","13/3, 42/19, 24/17, 3/5","Easy","QL-060","ES-004","CP-004"
"Choose the correct order of the following values: 46/15, 17/22, 5/3.","46/15","Easy","QL-075","ES-004","CP-004"
"Select the greatest among 41/3, 23/19, 5/2, 3/4.","41/3","Easy","QL-076","ES-004","CP-004"
"Find the greater value between 25/9 and 43/16.","25/9","Medium","QL-053","ES-004","CP-004"
"Which of the following is the smallest rational number?","17/2","Medium","QL-081","ES-004","CP-004"
"Arrange the following in decreasing order: 35/23, 17/16, 8/3, 3.","17/16, 35/23, 8/3, 3","Easy","QL-069","ES-004","CP-004"
"Identify the smallest rational value from 1/3, 22/19, 5.","5","Hard","QL-074","ES-004","CP-004"
"Order the values 19/23, 3, 15/7, 12/7 in decreasing order.","3, 15/7, 12/7, 19/23","Medium","QL-064","ES-004","CP-004"
"Which of the following is the greatest: 47/6, 18/13, 12/5?","47/6","Hard","QL-066","ES-004","CP-004"
"Choose the correct increasing order of 9/2, 9, 34/19, 4/3.","9","Easy","QL-083","ES-004","CP-004"
"Which of the following is the smallest rational number?","17/2","Medium","QL-081","ES-004","CP-004"
"Identify the greatest number from 4, 22/3, 4/13, 33/17.","22/3","Easy","QL-061","ES-004","CP-004"
"Order the values 48/19, 19/3, 37/5 in decreasing order.","37/5, 19/3, 48/19","Medium","QL-064","ES-004","CP-004"
"Put 27/11, 9/4, 2, 15/8 from greatest to smallest.","15/8, 2, 9/4, 27/11","Medium","QL-058","ES-004","CP-004"
"Order the values 22/17, 2/5, 33/8, 5/8 in increasing order.","2/5, 5/8, 22/17, 33/8","Medium","QL-063","ES-004","CP-004"
"Which value lies between the other two: 5/12, 23/19, 16/3?","16/3","Easy","QL-072","ES-004","CP-004"
"Identify the least number from 5/4, 17/10, 41/13, 23/6.","5/4","Medium","QL-062","ES-004","CP-004"
"Arrange the following in increasing order: 29/16, 47/23, 9.","29/16","Medium","QL-068","ES-004","CP-004"
"Arrange 5/9, 39/11, 7/3, 3/2 in ascending order.","5/9, 3/2, 7/3, 39/11","Medium","QL-055","ES-004","CP-004"
"Select the greatest among 3/2, 2/3, 44/13.","44/13","Hard","QL-076","ES-004","CP-004"
"Find the greater value between 42/17 and 12/5.","42/17","Easy","QL-053","ES-004","CP-004"
"Choose the correct increasing order of 16/3, 17/5, 5/12.","16/3","Medium","QL-083","ES-004","CP-004"
"Choose the correct increasing order of 13/7, 3/2, 1/4, 32/5.","32/5","Easy","QL-083","ES-004","CP-004"
"Arrange the following in increasing order: 32/9, 3/16, 43/23.","3/16","Easy","QL-068","ES-004","CP-004"
"Identify the greatest number from 8/7, 42/5, 35/12.","42/5","Hard","QL-061","ES-004","CP-004"
"Which value has the highest magnitude among 47/23, 29/16, 11/14, 40/7?","40/7","Easy","QL-078","ES-004","CP-004"
"Select the least among 40/19, 11/3, 29/5.","40/19","Hard","QL-077","ES-004","CP-004"
"Find the smallest value among 5/9, 17, 41/18, 23/11.","17, 41/18, 23/11, 5/9","Easy","QL-060","ES-004","CP-004"
"Select the greatest among 23/17, 41/24, 17/4.","17/4","Easy","QL-076","ES-004","CP-004"
"Which of the following is the least: 1, 5/16, 17/7, 16/7?","17/7","Easy","QL-067","ES-004","CP-004"
"Order the values 5/2, 48/19, 19/21 in increasing order.","19/21, 5/2, 48/19","Easy","QL-063","ES-004","CP-004"
"Identify the least number from 7/11, 9, 43/20, 25/13.","7/11","Easy","QL-062","ES-004","CP-004"
"Identify the smallest rational value from 22, 5/3, 1/2.","22","Easy","QL-074","ES-004","CP-004"
"Which value lies between the other two: 22/15, 1/2, 11/2, 15/22?","11/2","Medium","QL-072","ES-004","CP-004"
"Arrange 8, 7/10, 21/13, 1/2 in ascending order.","1/2, 7/10, 21/13, 8","Hard","QL-055","ES-004","CP-004"
"Identify the largest rational value from 9/16, 27/23, 45/2.","9/16, 27/23, 45/2","Medium","QL-073","ES-004","CP-004"
"Arrange the following in increasing order: 2/17, 31/10, 13/8, 7/4.","2/17","Medium","QL-068","ES-004","CP-004"
"Find the second smallest value among 34/5, 5/12, 45/19.","34/5","Hard","QL-071","ES-004","CP-004"
"Put 22/17, 2/5, 11/3, 40/19 from greatest to smallest.","2/5, 22/17, 40/19, 11/3","Medium","QL-058","ES-004","CP-004"
"Find the largest value among 45/19, 16/3, 34/5.","45/19, 16/3, 34/5","Medium","QL-059","ES-004","CP-004"
"Find the smaller value between 39/11 and 21/4.","21/4","Easy","QL-054","ES-004","CP-004"
"Choose the correct order of the following values: 1, 3/2, 13/3.","13/3","Hard","QL-075","ES-004","CP-004"
"Arrange the following in decreasing order: 26/3, 8/19, 5/4, 44/5.","8/19, 5/4, 26/3, 44/5","Easy","QL-069","ES-004","CP-004"
"Put 7/2, 32/11, 3/13 from greatest to smallest.","3/13, 32/11, 7/2","Medium","QL-058","ES-004","CP-004"
"Identify the greatest number from 1/2, 3, 23/3, 14/11.","23/3","Medium","QL-061","ES-004","CP-004"
"Which value has the highest magnitude among 34/9, 5/16, 23/18?","34/9","Medium","QL-078","ES-004","CP-004"
"Identify the least number from 27/10, 3, 19/12, 20/17.","20/17","Medium","QL-062","ES-004","CP-004"
"Find the second smallest value among 2, 7/3, 21/19.","7/3","Easy","QL-071","ES-004","CP-004"
"Which is smaller: 47/10 or 29/3?","29/3","Easy","QL-052","ES-004","CP-004"
"Put 16/19, 34/3, 1 from greatest to smallest.","16/19, 1, 34/3","Medium","QL-058","ES-004","CP-004"
"Compare 15/11 and 11 and find the larger one.","13","Medium","QL-065","ES-004","CP-004"
"Which is greater: 11/5 or 2/11?","11/5","Hard","QL-051","ES-004","CP-004"
"Which is greater: 4/19 or 11/4?","11/4","Hard","QL-051","ES-004","CP-004"
"Which of the following is the smallest rational number?","37/4","Medium","QL-081","ES-004","CP-004"
"Choose the correct decreasing order of 47/21, 18/5, 11/12.","11/12, 47/21, 18/5","Easy","QL-084","ES-004","CP-004"
"Find the smallest value among 25/16, 7/9, 36/7, 18/23.","36/7, 25/16, 18/23, 7/9","Easy","QL-060","ES-004","CP-004"
"Select the least among 11/19, 29/3, 47/5.","11/19","Easy","QL-077","ES-004","CP-004"
"Compare 15 and 2/3 and find the larger one.","15","Easy","QL-065","ES-004","CP-004"
"Find the second largest value among 24/5, 19/17, 1/2.","24/5, 19/17, 1/2","Easy","QL-070","ES-004","CP-004"
"Which value has the highest magnitude among 23/6, 28/5, 10/3, 39/19?","28/5","Easy","QL-078","ES-004","CP-004"
"Identify the smallest rational value from 1/2, 24/19, 2.","2","Medium","QL-074","ES-004","CP-004"
"Arrange the following in increasing order: 8, 7/10, 21/13, 1/2.","1/2","Medium","QL-068","ES-004","CP-004"
"Arrange 11/9, 20, 11/3 in descending order.","20, 11/3, 11/9","Medium","QL-056","ES-004","CP-004"
"Find the smallest value among 3, 27/8, 3/2, 19/11.","27/8, 3, 19/11, 3/2","Easy","QL-060","ES-004","CP-004"
"Arrange the values from least to greatest: 5/7, 39/7, 21/5, 1/7.","39/7","Medium","QL-080","ES-004","CP-004"
"Arrange 27/19, 15, 19/5 in ascending order.","27/19, 19/5, 15","Medium","QL-055","ES-004","CP-004"
"Select the least among 13/7, 8/7, 15/23, 11/4.","15/23","Easy","QL-077","ES-004","CP-004"
"Find the second smallest value among 17/13, 7/4, 3/11.","7/4","Easy","QL-071","ES-004","CP-004"
"Arrange the following in decreasing order: 3/19, 8/3, 7/5, 43/3.","3/19, 7/5, 8/3, 43/3","Hard","QL-069","ES-004","CP-004"
"Find the second smallest value among 18/7, 1/3, 47/5.","47/5","Hard","QL-071","ES-004","CP-004"
"Identify the largest rational value from 39/11, 21/4, 7/5, 10/13.","10/13, 7/5, 39/11, 21/4","Easy","QL-073","ES-004","CP-004"
"Identify the smallest rational value from 10/13, 7/5, 23/11.","23/11","Medium","QL-074","ES-004","CP-004"
"Which of the following is the smallest rational number?","4","Easy","QL-081","ES-004","CP-004"
"Which value has the lowest magnitude among 1, 21/4, 7/3?","21/4","Easy","QL-079","ES-004","CP-004"
"Arrange 2, 19/8, 37/10 in descending order.","37/10, 19/8, 2","Easy","QL-056","ES-004","CP-004"
"Which value has the lowest magnitude among 25/9, 7/2, 7/9, 43/11?","43/11","Easy","QL-079","ES-004","CP-004"
"Find the second smallest value among 15/11, 8, 41/13.","8","Hard","QL-071","ES-004","CP-004"
"Choose the correct order of the following values: 37/5, 19/21, 48/19, 5/2.","37/5","Medium","QL-075","ES-004","CP-004"
"Select the least among 13/6, 5, 7.","13/6","Medium","QL-077","ES-004","CP-004"
"Compare 8/11 and 3 and find the larger one.","3","Hard","QL-065","ES-004","CP-004"
"Find the second largest value among 16/11, 1/2, 43/13.","43/13, 16/11, 1/2","Medium","QL-070","ES-004","CP-004"
"Which value has the highest magnitude among 8, 7/10, 43/18, 25/11?","8","Medium","QL-078","ES-004","CP-004"
"Identify the smallest rational value from 38/13, 9/20, 27/22.","38/13","Medium","QL-074","ES-004","CP-004"
"Arrange the values from least to greatest: 39/5, 1, 2, 10/7.","39/5","Easy","QL-080","ES-004","CP-004"
"Find the largest value among 9/11, 19/2, 9/4, 27/13.","9/11, 27/13, 9/4, 19/2","Easy","QL-059","ES-004","CP-004"
"Find the second smallest value among 16/9, 3/2, 21/4.","21/4","Medium","QL-071","ES-004","CP-004"
"Choose the correct increasing order of 15/2, 3/5, 41/18, 23/11.","15/2","Medium","QL-083","ES-004","CP-004"
"Order the values 25/11, 43/18, 18 in decreasing order.","18, 43/18, 25/11","Medium","QL-064","ES-004","CP-004"
"Identify the largest rational value from 23/9, 5/2, 2/3, 41/11.","2/3, 5/2, 23/9, 41/11","Easy","QL-073","ES-004","CP-004"
"Arrange the following rational values from greatest to least:\n    41/13, 3/5, 15/11","41/13, 15/11, 3/5","Easy","QL-085","ES-004","CP-004"
"Arrange the values from least to greatest: 35/17, 17/10, 23/4, 7/6.","23/4","Medium","QL-080","ES-004","CP-004"
"Compare 23/11 and 41/18 and find the larger one.","17","Hard","QL-065","ES-004","CP-004"
"Compare 11/3 and 2/11 and find the larger one.","5","Easy","QL-065","ES-004","CP-004"
"Find the smaller value between 27/7 and 45/14.","27/7","Hard","QL-054","ES-004","CP-004"
"Find the second largest value among 5/2, 23/9, 1.","23/9, 5/2, 1","Hard","QL-070","ES-004","CP-004"
"Choose the correct increasing order of 10/23, 39/16, 3/2, 3/7.","39/16","Medium","QL-083","ES-004","CP-004"
"Identify the smallest rational value from 21/23, 39/7, 10/9.","39/7","Easy","QL-074","ES-004","CP-004"
"Arrange 15/4, 1/2, 19/17, 24/5 in descending order.","24/5, 15/4, 19/17, 1/2","Medium","QL-056","ES-004","CP-004"
"Identify the least number from 10/9, 7/4, 21/23.","21/23","Medium","QL-062","ES-004","CP-004"
"Find the smallest value among 12/7, 6/7, 7, 17/21.","7, 12/7, 6/7, 17/21","Medium","QL-060","ES-004","CP-004"
"Find the largest value among 17/4, 35/11, 6/13.","6/13, 35/11, 17/4","Medium","QL-059","ES-004","CP-004"
"Find the second largest value among 12/7, 6/7, 13/23, 21/8.","21/8, 12/7, 6/7, 13/23","Easy","QL-070","ES-004","CP-004"
"Select the greatest among 13/3, 31/10, 24/17.","13/3","Medium","QL-076","ES-004","CP-004"
"Arrange 42/11, 6, 3, 35/18 in ascending order.","35/18, 3, 42/11, 6","Hard","QL-055","ES-004","CP-004"
"Identify the largest rational value from 25/3, 7/19, 36/17, 9/5.","7/19, 9/5, 36/17, 25/3","Medium","QL-073","ES-004","CP-004"
"Choose the correct order of the following values: 47/2, 2, 11/16.","47/2","Hard","QL-075","ES-004","CP-004"
"Find the smallest value among 25/14, 1, 14/23, 43/16.","43/16, 25/14, 1, 14/23","Medium","QL-060","ES-004","CP-004"
"Which value lies between the other two: 5, 48/13, 19/15?","5","Medium","QL-072","ES-004","CP-004"
"Put 4, 13/2, 4, 37/18 from greatest to smallest.","37/18, 4, 4, 13/2","Easy","QL-058","ES-004","CP-004"
"Identify the smallest rational value from 31/5, 1/6, 42/19.","31/5","Easy","QL-074","ES-004","CP-004"
"Which of the following is the smallest rational number?","11/2","Easy","QL-081","ES-004","CP-004"
"Which is smaller: 3/8 or 24/23?","24/23","Easy","QL-052","ES-004","CP-004"
"Which value has the lowest magnitude among 45/11, 27/4, 9/2, 19/9?","27/4","Hard","QL-079","ES-004","CP-004"
"Identify the least number from 22/9, 5/2, 33/23.","33/23","Medium","QL-062","ES-004","CP-004"
"Put 1/6, 20/19, 38/21 from greatest to smallest.","1/6, 20/19, 38/21","Medium","QL-058","ES-004","CP-004"
"Choose the correct order of the following values: 7/3, 24/11, 31/4, 13/20.","31/4","Medium","QL-075","ES-004","CP-004"
"Select the least among 7/6, 23/4, 13/5.","7/6","Easy","QL-077","ES-004","CP-004"
"Arrange 2, 22/13, 4/23, 33/4 in descending order.","33/4, 2, 22/13, 4/23","Easy","QL-056","ES-004","CP-004"
"Which value lies between the other two: 11/18, 29/2, 47/4?","29/2","Medium","QL-072","ES-004","CP-004"
"Choose the correct decreasing order of 10/17, 39/10, 46/3, 28/19.","10/17, 28/19, 39/10, 46/3","Easy","QL-084","ES-004","CP-004"
"Arrange 2, 11/5, 37/4 in descending order.","37/4, 11/5, 2","Hard","QL-056","ES-004","CP-004"
"Arrange 1, 34/21, 16/19, 15/4 in descending order.","15/4, 34/21, 1, 16/19","Easy","QL-056","ES-004","CP-004"
"Find the second largest value among 10/7, 2, 23/8.","23/8, 2, 10/7","Easy","QL-070","ES-004","CP-004"
"Order the values 9, 9/10, 25/13, 7/6 in increasing order.","9/10, 7/6, 25/13, 9","Easy","QL-063","ES-004","CP-004"
"Arrange the following in increasing order: 12/11, 41/4, 12/5, 30/13.","12/11","Easy","QL-068","ES-004","CP-004"
"Order the values 7/5, 23/2, 17/6 in increasing order.","7/5, 17/6, 23/2","Easy","QL-063","ES-004","CP-004"
"Order the values 23/19, 5/12, 17/5, 16/3 in decreasing order.","16/3, 17/5, 23/19, 5/12","Easy","QL-064","ES-004","CP-004"
"Which value has the highest magnitude among 1, 32/21, 5?","5","Medium","QL-078","ES-004","CP-004"
"Which value lies between the other two: 23, 14/9, 35/11, 17/4?","23","Hard","QL-072","ES-004","CP-004"
"Choose the correct decreasing order of 7/4, 3/2, 4.","3/2, 7/4, 4","Medium","QL-084","ES-004","CP-004"
"Find the second largest value among 4/3, 5, 13/4, 21/5.","5, 21/5, 13/4, 4/3","Easy","QL-070","ES-004","CP-004"
"Which is greater: 5/19 or 23/3?","23/3","Easy","QL-051","ES-004","CP-004"
"Which value lies between the other two: 5/3, 17/14, 24/7, 6/23?","24/7","Easy","QL-072","ES-004","CP-004"
"Arrange 11/10, 29/17, 47/19 in ascending order.","11/10, 29/17, 47/19","Medium","QL-055","ES-004","CP-004"
"Which of the following is the greatest: 3/22, 7/2, 14/13?","7/2","Medium","QL-066","ES-004","CP-004"
"Select the greatest among 2/3, 37/5, 19/3, 48/19.","37/5","Medium","QL-076","ES-004","CP-004"
"Which of the following is the smallest rational number?","37/15","Medium","QL-081","ES-004","CP-004"
"Identify the smallest rational value from 5, 27/2, 17/9, 16/11.","27/2","Easy","QL-074","ES-004","CP-004"
"Compare 5/22 and 23/6 and find the larger one.","23/6","Medium","QL-065","ES-004","CP-004"
"Which of the following is the least: 3/11, 8, 7, 43/18?","8","Medium","QL-067","ES-004","CP-004"
"Which value has the highest magnitude among 5, 28/9, 46/11?","5","Hard","QL-078","ES-004","CP-004"
"Find the smallest value among 18/11, 6/5, 25/8, 7/24.","25/8, 18/11, 6/5, 7/24","Hard","QL-060","ES-004","CP-004"
"Find the greater value between 26/19 and 44/3.","44/3","Medium","QL-053","ES-004","CP-004"
"Find the greater value between 5/23 and 17/8.","17/8","Hard","QL-053","ES-004","CP-004"
"Identify the largest rational value from 1/2, 25/21, 43/23.","1/2, 25/21, 43/23","Medium","QL-073","ES-004","CP-004"
"Which of the following is the least: 7/2, 3/22, 2/3, 39/8?","39/8","Easy","QL-067","ES-004","CP-004"
"Find the largest value among 7/12, 25/19, 6.","7/12, 25/19, 6","Medium","QL-059","ES-004","CP-004"
"Identify the smallest rational value from 19/24, 48/17, 2, 3/2.","48/17","Easy","QL-074","ES-004","CP-004"
"Find the largest value among 13/3, 31/10, 1/6.","1/6, 31/10, 13/3","Medium","QL-059","ES-004","CP-004"
"Which of the following is the largest rational number?","2/11","Medium","QL-082","ES-004","CP-004"
"Which of the following is the greatest: 44/5, 5/4, 8/19?","44/5","Hard","QL-066","ES-004","CP-004"
"Arrange the following in increasing order: 7/3, 36/19, 18/17, 47/10.","18/17","Easy","QL-068","ES-004","CP-004"
"Find the largest value among 4/19, 22/3, 8.","4/19, 22/3, 8","Hard","QL-059","ES-004","CP-004"
"Find the greater value between 27/7 and 9/23.","27/7","Hard","QL-053","ES-004","CP-004"
"Identify the least number from 20/3, 2/19, 31/17, 13/10.","2/19","Easy","QL-062","ES-004","CP-004"
"Choose the correct decreasing order of 11/7, 40/21, 33/5.","11/7, 40/21, 33/5","Easy","QL-084","ES-004","CP-004"
"Arrange 3/7, 5, 42/23, 3/2 in ascending order.","3/7, 3/2, 42/23, 5","Medium","QL-055","ES-004","CP-004"
"Identify the least number from 27/17, 15/8, 16/3.","27/17","Medium","QL-062","ES-004","CP-004"
"Find the second smallest value among 25/4, 7/20, 2, 18/11.","25/4","Easy","QL-071","ES-004","CP-004"
"Arrange the following rational values from greatest to least:\n    10/7, 38/21, 31/5","31/5, 38/21, 10/7","Easy","QL-085","ES-004","CP-004"
"Put 5/8, 44/17, 2/5, 11 from greatest to smallest.","2/5, 5/8, 44/17, 11","Medium","QL-058","ES-004","CP-004"
"Select the greatest among 36/23, 1, 25/9.","25/9","Medium","QL-076","ES-004","CP-004"
"Which value lies between the other two: 10/7, 39/23, 1, 3/14?","39/23","Medium","QL-072","ES-004","CP-004"
"Put 45/11, 8/9, 9/2 from greatest to smallest.","8/9, 45/11, 9/2","Medium","QL-058","ES-004","CP-004"
"Which of the following is the greatest: 7/2, 39/2, 32/9?","39/2","Medium","QL-066","ES-004","CP-004"
"Which is greater: 35/6 or 17/22?","35/6","Medium","QL-051","ES-004","CP-004"
"Arrange the following rational values from greatest to least:\n    14, 46/9, 17/11","14, 46/9, 17/11","Easy","QL-085","ES-004","CP-004"
"Arrange 5/13, 17/3, 41/22, 23/15 in descending order.","17/3, 41/22, 23/15, 5/13","Hard","QL-056","ES-004","CP-004"
"Which is smaller: 12/23 or 30/7?","30/7","Medium","QL-052","ES-004","CP-004"
"Which value lies between the other two: 13/7, 8/7, 37/5, 19/21?","37/5","Easy","QL-072","ES-004","CP-004"
"Find the second smallest value among 15, 16/3, 19/11.","15","Easy","QL-071","ES-004","CP-004"
"Which of the following is the largest rational number?","40/19","Hard","QL-082","ES-004","CP-004"
"Identify the largest rational value from 31/6, 2/13, 21/10.","2/13, 21/10, 31/6","Easy","QL-073","ES-004","CP-004"
"Find the largest value among 40/11, 11/2, 2, 11/6.","11/6, 2, 40/11, 11/2","Hard","QL-059","ES-004","CP-004"
"Arrange the following rational values from greatest to least:\n    3/4, 47/17, 7/10, 12","12, 47/17, 3/4, 7/10","Medium","QL-085","ES-004","CP-004"
"Which of the following is the least: 6/11, 4/3, 21/10?","21/10","Easy","QL-067","ES-004","CP-004"
"Arrange the following in increasing order: 13/15, 21/4, 4, 3/11.","3/11","Medium","QL-068","ES-004","CP-004"
"Choose the correct order of the following values: 37/13, 2/5, 12.","12","Easy","QL-075","ES-004","CP-004"
"Select the greatest among 20/3, 2/19, 3/4, 38/5.","38/5","Medium","QL-076","ES-004","CP-004"
"Find the greater value between 43/4 and 14/11.","43/4","Medium","QL-053","ES-004","CP-004"
"Put 12/5, 9/4, 47/6, 29/22 from smallest to greatest.","47/6","Medium","QL-057","ES-004","CP-004"
"Which of the following is the greatest: 4, 7/16, 47/23?","4","Medium","QL-066","ES-004","CP-004"
"Choose the correct decreasing order of 20/9, 2, 29/4, 11/20.","11/20, 2, 20/9, 29/4","Easy","QL-084","ES-004","CP-004"
"Identify the greatest number from 40/21, 11/5, 29/7.","29/7","Medium","QL-061","ES-004","CP-004"
"Choose the correct decreasing order of 1, 29/18, 47/20.","1, 29/18, 47/20","Easy","QL-084","ES-004","CP-004"
"Choose the correct increasing order of 35/9, 17/2, 4/3, 6/11.","17/2","Easy","QL-083","ES-004","CP-004"
"Compare 4 and 23/7 and find the larger one.","4","Easy","QL-065","ES-004","CP-004"
"Which value has the lowest magnitude among 5/3, 34/19, 16/17, 9/2?","9/2","Medium","QL-079","ES-004","CP-004"
"Order the values 11/4, 8/3, 11/17 in increasing order.","11/17, 8/3, 11/4","Easy","QL-063","ES-004","CP-004"
"Arrange the values from least to greatest: 45/19, 9/4, 34/5, 16/21.","34/5","Easy","QL-080","ES-004","CP-004"
"Identify the greatest number from 47/20, 9/2, 1.","9/2","Medium","QL-061","ES-004","CP-004"
"Put 5/3, 22, 26/23, 1/2 from greatest to smallest.","1/2, 26/23, 5/3, 22","Hard","QL-058","ES-004","CP-004"
"Order the values 31/4, 2/11, 5/6 in increasing order.","2/11, 5/6, 31/4","Hard","QL-063","ES-004","CP-004"
"Arrange the values from least to greatest: 40/23, 11/8, 29/9, 11/2.","11/2","Medium","QL-080","ES-004","CP-004"
"Arrange 3, 47/22, 29/20, 11/13 in ascending order.","11/13, 29/20, 47/22, 3","Easy","QL-055","ES-004","CP-004"
"Put 1/6, 11/4, 1 from smallest to greatest.","11/4","Easy","QL-057","ES-004","CP-004"
"Find the largest value among 7/10, 12, 43/19, 25/12.","7/10, 25/12, 43/19, 12","Medium","QL-059","ES-004","CP-004"
"Find the second smallest value among 25/12, 43/19, 2/3.","43/19","Easy","QL-071","ES-004","CP-004"
"Which of the following is the greatest: 25/24, 7/17, 12/5, 9/4?","12/5","Easy","QL-066","ES-004","CP-004"
"Select the greatest among 7/3, 13/2, 2/3.","13/2","Easy","QL-076","ES-004","CP-004"
"Order the values 41/24, 23/17, 3, 4 in increasing order.","23/17, 41/24, 3, 4","Medium","QL-063","ES-004","CP-004"
"Put 27/23, 45/7, 16/9 from smallest to greatest.","45/7","Medium","QL-057","ES-004","CP-004"
"Which is smaller: 15/17 or 22/5?","22/5","Easy","QL-052","ES-004","CP-004"
"Which value has the lowest magnitude among 8, 19/13, 3/5?","8","Hard","QL-079","ES-004","CP-004"
"Find the second largest value among 19/4, 37/11, 5/3.","19/4, 37/11, 5/3","Easy","QL-070","ES-004","CP-004"
"Find the smallest value among 34/3, 16/19, 45/17, 27/10.","34/3, 27/10, 45/17, 16/19","Easy","QL-060","ES-004","CP-004"
"Which of the following is the greatest: 43/8, 14/15, 32/17?","43/8","Easy","QL-066","ES-004","CP-004"
"Compare 1 and 32/19 and find the larger one.","21/5","Medium","QL-065","ES-004","CP-004"
"Select the least among 37/5, 2/3, 48/19.","2/3","Easy","QL-077","ES-004","CP-004"
"Which of the following is the smallest rational number?","13/2","Medium","QL-081","ES-004","CP-004"
"Identify the least number from 20/21, 38/5, 9/7.","20/21","Easy","QL-062","ES-004","CP-004"
"Which value has the lowest magnitude among 1, 7, 1/11, 31/15?","7","Medium","QL-079","ES-004","CP-004"
"Arrange 16/9, 17/8, 27/23 in descending order.","17/8, 16/9, 27/23","Medium","QL-056","ES-004","CP-004"
"Order the values 9/22, 38/15, 20/13, 1/3 in decreasing order.","38/15, 20/13, 9/22, 1/3","Medium","QL-064","ES-004","CP-004"
"Which is smaller: 18/7 or 47/23?","18/7","Hard","QL-052","ES-004","CP-004"
"Find the greater value between 11/15 and 29/22.","29/22","Medium","QL-053","ES-004","CP-004"
"Identify the least number from 1/3, 17/4, 8/3, 45/22.","1/3","Easy","QL-062","ES-004","CP-004"
"Find the smallest value among 42/5, 13/12, 6/19.","42/5, 13/12, 6/19","Easy","QL-060","ES-004","CP-004"
"Which value lies between the other two: 19/6, 24/11, 8/15, 37/8?","37/8","Easy","QL-072","ES-004","CP-004"
"Which of the following is the least: 5/3, 23/10, 41/12?","41/12","Hard","QL-067","ES-004","CP-004"
"Arrange the following in increasing order: 12/13, 41/6, 23/4, 1/4.","1/4","Medium","QL-068","ES-004","CP-004"
"Order the values 47/12, 18/19, 11/3 in decreasing order.","47/12, 11/3, 18/19","Medium","QL-064","ES-004","CP-004"
"Identify the largest rational value from 1/2, 3, 23/3, 14/11.","1/2, 14/11, 3, 23/3","Medium","QL-073","ES-004","CP-004"
"Which value has the lowest magnitude among 31/18, 1, 5?","5","Hard","QL-079","ES-004","CP-004"
"Put 26/17, 11/6, 5 from greatest to smallest.","26/17, 11/6, 5","Easy","QL-058","ES-004","CP-004"
"Find the second largest value among 5, 1/10, 9/13, 19/3.","19/3, 5, 9/13, 1/10","Hard","QL-070","ES-004","CP-004"
"Select the least among 41/23, 12/7, 5/14.","5/14","Easy","QL-077","ES-004","CP-004"
"Select the least among 15/4, 11/5, 13/9, 8/11.","8/11","Medium","QL-077","ES-004","CP-004"
"Which value has the lowest magnitude among 17/22, 35/6, 3/4?","35/6","Hard","QL-079","ES-004","CP-004"
"Identify the greatest number from 2, 13/7, 23/7, 4.","4","Easy","QL-061","ES-004","CP-004"
"Order the values 43/23, 2, 1/2 in increasing order.","1/2, 43/23, 2","Medium","QL-063","ES-004","CP-004"
"Select the least among 3/19, 8/3, 7/5, 43/3.","3/19","Medium","QL-077","ES-004","CP-004"
"Find the second largest value among 29/12, 47/19, 6/7.","47/19, 29/12, 6/7","Medium","QL-070","ES-004","CP-004"
"Order the values 13/24, 42/17, 1/5, 31/3 in increasing order.","1/5, 13/24, 42/17, 31/3","Hard","QL-063","ES-004","CP-004"
"Select the least among 19/14, 48/7, 6, 4/7.","4/7","Medium","QL-077","ES-004","CP-004"
"Put 5/12, 23/19, 16/3 from smallest to greatest.","16/3","Hard","QL-057","ES-004","CP-004"
"Which is smaller: 4/15 or 33/8?","33/8","Easy","QL-052","ES-004","CP-004"
"Compare 14 and 46/9 and find the larger one.","14","Easy","QL-065","ES-004","CP-004"
"Arrange 14/3, 5/11, 39/20, 21/13 in descending order.","14/3, 39/20, 21/13, 5/11","Medium","QL-056","ES-004","CP-004"
"Find the second smallest value among 7/9, 16, 25/9.","16","Medium","QL-071","ES-004","CP-004"
"Identify the greatest number from 45/13, 9/2, 17/11, 16/15.","9/2","Hard","QL-061","ES-004","CP-004"
"Which value has the lowest magnitude among 3/2, 13/7, 10/23?","13/7","Easy","QL-079","ES-004","CP-004"
"Find the largest value among 38/13, 10/3, 1/2, 31/20.","1/2, 31/20, 38/13, 10/3","Hard","QL-059","ES-004","CP-004"
"Choose the correct order of the following values: 15/23, 33/7, 13/7.","33/7","Hard","QL-075","ES-004","CP-004"
"Which of the following is the greatest: 44/19, 13/6, 4/5, 37/3?","37/3","Medium","QL-066","ES-004","CP-004"
"Which is smaller: 32/23 or 3/7?","32/23","Medium","QL-052","ES-004","CP-004"
"Arrange the following rational values from greatest to least:\n    46/5, 4/3, 5/2, 17/7","46/5, 5/2, 17/7, 4/3","Easy","QL-085","ES-004","CP-004"
"Arrange the following in increasing order: 3/11, 4, 21/4.","3/11","Medium","QL-068","ES-004","CP-004"
"Select the least among 9/4, 19/10, 10/9, 2/11.","2/11","Medium","QL-077","ES-004","CP-004"
"Which of the following is the greatest: 30/23, 48/7, 41/14?","48/7","Easy","QL-066","ES-004","CP-004"
"Find the largest value among 7/8, 43/9, 3/2, 16/9.","7/8, 3/2, 16/9, 43/9","Medium","QL-059","ES-004","CP-004"
"Which of the following is the largest rational number?","15/17","Easy","QL-082","ES-004","CP-004"
"Arrange 7/15, 9/2, 3, 47/22 in descending order.","9/2, 3, 47/22, 7/15","Easy","QL-056","ES-004","CP-004"
"Which value has the highest magnitude among 3, 27/10, 20/17?","3","Easy","QL-078","ES-004","CP-004"
"Find the greater value between 19/4 and 3/5.","19/4","Hard","QL-053","ES-004","CP-004"
"Which of the following is the largest rational number?","3/5","Medium","QL-082","ES-004","CP-004"
"Put 7/2, 32/11, 25/18 from smallest to greatest.","7/2","Easy","QL-057","ES-004","CP-004"
"Choose the correct increasing order of 31/9, 13/2, 42/23, 3/2.","13/2","Hard","QL-083","ES-004","CP-004"
"Arrange the following in increasing order: 25/18, 43/2, 7/2.","25/18","Hard","QL-068","ES-004","CP-004"
"Identify the largest rational value from 4/9, 33/2, 20/9, 2.","4/9, 2, 20/9, 33/2","Medium","QL-073","ES-004","CP-004"
"Identify the greatest number from 3, 13/21, 6/5.","3","Easy","QL-061","ES-004","CP-004"
"Choose the correct order of the following values: 19/10, 16, 5/4, 12/17.","16","Medium","QL-075","ES-004","CP-004"
"Which of the following is the least: 41/3, 6/5, 5/2?","41/3","Medium","QL-067","ES-004","CP-004"
"Identify the greatest number from 4/9, 37/11, 11, 13/10.","11","Easy","QL-061","ES-004","CP-004"
"Arrange 33/13, 5/2, 1, 4/15 in descending order.","33/13, 5/2, 1, 4/15","Easy","QL-056","ES-004","CP-004"
"Arrange the following in decreasing order: 3/2, 13/7, 10/23.","10/23, 3/2, 13/7","Medium","QL-069","ES-004","CP-004"
"Which of the following is the smallest rational number?","39/4","Easy","QL-081","ES-004","CP-004"
"Choose the correct increasing order of 14/19, 32/3, 5/2.","32/3","Medium","QL-083","ES-004","CP-004"
"Select the least among 34/7, 16/23, 23/16, 5/9.","5/9","Easy","QL-077","ES-004","CP-004"
"Choose the correct decreasing order of 25/22, 43/6, 7/4.","25/22, 7/4, 43/6","Medium","QL-084","ES-004","CP-004"
"Put 19/22, 16/5, 30/13, 2 from greatest to smallest.","19/22, 2, 30/13, 16/5","Hard","QL-058","ES-004","CP-004"
"Arrange 3/4, 27/19, 20/3 in descending order.","20/3, 27/19, 3/4","Easy","QL-056","ES-004","CP-004"
"Which of the following is the greatest: 39/14, 3, 28/23, 5/8?","3","Hard","QL-066","ES-004","CP-004"
"Find the smallest value among 16/3, 17/5, 5/12.","16/3, 17/5, 5/12","Medium","QL-060","ES-004","CP-004"
"Identify the greatest number from 1/3, 22/19, 5.","5","Easy","QL-061","ES-004","CP-004"
"Find the largest value among 29/2, 11/18, 5/2, 22/9.","11/18, 22/9, 5/2, 29/2","Medium","QL-059","ES-004","CP-004"
"Put 34/5, 5/12, 23/14 from greatest to smallest.","5/12, 23/14, 34/5","Hard","QL-058","ES-004","CP-004"
"Which of the following is the smallest rational number?","47/15","Medium","QL-081","ES-004","CP-004"
"Find the smallest value among 10, 1, 2/9.","10, 1, 2/9","Medium","QL-060","ES-004","CP-004"
"Which value has the lowest magnitude among 24/5, 10, 1/2, 41/17?","10","Medium","QL-079","ES-004","CP-004"
"Identify the least number from 2/3, 14/11, 23/12.","2/3","Medium","QL-062","ES-004","CP-004"
"Which of the following is the least: 19/3, 48/19, 2/3, 37/5?","37/5","Easy","QL-067","ES-004","CP-004"
"Which value lies between the other two: 13/4, 44/15, 37/22?","13/4","Hard","QL-072","ES-004","CP-004"
"Compare 1/5 and 31/3 and find the larger one.","31/3","Easy","QL-065","ES-004","CP-004"
"Which of the following is the smallest rational number?","42/13","Easy","QL-081","ES-004","CP-004"
"Identify the largest rational value from 35/18, 3, 46/9.","35/18, 3, 46/9","Hard","QL-073","ES-004","CP-004"
"Order the values 14/13, 43/6, 3/22, 32/15 in increasing order.","3/22, 14/13, 32/15, 43/6","Medium","QL-063","ES-004","CP-004"
"Order the values 35/9, 3/8, 4/3 in increasing order.","3/8, 4/3, 35/9","Easy","QL-063","ES-004","CP-004"
"Identify the greatest number from 11/7, 15/14, 11/3, 26/5.","26/5","Medium","QL-061","ES-004","CP-004"
"Find the largest value among 26/23, 44/7, 37/14.","26/23, 37/14, 44/7","Medium","QL-059","ES-004","CP-004"
"Find the smaller value between 20/3 and 2/19.","20/3","Easy","QL-054","ES-004","CP-004"
"Find the smallest value among 14/3, 13/16, 31/18.","14/3, 31/18, 13/16","Medium","QL-060","ES-004","CP-004"
"Choose the correct decreasing order of 5/18, 34/11, 16/9, 45/2.","5/18, 16/9, 34/11, 45/2","Easy","QL-084","ES-004","CP-004"
"Which is greater: 38/13 or 9/20?","38/13","Easy","QL-051","ES-004","CP-004"
"Put 36/17, 7/24, 25/3 from smallest to greatest.","25/3","Hard","QL-057","ES-004","CP-004"
"Arrange the values from least to greatest: 9/5, 47/3, 2/19, 31/12.","47/3","Easy","QL-080","ES-004","CP-004"
"Arrange the following rational values from greatest to least:\n    17/5, 5/17, 15/8","17/5, 15/8, 5/17","Hard","QL-085","ES-004","CP-004"
"Put 34/3, 16/19, 45/17, 27/10 from greatest to smallest.","16/19, 45/17, 27/10, 34/3","Hard","QL-058","ES-004","CP-004"
"Find the second smallest value among 15/4, 16/19, 34/21.","15/4","Medium","QL-071","ES-004","CP-004"
"Find the largest value among 27/8, 3/8, 16/17, 9/2.","3/8, 16/17, 27/8, 9/2","Medium","QL-059","ES-004","CP-004"
"Which is greater: 27/10 or 45/17?","27/10","Easy","QL-051","ES-004","CP-004"
"Arrange 39/16, 7/3, 3/7, 32/23 in ascending order.","3/7, 32/23, 7/3, 39/16","Hard","QL-055","ES-004","CP-004"
"Choose the correct order of the following values: 31/6, 2/13, 4/3.","31/6","Easy","QL-075","ES-004","CP-004"
"Which is greater: 26/5 or 8/21?","26/5","Medium","QL-051","ES-004","CP-004"
"Which of the following is the least: 44/9, 13, 11/6, 15/11?","13","Medium","QL-067","ES-004","CP-004"
"Identify the largest rational value from 18/7, 18/7, 7/16.","7/16, 18/7, 18/7","Hard","QL-073","ES-004","CP-004"
"Arrange the values from least to greatest: 17/22, 46/15, 28/13, 5/3.","46/15","Hard","QL-080","ES-004","CP-004"
"Which of the following is the greatest: 5/2, 2/7, 46/5?","46/5","Easy","QL-066","ES-004","CP-004"
"Select the greatest among 12/19, 41/12, 48/5, 10/7.","48/5","Hard","QL-076","ES-004","CP-004"
"Put 31/8, 2/15, 20/17 from greatest to smallest.","2/15, 20/17, 31/8","Hard","QL-058","ES-004","CP-004"
"Select the least among 29/9, 11/2, 40/23, 11/8.","11/8","Hard","QL-077","ES-004","CP-004"
"Which is greater: 3 or 30/11?","3","Easy","QL-051","ES-004","CP-004"
"Which of the following is the smallest rational number?","41/5","Medium","QL-081","ES-004","CP-004"
"Which of the following is the largest rational number?","16/11","Medium","QL-082","ES-004","CP-004"
"Arrange the following rational values from greatest to least:\n    1/3, 21/16, 14/23","21/16, 14/23, 1/3","Easy","QL-085","ES-004","CP-004"
"Put 43/11, 25/4, 7/2, 2 from greatest to smallest.","2, 7/2, 43/11, 25/4","Medium","QL-058","ES-004","CP-004"
"Find the smaller value between 8/23 and 26/7.","26/7","Hard","QL-054","ES-004","CP-004"
"Choose the correct increasing order of 34/3, 16/19, 23/12, 1.","34/3","Medium","QL-083","ES-004","CP-004"
"Order the values 11/5, 15/4, 8/11 in decreasing order.","15/4, 11/5, 8/11","Medium","QL-064","ES-004","CP-004"
"Choose the correct order of the following values: 22/15, 1/2, 11/2, 15/22.","11/2","Medium","QL-075","ES-004","CP-004"
"Put 13/7, 31/14, 1/8 from smallest to greatest.","31/14","Easy","QL-057","ES-004","CP-004"
"Arrange the values from least to greatest: 27/13, 3/2, 8/11, 3.","3","Medium","QL-080","ES-004","CP-004"
"Order the values 3/8, 24/23, 17/7 in decreasing order.","17/7, 24/23, 3/8","Easy","QL-064","ES-004","CP-004"
"Find the smaller value between 7/5 and 3/8.","7/5","Easy","QL-054","ES-004","CP-004"
"Arrange the following in increasing order: 16/5, 15/4, 2, 41/22.","41/22","Easy","QL-068","ES-004","CP-004"
"Arrange 38/5, 3/4, 2/19 in ascending order.","2/19, 3/4, 38/5","Hard","QL-055","ES-004","CP-004"
"Which of the following is the largest rational number?","3/16","Medium","QL-082","ES-004","CP-004"
"Find the largest value among 7/15, 25/22, 43/24.","7/15, 25/22, 43/24","Medium","QL-059","ES-004","CP-004"
"Identify the smallest rational value from 8/13, 37/6, 19/4, 12/5.","37/6","Easy","QL-074","ES-004","CP-004"
"Find the largest value among 43/12, 14/19, 7/3.","14/19, 7/3, 43/12","Easy","QL-059","ES-004","CP-004"
"Which of the following is the least: 5/2, 2, 4/15, 33/8?","33/8","Easy","QL-067","ES-004","CP-004"
"Identify the least number from 16, 19/10, 37/12.","19/10","Medium","QL-062","ES-004","CP-004"
"Which of the following is the smallest rational number?","8/3","Medium","QL-081","ES-004","CP-004"
"Which of the following is the least: 22, 5/3, 1/2?","22","Easy","QL-067","ES-004","CP-004"
"Put 16/21, 34/5, 5/7 from smallest to greatest.","34/5","Easy","QL-057","ES-004","CP-004"
"Identify the smallest rational value from 9/13, 19/3, 45/22, 9/5.","19/3","Medium","QL-074","ES-004","CP-004"
"Which value lies between the other two: 33/5, 1/3, 44/19?","33/5","Hard","QL-072","ES-004","CP-004"
"Which is smaller: 9/2 or 19/9?","9/2","Easy","QL-052","ES-004","CP-004"
"Which value lies between the other two: 39/8, 2/3, 28/17?","39/8","Hard","QL-072","ES-004","CP-004"
"Find the smallest value among 46/3, 28/19, 35/12, 17/5.","46/3, 17/5, 35/12, 28/19","Easy","QL-060","ES-004","CP-004"
"Compare 15/4 and 3 and find the larger one.","15/4","Easy","QL-065","ES-004","CP-004"
"Arrange 10, 12/19, 41/17, 23/10 in ascending order.","12/19, 23/10, 41/17, 10","Hard","QL-055","ES-004","CP-004"
"Arrange the following in decreasing order: 11/9, 20, 11/4.","11/9, 11/4, 20","Easy","QL-069","ES-004","CP-004"
"Which of the following is the smallest rational number?","5/2","Easy","QL-081","ES-004","CP-004"
"Change the fraction 1/3 into decimal notation.","0.(3)","Easy","QL-095","ES-005","CP-005"
"Express 7/10 in decimal notation.","0.7","Medium","QL-099","ES-005","CP-005"
"Find the decimal value of 1/6.","0.1(6)","Hard","QL-094","ES-005","CP-005"
"Write 3/10 as a decimal number.","0.3","Hard","QL-097","ES-005","CP-005"
"Change the fraction 1/4 into decimal notation.","0.25","Easy","QL-095","ES-005","CP-005"
"Write 1/2 as a decimal number.","0.5","Medium","QL-097","ES-005","CP-005"
"Write the decimal equivalent of 5/18.","0.2(7)","Medium","QL-093","ES-005","CP-005"
"Find the decimal value of 1/2.","0.5","Easy","QL-094","ES-005","CP-005"
"Find the decimal value of 4/9.","0.(4)","Easy","QL-094","ES-005","CP-005"
"The decimal equivalent of 2 is:","2","Easy","QL-096","ES-005","CP-005"
"Express the given fraction 1/2 as a decimal.","0.5","Medium","QL-092","ES-005","CP-005"
"Express the given fraction 1/2 as a decimal.","0.5","Easy","QL-092","ES-005","CP-005"
"Find the decimal representation of 9/5.","1.8","Hard","QL-098","ES-005","CP-005"
"Express 1/3 as a decimal.","0.(3)","Easy","QL-087","ES-005","CP-005"
"Write 7/10 as a decimal number.","0.7","Hard","QL-097","ES-005","CP-005"
"Find the decimal value of 1/2.","0.5","Medium","QL-094","ES-005","CP-005"
"Express 1 in decimal notation.","1","Medium","QL-099","ES-005","CP-005"
"Write 1/9 in decimal form.","0.(1)","Medium","QL-088","ES-005","CP-005"
"Express 1 in decimal notation.","1","Easy","QL-099","ES-005","CP-005"
"Find the decimal form of 1.","1","Medium","QL-090","ES-005","CP-005"
"Express 2/3 as a decimal.","0.(6)","Hard","QL-087","ES-005","CP-005"
"Change 1 into a decimal.","1","Hard","QL-089","ES-005","CP-005"
"Find the decimal representation of 5/18.","0.2(7)","Hard","QL-098","ES-005","CP-005"
"Find the decimal representation of 1/5.","0.2","Medium","QL-098","ES-005","CP-005"
"Convert 1/3 into decimal form.","0.(3)","Easy","QL-086","ES-005","CP-005"
"Express 7/2 in decimal notation.","3.5","Medium","QL-099","ES-005","CP-005"
"Write 4/3 as a decimal number.","1.(3)","Medium","QL-097","ES-005","CP-005"
"The decimal equivalent of 4/5 is:","0.8","Hard","QL-096","ES-005","CP-005"
"Find the decimal representation of 2/3.","0.(6)","Easy","QL-098","ES-005","CP-005"
"Find the decimal representation of 1/2.","0.5","Easy","QL-098","ES-005","CP-005"
"Express the given fraction 4/5 as a decimal.","0.8","Easy","QL-092","ES-005","CP-005"
"Express the given fraction 1/4 as a decimal.","0.25","Easy","QL-092","ES-005","CP-005"
"Convert 1 into decimal form.","1","Hard","QL-086","ES-005","CP-005"
"Express 1/3 in decimal notation.","0.(3)","Medium","QL-099","ES-005","CP-005"
"Write 6/5 in decimal form.","1.2","Medium","QL-088","ES-005","CP-005"
"Convert the fraction 2/3 to decimal form.","0.(6)","Medium","QL-091","ES-005","CP-005"
"Write the decimal equivalent of 6/5.","1.2","Hard","QL-093","ES-005","CP-005"
"Find the decimal representation of 7/18.","0.3(8)","Medium","QL-098","ES-005","CP-005"
"Express 9/5 as a decimal.","1.8","Medium","QL-087","ES-005","CP-005"
"Express 4/9 in decimal notation.","0.(4)","Easy","QL-099","ES-005","CP-005"
"Express 5/18 as a decimal.","0.2(7)","Medium","QL-087","ES-005","CP-005"
"Express 4/5 in decimal notation.","0.8","Medium","QL-099","ES-005","CP-005"
"Write the decimal equivalent of 2/3.","0.(6)","Medium","QL-093","ES-005","CP-005"
"Change 4/5 into a decimal.","0.8","Medium","QL-089","ES-005","CP-005"
"Write 7/18 in decimal form.","0.3(8)","Easy","QL-088","ES-005","CP-005"
"Express 3/5 as a decimal.","0.6","Hard","QL-087","ES-005","CP-005"
"Find the decimal value of 4/9.","0.(4)","Medium","QL-094","ES-005","CP-005"
"Write 7/10 as a decimal number.","0.7","Hard","QL-097","ES-005","CP-005"
"Change the fraction 7/12 into decimal notation.","0.58(3)","Easy","QL-095","ES-005","CP-005"
"Write 5/2 as a decimal number.","2.5","Medium","QL-097","ES-005","CP-005"
"Change 9/2 into a decimal.","4.5","Easy","QL-089","ES-005","CP-005"
"Determine the decimal form of 1/3.","0.(3)","Medium","QL-100","ES-005","CP-005"
"The decimal equivalent of 4/5 is:","0.8","Medium","QL-096","ES-005","CP-005"
"Write 2/9 as a decimal number.","0.(2)","Easy","QL-097","ES-005","CP-005"
"Write 1/5 as a decimal number.","0.2","Easy","QL-097","ES-005","CP-005"
"Determine the decimal form of 5/18.","0.2(7)","Medium","QL-100","ES-005","CP-005"
"Change the fraction 1/5 into decimal notation.","0.2","Easy","QL-095","ES-005","CP-005"
"Express the given fraction 1/3 as a decimal.","0.(3)","Easy","QL-092","ES-005","CP-005"
"Change the fraction 9/5 into decimal notation.","1.8","Medium","QL-095","ES-005","CP-005"
"Write the decimal equivalent of 2/3.","0.(6)","Easy","QL-093","ES-005","CP-005"
"Write 1/3 in decimal form.","0.(3)","Easy","QL-088","ES-005","CP-005"
"Express 2/5 in decimal notation.","0.4","Medium","QL-099","ES-005","CP-005"
"Find the decimal representation of 1/3.","0.(3)","Medium","QL-098","ES-005","CP-005"
"Find the decimal representation of 4.","4","Medium","QL-098","ES-005","CP-005"
"Convert the fraction 4/9 to decimal form.","0.(4)","Medium","QL-091","ES-005","CP-005"
"Change the fraction 7/2 into decimal notation.","3.5","Medium","QL-095","ES-005","CP-005"
"Express 1/3 in decimal notation.","0.(3)","Hard","QL-099","ES-005","CP-005"
"Write 3/5 as a decimal number.","0.6","Medium","QL-097","ES-005","CP-005"
"Write 5/6 as a decimal number.","0.8(3)","Easy","QL-097","ES-005","CP-005"
"The decimal equivalent of 9/5 is:","1.8","Medium","QL-096","ES-005","CP-005"
"Find the decimal value of 4.","4","Easy","QL-094","ES-005","CP-005"
"The decimal equivalent of 1/6 is:","0.1(6)","Easy","QL-096","ES-005","CP-005"
"Write 3/2 as a decimal number.","1.5","Hard","QL-097","ES-005","CP-005"
"Express 1/3 in decimal notation.","0.(3)","Medium","QL-099","ES-005","CP-005"
"Change the fraction 1/2 into decimal notation.","0.5","Medium","QL-095","ES-005","CP-005"
"The decimal equivalent of 7/6 is:","1.1(6)","Medium","QL-096","ES-005","CP-005"
"Express 1/2 as a decimal.","0.5","Medium","QL-087","ES-005","CP-005"
"Find the decimal representation of 4/3.","1.(3)","Hard","QL-098","ES-005","CP-005"
"Convert 4/5 into decimal form.","0.8","Medium","QL-086","ES-005","CP-005"
"Write 1/9 as a decimal number.","0.(1)","Easy","QL-097","ES-005","CP-005"
"Find the decimal value of 7/6.","1.1(6)","Medium","QL-094","ES-005","CP-005"
"The decimal equivalent of 2/5 is:","0.4","Easy","QL-096","ES-005","CP-005"
"Convert 4/3 into decimal form.","1.(3)","Hard","QL-086","ES-005","CP-005"
"Convert 7/10 into decimal form.","0.7","Medium","QL-086","ES-005","CP-005"
"Write the decimal equivalent of 1/4.","0.25","Easy","QL-093","ES-005","CP-005"
"Change the fraction 1/5 into decimal notation.","0.2","Easy","QL-095","ES-005","CP-005"
"Express 1/6 in decimal notation.","0.1(6)","Medium","QL-099","ES-005","CP-005"
"Express 1/2 in decimal notation.","0.5","Hard","QL-099","ES-005","CP-005"
"Express 1/3 as a decimal.","0.(3)","Easy","QL-087","ES-005","CP-005"
"Determine the decimal form of 2.","2","Medium","QL-100","ES-005","CP-005"
"Determine the decimal form of 7/10.","0.7","Easy","QL-100","ES-005","CP-005"
"Express 1/6 as a decimal.","0.1(6)","Hard","QL-087","ES-005","CP-005"
"Change the fraction 3/10 into decimal notation.","0.3","Medium","QL-095","ES-005","CP-005"
"Find the decimal value of 1/3.","0.(3)","Hard","QL-094","ES-005","CP-005"
"Write the decimal equivalent of 1/5.","0.2","Easy","QL-093","ES-005","CP-005"
"Find the decimal form of 7/18.","0.3(8)","Easy","QL-090","ES-005","CP-005"
"The decimal equivalent of 1/2 is:","0.5","Easy","QL-096","ES-005","CP-005"
"Express 2/3 in decimal notation.","0.(6)","Medium","QL-099","ES-005","CP-005"
"Find the decimal value of 2.","2","Medium","QL-094","ES-005","CP-005"
"Convert the fraction 1/6 to decimal form.","0.1(6)","Easy","QL-091","ES-005","CP-005"
"Change 8/5 into a decimal.","1.6","Hard","QL-089","ES-005","CP-005"
"Determine the decimal form of 7/6.","1.1(6)","Medium","QL-100","ES-005","CP-005"
"Convert the fraction 4 to decimal form.","4","Medium","QL-091","ES-005","CP-005"
"Change the fraction 1/4 into decimal notation.","0.25","Medium","QL-095","ES-005","CP-005"
"Express 1/5 in decimal notation.","0.2","Medium","QL-099","ES-005","CP-005"
"Express 7/12 in decimal notation.","0.58(3)","Easy","QL-099","ES-005","CP-005"
"Find the decimal form of 1/2.","0.5","Hard","QL-090","ES-005","CP-005"
"Find the decimal value of 2/3.","0.(6)","Easy","QL-094","ES-005","CP-005"
"Write the decimal equivalent of 3/5.","0.6","Easy","QL-093","ES-005","CP-005"
"Change the fraction 1/3 into decimal notation.","0.(3)","Easy","QL-095","ES-005","CP-005"
"Determine the decimal form of 5/6.","0.8(3)","Hard","QL-100","ES-005","CP-005"
"Convert 3/5 into decimal form.","0.6","Easy","QL-086","ES-005","CP-005"
"Express 1/3 as a decimal.","0.(3)","Easy","QL-087","ES-005","CP-005"
"Find the decimal form of 3/5.","0.6","Medium","QL-090","ES-005","CP-005"
"Convert 5/18 into decimal form.","0.2(7)","Easy","QL-086","ES-005","CP-005"
"Change 5/2 into a decimal.","2.5","Hard","QL-089","ES-005","CP-005"
"Express 7/18 as a decimal.","0.3(8)","Easy","QL-087","ES-005","CP-005"
"Convert the fraction 9/2 to decimal form.","4.5","Medium","QL-091","ES-005","CP-005"
"Change 1/2 into a decimal.","0.5","Hard","QL-089","ES-005","CP-005"
"Convert the fraction 1 to decimal form.","1","Medium","QL-091","ES-005","CP-005"
"Write 1/5 in decimal form.","0.2","Easy","QL-088","ES-005","CP-005"
"Change 2/3 into a decimal.","0.(6)","Medium","QL-089","ES-005","CP-005"
"Change the fraction 3 into decimal notation.","3","Easy","QL-095","ES-005","CP-005"
"Change the fraction 1 into decimal notation.","1","Easy","QL-095","ES-005","CP-005"
"Write the decimal equivalent of 9/5.","1.8","Medium","QL-093","ES-005","CP-005"
"Find the decimal form of 5/6.","0.8(3)","Medium","QL-090","ES-005","CP-005"
"Express 9/5 in decimal notation.","1.8","Easy","QL-099","ES-005","CP-005"
"Write 1/3 as a decimal number.","0.(3)","Hard","QL-097","ES-005","CP-005"
"Express 1/5 in decimal notation.","0.2","Medium","QL-099","ES-005","CP-005"
"Change the fraction 5/6 into decimal notation.","0.8(3)","Medium","QL-095","ES-005","CP-005"
"Write 5/12 in decimal form.","0.41(6)","Hard","QL-088","ES-005","CP-005"
"Write 2/5 in decimal form.","0.4","Easy","QL-088","ES-005","CP-005"
"Find the decimal representation of 1/4.","0.25","Easy","QL-098","ES-005","CP-005"
"Determine the decimal form of 9/10.","0.9","Medium","QL-100","ES-005","CP-005"
"Convert the fraction 2/9 to decimal form.","0.(2)","Easy","QL-091","ES-005","CP-005"
"Convert the fraction 1/2 to decimal form.","0.5","Hard","QL-091","ES-005","CP-005"
"Find the decimal representation of 4/3.","1.(3)","Hard","QL-098","ES-005","CP-005"
"Convert 1/5 into decimal form.","0.2","Easy","QL-086","ES-005","CP-005"
"Write 2/9 as a decimal number.","0.(2)","Easy","QL-097","ES-005","CP-005"
"Express the given fraction 4/5 as a decimal.","0.8","Medium","QL-092","ES-005","CP-005"
"Express the given fraction 4/5 as a decimal.","0.8","Medium","QL-092","ES-005","CP-005"
"Express the given fraction 1/6 as a decimal.","0.1(6)","Easy","QL-092","ES-005","CP-005"
"Express 9/5 as a decimal.","1.8","Medium","QL-087","ES-005","CP-005"
"Convert 1/3 into decimal form.","0.(3)","Hard","QL-086","ES-005","CP-005"
"Write the decimal equivalent of 1.","1","Easy","QL-093","ES-005","CP-005"
"Write the decimal equivalent of 7/18.","0.3(8)","Medium","QL-093","ES-005","CP-005"
"Change 1 into a decimal.","1","Hard","QL-089","ES-005","CP-005"
"Express 1/3 as a decimal.","0.(3)","Easy","QL-087","ES-005","CP-005"
"Change the fraction 3/2 into decimal notation.","1.5","Medium","QL-095","ES-005","CP-005"
"Express 1/2 in decimal notation.","0.5","Easy","QL-099","ES-005","CP-005"
"Write 1/6 in decimal form.","0.1(6)","Medium","QL-088","ES-005","CP-005"
"Convert 1/5 into decimal form.","0.2","Medium","QL-086","ES-005","CP-005"
"Convert the fraction 2/9 to decimal form.","0.(2)","Easy","QL-091","ES-005","CP-005"
"Write the decimal equivalent of 3/5.","0.6","Easy","QL-093","ES-005","CP-005"
"Express 4/9 as a decimal.","0.(4)","Easy","QL-087","ES-005","CP-005"
"Determine the decimal form of 9/10.","0.9","Medium","QL-100","ES-005","CP-005"
"Express the given fraction 7/6 as a decimal.","1.1(6)","Easy","QL-092","ES-005","CP-005"
"Express the given fraction 3 as a decimal.","3","Easy","QL-092","ES-005","CP-005"
"Find the decimal form of 1/6.","0.1(6)","Medium","QL-090","ES-005","CP-005"
"Express the given fraction 3/10 as a decimal.","0.3","Hard","QL-092","ES-005","CP-005"
"Find the decimal value of 3/10.","0.3","Hard","QL-094","ES-005","CP-005"
"Find the decimal form of 2/3.","0.(6)","Easy","QL-090","ES-005","CP-005"
"Change the fraction 7/10 into decimal notation.","0.7","Medium","QL-095","ES-005","CP-005"
"Convert the fraction 1/4 to decimal form.","0.25","Easy","QL-091","ES-005","CP-005"
"Convert the fraction 1/2 to decimal form.","0.5","Easy","QL-091","ES-005","CP-005"
"Change 2/9 into a decimal.","0.(2)","Hard","QL-089","ES-005","CP-005"
"Find the decimal value of 1/2.","0.5","Hard","QL-094","ES-005","CP-005"
"Express the given fraction 1/6 as a decimal.","0.1(6)","Easy","QL-092","ES-005","CP-005"
"The decimal equivalent of 3/5 is:","0.6","Easy","QL-096","ES-005","CP-005"
"Express 2/3 in decimal notation.","0.(6)","Medium","QL-099","ES-005","CP-005"
"Express the given fraction 7/6 as a decimal.","1.1(6)","Easy","QL-092","ES-005","CP-005"
"Write 1 in decimal form.","1","Easy","QL-088","ES-005","CP-005"
"Find the decimal value of 1/3.","0.(3)","Medium","QL-094","ES-005","CP-005"
"Find the decimal representation of 5/2.","2.5","Easy","QL-098","ES-005","CP-005"
"Express 4/9 as a decimal.","0.(4)","Easy","QL-087","ES-005","CP-005"
"Express 7/2 in decimal notation.","3.5","Medium","QL-099","ES-005","CP-005"
"Write the decimal equivalent of 1/6.","0.1(6)","Easy","QL-093","ES-005","CP-005"
"The decimal equivalent of 7/2 is:","3.5","Medium","QL-096","ES-005","CP-005"
"Find the decimal value of 5/12.","0.41(6)","Hard","QL-094","ES-005","CP-005"
"Find the decimal representation of 9/5.","1.8","Medium","QL-098","ES-005","CP-005"
"Express 3/5 in decimal notation.","0.6","Easy","QL-099","ES-005","CP-005"
"Write 2/3 as a decimal number.","0.(6)","Easy","QL-097","ES-005","CP-005"
"Write 7/2 in decimal form.","3.5","Easy","QL-088","ES-005","CP-005"
"Find the decimal form of 1/3.","0.(3)","Medium","QL-090","ES-005","CP-005"
"Convert the fraction 8/5 to decimal form.","1.6","Easy","QL-091","ES-005","CP-005"
"Write the decimal equivalent of 1/2.","0.5","Hard","QL-093","ES-005","CP-005"
"Convert 4/5 into decimal form.","0.8","Medium","QL-086","ES-005","CP-005"
"Determine the decimal form of 1/6.","0.1(6)","Hard","QL-100","ES-005","CP-005"
"Convert 2/5 into decimal form.","0.4","Medium","QL-086","ES-005","CP-005"
"Write 2/3 as a decimal number.","0.(6)","Easy","QL-097","ES-005","CP-005"
"Express 7/12 in decimal notation.","0.58(3)","Easy","QL-099","ES-005","CP-005"
"The decimal equivalent of 7/5 is:","1.4","Hard","QL-096","ES-005","CP-005"
"Convert 1/6 into decimal form.","0.1(6)","Medium","QL-086","ES-005","CP-005"
"Express 3 in decimal notation.","3","Hard","QL-099","ES-005","CP-005"
"Find the decimal representation of 5/6.","0.8(3)","Medium","QL-098","ES-005","CP-005"
"Find the decimal representation of 2.","2","Medium","QL-098","ES-005","CP-005"
"Determine the decimal form of 1.","1","Hard","QL-100","ES-005","CP-005"
"Change 2 into a decimal.","2","Medium","QL-089","ES-005","CP-005"
"Express 1/2 in decimal notation.","0.5","Easy","QL-099","ES-005","CP-005"
"Write 1/5 in decimal form.","0.2","Medium","QL-088","ES-005","CP-005"
"Express the given fraction 1/2 as a decimal.","0.5","Easy","QL-092","ES-005","CP-005"
"Find the decimal value of 1/5.","0.2","Easy","QL-094","ES-005","CP-005"
"Convert 1/2 into decimal form.","0.5","Medium","QL-086","ES-005","CP-005"
"Convert 1/2 into decimal form.","0.5","Medium","QL-086","ES-005","CP-005"
"Convert the fraction 1/9 to decimal form.","0.(1)","Medium","QL-091","ES-005","CP-005"
"Find the decimal value of 7/5.","1.4","Hard","QL-094","ES-005","CP-005"
"Write 4/9 as a decimal number.","0.(4)","Medium","QL-097","ES-005","CP-005"
"Change the fraction 3/2 into decimal notation.","1.5","Medium","QL-095","ES-005","CP-005"
"Convert 2/9 into decimal form.","0.(2)","Easy","QL-086","ES-005","CP-005"
"Determine the decimal form of 1/5.","0.2","Hard","QL-100","ES-005","CP-005"
"The decimal equivalent of 6/5 is:","1.2","Easy","QL-096","ES-005","CP-005"
"Determine the decimal form of 1/4.","0.25","Hard","QL-100","ES-005","CP-005"
"Convert the fraction 6/5 to decimal form.","1.2","Hard","QL-091","ES-005","CP-005"
"Write the decimal equivalent of 2/3.","0.(6)","Hard","QL-093","ES-005","CP-005"
"Change 1 into a decimal.","1","Easy","QL-089","ES-005","CP-005"
"Convert 1/4 into decimal form.","0.25","Hard","QL-086","ES-005","CP-005"
"Find the decimal value of 4.","4","Easy","QL-094","ES-005","CP-005"
"Change the fraction 1/6 into decimal notation.","0.1(6)","Medium","QL-095","ES-005","CP-005"
"Convert the fraction 2/5 to decimal form.","0.4","Easy","QL-091","ES-005","CP-005"
"Express the given fraction 2/3 as a decimal.","0.(6)","Medium","QL-092","ES-005","CP-005"
"Express the given fraction 5/6 as a decimal.","0.8(3)","Medium","QL-092","ES-005","CP-005"
"The decimal equivalent of 7/10 is:","0.7","Easy","QL-096","ES-005","CP-005"
"Change 1/2 into a decimal.","0.5","Easy","QL-089","ES-005","CP-005"
"Write 1 in decimal form.","1","Easy","QL-088","ES-005","CP-005"
"Express the given fraction 7/12 as a decimal.","0.58(3)","Hard","QL-092","ES-005","CP-005"
"Write 9/5 in decimal form.","1.8","Medium","QL-088","ES-005","CP-005"
"Express 2/9 in decimal notation.","0.(2)","Medium","QL-099","ES-005","CP-005"
"Express 9/5 as a decimal.","1.8","Easy","QL-087","ES-005","CP-005"
"Determine the decimal form of 1/2.","0.5","Medium","QL-100","ES-005","CP-005"
"Express 7/2 as a decimal.","3.5","Hard","QL-087","ES-005","CP-005"
"The decimal equivalent of 1/5 is:","0.2","Medium","QL-096","ES-005","CP-005"
"Find the decimal value of 1/6.","0.1(6)","Easy","QL-094","ES-005","CP-005"
"Express the given fraction 3 as a decimal.","3","Easy","QL-092","ES-005","CP-005"
"Write 5/12 in decimal form.","0.41(6)","Easy","QL-088","ES-005","CP-005"
"Change the fraction 4/5 into decimal notation.","0.8","Easy","QL-095","ES-005","CP-005"
"Write the decimal equivalent of 2/3.","0.(6)","Medium","QL-093","ES-005","CP-005"
"Write 4/5 as a decimal number.","0.8","Easy","QL-097","ES-005","CP-005"
"Express 4/9 as a decimal.","0.(4)","Medium","QL-087","ES-005","CP-005"
"Change 9/5 into a decimal.","1.8","Easy","QL-089","ES-005","CP-005"
"Express the given fraction 1/6 as a decimal.","0.1(6)","Easy","QL-092","ES-005","CP-005"
"Write 2/3 in decimal form.","0.(6)","Medium","QL-088","ES-005","CP-005"
"Find the decimal form of 1/2.","0.5","Easy","QL-090","ES-005","CP-005"
"Write 5/6 as a decimal number.","0.8(3)","Medium","QL-097","ES-005","CP-005"
"Write the decimal equivalent of 1/2.","0.5","Easy","QL-093","ES-005","CP-005"
"Change 1/3 into a decimal.","0.(3)","Easy","QL-089","ES-005","CP-005"
"Convert the fraction 3/10 to decimal form.","0.3","Medium","QL-091","ES-005","CP-005"
"Find the decimal representation of 1/9.","0.(1)","Hard","QL-098","ES-005","CP-005"
"Express 8/5 as a decimal.","1.6","Easy","QL-087","ES-005","CP-005"
"Convert 2/9 into decimal form.","0.(2)","Hard","QL-086","ES-005","CP-005"
"Express 9/10 in decimal notation.","0.9","Easy","QL-099","ES-005","CP-005"
"Express the given fraction 1 as a decimal.","1","Medium","QL-092","ES-005","CP-005"
"Express the given fraction 1/6 as a decimal.","0.1(6)","Easy","QL-092","ES-005","CP-005"
"Write 1 in decimal form.","1","Medium","QL-088","ES-005","CP-005"
"Convert 1/9 into decimal form.","0.(1)","Medium","QL-086","ES-005","CP-005"
"Convert the fraction 4/5 to decimal form.","0.8","Easy","QL-091","ES-005","CP-005"
"Convert the fraction 5/12 to decimal form.","0.41(6)","Hard","QL-091","ES-005","CP-005"
"Convert 9/5 into decimal form.","1.8","Easy","QL-086","ES-005","CP-005"
"Determine the decimal form of 5/6.","0.8(3)","Medium","QL-100","ES-005","CP-005"
"Find the decimal form of 1/5.","0.2","Easy","QL-090","ES-005","CP-005"
"Convert 4/3 into decimal form.","1.(3)","Easy","QL-086","ES-005","CP-005"
"Find the decimal value of 2/3.","0.(6)","Easy","QL-094","ES-005","CP-005"
"Express the given fraction 1 as a decimal.","1","Medium","QL-092","ES-005","CP-005"
"Determine the decimal form of 2/3.","0.(6)","Easy","QL-100","ES-005","CP-005"
"Express 1/5 as a decimal.","0.2","Hard","QL-087","ES-005","CP-005"
"Write 1/6 as a decimal number.","0.1(6)","Medium","QL-097","ES-005","CP-005"
"Determine the decimal form of 9/5.","1.8","Medium","QL-100","ES-005","CP-005"
"Find the decimal form of 1/2.","0.5","Hard","QL-090","ES-005","CP-005"
"Write 4/5 in decimal form.","0.8","Medium","QL-088","ES-005","CP-005"
"Find the decimal representation of 2/3.","0.(6)","Medium","QL-098","ES-005","CP-005"
"Convert 3/5 into decimal form.","0.6","Easy","QL-086","ES-005","CP-005"
"Determine the decimal form of 9/10.","0.9","Easy","QL-100","ES-005","CP-005"
"Write 2/9 as a decimal number.","0.(2)","Hard","QL-097","ES-005","CP-005"
"Convert 1 into decimal form.","1","Medium","QL-086","ES-005","CP-005"
"Express the given fraction 1/9 as a decimal.","0.(1)","Medium","QL-092","ES-005","CP-005"
"Convert 2/5 into decimal form.","0.4","Hard","QL-086","ES-005","CP-005"
"Find the decimal representation of 1.","1","Medium","QL-098","ES-005","CP-005"
"Change 6/5 into a decimal.","1.2","Easy","QL-089","ES-005","CP-005"
"Convert the fraction 1/9 to decimal form.","0.(1)","Easy","QL-091","ES-005","CP-005"
"Convert 9/5 into decimal form.","1.8","Easy","QL-086","ES-005","CP-005"
"Find the decimal form of 1/4.","0.25","Medium","QL-090","ES-005","CP-005"
"Determine the decimal form of 4/9.","0.(4)","Medium","QL-100","ES-005","CP-005"
"Write 5/2 in decimal form.","2.5","Medium","QL-088","ES-005","CP-005"
"Convert 1/6 into decimal form.","0.1(6)","Medium","QL-086","ES-005","CP-005"
"Find the decimal form of 9/2.","4.5","Easy","QL-090","ES-005","CP-005"
"Express 4/9 in decimal notation.","0.(4)","Medium","QL-099","ES-005","CP-005"
"Determine the decimal form of 3/5.","0.6","Medium","QL-100","ES-005","CP-005"
"Convert 1/9 into decimal form.","0.(1)","Hard","QL-086","ES-005","CP-005"
"Change 3/5 into a decimal.","0.6","Easy","QL-089","ES-005","CP-005"
"Write the decimal equivalent of 4/9.","0.(4)","Easy","QL-093","ES-005","CP-005"
"Convert the fraction 1/2 to decimal form.","0.5","Hard","QL-091","ES-005","CP-005"
"Convert the fraction 1 to decimal form.","1","Medium","QL-091","ES-005","CP-005"
"Write the decimal equivalent of 1/3.","0.(3)","Medium","QL-093","ES-005","CP-005"
"Find the decimal form of 9/10.","0.9","Hard","QL-090","ES-005","CP-005"
"Convert 1 into decimal form.","1","Medium","QL-086","ES-005","CP-005"
"The decimal equivalent of 7/2 is:","3.5","Medium","QL-096","ES-005","CP-005"
"The decimal equivalent of 7/12 is:","0.58(3)","Medium","QL-096","ES-005","CP-005"
"Change 2/5 into a decimal.","0.4","Easy","QL-089","ES-005","CP-005"
"Express 1/6 as a decimal.","0.1(6)","Easy","QL-087","ES-005","CP-005"
"Write 9/5 as a decimal number.","1.8","Medium","QL-097","ES-005","CP-005"
"Express 1/3 in decimal notation.","0.(3)","Easy","QL-099","ES-005","CP-005"
"Write 4 in decimal form.","4","Medium","QL-088","ES-005","CP-005"
"Change 1/4 into a decimal.","0.25","Hard","QL-089","ES-005","CP-005"
"Change the fraction 3/2 into decimal notation.","1.5","Medium","QL-095","ES-005","CP-005"
"Write the decimal equivalent of 1/9.","0.(1)","Medium","QL-093","ES-005","CP-005"
"Express 6/5 as a decimal.","1.2","Hard","QL-087","ES-005","CP-005"
"Write 1/4 in decimal form.","0.25","Easy","QL-088","ES-005","CP-005"
"Find the decimal form of 1/2.","0.5","Medium","QL-090","ES-005","CP-005"
"Express the given fraction 1/3 as a decimal.","0.(3)","Easy","QL-092","ES-005","CP-005"
"Write 9/2 as a decimal number.","4.5","Medium","QL-097","ES-005","CP-005"
"Change the fraction 5/6 into decimal notation.","0.8(3)","Hard","QL-095","ES-005","CP-005"
"Express 4/9 in decimal notation.","0.(4)","Easy","QL-099","ES-005","CP-005"
"Write 1 in decimal form.","1","Hard","QL-088","ES-005","CP-005"
"Find the decimal value of 7/12.","0.58(3)","Easy","QL-094","ES-005","CP-005"
"Find the decimal form of 9/10.","0.9","Medium","QL-090","ES-005","CP-005"
"Find the decimal representation of 2/3.","0.(6)","Easy","QL-098","ES-005","CP-005"
"Find the decimal representation of 3/10.","0.3","Medium","QL-098","ES-005","CP-005"
"Write the decimal equivalent of 1/3.","0.(3)","Easy","QL-093","ES-005","CP-005"
"Change 7/2 into a decimal.","3.5","Hard","QL-089","ES-005","CP-005"
"Find the decimal value of 2/3.","0.(6)","Easy","QL-094","ES-005","CP-005"
"Write the decimal equivalent of 2.","2","Easy","QL-093","ES-005","CP-005"
"Change 2 into a decimal.","2","Medium","QL-089","ES-005","CP-005"
"Express 1/6 as a decimal.","0.1(6)","Easy","QL-087","ES-005","CP-005"
"Convert 2 into decimal form.","2","Easy","QL-086","ES-005","CP-005"
"Express 1/9 in decimal notation.","0.(1)","Medium","QL-099","ES-005","CP-005"
"Find the decimal form of 3.","3","Medium","QL-090","ES-005","CP-005"
"Convert 2/3 into decimal form.","0.(6)","Easy","QL-086","ES-005","CP-005"
"Change 1 into a decimal.","1","Hard","QL-089","ES-005","CP-005"
"Determine the decimal form of 1/2.","0.5","Hard","QL-100","ES-005","CP-005"
"Change the fraction 3/2 into decimal notation.","1.5","Easy","QL-095","ES-005","CP-005"
"Write 1/6 as a decimal number.","0.1(6)","Hard","QL-097","ES-005","CP-005"
"Express 5/18 as a decimal.","0.2(7)","Medium","QL-087","ES-005","CP-005"
"Convert 4/5 into decimal form.","0.8","Medium","QL-086","ES-005","CP-005"
"Change 1/3 into a decimal.","0.(3)","Hard","QL-089","ES-005","CP-005"
"Write the decimal equivalent of 3/5.","0.6","Medium","QL-093","ES-005","CP-005"
"Express 7/6 as a decimal.","1.1(6)","Easy","QL-087","ES-005","CP-005"
"Determine the decimal form of 3/5.","0.6","Hard","QL-100","ES-005","CP-005"
"Find the decimal form of 1/3.","0.(3)","Medium","QL-090","ES-005","CP-005"
"Write 1/10 in decimal form.","0.1","Hard","QL-088","ES-005","CP-005"
"Change 5/18 into a decimal.","0.2(7)","Easy","QL-089","ES-005","CP-005"
"Express the given fraction 4 as a decimal.","4","Easy","QL-092","ES-005","CP-005"
"Write 3/5 in decimal form.","0.6","Medium","QL-088","ES-005","CP-005"
"Change 7/18 into a decimal.","0.3(8)","Medium","QL-089","ES-005","CP-005"
"Find the decimal form of 2/5.","0.4","Medium","QL-090","ES-005","CP-005"
"Find the decimal value of 4/3.","1.(3)","Easy","QL-094","ES-005","CP-005"
"Write 1/2 in decimal form.","0.5","Easy","QL-088","ES-005","CP-005"
"Find the decimal form of 1/3.","0.(3)","Hard","QL-090","ES-005","CP-005"
"Convert 1/2 into decimal form.","0.5","Medium","QL-086","ES-005","CP-005"
"Write 1/2 as a decimal number.","0.5","Medium","QL-097","ES-005","CP-005"
"Write 4/5 as a decimal number.","0.8","Medium","QL-097","ES-005","CP-005"
"The decimal equivalent of 7/6 is:","1.1(6)","Hard","QL-096","ES-005","CP-005"
"Express 5/6 as a decimal.","0.8(3)","Hard","QL-087","ES-005","CP-005"
"Express 1 as a decimal.","1","Easy","QL-087","ES-005","CP-005"
"Write 1/3 as a decimal number.","0.(3)","Easy","QL-097","ES-005","CP-005"
"Change the fraction 4 into decimal notation.","4","Medium","QL-095","ES-005","CP-005"
"Convert 1/9 into decimal form.","0.(1)","Hard","QL-086","ES-005","CP-005"
"Write 6/5 in decimal form.","1.2","Easy","QL-088","ES-005","CP-005"
"Find the decimal representation of 2/3.","0.(6)","Easy","QL-098","ES-005","CP-005"
"The decimal equivalent of 1/2 is:","0.5","Easy","QL-096","ES-005","CP-005"
"Write the decimal equivalent of 1/4.","0.25","Easy","QL-093","ES-005","CP-005"
"Change 2 into a decimal.","2","Easy","QL-089","ES-005","CP-005"
"Write 1 in decimal form.","1","Medium","QL-088","ES-005","CP-005"
"Determine the decimal form of 1/2.","0.5","Medium","QL-100","ES-005","CP-005"
"Write the decimal equivalent of 4.","4","Hard","QL-093","ES-005","CP-005"
"Find the decimal value of 5/12.","0.41(6)","Easy","QL-094","ES-005","CP-005"
"Change the fraction 6/5 into decimal notation.","1.2","Medium","QL-095","ES-005","CP-005"
"Express 1/2 in decimal notation.","0.5","Medium","QL-099","ES-005","CP-005"
"Find the decimal form of 6/5.","1.2","Medium","QL-090","ES-005","CP-005"
"Express the given fraction 7/6 as a decimal.","1.1(6)","Medium","QL-092","ES-005","CP-005"
"Find the decimal value of 4/5.","0.8","Easy","QL-094","ES-005","CP-005"
"Find the decimal value of 1/2.","0.5","Easy","QL-094","ES-005","CP-005"
"Find the decimal representation of 7/18.","0.3(8)","Easy","QL-098","ES-005","CP-005"
"Find the decimal representation of 4/5.","0.8","Medium","QL-098","ES-005","CP-005"
"Write 4/9 in decimal form.","0.(4)","Easy","QL-088","ES-005","CP-005"
"Convert 7/2 into decimal form.","3.5","Easy","QL-086","ES-005","CP-005"
"Determine the decimal form of 2/9.","0.(2)","Hard","QL-100","ES-005","CP-005"
"Express 1/5 in decimal notation.","0.2","Medium","QL-099","ES-005","CP-005"
"Change 1/6 into a decimal.","0.1(6)","Medium","QL-089","ES-005","CP-005"
"Convert the fraction 1 to decimal form.","1","Medium","QL-091","ES-005","CP-005"
"Find the decimal form of 5/18.","0.2(7)","Easy","QL-090","ES-005","CP-005"
"Write the decimal equivalent of 7/5.","1.4","Medium","QL-093","ES-005","CP-005"
"Determine the decimal form of 6/5.","1.2","Medium","QL-100","ES-005","CP-005"
"Write 1/3 as a decimal number.","0.(3)","Easy","QL-097","ES-005","CP-005"
"Write 6/5 in decimal form.","1.2","Hard","QL-088","ES-005","CP-005"
"Find the decimal form of 5/18.","0.2(7)","Hard","QL-090","ES-005","CP-005"
"Express 9/10 in decimal notation.","0.9","Medium","QL-099","ES-005","CP-005"
"The decimal equivalent of 2/9 is:","0.(2)","Medium","QL-096","ES-005","CP-005"
"Determine the decimal form of 1.","1","Easy","QL-100","ES-005","CP-005"
"Convert the fraction 5/18 to decimal form.","0.2(7)","Easy","QL-091","ES-005","CP-005"
"Convert 1 into decimal form.","1","Medium","QL-086","ES-005","CP-005"
"Find the decimal form of 4/9.","0.(4)","Easy","QL-090","ES-005","CP-005"
"The decimal equivalent of 5/12 is:","0.41(6)","Easy","QL-096","ES-005","CP-005"
"Find the decimal representation of 9/5.","1.8","Easy","QL-098","ES-005","CP-005"
"Change 1 into a decimal.","1","Medium","QL-089","ES-005","CP-005"
"Express 4/5 as a decimal.","0.8","Easy","QL-087","ES-005","CP-005"
"Write the decimal equivalent of 7/6.","1.1(6)","Hard","QL-093","ES-005","CP-005"
"Convert the fraction 1 to decimal form.","1","Easy","QL-091","ES-005","CP-005"
"Express 1/3 in decimal notation.","0.(3)","Hard","QL-099","ES-005","CP-005"
"Convert 1/5 into decimal form.","0.2","Medium","QL-086","ES-005","CP-005"
"Write 5/18 as a decimal number.","0.2(7)","Hard","QL-097","ES-005","CP-005"
"Convert 8/5 into decimal form.","1.6","Easy","QL-086","ES-005","CP-005"
"Write 7/18 as a decimal number.","0.3(8)","Medium","QL-097","ES-005","CP-005"
"Write 7/10 as a decimal number.","0.7","Hard","QL-097","ES-005","CP-005"
"Write the decimal equivalent of 2/3.","0.(6)","Hard","QL-093","ES-005","CP-005"
"Find the decimal form of 1/5.","0.2","Easy","QL-090","ES-005","CP-005"
"The decimal equivalent of 1/3 is:","0.(3)","Medium","QL-096","ES-005","CP-005"
"Find the decimal representation of 4.","4","Hard","QL-098","ES-005","CP-005"
"Find the decimal value of 1/4.","0.25","Easy","QL-094","ES-005","CP-005"
"Convert the fraction 3/5 to decimal form.","0.6","Easy","QL-091","ES-005","CP-005"
"Change 1/9 into a decimal.","0.(1)","Medium","QL-089","ES-005","CP-005"
"Determine the decimal form of 1/5.","0.2","Easy","QL-100","ES-005","CP-005"
"Express 4/5 in decimal notation.","0.8","Easy","QL-099","ES-005","CP-005"
"Determine the decimal form of 1.","1","Easy","QL-100","ES-005","CP-005"
"Determine the decimal form of 2/5.","0.4","Easy","QL-100","ES-005","CP-005"
"Change 1/6 into a decimal.","0.1(6)","Hard","QL-089","ES-005","CP-005"
"Express 3/5 in decimal notation.","0.6","Easy","QL-099","ES-005","CP-005"
"Convert 1/6 into decimal form.","0.1(6)","Medium","QL-086","ES-005","CP-005"
"Write 3/5 as a decimal number.","0.6","Easy","QL-097","ES-005","CP-005"
"Write the decimal equivalent of 5/18.","0.2(7)","Easy","QL-093","ES-005","CP-005"
"Write the decimal equivalent of 1/2.","0.5","Medium","QL-093","ES-005","CP-005"
"Express the given fraction 1/9 as a decimal.","0.(1)","Medium","QL-092","ES-005","CP-005"
"Find the decimal value of 1/6.","0.1(6)","Easy","QL-094","ES-005","CP-005"
"Write the decimal equivalent of 1/2.","0.5","Medium","QL-093","ES-005","CP-005"
"Find the decimal representation of 7/6.","1.1(6)","Medium","QL-098","ES-005","CP-005"
"The decimal equivalent of 9/5 is:","1.8","Easy","QL-096","ES-005","CP-005"
"Change the fraction 1 into decimal notation.","1","Medium","QL-095","ES-005","CP-005"
"Change the fraction 3/10 into decimal notation.","0.3","Easy","QL-095","ES-005","CP-005"
"Express 5/12 in decimal notation.","0.41(6)","Medium","QL-099","ES-005","CP-005"
"Convert 7/10 into decimal form.","0.7","Medium","QL-086","ES-005","CP-005"
"Determine the decimal form of 2/3.","0.(6)","Hard","QL-100","ES-005","CP-005"
"Write 5/2 in decimal form.","2.5","Easy","QL-088","ES-005","CP-005"
"Find the decimal representation of 7/10.","0.7","Medium","QL-098","ES-005","CP-005"
"The decimal equivalent of 5/18 is:","0.2(7)","Easy","QL-096","ES-005","CP-005"
"Write 3/5 in decimal form.","0.6","Medium","QL-088","ES-005","CP-005"
"Change 2/9 into a decimal.","0.(2)","Hard","QL-089","ES-005","CP-005"
"Find the decimal form of 4/5.","0.8","Medium","QL-090","ES-005","CP-005"
"Find the decimal value of 4/3.","1.(3)","Easy","QL-094","ES-005","CP-005"
"Determine the decimal form of 4/5.","0.8","Easy","QL-100","ES-005","CP-005"
"Write 1/9 in decimal form.","0.(1)","Easy","QL-088","ES-005","CP-005"
"Change 1/2 into a decimal.","0.5","Hard","QL-089","ES-005","CP-005"
"Change 5/18 into a decimal.","0.2(7)","Easy","QL-089","ES-005","CP-005"
"Change the fraction 1/4 into decimal notation.","0.25","Easy","QL-095","ES-005","CP-005"
"Express 7/10 in decimal notation.","0.7","Medium","QL-099","ES-005","CP-005"
"Find the decimal form of 1/3.","0.(3)","Easy","QL-090","ES-005","CP-005"
"Convert 1 into decimal form.","1","Medium","QL-086","ES-005","CP-005"
"Find the decimal value of 1/4.","0.25","Hard","QL-094","ES-005","CP-005"
"Write the decimal equivalent of 1/2.","0.5","Medium","QL-093","ES-005","CP-005"
"Change 2/3 into a decimal.","0.(6)","Hard","QL-089","ES-005","CP-005"
"Determine the decimal form of 9/5.","1.8","Medium","QL-100","ES-005","CP-005"
"Find the decimal form of 7/18.","0.3(8)","Hard","QL-090","ES-005","CP-005"
"Write 1/5 in decimal form.","0.2","Hard","QL-088","ES-005","CP-005"
"Express 1/10 in decimal notation.","0.1","Easy","QL-099","ES-005","CP-005"
"Express 1/9 in decimal notation.","0.(1)","Medium","QL-099","ES-005","CP-005"
"Convert the fraction 1 to decimal form.","1","Medium","QL-091","ES-005","CP-005"
"Change 4/3 into a decimal.","1.(3)","Medium","QL-089","ES-005","CP-005"
"Find the decimal representation of 4/5.","0.8","Medium","QL-098","ES-005","CP-005"
"Find the decimal representation of 5/6.","0.8(3)","Easy","QL-098","ES-005","CP-005"
"Convert 7/2 into decimal form.","3.5","Easy","QL-086","ES-005","CP-005"
"Write 1/6 in decimal form.","0.1(6)","Hard","QL-088","ES-005","CP-005"
"Express the given fraction 1/5 as a decimal.","0.2","Medium","QL-092","ES-005","CP-005"
"Find the decimal form of 1/3.","0.(3)","Medium","QL-090","ES-005","CP-005"
"Write 2/3 as a decimal number.","0.(6)","Medium","QL-097","ES-005","CP-005"
"Write 1/2 as a decimal number.","0.5","Easy","QL-097","ES-005","CP-005"
"Determine the decimal form of 5/6.","0.8(3)","Medium","QL-100","ES-005","CP-005"
"Change 1/2 into a decimal.","0.5","Medium","QL-089","ES-005","CP-005"
"Find the decimal representation of 1/2.","0.5","Hard","QL-098","ES-005","CP-005"
"The decimal equivalent of 4/5 is:","0.8","Medium","QL-096","ES-005","CP-005"
"Convert 2/3 into decimal form.","0.(6)","Easy","QL-086","ES-005","CP-005"
"Find the decimal representation of 3/2.","1.5","Medium","QL-098","ES-005","CP-005"
"Determine the decimal form of 2/3.","0.(6)","Easy","QL-100","ES-005","CP-005"
"Write 3/5 in decimal form.","0.6","Easy","QL-088","ES-005","CP-005"
"Express 1/5 in decimal notation.","0.2","Medium","QL-099","ES-005","CP-005"
"Write 1/3 as a decimal number.","0.(3)","Hard","QL-097","ES-005","CP-005"
"The decimal equivalent of 1/5 is:","0.2","Hard","QL-096","ES-005","CP-005"
"Change the fraction 4/3 into decimal notation.","1.(3)","Medium","QL-095","ES-005","CP-005"
"Convert 8/5 into decimal form.","1.6","Easy","QL-086","ES-005","CP-005"
"Write 1/2 as a decimal number.","0.5","Hard","QL-097","ES-005","CP-005"
"Express 4/5 in decimal notation.","0.8","Medium","QL-099","ES-005","CP-005"
"The decimal equivalent of 4/3 is:","1.(3)","Medium","QL-096","ES-005","CP-005"
"Find the decimal form of 1.","1","Easy","QL-090","ES-005","CP-005"
"Write the decimal equivalent of 5/6.","0.8(3)","Medium","QL-093","ES-005","CP-005"
"Find the decimal form of 5/12.","0.41(6)","Easy","QL-090","ES-005","CP-005"
"Convert 1/2 into decimal form.","0.5","Medium","QL-086","ES-005","CP-005"
"Express 1 in decimal notation.","1","Easy","QL-099","ES-005","CP-005"
"The decimal equivalent of 1/2 is:","0.5","Easy","QL-096","ES-005","CP-005"
"Convert the fraction 1/3 to decimal form.","0.(3)","Easy","QL-091","ES-005","CP-005"
"Find the decimal value of 9/2.","4.5","Medium","QL-094","ES-005","CP-005"
"Determine the decimal form of 4/3.","1.(3)","Medium","QL-100","ES-005","CP-005"
"Express 4 in decimal notation.","4","Medium","QL-099","ES-005","CP-005"
"Write 1/6 as a decimal number.","0.1(6)","Hard","QL-097","ES-005","CP-005"
"Write 1 as a decimal number.","1","Easy","QL-097","ES-005","CP-005"
"Express the given fraction 2 as a decimal.","2","Medium","QL-092","ES-005","CP-005"
"Change 1/3 into a decimal.","0.(3)","Medium","QL-089","ES-005","CP-005"
"Find the decimal value of 2.","2","Medium","QL-094","ES-005","CP-005"
"Write 1 as a decimal number.","1","Easy","QL-097","ES-005","CP-005"
"Write the decimal equivalent of 3/5.","0.6","Medium","QL-093","ES-005","CP-005"
"Find the decimal value of 5/6.","0.8(3)","Medium","QL-094","ES-005","CP-005"
"Convert 2/5 into decimal form.","0.4","Medium","QL-086","ES-005","CP-005"
"Write 7/6 as a decimal number.","1.1(6)","Easy","QL-097","ES-005","CP-005"
"Write 3/2 as a decimal number.","1.5","Easy","QL-097","ES-005","CP-005"
"Write 1/3 as a decimal number.","0.(3)","Medium","QL-097","ES-005","CP-005"
"Change 4.81 into a fraction in simplest form.","481/100","Hard","QL-110","ES-006","CP-006"
"Find the fraction equal to 2.62.","131/50","Easy","QL-109","ES-006","CP-006"
"Determine the fraction form of 5.55.","111/20","Medium","QL-115","ES-006","CP-006"
"Express 6.854 as a fraction.","3427/500","Easy","QL-102","ES-006","CP-006"
"The fractional form of 8.8 is:","44/5","Medium","QL-111","ES-006","CP-006"
"Find the simplest fraction equivalent of 3.628.","907/250","Hard","QL-114","ES-006","CP-006"
"Write the fractional equivalent of 5.241.","5241/1000","Medium","QL-108","ES-006","CP-006"
"Convert the decimal 8.92 to a fraction.","223/25","Medium","QL-106","ES-006","CP-006"
"Convert the decimal 9.015 to a fraction.","1803/200","Medium","QL-106","ES-006","CP-006"
"Change 7.90 into a fraction.","79/10","Easy","QL-104","ES-006","CP-006"
"Express 7.36 as a fraction.","184/25","Hard","QL-102","ES-006","CP-006"
"Express 1.957 as a rational number.","1957/1000","Medium","QL-113","ES-006","CP-006"
"Write the fractional equivalent of 2.98.","149/50","Medium","QL-108","ES-006","CP-006"
"Write 3.65 as a fraction in lowest terms.","73/20","Easy","QL-112","ES-006","CP-006"
"Convert 5.12 into a fraction.","128/25","Medium","QL-101","ES-006","CP-006"
"Find the fraction form of 2.0.","2","Easy","QL-105","ES-006","CP-006"
"Express 4.9 as a rational number.","49/10","Easy","QL-113","ES-006","CP-006"
"Express 0.93 as a rational number.","93/100","Easy","QL-113","ES-006","CP-006"
"Write the fractional equivalent of 2.302.","1151/500","Hard","QL-108","ES-006","CP-006"
"Write the fractional equivalent of 1.0.","1","Hard","QL-108","ES-006","CP-006"
"Change 4.6 into a fraction.","23/5","Medium","QL-104","ES-006","CP-006"
"Change 3.5 into a fraction.","7/2","Medium","QL-104","ES-006","CP-006"
"Find the simplest fraction equivalent of 9.0.","9","Hard","QL-114","ES-006","CP-006"
"The fractional form of 8.9 is:","89/10","Medium","QL-111","ES-006","CP-006"
"Convert 8.477 into a fraction.","8477/1000","Easy","QL-101","ES-006","CP-006"
"Convert 7.5 into a fraction.","15/2","Medium","QL-101","ES-006","CP-006"
"Express 4.839 as a rational number.","4839/1000","Easy","QL-113","ES-006","CP-006"
"The fractional form of 8.5 is:","17/2","Medium","QL-111","ES-006","CP-006"
"Express 3.07 as a rational number.","307/100","Easy","QL-113","ES-006","CP-006"
"The fractional form of 0.5 is:","1/2","Hard","QL-111","ES-006","CP-006"
"Determine the fraction form of 1.3.","13/10","Medium","QL-115","ES-006","CP-006"
"Change 3.311 into a fraction.","3311/1000","Hard","QL-104","ES-006","CP-006"
"Express the given decimal 0.20 as a fraction.","1/5","Medium","QL-107","ES-006","CP-006"
"Find the fraction form of 6.79.","679/100","Medium","QL-105","ES-006","CP-006"
"Convert 0.9 into a fraction.","9/10","Easy","QL-101","ES-006","CP-006"
"Write 7.0 in fraction form.","7","Easy","QL-103","ES-006","CP-006"
"Change 1.16 into a fraction in simplest form.","29/25","Medium","QL-110","ES-006","CP-006"
"Change 5.4 into a fraction in simplest form.","27/5","Medium","QL-110","ES-006","CP-006"
"Find the fraction equal to 6.10.","61/10","Medium","QL-109","ES-006","CP-006"
"Find the fraction equal to 2.6.","13/5","Easy","QL-109","ES-006","CP-006"
"Express the given decimal 6.299 as a fraction.","6299/1000","Easy","QL-107","ES-006","CP-006"
"Convert the decimal 5.788 to a fraction.","1447/250","Easy","QL-106","ES-006","CP-006"
"Determine the fraction form of 5.369.","5369/1000","Medium","QL-115","ES-006","CP-006"
"Determine the fraction form of 1.3.","13/10","Medium","QL-115","ES-006","CP-006"
"Write the fractional equivalent of 2.61.","261/100","Hard","QL-108","ES-006","CP-006"
"Find the fraction form of 4.968.","621/125","Medium","QL-105","ES-006","CP-006"
"Find the fraction equal to 3.6.","18/5","Hard","QL-109","ES-006","CP-006"
"The fractional form of 2.1 is:","21/10","Hard","QL-111","ES-006","CP-006"
"Find the simplest fraction equivalent of 6.283.","6283/1000","Hard","QL-114","ES-006","CP-006"
"Determine the fraction form of 4.1.","41/10","Easy","QL-115","ES-006","CP-006"
"Find the fraction form of 3.28.","82/25","Medium","QL-105","ES-006","CP-006"
"Write 8.2 in fraction form.","41/5","Medium","QL-103","ES-006","CP-006"
"Write 1.540 as a fraction in lowest terms.","77/50","Medium","QL-112","ES-006","CP-006"
"Determine the fraction form of 2.65.","53/20","Hard","QL-115","ES-006","CP-006"
"Convert the decimal 6.3 to a fraction.","63/10","Medium","QL-106","ES-006","CP-006"
"Determine the fraction form of 5.19.","519/100","Medium","QL-115","ES-006","CP-006"
"The fractional form of 3.1 is:","31/10","Easy","QL-111","ES-006","CP-006"
"Find the simplest fraction equivalent of 4.6.","23/5","Easy","QL-114","ES-006","CP-006"
"Change 6.92 into a fraction in simplest form.","173/25","Medium","QL-110","ES-006","CP-006"
"Find the simplest fraction equivalent of 5.153.","5153/1000","Easy","QL-114","ES-006","CP-006"
"Convert the decimal 8.31 to a fraction.","831/100","Medium","QL-106","ES-006","CP-006"
"Write the fractional equivalent of 2.734.","1367/500","Easy","QL-108","ES-006","CP-006"
"Convert 8.61 into a fraction.","861/100","Hard","QL-101","ES-006","CP-006"
"Find the simplest fraction equivalent of 6.42.","321/50","Easy","QL-114","ES-006","CP-006"
"Express 0.27 as a rational number.","27/100","Medium","QL-113","ES-006","CP-006"
"The fractional form of 2.68 is:","67/25","Medium","QL-111","ES-006","CP-006"
"Express 0.4 as a fraction.","2/5","Medium","QL-102","ES-006","CP-006"
"Change 3.18 into a fraction.","159/50","Easy","QL-104","ES-006","CP-006"
"Determine the fraction form of 2.8.","14/5","Easy","QL-115","ES-006","CP-006"
"Write 4.3 as a fraction in lowest terms.","43/10","Medium","QL-112","ES-006","CP-006"
"Determine the fraction form of 5.7.","57/10","Hard","QL-115","ES-006","CP-006"
"Convert 1.163 into a fraction.","1163/1000","Medium","QL-101","ES-006","CP-006"
"Convert the decimal 7.466 to a fraction.","3733/500","Easy","QL-106","ES-006","CP-006"
"Convert the decimal 1.4 to a fraction.","7/5","Hard","QL-106","ES-006","CP-006"
"Find the simplest fraction equivalent of 0.10.","1/10","Medium","QL-114","ES-006","CP-006"
"Determine the fraction form of 3.2.","16/5","Medium","QL-115","ES-006","CP-006"
"Find the fraction form of 5.710.","571/100","Easy","QL-105","ES-006","CP-006"
"Find the fraction form of 7.285.","1457/200","Easy","QL-105","ES-006","CP-006"
"Write the fractional equivalent of 2.5.","5/2","Medium","QL-108","ES-006","CP-006"
"Convert the decimal 7.491 to a fraction.","7491/1000","Easy","QL-106","ES-006","CP-006"
"Determine the fraction form of 3.05.","61/20","Medium","QL-115","ES-006","CP-006"
"Express 4.78 as a fraction.","239/50","Medium","QL-102","ES-006","CP-006"
"Write 5.2 in fraction form.","26/5","Easy","QL-103","ES-006","CP-006"
"Find the fraction form of 8.12.","203/25","Hard","QL-105","ES-006","CP-006"
"Convert 0.65 into a fraction.","13/20","Easy","QL-101","ES-006","CP-006"
"Express 0.74 as a fraction.","37/50","Easy","QL-102","ES-006","CP-006"
"Write the fractional equivalent of 7.0.","7","Easy","QL-108","ES-006","CP-006"
"Change 7.48 into a fraction.","187/25","Easy","QL-104","ES-006","CP-006"
"Convert the decimal 4.6 to a fraction.","23/5","Hard","QL-106","ES-006","CP-006"
"Write 6.9 in fraction form.","69/10","Medium","QL-103","ES-006","CP-006"
"Find the fraction equal to 7.406.","3703/500","Medium","QL-109","ES-006","CP-006"
"Find the fraction form of 3.2.","16/5","Easy","QL-105","ES-006","CP-006"
"Change 1.3 into a fraction.","13/10","Hard","QL-104","ES-006","CP-006"
"Write 6.2 in fraction form.","31/5","Hard","QL-103","ES-006","CP-006"
"Write 2.898 as a fraction in lowest terms.","1449/500","Easy","QL-112","ES-006","CP-006"
"Convert 3.8 into a fraction.","19/5","Easy","QL-101","ES-006","CP-006"
"Find the fraction form of 8.7.","87/10","Easy","QL-105","ES-006","CP-006"
"Write 4.043 in fraction form.","4043/1000","Hard","QL-103","ES-006","CP-006"
"Express 2.262 as a fraction.","1131/500","Medium","QL-102","ES-006","CP-006"
"Express 1.47 as a fraction.","147/100","Hard","QL-102","ES-006","CP-006"
"Determine the fraction form of 6.3.","63/10","Easy","QL-115","ES-006","CP-006"
"Change 4.0 into a fraction.","4","Medium","QL-104","ES-006","CP-006"
"Find the fraction equal to 2.1.","21/10","Easy","QL-109","ES-006","CP-006"
"Express the given decimal 8.2 as a fraction.","41/5","Medium","QL-107","ES-006","CP-006"
"Convert 6.3 into a fraction.","63/10","Medium","QL-101","ES-006","CP-006"
"Find the fraction form of 7.755.","1551/200","Medium","QL-105","ES-006","CP-006"
"Find the simplest fraction equivalent of 0.466.","233/500","Medium","QL-114","ES-006","CP-006"
"Change 3.71 into a fraction in simplest form.","371/100","Medium","QL-110","ES-006","CP-006"
"Determine the fraction form of 0.22.","11/50","Medium","QL-115","ES-006","CP-006"
"Write 7.49 as a fraction in lowest terms.","749/100","Easy","QL-112","ES-006","CP-006"
"Express 4.71 as a fraction.","471/100","Medium","QL-102","ES-006","CP-006"
"Express 5.626 as a rational number.","2813/500","Easy","QL-113","ES-006","CP-006"
"Convert 4.09 into a fraction.","409/100","Easy","QL-101","ES-006","CP-006"
"Express 0.22 as a rational number.","11/50","Easy","QL-113","ES-006","CP-006"
"Convert 1.8 into a fraction.","9/5","Hard","QL-101","ES-006","CP-006"
"Find the simplest fraction equivalent of 3.822.","1911/500","Medium","QL-114","ES-006","CP-006"
"Express 2.81 as a rational number.","281/100","Easy","QL-113","ES-006","CP-006"
"Write 7.1 as a fraction in lowest terms.","71/10","Easy","QL-112","ES-006","CP-006"
"Determine the fraction form of 2.11.","211/100","Medium","QL-115","ES-006","CP-006"
"Express 8.3 as a rational number.","83/10","Medium","QL-113","ES-006","CP-006"
"Convert the decimal 3.56 to a fraction.","89/25","Easy","QL-106","ES-006","CP-006"
"Change 0.2 into a fraction.","1/5","Easy","QL-104","ES-006","CP-006"
"Find the simplest fraction equivalent of 6.5.","13/2","Easy","QL-114","ES-006","CP-006"
"Express 7.53 as a fraction.","753/100","Medium","QL-102","ES-006","CP-006"
"Find the fraction equal to 6.9.","69/10","Hard","QL-109","ES-006","CP-006"
"Find the fraction equal to 8.665.","1733/200","Easy","QL-109","ES-006","CP-006"
"Determine the fraction form of 5.380.","269/50","Medium","QL-115","ES-006","CP-006"
"Express 5.891 as a fraction.","5891/1000","Medium","QL-102","ES-006","CP-006"
"Write 5.126 as a fraction in lowest terms.","2563/500","Hard","QL-112","ES-006","CP-006"
"Change 1.75 into a fraction in simplest form.","7/4","Easy","QL-110","ES-006","CP-006"
"Write 5.85 as a fraction in lowest terms.","117/20","Medium","QL-112","ES-006","CP-006"
"Change 3.296 into a fraction in simplest form.","412/125","Easy","QL-110","ES-006","CP-006"
"Determine the fraction form of 5.19.","519/100","Medium","QL-115","ES-006","CP-006"
"Determine the fraction form of 3.286.","1643/500","Easy","QL-115","ES-006","CP-006"
"Express 7.531 as a rational number.","7531/1000","Medium","QL-113","ES-006","CP-006"
"Change 2.220 into a fraction in simplest form.","111/50","Easy","QL-110","ES-006","CP-006"
"Write 6.857 in fraction form.","6857/1000","Easy","QL-103","ES-006","CP-006"
"Write 8.7 in fraction form.","87/10","Easy","QL-103","ES-006","CP-006"
"Find the simplest fraction equivalent of 1.89.","189/100","Medium","QL-114","ES-006","CP-006"
"Express 7.90 as a fraction.","79/10","Medium","QL-102","ES-006","CP-006"
"Express 4.7 as a fraction.","47/10","Medium","QL-102","ES-006","CP-006"
"Find the fraction form of 2.2.","11/5","Medium","QL-105","ES-006","CP-006"
"Write the fractional equivalent of 2.7.","27/10","Hard","QL-108","ES-006","CP-006"
"The fractional form of 2.457 is:","2457/1000","Easy","QL-111","ES-006","CP-006"
"Convert 6.94 into a fraction.","347/50","Medium","QL-101","ES-006","CP-006"
"Determine the fraction form of 7.29.","729/100","Easy","QL-115","ES-006","CP-006"
"Express the given decimal 6.44 as a fraction.","161/25","Medium","QL-107","ES-006","CP-006"
"Express the given decimal 2.861 as a fraction.","2861/1000","Medium","QL-107","ES-006","CP-006"
"Write 5.420 as a fraction in lowest terms.","271/50","Hard","QL-112","ES-006","CP-006"
"Write 4.6 as a fraction in lowest terms.","23/5","Medium","QL-112","ES-006","CP-006"
"Convert the decimal 3.99 to a fraction.","399/100","Medium","QL-106","ES-006","CP-006"
"Change 1.126 into a fraction in simplest form.","563/500","Easy","QL-110","ES-006","CP-006"
"Write 3.599 in fraction form.","3599/1000","Medium","QL-103","ES-006","CP-006"
"Convert 2.896 into a fraction.","362/125","Easy","QL-101","ES-006","CP-006"
"Determine the fraction form of 4.769.","4769/1000","Medium","QL-115","ES-006","CP-006"
"The fractional form of 2.36 is:","59/25","Medium","QL-111","ES-006","CP-006"
"Change 5.131 into a fraction.","5131/1000","Easy","QL-104","ES-006","CP-006"
"Express 3.5 as a fraction.","7/2","Hard","QL-102","ES-006","CP-006"
"Write 2.39 in fraction form.","239/100","Easy","QL-103","ES-006","CP-006"
"Write 5.3 in fraction form.","53/10","Easy","QL-103","ES-006","CP-006"
"Find the fraction form of 4.08.","102/25","Medium","QL-105","ES-006","CP-006"
"Find the fraction form of 3.585.","717/200","Easy","QL-105","ES-006","CP-006"
"Find the simplest fraction equivalent of 0.748.","187/250","Easy","QL-114","ES-006","CP-006"
"Determine the fraction form of 4.05.","81/20","Hard","QL-115","ES-006","CP-006"
"Change 4.52 into a fraction.","113/25","Medium","QL-104","ES-006","CP-006"
"Change 2.27 into a fraction.","227/100","Medium","QL-104","ES-006","CP-006"
"Express 6.7 as a rational number.","67/10","Easy","QL-113","ES-006","CP-006"
"Find the simplest fraction equivalent of 4.143.","4143/1000","Hard","QL-114","ES-006","CP-006"
"Find the simplest fraction equivalent of 1.88.","47/25","Hard","QL-114","ES-006","CP-006"
"Write 5.617 in fraction form.","5617/1000","Hard","QL-103","ES-006","CP-006"
"Find the fraction equal to 2.05.","41/20","Medium","QL-109","ES-006","CP-006"
"Convert the decimal 2.228 to a fraction.","557/250","Medium","QL-106","ES-006","CP-006"
"Determine the fraction form of 8.8.","44/5","Medium","QL-115","ES-006","CP-006"
"Write 0.12 in fraction form.","3/25","Medium","QL-103","ES-006","CP-006"
"Write the fractional equivalent of 8.775.","351/40","Medium","QL-108","ES-006","CP-006"
"Find the fraction form of 7.808.","976/125","Easy","QL-105","ES-006","CP-006"
"The fractional form of 3.597 is:","3597/1000","Medium","QL-111","ES-006","CP-006"
"Express 2.110 as a rational number.","211/100","Easy","QL-113","ES-006","CP-006"
"Write 1.45 in fraction form.","29/20","Hard","QL-103","ES-006","CP-006"
"Write 5.5 in fraction form.","11/2","Hard","QL-103","ES-006","CP-006"
"Write 6.50 as a fraction in lowest terms.","13/2","Medium","QL-112","ES-006","CP-006"
"The fractional form of 6.85 is:","137/20","Medium","QL-111","ES-006","CP-006"
"Express 0.1 as a fraction.","1/10","Easy","QL-102","ES-006","CP-006"
"Express 4.75 as a rational number.","19/4","Medium","QL-113","ES-006","CP-006"
"Express 7.10 as a rational number.","71/10","Easy","QL-113","ES-006","CP-006"
"The fractional form of 5.8 is:","29/5","Medium","QL-111","ES-006","CP-006"
"Find the fraction form of 8.3.","83/10","Medium","QL-105","ES-006","CP-006"
"Find the fraction equal to 8.55.","171/20","Medium","QL-109","ES-006","CP-006"
"Change 1.960 into a fraction.","49/25","Hard","QL-104","ES-006","CP-006"
"Find the fraction form of 1.77.","177/100","Hard","QL-105","ES-006","CP-006"
"Convert 2.43 into a fraction.","243/100","Hard","QL-101","ES-006","CP-006"
"Write 4.346 as a fraction in lowest terms.","2173/500","Hard","QL-112","ES-006","CP-006"
"Find the fraction equal to 4.0.","4","Medium","QL-109","ES-006","CP-006"
"Change 4.468 into a fraction in simplest form.","1117/250","Hard","QL-110","ES-006","CP-006"
"The fractional form of 3.15 is:","63/20","Easy","QL-111","ES-006","CP-006"
"Express 7.006 as a rational number.","3503/500","Medium","QL-113","ES-006","CP-006"
"Write the fractional equivalent of 1.999.","1999/1000","Easy","QL-108","ES-006","CP-006"
"Change 6.672 into a fraction in simplest form.","834/125","Easy","QL-110","ES-006","CP-006"
"Convert the decimal 4.321 to a fraction.","4321/1000","Easy","QL-106","ES-006","CP-006"
"Change 1.1 into a fraction in simplest form.","11/10","Medium","QL-110","ES-006","CP-006"
"The fractional form of 7.6 is:","38/5","Easy","QL-111","ES-006","CP-006"
"Express 1.16 as a rational number.","29/25","Medium","QL-113","ES-006","CP-006"
"Write the fractional equivalent of 5.09.","509/100","Easy","QL-108","ES-006","CP-006"
"Change 6.82 into a fraction in simplest form.","341/50","Medium","QL-110","ES-006","CP-006"
"Convert 0.4 into a fraction.","2/5","Hard","QL-101","ES-006","CP-006"
"Write 6.442 as a fraction in lowest terms.","3221/500","Easy","QL-112","ES-006","CP-006"
"Find the fraction equal to 6.659.","6659/1000","Medium","QL-109","ES-006","CP-006"
"Find the fraction equal to 1.268.","317/250","Hard","QL-109","ES-006","CP-006"
"Express 0.31 as a fraction.","31/100","Medium","QL-102","ES-006","CP-006"
"Change 2.40 into a fraction.","12/5","Easy","QL-104","ES-006","CP-006"
"Determine the fraction form of 5.66.","283/50","Easy","QL-115","ES-006","CP-006"
"Express 1.139 as a fraction.","1139/1000","Medium","QL-102","ES-006","CP-006"
"Find the fraction equal to 7.44.","186/25","Hard","QL-109","ES-006","CP-006"
"Express 6.2 as a rational number.","31/5","Hard","QL-113","ES-006","CP-006"
"Find the simplest fraction equivalent of 7.9.","79/10","Medium","QL-114","ES-006","CP-006"
"Convert 4.8 into a fraction.","24/5","Easy","QL-101","ES-006","CP-006"
"Write the fractional equivalent of 0.838.","419/500","Medium","QL-108","ES-006","CP-006"
"Change 1.11 into a fraction.","111/100","Hard","QL-104","ES-006","CP-006"
"Express 5.1 as a rational number.","51/10","Hard","QL-113","ES-006","CP-006"
"The fractional form of 4.2 is:","21/5","Hard","QL-111","ES-006","CP-006"
"Write 2.0 as a fraction in lowest terms.","2","Medium","QL-112","ES-006","CP-006"
"Find the fraction equal to 5.084.","1271/250","Easy","QL-109","ES-006","CP-006"
"Determine the fraction form of 1.2.","6/5","Easy","QL-115","ES-006","CP-006"
"Express 1.68 as a fraction.","42/25","Easy","QL-102","ES-006","CP-006"
"The fractional form of 8.0 is:","8","Easy","QL-111","ES-006","CP-006"
"Write the fractional equivalent of 5.1.","51/10","Hard","QL-108","ES-006","CP-006"
"Write 4.63 as a fraction in lowest terms.","463/100","Easy","QL-112","ES-006","CP-006"
"Write 8.206 in fraction form.","4103/500","Medium","QL-103","ES-006","CP-006"
"Express 0.65 as a rational number.","13/20","Hard","QL-113","ES-006","CP-006"
"Express 7.124 as a fraction.","1781/250","Medium","QL-102","ES-006","CP-006"
"Write the fractional equivalent of 2.3.","23/10","Medium","QL-108","ES-006","CP-006"
"Change 8.71 into a fraction in simplest form.","871/100","Medium","QL-110","ES-006","CP-006"
"Convert 1.58 into a fraction.","79/50","Hard","QL-101","ES-006","CP-006"
"Find the simplest fraction equivalent of 2.387.","2387/1000","Medium","QL-114","ES-006","CP-006"
"Find the fraction form of 7.88.","197/25","Easy","QL-105","ES-006","CP-006"
"Write 4.6 in fraction form.","23/5","Medium","QL-103","ES-006","CP-006"
"The fractional form of 2.3 is:","23/10","Easy","QL-111","ES-006","CP-006"
"Express 7.01 as a rational number.","701/100","Medium","QL-113","ES-006","CP-006"
"Find the fraction equal to 7.186.","3593/500","Easy","QL-109","ES-006","CP-006"
"Express 2.31 as a rational number.","231/100","Medium","QL-113","ES-006","CP-006"
"Express the given decimal 7.4 as a fraction.","37/5","Easy","QL-107","ES-006","CP-006"
"Express the given decimal 8.56 as a fraction.","214/25","Easy","QL-107","ES-006","CP-006"
"Determine the fraction form of 5.603.","5603/1000","Hard","QL-115","ES-006","CP-006"
"Express 5.092 as a rational number.","1273/250","Easy","QL-113","ES-006","CP-006"
"Express 5.19 as a fraction.","519/100","Medium","QL-102","ES-006","CP-006"
"Change 8.64 into a fraction.","216/25","Medium","QL-104","ES-006","CP-006"
"Convert 3.151 into a fraction.","3151/1000","Medium","QL-101","ES-006","CP-006"
"Write 3.3 as a fraction in lowest terms.","33/10","Easy","QL-112","ES-006","CP-006"
"Find the simplest fraction equivalent of 8.0.","8","Hard","QL-114","ES-006","CP-006"
"Write 3.64 as a fraction in lowest terms.","91/25","Hard","QL-112","ES-006","CP-006"
"Write 5.14 in fraction form.","257/50","Medium","QL-103","ES-006","CP-006"
"Express the given decimal 7.0 as a fraction.","7","Hard","QL-107","ES-006","CP-006"
"Find the simplest fraction equivalent of 8.7.","87/10","Medium","QL-114","ES-006","CP-006"
"Write the fractional equivalent of 7.23.","723/100","Easy","QL-108","ES-006","CP-006"
"Change 2.5 into a fraction.","5/2","Easy","QL-104","ES-006","CP-006"
"Write the fractional equivalent of 4.69.","469/100","Medium","QL-108","ES-006","CP-006"
"Express 3.322 as a rational number.","1661/500","Easy","QL-113","ES-006","CP-006"
"The fractional form of 1.6 is:","8/5","Easy","QL-111","ES-006","CP-006"
"The fractional form of 4.160 is:","104/25","Easy","QL-111","ES-006","CP-006"
"Express the given decimal 6.959 as a fraction.","6959/1000","Hard","QL-107","ES-006","CP-006"
"Find the fraction equal to 3.09.","309/100","Easy","QL-109","ES-006","CP-006"
"Find the fraction form of 1.38.","69/50","Easy","QL-105","ES-006","CP-006"
"Change 5.501 into a fraction in simplest form.","5501/1000","Easy","QL-110","ES-006","CP-006"
"Find the simplest fraction equivalent of 6.80.","34/5","Medium","QL-114","ES-006","CP-006"
"Change 0.37 into a fraction in simplest form.","37/100","Hard","QL-110","ES-006","CP-006"
"Change 8.3 into a fraction in simplest form.","83/10","Easy","QL-110","ES-006","CP-006"
"Express 2.313 as a fraction.","2313/1000","Easy","QL-102","ES-006","CP-006"
"Express 7.3 as a rational number.","73/10","Medium","QL-113","ES-006","CP-006"
"Express 3.37 as a rational number.","337/100","Medium","QL-113","ES-006","CP-006"
"Find the simplest fraction equivalent of 3.02.","151/50","Easy","QL-114","ES-006","CP-006"
"Express the given decimal 5.20 as a fraction.","26/5","Hard","QL-107","ES-006","CP-006"
"Express 0.59 as a fraction.","59/100","Hard","QL-102","ES-006","CP-006"
"Determine the fraction form of 5.02.","251/50","Medium","QL-115","ES-006","CP-006"
"Express 5.287 as a rational number.","5287/1000","Medium","QL-113","ES-006","CP-006"
"Write the fractional equivalent of 3.9.","39/10","Medium","QL-108","ES-006","CP-006"
"Change 1.47 into a fraction in simplest form.","147/100","Easy","QL-110","ES-006","CP-006"
"Convert 2.964 into a fraction.","741/250","Easy","QL-101","ES-006","CP-006"
"Convert 8.37 into a fraction.","837/100","Easy","QL-101","ES-006","CP-006"
"Express 0.5 as a rational number.","1/2","Easy","QL-113","ES-006","CP-006"
"Express 3.021 as a rational number.","3021/1000","Hard","QL-113","ES-006","CP-006"
"Convert 6.997 into a fraction.","6997/1000","Easy","QL-101","ES-006","CP-006"
"Find the simplest fraction equivalent of 5.918.","2959/500","Medium","QL-114","ES-006","CP-006"
"Express 4.2 as a rational number.","21/5","Medium","QL-113","ES-006","CP-006"
"The fractional form of 0.7 is:","7/10","Easy","QL-111","ES-006","CP-006"
"Express 5.2 as a fraction.","26/5","Medium","QL-102","ES-006","CP-006"
"Express 5.36 as a rational number.","134/25","Easy","QL-113","ES-006","CP-006"
"Convert 8.09 into a fraction.","809/100","Easy","QL-101","ES-006","CP-006"
"Write 3.9 as a fraction in lowest terms.","39/10","Easy","QL-112","ES-006","CP-006"
"Express the given decimal 7.701 as a fraction.","7701/1000","Medium","QL-107","ES-006","CP-006"
"Find the fraction equal to 4.24.","106/25","Easy","QL-109","ES-006","CP-006"
"Find the simplest fraction equivalent of 8.14.","407/50","Hard","QL-114","ES-006","CP-006"
"Express 8.05 as a rational number.","161/20","Hard","QL-113","ES-006","CP-006"
"Convert 6.92 into a fraction.","173/25","Easy","QL-101","ES-006","CP-006"
"Find the fraction form of 1.4.","7/5","Hard","QL-105","ES-006","CP-006"
"Find the simplest fraction equivalent of 4.22.","211/50","Medium","QL-114","ES-006","CP-006"
"Write 4.6 as a fraction in lowest terms.","23/5","Easy","QL-112","ES-006","CP-006"
"Express 1.3 as a fraction.","13/10","Medium","QL-102","ES-006","CP-006"
"Determine the fraction form of 8.645.","1729/200","Easy","QL-115","ES-006","CP-006"
"Convert 3.788 into a fraction.","947/250","Medium","QL-101","ES-006","CP-006"
"Find the fraction form of 4.555.","911/200","Medium","QL-105","ES-006","CP-006"
"Find the simplest fraction equivalent of 7.12.","178/25","Easy","QL-114","ES-006","CP-006"
"Find the simplest fraction equivalent of 2.8.","14/5","Easy","QL-114","ES-006","CP-006"
"Write the fractional equivalent of 5.7.","57/10","Medium","QL-108","ES-006","CP-006"
"Find the fraction equal to 8.903.","8903/1000","Medium","QL-109","ES-006","CP-006"
"Determine the fraction form of 6.68.","167/25","Medium","QL-115","ES-006","CP-006"
"Determine the fraction form of 1.55.","31/20","Easy","QL-115","ES-006","CP-006"
"Find the fraction equal to 5.508.","1377/250","Hard","QL-109","ES-006","CP-006"
"Change 6.65 into a fraction in simplest form.","133/20","Medium","QL-110","ES-006","CP-006"
"Convert the decimal 4.56 to a fraction.","114/25","Easy","QL-106","ES-006","CP-006"
"Convert 6.501 into a fraction.","6501/1000","Medium","QL-101","ES-006","CP-006"
"Write 4.535 in fraction form.","907/200","Medium","QL-103","ES-006","CP-006"
"Determine the fraction form of 7.78.","389/50","Hard","QL-115","ES-006","CP-006"
"Convert the decimal 8.357 to a fraction.","8357/1000","Easy","QL-106","ES-006","CP-006"
"Write the fractional equivalent of 3.166.","1583/500","Easy","QL-108","ES-006","CP-006"
"Change 4.65 into a fraction.","93/20","Easy","QL-104","ES-006","CP-006"
"Convert 5.98 into a fraction.","299/50","Easy","QL-101","ES-006","CP-006"
"Change 4.857 into a fraction in simplest form.","4857/1000","Easy","QL-110","ES-006","CP-006"
"Express 8.3 as a rational number.","83/10","Easy","QL-113","ES-006","CP-006"
"Write 0.6 as a fraction in lowest terms.","3/5","Hard","QL-112","ES-006","CP-006"
"Find the simplest fraction equivalent of 8.9.","89/10","Easy","QL-114","ES-006","CP-006"
"The fractional form of 4.5 is:","9/2","Medium","QL-111","ES-006","CP-006"
"Change 0.89 into a fraction in simplest form.","89/100","Hard","QL-110","ES-006","CP-006"
"Express 9.04 as a fraction.","226/25","Easy","QL-102","ES-006","CP-006"
"Express 7.621 as a fraction.","7621/1000","Easy","QL-102","ES-006","CP-006"
"Write 3.7 as a fraction in lowest terms.","37/10","Easy","QL-112","ES-006","CP-006"
"Determine the fraction form of 1.2.","6/5","Medium","QL-115","ES-006","CP-006"
"Write 1.7 in fraction form.","17/10","Medium","QL-103","ES-006","CP-006"
"Convert the decimal 7.217 to a fraction.","7217/1000","Easy","QL-106","ES-006","CP-006"
"Express 6.1 as a fraction.","61/10","Medium","QL-102","ES-006","CP-006"
"Find the fraction form of 3.8.","19/5","Medium","QL-105","ES-006","CP-006"
"Determine the fraction form of 8.8.","44/5","Hard","QL-115","ES-006","CP-006"
"Write 8.098 as a fraction in lowest terms.","4049/500","Hard","QL-112","ES-006","CP-006"
"Express the given decimal 2.939 as a fraction.","2939/1000","Easy","QL-107","ES-006","CP-006"
"Change 6.548 into a fraction in simplest form.","1637/250","Easy","QL-110","ES-006","CP-006"
"Express 4.99 as a rational number.","499/100","Easy","QL-113","ES-006","CP-006"
"Express 4.3 as a rational number.","43/10","Hard","QL-113","ES-006","CP-006"
"Convert the decimal 1.89 to a fraction.","189/100","Medium","QL-106","ES-006","CP-006"
"Find the fraction equal to 7.208.","901/125","Easy","QL-109","ES-006","CP-006"
"Change 0.529 into a fraction in simplest form.","529/1000","Easy","QL-110","ES-006","CP-006"
"Convert the decimal 3.7 to a fraction.","37/10","Easy","QL-106","ES-006","CP-006"
"Express 5.32 as a fraction.","133/25","Hard","QL-102","ES-006","CP-006"
"Express 4.67 as a fraction.","467/100","Medium","QL-102","ES-006","CP-006"
"Find the fraction equal to 3.30.","33/10","Hard","QL-109","ES-006","CP-006"
"Write 2.41 as a fraction in lowest terms.","241/100","Easy","QL-112","ES-006","CP-006"
"Find the simplest fraction equivalent of 3.92.","98/25","Medium","QL-114","ES-006","CP-006"
"Find the simplest fraction equivalent of 6.0.","6","Easy","QL-114","ES-006","CP-006"
"Find the fraction equal to 5.06.","253/50","Hard","QL-109","ES-006","CP-006"
"The fractional form of 2.2 is:","11/5","Easy","QL-111","ES-006","CP-006"
"Find the fraction equal to 5.16.","129/25","Easy","QL-109","ES-006","CP-006"
"The fractional form of 6.825 is:","273/40","Medium","QL-111","ES-006","CP-006"
"Change 1.291 into a fraction.","1291/1000","Medium","QL-104","ES-006","CP-006"
"Convert 3.372 into a fraction.","843/250","Easy","QL-101","ES-006","CP-006"
"Change 4.63 into a fraction in simplest form.","463/100","Easy","QL-110","ES-006","CP-006"
"Write the fractional equivalent of 2.722.","1361/500","Medium","QL-108","ES-006","CP-006"
"Find the simplest fraction equivalent of 7.6.","38/5","Hard","QL-114","ES-006","CP-006"
"Determine the fraction form of 4.1.","41/10","Medium","QL-115","ES-006","CP-006"
"Convert the decimal 0.71 to a fraction.","71/100","Easy","QL-106","ES-006","CP-006"
"Convert the decimal 0.5 to a fraction.","1/2","Easy","QL-106","ES-006","CP-006"
"The fractional form of 4.915 is:","983/200","Easy","QL-111","ES-006","CP-006"
"Write 8.30 as a fraction in lowest terms.","83/10","Medium","QL-112","ES-006","CP-006"
"Write 8.9 as a fraction in lowest terms.","89/10","Hard","QL-112","ES-006","CP-006"
"Determine the fraction form of 2.6.","13/5","Medium","QL-115","ES-006","CP-006"
"Express 0.32 as a rational number.","8/25","Hard","QL-113","ES-006","CP-006"
"Express 8.8 as a fraction.","44/5","Easy","QL-102","ES-006","CP-006"
"The fractional form of 5.736 is:","717/125","Medium","QL-111","ES-006","CP-006"
"Write 0.2 as a fraction in lowest terms.","1/5","Easy","QL-112","ES-006","CP-006"
"Express 0.28 as a rational number.","7/25","Easy","QL-113","ES-006","CP-006"
"Convert 2.07 into a fraction.","207/100","Medium","QL-101","ES-006","CP-006"
"Find the fraction form of 3.084.","771/250","Medium","QL-105","ES-006","CP-006"
"Write 6.33 in fraction form.","633/100","Easy","QL-103","ES-006","CP-006"
"Write 8.997 in fraction form.","8997/1000","Hard","QL-103","ES-006","CP-006"
"Find the fraction form of 3.942.","1971/500","Hard","QL-105","ES-006","CP-006"
"Express 2.4 as a fraction.","12/5","Easy","QL-102","ES-006","CP-006"
"Express 0.74 as a rational number.","37/50","Medium","QL-113","ES-006","CP-006"
"Write the fractional equivalent of 3.71.","371/100","Medium","QL-108","ES-006","CP-006"
"Write the fractional equivalent of 8.434.","4217/500","Medium","QL-108","ES-006","CP-006"
"Convert 4.01 into a fraction.","401/100","Easy","QL-101","ES-006","CP-006"
"Find the simplest fraction equivalent of 7.90.","79/10","Medium","QL-114","ES-006","CP-006"
"Find the fraction equal to 7.6.","38/5","Easy","QL-109","ES-006","CP-006"
"The fractional form of 4.32 is:","108/25","Medium","QL-111","ES-006","CP-006"
"Convert the decimal 7.7 to a fraction.","77/10","Medium","QL-106","ES-006","CP-006"
"Change 7.453 into a fraction.","7453/1000","Hard","QL-104","ES-006","CP-006"
"Write 7.70 as a fraction in lowest terms.","77/10","Medium","QL-112","ES-006","CP-006"
"Find the simplest fraction equivalent of 2.879.","2879/1000","Easy","QL-114","ES-006","CP-006"
"Find the fraction equal to 6.890.","689/100","Hard","QL-109","ES-006","CP-006"
"Write 1.249 as a fraction in lowest terms.","1249/1000","Hard","QL-112","ES-006","CP-006"
"Write 8.636 in fraction form.","2159/250","Easy","QL-103","ES-006","CP-006"
"Determine the fraction form of 7.85.","157/20","Hard","QL-115","ES-006","CP-006"
"Change 1.80 into a fraction in simplest form.","9/5","Hard","QL-110","ES-006","CP-006"
"Express 3.59 as a rational number.","359/100","Easy","QL-113","ES-006","CP-006"
"Write 7.37 as a fraction in lowest terms.","737/100","Medium","QL-112","ES-006","CP-006"
"Find the fraction equal to 4.38.","219/50","Easy","QL-109","ES-006","CP-006"
"Express 7.141 as a rational number.","7141/1000","Medium","QL-113","ES-006","CP-006"
"Change 2.5 into a fraction.","5/2","Easy","QL-104","ES-006","CP-006"
"Express 5.987 as a rational number.","5987/1000","Easy","QL-113","ES-006","CP-006"
"Change 5.3 into a fraction in simplest form.","53/10","Medium","QL-110","ES-006","CP-006"
"Convert 3.99 into a fraction.","399/100","Medium","QL-101","ES-006","CP-006"
"Write 4.146 in fraction form.","2073/500","Medium","QL-103","ES-006","CP-006"
"Express 3.4 as a rational number.","17/5","Medium","QL-113","ES-006","CP-006"
"Express 8.688 as a fraction.","1086/125","Hard","QL-102","ES-006","CP-006"
"Find the fraction equal to 6.6.","33/5","Medium","QL-109","ES-006","CP-006"
"Convert the decimal 1.436 to a fraction.","359/250","Medium","QL-106","ES-006","CP-006"
"Determine the fraction form of 5.817.","5817/1000","Easy","QL-115","ES-006","CP-006"
"Write 0.786 as a fraction in lowest terms.","393/500","Hard","QL-112","ES-006","CP-006"
"Change 3.0 into a fraction.","3","Easy","QL-104","ES-006","CP-006"
"Change 8.5 into a fraction.","17/2","Medium","QL-104","ES-006","CP-006"
"The fractional form of 0.925 is:","37/40","Easy","QL-111","ES-006","CP-006"
"The fractional form of 4.9 is:","49/10","Easy","QL-111","ES-006","CP-006"
"Determine the fraction form of 9.0.","9","Medium","QL-115","ES-006","CP-006"
"Convert 3.484 into a fraction.","871/250","Hard","QL-101","ES-006","CP-006"
"Express the given decimal 8.586 as a fraction.","4293/500","Easy","QL-107","ES-006","CP-006"
"Express the given decimal 4.921 as a fraction.","4921/1000","Hard","QL-107","ES-006","CP-006"
"Express 0.284 as a rational number.","71/250","Easy","QL-113","ES-006","CP-006"
"Express 5.595 as a fraction.","1119/200","Medium","QL-102","ES-006","CP-006"
"Change 6.646 into a fraction.","3323/500","Hard","QL-104","ES-006","CP-006"
"Change 1.4 into a fraction.","7/5","Medium","QL-104","ES-006","CP-006"
"Find the simplest fraction equivalent of 2.66.","133/50","Easy","QL-114","ES-006","CP-006"
"Convert 3.45 into a fraction.","69/20","Medium","QL-101","ES-006","CP-006"
"Express 8.570 as a rational number.","857/100","Easy","QL-113","ES-006","CP-006"
"Convert 2.0 into a fraction.","2","Medium","QL-101","ES-006","CP-006"
"Express the given decimal 3.2 as a fraction.","16/5","Easy","QL-107","ES-006","CP-006"
"Change 1.7 into a fraction in simplest form.","17/10","Easy","QL-110","ES-006","CP-006"
"Convert the decimal 5.13 to a fraction.","513/100","Easy","QL-106","ES-006","CP-006"
"Write 2.624 in fraction form.","328/125","Hard","QL-103","ES-006","CP-006"
"Express 3.025 as a rational number.","121/40","Hard","QL-113","ES-006","CP-006"
"Express 0.9 as a rational number.","9/10","Hard","QL-113","ES-006","CP-006"
"Convert the decimal 2.65 to a fraction.","53/20","Medium","QL-106","ES-006","CP-006"
"Change 6.54 into a fraction.","327/50","Medium","QL-104","ES-006","CP-006"
"Find the simplest fraction equivalent of 0.39.","39/100","Easy","QL-114","ES-006","CP-006"
"Convert 2.96 into a fraction.","74/25","Hard","QL-101","ES-006","CP-006"
"Express 4.3 as a fraction.","43/10","Easy","QL-102","ES-006","CP-006"
"Find the fraction form of 1.69.","169/100","Hard","QL-105","ES-006","CP-006"
"Express 7.96 as a fraction.","199/25","Easy","QL-102","ES-006","CP-006"
"Convert the decimal 4.2 to a fraction.","21/5","Medium","QL-106","ES-006","CP-006"
"Determine the fraction form of 1.1.","11/10","Hard","QL-115","ES-006","CP-006"
"Express 4.6 as a fraction.","23/5","Easy","QL-102","ES-006","CP-006"
"Write 7.182 in fraction form.","3591/500","Easy","QL-103","ES-006","CP-006"
"Find the fraction form of 8.261.","8261/1000","Hard","QL-105","ES-006","CP-006"
"Change 5.9 into a fraction in simplest form.","59/10","Medium","QL-110","ES-006","CP-006"
"Express the given decimal 4.97 as a fraction.","497/100","Easy","QL-107","ES-006","CP-006"
"Write the fractional equivalent of 7.0.","7","Medium","QL-108","ES-006","CP-006"
"Change 1.632 into a fraction.","204/125","Easy","QL-104","ES-006","CP-006"
"Change 2.2 into a fraction in simplest form.","11/5","Medium","QL-110","ES-006","CP-006"
"Express 5.1 as a rational number.","51/10","Easy","QL-113","ES-006","CP-006"
"Find the fraction equal to 5.819.","5819/1000","Medium","QL-109","ES-006","CP-006"
"Find the fraction form of 5.052.","1263/250","Medium","QL-105","ES-006","CP-006"
"Find the simplest fraction equivalent of 3.2.","16/5","Easy","QL-114","ES-006","CP-006"
"Write 1.36 in fraction form.","34/25","Medium","QL-103","ES-006","CP-006"
"Convert 5.0 into a fraction.","5","Easy","QL-101","ES-006","CP-006"
"Write 6.82 in fraction form.","341/50","Easy","QL-103","ES-006","CP-006"
"Write 5.76 in fraction form.","144/25","Medium","QL-103","ES-006","CP-006"
"Write 3.51 in fraction form.","351/100","Medium","QL-103","ES-006","CP-006"
"Write 3.66 as a fraction in lowest terms.","183/50","Hard","QL-112","ES-006","CP-006"
"Find the simplest fraction equivalent of 6.967.","6967/1000","Hard","QL-114","ES-006","CP-006"
"Find the fraction form of 5.122.","2561/500","Medium","QL-105","ES-006","CP-006"
"Find the fraction form of 6.409.","6409/1000","Easy","QL-105","ES-006","CP-006"
"Express 3.572 as a rational number.","893/250","Easy","QL-113","ES-006","CP-006"
"Determine the fraction form of 7.819.","7819/1000","Hard","QL-115","ES-006","CP-006"
"Change 8.510 into a fraction in simplest form.","851/100","Easy","QL-110","ES-006","CP-006"
"Convert the decimal 4.565 to a fraction.","913/200","Medium","QL-106","ES-006","CP-006"
"Change 4.11 into a fraction.","411/100","Easy","QL-104","ES-006","CP-006"
"Express 3.3 as a fraction.","33/10","Easy","QL-102","ES-006","CP-006"
"Write 0.4 as a fraction in lowest terms.","2/5","Medium","QL-112","ES-006","CP-006"
"Find the simplest fraction equivalent of 1.3.","13/10","Medium","QL-114","ES-006","CP-006"
"Write 0.453 in fraction form.","453/1000","Easy","QL-103","ES-006","CP-006"
"Write 4.56 in fraction form.","114/25","Easy","QL-103","ES-006","CP-006"
"The fractional form of 5.439 is:","5439/1000","Medium","QL-111","ES-006","CP-006"
"Express 4.3 as a rational number.","43/10","Easy","QL-113","ES-006","CP-006"
"Determine the fraction form of 2.4.","12/5","Medium","QL-115","ES-006","CP-006"
"The fractional form of 3.60 is:","18/5","Easy","QL-111","ES-006","CP-006"
"Determine the fraction form of 8.18.","409/50","Medium","QL-115","ES-006","CP-006"
"Find the simplest fraction equivalent of 8.53.","853/100","Easy","QL-114","ES-006","CP-006"
"Convert the decimal 7.68 to a fraction.","192/25","Easy","QL-106","ES-006","CP-006"
"Convert the decimal 0.6 to a fraction.","3/5","Easy","QL-106","ES-006","CP-006"
"Convert 8.1 into a fraction.","81/10","Medium","QL-101","ES-006","CP-006"
"Find the fraction form of 4.25.","17/4","Medium","QL-105","ES-006","CP-006"
"Write the fractional equivalent of 6.1.","61/10","Hard","QL-108","ES-006","CP-006"
"Change 5.2 into a fraction in simplest form.","26/5","Easy","QL-110","ES-006","CP-006"
"Express the given decimal 1.5 as a fraction.","3/2","Hard","QL-107","ES-006","CP-006"
"Change 7.21 into a fraction in simplest form.","721/100","Medium","QL-110","ES-006","CP-006"
"Write 3.2 as a fraction in lowest terms.","16/5","Easy","QL-112","ES-006","CP-006"
"Change 4.044 into a fraction in simplest form.","1011/250","Hard","QL-110","ES-006","CP-006"
"Write the fractional equivalent of 5.79.","579/100","Medium","QL-108","ES-006","CP-006"
"Change 3.426 into a fraction.","1713/500","Medium","QL-104","ES-006","CP-006"
"The fractional form of 2.05 is:","41/20","Medium","QL-111","ES-006","CP-006"
"Find the fraction equal to 5.06.","253/50","Easy","QL-109","ES-006","CP-006"
"Find the simplest fraction equivalent of 1.789.","1789/1000","Medium","QL-114","ES-006","CP-006"
"Write 7.7 in fraction form.","77/10","Easy","QL-103","ES-006","CP-006"
"Convert the decimal 2.89 to a fraction.","289/100","Medium","QL-106","ES-006","CP-006"
"Write the fractional equivalent of 2.98.","149/50","Medium","QL-108","ES-006","CP-006"
"Write the fractional equivalent of 2.44.","61/25","Easy","QL-108","ES-006","CP-006"
"Write 2.11 as a fraction in lowest terms.","211/100","Hard","QL-112","ES-006","CP-006"
"Find the fraction form of 3.30.","33/10","Hard","QL-105","ES-006","CP-006"
"Find the fraction form of 3.515.","703/200","Medium","QL-105","ES-006","CP-006"
"Find the fraction equal to 2.358.","1179/500","Medium","QL-109","ES-006","CP-006"
"Find the fraction form of 6.0.","6","Hard","QL-105","ES-006","CP-006"
"Determine the fraction form of 3.720.","93/25","Hard","QL-115","ES-006","CP-006"
"Change 6.487 into a fraction.","6487/1000","Hard","QL-104","ES-006","CP-006"
"Convert 4.36 into a fraction.","109/25","Hard","QL-101","ES-006","CP-006"
"Change 8.63 into a fraction.","863/100","Easy","QL-104","ES-006","CP-006"
"Express 0.(4) as a fraction.","4/9","Medium","QL-117","ES-007","CP-007"
"Change 0.(21) into a fraction.","7/33","Medium","QL-119","ES-007","CP-007"
"Find the rational form of 0.(2).","2/9","Easy","QL-126","ES-007","CP-007"
"Find the simplest fraction for 0.(40).","40/99","Easy","QL-130","ES-007","CP-007"
"Convert 0.(8) into a fraction.","8/9","Medium","QL-116","ES-007","CP-007"
"Write 0.(88) in fraction form.","8/9","Easy","QL-118","ES-007","CP-007"
"Change 0.(6) into a fraction in simplest form.","2/3","Hard","QL-125","ES-007","CP-007"
"Convert the recurring decimal 0.(88) to a fraction.","8/9","Easy","QL-121","ES-007","CP-007"
"Find the simplest fraction for 0.(4).","4/9","Easy","QL-130","ES-007","CP-007"
"Write 0.(28) as a rational number.","28/99","Easy","QL-127","ES-007","CP-007"
"Find the fraction equal to 0.(69).","23/33","Medium","QL-124","ES-007","CP-007"
"Change 0.(4) into a fraction in simplest form.","4/9","Easy","QL-125","ES-007","CP-007"
"Express 0.(38) as a fraction.","38/99","Hard","QL-117","ES-007","CP-007"
"Determine the fraction equivalent of 0.(2).","2/9","Easy","QL-128","ES-007","CP-007"
"Write the fractional equivalent of 0.(65).","65/99","Hard","QL-123","ES-007","CP-007"
"Find the fraction form of 0.(8).","8/9","Easy","QL-120","ES-007","CP-007"
"Change 0.(15) into a fraction in simplest form.","5/33","Easy","QL-125","ES-007","CP-007"
"Determine the fraction equivalent of 0.(6).","2/3","Medium","QL-128","ES-007","CP-007"
"Write 0.(12) in fraction form.","4/33","Hard","QL-118","ES-007","CP-007"
"Express 0.(4) in rational form.","4/9","Medium","QL-129","ES-007","CP-007"
"Change 0.(4) into a fraction.","4/9","Easy","QL-119","ES-007","CP-007"
"Express the given recurring decimal 0.(16) as a fraction.","16/99","Medium","QL-122","ES-007","CP-007"
"Write 0.(2) as a rational number.","2/9","Hard","QL-127","ES-007","CP-007"
"Find the rational form of 0.(21).","7/33","Hard","QL-126","ES-007","CP-007"
"Write 0.(8) in fraction form.","8/9","Medium","QL-118","ES-007","CP-007"
"Convert the recurring decimal 0.(18) to a fraction.","2/11","Medium","QL-121","ES-007","CP-007"
"Determine the fraction equivalent of 0.(6).","2/3","Easy","QL-128","ES-007","CP-007"
"Express the given recurring decimal 0.(33) as a fraction.","1/3","Easy","QL-122","ES-007","CP-007"
"Write 0.(4) as a rational number.","4/9","Easy","QL-127","ES-007","CP-007"
"Write the fractional equivalent of 0.(23).","23/99","Medium","QL-123","ES-007","CP-007"
"Write the fractional equivalent of 0.(57).","19/33","Easy","QL-123","ES-007","CP-007"
"Change 0.(6) into a fraction in simplest form.","2/3","Easy","QL-125","ES-007","CP-007"
"Find the fraction form of 0.(57).","19/33","Medium","QL-120","ES-007","CP-007"
"Convert the recurring decimal 0.(8) to a fraction.","8/9","Easy","QL-121","ES-007","CP-007"
"Determine the fraction equivalent of 0.(96).","32/33","Medium","QL-128","ES-007","CP-007"
"Find the rational form of 0.(2).","2/9","Medium","QL-126","ES-007","CP-007"
"Convert the recurring decimal 0.(77) to a fraction.","7/9","Medium","QL-121","ES-007","CP-007"
"Express the given recurring decimal 0.(4) as a fraction.","4/9","Hard","QL-122","ES-007","CP-007"
"Convert 0.(87) into a fraction.","29/33","Easy","QL-116","ES-007","CP-007"
"Change 0.(6) into a fraction.","2/3","Easy","QL-119","ES-007","CP-007"
"Write the fractional equivalent of 0.(6).","2/3","Medium","QL-123","ES-007","CP-007"
"Convert the recurring decimal 0.(91) to a fraction.","91/99","Hard","QL-121","ES-007","CP-007"
"Find the fraction form of 0.(8).","8/9","Easy","QL-120","ES-007","CP-007"
"Write 0.(26) in fraction form.","26/99","Hard","QL-118","ES-007","CP-007"
"Express the given recurring decimal 0.(2) as a fraction.","2/9","Medium","QL-122","ES-007","CP-007"
"Find the rational form of 0.(65).","65/99","Medium","QL-126","ES-007","CP-007"
"Find the fraction form of 0.(4).","4/9","Medium","QL-120","ES-007","CP-007"
"Change 0.(24) into a fraction.","8/33","Medium","QL-119","ES-007","CP-007"
"Express 0.(6) in rational form.","2/3","Easy","QL-129","ES-007","CP-007"
"Write 0.(63) as a rational number.","7/11","Easy","QL-127","ES-007","CP-007"
"Write the fractional equivalent of 0.(51).","17/33","Medium","QL-123","ES-007","CP-007"
"Express the given recurring decimal 0.(8) as a fraction.","8/9","Hard","QL-122","ES-007","CP-007"
"Determine the fraction equivalent of 0.(29).","29/99","Easy","QL-128","ES-007","CP-007"
"Find the simplest fraction for 0.(6).","2/3","Hard","QL-130","ES-007","CP-007"
"Find the fraction equal to 0.(49).","49/99","Easy","QL-124","ES-007","CP-007"
"Write 0.(4) as a rational number.","4/9","Medium","QL-127","ES-007","CP-007"
"Convert the recurring decimal 0.(40) to a fraction.","40/99","Easy","QL-121","ES-007","CP-007"
"Write 0.(2) in fraction form.","2/9","Easy","QL-118","ES-007","CP-007"
"Write 0.(88) in fraction form.","8/9","Easy","QL-118","ES-007","CP-007"
"Express 0.(8) as a fraction.","8/9","Medium","QL-117","ES-007","CP-007"
"Convert 0.(8) into a fraction.","8/9","Hard","QL-116","ES-007","CP-007"
"Change 0.(49) into a fraction.","49/99","Hard","QL-119","ES-007","CP-007"
"Find the fraction equal to 0.(6).","2/3","Medium","QL-124","ES-007","CP-007"
"Find the fraction form of 0.(86).","86/99","Easy","QL-120","ES-007","CP-007"
"Convert the recurring decimal 0.(4) to a fraction.","4/9","Hard","QL-121","ES-007","CP-007"
"Find the fraction form of 0.(53).","53/99","Medium","QL-120","ES-007","CP-007"
"Write the fractional equivalent of 0.(2).","2/9","Easy","QL-123","ES-007","CP-007"
"Write 0.(22) as a rational number.","2/9","Hard","QL-127","ES-007","CP-007"
"Find the fraction equal to 0.(8).","8/9","Hard","QL-124","ES-007","CP-007"
"Write the fractional equivalent of 0.(12).","4/33","Easy","QL-123","ES-007","CP-007"
"Find the fraction equal to 0.(76).","76/99","Medium","QL-124","ES-007","CP-007"
"Find the fraction form of 0.(2).","2/9","Medium","QL-120","ES-007","CP-007"
"Write 0.(57) as a rational number.","19/33","Easy","QL-127","ES-007","CP-007"
"Find the rational form of 0.(4).","4/9","Hard","QL-126","ES-007","CP-007"
"Express 0.(37) in rational form.","37/99","Medium","QL-129","ES-007","CP-007"
"Write 0.(6) in fraction form.","2/3","Easy","QL-118","ES-007","CP-007"
"Find the rational form of 0.(37).","37/99","Hard","QL-126","ES-007","CP-007"
"Find the fraction equal to 0.(8).","8/9","Easy","QL-124","ES-007","CP-007"
"Determine the fraction equivalent of 0.(55).","5/9","Easy","QL-128","ES-007","CP-007"
"Find the rational form of 0.(2).","2/9","Easy","QL-126","ES-007","CP-007"
"Express 0.(2) as a fraction.","2/9","Easy","QL-117","ES-007","CP-007"
"Express 0.(59) as a fraction.","59/99","Easy","QL-117","ES-007","CP-007"
"Write the fractional equivalent of 0.(4).","4/9","Medium","QL-123","ES-007","CP-007"
"Change 0.(91) into a fraction in simplest form.","91/99","Medium","QL-125","ES-007","CP-007"
"Express 0.(6) in rational form.","2/3","Easy","QL-129","ES-007","CP-007"
"Write 0.(71) as a rational number.","71/99","Easy","QL-127","ES-007","CP-007"
"Express the given recurring decimal 0.(8) as a fraction.","8/9","Easy","QL-122","ES-007","CP-007"
"Find the rational form of 0.(56).","56/99","Medium","QL-126","ES-007","CP-007"
"Express the given recurring decimal 0.(2) as a fraction.","2/9","Medium","QL-122","ES-007","CP-007"
"Find the fraction equal to 0.(80).","80/99","Medium","QL-124","ES-007","CP-007"
"Convert the recurring decimal 0.(58) to a fraction.","58/99","Medium","QL-121","ES-007","CP-007"
"Write 0.(4) in fraction form.","4/9","Easy","QL-118","ES-007","CP-007"
"Find the rational form of 0.(26).","26/99","Easy","QL-126","ES-007","CP-007"
"Find the rational form of 0.(2).","2/9","Easy","QL-126","ES-007","CP-007"
"Find the fraction form of 0.(60).","20/33","Medium","QL-120","ES-007","CP-007"
"Change 0.(8) into a fraction.","8/9","Easy","QL-119","ES-007","CP-007"
"Write the fractional equivalent of 0.(38).","38/99","Medium","QL-123","ES-007","CP-007"
"Write the fractional equivalent of 0.(6).","2/3","Easy","QL-123","ES-007","CP-007"
"Find the rational form of 0.(28).","28/99","Hard","QL-126","ES-007","CP-007"
"Find the rational form of 0.(4).","4/9","Easy","QL-126","ES-007","CP-007"
"Change 0.(52) into a fraction.","52/99","Hard","QL-119","ES-007","CP-007"
"Convert 0.(4) into a fraction.","4/9","Easy","QL-116","ES-007","CP-007"
"Change 0.(35) into a fraction in simplest form.","35/99","Hard","QL-125","ES-007","CP-007"
"Determine the fraction equivalent of 0.(2).","2/9","Hard","QL-128","ES-007","CP-007"
"Write 0.(32) in fraction form.","32/99","Easy","QL-118","ES-007","CP-007"
"Find the simplest fraction for 0.(8).","8/9","Medium","QL-130","ES-007","CP-007"
"Convert the recurring decimal 0.(32) to a fraction.","32/99","Easy","QL-121","ES-007","CP-007"
"Write the fractional equivalent of 0.(6).","2/3","Medium","QL-123","ES-007","CP-007"
"Determine the fraction equivalent of 0.(80).","80/99","Easy","QL-128","ES-007","CP-007"
"Determine the fraction equivalent of 0.(4).","4/9","Easy","QL-128","ES-007","CP-007"
"Find the simplest fraction for 0.(2).","2/9","Easy","QL-130","ES-007","CP-007"
"Find the simplest fraction for 0.(31).","31/99","Medium","QL-130","ES-007","CP-007"
"Find the fraction equal to 0.(4).","4/9","Medium","QL-124","ES-007","CP-007"
"Change 0.(85) into a fraction in simplest form.","85/99","Easy","QL-125","ES-007","CP-007"
"Express 0.(6) in rational form.","2/3","Hard","QL-129","ES-007","CP-007"
"Express 0.(65) in rational form.","65/99","Easy","QL-129","ES-007","CP-007"
"Write the fractional equivalent of 0.(8).","8/9","Medium","QL-123","ES-007","CP-007"
"Find the fraction equal to 0.(65).","65/99","Easy","QL-124","ES-007","CP-007"
"Find the fraction equal to 0.(2).","2/9","Easy","QL-124","ES-007","CP-007"
"Determine the fraction equivalent of 0.(67).","67/99","Easy","QL-128","ES-007","CP-007"
"Convert 0.(98) into a fraction.","98/99","Easy","QL-116","ES-007","CP-007"
"Find the fraction form of 0.(6).","2/3","Medium","QL-120","ES-007","CP-007"
"Determine the fraction equivalent of 0.(98).","98/99","Easy","QL-128","ES-007","CP-007"
"Find the rational form of 0.(8).","8/9","Medium","QL-126","ES-007","CP-007"
"Change 0.(50) into a fraction in simplest form.","50/99","Easy","QL-125","ES-007","CP-007"
"Convert the recurring decimal 0.(2) to a fraction.","2/9","Hard","QL-121","ES-007","CP-007"
"Express 0.(31) in rational form.","31/99","Medium","QL-129","ES-007","CP-007"
"Write 0.(4) as a rational number.","4/9","Easy","QL-127","ES-007","CP-007"
"Determine the fraction equivalent of 0.(41).","41/99","Medium","QL-128","ES-007","CP-007"
"Determine the fraction equivalent of 0.(6).","2/3","Medium","QL-128","ES-007","CP-007"
"Write 0.(4) as a rational number.","4/9","Easy","QL-127","ES-007","CP-007"
"Find the simplest fraction for 0.(57).","19/33","Easy","QL-130","ES-007","CP-007"
"Write 0.(2) in fraction form.","2/9","Medium","QL-118","ES-007","CP-007"
"Convert the recurring decimal 0.(62) to a fraction.","62/99","Medium","QL-121","ES-007","CP-007"
"Find the rational form of 0.(8).","8/9","Easy","QL-126","ES-007","CP-007"
"Change 0.(73) into a fraction in simplest form.","73/99","Medium","QL-125","ES-007","CP-007"
"Express 0.(6) as a fraction.","2/3","Hard","QL-117","ES-007","CP-007"
"Express 0.(37) as a fraction.","37/99","Hard","QL-117","ES-007","CP-007"
"Express the given recurring decimal 0.(4) as a fraction.","4/9","Easy","QL-122","ES-007","CP-007"
"Express the given recurring decimal 0.(27) as a fraction.","3/11","Easy","QL-122","ES-007","CP-007"
"Express the given recurring decimal 0.(34) as a fraction.","34/99","Easy","QL-122","ES-007","CP-007"
"Find the fraction form of 0.(8).","8/9","Medium","QL-120","ES-007","CP-007"
"Change 0.(12) into a fraction in simplest form.","4/33","Hard","QL-125","ES-007","CP-007"
"Change 0.(6) into a fraction in simplest form.","2/3","Medium","QL-125","ES-007","CP-007"
"Write the fractional equivalent of 0.(16).","16/99","Hard","QL-123","ES-007","CP-007"
"Find the fraction form of 0.(4).","4/9","Medium","QL-120","ES-007","CP-007"
"Determine the fraction equivalent of 0.(87).","29/33","Medium","QL-128","ES-007","CP-007"
"Determine the fraction equivalent of 0.(2).","2/9","Medium","QL-128","ES-007","CP-007"
"Find the fraction equal to 0.(69).","23/33","Hard","QL-124","ES-007","CP-007"
"Write 0.(8) as a rational number.","8/9","Hard","QL-127","ES-007","CP-007"
"Convert 0.(6) into a fraction.","2/3","Medium","QL-116","ES-007","CP-007"
"Express 0.(45) in rational form.","5/11","Medium","QL-129","ES-007","CP-007"
"Find the fraction equal to 0.(8).","8/9","Medium","QL-124","ES-007","CP-007"
"Write 0.(30) as a rational number.","10/33","Hard","QL-127","ES-007","CP-007"
"Change 0.(2) into a fraction.","2/9","Medium","QL-119","ES-007","CP-007"
"Change 0.(33) into a fraction.","1/3","Medium","QL-119","ES-007","CP-007"
"Change 0.(4) into a fraction in simplest form.","4/9","Easy","QL-125","ES-007","CP-007"
"Write 0.(65) as a rational number.","65/99","Easy","QL-127","ES-007","CP-007"
"Express the given recurring decimal 0.(6) as a fraction.","2/3","Easy","QL-122","ES-007","CP-007"
"Find the fraction form of 0.(15).","5/33","Medium","QL-120","ES-007","CP-007"
"Write 0.(44) as a rational number.","4/9","Easy","QL-127","ES-007","CP-007"
"Write the fractional equivalent of 0.(2).","2/9","Medium","QL-123","ES-007","CP-007"
"Find the rational form of 0.(61).","61/99","Medium","QL-126","ES-007","CP-007"
"Write the fractional equivalent of 0.(4).","4/9","Medium","QL-123","ES-007","CP-007"
"Find the rational form of 0.(78).","26/33","Easy","QL-126","ES-007","CP-007"
"Find the fraction equal to 0.(6).","2/3","Hard","QL-124","ES-007","CP-007"
"Write the fractional equivalent of 0.(41).","41/99","Medium","QL-123","ES-007","CP-007"
"Express the given recurring decimal 0.(8) as a fraction.","8/9","Medium","QL-122","ES-007","CP-007"
"Change 0.(96) into a fraction in simplest form.","32/33","Hard","QL-125","ES-007","CP-007"
"Write the fractional equivalent of 0.(2).","2/9","Hard","QL-123","ES-007","CP-007"
"Change 0.(8) into a fraction in simplest form.","8/9","Medium","QL-125","ES-007","CP-007"
"Express 0.(16) in rational form.","16/99","Easy","QL-129","ES-007","CP-007"
"Change 0.(6) into a fraction.","2/3","Medium","QL-119","ES-007","CP-007"
"Convert 0.(16) into a fraction.","16/99","Easy","QL-116","ES-007","CP-007"
"Find the rational form of 0.(4).","4/9","Easy","QL-126","ES-007","CP-007"
"Find the simplest fraction for 0.(36).","4/11","Hard","QL-130","ES-007","CP-007"
"Find the fraction equal to 0.(2).","2/9","Hard","QL-124","ES-007","CP-007"
"Find the fraction form of 0.(19).","19/99","Hard","QL-120","ES-007","CP-007"
"Change 0.(8) into a fraction in simplest form.","8/9","Hard","QL-125","ES-007","CP-007"
"Express the given recurring decimal 0.(82) as a fraction.","82/99","Medium","QL-122","ES-007","CP-007"
"Change 0.(97) into a fraction in simplest form.","97/99","Hard","QL-125","ES-007","CP-007"
"Write 0.(4) as a rational number.","4/9","Medium","QL-127","ES-007","CP-007"
"Write the fractional equivalent of 0.(67).","67/99","Easy","QL-123","ES-007","CP-007"
"Change 0.(2) into a fraction.","2/9","Easy","QL-119","ES-007","CP-007"
"Find the rational form of 0.(78).","26/33","Easy","QL-126","ES-007","CP-007"
"Find the rational form of 0.(8).","8/9","Easy","QL-126","ES-007","CP-007"
"Write 0.(93) as a rational number.","31/33","Easy","QL-127","ES-007","CP-007"
"Convert 0.(6) into a fraction.","2/3","Medium","QL-116","ES-007","CP-007"
"Convert the recurring decimal 0.(69) to a fraction.","23/33","Easy","QL-121","ES-007","CP-007"
"Change 0.(4) into a fraction.","4/9","Medium","QL-119","ES-007","CP-007"
"Write the fractional equivalent of 0.(2).","2/9","Medium","QL-123","ES-007","CP-007"
"Change 0.(13) into a fraction in simplest form.","13/99","Medium","QL-125","ES-007","CP-007"
"Find the fraction form of 0.(4).","4/9","Hard","QL-120","ES-007","CP-007"
"Write 0.(22) in fraction form.","2/9","Easy","QL-118","ES-007","CP-007"
"Find the fraction equal to 0.(6).","2/3","Medium","QL-124","ES-007","CP-007"
"Find the fraction equal to 0.(25).","25/99","Medium","QL-124","ES-007","CP-007"
"Change 0.(8) into a fraction.","8/9","Hard","QL-119","ES-007","CP-007"
"Express 0.(24) as a fraction.","8/33","Easy","QL-117","ES-007","CP-007"
"Express 0.(2) as a fraction.","2/9","Hard","QL-117","ES-007","CP-007"
"Convert the recurring decimal 0.(34) to a fraction.","34/99","Hard","QL-121","ES-007","CP-007"
"Find the fraction form of 0.(2).","2/9","Easy","QL-120","ES-007","CP-007"
"Find the fraction equal to 0.(77).","7/9","Easy","QL-124","ES-007","CP-007"
"Determine the fraction equivalent of 0.(4).","4/9","Medium","QL-128","ES-007","CP-007"
"Find the rational form of 0.(36).","4/11","Easy","QL-126","ES-007","CP-007"
"Express 0.(6) as a fraction.","2/3","Hard","QL-117","ES-007","CP-007"
"Write 0.(16) as a rational number.","16/99","Easy","QL-127","ES-007","CP-007"
"Write 0.(8) as a rational number.","8/9","Easy","QL-127","ES-007","CP-007"
"Find the rational form of 0.(88).","8/9","Easy","QL-126","ES-007","CP-007"
"Find the rational form of 0.(2).","2/9","Easy","QL-126","ES-007","CP-007"
"Find the rational form of 0.(25).","25/99","Hard","QL-126","ES-007","CP-007"
"Find the fraction equal to 0.(90).","10/11","Easy","QL-124","ES-007","CP-007"
"Find the fraction equal to 0.(4).","4/9","Medium","QL-124","ES-007","CP-007"
"Convert 0.(44) into a fraction.","4/9","Medium","QL-116","ES-007","CP-007"
"Write 0.(2) as a rational number.","2/9","Medium","QL-127","ES-007","CP-007"
"Write the fractional equivalent of 0.(92).","92/99","Medium","QL-123","ES-007","CP-007"
"Change 0.(8) into a fraction in simplest form.","8/9","Hard","QL-125","ES-007","CP-007"
"Find the rational form of 0.(70).","70/99","Medium","QL-126","ES-007","CP-007"
"Determine the fraction equivalent of 0.(6).","2/3","Easy","QL-128","ES-007","CP-007"
"Find the simplest fraction for 0.(46).","46/99","Easy","QL-130","ES-007","CP-007"
"Write 0.(4) as a rational number.","4/9","Easy","QL-127","ES-007","CP-007"
"Convert 0.(4) into a fraction.","4/9","Hard","QL-116","ES-007","CP-007"
"Convert 0.(94) into a fraction.","94/99","Medium","QL-116","ES-007","CP-007"
"Write the fractional equivalent of 0.(2).","2/9","Easy","QL-123","ES-007","CP-007"
"Change 0.(63) into a fraction in simplest form.","7/11","Medium","QL-125","ES-007","CP-007"
"Find the simplest fraction for 0.(8).","8/9","Easy","QL-130","ES-007","CP-007"
"Write 0.(74) as a rational number.","74/99","Easy","QL-127","ES-007","CP-007"
"Express the given recurring decimal 0.(6) as a fraction.","2/3","Easy","QL-122","ES-007","CP-007"
"Express 0.(74) as a fraction.","74/99","Medium","QL-117","ES-007","CP-007"
"Write the fractional equivalent of 0.(4).","4/9","Hard","QL-123","ES-007","CP-007"
"Find the rational form of 0.(21).","7/33","Easy","QL-126","ES-007","CP-007"
"Find the fraction equal to 0.(35).","35/99","Hard","QL-124","ES-007","CP-007"
"Find the fraction equal to 0.(6).","2/3","Medium","QL-124","ES-007","CP-007"
"Express 0.(34) as a fraction.","34/99","Easy","QL-117","ES-007","CP-007"
"Find the fraction form of 0.(8).","8/9","Hard","QL-120","ES-007","CP-007"
"Find the rational form of 0.(23).","23/99","Hard","QL-126","ES-007","CP-007"
"Write the fractional equivalent of 0.(2).","2/9","Medium","QL-123","ES-007","CP-007"
"Write 0.(32) in fraction form.","32/99","Easy","QL-118","ES-007","CP-007"
"Convert the recurring decimal 0.(4) to a fraction.","4/9","Easy","QL-121","ES-007","CP-007"
"Write 0.(21) as a rational number.","7/33","Easy","QL-127","ES-007","CP-007"
"Convert 0.(6) into a fraction.","2/3","Medium","QL-116","ES-007","CP-007"
"Convert 0.(6) into a fraction.","2/3","Hard","QL-116","ES-007","CP-007"
"Convert 0.(55) into a fraction.","5/9","Easy","QL-116","ES-007","CP-007"
"Find the rational form of 0.(8).","8/9","Hard","QL-126","ES-007","CP-007"
"Express the given recurring decimal 0.(69) as a fraction.","23/33","Medium","QL-122","ES-007","CP-007"
"Write 0.(2) in fraction form.","2/9","Easy","QL-118","ES-007","CP-007"
"Express the given recurring decimal 0.(92) as a fraction.","92/99","Medium","QL-122","ES-007","CP-007"
"Determine the fraction equivalent of 0.(4).","4/9","Easy","QL-128","ES-007","CP-007"
"Write the fractional equivalent of 0.(73).","73/99","Easy","QL-123","ES-007","CP-007"
"Express 0.(6) in rational form.","2/3","Easy","QL-129","ES-007","CP-007"
"Write the fractional equivalent of 0.(83).","83/99","Hard","QL-123","ES-007","CP-007"
"Convert the recurring decimal 0.(20) to a fraction.","20/99","Medium","QL-121","ES-007","CP-007"
"Convert the recurring decimal 0.(8) to a fraction.","8/9","Easy","QL-121","ES-007","CP-007"
"Write the fractional equivalent of 0.(20).","20/99","Easy","QL-123","ES-007","CP-007"
"Change 0.(6) into a fraction in simplest form.","2/3","Medium","QL-125","ES-007","CP-007"
"Express the given recurring decimal 0.(40) as a fraction.","40/99","Easy","QL-122","ES-007","CP-007"
"Express the given recurring decimal 0.(4) as a fraction.","4/9","Medium","QL-122","ES-007","CP-007"
"Express 0.(59) in rational form.","59/99","Medium","QL-129","ES-007","CP-007"
"Write 0.(2) as a rational number.","2/9","Medium","QL-127","ES-007","CP-007"
"Convert 0.(35) into a fraction.","35/99","Easy","QL-116","ES-007","CP-007"
"Write 0.(8) as a rational number.","8/9","Hard","QL-127","ES-007","CP-007"
"Convert the recurring decimal 0.(8) to a fraction.","8/9","Hard","QL-121","ES-007","CP-007"
"Write 0.(76) in fraction form.","76/99","Medium","QL-118","ES-007","CP-007"
"Write the fractional equivalent of 0.(6).","2/3","Easy","QL-123","ES-007","CP-007"
"Convert the recurring decimal 0.(54) to a fraction.","6/11","Medium","QL-121","ES-007","CP-007"
"Find the fraction form of 0.(4).","4/9","Easy","QL-120","ES-007","CP-007"
"Change 0.(74) into a fraction.","74/99","Easy","QL-119","ES-007","CP-007"
"Express the given recurring decimal 0.(2) as a fraction.","2/9","Medium","QL-122","ES-007","CP-007"
"Find the rational form of 0.(28).","28/99","Easy","QL-126","ES-007","CP-007"
"Convert the recurring decimal 0.(8) to a fraction.","8/9","Medium","QL-121","ES-007","CP-007"
"Change 0.(97) into a fraction in simplest form.","97/99","Easy","QL-125","ES-007","CP-007"
"Convert the recurring decimal 0.(90) to a fraction.","10/11","Hard","QL-121","ES-007","CP-007"
"Change 0.(2) into a fraction.","2/9","Hard","QL-119","ES-007","CP-007"
"Change 0.(12) into a fraction in simplest form.","4/33","Hard","QL-125","ES-007","CP-007"
"Write 0.(4) as a rational number.","4/9","Easy","QL-127","ES-007","CP-007"
"Determine the fraction equivalent of 0.(79).","79/99","Hard","QL-128","ES-007","CP-007"
"Find the simplest fraction for 0.(6).","2/3","Medium","QL-130","ES-007","CP-007"
"Write the fractional equivalent of 0.(14).","14/99","Easy","QL-123","ES-007","CP-007"
"Express the given recurring decimal 0.(8) as a fraction.","8/9","Medium","QL-122","ES-007","CP-007"
"Write the fractional equivalent of 0.(54).","6/11","Easy","QL-123","ES-007","CP-007"
"Change 0.(2) into a fraction.","2/9","Medium","QL-119","ES-007","CP-007"
"Express 0.(2) in rational form.","2/9","Easy","QL-129","ES-007","CP-007"
"Change 0.(45) into a fraction in simplest form.","5/11","Easy","QL-125","ES-007","CP-007"
"Convert 0.(4) into a fraction.","4/9","Easy","QL-116","ES-007","CP-007"
"Change 0.(62) into a fraction.","62/99","Easy","QL-119","ES-007","CP-007"
"Find the fraction equal to 0.(6).","2/3","Hard","QL-124","ES-007","CP-007"
"Convert the recurring decimal 0.(42) to a fraction.","14/33","Easy","QL-121","ES-007","CP-007"
"Find the simplest fraction for 0.(8).","8/9","Hard","QL-130","ES-007","CP-007"
"Write 0.(42) in fraction form.","14/33","Easy","QL-118","ES-007","CP-007"
"Convert 0.(2) into a fraction.","2/9","Medium","QL-116","ES-007","CP-007"
"Find the fraction form of 0.(60).","20/33","Medium","QL-120","ES-007","CP-007"
"Convert 0.(87) into a fraction.","29/33","Medium","QL-116","ES-007","CP-007"
"Write 0.(4) as a rational number.","4/9","Hard","QL-127","ES-007","CP-007"
"Express 0.(70) as a fraction.","70/99","Easy","QL-117","ES-007","CP-007"
"Determine the fraction equivalent of 0.(2).","2/9","Hard","QL-128","ES-007","CP-007"
"Determine the fraction equivalent of 0.(83).","83/99","Hard","QL-128","ES-007","CP-007"
"Find the rational form of 0.(8).","8/9","Medium","QL-126","ES-007","CP-007"
"Convert 0.(33) into a fraction.","1/3","Medium","QL-116","ES-007","CP-007"
"Express 0.(6) in rational form.","2/3","Easy","QL-129","ES-007","CP-007"
"Write 0.(44) in fraction form.","4/9","Easy","QL-118","ES-007","CP-007"
"Convert the recurring decimal 0.(4) to a fraction.","4/9","Medium","QL-121","ES-007","CP-007"
"Express 0.(53) in rational form.","53/99","Medium","QL-129","ES-007","CP-007"
"Express 0.(2) in rational form.","2/9","Hard","QL-129","ES-007","CP-007"
"Change 0.(20) into a fraction in simplest form.","20/99","Easy","QL-125","ES-007","CP-007"
"Write the fractional equivalent of 0.(4).","4/9","Medium","QL-123","ES-007","CP-007"
"Determine the fraction equivalent of 0.(16).","16/99","Hard","QL-128","ES-007","CP-007"
"Determine the fraction equivalent of 0.(6).","2/3","Medium","QL-128","ES-007","CP-007"
"Write the fractional equivalent of 0.(16).","16/99","Easy","QL-123","ES-007","CP-007"
"Express the given recurring decimal 0.(8) as a fraction.","8/9","Easy","QL-122","ES-007","CP-007"
"Write 0.(18) as a rational number.","2/11","Easy","QL-127","ES-007","CP-007"
"Write the fractional equivalent of 0.(2).","2/9","Easy","QL-123","ES-007","CP-007"
"Change 0.(8) into a fraction in simplest form.","8/9","Easy","QL-125","ES-007","CP-007"
"Write 0.(49) as a rational number.","49/99","Hard","QL-127","ES-007","CP-007"
"Change 0.(6) into a fraction.","2/3","Medium","QL-119","ES-007","CP-007"
"Find the simplest fraction for 0.(49).","49/99","Medium","QL-130","ES-007","CP-007"
"Find the rational form of 0.(4).","4/9","Hard","QL-126","ES-007","CP-007"
"Determine the fraction equivalent of 0.(53).","53/99","Easy","QL-128","ES-007","CP-007"
"Find the fraction form of 0.(2).","2/9","Medium","QL-120","ES-007","CP-007"
"Find the fraction equal to 0.(88).","8/9","Medium","QL-124","ES-007","CP-007"
"Write the fractional equivalent of 0.(8).","8/9","Medium","QL-123","ES-007","CP-007"
"Find the fraction form of 0.(62).","62/99","Hard","QL-120","ES-007","CP-007"
"Express the given recurring decimal 0.(14) as a fraction.","14/99","Hard","QL-122","ES-007","CP-007"
"Change 0.(8) into a fraction.","8/9","Medium","QL-119","ES-007","CP-007"
"Write the fractional equivalent of 0.(45).","5/11","Easy","QL-123","ES-007","CP-007"
"Express 0.(6) in rational form.","2/3","Medium","QL-129","ES-007","CP-007"
"Write the fractional equivalent of 0.(12).","4/33","Medium","QL-123","ES-007","CP-007"
"Find the fraction form of 0.(4).","4/9","Easy","QL-120","ES-007","CP-007"
"Find the rational form of 0.(17).","17/99","Easy","QL-126","ES-007","CP-007"
"Determine the fraction equivalent of 0.(2).","2/9","Easy","QL-128","ES-007","CP-007"
"Write the fractional equivalent of 0.(15).","5/33","Hard","QL-123","ES-007","CP-007"
"Write 0.(8) as a rational number.","8/9","Easy","QL-127","ES-007","CP-007"
"Convert 0.(6) into a fraction.","2/3","Easy","QL-116","ES-007","CP-007"
"Express 0.(41) in rational form.","41/99","Easy","QL-129","ES-007","CP-007"
"Express the given recurring decimal 0.(8) as a fraction.","8/9","Hard","QL-122","ES-007","CP-007"
"Find the fraction equal to 0.(63).","7/11","Medium","QL-124","ES-007","CP-007"
"Change 0.(2) into a fraction.","2/9","Easy","QL-119","ES-007","CP-007"
"Convert the recurring decimal 0.(36) to a fraction.","4/11","Easy","QL-121","ES-007","CP-007"
"Write 0.(4) as a rational number.","4/9","Medium","QL-127","ES-007","CP-007"
"Change 0.(45) into a fraction in simplest form.","5/11","Easy","QL-125","ES-007","CP-007"
"Find the fraction form of 0.(6).","2/3","Easy","QL-120","ES-007","CP-007"
"Write the fractional equivalent of 0.(34).","34/99","Medium","QL-123","ES-007","CP-007"
"Write 0.(36) in fraction form.","4/11","Hard","QL-118","ES-007","CP-007"
"Express the given recurring decimal 0.(6) as a fraction.","2/3","Medium","QL-122","ES-007","CP-007"
"Determine the fraction equivalent of 0.(36).","4/11","Medium","QL-128","ES-007","CP-007"
"Find the simplest fraction for 0.(8).","8/9","Medium","QL-130","ES-007","CP-007"
"Find the rational form of 0.(96).","32/33","Hard","QL-126","ES-007","CP-007"
"Write the fractional equivalent of 0.(2).","2/9","Medium","QL-123","ES-007","CP-007"
"Convert 0.(40) into a fraction.","40/99","Easy","QL-116","ES-007","CP-007"
"Express 0.(4) as a fraction.","4/9","Easy","QL-117","ES-007","CP-007"
"Determine the fraction equivalent of 0.(50).","50/99","Medium","QL-128","ES-007","CP-007"
"Express 0.(6) in rational form.","2/3","Easy","QL-129","ES-007","CP-007"
"Express 0.(4) in rational form.","4/9","Hard","QL-129","ES-007","CP-007"
"Find the simplest fraction for 0.(16).","16/99","Medium","QL-130","ES-007","CP-007"
"Write the fractional equivalent of 0.(2).","2/9","Easy","QL-123","ES-007","CP-007"
"Write the fractional equivalent of 0.(71).","71/99","Easy","QL-123","ES-007","CP-007"
"Determine the fraction equivalent of 0.(8).","8/9","Easy","QL-128","ES-007","CP-007"
"Convert 0.(68) into a fraction.","68/99","Medium","QL-116","ES-007","CP-007"
"Change 0.(6) into a fraction.","2/3","Medium","QL-119","ES-007","CP-007"
"Express 0.(83) as a fraction.","83/99","Medium","QL-117","ES-007","CP-007"
"Write the fractional equivalent of 0.(4).","4/9","Hard","QL-123","ES-007","CP-007"
"Express the given recurring decimal 0.(73) as a fraction.","73/99","Medium","QL-122","ES-007","CP-007"
"Write 0.(69) in fraction form.","23/33","Easy","QL-118","ES-007","CP-007"
"Convert 0.(4) into a fraction.","4/9","Easy","QL-116","ES-007","CP-007"
"Express 0.(17) in rational form.","17/99","Hard","QL-129","ES-007","CP-007"
"Change 0.(2) into a fraction in simplest form.","2/9","Medium","QL-125","ES-007","CP-007"
"Express 0.(65) as a fraction.","65/99","Hard","QL-117","ES-007","CP-007"
"Find the simplest fraction for 0.(8).","8/9","Easy","QL-130","ES-007","CP-007"
"Change 0.(65) into a fraction.","65/99","Hard","QL-119","ES-007","CP-007"
"Find the fraction equal to 0.(6).","2/3","Medium","QL-124","ES-007","CP-007"
"Find the rational form of 0.(76).","76/99","Hard","QL-126","ES-007","CP-007"
"Express 0.(4) in rational form.","4/9","Medium","QL-129","ES-007","CP-007"
"Express 0.(2) in rational form.","2/9","Medium","QL-129","ES-007","CP-007"
"Write 0.(50) in fraction form.","50/99","Easy","QL-118","ES-007","CP-007"
"Find the rational form of 0.(4).","4/9","Easy","QL-126","ES-007","CP-007"
"Change 0.(65) into a fraction in simplest form.","65/99","Hard","QL-125","ES-007","CP-007"
"Express 0.(6) in rational form.","2/3","Medium","QL-129","ES-007","CP-007"
"Change 0.(98) into a fraction in simplest form.","98/99","Easy","QL-125","ES-007","CP-007"
"Convert the recurring decimal 0.(8) to a fraction.","8/9","Easy","QL-121","ES-007","CP-007"
"Find the fraction equal to 0.(61).","61/99","Easy","QL-124","ES-007","CP-007"
"Express the given recurring decimal 0.(2) as a fraction.","2/9","Easy","QL-122","ES-007","CP-007"
"Find the fraction equal to 0.(13).","13/99","Medium","QL-124","ES-007","CP-007"
"Change 0.(35) into a fraction in simplest form.","35/99","Easy","QL-125","ES-007","CP-007"
"Express the given recurring decimal 0.(2) as a fraction.","2/9","Easy","QL-122","ES-007","CP-007"
"Express 0.(44) as a fraction.","4/9","Medium","QL-117","ES-007","CP-007"
"Find the fraction form of 0.(4).","4/9","Medium","QL-120","ES-007","CP-007"
"Write the fractional equivalent of 0.(63).","7/11","Medium","QL-123","ES-007","CP-007"
"Write the fractional equivalent of 0.(6).","2/3","Easy","QL-123","ES-007","CP-007"
"Convert 0.(46) into a fraction.","46/99","Hard","QL-116","ES-007","CP-007"
"Change 0.(8) into a fraction.","8/9","Medium","QL-119","ES-007","CP-007"
"Find the fraction form of 0.(72).","8/11","Medium","QL-120","ES-007","CP-007"
"Convert 0.(2) into a fraction.","2/9","Medium","QL-116","ES-007","CP-007"
"Find the fraction form of 0.(8).","8/9","Hard","QL-120","ES-007","CP-007"
"Find the fraction form of 0.(79).","79/99","Easy","QL-120","ES-007","CP-007"
"Write 0.(6) as a rational number.","2/3","Medium","QL-127","ES-007","CP-007"
"Write 0.(59) as a rational number.","59/99","Medium","QL-127","ES-007","CP-007"
"Express the given recurring decimal 0.(4) as a fraction.","4/9","Medium","QL-122","ES-007","CP-007"
"Change 0.(63) into a fraction in simplest form.","7/11","Hard","QL-125","ES-007","CP-007"
"Determine the fraction equivalent of 0.(2).","2/9","Easy","QL-128","ES-007","CP-007"
"Convert 0.(68) into a fraction.","68/99","Medium","QL-116","ES-007","CP-007"
"Write 0.(8) as a rational number.","8/9","Easy","QL-127","ES-007","CP-007"
"Find the simplest fraction for 0.(29).","29/99","Hard","QL-130","ES-007","CP-007"
"Change 0.(8) into a fraction.","8/9","Medium","QL-119","ES-007","CP-007"
"Convert 0.(72) into a fraction.","8/11","Hard","QL-116","ES-007","CP-007"
"Write the fractional equivalent of 0.(6).","2/3","Medium","QL-123","ES-007","CP-007"
"Find the fraction equal to 0.(73).","73/99","Medium","QL-124","ES-007","CP-007"
"Find the fraction form of 0.(4).","4/9","Medium","QL-120","ES-007","CP-007"
"Write 0.(54) in fraction form.","6/11","Hard","QL-118","ES-007","CP-007"
"Express the given recurring decimal 0.(2) as a fraction.","2/9","Easy","QL-122","ES-007","CP-007"
"Change 0.(61) into a fraction in simplest form.","61/99","Medium","QL-125","ES-007","CP-007"
"Convert the recurring decimal 0.(8) to a fraction.","8/9","Easy","QL-121","ES-007","CP-007"
"Write the fractional equivalent of 0.(43).","43/99","Hard","QL-123","ES-007","CP-007"
"Write the fractional equivalent of 0.(12).","4/33","Easy","QL-123","ES-007","CP-007"
"Change 0.(2) into a fraction.","2/9","Easy","QL-119","ES-007","CP-007"
"Change 0.(58) into a fraction in simplest form.","58/99","Hard","QL-125","ES-007","CP-007"
"Write 0.(4) as a rational number.","4/9","Easy","QL-127","ES-007","CP-007"
"Write 0.(54) as a rational number.","6/11","Easy","QL-127","ES-007","CP-007"
"Convert 0.(6) into a fraction.","2/3","Medium","QL-116","ES-007","CP-007"
"Change 0.(39) into a fraction in simplest form.","13/33","Hard","QL-125","ES-007","CP-007"
"Find the rational form of 0.(8).","8/9","Hard","QL-126","ES-007","CP-007"
"Change 0.(63) into a fraction in simplest form.","7/11","Medium","QL-125","ES-007","CP-007"
"Change 0.(2) into a fraction in simplest form.","2/9","Hard","QL-125","ES-007","CP-007"
"Write 0.(6) in fraction form.","2/3","Medium","QL-118","ES-007","CP-007"
"Convert 0.(64) into a fraction.","64/99","Hard","QL-116","ES-007","CP-007"
"Change 0.(8) into a fraction in simplest form.","8/9","Medium","QL-125","ES-007","CP-007"
"Determine the fraction equivalent of 0.(64).","64/99","Hard","QL-128","ES-007","CP-007"
"Find the fraction equal to 0.(2).","2/9","Medium","QL-124","ES-007","CP-007"
"Find the fraction form of 0.(67).","67/99","Medium","QL-120","ES-007","CP-007"
"Find the rational form of 0.(4).","4/9","Hard","QL-126","ES-007","CP-007"
"Express 0.(68) in rational form.","68/99","Medium","QL-129","ES-007","CP-007"
"Write 0.(6) as a rational number.","2/3","Hard","QL-127","ES-007","CP-007"
"Change 0.(21) into a fraction in simplest form.","7/33","Easy","QL-125","ES-007","CP-007"
"Write the fractional equivalent of 0.(89).","89/99","Medium","QL-123","ES-007","CP-007"
"Convert the recurring decimal 0.(8) to a fraction.","8/9","Easy","QL-121","ES-007","CP-007"
"Find the rational form of 0.(39).","13/33","Easy","QL-126","ES-007","CP-007"
"Find the fraction equal to 0.(6).","2/3","Medium","QL-124","ES-007","CP-007"
"Find the rational form of 0.(22).","2/9","Easy","QL-126","ES-007","CP-007"
"Express the given recurring decimal 0.(4) as a fraction.","4/9","Medium","QL-122","ES-007","CP-007"
"Write 0.(92) as a rational number.","92/99","Hard","QL-127","ES-007","CP-007"
"Write the fractional equivalent of 0.(2).","2/9","Medium","QL-123","ES-007","CP-007"
"Write 0.(68) as a rational number.","68/99","Easy","QL-127","ES-007","CP-007"
"Find the rational form of 0.(8).","8/9","Medium","QL-126","ES-007","CP-007"
"Convert 0.(4) into a fraction.","4/9","Hard","QL-116","ES-007","CP-007"
"Write 0.(40) as a rational number.","40/99","Easy","QL-127","ES-007","CP-007"
"Convert the recurring decimal 0.(2) to a fraction.","2/9","Hard","QL-121","ES-007","CP-007"
"Change 0.(59) into a fraction in simplest form.","59/99","Medium","QL-125","ES-007","CP-007"
"Find the simplest fraction for 0.(8).","8/9","Medium","QL-130","ES-007","CP-007"
"Find the rational form of 0.(20).","20/99","Easy","QL-126","ES-007","CP-007"
"Find the fraction form of 0.(6).","2/3","Medium","QL-120","ES-007","CP-007"
"Find the fraction form of 0.(93).","31/33","Easy","QL-120","ES-007","CP-007"
"Write the fractional equivalent of 0.(4).","4/9","Medium","QL-123","ES-007","CP-007"
"Find the rational form of 0.(17).","17/99","Hard","QL-126","ES-007","CP-007"
"Find the fraction equal to 0.(60).","20/33","Medium","QL-124","ES-007","CP-007"
"Change 0.(6) into a fraction in simplest form.","2/3","Easy","QL-125","ES-007","CP-007"
"Express the given recurring decimal 0.(82) as a fraction.","82/99","Hard","QL-122","ES-007","CP-007"
"Find the fraction form of 0.(8).","8/9","Medium","QL-120","ES-007","CP-007"
"Determine the fraction equivalent of 0.(32).","32/99","Easy","QL-128","ES-007","CP-007"
"Determine the fraction equivalent of 0.(2).","2/9","Medium","QL-128","ES-007","CP-007"
"Write the fractional equivalent of 0.(64).","64/99","Medium","QL-123","ES-007","CP-007"
"Change 0.(4) into a fraction.","4/9","Easy","QL-119","ES-007","CP-007"
"Express 0.(30) in rational form.","10/33","Hard","QL-129","ES-007","CP-007"
"Write 0.(6) in fraction form.","2/3","Medium","QL-118","ES-007","CP-007"
"Write 0.(2) in fraction form.","2/9","Easy","QL-118","ES-007","CP-007"
"Find the fraction form of 0.(23).","23/99","Medium","QL-120","ES-007","CP-007"
"Find the rational form of 0.(4).","4/9","Hard","QL-126","ES-007","CP-007"
"Find the simplest fraction for 0.(18).","2/11","Easy","QL-130","ES-007","CP-007"
"Express 0.(6) as a fraction.","2/3","Medium","QL-117","ES-007","CP-007"
"Convert 0.(85) into a fraction.","85/99","Medium","QL-116","ES-007","CP-007"
"Change 0.(8) into a fraction in simplest form.","8/9","Easy","QL-125","ES-007","CP-007"
"Change 0.(34) into a fraction in simplest form.","34/99","Medium","QL-125","ES-007","CP-007"
"Change 0.(2) into a fraction in simplest form.","2/9","Medium","QL-125","ES-007","CP-007"
"Express 0.(44) in rational form.","4/9","Easy","QL-129","ES-007","CP-007"
"Express the given recurring decimal 0.(70) as a fraction.","70/99","Hard","QL-122","ES-007","CP-007"
"Change 0.(4) into a fraction in simplest form.","4/9","Hard","QL-125","ES-007","CP-007"
"Express 0.(77) in rational form.","7/9","Medium","QL-129","ES-007","CP-007"
"Write 0.(2) as a rational number.","2/9","Medium","QL-127","ES-007","CP-007"
"Convert the recurring decimal 0.(88) to a fraction.","8/9","Easy","QL-121","ES-007","CP-007"
"Write the fractional equivalent of 0.(8).","8/9","Medium","QL-123","ES-007","CP-007"
"Determine the fraction equivalent of 0.(89).","89/99","Medium","QL-128","ES-007","CP-007"
"Determine the fraction equivalent of 0.(6).","2/3","Medium","QL-128","ES-007","CP-007"
"Express 0.(79) in rational form.","79/99","Medium","QL-129","ES-007","CP-007"
"Write 0.(4) as a rational number.","4/9","Easy","QL-127","ES-007","CP-007"
"Express the given recurring decimal 0.(8) as a fraction.","8/9","Easy","QL-122","ES-007","CP-007"
"Find the fraction equal to 0.(26).","26/99","Easy","QL-124","ES-007","CP-007"
"Express 0.(6) in rational form.","2/3","Hard","QL-129","ES-007","CP-007"
"Express 0.(26) in rational form.","26/99","Hard","QL-129","ES-007","CP-007"
"Write the fractional equivalent of 0.(4).","4/9","Medium","QL-123","ES-007","CP-007"
"Change 0.(46) into a fraction in simplest form.","46/99","Easy","QL-125","ES-007","CP-007"
"Find the simplest fraction for 0.(2).","2/9","Easy","QL-130","ES-007","CP-007"
"Find the simplest fraction for 0.(79).","79/99","Medium","QL-130","ES-007","CP-007"
"Find the simplest fraction for 0.(8).","8/9","Easy","QL-130","ES-007","CP-007"
"Find the simplest fraction for 0.(55).","5/9","Hard","QL-130","ES-007","CP-007"
"Find the fraction equal to 0.(83).","83/99","Medium","QL-124","ES-007","CP-007"
"Determine the fraction equivalent of 0.(2).","2/9","Hard","QL-128","ES-007","CP-007"
"Change 0.(84) into a fraction.","28/33","Hard","QL-119","ES-007","CP-007"
"Find the simplest fraction for 0.(4).","4/9","Hard","QL-130","ES-007","CP-007"
"Convert the recurring decimal 0.(80) to a fraction.","80/99","Hard","QL-121","ES-007","CP-007"
"Write the fractional equivalent of 0.(6).","2/3","Medium","QL-123","ES-007","CP-007"
"Write 0.(80) in fraction form.","80/99","Easy","QL-118","ES-007","CP-007"
"Express 0.(8) in rational form.","8/9","Medium","QL-129","ES-007","CP-007"
"Change 0.(82) into a fraction.","82/99","Easy","QL-119","ES-007","CP-007"
"Find the simplest fraction for 0.(2).","2/9","Easy","QL-130","ES-007","CP-007"
"Determine the decimal form type of 1.","terminating decimal","Medium","QL-134","ES-008","CP-008"
"The fraction 3/2 produces which type of decimal expansion?","terminating decimal","Easy","QL-145","ES-008","CP-008"
"Identify the decimal nature of 3/10.","terminating decimal","Easy","QL-132","ES-008","CP-008"
"The decimal expansion of 7/6 is:","recurring decimal","Easy","QL-144","ES-008","CP-008"
"Find the type of decimal obtained from 4/25.","terminating decimal","Hard","QL-133","ES-008","CP-008"
"The fraction 1 produces which type of decimal expansion?","terminating decimal","Medium","QL-145","ES-008","CP-008"
"The decimal expansion of 4/25 is:","terminating decimal","Medium","QL-144","ES-008","CP-008"
"Determine the decimal expansion category of 1.","terminating decimal","Easy","QL-143","ES-008","CP-008"
"State whether 7/10 is terminating or recurring in decimal form.","terminating decimal","Medium","QL-131","ES-008","CP-008"
"The decimal expansion of 4/9 is:","recurring decimal","Medium","QL-144","ES-008","CP-008"
"Identify the decimal nature of 5/9.","recurring decimal","Easy","QL-141","ES-008","CP-008"
"Identify whether 3/10 has a terminating decimal expansion or a recurring one.","terminating decimal","Medium","QL-138","ES-008","CP-008"
"Identify the decimal nature of 3/7.","recurring decimal","Medium","QL-132","ES-008","CP-008"
"Classify 1/5 as terminating or recurring in decimal form.","terminating decimal","Medium","QL-135","ES-008","CP-008"
"Find whether the decimal expansion of 3/7 terminates or repeats.","recurring decimal","Easy","QL-136","ES-008","CP-008"
"State the decimal expansion type of 5/8.","terminating decimal","Hard","QL-137","ES-008","CP-008"
"The decimal expansion of 4/9 is:","recurring decimal","Easy","QL-144","ES-008","CP-008"
"Choose the correct decimal type for 9/5.","terminating decimal","Medium","QL-142","ES-008","CP-008"
"Identify the decimal nature of 2/3.","recurring decimal","Easy","QL-132","ES-008","CP-008"
"Find whether the decimal expansion of 8/5 terminates or repeats.","terminating decimal","Easy","QL-136","ES-008","CP-008"
"The decimal expansion of 3/5 is:","terminating decimal","Easy","QL-144","ES-008","CP-008"
"The fraction 5/14 produces which type of decimal expansion?","recurring decimal","Medium","QL-145","ES-008","CP-008"
"The decimal expansion of 9/5 is:","terminating decimal","Easy","QL-139","ES-008","CP-008"
"State the decimal expansion type of 1/2.","terminating decimal","Hard","QL-137","ES-008","CP-008"
"Identify the decimal nature of 5.","terminating decimal","Easy","QL-141","ES-008","CP-008"
"The decimal expansion of 3/14 is:","recurring decimal","Hard","QL-144","ES-008","CP-008"
"State whether 2/5 is terminating or recurring in decimal form.","terminating decimal","Easy","QL-131","ES-008","CP-008"
"Classify 2/7 as terminating or recurring in decimal form.","recurring decimal","Easy","QL-135","ES-008","CP-008"
"4/25 gives which type of decimal expansion?","terminating decimal","Easy","QL-140","ES-008","CP-008"
"State the decimal expansion type of 3/2.","terminating decimal","Medium","QL-137","ES-008","CP-008"
"8/9 gives which type of decimal expansion?","recurring decimal","Easy","QL-140","ES-008","CP-008"
"Choose the correct decimal type for 9/25.","terminating decimal","Easy","QL-142","ES-008","CP-008"
"Find whether the decimal expansion of 7/6 terminates or repeats.","recurring decimal","Easy","QL-136","ES-008","CP-008"
"Classify 5/4 as terminating or recurring in decimal form.","terminating decimal","Hard","QL-135","ES-008","CP-008"
"The decimal expansion of 1 is:","terminating decimal","Medium","QL-139","ES-008","CP-008"
"State the decimal expansion type of 11/25.","terminating decimal","Hard","QL-137","ES-008","CP-008"
"Classify 2/3 as terminating or recurring in decimal form.","recurring decimal","Hard","QL-135","ES-008","CP-008"
"Determine the decimal form type of 3/5.","terminating decimal","Easy","QL-134","ES-008","CP-008"
"Find whether the decimal expansion of 4/9 terminates or repeats.","recurring decimal","Medium","QL-136","ES-008","CP-008"
"Find whether the decimal expansion of 9/4 terminates or repeats.","terminating decimal","Medium","QL-136","ES-008","CP-008"
"Choose the correct decimal type for 1.","terminating decimal","Easy","QL-142","ES-008","CP-008"
"Identify whether 1/2 has a terminating decimal expansion or a recurring one.","terminating decimal","Medium","QL-138","ES-008","CP-008"
"Determine the decimal form type of 4.","terminating decimal","Easy","QL-134","ES-008","CP-008"
"Classify 5/14 as terminating or recurring in decimal form.","recurring decimal","Easy","QL-135","ES-008","CP-008"
"Determine the decimal form type of 3/2.","terminating decimal","Medium","QL-134","ES-008","CP-008"
"Identify whether 3/2 has a terminating decimal expansion or a recurring one.","terminating decimal","Hard","QL-138","ES-008","CP-008"
"Find the type of decimal obtained from 3/2.","terminating decimal","Easy","QL-133","ES-008","CP-008"
"The fraction 2/3 produces which type of decimal expansion?","recurring decimal","Medium","QL-145","ES-008","CP-008"
"Find the type of decimal obtained from 1/2.","terminating decimal","Hard","QL-133","ES-008","CP-008"
"State whether 3/7 is terminating or recurring in decimal form.","recurring decimal","Medium","QL-131","ES-008","CP-008"
"5/14 gives which type of decimal expansion?","recurring decimal","Hard","QL-140","ES-008","CP-008"
"State the decimal expansion type of 3/10.","terminating decimal","Hard","QL-137","ES-008","CP-008"
"State whether 1 is terminating or recurring in decimal form.","terminating decimal","Easy","QL-131","ES-008","CP-008"
"Choose the correct decimal type for 3/8.","terminating decimal","Easy","QL-142","ES-008","CP-008"
"Identify the decimal nature of 7/6.","recurring decimal","Medium","QL-141","ES-008","CP-008"
"5/8 gives which type of decimal expansion?","terminating decimal","Easy","QL-140","ES-008","CP-008"
"Identify the decimal nature of 3/2.","terminating decimal","Hard","QL-132","ES-008","CP-008"
"Classify 11/25 as terminating or recurring in decimal form.","terminating decimal","Easy","QL-135","ES-008","CP-008"
"Find the type of decimal obtained from 2/7.","recurring decimal","Medium","QL-133","ES-008","CP-008"
"Classify 1 as terminating or recurring in decimal form.","terminating decimal","Easy","QL-135","ES-008","CP-008"
"Identify the decimal nature of 3/4.","terminating decimal","Easy","QL-132","ES-008","CP-008"
"Determine the decimal form type of 2/7.","recurring decimal","Medium","QL-134","ES-008","CP-008"
"Classify 7/2 as terminating or recurring in decimal form.","terminating decimal","Easy","QL-135","ES-008","CP-008"
"State the decimal expansion type of 3/7.","recurring decimal","Hard","QL-137","ES-008","CP-008"
"Find the type of decimal obtained from 5/8.","terminating decimal","Hard","QL-133","ES-008","CP-008"
"Determine the decimal form type of 2/9.","recurring decimal","Easy","QL-134","ES-008","CP-008"
"5/4 gives which type of decimal expansion?","terminating decimal","Easy","QL-140","ES-008","CP-008"
"Find whether the decimal expansion of 4/9 terminates or repeats.","recurring decimal","Easy","QL-136","ES-008","CP-008"
"Identify whether 3/25 has a terminating decimal expansion or a recurring one.","terminating decimal","Hard","QL-138","ES-008","CP-008"
"Classify 2/3 as terminating or recurring in decimal form.","recurring decimal","Medium","QL-135","ES-008","CP-008"
"Identify the decimal nature of 3/14.","recurring decimal","Medium","QL-141","ES-008","CP-008"
"State the decimal expansion type of 4.","terminating decimal","Hard","QL-137","ES-008","CP-008"
"Find whether the decimal expansion of 5/9 terminates or repeats.","recurring decimal","Hard","QL-136","ES-008","CP-008"
"Find whether the decimal expansion of 3/20 terminates or repeats.","terminating decimal","Hard","QL-136","ES-008","CP-008"
"The decimal expansion of 5/6 is:","recurring decimal","Easy","QL-144","ES-008","CP-008"
"Find the type of decimal obtained from 11/2.","terminating decimal","Hard","QL-133","ES-008","CP-008"
"State the decimal expansion type of 1/2.","terminating decimal","Easy","QL-137","ES-008","CP-008"
"Classify 11/5 as terminating or recurring in decimal form.","terminating decimal","Medium","QL-135","ES-008","CP-008"
"Determine the decimal form type of 8/9.","recurring decimal","Medium","QL-134","ES-008","CP-008"
"Determine the decimal form type of 1/5.","terminating decimal","Hard","QL-134","ES-008","CP-008"
"Identify whether 11/25 has a terminating decimal expansion or a recurring one.","terminating decimal","Medium","QL-138","ES-008","CP-008"
"3/7 gives which type of decimal expansion?","recurring decimal","Easy","QL-140","ES-008","CP-008"
"Find the type of decimal obtained from 7/2.","terminating decimal","Hard","QL-133","ES-008","CP-008"
"State whether 1/2 is terminating or recurring in decimal form.","terminating decimal","Easy","QL-131","ES-008","CP-008"
"State whether 6/5 is terminating or recurring in decimal form.","terminating decimal","Medium","QL-131","ES-008","CP-008"
"Determine the decimal expansion category of 4/3.","recurring decimal","Medium","QL-143","ES-008","CP-008"
"Determine the decimal form type of 5/4.","terminating decimal","Medium","QL-134","ES-008","CP-008"
"State the decimal expansion type of 1/2.","terminating decimal","Hard","QL-137","ES-008","CP-008"
"Identify the decimal nature of 3/2.","terminating decimal","Easy","QL-132","ES-008","CP-008"
"The decimal expansion of 5/7 is:","recurring decimal","Medium","QL-144","ES-008","CP-008"
"Identify the decimal nature of 1.","terminating decimal","Medium","QL-132","ES-008","CP-008"
"Determine the decimal form type of 2/5.","terminating decimal","Medium","QL-134","ES-008","CP-008"
"Identify whether 2/9 has a terminating decimal expansion or a recurring one.","recurring decimal","Easy","QL-138","ES-008","CP-008"
"Identify whether 11/4 has a terminating decimal expansion or a recurring one.","terminating decimal","Hard","QL-138","ES-008","CP-008"
"State whether 1/7 is terminating or recurring in decimal form.","recurring decimal","Medium","QL-131","ES-008","CP-008"
"Identify the decimal nature of 6/25.","terminating decimal","Easy","QL-132","ES-008","CP-008"
"State the decimal expansion type of 3/2.","terminating decimal","Hard","QL-137","ES-008","CP-008"
"State the decimal expansion type of 5/8.","terminating decimal","Easy","QL-137","ES-008","CP-008"
"2/7 gives which type of decimal expansion?","recurring decimal","Medium","QL-140","ES-008","CP-008"
"Identify whether 1 has a terminating decimal expansion or a recurring one.","terminating decimal","Easy","QL-138","ES-008","CP-008"
"Determine the decimal expansion category of 5/6.","recurring decimal","Medium","QL-143","ES-008","CP-008"
"Identify the decimal nature of 3/10.","terminating decimal","Medium","QL-141","ES-008","CP-008"
"Determine the decimal form type of 2/9.","recurring decimal","Medium","QL-134","ES-008","CP-008"
"Identify whether 6/25 has a terminating decimal expansion or a recurring one.","terminating decimal","Easy","QL-138","ES-008","CP-008"
"The decimal expansion of 7/9 is:","recurring decimal","Hard","QL-144","ES-008","CP-008"
"Identify whether 9/25 has a terminating decimal expansion or a recurring one.","terminating decimal","Medium","QL-138","ES-008","CP-008"
"Find the type of decimal obtained from 5/9.","recurring decimal","Easy","QL-133","ES-008","CP-008"
"State the decimal expansion type of 9/2.","terminating decimal","Easy","QL-137","ES-008","CP-008"
"Find the type of decimal obtained from 5/7.","recurring decimal","Hard","QL-133","ES-008","CP-008"
"State the decimal expansion type of 11/5.","terminating decimal","Medium","QL-137","ES-008","CP-008"
"The fraction 6/5 produces which type of decimal expansion?","terminating decimal","Easy","QL-145","ES-008","CP-008"
"Determine the decimal expansion category of 1.","terminating decimal","Medium","QL-143","ES-008","CP-008"
"State the decimal expansion type of 1/4.","terminating decimal","Medium","QL-137","ES-008","CP-008"
"State the decimal expansion type of 1.","terminating decimal","Medium","QL-137","ES-008","CP-008"
"State whether 7/20 is terminating or recurring in decimal form.","terminating decimal","Easy","QL-131","ES-008","CP-008"
"Choose the correct decimal type for 1/2.","terminating decimal","Medium","QL-142","ES-008","CP-008"
"Identify the decimal nature of 3/2.","terminating decimal","Hard","QL-132","ES-008","CP-008"
"Determine the decimal form type of 7/9.","recurring decimal","Hard","QL-134","ES-008","CP-008"
"State the decimal expansion type of 1/2.","terminating decimal","Easy","QL-137","ES-008","CP-008"
"State the decimal expansion type of 7/6.","recurring decimal","Medium","QL-137","ES-008","CP-008"
"Identify whether 7/6 has a terminating decimal expansion or a recurring one.","recurring decimal","Hard","QL-138","ES-008","CP-008"
"The decimal expansion of 11/20 is:","terminating decimal","Medium","QL-139","ES-008","CP-008"
"The decimal expansion of 3/2 is:","terminating decimal","Medium","QL-144","ES-008","CP-008"
"The decimal expansion of 5/4 is:","terminating decimal","Easy","QL-144","ES-008","CP-008"
"State the decimal expansion type of 1.","terminating decimal","Medium","QL-137","ES-008","CP-008"
"Identify whether 9/25 has a terminating decimal expansion or a recurring one.","terminating decimal","Medium","QL-138","ES-008","CP-008"
"Determine the decimal expansion category of 1/2.","terminating decimal","Easy","QL-143","ES-008","CP-008"
"Determine the decimal expansion category of 1.","terminating decimal","Easy","QL-143","ES-008","CP-008"
"State whether 1/2 is terminating or recurring in decimal form.","terminating decimal","Hard","QL-131","ES-008","CP-008"
"The decimal expansion of 3 is:","terminating decimal","Easy","QL-144","ES-008","CP-008"
"Determine the decimal expansion category of 9/8.","terminating decimal","Hard","QL-143","ES-008","CP-008"
"State whether 9/14 is terminating or recurring in decimal form.","recurring decimal","Medium","QL-131","ES-008","CP-008"
"The decimal expansion of 5 is:","terminating decimal","Easy","QL-139","ES-008","CP-008"
"State the decimal expansion type of 1.","terminating decimal","Medium","QL-137","ES-008","CP-008"
"Find whether the decimal expansion of 9/5 terminates or repeats.","terminating decimal","Medium","QL-136","ES-008","CP-008"
"Determine the decimal form type of 3/7.","recurring decimal","Hard","QL-134","ES-008","CP-008"
"2 gives which type of decimal expansion?","terminating decimal","Hard","QL-140","ES-008","CP-008"
"Choose the correct decimal type for 5/9.","recurring decimal","Easy","QL-142","ES-008","CP-008"
"State the decimal expansion type of 3/5.","terminating decimal","Easy","QL-137","ES-008","CP-008"
"Classify 8/9 as terminating or recurring in decimal form.","recurring decimal","Medium","QL-135","ES-008","CP-008"
"The decimal expansion of 5/9 is:","recurring decimal","Easy","QL-139","ES-008","CP-008"
"Find whether the decimal expansion of 6/5 terminates or repeats.","terminating decimal","Medium","QL-136","ES-008","CP-008"
"State whether 1/7 is terminating or recurring in decimal form.","recurring decimal","Medium","QL-131","ES-008","CP-008"
"Classify 6/5 as terminating or recurring in decimal form.","terminating decimal","Medium","QL-135","ES-008","CP-008"
"The decimal expansion of 1/2 is:","terminating decimal","Hard","QL-139","ES-008","CP-008"
"Determine the decimal expansion category of 9/5.","terminating decimal","Medium","QL-143","ES-008","CP-008"
"Find whether the decimal expansion of 5/3 terminates or repeats.","recurring decimal","Medium","QL-136","ES-008","CP-008"
"Find whether the decimal expansion of 2/5 terminates or repeats.","terminating decimal","Easy","QL-136","ES-008","CP-008"
"State whether 9/14 is terminating or recurring in decimal form.","recurring decimal","Easy","QL-131","ES-008","CP-008"
"State whether 6/25 is terminating or recurring in decimal form.","terminating decimal","Easy","QL-131","ES-008","CP-008"
"Choose the correct decimal type for 5/4.","terminating decimal","Medium","QL-142","ES-008","CP-008"
"5/3 gives which type of decimal expansion?","recurring decimal","Medium","QL-140","ES-008","CP-008"
"The fraction 1 produces which type of decimal expansion?","terminating decimal","Easy","QL-145","ES-008","CP-008"
"Determine the decimal form type of 2/7.","recurring decimal","Hard","QL-134","ES-008","CP-008"
"Determine the decimal expansion category of 3/20.","terminating decimal","Hard","QL-143","ES-008","CP-008"
"Identify the decimal nature of 7/6.","recurring decimal","Medium","QL-141","ES-008","CP-008"
"The decimal expansion of 2/5 is:","terminating decimal","Easy","QL-139","ES-008","CP-008"
"Classify 2/9 as terminating or recurring in decimal form.","recurring decimal","Easy","QL-135","ES-008","CP-008"
"Classify 9/20 as terminating or recurring in decimal form.","terminating decimal","Medium","QL-135","ES-008","CP-008"
"Identify whether 1 has a terminating decimal expansion or a recurring one.","terminating decimal","Easy","QL-138","ES-008","CP-008"
"Identify whether 5/9 has a terminating decimal expansion or a recurring one.","recurring decimal","Medium","QL-138","ES-008","CP-008"
"Identify the decimal nature of 9/5.","terminating decimal","Easy","QL-141","ES-008","CP-008"
"The fraction 9/14 produces which type of decimal expansion?","recurring decimal","Hard","QL-145","ES-008","CP-008"
"Determine the decimal expansion category of 1/2.","terminating decimal","Hard","QL-143","ES-008","CP-008"
"The decimal expansion of 4/3 is:","recurring decimal","Easy","QL-139","ES-008","CP-008"
"Identify the decimal nature of 8/25.","terminating decimal","Easy","QL-141","ES-008","CP-008"
"Find the type of decimal obtained from 3/7.","recurring decimal","Medium","QL-133","ES-008","CP-008"
"Find the type of decimal obtained from 7/5.","terminating decimal","Medium","QL-133","ES-008","CP-008"
"Identify the decimal nature of 1/7.","recurring decimal","Hard","QL-132","ES-008","CP-008"
"State whether 5/2 is terminating or recurring in decimal form.","terminating decimal","Easy","QL-131","ES-008","CP-008"
"Choose the correct decimal type for 5/2.","terminating decimal","Medium","QL-142","ES-008","CP-008"
"Choose the correct decimal type for 5/3.","recurring decimal","Hard","QL-142","ES-008","CP-008"
"State the decimal expansion type of 3/5.","terminating decimal","Easy","QL-137","ES-008","CP-008"
"Determine the decimal form type of 1/2.","terminating decimal","Medium","QL-134","ES-008","CP-008"
"The decimal expansion of 2/5 is:","terminating decimal","Easy","QL-139","ES-008","CP-008"
"The decimal expansion of 3/7 is:","recurring decimal","Medium","QL-139","ES-008","CP-008"
"Find whether the decimal expansion of 9/20 terminates or repeats.","terminating decimal","Easy","QL-136","ES-008","CP-008"
"Determine the decimal form type of 2/7.","recurring decimal","Hard","QL-134","ES-008","CP-008"
"Find whether the decimal expansion of 7/8 terminates or repeats.","terminating decimal","Easy","QL-136","ES-008","CP-008"
"Determine the decimal form type of 3/2.","terminating decimal","Easy","QL-134","ES-008","CP-008"
"State whether 1 is terminating or recurring in decimal form.","terminating decimal","Medium","QL-131","ES-008","CP-008"
"Find the type of decimal obtained from 3/25.","terminating decimal","Easy","QL-133","ES-008","CP-008"
"Choose the correct decimal type for 5/14.","recurring decimal","Medium","QL-142","ES-008","CP-008"
"Identify the decimal nature of 2.","terminating decimal","Easy","QL-141","ES-008","CP-008"
"The fraction 3/2 produces which type of decimal expansion?","terminating decimal","Medium","QL-145","ES-008","CP-008"
"Determine the decimal expansion category of 9/8.","terminating decimal","Easy","QL-143","ES-008","CP-008"
"Identify the decimal nature of 7/6.","recurring decimal","Easy","QL-141","ES-008","CP-008"
"2/5 gives which type of decimal expansion?","terminating decimal","Medium","QL-140","ES-008","CP-008"
"Choose the correct decimal type for 7/9.","recurring decimal","Medium","QL-142","ES-008","CP-008"
"Choose the correct decimal type for 3/4.","terminating decimal","Hard","QL-142","ES-008","CP-008"
"Classify 6/25 as terminating or recurring in decimal form.","terminating decimal","Medium","QL-135","ES-008","CP-008"
"Find whether the decimal expansion of 1/3 terminates or repeats.","recurring decimal","Medium","QL-136","ES-008","CP-008"
"The fraction 3/5 produces which type of decimal expansion?","terminating decimal","Medium","QL-145","ES-008","CP-008"
"Choose the correct decimal type for 5/9.","recurring decimal","Easy","QL-142","ES-008","CP-008"
"Identify the decimal nature of 2.","terminating decimal","Easy","QL-132","ES-008","CP-008"
"Classify 2/3 as terminating or recurring in decimal form.","recurring decimal","Easy","QL-135","ES-008","CP-008"
"State the decimal expansion type of 1.","terminating decimal","Medium","QL-137","ES-008","CP-008"
"Identify the decimal nature of 1/2.","terminating decimal","Easy","QL-141","ES-008","CP-008"
"State whether 11/8 is terminating or recurring in decimal form.","terminating decimal","Easy","QL-131","ES-008","CP-008"
"Choose the correct decimal type for 1/2.","terminating decimal","Hard","QL-142","ES-008","CP-008"
"The decimal expansion of 9/20 is:","terminating decimal","Medium","QL-139","ES-008","CP-008"
"1/7 gives which type of decimal expansion?","recurring decimal","Easy","QL-140","ES-008","CP-008"
"State whether 1/2 is terminating or recurring in decimal form.","terminating decimal","Hard","QL-131","ES-008","CP-008"
"The decimal expansion of 1/2 is:","terminating decimal","Hard","QL-144","ES-008","CP-008"
"Identify whether 7/25 has a terminating decimal expansion or a recurring one.","terminating decimal","Easy","QL-138","ES-008","CP-008"
"The decimal expansion of 4/3 is:","recurring decimal","Medium","QL-139","ES-008","CP-008"
"Identify the decimal nature of 3/4.","terminating decimal","Medium","QL-141","ES-008","CP-008"
"Determine the decimal expansion category of 5/7.","recurring decimal","Easy","QL-143","ES-008","CP-008"
"Find the type of decimal obtained from 1/2.","terminating decimal","Hard","QL-133","ES-008","CP-008"
"State whether 5/9 is terminating or recurring in decimal form.","recurring decimal","Easy","QL-131","ES-008","CP-008"
"Classify 3/2 as terminating or recurring in decimal form.","terminating decimal","Medium","QL-135","ES-008","CP-008"
"The decimal expansion of 3/10 is:","terminating decimal","Easy","QL-139","ES-008","CP-008"
"The fraction 1/7 produces which type of decimal expansion?","recurring decimal","Medium","QL-145","ES-008","CP-008"
"Identify the decimal nature of 1/2.","terminating decimal","Hard","QL-141","ES-008","CP-008"
"Determine the decimal form type of 2/9.","recurring decimal","Easy","QL-134","ES-008","CP-008"
"Determine the decimal form type of 9/2.","terminating decimal","Medium","QL-134","ES-008","CP-008"
"The decimal expansion of 1 is:","terminating decimal","Easy","QL-144","ES-008","CP-008"
"8/25 gives which type of decimal expansion?","terminating decimal","Hard","QL-140","ES-008","CP-008"
"The fraction 9/14 produces which type of decimal expansion?","recurring decimal","Easy","QL-145","ES-008","CP-008"
"The decimal expansion of 1/4 is:","terminating decimal","Easy","QL-144","ES-008","CP-008"
"5 gives which type of decimal expansion?","terminating decimal","Hard","QL-140","ES-008","CP-008"
"Identify whether 1/2 has a terminating decimal expansion or a recurring one.","terminating decimal","Easy","QL-138","ES-008","CP-008"
"State the decimal expansion type of 5.","terminating decimal","Easy","QL-137","ES-008","CP-008"
"Classify 5/3 as terminating or recurring in decimal form.","recurring decimal","Hard","QL-135","ES-008","CP-008"
"Identify the decimal nature of 7/20.","terminating decimal","Medium","QL-141","ES-008","CP-008"
"State the decimal expansion type of 5/7.","recurring decimal","Easy","QL-137","ES-008","CP-008"
"3/25 gives which type of decimal expansion?","terminating decimal","Easy","QL-140","ES-008","CP-008"
"Find whether the decimal expansion of 4/7 terminates or repeats.","recurring decimal","Easy","QL-136","ES-008","CP-008"
"State whether 4/25 is terminating or recurring in decimal form.","terminating decimal","Medium","QL-131","ES-008","CP-008"
"Find the type of decimal obtained from 4/3.","recurring decimal","Easy","QL-133","ES-008","CP-008"
"Identify whether 1 has a terminating decimal expansion or a recurring one.","terminating decimal","Hard","QL-138","ES-008","CP-008"
"State the decimal expansion type of 9/2.","terminating decimal","Medium","QL-137","ES-008","CP-008"
"4/3 gives which type of decimal expansion?","recurring decimal","Easy","QL-140","ES-008","CP-008"
"The decimal expansion of 9/20 is:","terminating decimal","Hard","QL-144","ES-008","CP-008"
"Identify whether 8/9 has a terminating decimal expansion or a recurring one.","recurring decimal","Easy","QL-138","ES-008","CP-008"
"Find whether the decimal expansion of 7/20 terminates or repeats.","terminating decimal","Easy","QL-136","ES-008","CP-008"
"Identify the decimal nature of 10/9.","recurring decimal","Medium","QL-141","ES-008","CP-008"
"The decimal expansion of 11/10 is:","terminating decimal","Easy","QL-139","ES-008","CP-008"
"5/3 gives which type of decimal expansion?","recurring decimal","Medium","QL-140","ES-008","CP-008"
"The decimal expansion of 9/5 is:","terminating decimal","Medium","QL-144","ES-008","CP-008"
"7/5 gives which type of decimal expansion?","terminating decimal","Medium","QL-140","ES-008","CP-008"
"3/2 gives which type of decimal expansion?","terminating decimal","Medium","QL-140","ES-008","CP-008"
"Identify the decimal nature of 3/10.","terminating decimal","Medium","QL-141","ES-008","CP-008"
"The fraction 7/9 produces which type of decimal expansion?","recurring decimal","Easy","QL-145","ES-008","CP-008"
"The decimal expansion of 6/25 is:","terminating decimal","Medium","QL-139","ES-008","CP-008"
"Identify the decimal nature of 1/2.","terminating decimal","Easy","QL-141","ES-008","CP-008"
"State the decimal expansion type of 3/5.","terminating decimal","Medium","QL-137","ES-008","CP-008"
"Find the type of decimal obtained from 9/14.","recurring decimal","Medium","QL-133","ES-008","CP-008"
"Determine the decimal form type of 9/20.","terminating decimal","Hard","QL-134","ES-008","CP-008"
"Identify the decimal nature of 1.","terminating decimal","Easy","QL-132","ES-008","CP-008"
"Identify whether 7/9 has a terminating decimal expansion or a recurring one.","recurring decimal","Easy","QL-138","ES-008","CP-008"
"Identify whether 3/2 has a terminating decimal expansion or a recurring one.","terminating decimal","Easy","QL-138","ES-008","CP-008"
"Find the type of decimal obtained from 1.","terminating decimal","Easy","QL-133","ES-008","CP-008"
"State whether 9/10 is terminating or recurring in decimal form.","terminating decimal","Medium","QL-131","ES-008","CP-008"
"State the decimal expansion type of 10/9.","recurring decimal","Easy","QL-137","ES-008","CP-008"
"The decimal expansion of 7/10 is:","terminating decimal","Easy","QL-139","ES-008","CP-008"
"Determine the decimal form type of 8/9.","recurring decimal","Medium","QL-134","ES-008","CP-008"
"Identify the decimal nature of 3/4.","terminating decimal","Medium","QL-132","ES-008","CP-008"
"The decimal expansion of 2/7 is:","recurring decimal","Easy","QL-144","ES-008","CP-008"
"5/4 gives which type of decimal expansion?","terminating decimal","Medium","QL-140","ES-008","CP-008"
"The decimal expansion of 3/4 is:","terminating decimal","Hard","QL-139","ES-008","CP-008"
"Find whether the decimal expansion of 2/7 terminates or repeats.","recurring decimal","Medium","QL-136","ES-008","CP-008"
"The decimal expansion of 9/8 is:","terminating decimal","Easy","QL-144","ES-008","CP-008"
"The fraction 1/7 produces which type of decimal expansion?","recurring decimal","Easy","QL-145","ES-008","CP-008"
"State whether 7/2 is terminating or recurring in decimal form.","terminating decimal","Hard","QL-131","ES-008","CP-008"
"Classify 5/7 as terminating or recurring in decimal form.","recurring decimal","Medium","QL-135","ES-008","CP-008"
"Identify the decimal nature of 7/4.","terminating decimal","Medium","QL-141","ES-008","CP-008"
"The decimal expansion of 9/14 is:","recurring decimal","Medium","QL-144","ES-008","CP-008"
"The fraction 9/8 produces which type of decimal expansion?","terminating decimal","Easy","QL-145","ES-008","CP-008"
"The fraction 9/14 produces which type of decimal expansion?","recurring decimal","Medium","QL-145","ES-008","CP-008"
"Classify 5/3 as terminating or recurring in decimal form.","recurring decimal","Medium","QL-135","ES-008","CP-008"
"Determine the decimal form type of 9/8.","terminating decimal","Hard","QL-134","ES-008","CP-008"
"The decimal expansion of 1/2 is:","terminating decimal","Easy","QL-139","ES-008","CP-008"
"State the decimal expansion type of 4.","terminating decimal","Medium","QL-137","ES-008","CP-008"
"Find whether the decimal expansion of 2/3 terminates or repeats.","recurring decimal","Easy","QL-136","ES-008","CP-008"
"Classify 11/5 as terminating or recurring in decimal form.","terminating decimal","Medium","QL-135","ES-008","CP-008"
"5/9 gives which type of decimal expansion?","recurring decimal","Hard","QL-140","ES-008","CP-008"
"Choose the correct decimal type for 3.","terminating decimal","Hard","QL-142","ES-008","CP-008"
"Identify the decimal nature of 3/2.","terminating decimal","Easy","QL-141","ES-008","CP-008"
"The decimal expansion of 8/5 is:","terminating decimal","Medium","QL-144","ES-008","CP-008"
"Find whether the decimal expansion of 3/25 terminates or repeats.","terminating decimal","Medium","QL-136","ES-008","CP-008"
"Find the type of decimal obtained from 8/9.","recurring decimal","Easy","QL-133","ES-008","CP-008"
"7/5 gives which type of decimal expansion?","terminating decimal","Easy","QL-140","ES-008","CP-008"
"Identify the decimal nature of 1/3.","recurring decimal","Easy","QL-141","ES-008","CP-008"
"Classify 1 as terminating or recurring in decimal form.","terminating decimal","Hard","QL-135","ES-008","CP-008"
"Identify the decimal nature of 2/9.","recurring decimal","Medium","QL-132","ES-008","CP-008"
"Find whether the decimal expansion of 6/25 terminates or repeats.","terminating decimal","Easy","QL-136","ES-008","CP-008"
"Choose the correct decimal type for 2/3.","recurring decimal","Medium","QL-142","ES-008","CP-008"
"State the decimal expansion type of 3/5.","terminating decimal","Medium","QL-137","ES-008","CP-008"
"Identify the decimal nature of 2/3.","recurring decimal","Medium","QL-141","ES-008","CP-008"
"Identify the decimal nature of 3/14.","recurring decimal","Easy","QL-132","ES-008","CP-008"
"Classify 2/5 as terminating or recurring in decimal form.","terminating decimal","Easy","QL-135","ES-008","CP-008"
"Identify the decimal nature of 2/9.","recurring decimal","Medium","QL-141","ES-008","CP-008"
"Identify whether 9/20 has a terminating decimal expansion or a recurring one.","terminating decimal","Easy","QL-138","ES-008","CP-008"
"The decimal expansion of 10/9 is:","recurring decimal","Easy","QL-144","ES-008","CP-008"
"Choose the correct decimal type for 3/4.","terminating decimal","Easy","QL-142","ES-008","CP-008"
"Classify 3/14 as terminating or recurring in decimal form.","recurring decimal","Easy","QL-135","ES-008","CP-008"
"State the decimal expansion type of 11/10.","terminating decimal","Medium","QL-137","ES-008","CP-008"
"Find the type of decimal obtained from 1/2.","terminating decimal","Easy","QL-133","ES-008","CP-008"
"State the decimal expansion type of 9/5.","terminating decimal","Medium","QL-137","ES-008","CP-008"
"Determine the decimal expansion category of 1/2.","terminating decimal","Easy","QL-143","ES-008","CP-008"
"The fraction 3/25 produces which type of decimal expansion?","terminating decimal","Easy","QL-145","ES-008","CP-008"
"State the decimal expansion type of 10/9.","recurring decimal","Medium","QL-137","ES-008","CP-008"
"State the decimal expansion type of 11/5.","terminating decimal","Medium","QL-137","ES-008","CP-008"
"Choose the correct decimal type for 3/2.","terminating decimal","Medium","QL-142","ES-008","CP-008"
"The fraction 8/5 produces which type of decimal expansion?","terminating decimal","Easy","QL-145","ES-008","CP-008"
"Determine the decimal form type of 4/9.","recurring decimal","Hard","QL-134","ES-008","CP-008"
"State whether 1 is terminating or recurring in decimal form.","terminating decimal","Hard","QL-131","ES-008","CP-008"
"State the decimal expansion type of 2/3.","recurring decimal","Medium","QL-137","ES-008","CP-008"
"Find whether the decimal expansion of 11/25 terminates or repeats.","terminating decimal","Easy","QL-136","ES-008","CP-008"
"Identify the decimal nature of 7/10.","terminating decimal","Easy","QL-132","ES-008","CP-008"
"Find whether the decimal expansion of 1 terminates or repeats.","terminating decimal","Easy","QL-136","ES-008","CP-008"
"Choose the correct decimal type for 7/20.","terminating decimal","Easy","QL-142","ES-008","CP-008"
"The fraction 5/14 produces which type of decimal expansion?","recurring decimal","Easy","QL-145","ES-008","CP-008"
"3 gives which type of decimal expansion?","terminating decimal","Easy","QL-140","ES-008","CP-008"
"State the decimal expansion type of 2/7.","recurring decimal","Easy","QL-137","ES-008","CP-008"
"The fraction 5/2 produces which type of decimal expansion?","terminating decimal","Medium","QL-145","ES-008","CP-008"
"State whether 1/7 is terminating or recurring in decimal form.","recurring decimal","Medium","QL-131","ES-008","CP-008"
"Determine the decimal expansion category of 3/4.","terminating decimal","Easy","QL-143","ES-008","CP-008"
"Determine the decimal expansion category of 10/9.","recurring decimal","Medium","QL-143","ES-008","CP-008"
"Determine the decimal expansion category of 1/2.","terminating decimal","Hard","QL-143","ES-008","CP-008"
"Identify the decimal nature of 8/5.","terminating decimal","Medium","QL-132","ES-008","CP-008"
"5/14 gives which type of decimal expansion?","recurring decimal","Medium","QL-140","ES-008","CP-008"
"The decimal expansion of 3/4 is:","terminating decimal","Easy","QL-139","ES-008","CP-008"
"Determine the decimal expansion category of 2/7.","recurring decimal","Easy","QL-143","ES-008","CP-008"
"2 gives which type of decimal expansion?","terminating decimal","Medium","QL-140","ES-008","CP-008"
"Classify 5/3 as terminating or recurring in decimal form.","recurring decimal","Medium","QL-135","ES-008","CP-008"
"Identify whether 2 has a terminating decimal expansion or a recurring one.","terminating decimal","Medium","QL-138","ES-008","CP-008"
"Find whether the decimal expansion of 10/9 terminates or repeats.","recurring decimal","Medium","QL-136","ES-008","CP-008"
"Identify whether 4/5 has a terminating decimal expansion or a recurring one.","terminating decimal","Easy","QL-138","ES-008","CP-008"
"Identify the decimal nature of 11/5.","terminating decimal","Hard","QL-132","ES-008","CP-008"
"The fraction 1/7 produces which type of decimal expansion?","recurring decimal","Medium","QL-145","ES-008","CP-008"
"Determine the decimal expansion category of 7/5.","terminating decimal","Easy","QL-143","ES-008","CP-008"
"The decimal expansion of 1 is:","terminating decimal","Easy","QL-139","ES-008","CP-008"
"State whether 9/8 is terminating or recurring in decimal form.","terminating decimal","Medium","QL-131","ES-008","CP-008"
"The decimal expansion of 1 is:","terminating decimal","Medium","QL-144","ES-008","CP-008"
"Determine the decimal form type of 9/5.","terminating decimal","Easy","QL-134","ES-008","CP-008"
"Identify whether 1/2 has a terminating decimal expansion or a recurring one.","terminating decimal","Hard","QL-138","ES-008","CP-008"
"1 gives which type of decimal expansion?","terminating decimal","Easy","QL-140","ES-008","CP-008"
"Determine the decimal expansion category of 1/2.","terminating decimal","Easy","QL-143","ES-008","CP-008"
"The decimal expansion of 1/7 is:","recurring decimal","Medium","QL-139","ES-008","CP-008"
"Identify the decimal nature of 11/2.","terminating decimal","Easy","QL-141","ES-008","CP-008"
"Find the type of decimal obtained from 5/9.","recurring decimal","Hard","QL-133","ES-008","CP-008"
"The decimal expansion of 11/25 is:","terminating decimal","Easy","QL-144","ES-008","CP-008"
"Identify the decimal nature of 2/3.","recurring decimal","Medium","QL-141","ES-008","CP-008"
"Choose the correct decimal type for 4/25.","terminating decimal","Medium","QL-142","ES-008","CP-008"
"Classify 8/9 as terminating or recurring in decimal form.","recurring decimal","Easy","QL-135","ES-008","CP-008"
"The decimal expansion of 9/25 is:","terminating decimal","Easy","QL-139","ES-008","CP-008"
"State the decimal expansion type of 1/2.","terminating decimal","Easy","QL-137","ES-008","CP-008"
"Classify 2/5 as terminating or recurring in decimal form.","terminating decimal","Easy","QL-135","ES-008","CP-008"
"The decimal expansion of 6/5 is:","terminating decimal","Hard","QL-144","ES-008","CP-008"
"The decimal expansion of 1 is:","terminating decimal","Easy","QL-144","ES-008","CP-008"
"The decimal expansion of 3/25 is:","terminating decimal","Medium","QL-139","ES-008","CP-008"
"State the decimal expansion type of 2/3.","recurring decimal","Hard","QL-137","ES-008","CP-008"
"Choose the correct decimal type for 9/10.","terminating decimal","Easy","QL-142","ES-008","CP-008"
"Choose the correct decimal type for 2/7.","recurring decimal","Easy","QL-142","ES-008","CP-008"
"Identify whether 5 has a terminating decimal expansion or a recurring one.","terminating decimal","Medium","QL-138","ES-008","CP-008"
"Find whether the decimal expansion of 2/3 terminates or repeats.","recurring decimal","Medium","QL-136","ES-008","CP-008"
"Identify the decimal nature of 3/5.","terminating decimal","Medium","QL-141","ES-008","CP-008"
"State the decimal expansion type of 10/9.","recurring decimal","Medium","QL-137","ES-008","CP-008"
"The fraction 10/9 produces which type of decimal expansion?","recurring decimal","Medium","QL-145","ES-008","CP-008"
"Determine the decimal expansion category of 3.","terminating decimal","Medium","QL-143","ES-008","CP-008"
"State the decimal expansion type of 1/2.","terminating decimal","Medium","QL-137","ES-008","CP-008"
"Identify whether 11/4 has a terminating decimal expansion or a recurring one.","terminating decimal","Easy","QL-138","ES-008","CP-008"
"Find the type of decimal obtained from 3/14.","recurring decimal","Medium","QL-133","ES-008","CP-008"
"Find whether the decimal expansion of 5/4 terminates or repeats.","terminating decimal","Medium","QL-136","ES-008","CP-008"
"Choose the correct decimal type for 2/9.","recurring decimal","Easy","QL-142","ES-008","CP-008"
"The decimal expansion of 9/5 is:","terminating decimal","Medium","QL-139","ES-008","CP-008"
"Determine the decimal form type of 5/9.","recurring decimal","Medium","QL-134","ES-008","CP-008"
"State the decimal expansion type of 3/4.","terminating decimal","Easy","QL-137","ES-008","CP-008"
"Find whether the decimal expansion of 5/2 terminates or repeats.","terminating decimal","Easy","QL-136","ES-008","CP-008"
"Find the type of decimal obtained from 2/9.","recurring decimal","Easy","QL-133","ES-008","CP-008"
"State the decimal expansion type of 3/4.","terminating decimal","Medium","QL-137","ES-008","CP-008"
"Determine the decimal expansion category of 4/9.","recurring decimal","Hard","QL-143","ES-008","CP-008"
"State the decimal expansion type of 3/8.","terminating decimal","Easy","QL-137","ES-008","CP-008"
"Determine the decimal form type of 8/9.","recurring decimal","Medium","QL-134","ES-008","CP-008"
"Identify the decimal nature of 7/25.","terminating decimal","Medium","QL-141","ES-008","CP-008"
"Choose the correct decimal type for 1/3.","recurring decimal","Medium","QL-142","ES-008","CP-008"
"State the decimal expansion type of 5.","terminating decimal","Easy","QL-137","ES-008","CP-008"
"Identify the decimal nature of 1/7.","recurring decimal","Medium","QL-141","ES-008","CP-008"
"Find whether the decimal expansion of 7/6 terminates or repeats.","recurring decimal","Hard","QL-136","ES-008","CP-008"
"3/10 gives which type of decimal expansion?","terminating decimal","Medium","QL-140","ES-008","CP-008"
"State the decimal expansion type of 3/2.","terminating decimal","Hard","QL-137","ES-008","CP-008"
"Identify the decimal nature of 1.","terminating decimal","Easy","QL-141","ES-008","CP-008"
"Classify 1 as terminating or recurring in decimal form.","terminating decimal","Medium","QL-135","ES-008","CP-008"
"Find whether the decimal expansion of 4/25 terminates or repeats.","terminating decimal","Hard","QL-136","ES-008","CP-008"
"State the decimal expansion type of 1.","terminating decimal","Easy","QL-137","ES-008","CP-008"
"4/25 gives which type of decimal expansion?","terminating decimal","Medium","QL-140","ES-008","CP-008"
"The fraction 1/2 produces which type of decimal expansion?","terminating decimal","Medium","QL-145","ES-008","CP-008"
"Choose the correct decimal type for 3/4.","terminating decimal","Easy","QL-142","ES-008","CP-008"
"Choose the correct decimal type for 3/10.","terminating decimal","Hard","QL-142","ES-008","CP-008"
"The decimal expansion of 3/7 is:","recurring decimal","Hard","QL-144","ES-008","CP-008"
"Identify the decimal nature of 5/4.","terminating decimal","Easy","QL-141","ES-008","CP-008"
"State the decimal expansion type of 2/9.","recurring decimal","Medium","QL-137","ES-008","CP-008"
"Identify the decimal nature of 1.","terminating decimal","Medium","QL-132","ES-008","CP-008"
"Identify the decimal nature of 3/14.","recurring decimal","Medium","QL-132","ES-008","CP-008"
"5/8 gives which type of decimal expansion?","terminating decimal","Easy","QL-140","ES-008","CP-008"
"Identify whether 3/2 has a terminating decimal expansion or a recurring one.","terminating decimal","Easy","QL-138","ES-008","CP-008"
"Determine the decimal form type of 5/2.","terminating decimal","Hard","QL-134","ES-008","CP-008"
"Find whether the decimal expansion of 5/9 terminates or repeats.","recurring decimal","Medium","QL-136","ES-008","CP-008"
"8/5 gives which type of decimal expansion?","terminating decimal","Easy","QL-140","ES-008","CP-008"
"The fraction 2/9 produces which type of decimal expansion?","recurring decimal","Hard","QL-145","ES-008","CP-008"
"State the decimal expansion type of 1.","terminating decimal","Medium","QL-137","ES-008","CP-008"
"Find whether the decimal expansion of 4/7 terminates or repeats.","recurring decimal","Medium","QL-136","ES-008","CP-008"
"Classify 6/5 as terminating or recurring in decimal form.","terminating decimal","Easy","QL-135","ES-008","CP-008"
"State whether 3/2 is terminating or recurring in decimal form.","terminating decimal","Easy","QL-131","ES-008","CP-008"
"The decimal expansion of 2 is:","terminating decimal","Hard","QL-139","ES-008","CP-008"
"State the decimal expansion type of 5/3.","recurring decimal","Medium","QL-137","ES-008","CP-008"
"Identify whether 4/25 has a terminating decimal expansion or a recurring one.","terminating decimal","Easy","QL-138","ES-008","CP-008"
"Identify whether 10/9 has a terminating decimal expansion or a recurring one.","recurring decimal","Hard","QL-138","ES-008","CP-008"
"Find whether the decimal expansion of 8/9 terminates or repeats.","recurring decimal","Easy","QL-136","ES-008","CP-008"
"7/20 gives which type of decimal expansion?","terminating decimal","Medium","QL-140","ES-008","CP-008"
"Determine the decimal expansion category of 9/14.","recurring decimal","Medium","QL-143","ES-008","CP-008"
"The fraction 7/10 produces which type of decimal expansion?","terminating decimal","Easy","QL-145","ES-008","CP-008"
"Classify 5/7 as terminating or recurring in decimal form.","recurring decimal","Medium","QL-135","ES-008","CP-008"
"Classify 8/5 as terminating or recurring in decimal form.","terminating decimal","Hard","QL-135","ES-008","CP-008"
"Choose the correct decimal type for 7/9.","recurring decimal","Easy","QL-142","ES-008","CP-008"
"Identify the decimal nature of 1/2.","terminating decimal","Easy","QL-141","ES-008","CP-008"
"Identify the decimal nature of 4/7.","recurring decimal","Medium","QL-132","ES-008","CP-008"
"State whether 11/4 is terminating or recurring in decimal form.","terminating decimal","Easy","QL-131","ES-008","CP-008"
"The decimal expansion of 3/8 is:","terminating decimal","Easy","QL-144","ES-008","CP-008"
"4/7 gives which type of decimal expansion?","recurring decimal","Easy","QL-140","ES-008","CP-008"
"Determine the decimal form type of 3/4.","terminating decimal","Easy","QL-134","ES-008","CP-008"
"Identify whether 2/9 has a terminating decimal expansion or a recurring one.","recurring decimal","Easy","QL-138","ES-008","CP-008"
"Determine the decimal expansion category of 5/4.","terminating decimal","Medium","QL-143","ES-008","CP-008"
"The decimal expansion of 1/7 is:","recurring decimal","Hard","QL-139","ES-008","CP-008"
"The fraction 5/2 produces which type of decimal expansion?","terminating decimal","Easy","QL-145","ES-008","CP-008"
"Find the type of decimal obtained from 1/2.","terminating decimal","Easy","QL-133","ES-008","CP-008"
"State the decimal expansion type of 7/20.","terminating decimal","Medium","QL-137","ES-008","CP-008"
"Identify whether 2/7 has a terminating decimal expansion or a recurring one.","recurring decimal","Medium","QL-138","ES-008","CP-008"
"1/2 gives which type of decimal expansion?","terminating decimal","Medium","QL-140","ES-008","CP-008"
"3/20 gives which type of decimal expansion?","terminating decimal","Easy","QL-140","ES-008","CP-008"
"Find the type of decimal obtained from 5/3.","recurring decimal","Hard","QL-133","ES-008","CP-008"
"Classify 9/5 as terminating or recurring in decimal form.","terminating decimal","Medium","QL-135","ES-008","CP-008"
"The decimal expansion of 5/7 is:","recurring decimal","Easy","QL-139","ES-008","CP-008"
"Identify whether 3 has a terminating decimal expansion or a recurring one.","terminating decimal","Easy","QL-138","ES-008","CP-008"
"Identify the decimal nature of 1/3.","recurring decimal","Medium","QL-132","ES-008","CP-008"
"Determine the decimal form type of 7/8.","terminating decimal","Medium","QL-134","ES-008","CP-008"
"Find the type of decimal obtained from 7/9.","recurring decimal","Medium","QL-133","ES-008","CP-008"
"State the decimal expansion type of 9/20.","terminating decimal","Medium","QL-137","ES-008","CP-008"
"State the decimal expansion type of 7/2.","terminating decimal","Easy","QL-137","ES-008","CP-008"
"Find the type of decimal obtained from 5/3.","recurring decimal","Hard","QL-133","ES-008","CP-008"
"Find whether the decimal expansion of 3/4 terminates or repeats.","terminating decimal","Medium","QL-136","ES-008","CP-008"
"Identify the decimal nature of 2/3.","recurring decimal","Hard","QL-132","ES-008","CP-008"
"Find whether the decimal expansion of 2 terminates or repeats.","terminating decimal","Medium","QL-136","ES-008","CP-008"
"Find the type of decimal obtained from 1/2.","terminating decimal","Easy","QL-133","ES-008","CP-008"
"Find the type of decimal obtained from 2.","terminating decimal","Easy","QL-133","ES-008","CP-008"
"State whether 5/3 is terminating or recurring in decimal form.","recurring decimal","Medium","QL-131","ES-008","CP-008"
"Classify 4/5 as terminating or recurring in decimal form.","terminating decimal","Easy","QL-135","ES-008","CP-008"
"Identify the decimal nature of 10/9.","recurring decimal","Easy","QL-132","ES-008","CP-008"
"Classify 2/3 as terminating or recurring in decimal form.","recurring decimal","Hard","QL-135","ES-008","CP-008"
"Identify whether 7/20 has a terminating decimal expansion or a recurring one.","terminating decimal","Easy","QL-138","ES-008","CP-008"
"Determine the decimal expansion category of 1.","terminating decimal","Hard","QL-143","ES-008","CP-008"
"Identify the decimal nature of 7/10.","terminating decimal","Easy","QL-141","ES-008","CP-008"
"Find whether the decimal expansion of 5/3 terminates or repeats.","recurring decimal","Easy","QL-136","ES-008","CP-008"
"The decimal expansion of 5/2 is:","terminating decimal","Easy","QL-139","ES-008","CP-008"
"Determine the decimal form type of 2/7.","recurring decimal","Easy","QL-134","ES-008","CP-008"
"The fraction 1/4 produces which type of decimal expansion?","terminating decimal","Easy","QL-145","ES-008","CP-008"
"Determine the decimal form type of 8/9.","recurring decimal","Easy","QL-134","ES-008","CP-008"
"Identify the decimal nature of 7/8.","terminating decimal","Hard","QL-132","ES-008","CP-008"
"Identify the decimal nature of 7/5.","terminating decimal","Easy","QL-132","ES-008","CP-008"
"The fraction 1/2 produces which type of decimal expansion?","terminating decimal","Hard","QL-145","ES-008","CP-008"
"Determine the decimal form type of 11/4.","terminating decimal","Easy","QL-134","ES-008","CP-008"
"Classify 9/14 as terminating or recurring in decimal form.","recurring decimal","Medium","QL-135","ES-008","CP-008"
"Find the type of decimal obtained from 9/10.","terminating decimal","Easy","QL-133","ES-008","CP-008"
"The decimal expansion of 5/9 is:","recurring decimal","Medium","QL-144","ES-008","CP-008"
"Identify whether 4 has a terminating decimal expansion or a recurring one.","terminating decimal","Medium","QL-138","ES-008","CP-008"
"Identify whether 4/3 has a terminating decimal expansion or a recurring one.","recurring decimal","Hard","QL-138","ES-008","CP-008"
"Determine the decimal form type of 3/10.","terminating decimal","Easy","QL-134","ES-008","CP-008"
"Find whether the decimal expansion of 4/7 terminates or repeats.","recurring decimal","Easy","QL-136","ES-008","CP-008"
"7/9 gives which type of decimal expansion?","recurring decimal","Hard","QL-140","ES-008","CP-008"
"Identify whether 3/4 has a terminating decimal expansion or a recurring one.","terminating decimal","Hard","QL-138","ES-008","CP-008"
"Find the type of decimal obtained from 8/9.","recurring decimal","Medium","QL-133","ES-008","CP-008"
"State the decimal expansion type of 7/25.","terminating decimal","Easy","QL-137","ES-008","CP-008"
"The decimal expansion of 9/14 is:","recurring decimal","Medium","QL-144","ES-008","CP-008"
"The decimal expansion of 1/5 is:","terminating decimal","Medium","QL-144","ES-008","CP-008"
"Classify 1 as terminating or recurring in decimal form.","terminating decimal","Easy","QL-135","ES-008","CP-008"
"Find whether the decimal expansion of 3/4 terminates or repeats.","terminating decimal","Easy","QL-136","ES-008","CP-008"
"Identify the decimal nature of 2/9.","recurring decimal","Medium","QL-132","ES-008","CP-008"
"The fraction 7/10 produces which type of decimal expansion?","terminating decimal","Hard","QL-145","ES-008","CP-008"
"State the decimal expansion type of 3.","terminating decimal","Easy","QL-137","ES-008","CP-008"
"State the decimal expansion type of 9/14.","recurring decimal","Easy","QL-137","ES-008","CP-008"
"The fraction 2/5 produces which type of decimal expansion?","terminating decimal","Hard","QL-145","ES-008","CP-008"
"State whether 1/2 is terminating or recurring in decimal form.","terminating decimal","Easy","QL-131","ES-008","CP-008"
"Identify the decimal nature of 9/4.","terminating decimal","Hard","QL-141","ES-008","CP-008"
"Identify whether 1/3 has a terminating decimal expansion or a recurring one.","recurring decimal","Medium","QL-138","ES-008","CP-008"
"Classify 9/5 as terminating or recurring in decimal form.","terminating decimal","Easy","QL-135","ES-008","CP-008"
"Identify the decimal nature of 5/7.","recurring decimal","Easy","QL-132","ES-008","CP-008"
"Choose the correct decimal type for 11/25.","terminating decimal","Medium","QL-142","ES-008","CP-008"
"State whether 5/9 is terminating or recurring in decimal form.","recurring decimal","Easy","QL-131","ES-008","CP-008"
"State whether 2/3 is terminating or recurring in decimal form.","recurring decimal","Medium","QL-131","ES-008","CP-008"
"State whether 11/10 is terminating or recurring in decimal form.","terminating decimal","Easy","QL-131","ES-008","CP-008"
"Find whether the decimal expansion of 5/9 terminates or repeats.","recurring decimal","Medium","QL-136","ES-008","CP-008"
"Identify whether 6/5 has a terminating decimal expansion or a recurring one.","terminating decimal","Medium","QL-138","ES-008","CP-008"
"The fraction 2/3 produces which type of decimal expansion?","recurring decimal","Easy","QL-145","ES-008","CP-008"
"The fraction 9/20 produces which type of decimal expansion?","terminating decimal","Medium","QL-145","ES-008","CP-008"
"Classify 1/2 as terminating or recurring in decimal form.","terminating decimal","Hard","QL-135","ES-008","CP-008"
"Find the type of decimal obtained from 8/5.","terminating decimal","Easy","QL-133","ES-008","CP-008"
"Identify whether 1/2 has a terminating decimal expansion or a recurring one.","terminating decimal","Medium","QL-138","ES-008","CP-008"
"The decimal expansion of 3/10 is:","terminating decimal","Medium","QL-139","ES-008","CP-008"
"Determine the HCF/LCM of 41/2, 34/9, 5/16.","1/144","Easy","QL-160","ES-009","CP-009"
"Determine the HCF/LCM of 5/12, 39/22, 7/5.","1365","Medium","QL-160","ES-009","CP-009"
"Find the LCM of the given fractions: 10/11, 28/13, 23/10.","1/1430","Medium","QL-155","ES-009","CP-009"
"Find the least common multiple of 5/21, 6/7, 41/7.","1230/7","Hard","QL-153","ES-009","CP-009"
"Find the least common multiple among 43/2, 4, 7/16.","1/16","Easy","QL-159","ES-009","CP-009"
"Find the HCF of 5/23, 34/21, 8/7.","680","Easy","QL-146","ES-009","CP-009"
"The LCM of the fractions 48/5, 19/7, 37/14 is:","1/70","Medium","QL-157","ES-009","CP-009"
"Find the HCF of the given fractions: 38/11, 45/4, 27/20.","5130","Medium","QL-154","ES-009","CP-009"
"Find the highest common factor of 17/22, 5/3, 28/13.","1/858","Easy","QL-152","ES-009","CP-009"
"Find the LCM of 7/12, 18/5, 6.","126","Medium","QL-147","ES-009","CP-009"
"Find the least common multiple of 4/7, 41/19, 23/12.","3772","Medium","QL-153","ES-009","CP-009"
"Determine the HCF of 43/14, 12/7, 7/5.","1/70","Easy","QL-150","ES-009","CP-009"
"Find the LCM of 30/13, 37/6, 19/22.","21090","Easy","QL-147","ES-009","CP-009"
"Find the least common multiple among 1, 15/7, 16/7.","1/7","Hard","QL-159","ES-009","CP-009"
"Calculate the LCM of the fractions 24/19, 6/17, 7/2.","168","Medium","QL-149","ES-009","CP-009"
"Calculate the LCM of the fractions 16/7, 41/5, 1.","1/35","Medium","QL-149","ES-009","CP-009"
"The LCM of the fractions 13/6, 33/5, 5/7 is:","2145","Medium","QL-157","ES-009","CP-009"
"The LCM of the fractions 6/23, 12, 14/3 is:","2/69","Easy","QL-157","ES-009","CP-009"
"Find the HCF of 21/8, 12/7, 6/7.","84","Easy","QL-146","ES-009","CP-009"
"The LCM of the fractions 1/11, 7, 1 is:","1/11","Medium","QL-157","ES-009","CP-009"
"Find the highest common factor of 21/10, 35/4, 6/11.","1/220","Medium","QL-152","ES-009","CP-009"
"Calculate the HCF of the fractions 27/10, 9/8, 19/12.","513/2","Hard","QL-148","ES-009","CP-009"
"Find the highest common factor among 27/14, 45/16, 16/23.","1/2576","Easy","QL-158","ES-009","CP-009"
"Determine the HCF/LCM of 16/5, 13, 21/19.","4368","Easy","QL-160","ES-009","CP-009"
"Find the least common multiple of 11/5, 37/4, 8/11.","1/220","Hard","QL-153","ES-009","CP-009"
"The LCM of the fractions 15/2, 44/23, 13/8 is:","8580","Hard","QL-157","ES-009","CP-009"
"Find the least common multiple among 18/19, 12/7, 7/5.","1/665","Easy","QL-159","ES-009","CP-009"
"Find the HCF of 2, 29/4, 11/20.","638","Medium","QL-146","ES-009","CP-009"
"Determine the HCF/LCM of 14/23, 1, 25/14.","1/322","Medium","QL-160","ES-009","CP-009"
"Determine the HCF/LCM of 35/22, 17/20, 46/13.","27370","Medium","QL-160","ES-009","CP-009"
"The HCF of the fractions 10/19, 17/12, 46/5 is:","3910","Easy","QL-156","ES-009","CP-009"
"Find the LCM of the given fractions: 2, 40/13, 11/20.","1/260","Medium","QL-155","ES-009","CP-009"
"Find the HCF of 10/3, 11/5, 4/3.","220","Hard","QL-146","ES-009","CP-009"
"Find the HCF of 1, 4/11, 13/3.","1/33","Hard","QL-146","ES-009","CP-009"
"The LCM of the fractions 16/21, 23/14, 5/7 is:","1840/7","Easy","QL-157","ES-009","CP-009"
"The HCF of the fractions 12/11, 7/4, 13/8 is:","1/88","Medium","QL-156","ES-009","CP-009"
"Find the LCM of 31/20, 13/18, 42/11.","16926","Medium","QL-147","ES-009","CP-009"
"Find the LCM of 2/3, 23/8, 17/23.","1/552","Easy","QL-147","ES-009","CP-009"
"Find the LCM of 34/21, 41/14, 23/7.","32062/7","Easy","QL-147","ES-009","CP-009"
"Calculate the HCF of the fractions 44/21, 15/23, 33/7.","1/483","Easy","QL-148","ES-009","CP-009"
"Calculate the HCF of the fractions 37/13, 8/15, 13/11.","1/2145","Hard","QL-148","ES-009","CP-009"
"Determine the LCM of 10/3, 37/2, 19/18.","7030","Hard","QL-151","ES-009","CP-009"
"Determine the HCF/LCM of 35/18, 14, 46/9.","1/18","Hard","QL-160","ES-009","CP-009"
"The LCM of the fractions 41/10, 23/8, 5/24 is:","4715/2","Hard","QL-157","ES-009","CP-009"
"Find the LCM of 47/20, 9/11, 6.","1/220","Medium","QL-147","ES-009","CP-009"
"Determine the HCF of 23/19, 5/2, 12/5.","1380","Easy","QL-150","ES-009","CP-009"
"Find the LCM of the given fractions: 31/10, 24/17, 7/4.","1/340","Medium","QL-155","ES-009","CP-009"
"Find the least common multiple of 6/7, 47/19, 29/12.","8178","Hard","QL-153","ES-009","CP-009"
"Determine the HCF/LCM of 15/17, 33/19, 4/3.","1/969","Easy","QL-160","ES-009","CP-009"
"Determine the HCF/LCM of 5/2, 6, 24/23.","120","Easy","QL-160","ES-009","CP-009"
"The HCF of the fractions 1, 39/8, 7/8 is:","273","Easy","QL-156","ES-009","CP-009"
"Find the LCM of 13/6, 16, 1/3.","1/6","Medium","QL-147","ES-009","CP-009"
"Find the LCM of the given fractions: 45/14, 5/7, 34/23.","1530","Hard","QL-155","ES-009","CP-009"
"Determine the LCM of 1/2, 14/11, 23/3.","1/66","Hard","QL-151","ES-009","CP-009"
"Find the least common multiple among 5/9, 34/7, 16/23.","1360","Easy","QL-159","ES-009","CP-009"
"Find the HCF of 41/18, 17, 5/9.","1/18","Easy","QL-146","ES-009","CP-009"
"The HCF of the fractions 9, 43/20, 25/13 is:","9675","Medium","QL-156","ES-009","CP-009"
"Find the highest common factor of 24/7, 19/16, 37/23.","1/2576","Easy","QL-152","ES-009","CP-009"
"Calculate the LCM of the fractions 1, 34/3, 16/19.","272","Hard","QL-149","ES-009","CP-009"
"Calculate the LCM of the fractions 17/8, 2/3, 14/11.","1/264","Easy","QL-149","ES-009","CP-009"
"Find the LCM of the given fractions: 12/5, 29/22, 47/6.","1/330","Easy","QL-155","ES-009","CP-009"
"Find the LCM of the given fractions: 30/7, 12/5, 41/21.","2460","Easy","QL-155","ES-009","CP-009"
"Find the HCF of 26/9, 4, 5/6.","1/18","Easy","QL-146","ES-009","CP-009"
"Calculate the HCF of the fractions 46/7, 6/23, 35/16.","4830","Hard","QL-148","ES-009","CP-009"
"Find the highest common factor of 9/2, 38/17, 3/8.","1/136","Medium","QL-152","ES-009","CP-009"
"Determine the HCF of 23/24, 5/22, 34/15.","3910","Medium","QL-150","ES-009","CP-009"
"Determine the HCF/LCM of 19/9, 37/11, 4/9.","1/99","Easy","QL-160","ES-009","CP-009"
"Calculate the LCM of the fractions 3/4, 19/9, 24.","456","Medium","QL-149","ES-009","CP-009"
"Determine the HCF/LCM of 33/20, 13/2, 4.","1/20","Hard","QL-160","ES-009","CP-009"
"Find the LCM of 9/4, 19, 10/9.","1710","Hard","QL-147","ES-009","CP-009"
"Find the least common multiple among 13/21, 10/7, 2/7.","130/7","Hard","QL-159","ES-009","CP-009"
"The HCF of the fractions 42/5, 13/7, 31/14 is:","1/70","Medium","QL-156","ES-009","CP-009"
"Calculate the LCM of the fractions 13/7, 21/19, 2/3.","546","Easy","QL-149","ES-009","CP-009"
"Calculate the LCM of the fractions 3/4, 11/8, 29/15.","1/120","Medium","QL-149","ES-009","CP-009"
"Find the highest common factor among 23/8, 5/4, 12/17.","1380","Hard","QL-158","ES-009","CP-009"
"The HCF of the fractions 7/9, 8/5, 3/4 is:","1/180","Medium","QL-156","ES-009","CP-009"
"Find the HCF of 9/10, 47/18, 29/11.","12267","Hard","QL-146","ES-009","CP-009"
"Find the HCF of 31/14, 8/7, 42/5.","1/70","Easy","QL-146","ES-009","CP-009"
"Calculate the LCM of the fractions 5/9, 6, 41/18.","1230","Easy","QL-149","ES-009","CP-009"
"Calculate the LCM of the fractions 15/8, 33/10, 4/17.","1/680","Easy","QL-149","ES-009","CP-009"
"Find the least common multiple of 43/5, 2, 16/7.","1/35","Easy","QL-153","ES-009","CP-009"
"The LCM of the fractions 15, 37/18, 19/11 is:","10545","Easy","QL-157","ES-009","CP-009"
"Find the LCM of 19/24, 3/2, 2.","1/24","Medium","QL-147","ES-009","CP-009"
"Find the highest common factor among 47/15, 29/13, 11/6.","14993","Easy","QL-158","ES-009","CP-009"
"Find the highest common factor among 2, 48/17, 19/24.","1/408","Easy","QL-158","ES-009","CP-009"
"Find the highest common factor among 4/3, 27/8, 3/8.","108","Hard","QL-158","ES-009","CP-009"
"Find the HCF of 42/11, 20/9, 11/2.","1/198","Medium","QL-146","ES-009","CP-009"
"Determine the HCF of 35/16, 17/14, 46/7.","27370","Easy","QL-150","ES-009","CP-009"
"Find the LCM of 2, 17/2, 35/9.","1/18","Easy","QL-147","ES-009","CP-009"
"Find the HCF of 1, 31/17, 13/10.","403","Medium","QL-146","ES-009","CP-009"
"Find the HCF of 13/2, 42/23, 3/2.","546","Hard","QL-146","ES-009","CP-009"
"The LCM of the fractions 37/20, 15/2, 48/11 is:","1/220","Hard","QL-157","ES-009","CP-009"
"Determine the HCF of 15/23, 11/8, 4/9.","660","Medium","QL-150","ES-009","CP-009"
"Calculate the HCF of the fractions 11/8, 29/10, 47/17.","1/680","Easy","QL-148","ES-009","CP-009"
"Find the highest common factor of 5/2, 7/8, 3/2.","105/2","Easy","QL-152","ES-009","CP-009"
"The HCF of the fractions 7/4, 7, 46/11 is:","1/44","Medium","QL-156","ES-009","CP-009"
"Calculate the LCM of the fractions 15/11, 37/15, 19/8.","10545","Easy","QL-149","ES-009","CP-009"
"Find the LCM of 10/7, 19/8, 9/23.","1/1288","Medium","QL-147","ES-009","CP-009"
"Determine the LCM of 23/21, 5/19, 17/6.","1955","Medium","QL-151","ES-009","CP-009"
"Calculate the HCF of the fractions 14/23, 1, 25/14.","1/322","Medium","QL-148","ES-009","CP-009"
"Find the highest common factor among 47/11, 29/9, 11/2.","14993","Easy","QL-158","ES-009","CP-009"
"Find the least common multiple among 24/13, 17/20, 35/4.","1/260","Easy","QL-159","ES-009","CP-009"
"Find the highest common factor of 1/2, 9/20, 38/13.","342","Hard","QL-152","ES-009","CP-009"
"Find the highest common factor of 29/15, 47/17, 3/4.","1/1020","Medium","QL-152","ES-009","CP-009"
"Find the LCM of 35/13, 17/11, 23/2.","13685","Easy","QL-147","ES-009","CP-009"
"Determine the HCF/LCM of 19/6, 12/13, 3/2.","1/78","Medium","QL-160","ES-009","CP-009"
"The LCM of the fractions 6/5, 13/21, 3 is:","78","Medium","QL-157","ES-009","CP-009"
"Find the least common multiple of 35/4, 1, 24/13.","1/52","Easy","QL-153","ES-009","CP-009"
"Calculate the HCF of the fractions 25/7, 7/5, 12/7.","2100","Medium","QL-148","ES-009","CP-009"
"Find the highest common factor of 1/2, 42/11, 13/18.","1/198","Easy","QL-152","ES-009","CP-009"
"Find the least common multiple of 25/3, 43/5, 7/6.","1/30","Hard","QL-153","ES-009","CP-009"
"Find the highest common factor of 7/3, 21/22, 1/5.","21","Easy","QL-152","ES-009","CP-009"
"The LCM of the fractions 9/17, 1/12, 5/2 is:","1/204","Medium","QL-157","ES-009","CP-009"
"Find the least common multiple among 9/8, 9/22, 38/15.","342","Medium","QL-159","ES-009","CP-009"
"Find the highest common factor of 6, 36/5, 7/12.","1/60","Easy","QL-152","ES-009","CP-009"
"Determine the LCM of 1/2, 5/3, 22.","110","Medium","QL-151","ES-009","CP-009"
"The HCF of the fractions 3/2, 11/19, 29/3 is:","1/114","Hard","QL-156","ES-009","CP-009"
"Find the HCF of the given fractions: 43/9, 25/7, 7/23.","7525","Easy","QL-154","ES-009","CP-009"
"Find the least common multiple among 22/3, 15/8, 11/5.","1/120","Medium","QL-159","ES-009","CP-009"
"Find the HCF of 11/8, 29/9, 11/2.","319","Medium","QL-146","ES-009","CP-009"
"The HCF of the fractions 11, 1/5, 33/13 is:","33","Easy","QL-156","ES-009","CP-009"
"Find the highest common factor among 22/13, 8/3, 1/2.","1/78","Hard","QL-158","ES-009","CP-009"
"Find the HCF of the given fractions: 26/11, 8/9, 37/2.","3848","Medium","QL-154","ES-009","CP-009"
"Determine the HCF of 13/4, 32/19, 1.","1/76","Medium","QL-150","ES-009","CP-009"
"The LCM of the fractions 10/13, 17/6, 23/11 is:","3910","Easy","QL-157","ES-009","CP-009"
"The LCM of the fractions 20/13, 38/15, 9/22 is:","1/4290","Medium","QL-157","ES-009","CP-009"
"Find the highest common factor among 26/9, 8/19, 37/23.","3848","Medium","QL-158","ES-009","CP-009"
"Find the LCM of 8/3, 41/2, 4/3.","1/6","Easy","QL-147","ES-009","CP-009"
"Find the highest common factor of 3, 23/3, 14/11.","966","Medium","QL-152","ES-009","CP-009"
"Determine the HCF of 47/14, 9/8, 36/23.","1/1288","Hard","QL-150","ES-009","CP-009"
"Find the HCF of the given fractions: 13/5, 16/11, 1/2.","1/110","Hard","QL-154","ES-009","CP-009"
"The HCF of the fractions 48/13, 30/11, 3 is:","240","Hard","QL-156","ES-009","CP-009"
"Determine the LCM of 22/3, 15/8, 11/5.","1/120","Easy","QL-151","ES-009","CP-009"
"Calculate the LCM of the fractions 17/12, 41/17, 23/10.","16031","Easy","QL-149","ES-009","CP-009"
"Find the LCM of the given fractions: 37/15, 15/11, 8.","1/165","Hard","QL-155","ES-009","CP-009"
"Find the LCM of the given fractions: 11/14, 10/3, 22/5.","110","Easy","QL-155","ES-009","CP-009"
"Determine the HCF of 1/4, 8, 21/5.","1/20","Easy","QL-150","ES-009","CP-009"
"Calculate the HCF of the fractions 48/11, 2, 37/20.","1776","Medium","QL-148","ES-009","CP-009"
"Calculate the HCF of the fractions 5/3, 13/19, 31/3.","1/57","Easy","QL-148","ES-009","CP-009"
"Find the highest common factor of 38/17, 4/3, 1/4.","76","Easy","QL-152","ES-009","CP-009"
"The LCM of the fractions 42/13, 24/11, 3/2 is:","168","Medium","QL-157","ES-009","CP-009"
"Find the least common multiple of 23/9, 1, 34/23.","1/207","Medium","QL-153","ES-009","CP-009"
"Determine the HCF of 3, 25/22, 7/15.","525","Medium","QL-150","ES-009","CP-009"
"Determine the LCM of 40/9, 1, 29/18.","1/18","Medium","QL-151","ES-009","CP-009"
"Find the highest common factor of 23/5, 5/3, 34/19.","3910","Medium","QL-152","ES-009","CP-009"
"Find the HCF of the given fractions: 17/3, 27/13, 9/4.","1/156","Easy","QL-154","ES-009","CP-009"
"Calculate the LCM of the fractions 7/4, 35/9, 17/2.","595","Hard","QL-149","ES-009","CP-009"
"Determine the LCM of 17/22, 35/24, 3/4.","1/264","Easy","QL-151","ES-009","CP-009"
"Find the LCM of 12, 6/23, 35/16.","420","Easy","QL-147","ES-009","CP-009"
"Determine the LCM of 13/21, 6/5, 2.","1/105","Easy","QL-151","ES-009","CP-009"
"Find the least common multiple of 11/12, 40/3, 11/10.","1/60","Easy","QL-153","ES-009","CP-009"
"Find the highest common factor of 17/24, 24/17, 3/5.","408","Easy","QL-152","ES-009","CP-009"
"Find the highest common factor among 1/6, 43/2, 14/9.","1/18","Hard","QL-158","ES-009","CP-009"
"Find the HCF of the given fractions: 28/9, 10/7, 39/23.","5460","Medium","QL-154","ES-009","CP-009"
"Find the HCF of the given fractions: 1, 14, 13/10.","1/10","Medium","QL-154","ES-009","CP-009"
"Find the highest common factor of 1, 11/20, 40/13.","440","Easy","QL-152","ES-009","CP-009"
"Find the HCF of 41/23, 34/7, 5/14.","1/322","Medium","QL-146","ES-009","CP-009"
"Determine the HCF of 3, 5/3, 22.","330","Medium","QL-150","ES-009","CP-009"
"Determine the HCF/LCM of 5/14, 23/16, 41/23.","1/2576","Medium","QL-160","ES-009","CP-009"
"Find the HCF of 40/11, 47/4, 29/20.","54520","Medium","QL-146","ES-009","CP-009"
"Find the least common multiple of 5, 42/23, 3/2.","210","Medium","QL-153","ES-009","CP-009"
"The LCM of the fractions 23/6, 41/8, 4/5 is:","1/120","Easy","QL-157","ES-009","CP-009"
"Find the LCM of 14, 10/23, 39/16.","2730","Medium","QL-147","ES-009","CP-009"
"Find the LCM of 40/17, 11/8, 1/2.","1/136","Easy","QL-147","ES-009","CP-009"
"Find the HCF of the given fractions: 5/2, 9/8, 9/17.","45","Medium","QL-154","ES-009","CP-009"
"Find the highest common factor among 14/23, 16, 1/3.","1/69","Easy","QL-158","ES-009","CP-009"
"Find the highest common factor of 9/11, 47/20, 29/13.","12267","Hard","QL-152","ES-009","CP-009"
"Calculate the HCF of the fractions 42/5, 35/12, 6/19.","1/1140","Easy","QL-148","ES-009","CP-009"
"Find the highest common factor of 21/11, 7, 1/2.","21","Medium","QL-152","ES-009","CP-009"
"Calculate the LCM of the fractions 14/3, 23/4, 17/15.","1/60","Medium","QL-149","ES-009","CP-009"
"Determine the LCM of 8/3, 17/16, 35/23.","1/1104","Easy","QL-151","ES-009","CP-009"
"Find the least common multiple of 3/7, 32/5, 2/3.","96","Medium","QL-153","ES-009","CP-009"
"Calculate the HCF of the fractions 23/10, 17/22, 35/6.","1/330","Medium","QL-148","ES-009","CP-009"
"Determine the HCF of 33/17, 4, 22/3.","132","Easy","QL-150","ES-009","CP-009"
"Determine the HCF of 47/19, 40/3, 11/10.","1/570","Hard","QL-150","ES-009","CP-009"
"Find the HCF of the given fractions: 5/3, 1, 4/15.","20","Easy","QL-154","ES-009","CP-009"
"Calculate the LCM of the fractions 30/23, 24, 19/9.","1/207","Hard","QL-149","ES-009","CP-009"
"Find the least common multiple of 18/7, 25/23, 7/16.","3150","Medium","QL-153","ES-009","CP-009"
"Find the HCF of 44/13, 37/20, 2.","1/260","Hard","QL-146","ES-009","CP-009"
"Find the least common multiple among 11/2, 2, 11/6.","22","Easy","QL-159","ES-009","CP-009"
"Find the LCM of 24, 30/23, 3/4.","120","Easy","QL-147","ES-009","CP-009"
"Determine the LCM of 11/24, 1/2, 22/15.","1/120","Easy","QL-151","ES-009","CP-009"
"Find the least common multiple among 3/7, 13/7, 42/23.","546","Medium","QL-159","ES-009","CP-009"
"The LCM of the fractions 43/6, 7/4, 32/15 is:","1/60","Hard","QL-157","ES-009","CP-009"
"The HCF of the fractions 6, 9/2, 47/20 is:","846","Easy","QL-156","ES-009","CP-009"
"Find the highest common factor of 13/12, 6/19, 8.","1/228","Easy","QL-152","ES-009","CP-009"
"Determine the HCF/LCM of 38/15, 45/8, 9/8.","1710","Hard","QL-160","ES-009","CP-009"
"Find the highest common factor among 34/23, 5/2, 23/9.","1/414","Medium","QL-158","ES-009","CP-009"
"Find the least common multiple among 4/3, 11/8, 15/17.","660","Easy","QL-159","ES-009","CP-009"
"Find the least common multiple among 35/4, 28/11, 23/9.","1/396","Easy","QL-159","ES-009","CP-009"
"Find the highest common factor among 7/4, 23/9, 17/2.","1/36","Easy","QL-158","ES-009","CP-009"
"Find the HCF of 46/5, 2/7, 5/2.","230","Medium","QL-146","ES-009","CP-009"
"Calculate the LCM of the fractions 2, 5/13, 23/20.","1/260","Medium","QL-149","ES-009","CP-009"
"Find the highest common factor of 33/2, 15/23, 11/4.","165","Easy","QL-152","ES-009","CP-009"
"The LCM of the fractions 22/15, 40/17, 11/24 is:","1/2040","Medium","QL-157","ES-009","CP-009"
"The HCF of the fractions 47/16, 7/9, 18 is:","5922","Hard","QL-156","ES-009","CP-009"
"Calculate the HCF of the fractions 22/13, 3/4, 33/4.","1/52","Easy","QL-148","ES-009","CP-009"
"Calculate the HCF of the fractions 40/11, 22/9, 2.","440","Easy","QL-148","ES-009","CP-009"
"Find the least common multiple of 48/7, 19/9, 37/16.","1/1008","Medium","QL-153","ES-009","CP-009"
"Find the least common multiple of 43/7, 3/23, 2.","258","Easy","QL-153","ES-009","CP-009"
"Find the LCM of 2/5, 11/6, 40/19.","1/570","Easy","QL-147","ES-009","CP-009"
"Determine the HCF of 43/18, 3/11, 8.","1032","Easy","QL-150","ES-009","CP-009"
"Find the LCM of the given fractions: 9/2, 20/13, 19/10.","1/130","Medium","QL-155","ES-009","CP-009"
"Find the highest common factor of 2/5, 37/18, 19/11.","1406","Easy","QL-152","ES-009","CP-009"
"Find the highest common factor of 19/10, 9/22, 9/2.","1/110","Easy","QL-152","ES-009","CP-009"
"Find the highest common factor of 7/5, 35/13, 17/6.","595","Hard","QL-152","ES-009","CP-009"
"Find the LCM of the given fractions: 1/2, 48/23, 19/7.","1/322","Medium","QL-155","ES-009","CP-009"
"Find the least common multiple among 43/21, 25/19, 7/12.","7525","Easy","QL-159","ES-009","CP-009"
"The HCF of the fractions 12/5, 30/7, 24/7 is:","6/35","Easy","QL-156","ES-009","CP-009"
"Find the LCM of the given fractions: 16/3, 39/22, 7/5.","4368","Medium","QL-155","ES-009","CP-009"
"Find the LCM of the given fractions: 3, 3/5, 32/21.","96","Hard","QL-155","ES-009","CP-009"
"Determine the LCM of 3/2, 43/9, 7/8.","1/72","Hard","QL-151","ES-009","CP-009"
"Find the least common multiple among 23/16, 10/3, 6.","690","Medium","QL-159","ES-009","CP-009"
"The LCM of the fractions 19/24, 37/3, 4/5 is:","1/120","Easy","QL-157","ES-009","CP-009"
"Find the HCF of 11/5, 15/13, 22/3.","330","Hard","QL-146","ES-009","CP-009"
"Determine the HCF of 43/2, 4, 7/16.","1/16","Medium","QL-150","ES-009","CP-009"
"Find the highest common factor among 19/2, 9/4, 27/13.","513","Easy","QL-158","ES-009","CP-009"
"The HCF of the fractions 28/19, 46/21, 17/5 is:","1/1995","Medium","QL-156","ES-009","CP-009"
"Determine the HCF/LCM of 31/3, 13/24, 42/17.","16926","Medium","QL-160","ES-009","CP-009"
"The LCM of the fractions 22/5, 5/4, 33/19 is:","1/380","Medium","QL-157","ES-009","CP-009"
"Find the HCF of the given fractions: 17/14, 10/21, 28/5.","1/210","Medium","QL-154","ES-009","CP-009"
"Find the highest common factor of 6/13, 35/11, 17/4.","3570","Easy","QL-152","ES-009","CP-009"
"Find the highest common factor of 47/7, 2, 9/4.","1/28","Medium","QL-152","ES-009","CP-009"
"Calculate the LCM of the fractions 11/24, 18/17, 47/10.","9306","Easy","QL-149","ES-009","CP-009"
"Find the least common multiple of 6/17, 23/12, 17/8.","1/408","Easy","QL-153","ES-009","CP-009"
"The LCM of the fractions 25/21, 7/19, 3 is:","525","Hard","QL-157","ES-009","CP-009"
"Determine the LCM of 23/17, 41/19, 4.","1/323","Hard","QL-151","ES-009","CP-009"
"Determine the LCM of 24/7, 8/7, 37/23.","888","Medium","QL-151","ES-009","CP-009"
"Find the HCF of 22/5, 37/17, 1/3.","1/255","Easy","QL-146","ES-009","CP-009"
"Find the least common multiple among 31/21, 13/19, 7/2.","2821","Medium","QL-159","ES-009","CP-009"
"Find the HCF of the given fractions: 5/12, 1, 23/5.","115","Medium","QL-154","ES-009","CP-009"
"Find the least common multiple of 17/8, 5/18, 23/2.","1/72","Easy","QL-153","ES-009","CP-009"
"Find the least common multiple among 5/12, 17/5, 16/3.","1360","Medium","QL-159","ES-009","CP-009"
"Find the HCF of 9/7, 4, 19/6.","1/42","Easy","QL-146","ES-009","CP-009"
"The HCF of the fractions 11/6, 9/11, 47/15 is:","4653","Medium","QL-156","ES-009","CP-009"
"Find the highest common factor among 19/12, 3, 27/10.","1/60","Hard","QL-158","ES-009","CP-009"
"Find the highest common factor of 43/10, 25/8, 7/24.","7525/2","Medium","QL-152","ES-009","CP-009"
"Determine the HCF of 11/7, 5/7, 33/5.","1/35","Medium","QL-150","ES-009","CP-009"
"Determine the HCF of 8, 23/18, 5/11.","920","Easy","QL-150","ES-009","CP-009"
"Calculate the LCM of the fractions 29/5, 47/7, 9/7.","1/35","Easy","QL-149","ES-009","CP-009"
"Determine the HCF of 7/19, 25/21, 43/5.","1/1995","Easy","QL-150","ES-009","CP-009"
"Find the HCF of the given fractions: 14/3, 1, 31/18.","434","Medium","QL-154","ES-009","CP-009"
"Find the least common multiple among 47/23, 40/7, 11/14.","1/322","Easy","QL-159","ES-009","CP-009"
"The LCM of the fractions 11/14, 10/3, 22/5 is:","110","Easy","QL-157","ES-009","CP-009"
"Calculate the LCM of the fractions 8, 17/2, 5/11.","1/22","Hard","QL-149","ES-009","CP-009"
"Find the least common multiple of 4/19, 11/12, 8.","88","Easy","QL-153","ES-009","CP-009"
"Determine the HCF/LCM of 15/4, 2, 3.","1/4","Medium","QL-160","ES-009","CP-009"
"Find the HCF of the given fractions: 4, 45/2, 3/2.","180","Easy","QL-154","ES-009","CP-009"
"Find the least common multiple among 11/2, 3/2, 33/17.","1/34","Medium","QL-159","ES-009","CP-009"
"Find the LCM of the given fractions: 3/16, 10/9, 39/2.","390","Hard","QL-155","ES-009","CP-009"
"Find the HCF of the given fractions: 26/17, 8/15, 37/8.","3848","Medium","QL-154","ES-009","CP-009"
"The HCF of the fractions 12/5, 41/4, 12/11 is:","1/220","Easy","QL-156","ES-009","CP-009"
"Find the highest common factor of 43/24, 3/17, 16/5.","2064","Easy","QL-152","ES-009","CP-009"
"Find the highest common factor of 48/11, 19/13, 37/20.","1/2860","Medium","QL-152","ES-009","CP-009"
"Determine the HCF/LCM of 10/9, 39/7, 21/23.","2730","Hard","QL-160","ES-009","CP-009"
"Find the highest common factor among 39/2, 32/9, 3/16.","1/144","Easy","QL-158","ES-009","CP-009"
"Find the least common multiple of 22/7, 4/7, 33/23.","132","Medium","QL-153","ES-009","CP-009"
"Find the least common multiple of 8/11, 2, 11/5.","1/55","Easy","QL-153","ES-009","CP-009"
"Calculate the HCF of the fractions 29/6, 11/4, 2.","638","Medium","QL-148","ES-009","CP-009"
"Determine the HCF of 4/15, 2, 5/2.","1/30","Medium","QL-150","ES-009","CP-009"
"Find the HCF of the given fractions: 16/11, 1/2, 27/2.","1/22","Hard","QL-154","ES-009","CP-009"
"The HCF of the fractions 25/22, 7/20, 36/13 is:","6300","Easy","QL-156","ES-009","CP-009"
"Find the LCM of 21/2, 39/4, 10/11.","1/44","Easy","QL-147","ES-009","CP-009"
"Find the LCM of 11/14, 18/7, 47/23.","9306","Easy","QL-147","ES-009","CP-009"
"Find the least common multiple of 5/11, 1/2, 21/13.","1/286","Hard","QL-153","ES-009","CP-009"
"Calculate the HCF of the fractions 4/3, 11/8, 15/17.","660","Hard","QL-148","ES-009","CP-009"
"Find the HCF of 26/9, 4, 5/6.","1/18","Hard","QL-146","ES-009","CP-009"
"Find the least common multiple among 3/4, 16/5, 15/7.","240","Hard","QL-159","ES-009","CP-009"
"Find the LCM of 4/3, 17/2, 35/9.","1/18","Medium","QL-147","ES-009","CP-009"
"Find the LCM of 15, 9/8, 9/17.","45","Medium","QL-147","ES-009","CP-009"
"The HCF of the fractions 21/20, 28/13, 5/3 is:","420","Hard","QL-156","ES-009","CP-009"
"The LCM of the fractions 31/9, 2/11, 10/9 is:","1/99","Easy","QL-157","ES-009","CP-009"
"Calculate the HCF of the fractions 41/21, 23/8, 5/24.","4715","Easy","QL-148","ES-009","CP-009"
"Find the least common multiple among 3, 41/23, 12/7.","1/161","Medium","QL-159","ES-009","CP-009"
"Find the LCM of the given fractions: 36/7, 43/23, 25/16.","38700","Easy","QL-155","ES-009","CP-009"
"Determine the LCM of 1/5, 5/3, 2.","1/15","Easy","QL-151","ES-009","CP-009"
"The HCF of the fractions 3/10, 35/18, 17/11 is:","1785","Easy","QL-156","ES-009","CP-009"
"Determine the HCF/LCM of 25/6, 18/13, 9/5.","1/390","Hard","QL-160","ES-009","CP-009"
"Calculate the LCM of the fractions 29/7, 36/23, 9/8.","1044","Easy","QL-149","ES-009","CP-009"
"Find the HCF of 11/6, 29/8, 47/15.","1/120","Easy","QL-146","ES-009","CP-009"
"Find the HCF of 29/23, 47/2, 2.","1/46","Medium","QL-146","ES-009","CP-009"
"Calculate the HCF of the fractions 11/8, 40/17, 11/5.","440","Hard","QL-148","ES-009","CP-009"
"Determine the LCM of 46/7, 39/14, 10/21.","1/42","Easy","QL-151","ES-009","CP-009"
"Determine the HCF of 33/13, 15/11, 11.","165","Medium","QL-150","ES-009","CP-009"
"Determine the HCF/LCM of 1/2, 23/12, 41/19.","1/228","Easy","QL-160","ES-009","CP-009"
"Calculate the LCM of the fractions 23/14, 30/7, 12/23.","1380","Medium","QL-149","ES-009","CP-009"
"Find the HCF of the given fractions: 11/2, 2, 11/5.","1/10","Medium","QL-154","ES-009","CP-009"
"Find the HCF of the given fractions: 1/2, 3, 18/5.","18","Easy","QL-154","ES-009","CP-009"
"Find the highest common factor of 35/8, 3/5, 24/17.","1/680","Medium","QL-152","ES-009","CP-009"
"Determine the HCF of 18/23, 25/16, 7/9.","3150","Medium","QL-150","ES-009","CP-009"
"Find the HCF of 25/3, 7/24, 36/17.","6300","Medium","QL-146","ES-009","CP-009"
"Find the least common multiple among 4/7, 22/7, 5/7.","1/7","Easy","QL-159","ES-009","CP-009"
"The HCF of the fractions 19/9, 45/11, 27/4 is:","2565","Easy","QL-156","ES-009","CP-009"
"Find the highest common factor of 20/17, 2, 3.","1/17","Hard","QL-152","ES-009","CP-009"
"The LCM of the fractions 4/3, 7/11, 43/15 is:","1204","Medium","QL-157","ES-009","CP-009"
"Find the highest common factor among 9/14, 2/21, 4.","1/42","Medium","QL-158","ES-009","CP-009"
"Determine the LCM of 39/17, 23/5, 28/3.","25116","Medium","QL-151","ES-009","CP-009"
"Determine the LCM of 7/8, 16/9, 3/2.","1/72","Easy","QL-151","ES-009","CP-009"
"Find the LCM of the given fractions: 1/3, 32/7, 14/23.","224","Easy","QL-155","ES-009","CP-009"
"Determine the LCM of 5/2, 3/11, 7/6.","1/66","Medium","QL-151","ES-009","CP-009"
"Find the LCM of 4/5, 23/13, 5/6.","460","Easy","QL-147","ES-009","CP-009"
"Determine the HCF of 21/22, 13/8, 5/4.","1/88","Easy","QL-150","ES-009","CP-009"
"Find the HCF of the given fractions: 13/6, 4/5, 37/3.","1924","Hard","QL-154","ES-009","CP-009"
"Find the HCF of the given fractions: 10/13, 3/20, 21/4.","1/260","Hard","QL-154","ES-009","CP-009"
"Calculate the HCF of the fractions 7/10, 14/3, 43/19.","602","Easy","QL-148","ES-009","CP-009"
"Determine the LCM of 3, 5, 48/13.","1/13","Easy","QL-151","ES-009","CP-009"
"The HCF of the fractions 21/22, 3/20, 32/13 is:","672","Hard","QL-156","ES-009","CP-009"
"Find the least common multiple of 1/2, 5/8, 23/15.","1/120","Medium","QL-153","ES-009","CP-009"
"Find the HCF of the given fractions: 28/23, 35/16, 17/9.","2380","Easy","QL-154","ES-009","CP-009"
"Find the highest common factor of 6/5, 36/17, 7/24.","1/2040","Medium","QL-152","ES-009","CP-009"
"Find the highest common factor among 39/22, 16/3, 3/13.","1/858","Easy","QL-158","ES-009","CP-009"
"Find the highest common factor among 3/4, 22/9, 26/11.","858","Easy","QL-158","ES-009","CP-009"
"Find the highest common factor of 11/6, 5, 33/10.","1/30","Easy","QL-152","ES-009","CP-009"
"Determine the LCM of 11, 29/18, 1.","319","Hard","QL-151","ES-009","CP-009"
"Find the least common multiple among 34/15, 27/22, 15/2.","1/330","Medium","QL-159","ES-009","CP-009"
"Find the LCM of 8/11, 37/9, 19/2.","5624","Hard","QL-147","ES-009","CP-009"
"Find the least common multiple of 3/2, 21/4, 39/11.","3/44","Easy","QL-153","ES-009","CP-009"
"The HCF of the fractions 7, 28/19, 5/6 is:","140","Easy","QL-156","ES-009","CP-009"
"Determine the LCM of 17/2, 10/9, 7/4.","1/36","Easy","QL-151","ES-009","CP-009"
"Calculate the HCF of the fractions 45/16, 27/14, 9/7.","135","Medium","QL-148","ES-009","CP-009"
"Find the least common multiple among 47/22, 29/20, 11/13.","14993","Medium","QL-159","ES-009","CP-009"
"The LCM of the fractions 8/5, 17/22, 35/6 is:","1/330","Medium","QL-157","ES-009","CP-009"
"Find the highest common factor of 17/2, 41/20, 23/13.","16031","Easy","QL-152","ES-009","CP-009"
"Find the highest common factor of 5/3, 11/3, 29/10.","1/30","Medium","QL-152","ES-009","CP-009"
"Find the least common multiple of 11/18, 5/2, 22/9.","110","Easy","QL-153","ES-009","CP-009"
"Find the LCM of the given fractions: 11/7, 26/5, 11/3.","1/105","Hard","QL-155","ES-009","CP-009"
"Determine the LCM of 2, 5, 17/23.","170","Medium","QL-151","ES-009","CP-009"
"Determine the LCM of 19/12, 3, 27/10.","1/60","Easy","QL-151","ES-009","CP-009"
"Find the highest common factor of 21/2, 3/23, 2.","42","Easy","QL-152","ES-009","CP-009"
"Find the highest common factor of 16/5, 25/17, 43/24.","1/2040","Hard","QL-152","ES-009","CP-009"
"The HCF of the fractions 19/2, 3/2, 27/13 is:","1/26","Easy","QL-156","ES-009","CP-009"
"Find the highest common factor of 3/5, 10/21, 39/14.","390","Medium","QL-152","ES-009","CP-009"
"Find the LCM of 8/3, 24/5, 19/17.","1/255","Hard","QL-147","ES-009","CP-009"
"Find the HCF of 43/23, 25/21, 1/2.","1075","Medium","QL-146","ES-009","CP-009"
"Find the highest common factor among 29/9, 47/11, 1.","1/99","Easy","QL-158","ES-009","CP-009"
"Find the least common multiple of 35/17, 21/5, 8.","840","Medium","QL-153","ES-009","CP-009"
"Calculate the HCF of the fractions 5, 4/5, 26/17.","1/85","Easy","QL-148","ES-009","CP-009"
"Find the highest common factor of 33/8, 5/2, 2.","330","Medium","QL-152","ES-009","CP-009"
"Calculate the HCF of the fractions 16/5, 19/17, 37/24.","1/2040","Medium","QL-148","ES-009","CP-009"
"Find the highest common factor of 4, 43/2, 25/18.","4300","Medium","QL-152","ES-009","CP-009"
"Find the highest common factor among 11/2, 20/11, 22/15.","220","Medium","QL-158","ES-009","CP-009"
"Find the LCM of 9/7, 45/23, 16/7.","1/161","Easy","QL-147","ES-009","CP-009"
"The HCF of the fractions 31/20, 13/18, 42/11 is:","16926","Hard","QL-156","ES-009","CP-009"
"Find the highest common factor of 8/3, 24/5, 19/17.","1/255","Easy","QL-152","ES-009","CP-009"
"The LCM of the fractions 48/5, 8/21, 37/14 is:","1776","Medium","QL-157","ES-009","CP-009"
"Find the HCF of 9, 7/6, 25/13.","1/78","Easy","QL-146","ES-009","CP-009"
"Determine the LCM of 3, 9/5, 47/3.","423","Medium","QL-151","ES-009","CP-009"
"Determine the LCM of 2/5, 23/11, 17/6.","1/330","Easy","QL-151","ES-009","CP-009"
"The LCM of the fractions 20/11, 27/4, 9/20 is:","540","Easy","QL-157","ES-009","CP-009"
"Find the HCF of the given fractions: 32/9, 3/11, 7/6.","1/198","Easy","QL-154","ES-009","CP-009"
"Find the HCF of the given fractions: 13/17, 1/4, 3.","1/68","Hard","QL-154","ES-009","CP-009"
"Find the highest common factor among 3/11, 35/9, 17/2.","1785","Easy","QL-158","ES-009","CP-009"
"Find the least common multiple of 43/10, 7/6, 32/19.","1/570","Hard","QL-153","ES-009","CP-009"
"The HCF of the fractions 31/5, 38/21, 10/7 is:","5890","Medium","QL-156","ES-009","CP-009"
"Find the HCF of the given fractions: 37/7, 15/7, 16/7.","1/7","Easy","QL-154","ES-009","CP-009"
"The LCM of the fractions 16/5, 15, 27/19 is:","2160","Medium","QL-157","ES-009","CP-009"
"Find the highest common factor of 2/3, 3/2, 12.","1/6","Medium","QL-152","ES-009","CP-009"
"Find the least common multiple of 46/15, 3/4, 35/24.","4830","Easy","QL-153","ES-009","CP-009"
"Find the least common multiple of 5/4, 45/11, 8/9.","1/396","Easy","QL-153","ES-009","CP-009"
"Find the LCM of the given fractions: 26/23, 8/21, 37/14.","3848","Easy","QL-155","ES-009","CP-009"
"Find the LCM of 9/11, 38/9, 10.","1710","Easy","QL-147","ES-009","CP-009"
"Calculate the LCM of the fractions 22/23, 15/7, 33/14.","1/322","Hard","QL-149","ES-009","CP-009"
"Find the least common multiple among 14/9, 21/2, 1/6.","42","Easy","QL-159","ES-009","CP-009"
"The HCF of the fractions 19/5, 3/4, 27/19 is:","1/380","Hard","QL-156","ES-009","CP-009"
"Determine the LCM of 37/23, 19/21, 24/7.","16872","Easy","QL-151","ES-009","CP-009"
"Find the HCF of the given fractions: 26/19, 19/3, 37/10.","1/570","Easy","QL-154","ES-009","CP-009"
"Determine the HCF/LCM of 21/22, 28/15, 5/4.","420","Easy","QL-160","ES-009","CP-009"
"The LCM of the fractions 11, 4/5, 11/6 is:","1/30","Easy","QL-157","ES-009","CP-009"
"The HCF of the fractions 12, 3/4, 47/17 is:","564","Medium","QL-156","ES-009","CP-009"
"Find the highest common factor among 47/4, 40/11, 11/18.","1/396","Easy","QL-158","ES-009","CP-009"
"Find the highest common factor among 37/22, 1/3, 13/4.","1/132","Medium","QL-158","ES-009","CP-009"
"The HCF of the fractions 17/2, 4/3, 6/11 is:","204","Easy","QL-156","ES-009","CP-009"
"Determine the HCF of 1/3, 47/5, 3/2.","1/30","Medium","QL-150","ES-009","CP-009"
"Find the HCF of the given fractions: 46/9, 4, 10/23.","460","Medium","QL-154","ES-009","CP-009"
"The LCM of the fractions 35/11, 6/13, 6/5 is:","1/715","Easy","QL-157","ES-009","CP-009"
"The HCF of the fractions 30/11, 37/4, 19/20 is:","21090","Easy","QL-156","ES-009","CP-009"
"Find the LCM of 1, 9/23, 27/7.","1/161","Hard","QL-147","ES-009","CP-009"
"The LCM of the fractions 41/7, 23/5, 5/21 is:","4715","Medium","QL-157","ES-009","CP-009"
"Determine the HCF of 5/3, 19/7, 3/7.","1/21","Hard","QL-150","ES-009","CP-009"
"Determine the LCM of 7/22, 14/15, 43/8.","602","Medium","QL-151","ES-009","CP-009"
"Find the least common multiple of 43/2, 1/6, 32/11.","1376","Easy","QL-153","ES-009","CP-009"
"The HCF of the fractions 9/5, 3, 7/19 is:","1/95","Easy","QL-156","ES-009","CP-009"
"Find the highest common factor among 19/2, 10, 1/9.","190","Medium","QL-158","ES-009","CP-009"
"Find the LCM of 2/23, 6, 13/14.","1/322","Medium","QL-147","ES-009","CP-009"
"The HCF of the fractions 1/5, 5/4, 13/8 is:","65","Medium","QL-156","ES-009","CP-009"
"The LCM of the fractions 13/3, 31/5, 1/6 is:","1/30","Hard","QL-157","ES-009","CP-009"
"Determine the LCM of 12/23, 41/21, 23/14.","11316","Medium","QL-151","ES-009","CP-009"
"Calculate the HCF of the fractions 1/3, 6, 19/15.","1/15","Easy","QL-148","ES-009","CP-009"
"Determine the LCM of 8/7, 23/7, 5/23.","920","Medium","QL-151","ES-009","CP-009"
"Calculate the LCM of the fractions 12/13, 2, 24/11.","2/143","Easy","QL-149","ES-009","CP-009"
"Determine the LCM of 40/21, 33/5, 1/3.","1/105","Hard","QL-151","ES-009","CP-009"
"Calculate the LCM of the fractions 1, 47/16, 29/9.","1363","Easy","QL-149","ES-009","CP-009"
"Find the LCM of 10/3, 11/14, 29/21.","1/42","Easy","QL-147","ES-009","CP-009"
"Find the HCF of 15, 37/18, 19/11.","10545","Medium","QL-146","ES-009","CP-009"
"Find the highest common factor of 31/3, 12/5, 42/17.","1/255","Medium","QL-152","ES-009","CP-009"
"Find the HCF of the given fractions: 1/5, 31/8, 13/24.","403","Medium","QL-154","ES-009","CP-009"
"Calculate the HCF of the fractions 47/12, 9/7, 12/7.","1/84","Medium","QL-148","ES-009","CP-009"
"Find the LCM of 12/5, 43/8, 25/24.","12900","Easy","QL-147","ES-009","CP-009"
"Determine the HCF/LCM of 43/16, 36/23, 1.","1/368","Easy","QL-160","ES-009","CP-009"
"The LCM of the fractions 3, 3/5, 32/21 is:","96","Easy","QL-157","ES-009","CP-009"
"Determine the HCF of 18/23, 11/7, 29/14.","1/322","Medium","QL-150","ES-009","CP-009"
"Find the HCF of the given fractions: 36/5, 6, 47/19.","1692","Hard","QL-154","ES-009","CP-009"
"The HCF of the fractions 39/22, 5/12, 7/2 is:","1/132","Easy","QL-156","ES-009","CP-009"
"Find the highest common factor among 43/14, 3/7, 32/23.","4128","Medium","QL-158","ES-009","CP-009"
"Calculate the LCM of the fractions 16/23, 9/7, 27/14.","1/322","Medium","QL-149","ES-009","CP-009"
"Determine the HCF/LCM of 48/13, 30/11, 3.","240","Hard","QL-160","ES-009","CP-009"
"Find the LCM of the given fractions: 48/5, 19/7, 37/14.","1/70","Easy","QL-155","ES-009","CP-009"
"The LCM of the fractions 6/13, 13/6, 21/11 is:","546","Easy","QL-157","ES-009","CP-009"
"The HCF of the fractions 14, 7/2, 6/17 is:","1/34","Medium","QL-156","ES-009","CP-009"
"Find the least common multiple among 1/3, 33/10, 5.","165","Medium","QL-159","ES-009","CP-009"
"Find the LCM of the given fractions: 37/24, 44/17, 13/5.","21164","Easy","QL-155","ES-009","CP-009"
"Find the least common multiple of 3/2, 21/4, 39/11.","3/44","Medium","QL-153","ES-009","CP-009"
"Find the least common multiple among 5/23, 34/21, 8/7.","680","Medium","QL-159","ES-009","CP-009"
"Find the least common multiple among 32/23, 25/7, 43/14.","1/322","Easy","QL-159","ES-009","CP-009"
"Find the least common multiple of 31/22, 38/15, 5/2.","5890","Easy","QL-153","ES-009","CP-009"
"Find the highest common factor of 43/14, 7/8, 32/23.","1/1288","Easy","QL-152","ES-009","CP-009"
"Find the highest common factor among 14/15, 43/13, 25/6.","15050","Hard","QL-158","ES-009","CP-009"
"Find the highest common factor among 41/18, 17, 5/9.","1/18","Hard","QL-158","ES-009","CP-009"
"Find the least common multiple among 47/15, 7/8, 3/2.","987","Hard","QL-159","ES-009","CP-009"
"Find the HCF of 5/3, 19/7, 3/7.","1/21","Medium","QL-146","ES-009","CP-009"
"Calculate the LCM of the fractions 9/4, 18/5, 7/17.","1/340","Easy","QL-149","ES-009","CP-009"
"Find the highest common factor of 3, 43/5, 25/21.","3225","Medium","QL-152","ES-009","CP-009"
"The LCM of the fractions 41/4, 34/11, 5/18 is:","1/396","Medium","QL-157","ES-009","CP-009"
"The LCM of the fractions 5/3, 1/5, 31/3 is:","155","Easy","QL-157","ES-009","CP-009"
"Calculate the LCM of the fractions 2, 13/23, 31/7.","1/161","Medium","QL-149","ES-009","CP-009"
"Determine the LCM of 23/11, 2/5, 35/8.","1610","Hard","QL-151","ES-009","CP-009"
"Find the HCF of the given fractions: 12/5, 5/12, 23/19.","1/1140","Easy","QL-154","ES-009","CP-009"
"Find the HCF of the given fractions: 46/11, 28/9, 5.","3220","Medium","QL-154","ES-009","CP-009"
"The LCM of the fractions 43/11, 14/13, 8/5 is:","1/715","Easy","QL-157","ES-009","CP-009"
"The LCM of the fractions 33/23, 5/2, 22/9 is:","330","Easy","QL-157","ES-009","CP-009"
"Determine the LCM of 14/3, 5/2, 39/20.","2730","Easy","QL-151","ES-009","CP-009"
"Find the LCM of the given fractions: 47/15, 20/11, 11/6.","1/330","Medium","QL-155","ES-009","CP-009"
"Determine the HCF of 11/16, 2, 47/2.","1034","Easy","QL-150","ES-009","CP-009"
"Find the HCF of 24/19, 2, 13/5.","1/95","Easy","QL-146","ES-009","CP-009"
"Find the highest common factor among 16/19, 45/17, 27/10.","2160","Easy","QL-158","ES-009","CP-009"
"Find the HCF of the given fractions: 23/2, 16/9, 17/8.","1/72","Medium","QL-154","ES-009","CP-009"
"Determine the LCM of 43/6, 3/22, 32/15.","4128","Hard","QL-151","ES-009","CP-009"
"Determine the LCM of 1/3, 6/5, 21/2.","1/30","Easy","QL-151","ES-009","CP-009"
"Find the HCF of 45/22, 27/20, 9/13.","135","Medium","QL-146","ES-009","CP-009"
"Find the HCF of 11/6, 15/19, 11.","1/114","Medium","QL-146","ES-009","CP-009"
"Find the LCM of the given fractions: 5/7, 8/5, 13/6.","1/210","Medium","QL-155","ES-009","CP-009"
"Calculate the LCM of the fractions 38/13, 20/11, 1/2.","380","Easy","QL-149","ES-009","CP-009"
"Find the least common multiple among 33/23, 2, 22/9.","1/207","Medium","QL-159","ES-009","CP-009"
"Calculate the HCF of the fractions 26/5, 11/7, 15/14.","4290","Hard","QL-148","ES-009","CP-009"
"Find the HCF of the given fractions: 22/9, 3, 11/4.","1/36","Easy","QL-154","ES-009","CP-009"
"Find the highest common factor of 33/23, 5/7, 22/7.","330","Easy","QL-152","ES-009","CP-009"
"Determine the HCF/LCM of 24/5, 6, 13/14.","1/70","Easy","QL-160","ES-009","CP-009"
"Calculate the LCM of the fractions 17/7, 24/23, 3/8.","408","Medium","QL-149","ES-009","CP-009"
"Find the highest common factor among 45/11, 19/9, 9/2.","1/198","Easy","QL-158","ES-009","CP-009"
"The LCM of the fractions 28/19, 10/17, 39/10 is:","5460","Medium","QL-157","ES-009","CP-009"
"The LCM of the fractions 40/19, 47/12, 29/5 is:","54520","Medium","QL-157","ES-009","CP-009"
"Find the least common multiple of 47/12, 9/7, 12/7.","1/84","Easy","QL-153","ES-009","CP-009"
"Find the highest common factor among 4/15, 33/13, 5/2.","660","Medium","QL-158","ES-009","CP-009"
"Determine the HCF/LCM of 13/12, 19/8, 37/15.","1/120","Medium","QL-160","ES-009","CP-009"
"The HCF of the fractions 27/10, 34/3, 16/19 is:","7344","Hard","QL-156","ES-009","CP-009"
"Find the HCF of the given fractions: 2/23, 10, 38/9.","2/207","Hard","QL-154","ES-009","CP-009"
"Calculate the HCF of the fractions 11/10, 5, 11/12.","55","Easy","QL-148","ES-009","CP-009"
"Calculate the HCF of the fractions 17/18, 5, 28/9.","1/18","Easy","QL-148","ES-009","CP-009"
"Find the LCM of 13/10, 20/3, 2/19.","260","Hard","QL-147","ES-009","CP-009"
"Find the LCM of 23/20, 41/22, 2.","1/220","Medium","QL-147","ES-009","CP-009"
"Calculate the HCF of the fractions 3/2, 21/4, 39/11.","3/44","Easy","QL-148","ES-009","CP-009"
"Calculate the LCM of the fractions 19/11, 3, 27/8.","513","Easy","QL-149","ES-009","CP-009"
"Find the HCF of the given fractions: 43/6, 36/13, 7/20.","1/780","Medium","QL-154","ES-009","CP-009"
"Find the HCF of the given fractions: 7, 1/8, 32/17.","224","Hard","QL-154","ES-009","CP-009"
"Calculate the LCM of the fractions 5/2, 23/4, 41/11.","1/44","Medium","QL-149","ES-009","CP-009"
"Determine the HCF of 11/3, 4/5, 11/7.","44","Easy","QL-150","ES-009","CP-009"
"Find the LCM of the given fractions: 34/23, 27/7, 45/14.","1/322","Hard","QL-155","ES-009","CP-009"
"Find the LCM of the given fractions: 12/23, 41/21, 23/14.","11316","Medium","QL-155","ES-009","CP-009"
"The HCF of the fractions 5/3, 19/7, 3/7 is:","1/21","Hard","QL-156","ES-009","CP-009"
"Find the LCM of the given fractions: 5/4, 22/5, 4/21.","220","Hard","QL-155","ES-009","CP-009"
"Determine the HCF of 11/12, 2/11, 11/5.","22","Medium","QL-150","ES-009","CP-009"
"Find the least common multiple of 11/9, 1/4, 22/23.","1/828","Medium","QL-153","ES-009","CP-009"
"Find the least common multiple among 1/2, 13/5, 2.","26","Medium","QL-159","ES-009","CP-009"
"The HCF of the fractions 9/2, 6, 7/13 is:","1/26","Hard","QL-156","ES-009","CP-009"
"Find the HCF of 23/12, 14/11, 2/3.","322","Hard","QL-146","ES-009","CP-009"
"Calculate the HCF of the fractions 12/13, 1/4, 23/4.","1/52","Medium","QL-148","ES-009","CP-009"
"Find the highest common factor among 2/5, 11/3, 40/19.","440","Hard","QL-158","ES-009","CP-009"
"Find the LCM of the given fractions: 28/11, 46/13, 17/20.","1/2860","Medium","QL-155","ES-009","CP-009"
"Determine the HCF/LCM of 5/3, 1, 3/5.","15","Easy","QL-160","ES-009","CP-009"
"The HCF of the fractions 21/20, 7/2, 32/11 is:","1/220","Easy","QL-156","ES-009","CP-009"
"Find the highest common factor among 19/5, 1, 30/19.","1/95","Easy","QL-158","ES-009","CP-009"
"Find the HCF of 10/3, 11/5, 4/3.","220","Medium","QL-146","ES-009","CP-009"
"Find the highest common factor of 35/3, 6/5, 2.","1/15","Hard","QL-152","ES-009","CP-009"
"Find the LCM of the given fractions: 3/2, 13/20, 42/13.","546","Hard","QL-155","ES-009","CP-009"
"The LCM of the fractions 29/12, 22/19, 40/3 is:","1/228","Medium","QL-157","ES-009","CP-009"
"The LCM of the fractions 1/2, 17/4, 2/3 is:","34","Medium","QL-157","ES-009","CP-009"
"Determine the LCM of 29/14, 47/16, 18/23.","1/2576","Hard","QL-151","ES-009","CP-009"
"Determine the HCF of 7/15, 7/4, 43/24.","301","Medium","QL-150","ES-009","CP-009"
"Determine the HCF of 15, 23/9, 41/16.","1/144","Medium","QL-150","ES-009","CP-009"
"Find the HCF of the given fractions: 18/7, 47/5, 29/21.","24534","Easy","QL-154","ES-009","CP-009"
"Find the LCM of 39/23, 23/8, 28/9.","25116","Hard","QL-147","ES-009","CP-009"
"Determine the HCF of 2/17, 20/19, 38/3.","2/969","Medium","QL-150","ES-009","CP-009"
"Find the LCM of the given fractions: 1/2, 7/2, 17/3.","119","Medium","QL-155","ES-009","CP-009"
"Find the highest common factor of 22/7, 37/21, 8/5.","1/105","Easy","QL-152","ES-009","CP-009"
"Find the HCF of 24/5, 8/3, 37/19.","888","Hard","QL-146","ES-009","CP-009"
"Calculate the LCM of the fractions 11/23, 29/2, 47/9.","1/414","Medium","QL-149","ES-009","CP-009"
"Find the least common multiple of 11/13, 40/11, 11/2.","440","Medium","QL-153","ES-009","CP-009"
"Find the least common multiple of 3, 5/3, 6/5.","1/15","Medium","QL-153","ES-009","CP-009"
"Find the HCF of the given fractions: 45/2, 5/18, 34/11.","1530","Easy","QL-154","ES-009","CP-009"
"Find the highest common factor of 41/10, 1, 30/19.","1/190","Easy","QL-152","ES-009","CP-009"
