language,cpId,qlId,esId,difficulty,taskKind,answerType,question,answer,explanation,validation
"en","PCT-CP-001","PCT-QL-001","PCT-ES-001","Easy","successiveIncrease","ABSOLUTE","A value increased by 20% and then by 10%. If the original value was 5000, find the final value.","$$6600$$","For first stage, increase = 20%. So the new value becomes 120% of the previous value. | \[\Rightarrow 100\%+20\%=120\%\] | So the multiplier for first stage is 120/100. | \[\Rightarrow \text{first stage multiplier}=\frac{120}{100}=1.2\] | Apply the first-stage multiplier to the original value. | \[\Rightarrow \text{After first stage}=5000\times1.2=6000\] | For second stage, increase = 10%. So the new value becomes 110% of the previous value. | \[\Rightarrow 100\%+10\%=110\%\] | So the multiplier for second stage is 110/100. | \[\Rightarrow \text{second stage multiplier}=\frac{110}{100}=1.1\] | Now multiply by both stage multipliers to get the final value. | \[\Rightarrow \text{Final value}=5000\times1.2\times1.1=6600\] | So the final value is 6600. | \[\Rightarrow \text{Final value}=6600\]","PASS"
"en","PCT-CP-002","PCT-QL-003","PCT-ES-002","Easy","successiveDecrease","COUNT","A population decreased by 15% and then by 15%. If the original population was 8000, find the final population.","$$5780$$","For first stage, decrease = 15%. So the new value becomes 85% of the previous value. | \[\Rightarrow 100\%-15\%=85\%\] | So the multiplier for first stage is 85/100. | \[\Rightarrow \text{first stage multiplier}=\frac{85}{100}=0.85\] | Apply the first-stage multiplier to the original population. | \[\Rightarrow \text{After first stage}=8000\times0.85=6800\] | For second stage, decrease = 15%. So the new value becomes 85% of the previous value. | \[\Rightarrow 100\%-15\%=85\%\] | So the multiplier for second stage is 85/100. | \[\Rightarrow \text{second stage multiplier}=\frac{85}{100}=0.85\] | Now multiply by both stage multipliers to get the final population. | \[\Rightarrow \text{Final population}=8000\times0.85\times0.85=5780\] | So the final population is 5780. | \[\Rightarrow \text{Final population}=5780\]","PASS"
"en","PCT-CP-003","PCT-QL-005","PCT-ES-003","Medium","increaseThenDecrease","ABSOLUTE","A value increased by 20% and then decreased by 25%. If the original value was 1000, find the final value.","$$900$$","For first stage, increase = 20%. So the new value becomes 120% of the previous value. | \[\Rightarrow 100\%+20\%=120\%\] | So the multiplier for first stage is 120/100. | \[\Rightarrow \text{first stage multiplier}=\frac{120}{100}=1.2\] | Apply the first-stage multiplier to the original value. | \[\Rightarrow \text{After first stage}=1000\times1.2=1200\] | For second stage, decrease = 25%. So the new value becomes 75% of the previous value. | \[\Rightarrow 100\%-25\%=75\%\] | 75% can also be written as the fraction 3/4. | \[\Rightarrow 75\%=\frac{3}{4}\] | So the multiplier for second stage is 75/100. | \[\Rightarrow \text{second stage multiplier}=\frac{75}{100}=0.75\] | Now multiply by both stage multipliers to get the final value. | \[\Rightarrow \text{Final value}=1000\times1.2\times0.75=900\] | So the final value is 900. | \[\Rightarrow \text{Final value}=900\]","PASS"
"en","PCT-CP-004","PCT-QL-007","PCT-ES-004","Medium","decreaseThenIncrease","ABSOLUTE","A value decreased by 25% and then increased by 10%. If the original value was 2000, find the final value.","$$1650$$","For first stage, decrease = 25%. So the new value becomes 75% of the previous value. | \[\Rightarrow 100\%-25\%=75\%\] | 75% can also be written as the fraction 3/4. | \[\Rightarrow 75\%=\frac{3}{4}\] | So the multiplier for first stage is 75/100. | \[\Rightarrow \text{first stage multiplier}=\frac{75}{100}=0.75\] | Apply the first-stage multiplier to the original value. | \[\Rightarrow \text{After first stage}=2000\times0.75=1500\] | For second stage, increase = 10%. So the new value becomes 110% of the previous value. | \[\Rightarrow 100\%+10\%=110\%\] | So the multiplier for second stage is 110/100. | \[\Rightarrow \text{second stage multiplier}=\frac{110}{100}=1.1\] | Now multiply by both stage multipliers to get the final value. | \[\Rightarrow \text{Final value}=2000\times0.75\times1.1=1650\] | So the final value is 1650. | \[\Rightarrow \text{Final value}=1650\]","PASS"
"en","PCT-CP-005","PCT-QL-009","PCT-ES-005","Easy","netPercentageChange","PERCENT","A value increased by 20% and then by 10%. Find the net percentage change.","$$32\%$$","For first stage, increase = 20%. So the new value becomes 120% of the previous value. | \[\Rightarrow 100\%+20\%=120\%\] | So the multiplier for first stage is 120/100. | \[\Rightarrow \text{first stage multiplier}=\frac{120}{100}=1.2\] | For second stage, increase = 10%. So the new value becomes 110% of the previous value. | \[\Rightarrow 100\%+10\%=110\%\] | So the multiplier for second stage is 110/100. | \[\Rightarrow \text{second stage multiplier}=\frac{110}{100}=1.1\] | Multiply the two stage multipliers to get the overall multiplier. | \[\Rightarrow \text{Overall multiplier}=1.2\times1.1=1.32\] | Now compare this overall multiplier with 1 to find the net percentage change. | \[\Rightarrow \text{Net change}=\left(1.32-1\right)\times100=32\%\] | Overall change = increase of 32%. | \[\Rightarrow \text{Net percentage change}=32\%\]","PASS"
"en","PCT-CP-006","PCT-QL-011","PCT-ES-006","Medium","equivalentSingleMultiplier","ABSOLUTE","Find the equivalent single multiplier for a value that first changes by +25% and then by +20%.","$$1.5$$","For first stage, increase = 25%. So the new value becomes 125% of the previous value. | \[\Rightarrow 100\%+25\%=125\%\] | So the multiplier for first stage is 125/100. | \[\Rightarrow \text{first stage multiplier}=\frac{125}{100}=1.25\] | For second stage, increase = 20%. So the new value becomes 120% of the previous value. | \[\Rightarrow 100\%+20\%=120\%\] | So the multiplier for second stage is 120/100. | \[\Rightarrow \text{second stage multiplier}=\frac{120}{100}=1.2\] | Multiply the stage multipliers to get one equivalent multiplier. | \[\Rightarrow \text{Equivalent multiplier}=1.25\times1.2=1.5\] | So the single equivalent multiplier is 1.5. | \[\Rightarrow \text{Equivalent multiplier}=1.5\]","PASS"
"en","PCT-CP-007","PCT-QL-013","PCT-ES-007","Medium","reverseSuccessiveChange","ABSOLUTE","After successive changes of +25% and +10%, the final value became 618.75. Find the original value.","$$450$$","For first stage, increase = 25%. So the new value becomes 125% of the previous value. | \[\Rightarrow 100\%+25\%=125\%\] | So the multiplier for first stage is 125/100. | \[\Rightarrow \text{first stage multiplier}=\frac{125}{100}=1.25\] | For second stage, increase = 10%. So the new value becomes 110% of the previous value. | \[\Rightarrow 100\%+10\%=110\%\] | So the multiplier for second stage is 110/100. | \[\Rightarrow \text{second stage multiplier}=\frac{110}{100}=1.1\] | Multiply the stage multipliers to get the overall multiplier. | \[\Rightarrow \text{Overall multiplier}=1.25\times1.1=1.375\] | The final value is already known. So divide it by the overall multiplier to get the original value. | \[\Rightarrow \text{Original value}=\frac{618.75}{1.375}=450\] | So the original value was 450. | \[\Rightarrow \text{Original value}=450\]","PASS"
"en","PCT-CP-008","PCT-QL-015","PCT-ES-008","Hard","comparativeSuccessiveChange","ABSOLUTE","A was 5000 and changed by +10% and +20%. B was 1000 and changed by +12% and +20%. Find the difference between their final values.","$$5256$$","For A first stage, increase = 10%. So the new value becomes 110% of the previous value. | \[\Rightarrow 100\%+10\%=110\%\] | So the multiplier for A first stage is 110/100. | \[\Rightarrow \text{A first stage multiplier}=\frac{110}{100}=1.1\] | For A second stage, increase = 20%. So the new value becomes 120% of the previous value. | \[\Rightarrow 100\%+20\%=120\%\] | So the multiplier for A second stage is 120/100. | \[\Rightarrow \text{A second stage multiplier}=\frac{120}{100}=1.2\] | So the final value of A is found by applying its combined multiplier. | \[\Rightarrow \text{Final A}=5000\times1.32=6600\] | For B first stage, increase = 12%. So the new value becomes 112% of the previous value. | \[\Rightarrow 100\%+12\%=112\%\] | So the multiplier for B first stage is 112/100. | \[\Rightarrow \text{B first stage multiplier}=\frac{112}{100}=1.12\] | For B second stage, increase = 20%. So the new value becomes 120% of the previous value. | \[\Rightarrow 100\%+20\%=120\%\] | So the multiplier for B second stage is 120/100. | \[\Rightarrow \text{B second stage multiplier}=\frac{120}{100}=1.2\] | So the final value of B is found by applying its combined multiplier. | \[\Rightarrow \text{Final B}=1000\times1.344=1344\] | Now compare the two final values. | \[\Rightarrow \text{Difference}=\left|6600-1344\right|=5256\] | So the difference between the final values is 5256. | \[\Rightarrow \text{Difference}=5256\]","PASS"
"en","PCT-CP-009","PCT-QL-017","PCT-ES-009","Hard","multiStageSuccessiveChange","ABSOLUTE","A value of 2000 changed successively by +10%, +15%, and -10%. Find the final value.","$$2277$$","For stage 1, increase = 10%. So the new value becomes 110% of the previous value. | \[\Rightarrow 100\%+10\%=110\%\] | So the multiplier for stage 1 is 110/100. | \[\Rightarrow \text{stage 1 multiplier}=\frac{110}{100}=1.1\] | For stage 2, increase = 15%. So the new value becomes 115% of the previous value. | \[\Rightarrow 100\%+15\%=115\%\] | So the multiplier for stage 2 is 115/100. | \[\Rightarrow \text{stage 2 multiplier}=\frac{115}{100}=1.15\] | For stage 3, decrease = 10%. So the new value becomes 90% of the previous value. | \[\Rightarrow 100\%-10\%=90\%\] | 90% can also be written as the fraction 9/10. | \[\Rightarrow 90\%=\frac{9}{10}\] | So the multiplier for stage 3 is 90/100. | \[\Rightarrow \text{stage 3 multiplier}=\frac{90}{100}=0.9\] | Multiply all the stage multipliers to get one overall multiplier. | \[\Rightarrow \text{Overall multiplier}=1.1\times1.15\times0.9=1.1385\] | Now multiply the original value by the overall multiplier. | \[\Rightarrow \text{Final value}=2000\times1.1\times1.15\times0.9=2277\] | So the final value is 2277. | \[\Rightarrow \text{Final value}=2277\]","PASS"
"en","PCT-CP-010","PCT-QL-019","PCT-ES-010","Hard","contextualSuccessiveChange","COUNT","A population of 5000 first increased by 10%, then decreased by 10%, and then increased by 10%. Find the final population.","$$5445$$","For stage 1, increase = 10%. So the new value becomes 110% of the previous value. | \[\Rightarrow 100\%+10\%=110\%\] | So the multiplier for stage 1 is 110/100. | \[\Rightarrow \text{stage 1 multiplier}=\frac{110}{100}=1.1\] | For stage 2, decrease = 10%. So the new value becomes 90% of the previous value. | \[\Rightarrow 100\%-10\%=90\%\] | 90% can also be written as the fraction 9/10. | \[\Rightarrow 90\%=\frac{9}{10}\] | So the multiplier for stage 2 is 90/100. | \[\Rightarrow \text{stage 2 multiplier}=\frac{90}{100}=0.9\] | For stage 3, increase = 10%. So the new value becomes 110% of the previous value. | \[\Rightarrow 100\%+10\%=110\%\] | So the multiplier for stage 3 is 110/100. | \[\Rightarrow \text{stage 3 multiplier}=\frac{110}{100}=1.1\] | Multiply all the stage multipliers to get one overall multiplier. | \[\Rightarrow \text{Overall multiplier}=1.1\times0.9\times1.1=1.089\] | Now multiply the original population by the overall multiplier. | \[\Rightarrow \text{Final population}=5000\times1.1\times0.9\times1.1=5445\] | So the final population is 5445. | \[\Rightarrow \text{Final population}=5445\]","PASS"
"en","PCT-CP-001","PCT-QL-002","PCT-ES-001","Easy","successiveIncrease","ABSOLUTE","A salary of Rs. 30000 first increased by 10% and then by 20%. Find the final salary.","$$39600$$","For first stage, increase = 10%. So the new value becomes 110% of the previous value. | \[\Rightarrow 100\%+10\%=110\%\] | So the multiplier for first stage is 110/100. | \[\Rightarrow \text{first stage multiplier}=\frac{110}{100}=1.1\] | Apply the first-stage multiplier to the original salary. | \[\Rightarrow \text{After first stage}=30000\times1.1=33000\] | For second stage, increase = 20%. So the new value becomes 120% of the previous value. | \[\Rightarrow 100\%+20\%=120\%\] | So the multiplier for second stage is 120/100. | \[\Rightarrow \text{second stage multiplier}=\frac{120}{100}=1.2\] | Now multiply by both stage multipliers to get the final salary. | \[\Rightarrow \text{Final salary}=30000\times1.1\times1.2=39600\] | So the final salary is Rs. 39600. | \[\Rightarrow \text{Final salary}=39600\]","PASS"
"en","PCT-CP-002","PCT-QL-004","PCT-ES-002","Easy","successiveDecrease","ABSOLUTE","A salary of Rs. 40000 first decreased by 12% and then by 20%. Find the final salary.","$$28160$$","For first stage, decrease = 12%. So the new value becomes 88% of the previous value. | \[\Rightarrow 100\%-12\%=88\%\] | So the multiplier for first stage is 88/100. | \[\Rightarrow \text{first stage multiplier}=\frac{88}{100}=0.88\] | Apply the first-stage multiplier to the original salary. | \[\Rightarrow \text{After first stage}=40000\times0.88=35200\] | For second stage, decrease = 20%. So the new value becomes 80% of the previous value. | \[\Rightarrow 100\%-20\%=80\%\] | 80% can also be written as the fraction 4/5. | \[\Rightarrow 80\%=\frac{4}{5}\] | So the multiplier for second stage is 80/100. | \[\Rightarrow \text{second stage multiplier}=\frac{80}{100}=0.8\] | Now multiply by both stage multipliers to get the final salary. | \[\Rightarrow \text{Final salary}=40000\times0.88\times0.8=28160\] | So the final salary is Rs. 28160. | \[\Rightarrow \text{Final salary}=28160\]","PASS"
"en","PCT-CP-003","PCT-QL-006","PCT-ES-003","Medium","increaseThenDecrease","COUNT","A production of 1000 first increased by 15% and then decreased by 20%. Find the final production.","$$920$$","For first stage, increase = 15%. So the new value becomes 115% of the previous value. | \[\Rightarrow 100\%+15\%=115\%\] | So the multiplier for first stage is 115/100. | \[\Rightarrow \text{first stage multiplier}=\frac{115}{100}=1.15\] | Apply the first-stage multiplier to the original production. | \[\Rightarrow \text{After first stage}=1000\times1.15=1150\] | For second stage, decrease = 20%. So the new value becomes 80% of the previous value. | \[\Rightarrow 100\%-20\%=80\%\] | 80% can also be written as the fraction 4/5. | \[\Rightarrow 80\%=\frac{4}{5}\] | So the multiplier for second stage is 80/100. | \[\Rightarrow \text{second stage multiplier}=\frac{80}{100}=0.8\] | Now multiply by both stage multipliers to get the final production. | \[\Rightarrow \text{Final production}=1000\times1.15\times0.8=920\] | So the final production is 920. | \[\Rightarrow \text{Final production}=920\]","PASS"
"en","PCT-CP-004","PCT-QL-008","PCT-ES-004","Medium","decreaseThenIncrease","COUNT","A attendance of 500 first decreased by 20% and then increased by 10%. Find the final attendance.","$$440$$","For first stage, decrease = 20%. So the new value becomes 80% of the previous value. | \[\Rightarrow 100\%-20\%=80\%\] | 80% can also be written as the fraction 4/5. | \[\Rightarrow 80\%=\frac{4}{5}\] | So the multiplier for first stage is 80/100. | \[\Rightarrow \text{first stage multiplier}=\frac{80}{100}=0.8\] | Apply the first-stage multiplier to the original attendance. | \[\Rightarrow \text{After first stage}=500\times0.8=400\] | For second stage, increase = 10%. So the new value becomes 110% of the previous value. | \[\Rightarrow 100\%+10\%=110\%\] | So the multiplier for second stage is 110/100. | \[\Rightarrow \text{second stage multiplier}=\frac{110}{100}=1.1\] | Now multiply by both stage multipliers to get the final attendance. | \[\Rightarrow \text{Final attendance}=500\times0.8\times1.1=440\] | So the final attendance is 440. | \[\Rightarrow \text{Final attendance}=440\]","PASS"
"en","PCT-CP-005","PCT-QL-010","PCT-ES-005","Easy","netPercentageChange","PERCENT","A value first increased by 10% and then decreased by 15%. Find the net percentage change.","$$-6.5\%$$","For first stage, increase = 10%. So the new value becomes 110% of the previous value. | \[\Rightarrow 100\%+10\%=110\%\] | So the multiplier for first stage is 110/100. | \[\Rightarrow \text{first stage multiplier}=\frac{110}{100}=1.1\] | For second stage, decrease = 15%. So the new value becomes 85% of the previous value. | \[\Rightarrow 100\%-15\%=85\%\] | So the multiplier for second stage is 85/100. | \[\Rightarrow \text{second stage multiplier}=\frac{85}{100}=0.85\] | Multiply the two stage multipliers to get the overall multiplier. | \[\Rightarrow \text{Overall multiplier}=1.1\times0.85=0.935\] | Now compare this overall multiplier with 1 to find the net percentage change. | \[\Rightarrow \text{Net change}=\left(0.935-1\right)\times100=-6.5\%\] | Overall change = decrease of 6.5%. | \[\Rightarrow \text{Net percentage change}=-6.5\%\]","PASS"
"en","PCT-CP-006","PCT-QL-012","PCT-ES-006","Medium","equivalentSingleMultiplier","ABSOLUTE","Find the equivalent single multiplier for a value that first changes by +15% and then by -5%.","$$1.0925$$","For first stage, increase = 15%. So the new value becomes 115% of the previous value. | \[\Rightarrow 100\%+15\%=115\%\] | So the multiplier for first stage is 115/100. | \[\Rightarrow \text{first stage multiplier}=\frac{115}{100}=1.15\] | For second stage, decrease = 5%. So the new value becomes 95% of the previous value. | \[\Rightarrow 100\%-5\%=95\%\] | So the multiplier for second stage is 95/100. | \[\Rightarrow \text{second stage multiplier}=\frac{95}{100}=0.95\] | Multiply the stage multipliers to get one equivalent multiplier. | \[\Rightarrow \text{Equivalent multiplier}=1.15\times0.95=1.0925\] | So the single equivalent multiplier is 1.0925. | \[\Rightarrow \text{Equivalent multiplier}=1.0925\]","PASS"
"en","PCT-CP-007","PCT-QL-014","PCT-ES-007","Medium","reverseSuccessiveChange","ABSOLUTE","After successive changes of +20% and -15%, the final value became 1224. Find the original value.","$$1200$$","For first stage, increase = 20%. So the new value becomes 120% of the previous value. | \[\Rightarrow 100\%+20\%=120\%\] | So the multiplier for first stage is 120/100. | \[\Rightarrow \text{first stage multiplier}=\frac{120}{100}=1.2\] | For second stage, decrease = 15%. So the new value becomes 85% of the previous value. | \[\Rightarrow 100\%-15\%=85\%\] | So the multiplier for second stage is 85/100. | \[\Rightarrow \text{second stage multiplier}=\frac{85}{100}=0.85\] | Multiply the stage multipliers to get the overall multiplier. | \[\Rightarrow \text{Overall multiplier}=1.2\times0.85=1.02\] | The final value is already known. So divide it by the overall multiplier to get the original value. | \[\Rightarrow \text{Original value}=\frac{1224}{1.02}=1200\] | So the original value was 1200. | \[\Rightarrow \text{Original value}=1200\]","PASS"
"en","PCT-CP-008","PCT-QL-016","PCT-ES-008","Hard","comparativeSuccessiveChange","ABSOLUTE","salary A was Rs. 40000 and changed by +15% and -12%. salary B was Rs. 20000 and changed by +18% and +10%. Find the difference between their final values.","$$14520$$","For salary A first stage, increase = 15%. So the new value becomes 115% of the previous value. | \[\Rightarrow 100\%+15\%=115\%\] | So the multiplier for salary A first stage is 115/100. | \[\Rightarrow \text{salary A first stage multiplier}=\frac{115}{100}=1.15\] | For salary A second stage, decrease = 12%. So the new value becomes 88% of the previous value. | \[\Rightarrow 100\%-12\%=88\%\] | So the multiplier for salary A second stage is 88/100. | \[\Rightarrow \text{salary A second stage multiplier}=\frac{88}{100}=0.88\] | So the final value of salary A is found by applying its combined multiplier. | \[\Rightarrow \text{Final salary A}=40000\times1.012=40480\] | For salary B first stage, increase = 18%. So the new value becomes 118% of the previous value. | \[\Rightarrow 100\%+18\%=118\%\] | So the multiplier for salary B first stage is 118/100. | \[\Rightarrow \text{salary B first stage multiplier}=\frac{118}{100}=1.18\] | For salary B second stage, increase = 10%. So the new value becomes 110% of the previous value. | \[\Rightarrow 100\%+10\%=110\%\] | So the multiplier for salary B second stage is 110/100. | \[\Rightarrow \text{salary B second stage multiplier}=\frac{110}{100}=1.1\] | So the final value of salary B is found by applying its combined multiplier. | \[\Rightarrow \text{Final salary B}=20000\times1.298=25960\] | Now compare the two final values. | \[\Rightarrow \text{Difference}=\left|40480-25960\right|=14520\] | So the difference between the final values is Rs. 14520. | \[\Rightarrow \text{Difference}=14520\]","PASS"
"en","PCT-CP-009","PCT-QL-018","PCT-ES-009","Hard","multiStageSuccessiveChange","ABSOLUTE","A value of 5000 changed successively by +10%, +20%, -5%, and +15%. Find the final value.","$$7210.5$$","For stage 1, increase = 10%. So the new value becomes 110% of the previous value. | \[\Rightarrow 100\%+10\%=110\%\] | So the multiplier for stage 1 is 110/100. | \[\Rightarrow \text{stage 1 multiplier}=\frac{110}{100}=1.1\] | For stage 2, increase = 20%. So the new value becomes 120% of the previous value. | \[\Rightarrow 100\%+20\%=120\%\] | So the multiplier for stage 2 is 120/100. | \[\Rightarrow \text{stage 2 multiplier}=\frac{120}{100}=1.2\] | For stage 3, decrease = 5%. So the new value becomes 95% of the previous value. | \[\Rightarrow 100\%-5\%=95\%\] | So the multiplier for stage 3 is 95/100. | \[\Rightarrow \text{stage 3 multiplier}=\frac{95}{100}=0.95\] | For stage 4, increase = 15%. So the new value becomes 115% of the previous value. | \[\Rightarrow 100\%+15\%=115\%\] | So the multiplier for stage 4 is 115/100. | \[\Rightarrow \text{stage 4 multiplier}=\frac{115}{100}=1.15\] | Multiply all the stage multipliers to get one overall multiplier. | \[\Rightarrow \text{Overall multiplier}=1.1\times1.2\times0.95\times1.15=1.4421\] | Now multiply the original value by the overall multiplier. | \[\Rightarrow \text{Final value}=5000\times1.1\times1.2\times0.95\times1.15=7210.5\] | So the final value is 7210.5. | \[\Rightarrow \text{Final value}=7210.5\]","PASS"
"en","PCT-CP-010","PCT-QL-020","PCT-ES-010","Hard","contextualSuccessiveChange","ABSOLUTE","A sales of Rs. 30000 first increased by 15%, then increased by 12%, and finally decreased by 10%. Find the final sales.","$$34776$$","For stage 1, increase = 15%. So the new value becomes 115% of the previous value. | \[\Rightarrow 100\%+15\%=115\%\] | So the multiplier for stage 1 is 115/100. | \[\Rightarrow \text{stage 1 multiplier}=\frac{115}{100}=1.15\] | For stage 2, increase = 12%. So the new value becomes 112% of the previous value. | \[\Rightarrow 100\%+12\%=112\%\] | So the multiplier for stage 2 is 112/100. | \[\Rightarrow \text{stage 2 multiplier}=\frac{112}{100}=1.12\] | For stage 3, decrease = 10%. So the new value becomes 90% of the previous value. | \[\Rightarrow 100\%-10\%=90\%\] | 90% can also be written as the fraction 9/10. | \[\Rightarrow 90\%=\frac{9}{10}\] | So the multiplier for stage 3 is 90/100. | \[\Rightarrow \text{stage 3 multiplier}=\frac{90}{100}=0.9\] | Multiply all the stage multipliers to get one overall multiplier. | \[\Rightarrow \text{Overall multiplier}=1.15\times1.12\times0.9=1.1592\] | Now multiply the original sales by the overall multiplier. | \[\Rightarrow \text{Final sales}=30000\times1.15\times1.12\times0.9=34776\] | So the final sales is Rs. 34776. | \[\Rightarrow \text{Final sales}=34776\]","PASS"
"en","PCT-CP-001","PCT-QL-001","PCT-ES-001","Easy","successiveIncrease","ABSOLUTE","A value increased by 12% and then by 20%. If the original value was 1000, find the final value.","$$1344$$","For first stage, increase = 12%. So the new value becomes 112% of the previous value. | \[\Rightarrow 100\%+12\%=112\%\] | So the multiplier for first stage is 112/100. | \[\Rightarrow \text{first stage multiplier}=\frac{112}{100}=1.12\] | Apply the first-stage multiplier to the original value. | \[\Rightarrow \text{After first stage}=1000\times1.12=1120\] | For second stage, increase = 20%. So the new value becomes 120% of the previous value. | \[\Rightarrow 100\%+20\%=120\%\] | So the multiplier for second stage is 120/100. | \[\Rightarrow \text{second stage multiplier}=\frac{120}{100}=1.2\] | Now multiply by both stage multipliers to get the final value. | \[\Rightarrow \text{Final value}=1000\times1.12\times1.2=1344\] | So the final value is 1344. | \[\Rightarrow \text{Final value}=1344\]","PASS"
"en","PCT-CP-002","PCT-QL-003","PCT-ES-002","Easy","successiveDecrease","COUNT","A population decreased by 15% and then by 25%. If the original population was 2000, find the final population.","$$1275$$","For first stage, decrease = 15%. So the new value becomes 85% of the previous value. | \[\Rightarrow 100\%-15\%=85\%\] | So the multiplier for first stage is 85/100. | \[\Rightarrow \text{first stage multiplier}=\frac{85}{100}=0.85\] | Apply the first-stage multiplier to the original population. | \[\Rightarrow \text{After first stage}=2000\times0.85=1700\] | For second stage, decrease = 25%. So the new value becomes 75% of the previous value. | \[\Rightarrow 100\%-25\%=75\%\] | 75% can also be written as the fraction 3/4. | \[\Rightarrow 75\%=\frac{3}{4}\] | So the multiplier for second stage is 75/100. | \[\Rightarrow \text{second stage multiplier}=\frac{75}{100}=0.75\] | Now multiply by both stage multipliers to get the final population. | \[\Rightarrow \text{Final population}=2000\times0.85\times0.75=1275\] | So the final population is 1275. | \[\Rightarrow \text{Final population}=1275\]","PASS"
"en","PCT-CP-003","PCT-QL-005","PCT-ES-003","Medium","increaseThenDecrease","ABSOLUTE","A value increased by 25% and then decreased by 10%. If the original value was 5000, find the final value.","$$5625$$","For first stage, increase = 25%. So the new value becomes 125% of the previous value. | \[\Rightarrow 100\%+25\%=125\%\] | So the multiplier for first stage is 125/100. | \[\Rightarrow \text{first stage multiplier}=\frac{125}{100}=1.25\] | Apply the first-stage multiplier to the original value. | \[\Rightarrow \text{After first stage}=5000\times1.25=6250\] | For second stage, decrease = 10%. So the new value becomes 90% of the previous value. | \[\Rightarrow 100\%-10\%=90\%\] | 90% can also be written as the fraction 9/10. | \[\Rightarrow 90\%=\frac{9}{10}\] | So the multiplier for second stage is 90/100. | \[\Rightarrow \text{second stage multiplier}=\frac{90}{100}=0.9\] | Now multiply by both stage multipliers to get the final value. | \[\Rightarrow \text{Final value}=5000\times1.25\times0.9=5625\] | So the final value is 5625. | \[\Rightarrow \text{Final value}=5625\]","PASS"
"en","PCT-CP-004","PCT-QL-007","PCT-ES-004","Medium","decreaseThenIncrease","ABSOLUTE","A value decreased by 10% and then increased by 20%. If the original value was 10000, find the final value.","$$10800$$","For first stage, decrease = 10%. So the new value becomes 90% of the previous value. | \[\Rightarrow 100\%-10\%=90\%\] | 90% can also be written as the fraction 9/10. | \[\Rightarrow 90\%=\frac{9}{10}\] | So the multiplier for first stage is 90/100. | \[\Rightarrow \text{first stage multiplier}=\frac{90}{100}=0.9\] | Apply the first-stage multiplier to the original value. | \[\Rightarrow \text{After first stage}=10000\times0.9=9000\] | For second stage, increase = 20%. So the new value becomes 120% of the previous value. | \[\Rightarrow 100\%+20\%=120\%\] | So the multiplier for second stage is 120/100. | \[\Rightarrow \text{second stage multiplier}=\frac{120}{100}=1.2\] | Now multiply by both stage multipliers to get the final value. | \[\Rightarrow \text{Final value}=10000\times0.9\times1.2=10800\] | So the final value is 10800. | \[\Rightarrow \text{Final value}=10800\]","PASS"
"en","PCT-CP-005","PCT-QL-009","PCT-ES-005","Easy","netPercentageChange","PERCENT","A value increased by 12% and then by 20%. Find the net percentage change.","$$34.4\%$$","For first stage, increase = 12%. So the new value becomes 112% of the previous value. | \[\Rightarrow 100\%+12\%=112\%\] | So the multiplier for first stage is 112/100. | \[\Rightarrow \text{first stage multiplier}=\frac{112}{100}=1.12\] | For second stage, increase = 20%. So the new value becomes 120% of the previous value. | \[\Rightarrow 100\%+20\%=120\%\] | So the multiplier for second stage is 120/100. | \[\Rightarrow \text{second stage multiplier}=\frac{120}{100}=1.2\] | Multiply the two stage multipliers to get the overall multiplier. | \[\Rightarrow \text{Overall multiplier}=1.12\times1.2=1.344\] | Now compare this overall multiplier with 1 to find the net percentage change. | \[\Rightarrow \text{Net change}=\left(1.344-1\right)\times100=34.4\%\] | Overall change = increase of 34.4%. | \[\Rightarrow \text{Net percentage change}=34.4\%\]","PASS"
"en","PCT-CP-006","PCT-QL-011","PCT-ES-006","Medium","equivalentSingleMultiplier","ABSOLUTE","Find the equivalent single multiplier for a value that first changes by +25% and then by +20%.","$$1.5$$","For first stage, increase = 25%. So the new value becomes 125% of the previous value. | \[\Rightarrow 100\%+25\%=125\%\] | So the multiplier for first stage is 125/100. | \[\Rightarrow \text{first stage multiplier}=\frac{125}{100}=1.25\] | For second stage, increase = 20%. So the new value becomes 120% of the previous value. | \[\Rightarrow 100\%+20\%=120\%\] | So the multiplier for second stage is 120/100. | \[\Rightarrow \text{second stage multiplier}=\frac{120}{100}=1.2\] | Multiply the stage multipliers to get one equivalent multiplier. | \[\Rightarrow \text{Equivalent multiplier}=1.25\times1.2=1.5\] | So the single equivalent multiplier is 1.5. | \[\Rightarrow \text{Equivalent multiplier}=1.5\]","PASS"
"en","PCT-CP-007","PCT-QL-013","PCT-ES-007","Medium","reverseSuccessiveChange","ABSOLUTE","After successive changes of +25% and +10%, the final value became 825. Find the original value.","$$600$$","For first stage, increase = 25%. So the new value becomes 125% of the previous value. | \[\Rightarrow 100\%+25\%=125\%\] | So the multiplier for first stage is 125/100. | \[\Rightarrow \text{first stage multiplier}=\frac{125}{100}=1.25\] | For second stage, increase = 10%. So the new value becomes 110% of the previous value. | \[\Rightarrow 100\%+10\%=110\%\] | So the multiplier for second stage is 110/100. | \[\Rightarrow \text{second stage multiplier}=\frac{110}{100}=1.1\] | Multiply the stage multipliers to get the overall multiplier. | \[\Rightarrow \text{Overall multiplier}=1.25\times1.1=1.375\] | The final value is already known. So divide it by the overall multiplier to get the original value. | \[\Rightarrow \text{Original value}=\frac{825}{1.375}=600\] | So the original value was 600. | \[\Rightarrow \text{Original value}=600\]","PASS"
"en","PCT-CP-008","PCT-QL-015","PCT-ES-008","Hard","comparativeSuccessiveChange","ABSOLUTE","A was 5000 and changed by +12% and +25%. B was 1000 and changed by +15% and +12%. Find the difference between their final values.","$$5712$$","For A first stage, increase = 12%. So the new value becomes 112% of the previous value. | \[\Rightarrow 100\%+12\%=112\%\] | So the multiplier for A first stage is 112/100. | \[\Rightarrow \text{A first stage multiplier}=\frac{112}{100}=1.12\] | For A second stage, increase = 25%. So the new value becomes 125% of the previous value. | \[\Rightarrow 100\%+25\%=125\%\] | So the multiplier for A second stage is 125/100. | \[\Rightarrow \text{A second stage multiplier}=\frac{125}{100}=1.25\] | So the final value of A is found by applying its combined multiplier. | \[\Rightarrow \text{Final A}=5000\times1.4=7000\] | For B first stage, increase = 15%. So the new value becomes 115% of the previous value. | \[\Rightarrow 100\%+15\%=115\%\] | So the multiplier for B first stage is 115/100. | \[\Rightarrow \text{B first stage multiplier}=\frac{115}{100}=1.15\] | For B second stage, increase = 12%. So the new value becomes 112% of the previous value. | \[\Rightarrow 100\%+12\%=112\%\] | So the multiplier for B second stage is 112/100. | \[\Rightarrow \text{B second stage multiplier}=\frac{112}{100}=1.12\] | So the final value of B is found by applying its combined multiplier. | \[\Rightarrow \text{Final B}=1000\times1.288=1288\] | Now compare the two final values. | \[\Rightarrow \text{Difference}=\left|7000-1288\right|=5712\] | So the difference between the final values is 5712. | \[\Rightarrow \text{Difference}=5712\]","PASS"
"en","PCT-CP-009","PCT-QL-017","PCT-ES-009","Hard","multiStageSuccessiveChange","ABSOLUTE","A value of 5000 changed successively by +12%, +15%, and -10%. Find the final value.","$$5796$$","For stage 1, increase = 12%. So the new value becomes 112% of the previous value. | \[\Rightarrow 100\%+12\%=112\%\] | So the multiplier for stage 1 is 112/100. | \[\Rightarrow \text{stage 1 multiplier}=\frac{112}{100}=1.12\] | For stage 2, increase = 15%. So the new value becomes 115% of the previous value. | \[\Rightarrow 100\%+15\%=115\%\] | So the multiplier for stage 2 is 115/100. | \[\Rightarrow \text{stage 2 multiplier}=\frac{115}{100}=1.15\] | For stage 3, decrease = 10%. So the new value becomes 90% of the previous value. | \[\Rightarrow 100\%-10\%=90\%\] | 90% can also be written as the fraction 9/10. | \[\Rightarrow 90\%=\frac{9}{10}\] | So the multiplier for stage 3 is 90/100. | \[\Rightarrow \text{stage 3 multiplier}=\frac{90}{100}=0.9\] | Multiply all the stage multipliers to get one overall multiplier. | \[\Rightarrow \text{Overall multiplier}=1.12\times1.15\times0.9=1.1592\] | Now multiply the original value by the overall multiplier. | \[\Rightarrow \text{Final value}=5000\times1.12\times1.15\times0.9=5796\] | So the final value is 5796. | \[\Rightarrow \text{Final value}=5796\]","PASS"
"en","PCT-CP-010","PCT-QL-019","PCT-ES-010","Hard","contextualSuccessiveChange","COUNT","A population of 8000 first increased by 10%, then decreased by 10%, and then increased by 10%. Find the final population.","$$8712$$","For stage 1, increase = 10%. So the new value becomes 110% of the previous value. | \[\Rightarrow 100\%+10\%=110\%\] | So the multiplier for stage 1 is 110/100. | \[\Rightarrow \text{stage 1 multiplier}=\frac{110}{100}=1.1\] | For stage 2, decrease = 10%. So the new value becomes 90% of the previous value. | \[\Rightarrow 100\%-10\%=90\%\] | 90% can also be written as the fraction 9/10. | \[\Rightarrow 90\%=\frac{9}{10}\] | So the multiplier for stage 2 is 90/100. | \[\Rightarrow \text{stage 2 multiplier}=\frac{90}{100}=0.9\] | For stage 3, increase = 10%. So the new value becomes 110% of the previous value. | \[\Rightarrow 100\%+10\%=110\%\] | So the multiplier for stage 3 is 110/100. | \[\Rightarrow \text{stage 3 multiplier}=\frac{110}{100}=1.1\] | Multiply all the stage multipliers to get one overall multiplier. | \[\Rightarrow \text{Overall multiplier}=1.1\times0.9\times1.1=1.089\] | Now multiply the original population by the overall multiplier. | \[\Rightarrow \text{Final population}=8000\times1.1\times0.9\times1.1=8712\] | So the final population is 8712. | \[\Rightarrow \text{Final population}=8712\]","PASS"
"en","PCT-CP-001","PCT-QL-002","PCT-ES-001","Easy","successiveIncrease","ABSOLUTE","A salary of Rs. 50000 first increased by 15% and then by 25%. Find the final salary.","$$71875$$","For first stage, increase = 15%. So the new value becomes 115% of the previous value. | \[\Rightarrow 100\%+15\%=115\%\] | So the multiplier for first stage is 115/100. | \[\Rightarrow \text{first stage multiplier}=\frac{115}{100}=1.15\] | Apply the first-stage multiplier to the original salary. | \[\Rightarrow \text{After first stage}=50000\times1.15=57500\] | For second stage, increase = 25%. So the new value becomes 125% of the previous value. | \[\Rightarrow 100\%+25\%=125\%\] | So the multiplier for second stage is 125/100. | \[\Rightarrow \text{second stage multiplier}=\frac{125}{100}=1.25\] | Now multiply by both stage multipliers to get the final salary. | \[\Rightarrow \text{Final salary}=50000\times1.15\times1.25=71875\] | So the final salary is Rs. 71875. | \[\Rightarrow \text{Final salary}=71875\]","PASS"
"en","PCT-CP-002","PCT-QL-004","PCT-ES-002","Easy","successiveDecrease","ABSOLUTE","A salary of Rs. 20000 first decreased by 15% and then by 10%. Find the final salary.","$$15300$$","For first stage, decrease = 15%. So the new value becomes 85% of the previous value. | \[\Rightarrow 100\%-15\%=85\%\] | So the multiplier for first stage is 85/100. | \[\Rightarrow \text{first stage multiplier}=\frac{85}{100}=0.85\] | Apply the first-stage multiplier to the original salary. | \[\Rightarrow \text{After first stage}=20000\times0.85=17000\] | For second stage, decrease = 10%. So the new value becomes 90% of the previous value. | \[\Rightarrow 100\%-10\%=90\%\] | 90% can also be written as the fraction 9/10. | \[\Rightarrow 90\%=\frac{9}{10}\] | So the multiplier for second stage is 90/100. | \[\Rightarrow \text{second stage multiplier}=\frac{90}{100}=0.9\] | Now multiply by both stage multipliers to get the final salary. | \[\Rightarrow \text{Final salary}=20000\times0.85\times0.9=15300\] | So the final salary is Rs. 15300. | \[\Rightarrow \text{Final salary}=15300\]","PASS"
"en","PCT-CP-003","PCT-QL-006","PCT-ES-003","Medium","increaseThenDecrease","COUNT","A production of 600 first increased by 10% and then decreased by 15%. Find the final production.","$$561$$","For first stage, increase = 10%. So the new value becomes 110% of the previous value. | \[\Rightarrow 100\%+10\%=110\%\] | So the multiplier for first stage is 110/100. | \[\Rightarrow \text{first stage multiplier}=\frac{110}{100}=1.1\] | Apply the first-stage multiplier to the original production. | \[\Rightarrow \text{After first stage}=600\times1.1=660\] | For second stage, decrease = 15%. So the new value becomes 85% of the previous value. | \[\Rightarrow 100\%-15\%=85\%\] | So the multiplier for second stage is 85/100. | \[\Rightarrow \text{second stage multiplier}=\frac{85}{100}=0.85\] | Now multiply by both stage multipliers to get the final production. | \[\Rightarrow \text{Final production}=600\times1.1\times0.85=561\] | So the final production is 561. | \[\Rightarrow \text{Final production}=561\]","PASS"
"en","PCT-CP-004","PCT-QL-008","PCT-ES-004","Medium","decreaseThenIncrease","COUNT","A attendance of 1200 first decreased by 10% and then increased by 12%. Find the final attendance.","$$1210$$","For first stage, decrease = 10%. So the new value becomes 90% of the previous value. | \[\Rightarrow 100\%-10\%=90\%\] | 90% can also be written as the fraction 9/10. | \[\Rightarrow 90\%=\frac{9}{10}\] | So the multiplier for first stage is 90/100. | \[\Rightarrow \text{first stage multiplier}=\frac{90}{100}=0.9\] | Apply the first-stage multiplier to the original attendance. | \[\Rightarrow \text{After first stage}=1200\times0.9=1080\] | For second stage, increase = 12%. So the new value becomes 112% of the previous value. | \[\Rightarrow 100\%+12\%=112\%\] | So the multiplier for second stage is 112/100. | \[\Rightarrow \text{second stage multiplier}=\frac{112}{100}=1.12\] | Now multiply by both stage multipliers to get the final attendance. | \[\Rightarrow \text{Final attendance}=1200\times0.9\times1.12=1209.6\] | So the final attendance is 1209.6. | \[\Rightarrow \text{Final attendance}=1210\]","PASS"
"en","PCT-CP-005","PCT-QL-010","PCT-ES-005","Easy","netPercentageChange","PERCENT","A value first increased by 15% and then decreased by 10%. Find the net percentage change.","$$3.5\%$$","For first stage, increase = 15%. So the new value becomes 115% of the previous value. | \[\Rightarrow 100\%+15\%=115\%\] | So the multiplier for first stage is 115/100. | \[\Rightarrow \text{first stage multiplier}=\frac{115}{100}=1.15\] | For second stage, decrease = 10%. So the new value becomes 90% of the previous value. | \[\Rightarrow 100\%-10\%=90\%\] | 90% can also be written as the fraction 9/10. | \[\Rightarrow 90\%=\frac{9}{10}\] | So the multiplier for second stage is 90/100. | \[\Rightarrow \text{second stage multiplier}=\frac{90}{100}=0.9\] | Multiply the two stage multipliers to get the overall multiplier. | \[\Rightarrow \text{Overall multiplier}=1.15\times0.9=1.035\] | Now compare this overall multiplier with 1 to find the net percentage change. | \[\Rightarrow \text{Net change}=\left(1.035-1\right)\times100=3.5\%\] | Overall change = increase of 3.5%. | \[\Rightarrow \text{Net percentage change}=3.5\%\]","PASS"
"en","PCT-CP-006","PCT-QL-012","PCT-ES-006","Medium","equivalentSingleMultiplier","ABSOLUTE","Find the equivalent single multiplier for a value that first changes by +20% and then by -12%.","$$1.056$$","For first stage, increase = 20%. So the new value becomes 120% of the previous value. | \[\Rightarrow 100\%+20\%=120\%\] | So the multiplier for first stage is 120/100. | \[\Rightarrow \text{first stage multiplier}=\frac{120}{100}=1.2\] | For second stage, decrease = 12%. So the new value becomes 88% of the previous value. | \[\Rightarrow 100\%-12\%=88\%\] | So the multiplier for second stage is 88/100. | \[\Rightarrow \text{second stage multiplier}=\frac{88}{100}=0.88\] | Multiply the stage multipliers to get one equivalent multiplier. | \[\Rightarrow \text{Equivalent multiplier}=1.2\times0.88=1.056\] | So the single equivalent multiplier is 1.056. | \[\Rightarrow \text{Equivalent multiplier}=1.056\]","PASS"
"en","PCT-CP-007","PCT-QL-014","PCT-ES-007","Medium","reverseSuccessiveChange","ABSOLUTE","After successive changes of +20% and -15%, the final value became 816. Find the original value.","$$800$$","For first stage, increase = 20%. So the new value becomes 120% of the previous value. | \[\Rightarrow 100\%+20\%=120\%\] | So the multiplier for first stage is 120/100. | \[\Rightarrow \text{first stage multiplier}=\frac{120}{100}=1.2\] | For second stage, decrease = 15%. So the new value becomes 85% of the previous value. | \[\Rightarrow 100\%-15\%=85\%\] | So the multiplier for second stage is 85/100. | \[\Rightarrow \text{second stage multiplier}=\frac{85}{100}=0.85\] | Multiply the stage multipliers to get the overall multiplier. | \[\Rightarrow \text{Overall multiplier}=1.2\times0.85=1.02\] | The final value is already known. So divide it by the overall multiplier to get the original value. | \[\Rightarrow \text{Original value}=\frac{816}{1.02}=800\] | So the original value was 800. | \[\Rightarrow \text{Original value}=800\]","PASS"
"en","PCT-CP-008","PCT-QL-016","PCT-ES-008","Hard","comparativeSuccessiveChange","ABSOLUTE","salary A was Rs. 40000 and changed by +20% and -5%. salary B was Rs. 20000 and changed by +12% and +12%. Find the difference between their final values.","$$20512$$","For salary A first stage, increase = 20%. So the new value becomes 120% of the previous value. | \[\Rightarrow 100\%+20\%=120\%\] | So the multiplier for salary A first stage is 120/100. | \[\Rightarrow \text{salary A first stage multiplier}=\frac{120}{100}=1.2\] | For salary A second stage, decrease = 5%. So the new value becomes 95% of the previous value. | \[\Rightarrow 100\%-5\%=95\%\] | So the multiplier for salary A second stage is 95/100. | \[\Rightarrow \text{salary A second stage multiplier}=\frac{95}{100}=0.95\] | So the final value of salary A is found by applying its combined multiplier. | \[\Rightarrow \text{Final salary A}=40000\times1.14=45600\] | For salary B first stage, increase = 12%. So the new value becomes 112% of the previous value. | \[\Rightarrow 100\%+12\%=112\%\] | So the multiplier for salary B first stage is 112/100. | \[\Rightarrow \text{salary B first stage multiplier}=\frac{112}{100}=1.12\] | For salary B second stage, increase = 12%. So the new value becomes 112% of the previous value. | \[\Rightarrow 100\%+12\%=112\%\] | So the multiplier for salary B second stage is 112/100. | \[\Rightarrow \text{salary B second stage multiplier}=\frac{112}{100}=1.12\] | So the final value of salary B is found by applying its combined multiplier. | \[\Rightarrow \text{Final salary B}=20000\times1.2544=25088\] | Now compare the two final values. | \[\Rightarrow \text{Difference}=\left|45600-25088\right|=20512\] | So the difference between the final values is Rs. 20512. | \[\Rightarrow \text{Difference}=20512\]","PASS"
"en","PCT-CP-009","PCT-QL-018","PCT-ES-009","Hard","multiStageSuccessiveChange","ABSOLUTE","A value of 5000 changed successively by +12%, +20%, -5%, and +15%. Find the final value.","$$7341.6$$","For stage 1, increase = 12%. So the new value becomes 112% of the previous value. | \[\Rightarrow 100\%+12\%=112\%\] | So the multiplier for stage 1 is 112/100. | \[\Rightarrow \text{stage 1 multiplier}=\frac{112}{100}=1.12\] | For stage 2, increase = 20%. So the new value becomes 120% of the previous value. | \[\Rightarrow 100\%+20\%=120\%\] | So the multiplier for stage 2 is 120/100. | \[\Rightarrow \text{stage 2 multiplier}=\frac{120}{100}=1.2\] | For stage 3, decrease = 5%. So the new value becomes 95% of the previous value. | \[\Rightarrow 100\%-5\%=95\%\] | So the multiplier for stage 3 is 95/100. | \[\Rightarrow \text{stage 3 multiplier}=\frac{95}{100}=0.95\] | For stage 4, increase = 15%. So the new value becomes 115% of the previous value. | \[\Rightarrow 100\%+15\%=115\%\] | So the multiplier for stage 4 is 115/100. | \[\Rightarrow \text{stage 4 multiplier}=\frac{115}{100}=1.15\] | Multiply all the stage multipliers to get one overall multiplier. | \[\Rightarrow \text{Overall multiplier}=1.12\times1.2\times0.95\times1.15=1.4683\] | Now multiply the original value by the overall multiplier. | \[\Rightarrow \text{Final value}=5000\times1.12\times1.2\times0.95\times1.15=7341.6\] | So the final value is 7341.6. | \[\Rightarrow \text{Final value}=7341.6\]","PASS"
"en","PCT-CP-010","PCT-QL-020","PCT-ES-010","Hard","contextualSuccessiveChange","ABSOLUTE","A sales of Rs. 30000 first increased by 15%, then increased by 12%, and finally decreased by 10%. Find the final sales.","$$34776$$","For stage 1, increase = 15%. So the new value becomes 115% of the previous value. | \[\Rightarrow 100\%+15\%=115\%\] | So the multiplier for stage 1 is 115/100. | \[\Rightarrow \text{stage 1 multiplier}=\frac{115}{100}=1.15\] | For stage 2, increase = 12%. So the new value becomes 112% of the previous value. | \[\Rightarrow 100\%+12\%=112\%\] | So the multiplier for stage 2 is 112/100. | \[\Rightarrow \text{stage 2 multiplier}=\frac{112}{100}=1.12\] | For stage 3, decrease = 10%. So the new value becomes 90% of the previous value. | \[\Rightarrow 100\%-10\%=90\%\] | 90% can also be written as the fraction 9/10. | \[\Rightarrow 90\%=\frac{9}{10}\] | So the multiplier for stage 3 is 90/100. | \[\Rightarrow \text{stage 3 multiplier}=\frac{90}{100}=0.9\] | Multiply all the stage multipliers to get one overall multiplier. | \[\Rightarrow \text{Overall multiplier}=1.15\times1.12\times0.9=1.1592\] | Now multiply the original sales by the overall multiplier. | \[\Rightarrow \text{Final sales}=30000\times1.15\times1.12\times0.9=34776\] | So the final sales is Rs. 34776. | \[\Rightarrow \text{Final sales}=34776\]","PASS"
"en","PCT-CP-001","PCT-QL-001","PCT-ES-001","Easy","successiveIncrease","ABSOLUTE","A value increased by 20% and then by 10%. If the original value was 5000, find the final value.","$$6600$$","For first stage, increase = 20%. So the new value becomes 120% of the previous value. | \[\Rightarrow 100\%+20\%=120\%\] | So the multiplier for first stage is 120/100. | \[\Rightarrow \text{first stage multiplier}=\frac{120}{100}=1.2\] | Apply the first-stage multiplier to the original value. | \[\Rightarrow \text{After first stage}=5000\times1.2=6000\] | For second stage, increase = 10%. So the new value becomes 110% of the previous value. | \[\Rightarrow 100\%+10\%=110\%\] | So the multiplier for second stage is 110/100. | \[\Rightarrow \text{second stage multiplier}=\frac{110}{100}=1.1\] | Now multiply by both stage multipliers to get the final value. | \[\Rightarrow \text{Final value}=5000\times1.2\times1.1=6600\] | So the final value is 6600. | \[\Rightarrow \text{Final value}=6600\]","PASS"
"en","PCT-CP-002","PCT-QL-003","PCT-ES-002","Easy","successiveDecrease","COUNT","A population decreased by 20% and then by 15%. If the original population was 8000, find the final population.","$$5440$$","For first stage, decrease = 20%. So the new value becomes 80% of the previous value. | \[\Rightarrow 100\%-20\%=80\%\] | 80% can also be written as the fraction 4/5. | \[\Rightarrow 80\%=\frac{4}{5}\] | So the multiplier for first stage is 80/100. | \[\Rightarrow \text{first stage multiplier}=\frac{80}{100}=0.8\] | Apply the first-stage multiplier to the original population. | \[\Rightarrow \text{After first stage}=8000\times0.8=6400\] | For second stage, decrease = 15%. So the new value becomes 85% of the previous value. | \[\Rightarrow 100\%-15\%=85\%\] | So the multiplier for second stage is 85/100. | \[\Rightarrow \text{second stage multiplier}=\frac{85}{100}=0.85\] | Now multiply by both stage multipliers to get the final population. | \[\Rightarrow \text{Final population}=8000\times0.8\times0.85=5440\] | So the final population is 5440. | \[\Rightarrow \text{Final population}=5440\]","PASS"
"en","PCT-CP-003","PCT-QL-005","PCT-ES-003","Medium","increaseThenDecrease","ABSOLUTE","A value increased by 10% and then decreased by 20%. If the original value was 1000, find the final value.","$$880$$","For first stage, increase = 10%. So the new value becomes 110% of the previous value. | \[\Rightarrow 100\%+10\%=110\%\] | So the multiplier for first stage is 110/100. | \[\Rightarrow \text{first stage multiplier}=\frac{110}{100}=1.1\] | Apply the first-stage multiplier to the original value. | \[\Rightarrow \text{After first stage}=1000\times1.1=1100\] | For second stage, decrease = 20%. So the new value becomes 80% of the previous value. | \[\Rightarrow 100\%-20\%=80\%\] | 80% can also be written as the fraction 4/5. | \[\Rightarrow 80\%=\frac{4}{5}\] | So the multiplier for second stage is 80/100. | \[\Rightarrow \text{second stage multiplier}=\frac{80}{100}=0.8\] | Now multiply by both stage multipliers to get the final value. | \[\Rightarrow \text{Final value}=1000\times1.1\times0.8=880\] | So the final value is 880. | \[\Rightarrow \text{Final value}=880\]","PASS"
"en","PCT-CP-004","PCT-QL-007","PCT-ES-004","Medium","decreaseThenIncrease","ABSOLUTE","A value decreased by 20% and then increased by 25%. If the original value was 2000, find the final value.","$$2000$$","For first stage, decrease = 20%. So the new value becomes 80% of the previous value. | \[\Rightarrow 100\%-20\%=80\%\] | 80% can also be written as the fraction 4/5. | \[\Rightarrow 80\%=\frac{4}{5}\] | So the multiplier for first stage is 80/100. | \[\Rightarrow \text{first stage multiplier}=\frac{80}{100}=0.8\] | Apply the first-stage multiplier to the original value. | \[\Rightarrow \text{After first stage}=2000\times0.8=1600\] | For second stage, increase = 25%. So the new value becomes 125% of the previous value. | \[\Rightarrow 100\%+25\%=125\%\] | So the multiplier for second stage is 125/100. | \[\Rightarrow \text{second stage multiplier}=\frac{125}{100}=1.25\] | Now multiply by both stage multipliers to get the final value. | \[\Rightarrow \text{Final value}=2000\times0.8\times1.25=2000\] | So the final value is 2000. | \[\Rightarrow \text{Final value}=2000\]","PASS"
"en","PCT-CP-005","PCT-QL-009","PCT-ES-005","Easy","netPercentageChange","PERCENT","A value increased by 20% and then by 10%. Find the net percentage change.","$$32\%$$","For first stage, increase = 20%. So the new value becomes 120% of the previous value. | \[\Rightarrow 100\%+20\%=120\%\] | So the multiplier for first stage is 120/100. | \[\Rightarrow \text{first stage multiplier}=\frac{120}{100}=1.2\] | For second stage, increase = 10%. So the new value becomes 110% of the previous value. | \[\Rightarrow 100\%+10\%=110\%\] | So the multiplier for second stage is 110/100. | \[\Rightarrow \text{second stage multiplier}=\frac{110}{100}=1.1\] | Multiply the two stage multipliers to get the overall multiplier. | \[\Rightarrow \text{Overall multiplier}=1.2\times1.1=1.32\] | Now compare this overall multiplier with 1 to find the net percentage change. | \[\Rightarrow \text{Net change}=\left(1.32-1\right)\times100=32\%\] | Overall change = increase of 32%. | \[\Rightarrow \text{Net percentage change}=32\%\]","PASS"
"en","PCT-CP-006","PCT-QL-011","PCT-ES-006","Medium","equivalentSingleMultiplier","ABSOLUTE","Find the equivalent single multiplier for a value that first changes by +20% and then by +15%.","$$1.38$$","For first stage, increase = 20%. So the new value becomes 120% of the previous value. | \[\Rightarrow 100\%+20\%=120\%\] | So the multiplier for first stage is 120/100. | \[\Rightarrow \text{first stage multiplier}=\frac{120}{100}=1.2\] | For second stage, increase = 15%. So the new value becomes 115% of the previous value. | \[\Rightarrow 100\%+15\%=115\%\] | So the multiplier for second stage is 115/100. | \[\Rightarrow \text{second stage multiplier}=\frac{115}{100}=1.15\] | Multiply the stage multipliers to get one equivalent multiplier. | \[\Rightarrow \text{Equivalent multiplier}=1.2\times1.15=1.38\] | So the single equivalent multiplier is 1.38. | \[\Rightarrow \text{Equivalent multiplier}=1.38\]","PASS"
"en","PCT-CP-007","PCT-QL-013","PCT-ES-007","Medium","reverseSuccessiveChange","ABSOLUTE","After successive changes of +10% and +15%, the final value became 569.25. Find the original value.","$$450$$","For first stage, increase = 10%. So the new value becomes 110% of the previous value. | \[\Rightarrow 100\%+10\%=110\%\] | So the multiplier for first stage is 110/100. | \[\Rightarrow \text{first stage multiplier}=\frac{110}{100}=1.1\] | For second stage, increase = 15%. So the new value becomes 115% of the previous value. | \[\Rightarrow 100\%+15\%=115\%\] | So the multiplier for second stage is 115/100. | \[\Rightarrow \text{second stage multiplier}=\frac{115}{100}=1.15\] | Multiply the stage multipliers to get the overall multiplier. | \[\Rightarrow \text{Overall multiplier}=1.1\times1.15=1.265\] | The final value is already known. So divide it by the overall multiplier to get the original value. | \[\Rightarrow \text{Original value}=\frac{569.25}{1.265}=450\] | So the original value was 450. | \[\Rightarrow \text{Original value}=450\]","PASS"
"en","PCT-CP-008","PCT-QL-015","PCT-ES-008","Hard","comparativeSuccessiveChange","ABSOLUTE","A was 5000 and changed by +15% and +15%. B was 1000 and changed by +10% and +15%. Find the difference between their final values.","$$5347.5$$","For A first stage, increase = 15%. So the new value becomes 115% of the previous value. | \[\Rightarrow 100\%+15\%=115\%\] | So the multiplier for A first stage is 115/100. | \[\Rightarrow \text{A first stage multiplier}=\frac{115}{100}=1.15\] | For A second stage, increase = 15%. So the new value becomes 115% of the previous value. | \[\Rightarrow 100\%+15\%=115\%\] | So the multiplier for A second stage is 115/100. | \[\Rightarrow \text{A second stage multiplier}=\frac{115}{100}=1.15\] | So the final value of A is found by applying its combined multiplier. | \[\Rightarrow \text{Final A}=5000\times1.3225=6612.5\] | For B first stage, increase = 10%. So the new value becomes 110% of the previous value. | \[\Rightarrow 100\%+10\%=110\%\] | So the multiplier for B first stage is 110/100. | \[\Rightarrow \text{B first stage multiplier}=\frac{110}{100}=1.1\] | For B second stage, increase = 15%. So the new value becomes 115% of the previous value. | \[\Rightarrow 100\%+15\%=115\%\] | So the multiplier for B second stage is 115/100. | \[\Rightarrow \text{B second stage multiplier}=\frac{115}{100}=1.15\] | So the final value of B is found by applying its combined multiplier. | \[\Rightarrow \text{Final B}=1000\times1.265=1265\] | Now compare the two final values. | \[\Rightarrow \text{Difference}=\left|6612.5-1265\right|=5347.5\] | So the difference between the final values is 5347.5. | \[\Rightarrow \text{Difference}=5347.5\]","PASS"
"en","PCT-CP-009","PCT-QL-017","PCT-ES-009","Hard","multiStageSuccessiveChange","ABSOLUTE","A value of 5000 changed successively by +15%, +15%, and -10%. Find the final value.","$$5951.25$$","For stage 1, increase = 15%. So the new value becomes 115% of the previous value. | \[\Rightarrow 100\%+15\%=115\%\] | So the multiplier for stage 1 is 115/100. | \[\Rightarrow \text{stage 1 multiplier}=\frac{115}{100}=1.15\] | For stage 2, increase = 15%. So the new value becomes 115% of the previous value. | \[\Rightarrow 100\%+15\%=115\%\] | So the multiplier for stage 2 is 115/100. | \[\Rightarrow \text{stage 2 multiplier}=\frac{115}{100}=1.15\] | For stage 3, decrease = 10%. So the new value becomes 90% of the previous value. | \[\Rightarrow 100\%-10\%=90\%\] | 90% can also be written as the fraction 9/10. | \[\Rightarrow 90\%=\frac{9}{10}\] | So the multiplier for stage 3 is 90/100. | \[\Rightarrow \text{stage 3 multiplier}=\frac{90}{100}=0.9\] | Multiply all the stage multipliers to get one overall multiplier. | \[\Rightarrow \text{Overall multiplier}=1.15\times1.15\times0.9=1.1903\] | Now multiply the original value by the overall multiplier. | \[\Rightarrow \text{Final value}=5000\times1.15\times1.15\times0.9=5951.25\] | So the final value is 5951.25. | \[\Rightarrow \text{Final value}=5951.25\]","PASS"
"en","PCT-CP-010","PCT-QL-019","PCT-ES-010","Hard","contextualSuccessiveChange","COUNT","A population of 8000 first increased by 10%, then decreased by 10%, and then increased by 10%. Find the final population.","$$8712$$","For stage 1, increase = 10%. So the new value becomes 110% of the previous value. | \[\Rightarrow 100\%+10\%=110\%\] | So the multiplier for stage 1 is 110/100. | \[\Rightarrow \text{stage 1 multiplier}=\frac{110}{100}=1.1\] | For stage 2, decrease = 10%. So the new value becomes 90% of the previous value. | \[\Rightarrow 100\%-10\%=90\%\] | 90% can also be written as the fraction 9/10. | \[\Rightarrow 90\%=\frac{9}{10}\] | So the multiplier for stage 2 is 90/100. | \[\Rightarrow \text{stage 2 multiplier}=\frac{90}{100}=0.9\] | For stage 3, increase = 10%. So the new value becomes 110% of the previous value. | \[\Rightarrow 100\%+10\%=110\%\] | So the multiplier for stage 3 is 110/100. | \[\Rightarrow \text{stage 3 multiplier}=\frac{110}{100}=1.1\] | Multiply all the stage multipliers to get one overall multiplier. | \[\Rightarrow \text{Overall multiplier}=1.1\times0.9\times1.1=1.089\] | Now multiply the original population by the overall multiplier. | \[\Rightarrow \text{Final population}=8000\times1.1\times0.9\times1.1=8712\] | So the final population is 8712. | \[\Rightarrow \text{Final population}=8712\]","PASS"
"en","PCT-CP-001","PCT-QL-002","PCT-ES-001","Easy","successiveIncrease","ABSOLUTE","A salary of Rs. 30000 first increased by 20% and then by 10%. Find the final salary.","$$39600$$","For first stage, increase = 20%. So the new value becomes 120% of the previous value. | \[\Rightarrow 100\%+20\%=120\%\] | So the multiplier for first stage is 120/100. | \[\Rightarrow \text{first stage multiplier}=\frac{120}{100}=1.2\] | Apply the first-stage multiplier to the original salary. | \[\Rightarrow \text{After first stage}=30000\times1.2=36000\] | For second stage, increase = 10%. So the new value becomes 110% of the previous value. | \[\Rightarrow 100\%+10\%=110\%\] | So the multiplier for second stage is 110/100. | \[\Rightarrow \text{second stage multiplier}=\frac{110}{100}=1.1\] | Now multiply by both stage multipliers to get the final salary. | \[\Rightarrow \text{Final salary}=30000\times1.2\times1.1=39600\] | So the final salary is Rs. 39600. | \[\Rightarrow \text{Final salary}=39600\]","PASS"
"en","PCT-CP-002","PCT-QL-004","PCT-ES-002","Easy","successiveDecrease","ABSOLUTE","A salary of Rs. 20000 first decreased by 10% and then by 15%. Find the final salary.","$$15300$$","For first stage, decrease = 10%. So the new value becomes 90% of the previous value. | \[\Rightarrow 100\%-10\%=90\%\] | 90% can also be written as the fraction 9/10. | \[\Rightarrow 90\%=\frac{9}{10}\] | So the multiplier for first stage is 90/100. | \[\Rightarrow \text{first stage multiplier}=\frac{90}{100}=0.9\] | Apply the first-stage multiplier to the original salary. | \[\Rightarrow \text{After first stage}=20000\times0.9=18000\] | For second stage, decrease = 15%. So the new value becomes 85% of the previous value. | \[\Rightarrow 100\%-15\%=85\%\] | So the multiplier for second stage is 85/100. | \[\Rightarrow \text{second stage multiplier}=\frac{85}{100}=0.85\] | Now multiply by both stage multipliers to get the final salary. | \[\Rightarrow \text{Final salary}=20000\times0.9\times0.85=15300\] | So the final salary is Rs. 15300. | \[\Rightarrow \text{Final salary}=15300\]","PASS"
"en","PCT-CP-003","PCT-QL-006","PCT-ES-003","Medium","increaseThenDecrease","COUNT","A production of 1000 first increased by 15% and then decreased by 20%. Find the final production.","$$920$$","For first stage, increase = 15%. So the new value becomes 115% of the previous value. | \[\Rightarrow 100\%+15\%=115\%\] | So the multiplier for first stage is 115/100. | \[\Rightarrow \text{first stage multiplier}=\frac{115}{100}=1.15\] | Apply the first-stage multiplier to the original production. | \[\Rightarrow \text{After first stage}=1000\times1.15=1150\] | For second stage, decrease = 20%. So the new value becomes 80% of the previous value. | \[\Rightarrow 100\%-20\%=80\%\] | 80% can also be written as the fraction 4/5. | \[\Rightarrow 80\%=\frac{4}{5}\] | So the multiplier for second stage is 80/100. | \[\Rightarrow \text{second stage multiplier}=\frac{80}{100}=0.8\] | Now multiply by both stage multipliers to get the final production. | \[\Rightarrow \text{Final production}=1000\times1.15\times0.8=920\] | So the final production is 920. | \[\Rightarrow \text{Final production}=920\]","PASS"
"en","PCT-CP-004","PCT-QL-008","PCT-ES-004","Medium","decreaseThenIncrease","COUNT","A attendance of 500 first decreased by 20% and then increased by 10%. Find the final attendance.","$$440$$","For first stage, decrease = 20%. So the new value becomes 80% of the previous value. | \[\Rightarrow 100\%-20\%=80\%\] | 80% can also be written as the fraction 4/5. | \[\Rightarrow 80\%=\frac{4}{5}\] | So the multiplier for first stage is 80/100. | \[\Rightarrow \text{first stage multiplier}=\frac{80}{100}=0.8\] | Apply the first-stage multiplier to the original attendance. | \[\Rightarrow \text{After first stage}=500\times0.8=400\] | For second stage, increase = 10%. So the new value becomes 110% of the previous value. | \[\Rightarrow 100\%+10\%=110\%\] | So the multiplier for second stage is 110/100. | \[\Rightarrow \text{second stage multiplier}=\frac{110}{100}=1.1\] | Now multiply by both stage multipliers to get the final attendance. | \[\Rightarrow \text{Final attendance}=500\times0.8\times1.1=440\] | So the final attendance is 440. | \[\Rightarrow \text{Final attendance}=440\]","PASS"
"en","PCT-CP-005","PCT-QL-010","PCT-ES-005","Easy","netPercentageChange","PERCENT","A value first increased by 20% and then decreased by 15%. Find the net percentage change.","$$2\%$$","For first stage, increase = 20%. So the new value becomes 120% of the previous value. | \[\Rightarrow 100\%+20\%=120\%\] | So the multiplier for first stage is 120/100. | \[\Rightarrow \text{first stage multiplier}=\frac{120}{100}=1.2\] | For second stage, decrease = 15%. So the new value becomes 85% of the previous value. | \[\Rightarrow 100\%-15\%=85\%\] | So the multiplier for second stage is 85/100. | \[\Rightarrow \text{second stage multiplier}=\frac{85}{100}=0.85\] | Multiply the two stage multipliers to get the overall multiplier. | \[\Rightarrow \text{Overall multiplier}=1.2\times0.85=1.02\] | Now compare this overall multiplier with 1 to find the net percentage change. | \[\Rightarrow \text{Net change}=\left(1.02-1\right)\times100=2\%\] | Overall change = increase of 2%. | \[\Rightarrow \text{Net percentage change}=2\%\]","PASS"
"en","PCT-CP-006","PCT-QL-012","PCT-ES-006","Medium","equivalentSingleMultiplier","ABSOLUTE","Find the equivalent single multiplier for a value that first changes by +10% and then by -5%.","$$1.045$$","For first stage, increase = 10%. So the new value becomes 110% of the previous value. | \[\Rightarrow 100\%+10\%=110\%\] | So the multiplier for first stage is 110/100. | \[\Rightarrow \text{first stage multiplier}=\frac{110}{100}=1.1\] | For second stage, decrease = 5%. So the new value becomes 95% of the previous value. | \[\Rightarrow 100\%-5\%=95\%\] | So the multiplier for second stage is 95/100. | \[\Rightarrow \text{second stage multiplier}=\frac{95}{100}=0.95\] | Multiply the stage multipliers to get one equivalent multiplier. | \[\Rightarrow \text{Equivalent multiplier}=1.1\times0.95=1.045\] | So the single equivalent multiplier is 1.045. | \[\Rightarrow \text{Equivalent multiplier}=1.045\]","PASS"
"en","PCT-CP-007","PCT-QL-014","PCT-ES-007","Medium","reverseSuccessiveChange","ABSOLUTE","After successive changes of +20% and -15%, the final value became 1224. Find the original value.","$$1200$$","For first stage, increase = 20%. So the new value becomes 120% of the previous value. | \[\Rightarrow 100\%+20\%=120\%\] | So the multiplier for first stage is 120/100. | \[\Rightarrow \text{first stage multiplier}=\frac{120}{100}=1.2\] | For second stage, decrease = 15%. So the new value becomes 85% of the previous value. | \[\Rightarrow 100\%-15\%=85\%\] | So the multiplier for second stage is 85/100. | \[\Rightarrow \text{second stage multiplier}=\frac{85}{100}=0.85\] | Multiply the stage multipliers to get the overall multiplier. | \[\Rightarrow \text{Overall multiplier}=1.2\times0.85=1.02\] | The final value is already known. So divide it by the overall multiplier to get the original value. | \[\Rightarrow \text{Original value}=\frac{1224}{1.02}=1200\] | So the original value was 1200. | \[\Rightarrow \text{Original value}=1200\]","PASS"
"en","PCT-CP-008","PCT-QL-016","PCT-ES-008","Hard","comparativeSuccessiveChange","ABSOLUTE","salary A was Rs. 40000 and changed by +10% and -10%. salary B was Rs. 20000 and changed by +15% and +15%. Find the difference between their final values.","$$13150$$","For salary A first stage, increase = 10%. So the new value becomes 110% of the previous value. | \[\Rightarrow 100\%+10\%=110\%\] | So the multiplier for salary A first stage is 110/100. | \[\Rightarrow \text{salary A first stage multiplier}=\frac{110}{100}=1.1\] | For salary A second stage, decrease = 10%. So the new value becomes 90% of the previous value. | \[\Rightarrow 100\%-10\%=90\%\] | 90% can also be written as the fraction 9/10. | \[\Rightarrow 90\%=\frac{9}{10}\] | So the multiplier for salary A second stage is 90/100. | \[\Rightarrow \text{salary A second stage multiplier}=\frac{90}{100}=0.9\] | So the final value of salary A is found by applying its combined multiplier. | \[\Rightarrow \text{Final salary A}=40000\times0.99=39600\] | For salary B first stage, increase = 15%. So the new value becomes 115% of the previous value. | \[\Rightarrow 100\%+15\%=115\%\] | So the multiplier for salary B first stage is 115/100. | \[\Rightarrow \text{salary B first stage multiplier}=\frac{115}{100}=1.15\] | For salary B second stage, increase = 15%. So the new value becomes 115% of the previous value. | \[\Rightarrow 100\%+15\%=115\%\] | So the multiplier for salary B second stage is 115/100. | \[\Rightarrow \text{salary B second stage multiplier}=\frac{115}{100}=1.15\] | So the final value of salary B is found by applying its combined multiplier. | \[\Rightarrow \text{Final salary B}=20000\times1.3225=26450\] | Now compare the two final values. | \[\Rightarrow \text{Difference}=\left|39600-26450\right|=13150\] | So the difference between the final values is Rs. 13150. | \[\Rightarrow \text{Difference}=13150\]","PASS"
"en","PCT-CP-009","PCT-QL-018","PCT-ES-009","Hard","multiStageSuccessiveChange","ABSOLUTE","A value of 5000 changed successively by +10%, +20%, -5%, and +15%. Find the final value.","$$7210.5$$","For stage 1, increase = 10%. So the new value becomes 110% of the previous value. | \[\Rightarrow 100\%+10\%=110\%\] | So the multiplier for stage 1 is 110/100. | \[\Rightarrow \text{stage 1 multiplier}=\frac{110}{100}=1.1\] | For stage 2, increase = 20%. So the new value becomes 120% of the previous value. | \[\Rightarrow 100\%+20\%=120\%\] | So the multiplier for stage 2 is 120/100. | \[\Rightarrow \text{stage 2 multiplier}=\frac{120}{100}=1.2\] | For stage 3, decrease = 5%. So the new value becomes 95% of the previous value. | \[\Rightarrow 100\%-5\%=95\%\] | So the multiplier for stage 3 is 95/100. | \[\Rightarrow \text{stage 3 multiplier}=\frac{95}{100}=0.95\] | For stage 4, increase = 15%. So the new value becomes 115% of the previous value. | \[\Rightarrow 100\%+15\%=115\%\] | So the multiplier for stage 4 is 115/100. | \[\Rightarrow \text{stage 4 multiplier}=\frac{115}{100}=1.15\] | Multiply all the stage multipliers to get one overall multiplier. | \[\Rightarrow \text{Overall multiplier}=1.1\times1.2\times0.95\times1.15=1.4421\] | Now multiply the original value by the overall multiplier. | \[\Rightarrow \text{Final value}=5000\times1.1\times1.2\times0.95\times1.15=7210.5\] | So the final value is 7210.5. | \[\Rightarrow \text{Final value}=7210.5\]","PASS"
"en","PCT-CP-010","PCT-QL-020","PCT-ES-010","Hard","contextualSuccessiveChange","ABSOLUTE","A sales of Rs. 30000 first increased by 15%, then increased by 12%, and finally decreased by 10%. Find the final sales.","$$34776$$","For stage 1, increase = 15%. So the new value becomes 115% of the previous value. | \[\Rightarrow 100\%+15\%=115\%\] | So the multiplier for stage 1 is 115/100. | \[\Rightarrow \text{stage 1 multiplier}=\frac{115}{100}=1.15\] | For stage 2, increase = 12%. So the new value becomes 112% of the previous value. | \[\Rightarrow 100\%+12\%=112\%\] | So the multiplier for stage 2 is 112/100. | \[\Rightarrow \text{stage 2 multiplier}=\frac{112}{100}=1.12\] | For stage 3, decrease = 10%. So the new value becomes 90% of the previous value. | \[\Rightarrow 100\%-10\%=90\%\] | 90% can also be written as the fraction 9/10. | \[\Rightarrow 90\%=\frac{9}{10}\] | So the multiplier for stage 3 is 90/100. | \[\Rightarrow \text{stage 3 multiplier}=\frac{90}{100}=0.9\] | Multiply all the stage multipliers to get one overall multiplier. | \[\Rightarrow \text{Overall multiplier}=1.15\times1.12\times0.9=1.1592\] | Now multiply the original sales by the overall multiplier. | \[\Rightarrow \text{Final sales}=30000\times1.15\times1.12\times0.9=34776\] | So the final sales is Rs. 34776. | \[\Rightarrow \text{Final sales}=34776\]","PASS"
"en","PCT-CP-001","PCT-QL-001","PCT-ES-001","Easy","successiveIncrease","ABSOLUTE","A value increased by 12% and then by 20%. If the original value was 1000, find the final value.","$$1344$$","For first stage, increase = 12%. So the new value becomes 112% of the previous value. | \[\Rightarrow 100\%+12\%=112\%\] | So the multiplier for first stage is 112/100. | \[\Rightarrow \text{first stage multiplier}=\frac{112}{100}=1.12\] | Apply the first-stage multiplier to the original value. | \[\Rightarrow \text{After first stage}=1000\times1.12=1120\] | For second stage, increase = 20%. So the new value becomes 120% of the previous value. | \[\Rightarrow 100\%+20\%=120\%\] | So the multiplier for second stage is 120/100. | \[\Rightarrow \text{second stage multiplier}=\frac{120}{100}=1.2\] | Now multiply by both stage multipliers to get the final value. | \[\Rightarrow \text{Final value}=1000\times1.12\times1.2=1344\] | So the final value is 1344. | \[\Rightarrow \text{Final value}=1344\]","PASS"
"en","PCT-CP-002","PCT-QL-003","PCT-ES-002","Easy","successiveDecrease","COUNT","A population decreased by 15% and then by 25%. If the original population was 2000, find the final population.","$$1275$$","For first stage, decrease = 15%. So the new value becomes 85% of the previous value. | \[\Rightarrow 100\%-15\%=85\%\] | So the multiplier for first stage is 85/100. | \[\Rightarrow \text{first stage multiplier}=\frac{85}{100}=0.85\] | Apply the first-stage multiplier to the original population. | \[\Rightarrow \text{After first stage}=2000\times0.85=1700\] | For second stage, decrease = 25%. So the new value becomes 75% of the previous value. | \[\Rightarrow 100\%-25\%=75\%\] | 75% can also be written as the fraction 3/4. | \[\Rightarrow 75\%=\frac{3}{4}\] | So the multiplier for second stage is 75/100. | \[\Rightarrow \text{second stage multiplier}=\frac{75}{100}=0.75\] | Now multiply by both stage multipliers to get the final population. | \[\Rightarrow \text{Final population}=2000\times0.85\times0.75=1275\] | So the final population is 1275. | \[\Rightarrow \text{Final population}=1275\]","PASS"
"en","PCT-CP-003","PCT-QL-005","PCT-ES-003","Medium","increaseThenDecrease","ABSOLUTE","A value increased by 20% and then decreased by 25%. If the original value was 5000, find the final value.","$$4500$$","For first stage, increase = 20%. So the new value becomes 120% of the previous value. | \[\Rightarrow 100\%+20\%=120\%\] | So the multiplier for first stage is 120/100. | \[\Rightarrow \text{first stage multiplier}=\frac{120}{100}=1.2\] | Apply the first-stage multiplier to the original value. | \[\Rightarrow \text{After first stage}=5000\times1.2=6000\] | For second stage, decrease = 25%. So the new value becomes 75% of the previous value. | \[\Rightarrow 100\%-25\%=75\%\] | 75% can also be written as the fraction 3/4. | \[\Rightarrow 75\%=\frac{3}{4}\] | So the multiplier for second stage is 75/100. | \[\Rightarrow \text{second stage multiplier}=\frac{75}{100}=0.75\] | Now multiply by both stage multipliers to get the final value. | \[\Rightarrow \text{Final value}=5000\times1.2\times0.75=4500\] | So the final value is 4500. | \[\Rightarrow \text{Final value}=4500\]","PASS"
"en","PCT-CP-004","PCT-QL-007","PCT-ES-004","Medium","decreaseThenIncrease","ABSOLUTE","A value decreased by 25% and then increased by 10%. If the original value was 10000, find the final value.","$$8250$$","For first stage, decrease = 25%. So the new value becomes 75% of the previous value. | \[\Rightarrow 100\%-25\%=75\%\] | 75% can also be written as the fraction 3/4. | \[\Rightarrow 75\%=\frac{3}{4}\] | So the multiplier for first stage is 75/100. | \[\Rightarrow \text{first stage multiplier}=\frac{75}{100}=0.75\] | Apply the first-stage multiplier to the original value. | \[\Rightarrow \text{After first stage}=10000\times0.75=7500\] | For second stage, increase = 10%. So the new value becomes 110% of the previous value. | \[\Rightarrow 100\%+10\%=110\%\] | So the multiplier for second stage is 110/100. | \[\Rightarrow \text{second stage multiplier}=\frac{110}{100}=1.1\] | Now multiply by both stage multipliers to get the final value. | \[\Rightarrow \text{Final value}=10000\times0.75\times1.1=8250\] | So the final value is 8250. | \[\Rightarrow \text{Final value}=8250\]","PASS"
"en","PCT-CP-005","PCT-QL-009","PCT-ES-005","Easy","netPercentageChange","PERCENT","A value increased by 12% and then by 20%. Find the net percentage change.","$$34.4\%$$","For first stage, increase = 12%. So the new value becomes 112% of the previous value. | \[\Rightarrow 100\%+12\%=112\%\] | So the multiplier for first stage is 112/100. | \[\Rightarrow \text{first stage multiplier}=\frac{112}{100}=1.12\] | For second stage, increase = 20%. So the new value becomes 120% of the previous value. | \[\Rightarrow 100\%+20\%=120\%\] | So the multiplier for second stage is 120/100. | \[\Rightarrow \text{second stage multiplier}=\frac{120}{100}=1.2\] | Multiply the two stage multipliers to get the overall multiplier. | \[\Rightarrow \text{Overall multiplier}=1.12\times1.2=1.344\] | Now compare this overall multiplier with 1 to find the net percentage change. | \[\Rightarrow \text{Net change}=\left(1.344-1\right)\times100=34.4\%\] | Overall change = increase of 34.4%. | \[\Rightarrow \text{Net percentage change}=34.4\%\]","PASS"
"en","PCT-CP-006","PCT-QL-011","PCT-ES-006","Medium","equivalentSingleMultiplier","ABSOLUTE","Find the equivalent single multiplier for a value that first changes by +25% and then by +20%.","$$1.5$$","For first stage, increase = 25%. So the new value becomes 125% of the previous value. | \[\Rightarrow 100\%+25\%=125\%\] | So the multiplier for first stage is 125/100. | \[\Rightarrow \text{first stage multiplier}=\frac{125}{100}=1.25\] | For second stage, increase = 20%. So the new value becomes 120% of the previous value. | \[\Rightarrow 100\%+20\%=120\%\] | So the multiplier for second stage is 120/100. | \[\Rightarrow \text{second stage multiplier}=\frac{120}{100}=1.2\] | Multiply the stage multipliers to get one equivalent multiplier. | \[\Rightarrow \text{Equivalent multiplier}=1.25\times1.2=1.5\] | So the single equivalent multiplier is 1.5. | \[\Rightarrow \text{Equivalent multiplier}=1.5\]","PASS"
"en","PCT-CP-007","PCT-QL-013","PCT-ES-007","Medium","reverseSuccessiveChange","ABSOLUTE","After successive changes of +25% and +10%, the final value became 825. Find the original value.","$$600$$","For first stage, increase = 25%. So the new value becomes 125% of the previous value. | \[\Rightarrow 100\%+25\%=125\%\] | So the multiplier for first stage is 125/100. | \[\Rightarrow \text{first stage multiplier}=\frac{125}{100}=1.25\] | For second stage, increase = 10%. So the new value becomes 110% of the previous value. | \[\Rightarrow 100\%+10\%=110\%\] | So the multiplier for second stage is 110/100. | \[\Rightarrow \text{second stage multiplier}=\frac{110}{100}=1.1\] | Multiply the stage multipliers to get the overall multiplier. | \[\Rightarrow \text{Overall multiplier}=1.25\times1.1=1.375\] | The final value is already known. So divide it by the overall multiplier to get the original value. | \[\Rightarrow \text{Original value}=\frac{825}{1.375}=600\] | So the original value was 600. | \[\Rightarrow \text{Original value}=600\]","PASS"
"en","PCT-CP-008","PCT-QL-015","PCT-ES-008","Hard","comparativeSuccessiveChange","ABSOLUTE","A was 5000 and changed by +10% and +20%. B was 1000 and changed by +12% and +20%. Find the difference between their final values.","$$5256$$","For A first stage, increase = 10%. So the new value becomes 110% of the previous value. | \[\Rightarrow 100\%+10\%=110\%\] | So the multiplier for A first stage is 110/100. | \[\Rightarrow \text{A first stage multiplier}=\frac{110}{100}=1.1\] | For A second stage, increase = 20%. So the new value becomes 120% of the previous value. | \[\Rightarrow 100\%+20\%=120\%\] | So the multiplier for A second stage is 120/100. | \[\Rightarrow \text{A second stage multiplier}=\frac{120}{100}=1.2\] | So the final value of A is found by applying its combined multiplier. | \[\Rightarrow \text{Final A}=5000\times1.32=6600\] | For B first stage, increase = 12%. So the new value becomes 112% of the previous value. | \[\Rightarrow 100\%+12\%=112\%\] | So the multiplier for B first stage is 112/100. | \[\Rightarrow \text{B first stage multiplier}=\frac{112}{100}=1.12\] | For B second stage, increase = 20%. So the new value becomes 120% of the previous value. | \[\Rightarrow 100\%+20\%=120\%\] | So the multiplier for B second stage is 120/100. | \[\Rightarrow \text{B second stage multiplier}=\frac{120}{100}=1.2\] | So the final value of B is found by applying its combined multiplier. | \[\Rightarrow \text{Final B}=1000\times1.344=1344\] | Now compare the two final values. | \[\Rightarrow \text{Difference}=\left|6600-1344\right|=5256\] | So the difference between the final values is 5256. | \[\Rightarrow \text{Difference}=5256\]","PASS"
"en","PCT-CP-009","PCT-QL-017","PCT-ES-009","Hard","multiStageSuccessiveChange","ABSOLUTE","A value of 5000 changed successively by +10%, +15%, and -10%. Find the final value.","$$5692.5$$","For stage 1, increase = 10%. So the new value becomes 110% of the previous value. | \[\Rightarrow 100\%+10\%=110\%\] | So the multiplier for stage 1 is 110/100. | \[\Rightarrow \text{stage 1 multiplier}=\frac{110}{100}=1.1\] | For stage 2, increase = 15%. So the new value becomes 115% of the previous value. | \[\Rightarrow 100\%+15\%=115\%\] | So the multiplier for stage 2 is 115/100. | \[\Rightarrow \text{stage 2 multiplier}=\frac{115}{100}=1.15\] | For stage 3, decrease = 10%. So the new value becomes 90% of the previous value. | \[\Rightarrow 100\%-10\%=90\%\] | 90% can also be written as the fraction 9/10. | \[\Rightarrow 90\%=\frac{9}{10}\] | So the multiplier for stage 3 is 90/100. | \[\Rightarrow \text{stage 3 multiplier}=\frac{90}{100}=0.9\] | Multiply all the stage multipliers to get one overall multiplier. | \[\Rightarrow \text{Overall multiplier}=1.1\times1.15\times0.9=1.1385\] | Now multiply the original value by the overall multiplier. | \[\Rightarrow \text{Final value}=5000\times1.1\times1.15\times0.9=5692.5\] | So the final value is 5692.5. | \[\Rightarrow \text{Final value}=5692.5\]","PASS"
"en","PCT-CP-010","PCT-QL-019","PCT-ES-010","Hard","contextualSuccessiveChange","COUNT","A population of 8000 first increased by 10%, then decreased by 10%, and then increased by 10%. Find the final population.","$$8712$$","For stage 1, increase = 10%. So the new value becomes 110% of the previous value. | \[\Rightarrow 100\%+10\%=110\%\] | So the multiplier for stage 1 is 110/100. | \[\Rightarrow \text{stage 1 multiplier}=\frac{110}{100}=1.1\] | For stage 2, decrease = 10%. So the new value becomes 90% of the previous value. | \[\Rightarrow 100\%-10\%=90\%\] | 90% can also be written as the fraction 9/10. | \[\Rightarrow 90\%=\frac{9}{10}\] | So the multiplier for stage 2 is 90/100. | \[\Rightarrow \text{stage 2 multiplier}=\frac{90}{100}=0.9\] | For stage 3, increase = 10%. So the new value becomes 110% of the previous value. | \[\Rightarrow 100\%+10\%=110\%\] | So the multiplier for stage 3 is 110/100. | \[\Rightarrow \text{stage 3 multiplier}=\frac{110}{100}=1.1\] | Multiply all the stage multipliers to get one overall multiplier. | \[\Rightarrow \text{Overall multiplier}=1.1\times0.9\times1.1=1.089\] | Now multiply the original population by the overall multiplier. | \[\Rightarrow \text{Final population}=8000\times1.1\times0.9\times1.1=8712\] | So the final population is 8712. | \[\Rightarrow \text{Final population}=8712\]","PASS"
"en","PCT-CP-001","PCT-QL-002","PCT-ES-001","Easy","successiveIncrease","ABSOLUTE","A salary of Rs. 50000 first increased by 10% and then by 20%. Find the final salary.","$$66000$$","For first stage, increase = 10%. So the new value becomes 110% of the previous value. | \[\Rightarrow 100\%+10\%=110\%\] | So the multiplier for first stage is 110/100. | \[\Rightarrow \text{first stage multiplier}=\frac{110}{100}=1.1\] | Apply the first-stage multiplier to the original salary. | \[\Rightarrow \text{After first stage}=50000\times1.1=55000\] | For second stage, increase = 20%. So the new value becomes 120% of the previous value. | \[\Rightarrow 100\%+20\%=120\%\] | So the multiplier for second stage is 120/100. | \[\Rightarrow \text{second stage multiplier}=\frac{120}{100}=1.2\] | Now multiply by both stage multipliers to get the final salary. | \[\Rightarrow \text{Final salary}=50000\times1.1\times1.2=66000\] | So the final salary is Rs. 66000. | \[\Rightarrow \text{Final salary}=66000\]","PASS"
"en","PCT-CP-002","PCT-QL-004","PCT-ES-002","Easy","successiveDecrease","ABSOLUTE","A salary of Rs. 20000 first decreased by 12% and then by 20%. Find the final salary.","$$14080$$","For first stage, decrease = 12%. So the new value becomes 88% of the previous value. | \[\Rightarrow 100\%-12\%=88\%\] | So the multiplier for first stage is 88/100. | \[\Rightarrow \text{first stage multiplier}=\frac{88}{100}=0.88\] | Apply the first-stage multiplier to the original salary. | \[\Rightarrow \text{After first stage}=20000\times0.88=17600\] | For second stage, decrease = 20%. So the new value becomes 80% of the previous value. | \[\Rightarrow 100\%-20\%=80\%\] | 80% can also be written as the fraction 4/5. | \[\Rightarrow 80\%=\frac{4}{5}\] | So the multiplier for second stage is 80/100. | \[\Rightarrow \text{second stage multiplier}=\frac{80}{100}=0.8\] | Now multiply by both stage multipliers to get the final salary. | \[\Rightarrow \text{Final salary}=20000\times0.88\times0.8=14080\] | So the final salary is Rs. 14080. | \[\Rightarrow \text{Final salary}=14080\]","PASS"
"en","PCT-CP-003","PCT-QL-006","PCT-ES-003","Medium","increaseThenDecrease","COUNT","A production of 600 first increased by 20% and then decreased by 10%. Find the final production.","$$648$$","For first stage, increase = 20%. So the new value becomes 120% of the previous value. | \[\Rightarrow 100\%+20\%=120\%\] | So the multiplier for first stage is 120/100. | \[\Rightarrow \text{first stage multiplier}=\frac{120}{100}=1.2\] | Apply the first-stage multiplier to the original production. | \[\Rightarrow \text{After first stage}=600\times1.2=720\] | For second stage, decrease = 10%. So the new value becomes 90% of the previous value. | \[\Rightarrow 100\%-10\%=90\%\] | 90% can also be written as the fraction 9/10. | \[\Rightarrow 90\%=\frac{9}{10}\] | So the multiplier for second stage is 90/100. | \[\Rightarrow \text{second stage multiplier}=\frac{90}{100}=0.9\] | Now multiply by both stage multipliers to get the final production. | \[\Rightarrow \text{Final production}=600\times1.2\times0.9=648\] | So the final production is 648. | \[\Rightarrow \text{Final production}=648\]","PASS"
"en","PCT-CP-004","PCT-QL-008","PCT-ES-004","Medium","decreaseThenIncrease","COUNT","A attendance of 1200 first decreased by 10% and then increased by 12%. Find the final attendance.","$$1210$$","For first stage, decrease = 10%. So the new value becomes 90% of the previous value. | \[\Rightarrow 100\%-10\%=90\%\] | 90% can also be written as the fraction 9/10. | \[\Rightarrow 90\%=\frac{9}{10}\] | So the multiplier for first stage is 90/100. | \[\Rightarrow \text{first stage multiplier}=\frac{90}{100}=0.9\] | Apply the first-stage multiplier to the original attendance. | \[\Rightarrow \text{After first stage}=1200\times0.9=1080\] | For second stage, increase = 12%. So the new value becomes 112% of the previous value. | \[\Rightarrow 100\%+12\%=112\%\] | So the multiplier for second stage is 112/100. | \[\Rightarrow \text{second stage multiplier}=\frac{112}{100}=1.12\] | Now multiply by both stage multipliers to get the final attendance. | \[\Rightarrow \text{Final attendance}=1200\times0.9\times1.12=1209.6\] | So the final attendance is 1209.6. | \[\Rightarrow \text{Final attendance}=1210\]","PASS"
"en","PCT-CP-005","PCT-QL-010","PCT-ES-005","Easy","netPercentageChange","PERCENT","A value first increased by 15% and then decreased by 10%. Find the net percentage change.","$$3.5\%$$","For first stage, increase = 15%. So the new value becomes 115% of the previous value. | \[\Rightarrow 100\%+15\%=115\%\] | So the multiplier for first stage is 115/100. | \[\Rightarrow \text{first stage multiplier}=\frac{115}{100}=1.15\] | For second stage, decrease = 10%. So the new value becomes 90% of the previous value. | \[\Rightarrow 100\%-10\%=90\%\] | 90% can also be written as the fraction 9/10. | \[\Rightarrow 90\%=\frac{9}{10}\] | So the multiplier for second stage is 90/100. | \[\Rightarrow \text{second stage multiplier}=\frac{90}{100}=0.9\] | Multiply the two stage multipliers to get the overall multiplier. | \[\Rightarrow \text{Overall multiplier}=1.15\times0.9=1.035\] | Now compare this overall multiplier with 1 to find the net percentage change. | \[\Rightarrow \text{Net change}=\left(1.035-1\right)\times100=3.5\%\] | Overall change = increase of 3.5%. | \[\Rightarrow \text{Net percentage change}=3.5\%\]","PASS"
"en","PCT-CP-006","PCT-QL-012","PCT-ES-006","Medium","equivalentSingleMultiplier","ABSOLUTE","Find the equivalent single multiplier for a value that first changes by +15% and then by -12%.","$$1.012$$","For first stage, increase = 15%. So the new value becomes 115% of the previous value. | \[\Rightarrow 100\%+15\%=115\%\] | So the multiplier for first stage is 115/100. | \[\Rightarrow \text{first stage multiplier}=\frac{115}{100}=1.15\] | For second stage, decrease = 12%. So the new value becomes 88% of the previous value. | \[\Rightarrow 100\%-12\%=88\%\] | So the multiplier for second stage is 88/100. | \[\Rightarrow \text{second stage multiplier}=\frac{88}{100}=0.88\] | Multiply the stage multipliers to get one equivalent multiplier. | \[\Rightarrow \text{Equivalent multiplier}=1.15\times0.88=1.012\] | So the single equivalent multiplier is 1.012. | \[\Rightarrow \text{Equivalent multiplier}=1.012\]","PASS"
"en","PCT-CP-007","PCT-QL-014","PCT-ES-007","Medium","reverseSuccessiveChange","ABSOLUTE","After successive changes of +20% and -15%, the final value became 816. Find the original value.","$$800$$","For first stage, increase = 20%. So the new value becomes 120% of the previous value. | \[\Rightarrow 100\%+20\%=120\%\] | So the multiplier for first stage is 120/100. | \[\Rightarrow \text{first stage multiplier}=\frac{120}{100}=1.2\] | For second stage, decrease = 15%. So the new value becomes 85% of the previous value. | \[\Rightarrow 100\%-15\%=85\%\] | So the multiplier for second stage is 85/100. | \[\Rightarrow \text{second stage multiplier}=\frac{85}{100}=0.85\] | Multiply the stage multipliers to get the overall multiplier. | \[\Rightarrow \text{Overall multiplier}=1.2\times0.85=1.02\] | The final value is already known. So divide it by the overall multiplier to get the original value. | \[\Rightarrow \text{Original value}=\frac{816}{1.02}=800\] | So the original value was 800. | \[\Rightarrow \text{Original value}=800\]","PASS"
"en","PCT-CP-008","PCT-QL-016","PCT-ES-008","Hard","comparativeSuccessiveChange","ABSOLUTE","salary A was Rs. 40000 and changed by +10% and -10%. salary B was Rs. 20000 and changed by +15% and +15%. Find the difference between their final values.","$$13150$$","For salary A first stage, increase = 10%. So the new value becomes 110% of the previous value. | \[\Rightarrow 100\%+10\%=110\%\] | So the multiplier for salary A first stage is 110/100. | \[\Rightarrow \text{salary A first stage multiplier}=\frac{110}{100}=1.1\] | For salary A second stage, decrease = 10%. So the new value becomes 90% of the previous value. | \[\Rightarrow 100\%-10\%=90\%\] | 90% can also be written as the fraction 9/10. | \[\Rightarrow 90\%=\frac{9}{10}\] | So the multiplier for salary A second stage is 90/100. | \[\Rightarrow \text{salary A second stage multiplier}=\frac{90}{100}=0.9\] | So the final value of salary A is found by applying its combined multiplier. | \[\Rightarrow \text{Final salary A}=40000\times0.99=39600\] | For salary B first stage, increase = 15%. So the new value becomes 115% of the previous value. | \[\Rightarrow 100\%+15\%=115\%\] | So the multiplier for salary B first stage is 115/100. | \[\Rightarrow \text{salary B first stage multiplier}=\frac{115}{100}=1.15\] | For salary B second stage, increase = 15%. So the new value becomes 115% of the previous value. | \[\Rightarrow 100\%+15\%=115\%\] | So the multiplier for salary B second stage is 115/100. | \[\Rightarrow \text{salary B second stage multiplier}=\frac{115}{100}=1.15\] | So the final value of salary B is found by applying its combined multiplier. | \[\Rightarrow \text{Final salary B}=20000\times1.3225=26450\] | Now compare the two final values. | \[\Rightarrow \text{Difference}=\left|39600-26450\right|=13150\] | So the difference between the final values is Rs. 13150. | \[\Rightarrow \text{Difference}=13150\]","PASS"
"en","PCT-CP-009","PCT-QL-018","PCT-ES-009","Hard","multiStageSuccessiveChange","ABSOLUTE","A value of 1000 changed successively by +12%, +20%, -5%, and +15%. Find the final value.","$$1468.32$$","For stage 1, increase = 12%. So the new value becomes 112% of the previous value. | \[\Rightarrow 100\%+12\%=112\%\] | So the multiplier for stage 1 is 112/100. | \[\Rightarrow \text{stage 1 multiplier}=\frac{112}{100}=1.12\] | For stage 2, increase = 20%. So the new value becomes 120% of the previous value. | \[\Rightarrow 100\%+20\%=120\%\] | So the multiplier for stage 2 is 120/100. | \[\Rightarrow \text{stage 2 multiplier}=\frac{120}{100}=1.2\] | For stage 3, decrease = 5%. So the new value becomes 95% of the previous value. | \[\Rightarrow 100\%-5\%=95\%\] | So the multiplier for stage 3 is 95/100. | \[\Rightarrow \text{stage 3 multiplier}=\frac{95}{100}=0.95\] | For stage 4, increase = 15%. So the new value becomes 115% of the previous value. | \[\Rightarrow 100\%+15\%=115\%\] | So the multiplier for stage 4 is 115/100. | \[\Rightarrow \text{stage 4 multiplier}=\frac{115}{100}=1.15\] | Multiply all the stage multipliers to get one overall multiplier. | \[\Rightarrow \text{Overall multiplier}=1.12\times1.2\times0.95\times1.15=1.4683\] | Now multiply the original value by the overall multiplier. | \[\Rightarrow \text{Final value}=1000\times1.12\times1.2\times0.95\times1.15=1468.32\] | So the final value is 1468.32. | \[\Rightarrow \text{Final value}=1468.32\]","PASS"
"en","PCT-CP-010","PCT-QL-020","PCT-ES-010","Hard","contextualSuccessiveChange","ABSOLUTE","A sales of Rs. 30000 first increased by 15%, then increased by 12%, and finally decreased by 10%. Find the final sales.","$$34776$$","For stage 1, increase = 15%. So the new value becomes 115% of the previous value. | \[\Rightarrow 100\%+15\%=115\%\] | So the multiplier for stage 1 is 115/100. | \[\Rightarrow \text{stage 1 multiplier}=\frac{115}{100}=1.15\] | For stage 2, increase = 12%. So the new value becomes 112% of the previous value. | \[\Rightarrow 100\%+12\%=112\%\] | So the multiplier for stage 2 is 112/100. | \[\Rightarrow \text{stage 2 multiplier}=\frac{112}{100}=1.12\] | For stage 3, decrease = 10%. So the new value becomes 90% of the previous value. | \[\Rightarrow 100\%-10\%=90\%\] | 90% can also be written as the fraction 9/10. | \[\Rightarrow 90\%=\frac{9}{10}\] | So the multiplier for stage 3 is 90/100. | \[\Rightarrow \text{stage 3 multiplier}=\frac{90}{100}=0.9\] | Multiply all the stage multipliers to get one overall multiplier. | \[\Rightarrow \text{Overall multiplier}=1.15\times1.12\times0.9=1.1592\] | Now multiply the original sales by the overall multiplier. | \[\Rightarrow \text{Final sales}=30000\times1.15\times1.12\times0.9=34776\] | So the final sales is Rs. 34776. | \[\Rightarrow \text{Final sales}=34776\]","PASS"
"en","PCT-CP-001","PCT-QL-001","PCT-ES-001","Easy","successiveIncrease","ABSOLUTE","A value increased by 20% and then by 10%. If the original value was 5000, find the final value.","$$6600$$","For first stage, increase = 20%. So the new value becomes 120% of the previous value. | \[\Rightarrow 100\%+20\%=120\%\] | So the multiplier for first stage is 120/100. | \[\Rightarrow \text{first stage multiplier}=\frac{120}{100}=1.2\] | Apply the first-stage multiplier to the original value. | \[\Rightarrow \text{After first stage}=5000\times1.2=6000\] | For second stage, increase = 10%. So the new value becomes 110% of the previous value. | \[\Rightarrow 100\%+10\%=110\%\] | So the multiplier for second stage is 110/100. | \[\Rightarrow \text{second stage multiplier}=\frac{110}{100}=1.1\] | Now multiply by both stage multipliers to get the final value. | \[\Rightarrow \text{Final value}=5000\times1.2\times1.1=6600\] | So the final value is 6600. | \[\Rightarrow \text{Final value}=6600\]","PASS"
"en","PCT-CP-002","PCT-QL-003","PCT-ES-002","Easy","successiveDecrease","COUNT","A population decreased by 20% and then by 15%. If the original population was 8000, find the final population.","$$5440$$","For first stage, decrease = 20%. So the new value becomes 80% of the previous value. | \[\Rightarrow 100\%-20\%=80\%\] | 80% can also be written as the fraction 4/5. | \[\Rightarrow 80\%=\frac{4}{5}\] | So the multiplier for first stage is 80/100. | \[\Rightarrow \text{first stage multiplier}=\frac{80}{100}=0.8\] | Apply the first-stage multiplier to the original population. | \[\Rightarrow \text{After first stage}=8000\times0.8=6400\] | For second stage, decrease = 15%. So the new value becomes 85% of the previous value. | \[\Rightarrow 100\%-15\%=85\%\] | So the multiplier for second stage is 85/100. | \[\Rightarrow \text{second stage multiplier}=\frac{85}{100}=0.85\] | Now multiply by both stage multipliers to get the final population. | \[\Rightarrow \text{Final population}=8000\times0.8\times0.85=5440\] | So the final population is 5440. | \[\Rightarrow \text{Final population}=5440\]","PASS"
"en","PCT-CP-003","PCT-QL-005","PCT-ES-003","Medium","increaseThenDecrease","ABSOLUTE","A value increased by 10% and then decreased by 20%. If the original value was 1000, find the final value.","$$880$$","For first stage, increase = 10%. So the new value becomes 110% of the previous value. | \[\Rightarrow 100\%+10\%=110\%\] | So the multiplier for first stage is 110/100. | \[\Rightarrow \text{first stage multiplier}=\frac{110}{100}=1.1\] | Apply the first-stage multiplier to the original value. | \[\Rightarrow \text{After first stage}=1000\times1.1=1100\] | For second stage, decrease = 20%. So the new value becomes 80% of the previous value. | \[\Rightarrow 100\%-20\%=80\%\] | 80% can also be written as the fraction 4/5. | \[\Rightarrow 80\%=\frac{4}{5}\] | So the multiplier for second stage is 80/100. | \[\Rightarrow \text{second stage multiplier}=\frac{80}{100}=0.8\] | Now multiply by both stage multipliers to get the final value. | \[\Rightarrow \text{Final value}=1000\times1.1\times0.8=880\] | So the final value is 880. | \[\Rightarrow \text{Final value}=880\]","PASS"
"en","PCT-CP-004","PCT-QL-007","PCT-ES-004","Medium","decreaseThenIncrease","ABSOLUTE","A value decreased by 10% and then increased by 20%. If the original value was 2000, find the final value.","$$2160$$","For first stage, decrease = 10%. So the new value becomes 90% of the previous value. | \[\Rightarrow 100\%-10\%=90\%\] | 90% can also be written as the fraction 9/10. | \[\Rightarrow 90\%=\frac{9}{10}\] | So the multiplier for first stage is 90/100. | \[\Rightarrow \text{first stage multiplier}=\frac{90}{100}=0.9\] | Apply the first-stage multiplier to the original value. | \[\Rightarrow \text{After first stage}=2000\times0.9=1800\] | For second stage, increase = 20%. So the new value becomes 120% of the previous value. | \[\Rightarrow 100\%+20\%=120\%\] | So the multiplier for second stage is 120/100. | \[\Rightarrow \text{second stage multiplier}=\frac{120}{100}=1.2\] | Now multiply by both stage multipliers to get the final value. | \[\Rightarrow \text{Final value}=2000\times0.9\times1.2=2160\] | So the final value is 2160. | \[\Rightarrow \text{Final value}=2160\]","PASS"
"en","PCT-CP-005","PCT-QL-009","PCT-ES-005","Easy","netPercentageChange","PERCENT","A value increased by 20% and then by 10%. Find the net percentage change.","$$32\%$$","For first stage, increase = 20%. So the new value becomes 120% of the previous value. | \[\Rightarrow 100\%+20\%=120\%\] | So the multiplier for first stage is 120/100. | \[\Rightarrow \text{first stage multiplier}=\frac{120}{100}=1.2\] | For second stage, increase = 10%. So the new value becomes 110% of the previous value. | \[\Rightarrow 100\%+10\%=110\%\] | So the multiplier for second stage is 110/100. | \[\Rightarrow \text{second stage multiplier}=\frac{110}{100}=1.1\] | Multiply the two stage multipliers to get the overall multiplier. | \[\Rightarrow \text{Overall multiplier}=1.2\times1.1=1.32\] | Now compare this overall multiplier with 1 to find the net percentage change. | \[\Rightarrow \text{Net change}=\left(1.32-1\right)\times100=32\%\] | Overall change = increase of 32%. | \[\Rightarrow \text{Net percentage change}=32\%\]","PASS"
"en","PCT-CP-006","PCT-QL-011","PCT-ES-006","Medium","equivalentSingleMultiplier","ABSOLUTE","Find the equivalent single multiplier for a value that first changes by +40% and then by +10%.","$$1.54$$","For first stage, increase = 40%. So the new value becomes 140% of the previous value. | \[\Rightarrow 100\%+40\%=140\%\] | So the multiplier for first stage is 140/100. | \[\Rightarrow \text{first stage multiplier}=\frac{140}{100}=1.4\] | For second stage, increase = 10%. So the new value becomes 110% of the previous value. | \[\Rightarrow 100\%+10\%=110\%\] | So the multiplier for second stage is 110/100. | \[\Rightarrow \text{second stage multiplier}=\frac{110}{100}=1.1\] | Multiply the stage multipliers to get one equivalent multiplier. | \[\Rightarrow \text{Equivalent multiplier}=1.4\times1.1=1.54\] | So the single equivalent multiplier is 1.54. | \[\Rightarrow \text{Equivalent multiplier}=1.54\]","PASS"
"en","PCT-CP-007","PCT-QL-013","PCT-ES-007","Medium","reverseSuccessiveChange","ABSOLUTE","After successive changes of +10% and +15%, the final value became 569.25. Find the original value.","$$450$$","For first stage, increase = 10%. So the new value becomes 110% of the previous value. | \[\Rightarrow 100\%+10\%=110\%\] | So the multiplier for first stage is 110/100. | \[\Rightarrow \text{first stage multiplier}=\frac{110}{100}=1.1\] | For second stage, increase = 15%. So the new value becomes 115% of the previous value. | \[\Rightarrow 100\%+15\%=115\%\] | So the multiplier for second stage is 115/100. | \[\Rightarrow \text{second stage multiplier}=\frac{115}{100}=1.15\] | Multiply the stage multipliers to get the overall multiplier. | \[\Rightarrow \text{Overall multiplier}=1.1\times1.15=1.265\] | The final value is already known. So divide it by the overall multiplier to get the original value. | \[\Rightarrow \text{Original value}=\frac{569.25}{1.265}=450\] | So the original value was 450. | \[\Rightarrow \text{Original value}=450\]","PASS"
"en","PCT-CP-008","PCT-QL-015","PCT-ES-008","Hard","comparativeSuccessiveChange","ABSOLUTE","A was 5000 and changed by +12% and +25%. B was 1000 and changed by +15% and +12%. Find the difference between their final values.","$$5712$$","For A first stage, increase = 12%. So the new value becomes 112% of the previous value. | \[\Rightarrow 100\%+12\%=112\%\] | So the multiplier for A first stage is 112/100. | \[\Rightarrow \text{A first stage multiplier}=\frac{112}{100}=1.12\] | For A second stage, increase = 25%. So the new value becomes 125% of the previous value. | \[\Rightarrow 100\%+25\%=125\%\] | So the multiplier for A second stage is 125/100. | \[\Rightarrow \text{A second stage multiplier}=\frac{125}{100}=1.25\] | So the final value of A is found by applying its combined multiplier. | \[\Rightarrow \text{Final A}=5000\times1.4=7000\] | For B first stage, increase = 15%. So the new value becomes 115% of the previous value. | \[\Rightarrow 100\%+15\%=115\%\] | So the multiplier for B first stage is 115/100. | \[\Rightarrow \text{B first stage multiplier}=\frac{115}{100}=1.15\] | For B second stage, increase = 12%. So the new value becomes 112% of the previous value. | \[\Rightarrow 100\%+12\%=112\%\] | So the multiplier for B second stage is 112/100. | \[\Rightarrow \text{B second stage multiplier}=\frac{112}{100}=1.12\] | So the final value of B is found by applying its combined multiplier. | \[\Rightarrow \text{Final B}=1000\times1.288=1288\] | Now compare the two final values. | \[\Rightarrow \text{Difference}=\left|7000-1288\right|=5712\] | So the difference between the final values is 5712. | \[\Rightarrow \text{Difference}=5712\]","PASS"
"en","PCT-CP-009","PCT-QL-017","PCT-ES-009","Hard","multiStageSuccessiveChange","ABSOLUTE","A value of 1000 changed successively by +12%, +15%, and -10%. Find the final value.","$$1159.2$$","For stage 1, increase = 12%. So the new value becomes 112% of the previous value. | \[\Rightarrow 100\%+12\%=112\%\] | So the multiplier for stage 1 is 112/100. | \[\Rightarrow \text{stage 1 multiplier}=\frac{112}{100}=1.12\] | For stage 2, increase = 15%. So the new value becomes 115% of the previous value. | \[\Rightarrow 100\%+15\%=115\%\] | So the multiplier for stage 2 is 115/100. | \[\Rightarrow \text{stage 2 multiplier}=\frac{115}{100}=1.15\] | For stage 3, decrease = 10%. So the new value becomes 90% of the previous value. | \[\Rightarrow 100\%-10\%=90\%\] | 90% can also be written as the fraction 9/10. | \[\Rightarrow 90\%=\frac{9}{10}\] | So the multiplier for stage 3 is 90/100. | \[\Rightarrow \text{stage 3 multiplier}=\frac{90}{100}=0.9\] | Multiply all the stage multipliers to get one overall multiplier. | \[\Rightarrow \text{Overall multiplier}=1.12\times1.15\times0.9=1.1592\] | Now multiply the original value by the overall multiplier. | \[\Rightarrow \text{Final value}=1000\times1.12\times1.15\times0.9=1159.2\] | So the final value is 1159.2. | \[\Rightarrow \text{Final value}=1159.2\]","PASS"
"en","PCT-CP-010","PCT-QL-019","PCT-ES-010","Hard","contextualSuccessiveChange","COUNT","A population of 8000 first increased by 10%, then decreased by 10%, and then increased by 10%. Find the final population.","$$8712$$","For stage 1, increase = 10%. So the new value becomes 110% of the previous value. | \[\Rightarrow 100\%+10\%=110\%\] | So the multiplier for stage 1 is 110/100. | \[\Rightarrow \text{stage 1 multiplier}=\frac{110}{100}=1.1\] | For stage 2, decrease = 10%. So the new value becomes 90% of the previous value. | \[\Rightarrow 100\%-10\%=90\%\] | 90% can also be written as the fraction 9/10. | \[\Rightarrow 90\%=\frac{9}{10}\] | So the multiplier for stage 2 is 90/100. | \[\Rightarrow \text{stage 2 multiplier}=\frac{90}{100}=0.9\] | For stage 3, increase = 10%. So the new value becomes 110% of the previous value. | \[\Rightarrow 100\%+10\%=110\%\] | So the multiplier for stage 3 is 110/100. | \[\Rightarrow \text{stage 3 multiplier}=\frac{110}{100}=1.1\] | Multiply all the stage multipliers to get one overall multiplier. | \[\Rightarrow \text{Overall multiplier}=1.1\times0.9\times1.1=1.089\] | Now multiply the original population by the overall multiplier. | \[\Rightarrow \text{Final population}=8000\times1.1\times0.9\times1.1=8712\] | So the final population is 8712. | \[\Rightarrow \text{Final population}=8712\]","PASS"
"en","PCT-CP-001","PCT-QL-002","PCT-ES-001","Easy","successiveIncrease","ABSOLUTE","A salary of Rs. 30000 first increased by 20% and then by 10%. Find the final salary.","$$39600$$","For first stage, increase = 20%. So the new value becomes 120% of the previous value. | \[\Rightarrow 100\%+20\%=120\%\] | So the multiplier for first stage is 120/100. | \[\Rightarrow \text{first stage multiplier}=\frac{120}{100}=1.2\] | Apply the first-stage multiplier to the original salary. | \[\Rightarrow \text{After first stage}=30000\times1.2=36000\] | For second stage, increase = 10%. So the new value becomes 110% of the previous value. | \[\Rightarrow 100\%+10\%=110\%\] | So the multiplier for second stage is 110/100. | \[\Rightarrow \text{second stage multiplier}=\frac{110}{100}=1.1\] | Now multiply by both stage multipliers to get the final salary. | \[\Rightarrow \text{Final salary}=30000\times1.2\times1.1=39600\] | So the final salary is Rs. 39600. | \[\Rightarrow \text{Final salary}=39600\]","PASS"
"en","PCT-CP-002","PCT-QL-004","PCT-ES-002","Easy","successiveDecrease","ABSOLUTE","A salary of Rs. 20000 first decreased by 15% and then by 10%. Find the final salary.","$$15300$$","For first stage, decrease = 15%. So the new value becomes 85% of the previous value. | \[\Rightarrow 100\%-15\%=85\%\] | So the multiplier for first stage is 85/100. | \[\Rightarrow \text{first stage multiplier}=\frac{85}{100}=0.85\] | Apply the first-stage multiplier to the original salary. | \[\Rightarrow \text{After first stage}=20000\times0.85=17000\] | For second stage, decrease = 10%. So the new value becomes 90% of the previous value. | \[\Rightarrow 100\%-10\%=90\%\] | 90% can also be written as the fraction 9/10. | \[\Rightarrow 90\%=\frac{9}{10}\] | So the multiplier for second stage is 90/100. | \[\Rightarrow \text{second stage multiplier}=\frac{90}{100}=0.9\] | Now multiply by both stage multipliers to get the final salary. | \[\Rightarrow \text{Final salary}=20000\times0.85\times0.9=15300\] | So the final salary is Rs. 15300. | \[\Rightarrow \text{Final salary}=15300\]","PASS"
"en","PCT-CP-003","PCT-QL-006","PCT-ES-003","Medium","increaseThenDecrease","COUNT","A production of 1000 first increased by 10% and then decreased by 15%. Find the final production.","$$935$$","For first stage, increase = 10%. So the new value becomes 110% of the previous value. | \[\Rightarrow 100\%+10\%=110\%\] | So the multiplier for first stage is 110/100. | \[\Rightarrow \text{first stage multiplier}=\frac{110}{100}=1.1\] | Apply the first-stage multiplier to the original production. | \[\Rightarrow \text{After first stage}=1000\times1.1=1100\] | For second stage, decrease = 15%. So the new value becomes 85% of the previous value. | \[\Rightarrow 100\%-15\%=85\%\] | So the multiplier for second stage is 85/100. | \[\Rightarrow \text{second stage multiplier}=\frac{85}{100}=0.85\] | Now multiply by both stage multipliers to get the final production. | \[\Rightarrow \text{Final production}=1000\times1.1\times0.85=935\] | So the final production is 935. | \[\Rightarrow \text{Final production}=935\]","PASS"
"en","PCT-CP-004","PCT-QL-008","PCT-ES-004","Medium","decreaseThenIncrease","COUNT","A attendance of 500 first decreased by 15% and then increased by 15%. Find the final attendance.","$$489$$","For first stage, decrease = 15%. So the new value becomes 85% of the previous value. | \[\Rightarrow 100\%-15\%=85\%\] | So the multiplier for first stage is 85/100. | \[\Rightarrow \text{first stage multiplier}=\frac{85}{100}=0.85\] | Apply the first-stage multiplier to the original attendance. | \[\Rightarrow \text{After first stage}=500\times0.85=425\] | For second stage, increase = 15%. So the new value becomes 115% of the previous value. | \[\Rightarrow 100\%+15\%=115\%\] | So the multiplier for second stage is 115/100. | \[\Rightarrow \text{second stage multiplier}=\frac{115}{100}=1.15\] | Now multiply by both stage multipliers to get the final attendance. | \[\Rightarrow \text{Final attendance}=500\times0.85\times1.15=488.75\] | So the final attendance is 488.75. | \[\Rightarrow \text{Final attendance}=489\]","PASS"
"en","PCT-CP-005","PCT-QL-010","PCT-ES-005","Easy","netPercentageChange","PERCENT","A value first increased by 20% and then decreased by 15%. Find the net percentage change.","$$2\%$$","For first stage, increase = 20%. So the new value becomes 120% of the previous value. | \[\Rightarrow 100\%+20\%=120\%\] | So the multiplier for first stage is 120/100. | \[\Rightarrow \text{first stage multiplier}=\frac{120}{100}=1.2\] | For second stage, decrease = 15%. So the new value becomes 85% of the previous value. | \[\Rightarrow 100\%-15\%=85\%\] | So the multiplier for second stage is 85/100. | \[\Rightarrow \text{second stage multiplier}=\frac{85}{100}=0.85\] | Multiply the two stage multipliers to get the overall multiplier. | \[\Rightarrow \text{Overall multiplier}=1.2\times0.85=1.02\] | Now compare this overall multiplier with 1 to find the net percentage change. | \[\Rightarrow \text{Net change}=\left(1.02-1\right)\times100=2\%\] | Overall change = increase of 2%. | \[\Rightarrow \text{Net percentage change}=2\%\]","PASS"
"en","PCT-CP-006","PCT-QL-012","PCT-ES-006","Medium","equivalentSingleMultiplier","ABSOLUTE","Find the equivalent single multiplier for a value that first changes by +10% and then by -5%.","$$1.045$$","For first stage, increase = 10%. So the new value becomes 110% of the previous value. | \[\Rightarrow 100\%+10\%=110\%\] | So the multiplier for first stage is 110/100. | \[\Rightarrow \text{first stage multiplier}=\frac{110}{100}=1.1\] | For second stage, decrease = 5%. So the new value becomes 95% of the previous value. | \[\Rightarrow 100\%-5\%=95\%\] | So the multiplier for second stage is 95/100. | \[\Rightarrow \text{second stage multiplier}=\frac{95}{100}=0.95\] | Multiply the stage multipliers to get one equivalent multiplier. | \[\Rightarrow \text{Equivalent multiplier}=1.1\times0.95=1.045\] | So the single equivalent multiplier is 1.045. | \[\Rightarrow \text{Equivalent multiplier}=1.045\]","PASS"
"en","PCT-CP-007","PCT-QL-014","PCT-ES-007","Medium","reverseSuccessiveChange","ABSOLUTE","After successive changes of +20% and -15%, the final value became 1224. Find the original value.","$$1200$$","For first stage, increase = 20%. So the new value becomes 120% of the previous value. | \[\Rightarrow 100\%+20\%=120\%\] | So the multiplier for first stage is 120/100. | \[\Rightarrow \text{first stage multiplier}=\frac{120}{100}=1.2\] | For second stage, decrease = 15%. So the new value becomes 85% of the previous value. | \[\Rightarrow 100\%-15\%=85\%\] | So the multiplier for second stage is 85/100. | \[\Rightarrow \text{second stage multiplier}=\frac{85}{100}=0.85\] | Multiply the stage multipliers to get the overall multiplier. | \[\Rightarrow \text{Overall multiplier}=1.2\times0.85=1.02\] | The final value is already known. So divide it by the overall multiplier to get the original value. | \[\Rightarrow \text{Original value}=\frac{1224}{1.02}=1200\] | So the original value was 1200. | \[\Rightarrow \text{Original value}=1200\]","PASS"
"en","PCT-CP-008","PCT-QL-016","PCT-ES-008","Hard","comparativeSuccessiveChange","ABSOLUTE","salary A was Rs. 30000 and changed by +15% and -12%. salary B was Rs. 40000 and changed by +18% and +10%. Find the difference between their final values.","$$21560$$","For salary A first stage, increase = 15%. So the new value becomes 115% of the previous value. | \[\Rightarrow 100\%+15\%=115\%\] | So the multiplier for salary A first stage is 115/100. | \[\Rightarrow \text{salary A first stage multiplier}=\frac{115}{100}=1.15\] | For salary A second stage, decrease = 12%. So the new value becomes 88% of the previous value. | \[\Rightarrow 100\%-12\%=88\%\] | So the multiplier for salary A second stage is 88/100. | \[\Rightarrow \text{salary A second stage multiplier}=\frac{88}{100}=0.88\] | So the final value of salary A is found by applying its combined multiplier. | \[\Rightarrow \text{Final salary A}=30000\times1.012=30360\] | For salary B first stage, increase = 18%. So the new value becomes 118% of the previous value. | \[\Rightarrow 100\%+18\%=118\%\] | So the multiplier for salary B first stage is 118/100. | \[\Rightarrow \text{salary B first stage multiplier}=\frac{118}{100}=1.18\] | For salary B second stage, increase = 10%. So the new value becomes 110% of the previous value. | \[\Rightarrow 100\%+10\%=110\%\] | So the multiplier for salary B second stage is 110/100. | \[\Rightarrow \text{salary B second stage multiplier}=\frac{110}{100}=1.1\] | So the final value of salary B is found by applying its combined multiplier. | \[\Rightarrow \text{Final salary B}=40000\times1.298=51920\] | Now compare the two final values. | \[\Rightarrow \text{Difference}=\left|30360-51920\right|=21560\] | So the difference between the final values is Rs. 21560. | \[\Rightarrow \text{Difference}=21560\]","PASS"
"en","PCT-CP-009","PCT-QL-018","PCT-ES-009","Hard","multiStageSuccessiveChange","ABSOLUTE","A value of 1000 changed successively by +15%, +20%, -5%, and +15%. Find the final value.","$$1507.65$$","For stage 1, increase = 15%. So the new value becomes 115% of the previous value. | \[\Rightarrow 100\%+15\%=115\%\] | So the multiplier for stage 1 is 115/100. | \[\Rightarrow \text{stage 1 multiplier}=\frac{115}{100}=1.15\] | For stage 2, increase = 20%. So the new value becomes 120% of the previous value. | \[\Rightarrow 100\%+20\%=120\%\] | So the multiplier for stage 2 is 120/100. | \[\Rightarrow \text{stage 2 multiplier}=\frac{120}{100}=1.2\] | For stage 3, decrease = 5%. So the new value becomes 95% of the previous value. | \[\Rightarrow 100\%-5\%=95\%\] | So the multiplier for stage 3 is 95/100. | \[\Rightarrow \text{stage 3 multiplier}=\frac{95}{100}=0.95\] | For stage 4, increase = 15%. So the new value becomes 115% of the previous value. | \[\Rightarrow 100\%+15\%=115\%\] | So the multiplier for stage 4 is 115/100. | \[\Rightarrow \text{stage 4 multiplier}=\frac{115}{100}=1.15\] | Multiply all the stage multipliers to get one overall multiplier. | \[\Rightarrow \text{Overall multiplier}=1.15\times1.2\times0.95\times1.15=1.5077\] | Now multiply the original value by the overall multiplier. | \[\Rightarrow \text{Final value}=1000\times1.15\times1.2\times0.95\times1.15=1507.65\] | So the final value is 1507.65. | \[\Rightarrow \text{Final value}=1507.65\]","PASS"
"en","PCT-CP-010","PCT-QL-020","PCT-ES-010","Hard","contextualSuccessiveChange","ABSOLUTE","A sales of Rs. 30000 first increased by 15%, then increased by 12%, and finally decreased by 10%. Find the final sales.","$$34776$$","For stage 1, increase = 15%. So the new value becomes 115% of the previous value. | \[\Rightarrow 100\%+15\%=115\%\] | So the multiplier for stage 1 is 115/100. | \[\Rightarrow \text{stage 1 multiplier}=\frac{115}{100}=1.15\] | For stage 2, increase = 12%. So the new value becomes 112% of the previous value. | \[\Rightarrow 100\%+12\%=112\%\] | So the multiplier for stage 2 is 112/100. | \[\Rightarrow \text{stage 2 multiplier}=\frac{112}{100}=1.12\] | For stage 3, decrease = 10%. So the new value becomes 90% of the previous value. | \[\Rightarrow 100\%-10\%=90\%\] | 90% can also be written as the fraction 9/10. | \[\Rightarrow 90\%=\frac{9}{10}\] | So the multiplier for stage 3 is 90/100. | \[\Rightarrow \text{stage 3 multiplier}=\frac{90}{100}=0.9\] | Multiply all the stage multipliers to get one overall multiplier. | \[\Rightarrow \text{Overall multiplier}=1.15\times1.12\times0.9=1.1592\] | Now multiply the original sales by the overall multiplier. | \[\Rightarrow \text{Final sales}=30000\times1.15\times1.12\times0.9=34776\] | So the final sales is Rs. 34776. | \[\Rightarrow \text{Final sales}=34776\]","PASS"
"en","PCT-CP-001","PCT-QL-001","PCT-ES-001","Easy","successiveIncrease","ABSOLUTE","A value increased by 10% and then by 15%. If the original value was 10000, find the final value.","$$12650$$","For first stage, increase = 10%. So the new value becomes 110% of the previous value. | \[\Rightarrow 100\%+10\%=110\%\] | So the multiplier for first stage is 110/100. | \[\Rightarrow \text{first stage multiplier}=\frac{110}{100}=1.1\] | Apply the first-stage multiplier to the original value. | \[\Rightarrow \text{After first stage}=10000\times1.1=11000\] | For second stage, increase = 15%. So the new value becomes 115% of the previous value. | \[\Rightarrow 100\%+15\%=115\%\] | So the multiplier for second stage is 115/100. | \[\Rightarrow \text{second stage multiplier}=\frac{115}{100}=1.15\] | Now multiply by both stage multipliers to get the final value. | \[\Rightarrow \text{Final value}=10000\times1.1\times1.15=12650\] | So the final value is 12650. | \[\Rightarrow \text{Final value}=12650\]","PASS"
"en","PCT-CP-002","PCT-QL-003","PCT-ES-002","Easy","successiveDecrease","COUNT","A population decreased by 15% and then by 20%. If the original population was 1000, find the final population.","$$680$$","For first stage, decrease = 15%. So the new value becomes 85% of the previous value. | \[\Rightarrow 100\%-15\%=85\%\] | So the multiplier for first stage is 85/100. | \[\Rightarrow \text{first stage multiplier}=\frac{85}{100}=0.85\] | Apply the first-stage multiplier to the original population. | \[\Rightarrow \text{After first stage}=1000\times0.85=850\] | For second stage, decrease = 20%. So the new value becomes 80% of the previous value. | \[\Rightarrow 100\%-20\%=80\%\] | 80% can also be written as the fraction 4/5. | \[\Rightarrow 80\%=\frac{4}{5}\] | So the multiplier for second stage is 80/100. | \[\Rightarrow \text{second stage multiplier}=\frac{80}{100}=0.8\] | Now multiply by both stage multipliers to get the final population. | \[\Rightarrow \text{Final population}=1000\times0.85\times0.8=680\] | So the final population is 680. | \[\Rightarrow \text{Final population}=680\]","PASS"
"en","PCT-CP-003","PCT-QL-005","PCT-ES-003","Medium","increaseThenDecrease","ABSOLUTE","A value increased by 25% and then decreased by 10%. If the original value was 2000, find the final value.","$$2250$$","For first stage, increase = 25%. So the new value becomes 125% of the previous value. | \[\Rightarrow 100\%+25\%=125\%\] | So the multiplier for first stage is 125/100. | \[\Rightarrow \text{first stage multiplier}=\frac{125}{100}=1.25\] | Apply the first-stage multiplier to the original value. | \[\Rightarrow \text{After first stage}=2000\times1.25=2500\] | For second stage, decrease = 10%. So the new value becomes 90% of the previous value. | \[\Rightarrow 100\%-10\%=90\%\] | 90% can also be written as the fraction 9/10. | \[\Rightarrow 90\%=\frac{9}{10}\] | So the multiplier for second stage is 90/100. | \[\Rightarrow \text{second stage multiplier}=\frac{90}{100}=0.9\] | Now multiply by both stage multipliers to get the final value. | \[\Rightarrow \text{Final value}=2000\times1.25\times0.9=2250\] | So the final value is 2250. | \[\Rightarrow \text{Final value}=2250\]","PASS"
"en","PCT-CP-004","PCT-QL-007","PCT-ES-004","Medium","decreaseThenIncrease","ABSOLUTE","A value decreased by 10% and then increased by 20%. If the original value was 5000, find the final value.","$$5400$$","For first stage, decrease = 10%. So the new value becomes 90% of the previous value. | \[\Rightarrow 100\%-10\%=90\%\] | 90% can also be written as the fraction 9/10. | \[\Rightarrow 90\%=\frac{9}{10}\] | So the multiplier for first stage is 90/100. | \[\Rightarrow \text{first stage multiplier}=\frac{90}{100}=0.9\] | Apply the first-stage multiplier to the original value. | \[\Rightarrow \text{After first stage}=5000\times0.9=4500\] | For second stage, increase = 20%. So the new value becomes 120% of the previous value. | \[\Rightarrow 100\%+20\%=120\%\] | So the multiplier for second stage is 120/100. | \[\Rightarrow \text{second stage multiplier}=\frac{120}{100}=1.2\] | Now multiply by both stage multipliers to get the final value. | \[\Rightarrow \text{Final value}=5000\times0.9\times1.2=5400\] | So the final value is 5400. | \[\Rightarrow \text{Final value}=5400\]","PASS"
"en","PCT-CP-005","PCT-QL-009","PCT-ES-005","Easy","netPercentageChange","PERCENT","A value increased by 10% and then by 15%. Find the net percentage change.","$$26.5\%$$","For first stage, increase = 10%. So the new value becomes 110% of the previous value. | \[\Rightarrow 100\%+10\%=110\%\] | So the multiplier for first stage is 110/100. | \[\Rightarrow \text{first stage multiplier}=\frac{110}{100}=1.1\] | For second stage, increase = 15%. So the new value becomes 115% of the previous value. | \[\Rightarrow 100\%+15\%=115\%\] | So the multiplier for second stage is 115/100. | \[\Rightarrow \text{second stage multiplier}=\frac{115}{100}=1.15\] | Multiply the two stage multipliers to get the overall multiplier. | \[\Rightarrow \text{Overall multiplier}=1.1\times1.15=1.265\] | Now compare this overall multiplier with 1 to find the net percentage change. | \[\Rightarrow \text{Net change}=\left(1.265-1\right)\times100=26.5\%\] | Overall change = increase of 26.5%. | \[\Rightarrow \text{Net percentage change}=26.5\%\]","PASS"
"en","PCT-CP-006","PCT-QL-011","PCT-ES-006","Medium","equivalentSingleMultiplier","ABSOLUTE","Find the equivalent single multiplier for a value that first changes by +25% and then by +20%.","$$1.5$$","For first stage, increase = 25%. So the new value becomes 125% of the previous value. | \[\Rightarrow 100\%+25\%=125\%\] | So the multiplier for first stage is 125/100. | \[\Rightarrow \text{first stage multiplier}=\frac{125}{100}=1.25\] | For second stage, increase = 20%. So the new value becomes 120% of the previous value. | \[\Rightarrow 100\%+20\%=120\%\] | So the multiplier for second stage is 120/100. | \[\Rightarrow \text{second stage multiplier}=\frac{120}{100}=1.2\] | Multiply the stage multipliers to get one equivalent multiplier. | \[\Rightarrow \text{Equivalent multiplier}=1.25\times1.2=1.5\] | So the single equivalent multiplier is 1.5. | \[\Rightarrow \text{Equivalent multiplier}=1.5\]","PASS"
"en","PCT-CP-007","PCT-QL-013","PCT-ES-007","Medium","reverseSuccessiveChange","ABSOLUTE","After successive changes of +25% and +10%, the final value became 742.5. Find the original value.","$$540$$","For first stage, increase = 25%. So the new value becomes 125% of the previous value. | \[\Rightarrow 100\%+25\%=125\%\] | So the multiplier for first stage is 125/100. | \[\Rightarrow \text{first stage multiplier}=\frac{125}{100}=1.25\] | For second stage, increase = 10%. So the new value becomes 110% of the previous value. | \[\Rightarrow 100\%+10\%=110\%\] | So the multiplier for second stage is 110/100. | \[\Rightarrow \text{second stage multiplier}=\frac{110}{100}=1.1\] | Multiply the stage multipliers to get the overall multiplier. | \[\Rightarrow \text{Overall multiplier}=1.25\times1.1=1.375\] | The final value is already known. So divide it by the overall multiplier to get the original value. | \[\Rightarrow \text{Original value}=\frac{742.5}{1.375}=540\] | So the original value was 540. | \[\Rightarrow \text{Original value}=540\]","PASS"
"en","PCT-CP-008","PCT-QL-015","PCT-ES-008","Hard","comparativeSuccessiveChange","ABSOLUTE","A was 2000 and changed by +12% and +25%. B was 5000 and changed by +15% and +12%. Find the difference between their final values.","$$3640$$","For A first stage, increase = 12%. So the new value becomes 112% of the previous value. | \[\Rightarrow 100\%+12\%=112\%\] | So the multiplier for A first stage is 112/100. | \[\Rightarrow \text{A first stage multiplier}=\frac{112}{100}=1.12\] | For A second stage, increase = 25%. So the new value becomes 125% of the previous value. | \[\Rightarrow 100\%+25\%=125\%\] | So the multiplier for A second stage is 125/100. | \[\Rightarrow \text{A second stage multiplier}=\frac{125}{100}=1.25\] | So the final value of A is found by applying its combined multiplier. | \[\Rightarrow \text{Final A}=2000\times1.4=2800\] | For B first stage, increase = 15%. So the new value becomes 115% of the previous value. | \[\Rightarrow 100\%+15\%=115\%\] | So the multiplier for B first stage is 115/100. | \[\Rightarrow \text{B first stage multiplier}=\frac{115}{100}=1.15\] | For B second stage, increase = 12%. So the new value becomes 112% of the previous value. | \[\Rightarrow 100\%+12\%=112\%\] | So the multiplier for B second stage is 112/100. | \[\Rightarrow \text{B second stage multiplier}=\frac{112}{100}=1.12\] | So the final value of B is found by applying its combined multiplier. | \[\Rightarrow \text{Final B}=5000\times1.288=6440\] | Now compare the two final values. | \[\Rightarrow \text{Difference}=\left|2800-6440\right|=3640\] | So the difference between the final values is 3640. | \[\Rightarrow \text{Difference}=3640\]","PASS"
"en","PCT-CP-009","PCT-QL-017","PCT-ES-009","Hard","multiStageSuccessiveChange","ABSOLUTE","A value of 1000 changed successively by +10%, +20%, and -5%. Find the final value.","$$1254$$","For stage 1, increase = 10%. So the new value becomes 110% of the previous value. | \[\Rightarrow 100\%+10\%=110\%\] | So the multiplier for stage 1 is 110/100. | \[\Rightarrow \text{stage 1 multiplier}=\frac{110}{100}=1.1\] | For stage 2, increase = 20%. So the new value becomes 120% of the previous value. | \[\Rightarrow 100\%+20\%=120\%\] | So the multiplier for stage 2 is 120/100. | \[\Rightarrow \text{stage 2 multiplier}=\frac{120}{100}=1.2\] | For stage 3, decrease = 5%. So the new value becomes 95% of the previous value. | \[\Rightarrow 100\%-5\%=95\%\] | So the multiplier for stage 3 is 95/100. | \[\Rightarrow \text{stage 3 multiplier}=\frac{95}{100}=0.95\] | Multiply all the stage multipliers to get one overall multiplier. | \[\Rightarrow \text{Overall multiplier}=1.1\times1.2\times0.95=1.254\] | Now multiply the original value by the overall multiplier. | \[\Rightarrow \text{Final value}=1000\times1.1\times1.2\times0.95=1254\] | So the final value is 1254. | \[\Rightarrow \text{Final value}=1254\]","PASS"
"en","PCT-CP-010","PCT-QL-019","PCT-ES-010","Hard","contextualSuccessiveChange","COUNT","A population of 10000 first increased by 15%, then decreased by 5%, and then increased by 12%. Find the final population.","$$12236$$","For stage 1, increase = 15%. So the new value becomes 115% of the previous value. | \[\Rightarrow 100\%+15\%=115\%\] | So the multiplier for stage 1 is 115/100. | \[\Rightarrow \text{stage 1 multiplier}=\frac{115}{100}=1.15\] | For stage 2, decrease = 5%. So the new value becomes 95% of the previous value. | \[\Rightarrow 100\%-5\%=95\%\] | So the multiplier for stage 2 is 95/100. | \[\Rightarrow \text{stage 2 multiplier}=\frac{95}{100}=0.95\] | For stage 3, increase = 12%. So the new value becomes 112% of the previous value. | \[\Rightarrow 100\%+12\%=112\%\] | So the multiplier for stage 3 is 112/100. | \[\Rightarrow \text{stage 3 multiplier}=\frac{112}{100}=1.12\] | Multiply all the stage multipliers to get one overall multiplier. | \[\Rightarrow \text{Overall multiplier}=1.15\times0.95\times1.12=1.2236\] | Now multiply the original population by the overall multiplier. | \[\Rightarrow \text{Final population}=10000\times1.15\times0.95\times1.12=12236\] | So the final population is 12236. | \[\Rightarrow \text{Final population}=12236\]","PASS"
"en","PCT-CP-001","PCT-QL-002","PCT-ES-001","Easy","successiveIncrease","ABSOLUTE","A salary of Rs. 40000 first increased by 15% and then by 25%. Find the final salary.","$$57500$$","For first stage, increase = 15%. So the new value becomes 115% of the previous value. | \[\Rightarrow 100\%+15\%=115\%\] | So the multiplier for first stage is 115/100. | \[\Rightarrow \text{first stage multiplier}=\frac{115}{100}=1.15\] | Apply the first-stage multiplier to the original salary. | \[\Rightarrow \text{After first stage}=40000\times1.15=46000\] | For second stage, increase = 25%. So the new value becomes 125% of the previous value. | \[\Rightarrow 100\%+25\%=125\%\] | So the multiplier for second stage is 125/100. | \[\Rightarrow \text{second stage multiplier}=\frac{125}{100}=1.25\] | Now multiply by both stage multipliers to get the final salary. | \[\Rightarrow \text{Final salary}=40000\times1.15\times1.25=57500\] | So the final salary is Rs. 57500. | \[\Rightarrow \text{Final salary}=57500\]","PASS"
"en","PCT-CP-002","PCT-QL-004","PCT-ES-002","Easy","successiveDecrease","ABSOLUTE","A salary of Rs. 30000 first decreased by 15% and then by 10%. Find the final salary.","$$22950$$","For first stage, decrease = 15%. So the new value becomes 85% of the previous value. | \[\Rightarrow 100\%-15\%=85\%\] | So the multiplier for first stage is 85/100. | \[\Rightarrow \text{first stage multiplier}=\frac{85}{100}=0.85\] | Apply the first-stage multiplier to the original salary. | \[\Rightarrow \text{After first stage}=30000\times0.85=25500\] | For second stage, decrease = 10%. So the new value becomes 90% of the previous value. | \[\Rightarrow 100\%-10\%=90\%\] | 90% can also be written as the fraction 9/10. | \[\Rightarrow 90\%=\frac{9}{10}\] | So the multiplier for second stage is 90/100. | \[\Rightarrow \text{second stage multiplier}=\frac{90}{100}=0.9\] | Now multiply by both stage multipliers to get the final salary. | \[\Rightarrow \text{Final salary}=30000\times0.85\times0.9=22950\] | So the final salary is Rs. 22950. | \[\Rightarrow \text{Final salary}=22950\]","PASS"
"en","PCT-CP-003","PCT-QL-006","PCT-ES-003","Medium","increaseThenDecrease","COUNT","A production of 400 first increased by 20% and then decreased by 10%. Find the final production.","$$432$$","For first stage, increase = 20%. So the new value becomes 120% of the previous value. | \[\Rightarrow 100\%+20\%=120\%\] | So the multiplier for first stage is 120/100. | \[\Rightarrow \text{first stage multiplier}=\frac{120}{100}=1.2\] | Apply the first-stage multiplier to the original production. | \[\Rightarrow \text{After first stage}=400\times1.2=480\] | For second stage, decrease = 10%. So the new value becomes 90% of the previous value. | \[\Rightarrow 100\%-10\%=90\%\] | 90% can also be written as the fraction 9/10. | \[\Rightarrow 90\%=\frac{9}{10}\] | So the multiplier for second stage is 90/100. | \[\Rightarrow \text{second stage multiplier}=\frac{90}{100}=0.9\] | Now multiply by both stage multipliers to get the final production. | \[\Rightarrow \text{Final production}=400\times1.2\times0.9=432\] | So the final production is 432. | \[\Rightarrow \text{Final production}=432\]","PASS"
"en","PCT-CP-004","PCT-QL-008","PCT-ES-004","Medium","decreaseThenIncrease","COUNT","A attendance of 800 first decreased by 10% and then increased by 12%. Find the final attendance.","$$806$$","For first stage, decrease = 10%. So the new value becomes 90% of the previous value. | \[\Rightarrow 100\%-10\%=90\%\] | 90% can also be written as the fraction 9/10. | \[\Rightarrow 90\%=\frac{9}{10}\] | So the multiplier for first stage is 90/100. | \[\Rightarrow \text{first stage multiplier}=\frac{90}{100}=0.9\] | Apply the first-stage multiplier to the original attendance. | \[\Rightarrow \text{After first stage}=800\times0.9=720\] | For second stage, increase = 12%. So the new value becomes 112% of the previous value. | \[\Rightarrow 100\%+12\%=112\%\] | So the multiplier for second stage is 112/100. | \[\Rightarrow \text{second stage multiplier}=\frac{112}{100}=1.12\] | Now multiply by both stage multipliers to get the final attendance. | \[\Rightarrow \text{Final attendance}=800\times0.9\times1.12=806.4\] | So the final attendance is 806.4. | \[\Rightarrow \text{Final attendance}=806\]","PASS"
"en","PCT-CP-005","PCT-QL-010","PCT-ES-005","Easy","netPercentageChange","PERCENT","A value first increased by 15% and then decreased by 5%. Find the net percentage change.","$$9.25\%$$","For first stage, increase = 15%. So the new value becomes 115% of the previous value. | \[\Rightarrow 100\%+15\%=115\%\] | So the multiplier for first stage is 115/100. | \[\Rightarrow \text{first stage multiplier}=\frac{115}{100}=1.15\] | For second stage, decrease = 5%. So the new value becomes 95% of the previous value. | \[\Rightarrow 100\%-5\%=95\%\] | So the multiplier for second stage is 95/100. | \[\Rightarrow \text{second stage multiplier}=\frac{95}{100}=0.95\] | Multiply the two stage multipliers to get the overall multiplier. | \[\Rightarrow \text{Overall multiplier}=1.15\times0.95=1.0925\] | Now compare this overall multiplier with 1 to find the net percentage change. | \[\Rightarrow \text{Net change}=\left(1.0925-1\right)\times100=9.25\%\] | Overall change = increase of 9.25%. | \[\Rightarrow \text{Net percentage change}=9.25\%\]","PASS"
"en","PCT-CP-006","PCT-QL-012","PCT-ES-006","Medium","equivalentSingleMultiplier","ABSOLUTE","Find the equivalent single multiplier for a value that first changes by +20% and then by -10%.","$$1.08$$","For first stage, increase = 20%. So the new value becomes 120% of the previous value. | \[\Rightarrow 100\%+20\%=120\%\] | So the multiplier for first stage is 120/100. | \[\Rightarrow \text{first stage multiplier}=\frac{120}{100}=1.2\] | For second stage, decrease = 10%. So the new value becomes 90% of the previous value. | \[\Rightarrow 100\%-10\%=90\%\] | 90% can also be written as the fraction 9/10. | \[\Rightarrow 90\%=\frac{9}{10}\] | So the multiplier for second stage is 90/100. | \[\Rightarrow \text{second stage multiplier}=\frac{90}{100}=0.9\] | Multiply the stage multipliers to get one equivalent multiplier. | \[\Rightarrow \text{Equivalent multiplier}=1.2\times0.9=1.08\] | So the single equivalent multiplier is 1.08. | \[\Rightarrow \text{Equivalent multiplier}=1.08\]","PASS"
"en","PCT-CP-007","PCT-QL-014","PCT-ES-007","Medium","reverseSuccessiveChange","ABSOLUTE","After successive changes of +25% and -10%, the final value became 562.5. Find the original value.","$$500$$","For first stage, increase = 25%. So the new value becomes 125% of the previous value. | \[\Rightarrow 100\%+25\%=125\%\] | So the multiplier for first stage is 125/100. | \[\Rightarrow \text{first stage multiplier}=\frac{125}{100}=1.25\] | For second stage, decrease = 10%. So the new value becomes 90% of the previous value. | \[\Rightarrow 100\%-10\%=90\%\] | 90% can also be written as the fraction 9/10. | \[\Rightarrow 90\%=\frac{9}{10}\] | So the multiplier for second stage is 90/100. | \[\Rightarrow \text{second stage multiplier}=\frac{90}{100}=0.9\] | Multiply the stage multipliers to get the overall multiplier. | \[\Rightarrow \text{Overall multiplier}=1.25\times0.9=1.125\] | The final value is already known. So divide it by the overall multiplier to get the original value. | \[\Rightarrow \text{Original value}=\frac{562.5}{1.125}=500\] | So the original value was 500. | \[\Rightarrow \text{Original value}=500\]","PASS"
"en","PCT-CP-008","PCT-QL-016","PCT-ES-008","Hard","comparativeSuccessiveChange","ABSOLUTE","salary A was Rs. 30000 and changed by +15% and -12%. salary B was Rs. 40000 and changed by +18% and +10%. Find the difference between their final values.","$$21560$$","For salary A first stage, increase = 15%. So the new value becomes 115% of the previous value. | \[\Rightarrow 100\%+15\%=115\%\] | So the multiplier for salary A first stage is 115/100. | \[\Rightarrow \text{salary A first stage multiplier}=\frac{115}{100}=1.15\] | For salary A second stage, decrease = 12%. So the new value becomes 88% of the previous value. | \[\Rightarrow 100\%-12\%=88\%\] | So the multiplier for salary A second stage is 88/100. | \[\Rightarrow \text{salary A second stage multiplier}=\frac{88}{100}=0.88\] | So the final value of salary A is found by applying its combined multiplier. | \[\Rightarrow \text{Final salary A}=30000\times1.012=30360\] | For salary B first stage, increase = 18%. So the new value becomes 118% of the previous value. | \[\Rightarrow 100\%+18\%=118\%\] | So the multiplier for salary B first stage is 118/100. | \[\Rightarrow \text{salary B first stage multiplier}=\frac{118}{100}=1.18\] | For salary B second stage, increase = 10%. So the new value becomes 110% of the previous value. | \[\Rightarrow 100\%+10\%=110\%\] | So the multiplier for salary B second stage is 110/100. | \[\Rightarrow \text{salary B second stage multiplier}=\frac{110}{100}=1.1\] | So the final value of salary B is found by applying its combined multiplier. | \[\Rightarrow \text{Final salary B}=40000\times1.298=51920\] | Now compare the two final values. | \[\Rightarrow \text{Difference}=\left|30360-51920\right|=21560\] | So the difference between the final values is Rs. 21560. | \[\Rightarrow \text{Difference}=21560\]","PASS"
"en","PCT-CP-009","PCT-QL-018","PCT-ES-009","Hard","multiStageSuccessiveChange","ABSOLUTE","A value of 1000 changed successively by +12%, +15%, -10%, and +10%. Find the final value.","$$1275.12$$","For stage 1, increase = 12%. So the new value becomes 112% of the previous value. | \[\Rightarrow 100\%+12\%=112\%\] | So the multiplier for stage 1 is 112/100. | \[\Rightarrow \text{stage 1 multiplier}=\frac{112}{100}=1.12\] | For stage 2, increase = 15%. So the new value becomes 115% of the previous value. | \[\Rightarrow 100\%+15\%=115\%\] | So the multiplier for stage 2 is 115/100. | \[\Rightarrow \text{stage 2 multiplier}=\frac{115}{100}=1.15\] | For stage 3, decrease = 10%. So the new value becomes 90% of the previous value. | \[\Rightarrow 100\%-10\%=90\%\] | 90% can also be written as the fraction 9/10. | \[\Rightarrow 90\%=\frac{9}{10}\] | So the multiplier for stage 3 is 90/100. | \[\Rightarrow \text{stage 3 multiplier}=\frac{90}{100}=0.9\] | For stage 4, increase = 10%. So the new value becomes 110% of the previous value. | \[\Rightarrow 100\%+10\%=110\%\] | So the multiplier for stage 4 is 110/100. | \[\Rightarrow \text{stage 4 multiplier}=\frac{110}{100}=1.1\] | Multiply all the stage multipliers to get one overall multiplier. | \[\Rightarrow \text{Overall multiplier}=1.12\times1.15\times0.9\times1.1=1.2751\] | Now multiply the original value by the overall multiplier. | \[\Rightarrow \text{Final value}=1000\times1.12\times1.15\times0.9\times1.1=1275.12\] | So the final value is 1275.12. | \[\Rightarrow \text{Final value}=1275.12\]","PASS"
"en","PCT-CP-010","PCT-QL-020","PCT-ES-010","Hard","contextualSuccessiveChange","ABSOLUTE","A sales of Rs. 40000 first increased by 10%, then increased by 20%, and finally decreased by 5%. Find the final sales.","$$50160$$","For stage 1, increase = 10%. So the new value becomes 110% of the previous value. | \[\Rightarrow 100\%+10\%=110\%\] | So the multiplier for stage 1 is 110/100. | \[\Rightarrow \text{stage 1 multiplier}=\frac{110}{100}=1.1\] | For stage 2, increase = 20%. So the new value becomes 120% of the previous value. | \[\Rightarrow 100\%+20\%=120\%\] | So the multiplier for stage 2 is 120/100. | \[\Rightarrow \text{stage 2 multiplier}=\frac{120}{100}=1.2\] | For stage 3, decrease = 5%. So the new value becomes 95% of the previous value. | \[\Rightarrow 100\%-5\%=95\%\] | So the multiplier for stage 3 is 95/100. | \[\Rightarrow \text{stage 3 multiplier}=\frac{95}{100}=0.95\] | Multiply all the stage multipliers to get one overall multiplier. | \[\Rightarrow \text{Overall multiplier}=1.1\times1.2\times0.95=1.254\] | Now multiply the original sales by the overall multiplier. | \[\Rightarrow \text{Final sales}=40000\times1.1\times1.2\times0.95=50160\] | So the final sales is Rs. 50160. | \[\Rightarrow \text{Final sales}=50160\]","PASS"
"en","PCT-CP-001","PCT-QL-001","PCT-ES-001","Easy","successiveIncrease","ABSOLUTE","A value increased by 15% and then by 25%. If the original value was 2000, find the final value.","$$2875$$","For first stage, increase = 15%. So the new value becomes 115% of the previous value. | \[\Rightarrow 100\%+15\%=115\%\] | So the multiplier for first stage is 115/100. | \[\Rightarrow \text{first stage multiplier}=\frac{115}{100}=1.15\] | Apply the first-stage multiplier to the original value. | \[\Rightarrow \text{After first stage}=2000\times1.15=2300\] | For second stage, increase = 25%. So the new value becomes 125% of the previous value. | \[\Rightarrow 100\%+25\%=125\%\] | So the multiplier for second stage is 125/100. | \[\Rightarrow \text{second stage multiplier}=\frac{125}{100}=1.25\] | Now multiply by both stage multipliers to get the final value. | \[\Rightarrow \text{Final value}=2000\times1.15\times1.25=2875\] | So the final value is 2875. | \[\Rightarrow \text{Final value}=2875\]","PASS"
"en","PCT-CP-002","PCT-QL-003","PCT-ES-002","Easy","successiveDecrease","COUNT","A population decreased by 20% and then by 10%. If the original population was 5000, find the final population.","$$3600$$","For first stage, decrease = 20%. So the new value becomes 80% of the previous value. | \[\Rightarrow 100\%-20\%=80\%\] | 80% can also be written as the fraction 4/5. | \[\Rightarrow 80\%=\frac{4}{5}\] | So the multiplier for first stage is 80/100. | \[\Rightarrow \text{first stage multiplier}=\frac{80}{100}=0.8\] | Apply the first-stage multiplier to the original population. | \[\Rightarrow \text{After first stage}=5000\times0.8=4000\] | For second stage, decrease = 10%. So the new value becomes 90% of the previous value. | \[\Rightarrow 100\%-10\%=90\%\] | 90% can also be written as the fraction 9/10. | \[\Rightarrow 90\%=\frac{9}{10}\] | So the multiplier for second stage is 90/100. | \[\Rightarrow \text{second stage multiplier}=\frac{90}{100}=0.9\] | Now multiply by both stage multipliers to get the final population. | \[\Rightarrow \text{Final population}=5000\times0.8\times0.9=3600\] | So the final population is 3600. | \[\Rightarrow \text{Final population}=3600\]","PASS"
"en","PCT-CP-003","PCT-QL-005","PCT-ES-003","Medium","increaseThenDecrease","ABSOLUTE","A value increased by 10% and then decreased by 20%. If the original value was 10000, find the final value.","$$8800$$","For first stage, increase = 10%. So the new value becomes 110% of the previous value. | \[\Rightarrow 100\%+10\%=110\%\] | So the multiplier for first stage is 110/100. | \[\Rightarrow \text{first stage multiplier}=\frac{110}{100}=1.1\] | Apply the first-stage multiplier to the original value. | \[\Rightarrow \text{After first stage}=10000\times1.1=11000\] | For second stage, decrease = 20%. So the new value becomes 80% of the previous value. | \[\Rightarrow 100\%-20\%=80\%\] | 80% can also be written as the fraction 4/5. | \[\Rightarrow 80\%=\frac{4}{5}\] | So the multiplier for second stage is 80/100. | \[\Rightarrow \text{second stage multiplier}=\frac{80}{100}=0.8\] | Now multiply by both stage multipliers to get the final value. | \[\Rightarrow \text{Final value}=10000\times1.1\times0.8=8800\] | So the final value is 8800. | \[\Rightarrow \text{Final value}=8800\]","PASS"
"en","PCT-CP-004","PCT-QL-007","PCT-ES-004","Medium","decreaseThenIncrease","ABSOLUTE","A value decreased by 20% and then increased by 25%. If the original value was 1000, find the final value.","$$1000$$","For first stage, decrease = 20%. So the new value becomes 80% of the previous value. | \[\Rightarrow 100\%-20\%=80\%\] | 80% can also be written as the fraction 4/5. | \[\Rightarrow 80\%=\frac{4}{5}\] | So the multiplier for first stage is 80/100. | \[\Rightarrow \text{first stage multiplier}=\frac{80}{100}=0.8\] | Apply the first-stage multiplier to the original value. | \[\Rightarrow \text{After first stage}=1000\times0.8=800\] | For second stage, increase = 25%. So the new value becomes 125% of the previous value. | \[\Rightarrow 100\%+25\%=125\%\] | So the multiplier for second stage is 125/100. | \[\Rightarrow \text{second stage multiplier}=\frac{125}{100}=1.25\] | Now multiply by both stage multipliers to get the final value. | \[\Rightarrow \text{Final value}=1000\times0.8\times1.25=1000\] | So the final value is 1000. | \[\Rightarrow \text{Final value}=1000\]","PASS"
"en","PCT-CP-005","PCT-QL-009","PCT-ES-005","Easy","netPercentageChange","PERCENT","A value increased by 15% and then by 25%. Find the net percentage change.","$$43.75\%$$","For first stage, increase = 15%. So the new value becomes 115% of the previous value. | \[\Rightarrow 100\%+15\%=115\%\] | So the multiplier for first stage is 115/100. | \[\Rightarrow \text{first stage multiplier}=\frac{115}{100}=1.15\] | For second stage, increase = 25%. So the new value becomes 125% of the previous value. | \[\Rightarrow 100\%+25\%=125\%\] | So the multiplier for second stage is 125/100. | \[\Rightarrow \text{second stage multiplier}=\frac{125}{100}=1.25\] | Multiply the two stage multipliers to get the overall multiplier. | \[\Rightarrow \text{Overall multiplier}=1.15\times1.25=1.4375\] | Now compare this overall multiplier with 1 to find the net percentage change. | \[\Rightarrow \text{Net change}=\left(1.4375-1\right)\times100=43.75\%\] | Overall change = increase of 43.75%. | \[\Rightarrow \text{Net percentage change}=43.75\%\]","PASS"
"en","PCT-CP-006","PCT-QL-011","PCT-ES-006","Medium","equivalentSingleMultiplier","ABSOLUTE","Find the equivalent single multiplier for a value that first changes by +40% and then by +10%.","$$1.54$$","For first stage, increase = 40%. So the new value becomes 140% of the previous value. | \[\Rightarrow 100\%+40\%=140\%\] | So the multiplier for first stage is 140/100. | \[\Rightarrow \text{first stage multiplier}=\frac{140}{100}=1.4\] | For second stage, increase = 10%. So the new value becomes 110% of the previous value. | \[\Rightarrow 100\%+10\%=110\%\] | So the multiplier for second stage is 110/100. | \[\Rightarrow \text{second stage multiplier}=\frac{110}{100}=1.1\] | Multiply the stage multipliers to get one equivalent multiplier. | \[\Rightarrow \text{Equivalent multiplier}=1.4\times1.1=1.54\] | So the single equivalent multiplier is 1.54. | \[\Rightarrow \text{Equivalent multiplier}=1.54\]","PASS"
"en","PCT-CP-007","PCT-QL-013","PCT-ES-007","Medium","reverseSuccessiveChange","ABSOLUTE","After successive changes of +10% and +15%, the final value became 910.8. Find the original value.","$$720$$","For first stage, increase = 10%. So the new value becomes 110% of the previous value. | \[\Rightarrow 100\%+10\%=110\%\] | So the multiplier for first stage is 110/100. | \[\Rightarrow \text{first stage multiplier}=\frac{110}{100}=1.1\] | For second stage, increase = 15%. So the new value becomes 115% of the previous value. | \[\Rightarrow 100\%+15\%=115\%\] | So the multiplier for second stage is 115/100. | \[\Rightarrow \text{second stage multiplier}=\frac{115}{100}=1.15\] | Multiply the stage multipliers to get the overall multiplier. | \[\Rightarrow \text{Overall multiplier}=1.1\times1.15=1.265\] | The final value is already known. So divide it by the overall multiplier to get the original value. | \[\Rightarrow \text{Original value}=\frac{910.8}{1.265}=720\] | So the original value was 720. | \[\Rightarrow \text{Original value}=720\]","PASS"
"en","PCT-CP-008","PCT-QL-015","PCT-ES-008","Hard","comparativeSuccessiveChange","ABSOLUTE","A was 2000 and changed by +15% and +15%. B was 5000 and changed by +10% and +15%. Find the difference between their final values.","$$3680$$","For A first stage, increase = 15%. So the new value becomes 115% of the previous value. | \[\Rightarrow 100\%+15\%=115\%\] | So the multiplier for A first stage is 115/100. | \[\Rightarrow \text{A first stage multiplier}=\frac{115}{100}=1.15\] | For A second stage, increase = 15%. So the new value becomes 115% of the previous value. | \[\Rightarrow 100\%+15\%=115\%\] | So the multiplier for A second stage is 115/100. | \[\Rightarrow \text{A second stage multiplier}=\frac{115}{100}=1.15\] | So the final value of A is found by applying its combined multiplier. | \[\Rightarrow \text{Final A}=2000\times1.3225=2645\] | For B first stage, increase = 10%. So the new value becomes 110% of the previous value. | \[\Rightarrow 100\%+10\%=110\%\] | So the multiplier for B first stage is 110/100. | \[\Rightarrow \text{B first stage multiplier}=\frac{110}{100}=1.1\] | For B second stage, increase = 15%. So the new value becomes 115% of the previous value. | \[\Rightarrow 100\%+15\%=115\%\] | So the multiplier for B second stage is 115/100. | \[\Rightarrow \text{B second stage multiplier}=\frac{115}{100}=1.15\] | So the final value of B is found by applying its combined multiplier. | \[\Rightarrow \text{Final B}=5000\times1.265=6325\] | Now compare the two final values. | \[\Rightarrow \text{Difference}=\left|2645-6325\right|=3680\] | So the difference between the final values is 3680. | \[\Rightarrow \text{Difference}=3680\]","PASS"
"en","PCT-CP-009","PCT-QL-017","PCT-ES-009","Hard","multiStageSuccessiveChange","ABSOLUTE","A value of 1000 changed successively by +15%, +20%, and -5%. Find the final value.","$$1311$$","For stage 1, increase = 15%. So the new value becomes 115% of the previous value. | \[\Rightarrow 100\%+15\%=115\%\] | So the multiplier for stage 1 is 115/100. | \[\Rightarrow \text{stage 1 multiplier}=\frac{115}{100}=1.15\] | For stage 2, increase = 20%. So the new value becomes 120% of the previous value. | \[\Rightarrow 100\%+20\%=120\%\] | So the multiplier for stage 2 is 120/100. | \[\Rightarrow \text{stage 2 multiplier}=\frac{120}{100}=1.2\] | For stage 3, decrease = 5%. So the new value becomes 95% of the previous value. | \[\Rightarrow 100\%-5\%=95\%\] | So the multiplier for stage 3 is 95/100. | \[\Rightarrow \text{stage 3 multiplier}=\frac{95}{100}=0.95\] | Multiply all the stage multipliers to get one overall multiplier. | \[\Rightarrow \text{Overall multiplier}=1.15\times1.2\times0.95=1.311\] | Now multiply the original value by the overall multiplier. | \[\Rightarrow \text{Final value}=1000\times1.15\times1.2\times0.95=1311\] | So the final value is 1311. | \[\Rightarrow \text{Final value}=1311\]","PASS"
"en","PCT-CP-010","PCT-QL-019","PCT-ES-010","Hard","contextualSuccessiveChange","COUNT","A population of 10000 first increased by 15%, then decreased by 5%, and then increased by 12%. Find the final population.","$$12236$$","For stage 1, increase = 15%. So the new value becomes 115% of the previous value. | \[\Rightarrow 100\%+15\%=115\%\] | So the multiplier for stage 1 is 115/100. | \[\Rightarrow \text{stage 1 multiplier}=\frac{115}{100}=1.15\] | For stage 2, decrease = 5%. So the new value becomes 95% of the previous value. | \[\Rightarrow 100\%-5\%=95\%\] | So the multiplier for stage 2 is 95/100. | \[\Rightarrow \text{stage 2 multiplier}=\frac{95}{100}=0.95\] | For stage 3, increase = 12%. So the new value becomes 112% of the previous value. | \[\Rightarrow 100\%+12\%=112\%\] | So the multiplier for stage 3 is 112/100. | \[\Rightarrow \text{stage 3 multiplier}=\frac{112}{100}=1.12\] | Multiply all the stage multipliers to get one overall multiplier. | \[\Rightarrow \text{Overall multiplier}=1.15\times0.95\times1.12=1.2236\] | Now multiply the original population by the overall multiplier. | \[\Rightarrow \text{Final population}=10000\times1.15\times0.95\times1.12=12236\] | So the final population is 12236. | \[\Rightarrow \text{Final population}=12236\]","PASS"
"en","PCT-CP-001","PCT-QL-002","PCT-ES-001","Easy","successiveIncrease","ABSOLUTE","A salary of Rs. 20000 first increased by 20% and then by 10%. Find the final salary.","$$26400$$","For first stage, increase = 20%. So the new value becomes 120% of the previous value. | \[\Rightarrow 100\%+20\%=120\%\] | So the multiplier for first stage is 120/100. | \[\Rightarrow \text{first stage multiplier}=\frac{120}{100}=1.2\] | Apply the first-stage multiplier to the original salary. | \[\Rightarrow \text{After first stage}=20000\times1.2=24000\] | For second stage, increase = 10%. So the new value becomes 110% of the previous value. | \[\Rightarrow 100\%+10\%=110\%\] | So the multiplier for second stage is 110/100. | \[\Rightarrow \text{second stage multiplier}=\frac{110}{100}=1.1\] | Now multiply by both stage multipliers to get the final salary. | \[\Rightarrow \text{Final salary}=20000\times1.2\times1.1=26400\] | So the final salary is Rs. 26400. | \[\Rightarrow \text{Final salary}=26400\]","PASS"
"en","PCT-CP-002","PCT-QL-004","PCT-ES-002","Easy","successiveDecrease","ABSOLUTE","A salary of Rs. 30000 first decreased by 10% and then by 15%. Find the final salary.","$$22950$$","For first stage, decrease = 10%. So the new value becomes 90% of the previous value. | \[\Rightarrow 100\%-10\%=90\%\] | 90% can also be written as the fraction 9/10. | \[\Rightarrow 90\%=\frac{9}{10}\] | So the multiplier for first stage is 90/100. | \[\Rightarrow \text{first stage multiplier}=\frac{90}{100}=0.9\] | Apply the first-stage multiplier to the original salary. | \[\Rightarrow \text{After first stage}=30000\times0.9=27000\] | For second stage, decrease = 15%. So the new value becomes 85% of the previous value. | \[\Rightarrow 100\%-15\%=85\%\] | So the multiplier for second stage is 85/100. | \[\Rightarrow \text{second stage multiplier}=\frac{85}{100}=0.85\] | Now multiply by both stage multipliers to get the final salary. | \[\Rightarrow \text{Final salary}=30000\times0.9\times0.85=22950\] | So the final salary is Rs. 22950. | \[\Rightarrow \text{Final salary}=22950\]","PASS"
"en","PCT-CP-003","PCT-QL-006","PCT-ES-003","Medium","increaseThenDecrease","COUNT","A production of 800 first increased by 10% and then decreased by 15%. Find the final production.","$$748$$","For first stage, increase = 10%. So the new value becomes 110% of the previous value. | \[\Rightarrow 100\%+10\%=110\%\] | So the multiplier for first stage is 110/100. | \[\Rightarrow \text{first stage multiplier}=\frac{110}{100}=1.1\] | Apply the first-stage multiplier to the original production. | \[\Rightarrow \text{After first stage}=800\times1.1=880\] | For second stage, decrease = 15%. So the new value becomes 85% of the previous value. | \[\Rightarrow 100\%-15\%=85\%\] | So the multiplier for second stage is 85/100. | \[\Rightarrow \text{second stage multiplier}=\frac{85}{100}=0.85\] | Now multiply by both stage multipliers to get the final production. | \[\Rightarrow \text{Final production}=800\times1.1\times0.85=748\] | So the final production is 748. | \[\Rightarrow \text{Final production}=748\]","PASS"
"en","PCT-CP-004","PCT-QL-008","PCT-ES-004","Medium","decreaseThenIncrease","COUNT","A attendance of 1600 first decreased by 15% and then increased by 15%. Find the final attendance.","$$1564$$","For first stage, decrease = 15%. So the new value becomes 85% of the previous value. | \[\Rightarrow 100\%-15\%=85\%\] | So the multiplier for first stage is 85/100. | \[\Rightarrow \text{first stage multiplier}=\frac{85}{100}=0.85\] | Apply the first-stage multiplier to the original attendance. | \[\Rightarrow \text{After first stage}=1600\times0.85=1360\] | For second stage, increase = 15%. So the new value becomes 115% of the previous value. | \[\Rightarrow 100\%+15\%=115\%\] | So the multiplier for second stage is 115/100. | \[\Rightarrow \text{second stage multiplier}=\frac{115}{100}=1.15\] | Now multiply by both stage multipliers to get the final attendance. | \[\Rightarrow \text{Final attendance}=1600\times0.85\times1.15=1564\] | So the final attendance is 1564. | \[\Rightarrow \text{Final attendance}=1564\]","PASS"
"en","PCT-CP-005","PCT-QL-010","PCT-ES-005","Easy","netPercentageChange","PERCENT","A value first increased by 20% and then decreased by 12%. Find the net percentage change.","$$5.6\%$$","For first stage, increase = 20%. So the new value becomes 120% of the previous value. | \[\Rightarrow 100\%+20\%=120\%\] | So the multiplier for first stage is 120/100. | \[\Rightarrow \text{first stage multiplier}=\frac{120}{100}=1.2\] | For second stage, decrease = 12%. So the new value becomes 88% of the previous value. | \[\Rightarrow 100\%-12\%=88\%\] | So the multiplier for second stage is 88/100. | \[\Rightarrow \text{second stage multiplier}=\frac{88}{100}=0.88\] | Multiply the two stage multipliers to get the overall multiplier. | \[\Rightarrow \text{Overall multiplier}=1.2\times0.88=1.056\] | Now compare this overall multiplier with 1 to find the net percentage change. | \[\Rightarrow \text{Net change}=\left(1.056-1\right)\times100=5.6\%\] | Overall change = increase of 5.6%. | \[\Rightarrow \text{Net percentage change}=5.6\%\]","PASS"
"en","PCT-CP-006","PCT-QL-012","PCT-ES-006","Medium","equivalentSingleMultiplier","ABSOLUTE","Find the equivalent single multiplier for a value that first changes by +10% and then by -15%.","$$0.935$$","For first stage, increase = 10%. So the new value becomes 110% of the previous value. | \[\Rightarrow 100\%+10\%=110\%\] | So the multiplier for first stage is 110/100. | \[\Rightarrow \text{first stage multiplier}=\frac{110}{100}=1.1\] | For second stage, decrease = 15%. So the new value becomes 85% of the previous value. | \[\Rightarrow 100\%-15\%=85\%\] | So the multiplier for second stage is 85/100. | \[\Rightarrow \text{second stage multiplier}=\frac{85}{100}=0.85\] | Multiply the stage multipliers to get one equivalent multiplier. | \[\Rightarrow \text{Equivalent multiplier}=1.1\times0.85=0.935\] | So the single equivalent multiplier is 0.935. | \[\Rightarrow \text{Equivalent multiplier}=0.935\]","PASS"
"en","PCT-CP-007","PCT-QL-014","PCT-ES-007","Medium","reverseSuccessiveChange","ABSOLUTE","After successive changes of +25% and -10%, the final value became 1125. Find the original value.","$$1000$$","For first stage, increase = 25%. So the new value becomes 125% of the previous value. | \[\Rightarrow 100\%+25\%=125\%\] | So the multiplier for first stage is 125/100. | \[\Rightarrow \text{first stage multiplier}=\frac{125}{100}=1.25\] | For second stage, decrease = 10%. So the new value becomes 90% of the previous value. | \[\Rightarrow 100\%-10\%=90\%\] | 90% can also be written as the fraction 9/10. | \[\Rightarrow 90\%=\frac{9}{10}\] | So the multiplier for second stage is 90/100. | \[\Rightarrow \text{second stage multiplier}=\frac{90}{100}=0.9\] | Multiply the stage multipliers to get the overall multiplier. | \[\Rightarrow \text{Overall multiplier}=1.25\times0.9=1.125\] | The final value is already known. So divide it by the overall multiplier to get the original value. | \[\Rightarrow \text{Original value}=\frac{1125}{1.125}=1000\] | So the original value was 1000. | \[\Rightarrow \text{Original value}=1000\]","PASS"
"en","PCT-CP-008","PCT-QL-016","PCT-ES-008","Hard","comparativeSuccessiveChange","ABSOLUTE","salary A was Rs. 30000 and changed by +20% and -5%. salary B was Rs. 40000 and changed by +12% and +12%. Find the difference between their final values.","$$15976$$","For salary A first stage, increase = 20%. So the new value becomes 120% of the previous value. | \[\Rightarrow 100\%+20\%=120\%\] | So the multiplier for salary A first stage is 120/100. | \[\Rightarrow \text{salary A first stage multiplier}=\frac{120}{100}=1.2\] | For salary A second stage, decrease = 5%. So the new value becomes 95% of the previous value. | \[\Rightarrow 100\%-5\%=95\%\] | So the multiplier for salary A second stage is 95/100. | \[\Rightarrow \text{salary A second stage multiplier}=\frac{95}{100}=0.95\] | So the final value of salary A is found by applying its combined multiplier. | \[\Rightarrow \text{Final salary A}=30000\times1.14=34200\] | For salary B first stage, increase = 12%. So the new value becomes 112% of the previous value. | \[\Rightarrow 100\%+12\%=112\%\] | So the multiplier for salary B first stage is 112/100. | \[\Rightarrow \text{salary B first stage multiplier}=\frac{112}{100}=1.12\] | For salary B second stage, increase = 12%. So the new value becomes 112% of the previous value. | \[\Rightarrow 100\%+12\%=112\%\] | So the multiplier for salary B second stage is 112/100. | \[\Rightarrow \text{salary B second stage multiplier}=\frac{112}{100}=1.12\] | So the final value of salary B is found by applying its combined multiplier. | \[\Rightarrow \text{Final salary B}=40000\times1.2544=50176\] | Now compare the two final values. | \[\Rightarrow \text{Difference}=\left|34200-50176\right|=15976\] | So the difference between the final values is Rs. 15976. | \[\Rightarrow \text{Difference}=15976\]","PASS"
"en","PCT-CP-009","PCT-QL-018","PCT-ES-009","Hard","multiStageSuccessiveChange","ABSOLUTE","A value of 2000 changed successively by +15%, +15%, -10%, and +10%. Find the final value.","$$2618.55$$","For stage 1, increase = 15%. So the new value becomes 115% of the previous value. | \[\Rightarrow 100\%+15\%=115\%\] | So the multiplier for stage 1 is 115/100. | \[\Rightarrow \text{stage 1 multiplier}=\frac{115}{100}=1.15\] | For stage 2, increase = 15%. So the new value becomes 115% of the previous value. | \[\Rightarrow 100\%+15\%=115\%\] | So the multiplier for stage 2 is 115/100. | \[\Rightarrow \text{stage 2 multiplier}=\frac{115}{100}=1.15\] | For stage 3, decrease = 10%. So the new value becomes 90% of the previous value. | \[\Rightarrow 100\%-10\%=90\%\] | 90% can also be written as the fraction 9/10. | \[\Rightarrow 90\%=\frac{9}{10}\] | So the multiplier for stage 3 is 90/100. | \[\Rightarrow \text{stage 3 multiplier}=\frac{90}{100}=0.9\] | For stage 4, increase = 10%. So the new value becomes 110% of the previous value. | \[\Rightarrow 100\%+10\%=110\%\] | So the multiplier for stage 4 is 110/100. | \[\Rightarrow \text{stage 4 multiplier}=\frac{110}{100}=1.1\] | Multiply all the stage multipliers to get one overall multiplier. | \[\Rightarrow \text{Overall multiplier}=1.15\times1.15\times0.9\times1.1=1.3093\] | Now multiply the original value by the overall multiplier. | \[\Rightarrow \text{Final value}=2000\times1.15\times1.15\times0.9\times1.1=2618.55\] | So the final value is 2618.55. | \[\Rightarrow \text{Final value}=2618.55\]","PASS"
"en","PCT-CP-010","PCT-QL-020","PCT-ES-010","Hard","contextualSuccessiveChange","ABSOLUTE","A sales of Rs. 40000 first increased by 10%, then increased by 20%, and finally decreased by 5%. Find the final sales.","$$50160$$","For stage 1, increase = 10%. So the new value becomes 110% of the previous value. | \[\Rightarrow 100\%+10\%=110\%\] | So the multiplier for stage 1 is 110/100. | \[\Rightarrow \text{stage 1 multiplier}=\frac{110}{100}=1.1\] | For stage 2, increase = 20%. So the new value becomes 120% of the previous value. | \[\Rightarrow 100\%+20\%=120\%\] | So the multiplier for stage 2 is 120/100. | \[\Rightarrow \text{stage 2 multiplier}=\frac{120}{100}=1.2\] | For stage 3, decrease = 5%. So the new value becomes 95% of the previous value. | \[\Rightarrow 100\%-5\%=95\%\] | So the multiplier for stage 3 is 95/100. | \[\Rightarrow \text{stage 3 multiplier}=\frac{95}{100}=0.95\] | Multiply all the stage multipliers to get one overall multiplier. | \[\Rightarrow \text{Overall multiplier}=1.1\times1.2\times0.95=1.254\] | Now multiply the original sales by the overall multiplier. | \[\Rightarrow \text{Final sales}=40000\times1.1\times1.2\times0.95=50160\] | So the final sales is Rs. 50160. | \[\Rightarrow \text{Final sales}=50160\]","PASS"
"en","PCT-CP-001","PCT-QL-001","PCT-ES-001","Easy","successiveIncrease","ABSOLUTE","A value increased by 10% and then by 15%. If the original value was 10000, find the final value.","$$12650$$","For first stage, increase = 10%. So the new value becomes 110% of the previous value. | \[\Rightarrow 100\%+10\%=110\%\] | So the multiplier for first stage is 110/100. | \[\Rightarrow \text{first stage multiplier}=\frac{110}{100}=1.1\] | Apply the first-stage multiplier to the original value. | \[\Rightarrow \text{After first stage}=10000\times1.1=11000\] | For second stage, increase = 15%. So the new value becomes 115% of the previous value. | \[\Rightarrow 100\%+15\%=115\%\] | So the multiplier for second stage is 115/100. | \[\Rightarrow \text{second stage multiplier}=\frac{115}{100}=1.15\] | Now multiply by both stage multipliers to get the final value. | \[\Rightarrow \text{Final value}=10000\times1.1\times1.15=12650\] | So the final value is 12650. | \[\Rightarrow \text{Final value}=12650\]","PASS"
"en","PCT-CP-002","PCT-QL-003","PCT-ES-002","Easy","successiveDecrease","COUNT","A population decreased by 10% and then by 20%. If the original population was 1000, find the final population.","$$720$$","For first stage, decrease = 10%. So the new value becomes 90% of the previous value. | \[\Rightarrow 100\%-10\%=90\%\] | 90% can also be written as the fraction 9/10. | \[\Rightarrow 90\%=\frac{9}{10}\] | So the multiplier for first stage is 90/100. | \[\Rightarrow \text{first stage multiplier}=\frac{90}{100}=0.9\] | Apply the first-stage multiplier to the original population. | \[\Rightarrow \text{After first stage}=1000\times0.9=900\] | For second stage, decrease = 20%. So the new value becomes 80% of the previous value. | \[\Rightarrow 100\%-20\%=80\%\] | 80% can also be written as the fraction 4/5. | \[\Rightarrow 80\%=\frac{4}{5}\] | So the multiplier for second stage is 80/100. | \[\Rightarrow \text{second stage multiplier}=\frac{80}{100}=0.8\] | Now multiply by both stage multipliers to get the final population. | \[\Rightarrow \text{Final population}=1000\times0.9\times0.8=720\] | So the final population is 720. | \[\Rightarrow \text{Final population}=720\]","PASS"
"en","PCT-CP-003","PCT-QL-005","PCT-ES-003","Medium","increaseThenDecrease","ABSOLUTE","A value increased by 20% and then decreased by 25%. If the original value was 2000, find the final value.","$$1800$$","For first stage, increase = 20%. So the new value becomes 120% of the previous value. | \[\Rightarrow 100\%+20\%=120\%\] | So the multiplier for first stage is 120/100. | \[\Rightarrow \text{first stage multiplier}=\frac{120}{100}=1.2\] | Apply the first-stage multiplier to the original value. | \[\Rightarrow \text{After first stage}=2000\times1.2=2400\] | For second stage, decrease = 25%. So the new value becomes 75% of the previous value. | \[\Rightarrow 100\%-25\%=75\%\] | 75% can also be written as the fraction 3/4. | \[\Rightarrow 75\%=\frac{3}{4}\] | So the multiplier for second stage is 75/100. | \[\Rightarrow \text{second stage multiplier}=\frac{75}{100}=0.75\] | Now multiply by both stage multipliers to get the final value. | \[\Rightarrow \text{Final value}=2000\times1.2\times0.75=1800\] | So the final value is 1800. | \[\Rightarrow \text{Final value}=1800\]","PASS"
"en","PCT-CP-004","PCT-QL-007","PCT-ES-004","Medium","decreaseThenIncrease","ABSOLUTE","A value decreased by 25% and then increased by 10%. If the original value was 5000, find the final value.","$$4125$$","For first stage, decrease = 25%. So the new value becomes 75% of the previous value. | \[\Rightarrow 100\%-25\%=75\%\] | 75% can also be written as the fraction 3/4. | \[\Rightarrow 75\%=\frac{3}{4}\] | So the multiplier for first stage is 75/100. | \[\Rightarrow \text{first stage multiplier}=\frac{75}{100}=0.75\] | Apply the first-stage multiplier to the original value. | \[\Rightarrow \text{After first stage}=5000\times0.75=3750\] | For second stage, increase = 10%. So the new value becomes 110% of the previous value. | \[\Rightarrow 100\%+10\%=110\%\] | So the multiplier for second stage is 110/100. | \[\Rightarrow \text{second stage multiplier}=\frac{110}{100}=1.1\] | Now multiply by both stage multipliers to get the final value. | \[\Rightarrow \text{Final value}=5000\times0.75\times1.1=4125\] | So the final value is 4125. | \[\Rightarrow \text{Final value}=4125\]","PASS"
"en","PCT-CP-005","PCT-QL-009","PCT-ES-005","Easy","netPercentageChange","PERCENT","A value increased by 10% and then by 15%. Find the net percentage change.","$$26.5\%$$","For first stage, increase = 10%. So the new value becomes 110% of the previous value. | \[\Rightarrow 100\%+10\%=110\%\] | So the multiplier for first stage is 110/100. | \[\Rightarrow \text{first stage multiplier}=\frac{110}{100}=1.1\] | For second stage, increase = 15%. So the new value becomes 115% of the previous value. | \[\Rightarrow 100\%+15\%=115\%\] | So the multiplier for second stage is 115/100. | \[\Rightarrow \text{second stage multiplier}=\frac{115}{100}=1.15\] | Multiply the two stage multipliers to get the overall multiplier. | \[\Rightarrow \text{Overall multiplier}=1.1\times1.15=1.265\] | Now compare this overall multiplier with 1 to find the net percentage change. | \[\Rightarrow \text{Net change}=\left(1.265-1\right)\times100=26.5\%\] | Overall change = increase of 26.5%. | \[\Rightarrow \text{Net percentage change}=26.5\%\]","PASS"
"en","PCT-CP-006","PCT-QL-011","PCT-ES-006","Medium","equivalentSingleMultiplier","ABSOLUTE","Find the equivalent single multiplier for a value that first changes by +20% and then by +15%.","$$1.38$$","For first stage, increase = 20%. So the new value becomes 120% of the previous value. | \[\Rightarrow 100\%+20\%=120\%\] | So the multiplier for first stage is 120/100. | \[\Rightarrow \text{first stage multiplier}=\frac{120}{100}=1.2\] | For second stage, increase = 15%. So the new value becomes 115% of the previous value. | \[\Rightarrow 100\%+15\%=115\%\] | So the multiplier for second stage is 115/100. | \[\Rightarrow \text{second stage multiplier}=\frac{115}{100}=1.15\] | Multiply the stage multipliers to get one equivalent multiplier. | \[\Rightarrow \text{Equivalent multiplier}=1.2\times1.15=1.38\] | So the single equivalent multiplier is 1.38. | \[\Rightarrow \text{Equivalent multiplier}=1.38\]","PASS"
"en","PCT-CP-007","PCT-QL-013","PCT-ES-007","Medium","reverseSuccessiveChange","ABSOLUTE","After successive changes of +20% and +20%, the final value became 777.6. Find the original value.","$$540$$","For first stage, increase = 20%. So the new value becomes 120% of the previous value. | \[\Rightarrow 100\%+20\%=120\%\] | So the multiplier for first stage is 120/100. | \[\Rightarrow \text{first stage multiplier}=\frac{120}{100}=1.2\] | For second stage, increase = 20%. So the new value becomes 120% of the previous value. | \[\Rightarrow 100\%+20\%=120\%\] | So the multiplier for second stage is 120/100. | \[\Rightarrow \text{second stage multiplier}=\frac{120}{100}=1.2\] | Multiply the stage multipliers to get the overall multiplier. | \[\Rightarrow \text{Overall multiplier}=1.2\times1.2=1.44\] | The final value is already known. So divide it by the overall multiplier to get the original value. | \[\Rightarrow \text{Original value}=\frac{777.6}{1.44}=540\] | So the original value was 540. | \[\Rightarrow \text{Original value}=540\]","PASS"
"en","PCT-CP-008","PCT-QL-015","PCT-ES-008","Hard","comparativeSuccessiveChange","ABSOLUTE","A was 2000 and changed by +10% and +20%. B was 5000 and changed by +12% and +20%. Find the difference between their final values.","$$4080$$","For A first stage, increase = 10%. So the new value becomes 110% of the previous value. | \[\Rightarrow 100\%+10\%=110\%\] | So the multiplier for A first stage is 110/100. | \[\Rightarrow \text{A first stage multiplier}=\frac{110}{100}=1.1\] | For A second stage, increase = 20%. So the new value becomes 120% of the previous value. | \[\Rightarrow 100\%+20\%=120\%\] | So the multiplier for A second stage is 120/100. | \[\Rightarrow \text{A second stage multiplier}=\frac{120}{100}=1.2\] | So the final value of A is found by applying its combined multiplier. | \[\Rightarrow \text{Final A}=2000\times1.32=2640\] | For B first stage, increase = 12%. So the new value becomes 112% of the previous value. | \[\Rightarrow 100\%+12\%=112\%\] | So the multiplier for B first stage is 112/100. | \[\Rightarrow \text{B first stage multiplier}=\frac{112}{100}=1.12\] | For B second stage, increase = 20%. So the new value becomes 120% of the previous value. | \[\Rightarrow 100\%+20\%=120\%\] | So the multiplier for B second stage is 120/100. | \[\Rightarrow \text{B second stage multiplier}=\frac{120}{100}=1.2\] | So the final value of B is found by applying its combined multiplier. | \[\Rightarrow \text{Final B}=5000\times1.344=6720\] | Now compare the two final values. | \[\Rightarrow \text{Difference}=\left|2640-6720\right|=4080\] | So the difference between the final values is 4080. | \[\Rightarrow \text{Difference}=4080\]","PASS"
"en","PCT-CP-009","PCT-QL-017","PCT-ES-009","Hard","multiStageSuccessiveChange","ABSOLUTE","A value of 2000 changed successively by +10%, +20%, and -5%. Find the final value.","$$2508$$","For stage 1, increase = 10%. So the new value becomes 110% of the previous value. | \[\Rightarrow 100\%+10\%=110\%\] | So the multiplier for stage 1 is 110/100. | \[\Rightarrow \text{stage 1 multiplier}=\frac{110}{100}=1.1\] | For stage 2, increase = 20%. So the new value becomes 120% of the previous value. | \[\Rightarrow 100\%+20\%=120\%\] | So the multiplier for stage 2 is 120/100. | \[\Rightarrow \text{stage 2 multiplier}=\frac{120}{100}=1.2\] | For stage 3, decrease = 5%. So the new value becomes 95% of the previous value. | \[\Rightarrow 100\%-5\%=95\%\] | So the multiplier for stage 3 is 95/100. | \[\Rightarrow \text{stage 3 multiplier}=\frac{95}{100}=0.95\] | Multiply all the stage multipliers to get one overall multiplier. | \[\Rightarrow \text{Overall multiplier}=1.1\times1.2\times0.95=1.254\] | Now multiply the original value by the overall multiplier. | \[\Rightarrow \text{Final value}=2000\times1.1\times1.2\times0.95=2508\] | So the final value is 2508. | \[\Rightarrow \text{Final value}=2508\]","PASS"
"en","PCT-CP-010","PCT-QL-019","PCT-ES-010","Hard","contextualSuccessiveChange","COUNT","A population of 10000 first increased by 15%, then decreased by 5%, and then increased by 12%. Find the final population.","$$12236$$","For stage 1, increase = 15%. So the new value becomes 115% of the previous value. | \[\Rightarrow 100\%+15\%=115\%\] | So the multiplier for stage 1 is 115/100. | \[\Rightarrow \text{stage 1 multiplier}=\frac{115}{100}=1.15\] | For stage 2, decrease = 5%. So the new value becomes 95% of the previous value. | \[\Rightarrow 100\%-5\%=95\%\] | So the multiplier for stage 2 is 95/100. | \[\Rightarrow \text{stage 2 multiplier}=\frac{95}{100}=0.95\] | For stage 3, increase = 12%. So the new value becomes 112% of the previous value. | \[\Rightarrow 100\%+12\%=112\%\] | So the multiplier for stage 3 is 112/100. | \[\Rightarrow \text{stage 3 multiplier}=\frac{112}{100}=1.12\] | Multiply all the stage multipliers to get one overall multiplier. | \[\Rightarrow \text{Overall multiplier}=1.15\times0.95\times1.12=1.2236\] | Now multiply the original population by the overall multiplier. | \[\Rightarrow \text{Final population}=10000\times1.15\times0.95\times1.12=12236\] | So the final population is 12236. | \[\Rightarrow \text{Final population}=12236\]","PASS"
"en","PCT-CP-001","PCT-QL-002","PCT-ES-001","Easy","successiveIncrease","ABSOLUTE","A salary of Rs. 40000 first increased by 10% and then by 20%. Find the final salary.","$$52800$$","For first stage, increase = 10%. So the new value becomes 110% of the previous value. | \[\Rightarrow 100\%+10\%=110\%\] | So the multiplier for first stage is 110/100. | \[\Rightarrow \text{first stage multiplier}=\frac{110}{100}=1.1\] | Apply the first-stage multiplier to the original salary. | \[\Rightarrow \text{After first stage}=40000\times1.1=44000\] | For second stage, increase = 20%. So the new value becomes 120% of the previous value. | \[\Rightarrow 100\%+20\%=120\%\] | So the multiplier for second stage is 120/100. | \[\Rightarrow \text{second stage multiplier}=\frac{120}{100}=1.2\] | Now multiply by both stage multipliers to get the final salary. | \[\Rightarrow \text{Final salary}=40000\times1.1\times1.2=52800\] | So the final salary is Rs. 52800. | \[\Rightarrow \text{Final salary}=52800\]","PASS"
"en","PCT-CP-002","PCT-QL-004","PCT-ES-002","Easy","successiveDecrease","ABSOLUTE","A salary of Rs. 30000 first decreased by 12% and then by 20%. Find the final salary.","$$21120$$","For first stage, decrease = 12%. So the new value becomes 88% of the previous value. | \[\Rightarrow 100\%-12\%=88\%\] | So the multiplier for first stage is 88/100. | \[\Rightarrow \text{first stage multiplier}=\frac{88}{100}=0.88\] | Apply the first-stage multiplier to the original salary. | \[\Rightarrow \text{After first stage}=30000\times0.88=26400\] | For second stage, decrease = 20%. So the new value becomes 80% of the previous value. | \[\Rightarrow 100\%-20\%=80\%\] | 80% can also be written as the fraction 4/5. | \[\Rightarrow 80\%=\frac{4}{5}\] | So the multiplier for second stage is 80/100. | \[\Rightarrow \text{second stage multiplier}=\frac{80}{100}=0.8\] | Now multiply by both stage multipliers to get the final salary. | \[\Rightarrow \text{Final salary}=30000\times0.88\times0.8=21120\] | So the final salary is Rs. 21120. | \[\Rightarrow \text{Final salary}=21120\]","PASS"
"en","PCT-CP-003","PCT-QL-006","PCT-ES-003","Medium","increaseThenDecrease","COUNT","A production of 400 first increased by 20% and then decreased by 10%. Find the final production.","$$432$$","For first stage, increase = 20%. So the new value becomes 120% of the previous value. | \[\Rightarrow 100\%+20\%=120\%\] | So the multiplier for first stage is 120/100. | \[\Rightarrow \text{first stage multiplier}=\frac{120}{100}=1.2\] | Apply the first-stage multiplier to the original production. | \[\Rightarrow \text{After first stage}=400\times1.2=480\] | For second stage, decrease = 10%. So the new value becomes 90% of the previous value. | \[\Rightarrow 100\%-10\%=90\%\] | 90% can also be written as the fraction 9/10. | \[\Rightarrow 90\%=\frac{9}{10}\] | So the multiplier for second stage is 90/100. | \[\Rightarrow \text{second stage multiplier}=\frac{90}{100}=0.9\] | Now multiply by both stage multipliers to get the final production. | \[\Rightarrow \text{Final production}=400\times1.2\times0.9=432\] | So the final production is 432. | \[\Rightarrow \text{Final production}=432\]","PASS"
"en","PCT-CP-004","PCT-QL-008","PCT-ES-004","Medium","decreaseThenIncrease","COUNT","A attendance of 800 first decreased by 20% and then increased by 10%. Find the final attendance.","$$704$$","For first stage, decrease = 20%. So the new value becomes 80% of the previous value. | \[\Rightarrow 100\%-20\%=80\%\] | 80% can also be written as the fraction 4/5. | \[\Rightarrow 80\%=\frac{4}{5}\] | So the multiplier for first stage is 80/100. | \[\Rightarrow \text{first stage multiplier}=\frac{80}{100}=0.8\] | Apply the first-stage multiplier to the original attendance. | \[\Rightarrow \text{After first stage}=800\times0.8=640\] | For second stage, increase = 10%. So the new value becomes 110% of the previous value. | \[\Rightarrow 100\%+10\%=110\%\] | So the multiplier for second stage is 110/100. | \[\Rightarrow \text{second stage multiplier}=\frac{110}{100}=1.1\] | Now multiply by both stage multipliers to get the final attendance. | \[\Rightarrow \text{Final attendance}=800\times0.8\times1.1=704\] | So the final attendance is 704. | \[\Rightarrow \text{Final attendance}=704\]","PASS"
"en","PCT-CP-005","PCT-QL-010","PCT-ES-005","Easy","netPercentageChange","PERCENT","A value first increased by 10% and then decreased by 5%. Find the net percentage change.","$$4.5\%$$","For first stage, increase = 10%. So the new value becomes 110% of the previous value. | \[\Rightarrow 100\%+10\%=110\%\] | So the multiplier for first stage is 110/100. | \[\Rightarrow \text{first stage multiplier}=\frac{110}{100}=1.1\] | For second stage, decrease = 5%. So the new value becomes 95% of the previous value. | \[\Rightarrow 100\%-5\%=95\%\] | So the multiplier for second stage is 95/100. | \[\Rightarrow \text{second stage multiplier}=\frac{95}{100}=0.95\] | Multiply the two stage multipliers to get the overall multiplier. | \[\Rightarrow \text{Overall multiplier}=1.1\times0.95=1.045\] | Now compare this overall multiplier with 1 to find the net percentage change. | \[\Rightarrow \text{Net change}=\left(1.045-1\right)\times100=4.5\%\] | Overall change = increase of 4.5%. | \[\Rightarrow \text{Net percentage change}=4.5\%\]","PASS"
"en","PCT-CP-006","PCT-QL-012","PCT-ES-006","Medium","equivalentSingleMultiplier","ABSOLUTE","Find the equivalent single multiplier for a value that first changes by +15% and then by -10%.","$$1.035$$","For first stage, increase = 15%. So the new value becomes 115% of the previous value. | \[\Rightarrow 100\%+15\%=115\%\] | So the multiplier for first stage is 115/100. | \[\Rightarrow \text{first stage multiplier}=\frac{115}{100}=1.15\] | For second stage, decrease = 10%. So the new value becomes 90% of the previous value. | \[\Rightarrow 100\%-10\%=90\%\] | 90% can also be written as the fraction 9/10. | \[\Rightarrow 90\%=\frac{9}{10}\] | So the multiplier for second stage is 90/100. | \[\Rightarrow \text{second stage multiplier}=\frac{90}{100}=0.9\] | Multiply the stage multipliers to get one equivalent multiplier. | \[\Rightarrow \text{Equivalent multiplier}=1.15\times0.9=1.035\] | So the single equivalent multiplier is 1.035. | \[\Rightarrow \text{Equivalent multiplier}=1.035\]","PASS"
"en","PCT-CP-007","PCT-QL-014","PCT-ES-007","Medium","reverseSuccessiveChange","ABSOLUTE","After successive changes of +25% and -10%, the final value became 562.5. Find the original value.","$$500$$","For first stage, increase = 25%. So the new value becomes 125% of the previous value. | \[\Rightarrow 100\%+25\%=125\%\] | So the multiplier for first stage is 125/100. | \[\Rightarrow \text{first stage multiplier}=\frac{125}{100}=1.25\] | For second stage, decrease = 10%. So the new value becomes 90% of the previous value. | \[\Rightarrow 100\%-10\%=90\%\] | 90% can also be written as the fraction 9/10. | \[\Rightarrow 90\%=\frac{9}{10}\] | So the multiplier for second stage is 90/100. | \[\Rightarrow \text{second stage multiplier}=\frac{90}{100}=0.9\] | Multiply the stage multipliers to get the overall multiplier. | \[\Rightarrow \text{Overall multiplier}=1.25\times0.9=1.125\] | The final value is already known. So divide it by the overall multiplier to get the original value. | \[\Rightarrow \text{Original value}=\frac{562.5}{1.125}=500\] | So the original value was 500. | \[\Rightarrow \text{Original value}=500\]","PASS"
"en","PCT-CP-008","PCT-QL-016","PCT-ES-008","Hard","comparativeSuccessiveChange","ABSOLUTE","salary A was Rs. 30000 and changed by +10% and -10%. salary B was Rs. 40000 and changed by +15% and +15%. Find the difference between their final values.","$$23200$$","For salary A first stage, increase = 10%. So the new value becomes 110% of the previous value. | \[\Rightarrow 100\%+10\%=110\%\] | So the multiplier for salary A first stage is 110/100. | \[\Rightarrow \text{salary A first stage multiplier}=\frac{110}{100}=1.1\] | For salary A second stage, decrease = 10%. So the new value becomes 90% of the previous value. | \[\Rightarrow 100\%-10\%=90\%\] | 90% can also be written as the fraction 9/10. | \[\Rightarrow 90\%=\frac{9}{10}\] | So the multiplier for salary A second stage is 90/100. | \[\Rightarrow \text{salary A second stage multiplier}=\frac{90}{100}=0.9\] | So the final value of salary A is found by applying its combined multiplier. | \[\Rightarrow \text{Final salary A}=30000\times0.99=29700\] | For salary B first stage, increase = 15%. So the new value becomes 115% of the previous value. | \[\Rightarrow 100\%+15\%=115\%\] | So the multiplier for salary B first stage is 115/100. | \[\Rightarrow \text{salary B first stage multiplier}=\frac{115}{100}=1.15\] | For salary B second stage, increase = 15%. So the new value becomes 115% of the previous value. | \[\Rightarrow 100\%+15\%=115\%\] | So the multiplier for salary B second stage is 115/100. | \[\Rightarrow \text{salary B second stage multiplier}=\frac{115}{100}=1.15\] | So the final value of salary B is found by applying its combined multiplier. | \[\Rightarrow \text{Final salary B}=40000\times1.3225=52900\] | Now compare the two final values. | \[\Rightarrow \text{Difference}=\left|29700-52900\right|=23200\] | So the difference between the final values is Rs. 23200. | \[\Rightarrow \text{Difference}=23200\]","PASS"
"en","PCT-CP-009","PCT-QL-018","PCT-ES-009","Hard","multiStageSuccessiveChange","ABSOLUTE","A value of 2000 changed successively by +10%, +15%, -10%, and +10%. Find the final value.","$$2504.7$$","For stage 1, increase = 10%. So the new value becomes 110% of the previous value. | \[\Rightarrow 100\%+10\%=110\%\] | So the multiplier for stage 1 is 110/100. | \[\Rightarrow \text{stage 1 multiplier}=\frac{110}{100}=1.1\] | For stage 2, increase = 15%. So the new value becomes 115% of the previous value. | \[\Rightarrow 100\%+15\%=115\%\] | So the multiplier for stage 2 is 115/100. | \[\Rightarrow \text{stage 2 multiplier}=\frac{115}{100}=1.15\] | For stage 3, decrease = 10%. So the new value becomes 90% of the previous value. | \[\Rightarrow 100\%-10\%=90\%\] | 90% can also be written as the fraction 9/10. | \[\Rightarrow 90\%=\frac{9}{10}\] | So the multiplier for stage 3 is 90/100. | \[\Rightarrow \text{stage 3 multiplier}=\frac{90}{100}=0.9\] | For stage 4, increase = 10%. So the new value becomes 110% of the previous value. | \[\Rightarrow 100\%+10\%=110\%\] | So the multiplier for stage 4 is 110/100. | \[\Rightarrow \text{stage 4 multiplier}=\frac{110}{100}=1.1\] | Multiply all the stage multipliers to get one overall multiplier. | \[\Rightarrow \text{Overall multiplier}=1.1\times1.15\times0.9\times1.1=1.2524\] | Now multiply the original value by the overall multiplier. | \[\Rightarrow \text{Final value}=2000\times1.1\times1.15\times0.9\times1.1=2504.7\] | So the final value is 2504.7. | \[\Rightarrow \text{Final value}=2504.7\]","PASS"
"en","PCT-CP-010","PCT-QL-020","PCT-ES-010","Hard","contextualSuccessiveChange","ABSOLUTE","A sales of Rs. 40000 first increased by 10%, then increased by 20%, and finally decreased by 5%. Find the final sales.","$$50160$$","For stage 1, increase = 10%. So the new value becomes 110% of the previous value. | \[\Rightarrow 100\%+10\%=110\%\] | So the multiplier for stage 1 is 110/100. | \[\Rightarrow \text{stage 1 multiplier}=\frac{110}{100}=1.1\] | For stage 2, increase = 20%. So the new value becomes 120% of the previous value. | \[\Rightarrow 100\%+20\%=120\%\] | So the multiplier for stage 2 is 120/100. | \[\Rightarrow \text{stage 2 multiplier}=\frac{120}{100}=1.2\] | For stage 3, decrease = 5%. So the new value becomes 95% of the previous value. | \[\Rightarrow 100\%-5\%=95\%\] | So the multiplier for stage 3 is 95/100. | \[\Rightarrow \text{stage 3 multiplier}=\frac{95}{100}=0.95\] | Multiply all the stage multipliers to get one overall multiplier. | \[\Rightarrow \text{Overall multiplier}=1.1\times1.2\times0.95=1.254\] | Now multiply the original sales by the overall multiplier. | \[\Rightarrow \text{Final sales}=40000\times1.1\times1.2\times0.95=50160\] | So the final sales is Rs. 50160. | \[\Rightarrow \text{Final sales}=50160\]","PASS"
"en","PCT-CP-001","PCT-QL-001","PCT-ES-001","Easy","successiveIncrease","ABSOLUTE","A value increased by 15% and then by 25%. If the original value was 2000, find the final value.","$$2875$$","For first stage, increase = 15%. So the new value becomes 115% of the previous value. | \[\Rightarrow 100\%+15\%=115\%\] | So the multiplier for first stage is 115/100. | \[\Rightarrow \text{first stage multiplier}=\frac{115}{100}=1.15\] | Apply the first-stage multiplier to the original value. | \[\Rightarrow \text{After first stage}=2000\times1.15=2300\] | For second stage, increase = 25%. So the new value becomes 125% of the previous value. | \[\Rightarrow 100\%+25\%=125\%\] | So the multiplier for second stage is 125/100. | \[\Rightarrow \text{second stage multiplier}=\frac{125}{100}=1.25\] | Now multiply by both stage multipliers to get the final value. | \[\Rightarrow \text{Final value}=2000\times1.15\times1.25=2875\] | So the final value is 2875. | \[\Rightarrow \text{Final value}=2875\]","PASS"
"en","PCT-CP-002","PCT-QL-003","PCT-ES-002","Easy","successiveDecrease","COUNT","A population decreased by 15% and then by 10%. If the original population was 5000, find the final population.","$$3825$$","For first stage, decrease = 15%. So the new value becomes 85% of the previous value. | \[\Rightarrow 100\%-15\%=85\%\] | So the multiplier for first stage is 85/100. | \[\Rightarrow \text{first stage multiplier}=\frac{85}{100}=0.85\] | Apply the first-stage multiplier to the original population. | \[\Rightarrow \text{After first stage}=5000\times0.85=4250\] | For second stage, decrease = 10%. So the new value becomes 90% of the previous value. | \[\Rightarrow 100\%-10\%=90\%\] | 90% can also be written as the fraction 9/10. | \[\Rightarrow 90\%=\frac{9}{10}\] | So the multiplier for second stage is 90/100. | \[\Rightarrow \text{second stage multiplier}=\frac{90}{100}=0.9\] | Now multiply by both stage multipliers to get the final population. | \[\Rightarrow \text{Final population}=5000\times0.85\times0.9=3825\] | So the final population is 3825. | \[\Rightarrow \text{Final population}=3825\]","PASS"
"en","PCT-CP-003","PCT-QL-005","PCT-ES-003","Medium","increaseThenDecrease","ABSOLUTE","A value increased by 25% and then decreased by 10%. If the original value was 10000, find the final value.","$$11250$$","For first stage, increase = 25%. So the new value becomes 125% of the previous value. | \[\Rightarrow 100\%+25\%=125\%\] | So the multiplier for first stage is 125/100. | \[\Rightarrow \text{first stage multiplier}=\frac{125}{100}=1.25\] | Apply the first-stage multiplier to the original value. | \[\Rightarrow \text{After first stage}=10000\times1.25=12500\] | For second stage, decrease = 10%. So the new value becomes 90% of the previous value. | \[\Rightarrow 100\%-10\%=90\%\] | 90% can also be written as the fraction 9/10. | \[\Rightarrow 90\%=\frac{9}{10}\] | So the multiplier for second stage is 90/100. | \[\Rightarrow \text{second stage multiplier}=\frac{90}{100}=0.9\] | Now multiply by both stage multipliers to get the final value. | \[\Rightarrow \text{Final value}=10000\times1.25\times0.9=11250\] | So the final value is 11250. | \[\Rightarrow \text{Final value}=11250\]","PASS"
"en","PCT-CP-004","PCT-QL-007","PCT-ES-004","Medium","decreaseThenIncrease","ABSOLUTE","A value decreased by 10% and then increased by 20%. If the original value was 1000, find the final value.","$$1080$$","For first stage, decrease = 10%. So the new value becomes 90% of the previous value. | \[\Rightarrow 100\%-10\%=90\%\] | 90% can also be written as the fraction 9/10. | \[\Rightarrow 90\%=\frac{9}{10}\] | So the multiplier for first stage is 90/100. | \[\Rightarrow \text{first stage multiplier}=\frac{90}{100}=0.9\] | Apply the first-stage multiplier to the original value. | \[\Rightarrow \text{After first stage}=1000\times0.9=900\] | For second stage, increase = 20%. So the new value becomes 120% of the previous value. | \[\Rightarrow 100\%+20\%=120\%\] | So the multiplier for second stage is 120/100. | \[\Rightarrow \text{second stage multiplier}=\frac{120}{100}=1.2\] | Now multiply by both stage multipliers to get the final value. | \[\Rightarrow \text{Final value}=1000\times0.9\times1.2=1080\] | So the final value is 1080. | \[\Rightarrow \text{Final value}=1080\]","PASS"
"en","PCT-CP-005","PCT-QL-009","PCT-ES-005","Easy","netPercentageChange","PERCENT","A value increased by 15% and then by 25%. Find the net percentage change.","$$43.75\%$$","For first stage, increase = 15%. So the new value becomes 115% of the previous value. | \[\Rightarrow 100\%+15\%=115\%\] | So the multiplier for first stage is 115/100. | \[\Rightarrow \text{first stage multiplier}=\frac{115}{100}=1.15\] | For second stage, increase = 25%. So the new value becomes 125% of the previous value. | \[\Rightarrow 100\%+25\%=125\%\] | So the multiplier for second stage is 125/100. | \[\Rightarrow \text{second stage multiplier}=\frac{125}{100}=1.25\] | Multiply the two stage multipliers to get the overall multiplier. | \[\Rightarrow \text{Overall multiplier}=1.15\times1.25=1.4375\] | Now compare this overall multiplier with 1 to find the net percentage change. | \[\Rightarrow \text{Net change}=\left(1.4375-1\right)\times100=43.75\%\] | Overall change = increase of 43.75%. | \[\Rightarrow \text{Net percentage change}=43.75\%\]","PASS"
"en","PCT-CP-006","PCT-QL-011","PCT-ES-006","Medium","equivalentSingleMultiplier","ABSOLUTE","Find the equivalent single multiplier for a value that first changes by +40% and then by +10%.","$$1.54$$","For first stage, increase = 40%. So the new value becomes 140% of the previous value. | \[\Rightarrow 100\%+40\%=140\%\] | So the multiplier for first stage is 140/100. | \[\Rightarrow \text{first stage multiplier}=\frac{140}{100}=1.4\] | For second stage, increase = 10%. So the new value becomes 110% of the previous value. | \[\Rightarrow 100\%+10\%=110\%\] | So the multiplier for second stage is 110/100. | \[\Rightarrow \text{second stage multiplier}=\frac{110}{100}=1.1\] | Multiply the stage multipliers to get one equivalent multiplier. | \[\Rightarrow \text{Equivalent multiplier}=1.4\times1.1=1.54\] | So the single equivalent multiplier is 1.54. | \[\Rightarrow \text{Equivalent multiplier}=1.54\]","PASS"
"en","PCT-CP-007","PCT-QL-013","PCT-ES-007","Medium","reverseSuccessiveChange","ABSOLUTE","After successive changes of +25% and +10%, the final value became 990. Find the original value.","$$720$$","For first stage, increase = 25%. So the new value becomes 125% of the previous value. | \[\Rightarrow 100\%+25\%=125\%\] | So the multiplier for first stage is 125/100. | \[\Rightarrow \text{first stage multiplier}=\frac{125}{100}=1.25\] | For second stage, increase = 10%. So the new value becomes 110% of the previous value. | \[\Rightarrow 100\%+10\%=110\%\] | So the multiplier for second stage is 110/100. | \[\Rightarrow \text{second stage multiplier}=\frac{110}{100}=1.1\] | Multiply the stage multipliers to get the overall multiplier. | \[\Rightarrow \text{Overall multiplier}=1.25\times1.1=1.375\] | The final value is already known. So divide it by the overall multiplier to get the original value. | \[\Rightarrow \text{Original value}=\frac{990}{1.375}=720\] | So the original value was 720. | \[\Rightarrow \text{Original value}=720\]","PASS"
"en","PCT-CP-008","PCT-QL-015","PCT-ES-008","Hard","comparativeSuccessiveChange","ABSOLUTE","A was 2000 and changed by +10% and +20%. B was 5000 and changed by +12% and +20%. Find the difference between their final values.","$$4080$$","For A first stage, increase = 10%. So the new value becomes 110% of the previous value. | \[\Rightarrow 100\%+10\%=110\%\] | So the multiplier for A first stage is 110/100. | \[\Rightarrow \text{A first stage multiplier}=\frac{110}{100}=1.1\] | For A second stage, increase = 20%. So the new value becomes 120% of the previous value. | \[\Rightarrow 100\%+20\%=120\%\] | So the multiplier for A second stage is 120/100. | \[\Rightarrow \text{A second stage multiplier}=\frac{120}{100}=1.2\] | So the final value of A is found by applying its combined multiplier. | \[\Rightarrow \text{Final A}=2000\times1.32=2640\] | For B first stage, increase = 12%. So the new value becomes 112% of the previous value. | \[\Rightarrow 100\%+12\%=112\%\] | So the multiplier for B first stage is 112/100. | \[\Rightarrow \text{B first stage multiplier}=\frac{112}{100}=1.12\] | For B second stage, increase = 20%. So the new value becomes 120% of the previous value. | \[\Rightarrow 100\%+20\%=120\%\] | So the multiplier for B second stage is 120/100. | \[\Rightarrow \text{B second stage multiplier}=\frac{120}{100}=1.2\] | So the final value of B is found by applying its combined multiplier. | \[\Rightarrow \text{Final B}=5000\times1.344=6720\] | Now compare the two final values. | \[\Rightarrow \text{Difference}=\left|2640-6720\right|=4080\] | So the difference between the final values is 4080. | \[\Rightarrow \text{Difference}=4080\]","PASS"
"en","PCT-CP-009","PCT-QL-017","PCT-ES-009","Hard","multiStageSuccessiveChange","ABSOLUTE","A value of 2000 changed successively by +12%, +20%, and -5%. Find the final value.","$$2553.6$$","For stage 1, increase = 12%. So the new value becomes 112% of the previous value. | \[\Rightarrow 100\%+12\%=112\%\] | So the multiplier for stage 1 is 112/100. | \[\Rightarrow \text{stage 1 multiplier}=\frac{112}{100}=1.12\] | For stage 2, increase = 20%. So the new value becomes 120% of the previous value. | \[\Rightarrow 100\%+20\%=120\%\] | So the multiplier for stage 2 is 120/100. | \[\Rightarrow \text{stage 2 multiplier}=\frac{120}{100}=1.2\] | For stage 3, decrease = 5%. So the new value becomes 95% of the previous value. | \[\Rightarrow 100\%-5\%=95\%\] | So the multiplier for stage 3 is 95/100. | \[\Rightarrow \text{stage 3 multiplier}=\frac{95}{100}=0.95\] | Multiply all the stage multipliers to get one overall multiplier. | \[\Rightarrow \text{Overall multiplier}=1.12\times1.2\times0.95=1.2768\] | Now multiply the original value by the overall multiplier. | \[\Rightarrow \text{Final value}=2000\times1.12\times1.2\times0.95=2553.6\] | So the final value is 2553.6. | \[\Rightarrow \text{Final value}=2553.6\]","PASS"
"en","PCT-CP-010","PCT-QL-019","PCT-ES-010","Hard","contextualSuccessiveChange","COUNT","A population of 5000 first increased by 15%, then decreased by 5%, and then increased by 12%. Find the final population.","$$6118$$","For stage 1, increase = 15%. So the new value becomes 115% of the previous value. | \[\Rightarrow 100\%+15\%=115\%\] | So the multiplier for stage 1 is 115/100. | \[\Rightarrow \text{stage 1 multiplier}=\frac{115}{100}=1.15\] | For stage 2, decrease = 5%. So the new value becomes 95% of the previous value. | \[\Rightarrow 100\%-5\%=95\%\] | So the multiplier for stage 2 is 95/100. | \[\Rightarrow \text{stage 2 multiplier}=\frac{95}{100}=0.95\] | For stage 3, increase = 12%. So the new value becomes 112% of the previous value. | \[\Rightarrow 100\%+12\%=112\%\] | So the multiplier for stage 3 is 112/100. | \[\Rightarrow \text{stage 3 multiplier}=\frac{112}{100}=1.12\] | Multiply all the stage multipliers to get one overall multiplier. | \[\Rightarrow \text{Overall multiplier}=1.15\times0.95\times1.12=1.2236\] | Now multiply the original population by the overall multiplier. | \[\Rightarrow \text{Final population}=5000\times1.15\times0.95\times1.12=6118\] | So the final population is 6118. | \[\Rightarrow \text{Final population}=6118\]","PASS"
"en","PCT-CP-001","PCT-QL-002","PCT-ES-001","Easy","successiveIncrease","ABSOLUTE","A salary of Rs. 20000 first increased by 15% and then by 25%. Find the final salary.","$$28750$$","For first stage, increase = 15%. So the new value becomes 115% of the previous value. | \[\Rightarrow 100\%+15\%=115\%\] | So the multiplier for first stage is 115/100. | \[\Rightarrow \text{first stage multiplier}=\frac{115}{100}=1.15\] | Apply the first-stage multiplier to the original salary. | \[\Rightarrow \text{After first stage}=20000\times1.15=23000\] | For second stage, increase = 25%. So the new value becomes 125% of the previous value. | \[\Rightarrow 100\%+25\%=125\%\] | So the multiplier for second stage is 125/100. | \[\Rightarrow \text{second stage multiplier}=\frac{125}{100}=1.25\] | Now multiply by both stage multipliers to get the final salary. | \[\Rightarrow \text{Final salary}=20000\times1.15\times1.25=28750\] | So the final salary is Rs. 28750. | \[\Rightarrow \text{Final salary}=28750\]","PASS"
"en","PCT-CP-002","PCT-QL-004","PCT-ES-002","Easy","successiveDecrease","ABSOLUTE","A salary of Rs. 40000 first decreased by 15% and then by 10%. Find the final salary.","$$30600$$","For first stage, decrease = 15%. So the new value becomes 85% of the previous value. | \[\Rightarrow 100\%-15\%=85\%\] | So the multiplier for first stage is 85/100. | \[\Rightarrow \text{first stage multiplier}=\frac{85}{100}=0.85\] | Apply the first-stage multiplier to the original salary. | \[\Rightarrow \text{After first stage}=40000\times0.85=34000\] | For second stage, decrease = 10%. So the new value becomes 90% of the previous value. | \[\Rightarrow 100\%-10\%=90\%\] | 90% can also be written as the fraction 9/10. | \[\Rightarrow 90\%=\frac{9}{10}\] | So the multiplier for second stage is 90/100. | \[\Rightarrow \text{second stage multiplier}=\frac{90}{100}=0.9\] | Now multiply by both stage multipliers to get the final salary. | \[\Rightarrow \text{Final salary}=40000\times0.85\times0.9=30600\] | So the final salary is Rs. 30600. | \[\Rightarrow \text{Final salary}=30600\]","PASS"
"en","PCT-CP-003","PCT-QL-006","PCT-ES-003","Medium","increaseThenDecrease","COUNT","A production of 800 first increased by 10% and then decreased by 15%. Find the final production.","$$748$$","For first stage, increase = 10%. So the new value becomes 110% of the previous value. | \[\Rightarrow 100\%+10\%=110\%\] | So the multiplier for first stage is 110/100. | \[\Rightarrow \text{first stage multiplier}=\frac{110}{100}=1.1\] | Apply the first-stage multiplier to the original production. | \[\Rightarrow \text{After first stage}=800\times1.1=880\] | For second stage, decrease = 15%. So the new value becomes 85% of the previous value. | \[\Rightarrow 100\%-15\%=85\%\] | So the multiplier for second stage is 85/100. | \[\Rightarrow \text{second stage multiplier}=\frac{85}{100}=0.85\] | Now multiply by both stage multipliers to get the final production. | \[\Rightarrow \text{Final production}=800\times1.1\times0.85=748\] | So the final production is 748. | \[\Rightarrow \text{Final production}=748\]","PASS"
"en","PCT-CP-004","PCT-QL-008","PCT-ES-004","Medium","decreaseThenIncrease","COUNT","A attendance of 1600 first decreased by 15% and then increased by 15%. Find the final attendance.","$$1564$$","For first stage, decrease = 15%. So the new value becomes 85% of the previous value. | \[\Rightarrow 100\%-15\%=85\%\] | So the multiplier for first stage is 85/100. | \[\Rightarrow \text{first stage multiplier}=\frac{85}{100}=0.85\] | Apply the first-stage multiplier to the original attendance. | \[\Rightarrow \text{After first stage}=1600\times0.85=1360\] | For second stage, increase = 15%. So the new value becomes 115% of the previous value. | \[\Rightarrow 100\%+15\%=115\%\] | So the multiplier for second stage is 115/100. | \[\Rightarrow \text{second stage multiplier}=\frac{115}{100}=1.15\] | Now multiply by both stage multipliers to get the final attendance. | \[\Rightarrow \text{Final attendance}=1600\times0.85\times1.15=1564\] | So the final attendance is 1564. | \[\Rightarrow \text{Final attendance}=1564\]","PASS"
"en","PCT-CP-005","PCT-QL-010","PCT-ES-005","Easy","netPercentageChange","PERCENT","A value first increased by 15% and then decreased by 12%. Find the net percentage change.","$$1.2\%$$","For first stage, increase = 15%. So the new value becomes 115% of the previous value. | \[\Rightarrow 100\%+15\%=115\%\] | So the multiplier for first stage is 115/100. | \[\Rightarrow \text{first stage multiplier}=\frac{115}{100}=1.15\] | For second stage, decrease = 12%. So the new value becomes 88% of the previous value. | \[\Rightarrow 100\%-12\%=88\%\] | So the multiplier for second stage is 88/100. | \[\Rightarrow \text{second stage multiplier}=\frac{88}{100}=0.88\] | Multiply the two stage multipliers to get the overall multiplier. | \[\Rightarrow \text{Overall multiplier}=1.15\times0.88=1.012\] | Now compare this overall multiplier with 1 to find the net percentage change. | \[\Rightarrow \text{Net change}=\left(1.012-1\right)\times100=1.2\%\] | Overall change = increase of 1.2%. | \[\Rightarrow \text{Net percentage change}=1.2\%\]","PASS"
"en","PCT-CP-006","PCT-QL-012","PCT-ES-006","Medium","equivalentSingleMultiplier","ABSOLUTE","Find the equivalent single multiplier for a value that first changes by +20% and then by -15%.","$$1.02$$","For first stage, increase = 20%. So the new value becomes 120% of the previous value. | \[\Rightarrow 100\%+20\%=120\%\] | So the multiplier for first stage is 120/100. | \[\Rightarrow \text{first stage multiplier}=\frac{120}{100}=1.2\] | For second stage, decrease = 15%. So the new value becomes 85% of the previous value. | \[\Rightarrow 100\%-15\%=85\%\] | So the multiplier for second stage is 85/100. | \[\Rightarrow \text{second stage multiplier}=\frac{85}{100}=0.85\] | Multiply the stage multipliers to get one equivalent multiplier. | \[\Rightarrow \text{Equivalent multiplier}=1.2\times0.85=1.02\] | So the single equivalent multiplier is 1.02. | \[\Rightarrow \text{Equivalent multiplier}=1.02\]","PASS"
"en","PCT-CP-007","PCT-QL-014","PCT-ES-007","Medium","reverseSuccessiveChange","ABSOLUTE","After successive changes of +25% and -10%, the final value became 1125. Find the original value.","$$1000$$","For first stage, increase = 25%. So the new value becomes 125% of the previous value. | \[\Rightarrow 100\%+25\%=125\%\] | So the multiplier for first stage is 125/100. | \[\Rightarrow \text{first stage multiplier}=\frac{125}{100}=1.25\] | For second stage, decrease = 10%. So the new value becomes 90% of the previous value. | \[\Rightarrow 100\%-10\%=90\%\] | 90% can also be written as the fraction 9/10. | \[\Rightarrow 90\%=\frac{9}{10}\] | So the multiplier for second stage is 90/100. | \[\Rightarrow \text{second stage multiplier}=\frac{90}{100}=0.9\] | Multiply the stage multipliers to get the overall multiplier. | \[\Rightarrow \text{Overall multiplier}=1.25\times0.9=1.125\] | The final value is already known. So divide it by the overall multiplier to get the original value. | \[\Rightarrow \text{Original value}=\frac{1125}{1.125}=1000\] | So the original value was 1000. | \[\Rightarrow \text{Original value}=1000\]","PASS"
"en","PCT-CP-008","PCT-QL-016","PCT-ES-008","Hard","comparativeSuccessiveChange","ABSOLUTE","salary A was Rs. 30000 and changed by +15% and -12%. salary B was Rs. 40000 and changed by +18% and +10%. Find the difference between their final values.","$$21560$$","For salary A first stage, increase = 15%. So the new value becomes 115% of the previous value. | \[\Rightarrow 100\%+15\%=115\%\] | So the multiplier for salary A first stage is 115/100. | \[\Rightarrow \text{salary A first stage multiplier}=\frac{115}{100}=1.15\] | For salary A second stage, decrease = 12%. So the new value becomes 88% of the previous value. | \[\Rightarrow 100\%-12\%=88\%\] | So the multiplier for salary A second stage is 88/100. | \[\Rightarrow \text{salary A second stage multiplier}=\frac{88}{100}=0.88\] | So the final value of salary A is found by applying its combined multiplier. | \[\Rightarrow \text{Final salary A}=30000\times1.012=30360\] | For salary B first stage, increase = 18%. So the new value becomes 118% of the previous value. | \[\Rightarrow 100\%+18\%=118\%\] | So the multiplier for salary B first stage is 118/100. | \[\Rightarrow \text{salary B first stage multiplier}=\frac{118}{100}=1.18\] | For salary B second stage, increase = 10%. So the new value becomes 110% of the previous value. | \[\Rightarrow 100\%+10\%=110\%\] | So the multiplier for salary B second stage is 110/100. | \[\Rightarrow \text{salary B second stage multiplier}=\frac{110}{100}=1.1\] | So the final value of salary B is found by applying its combined multiplier. | \[\Rightarrow \text{Final salary B}=40000\times1.298=51920\] | Now compare the two final values. | \[\Rightarrow \text{Difference}=\left|30360-51920\right|=21560\] | So the difference between the final values is Rs. 21560. | \[\Rightarrow \text{Difference}=21560\]","PASS"
"en","PCT-CP-009","PCT-QL-018","PCT-ES-009","Hard","multiStageSuccessiveChange","ABSOLUTE","A value of 2000 changed successively by +15%, +15%, -10%, and +10%. Find the final value.","$$2618.55$$","For stage 1, increase = 15%. So the new value becomes 115% of the previous value. | \[\Rightarrow 100\%+15\%=115\%\] | So the multiplier for stage 1 is 115/100. | \[\Rightarrow \text{stage 1 multiplier}=\frac{115}{100}=1.15\] | For stage 2, increase = 15%. So the new value becomes 115% of the previous value. | \[\Rightarrow 100\%+15\%=115\%\] | So the multiplier for stage 2 is 115/100. | \[\Rightarrow \text{stage 2 multiplier}=\frac{115}{100}=1.15\] | For stage 3, decrease = 10%. So the new value becomes 90% of the previous value. | \[\Rightarrow 100\%-10\%=90\%\] | 90% can also be written as the fraction 9/10. | \[\Rightarrow 90\%=\frac{9}{10}\] | So the multiplier for stage 3 is 90/100. | \[\Rightarrow \text{stage 3 multiplier}=\frac{90}{100}=0.9\] | For stage 4, increase = 10%. So the new value becomes 110% of the previous value. | \[\Rightarrow 100\%+10\%=110\%\] | So the multiplier for stage 4 is 110/100. | \[\Rightarrow \text{stage 4 multiplier}=\frac{110}{100}=1.1\] | Multiply all the stage multipliers to get one overall multiplier. | \[\Rightarrow \text{Overall multiplier}=1.15\times1.15\times0.9\times1.1=1.3093\] | Now multiply the original value by the overall multiplier. | \[\Rightarrow \text{Final value}=2000\times1.15\times1.15\times0.9\times1.1=2618.55\] | So the final value is 2618.55. | \[\Rightarrow \text{Final value}=2618.55\]","PASS"
"en","PCT-CP-010","PCT-QL-020","PCT-ES-010","Hard","contextualSuccessiveChange","ABSOLUTE","A sales of Rs. 20000 first increased by 10%, then increased by 20%, and finally decreased by 5%. Find the final sales.","$$25080$$","For stage 1, increase = 10%. So the new value becomes 110% of the previous value. | \[\Rightarrow 100\%+10\%=110\%\] | So the multiplier for stage 1 is 110/100. | \[\Rightarrow \text{stage 1 multiplier}=\frac{110}{100}=1.1\] | For stage 2, increase = 20%. So the new value becomes 120% of the previous value. | \[\Rightarrow 100\%+20\%=120\%\] | So the multiplier for stage 2 is 120/100. | \[\Rightarrow \text{stage 2 multiplier}=\frac{120}{100}=1.2\] | For stage 3, decrease = 5%. So the new value becomes 95% of the previous value. | \[\Rightarrow 100\%-5\%=95\%\] | So the multiplier for stage 3 is 95/100. | \[\Rightarrow \text{stage 3 multiplier}=\frac{95}{100}=0.95\] | Multiply all the stage multipliers to get one overall multiplier. | \[\Rightarrow \text{Overall multiplier}=1.1\times1.2\times0.95=1.254\] | Now multiply the original sales by the overall multiplier. | \[\Rightarrow \text{Final sales}=20000\times1.1\times1.2\times0.95=25080\] | So the final sales is Rs. 25080. | \[\Rightarrow \text{Final sales}=25080\]","PASS"