"language","cpId","qlId","esId","difficulty","taskKind","answerType","question","answer","explanation","validation"
"en","RAP-CP-001","RAP-QL-001","RAP-ES-001","Easy","simpleLinkage","RATIO","If the ratio boys:students is 3:4 and students:girls is 4:5, what will be the combined ratio boys:students:girls?","3:4:5","Our objective is to find the required quantity. | We apply the standard rule: | $$\(A:B = a:b, B:C = m:n\)$$ | Plugging in the parameters: | $$\(3:4:5\)$$ | Calculating the final value. | Therefore, we get 3:4:5.","PASS"
"en","RAP-CP-001","RAP-QL-002","RAP-ES-001","Hard","ratioNormalization","RATIO","Convert the fractional ratio 6/3 : 6/2 into a simple integer ratio.","2:3","We need to convert the given fractional ratio into a simpler integer ratio. | To normalize a ratio of fractions $\frac{a}{b} : \frac{c}{d}$, we cross-multiply or multiply by the LCM of the denominators. | $$\frac{a}{b} : \frac{c}{d} = (a \times d) : (b \times c)$$ | Substitute the given fractions into the relation: | $$\frac{6}{3} : \frac{6}{2} = (6 \times 2) : (3 \times 6)$$ | Perform the multiplication and simplify the resulting integers if possible. | $$(6 \times 2) : (3 \times 6) = 2 : 3$$ | Hence, the simplified integer ratio is 2:3.","PASS"
"en","RAP-CP-001","RAP-QL-003","RAP-ES-001","Hard","ratioTreeLinkage","RATIO","Given that boys:students = 2:3, students:girls = 3:4, and girls:teachers = 4:5, what is the ratio between boys and teachers?","2:5","Our objective is to find the required quantity. | We apply the standard rule: | $$\(\frac{A}{B} \times \frac{B}{C} \times \frac{C}{D} = \frac{A}{D}\)$$ | Plugging in the parameters: | $$\(2:5\)$$ | Calculating the final value. | Therefore, we get 2:5.","PASS"
"en","RAP-CP-001","RAP-QL-004","RAP-ES-001","Hard","scalingByComponent","COUNT","In a boys, the ratio of students to teachers is 2:3. If there are 10 students, how many teachers are there?","15","Our objective is to find the required quantity. | We apply the standard rule: | $$\(A:B = a:b\)$$ | Plugging in the parameters: | $$\(10 \times 3 / 2 = 15\)$$ | Calculating the final value. | Therefore, we get 15.","PASS"
"en","RAP-CP-001","RAP-QL-006","RAP-ES-001","Hard","decimalNormalization","RATIO","What is the simplest whole-number ratio equal to 2.3 : 2.4?","23:24","Our objective is to find the required quantity. | We apply the standard rule: | $$\(scale decimals to whole numbers\)$$ | Plugging in the parameters: | $$\(23:24\)$$ | Calculating the final value. | Therefore, we get 23:24.","PASS"
"en","RAP-CP-001","RAP-QL-001","RAP-ES-001","Medium","simpleLinkage","RATIO","If the ratio students:boys is 8:1 and boys:teachers is 1:2, what will be the combined ratio students:boys:teachers?","8:1:2","Our objective is to find the required quantity. | We apply the standard rule: | $$\(A:B = a:b, B:C = m:n\)$$ | Plugging in the parameters: | $$\(8:1:2\)$$ | Calculating the final value. | Therefore, we get 8:1:2.","PASS"
"en","RAP-CP-001","RAP-QL-002","RAP-ES-001","Medium","ratioNormalization","RATIO","Convert the fractional ratio 2/2 : 6/3 into a simple integer ratio.","1:2","We need to convert the given fractional ratio into a simpler integer ratio. | To normalize a ratio of fractions $\frac{a}{b} : \frac{c}{d}$, we cross-multiply or multiply by the LCM of the denominators. | $$\frac{a}{b} : \frac{c}{d} = (a \times d) : (b \times c)$$ | Substitute the given fractions into the relation: | $$\frac{2}{2} : \frac{6}{3} = (2 \times 3) : (2 \times 6)$$ | Perform the multiplication and simplify the resulting integers if possible. | $$(2 \times 3) : (2 \times 6) = 1 : 2$$ | Hence, the simplified integer ratio is 1:2.","PASS"
"en","RAP-CP-001","RAP-QL-003","RAP-ES-001","Medium","ratioTreeLinkage","RATIO","Given that girls:boys = 5:6, boys:students = 6:7, and students:teachers = 7:8, what is the ratio between girls and teachers?","5:8","Our objective is to find the required quantity. | We apply the standard rule: | $$\(\frac{A}{B} \times \frac{B}{C} \times \frac{C}{D} = \frac{A}{D}\)$$ | Plugging in the parameters: | $$\(5:8\)$$ | Calculating the final value. | Therefore, we get 5:8.","PASS"
"en","RAP-CP-001","RAP-QL-004","RAP-ES-001","Medium","scalingByComponent","COUNT","In a students, the ratio of girls to boys is 7:8. If there are 49 girls, how many boys are there?","56","Our objective is to find the required quantity. | We apply the standard rule: | $$\(A:B = a:b\)$$ | Plugging in the parameters: | $$\(49 \times 8 / 7 = 56\)$$ | Calculating the final value. | Therefore, we get 56.","PASS"
"en","RAP-CP-001","RAP-QL-006","RAP-ES-001","Easy","decimalNormalization","RATIO","What is the simplest whole-number ratio equal to 2.8 : 1.3?","28:13","Our objective is to find the required quantity. | We apply the standard rule: | $$\(scale decimals to whole numbers\)$$ | Plugging in the parameters: | $$\(28:13\)$$ | Calculating the final value. | Therefore, we get 28:13.","PASS"
"en","RAP-CP-001","RAP-QL-001","RAP-ES-001","Medium","simpleLinkage","RATIO","If the ratio boys:students is 4:5 and students:girls is 5:6, what will be the combined ratio boys:students:girls?","4:5:6","Our objective is to find the required quantity. | We apply the standard rule: | $$\(A:B = a:b, B:C = m:n\)$$ | Plugging in the parameters: | $$\(4:5:6\)$$ | Calculating the final value. | Therefore, we get 4:5:6.","PASS"
"en","RAP-CP-001","RAP-QL-003","RAP-ES-001","Easy","ratioTreeLinkage","RATIO","Given that boys:students = 1:2, students:girls = 2:3, and girls:teachers = 3:4, what is the ratio between boys and teachers?","1:4","Our objective is to find the required quantity. | We apply the standard rule: | $$\(\frac{A}{B} \times \frac{B}{C} \times \frac{C}{D} = \frac{A}{D}\)$$ | Plugging in the parameters: | $$\(1:4\)$$ | Calculating the final value. | Therefore, we get 1:4.","PASS"
"en","RAP-CP-001","RAP-QL-004","RAP-ES-001","Easy","scalingByComponent","COUNT","In a girls, the ratio of students to teachers is 3:4. If there are 60 students, how many teachers are there?","80","Our objective is to find the required quantity. | We apply the standard rule: | $$\(A:B = a:b\)$$ | Plugging in the parameters: | $$\(60 \times 4 / 3 = 80\)$$ | Calculating the final value. | Therefore, we get 80.","PASS"
"en","RAP-CP-001","RAP-QL-006","RAP-ES-001","Hard","decimalNormalization","RATIO","What is the simplest whole-number ratio equal to 1.8 : 0.9?","2:1","Our objective is to find the required quantity. | We apply the standard rule: | $$\(scale decimals to whole numbers\)$$ | Plugging in the parameters: | $$\(2:1\)$$ | Calculating the final value. | Therefore, we get 2:1.","PASS"
"en","RAP-CP-002","RAP-QL-008","RAP-ES-002","Hard","shareDifference","ABSOLUTE","An amount of Rs. 2210 is distributed between teachers, girls, and students in the ratio 9:2:2. How much more money does teachers get than students?","1190","Our objective is to find the required quantity. | We apply the standard rule: | $$\((A-C) \times unit\)$$ | Plugging in the parameters: | $$\(1190\)$$ | Calculating the final value. | Therefore, we get 1190.","PASS"
"en","RAP-CP-002","RAP-QL-009","RAP-ES-002","Hard","reversePartition","ABSOLUTE","The shares of students, boys, and teachers are in the ratio 4:3:3. If students gets Rs. 60 more than teachers, how much was the total amount distributed?","600","Our objective is to find the required quantity. | We apply the standard rule: | $$\(difference = (A-C) \times unit\)$$ | Plugging in the parameters: | $$\(600\)$$ | Calculating the final value. | Therefore, we get 600.","PASS"
"en","RAP-CP-002","RAP-QL-011","RAP-ES-002","Hard","salaryDistribution","ABSOLUTE","The ratio of students's monthly expenses to savings is 6:5. If the total salary is Rs. 34100, how much does students save every month?","15500","Our objective is to find the required quantity. | We apply the standard rule: | $$\(salary parts = expense + saving\)$$ | Plugging in the parameters: | $$\(15500\)$$ | Calculating the final value. | Therefore, we get 15500.","PASS"
"en","RAP-CP-002","RAP-QL-008","RAP-ES-002","Medium","shareDifference","ABSOLUTE","An amount of Rs. 660 is distributed between girls, boys, and students in the ratio 8:7:7. How much more money does girls get than students?","30","We need to calculate the target value for this problem. | Using the appropriate formula: | $$\((A-C) \times unit\)$$ | Substitute the values: | $$\(30\)$$ | Simplify the expression to get the result. | Thus, the answer is 30.","PASS"
"en","RAP-CP-002","RAP-QL-009","RAP-ES-002","Medium","reversePartition","ABSOLUTE","The shares of students, boys, and girls are in the ratio 5:4:2. If students gets Rs. 330 more than girls, how much was the total amount distributed?","1210","Our objective is to find the required quantity. | We apply the standard rule: | $$\(difference = (A-C) \times unit\)$$ | Plugging in the parameters: | $$\(1210\)$$ | Calculating the final value. | Therefore, we get 1210.","PASS"
"en","RAP-CP-002","RAP-QL-011","RAP-ES-002","Hard","salaryDistribution","ABSOLUTE","The ratio of girls's monthly expenses to savings is 6:1. If the total salary is Rs. 33600, how much does girls save every month?","4800","Our objective is to find the required quantity. | We apply the standard rule: | $$\(salary parts = expense + saving\)$$ | Plugging in the parameters: | $$\(4800\)$$ | Calculating the final value. | Therefore, we get 4800.","PASS"
"en","RAP-CP-002","RAP-QL-008","RAP-ES-002","Medium","shareDifference","ABSOLUTE","An amount of Rs. 500 is distributed between boys, students, and girls in the ratio 4:3:3. How much more money does boys get than girls?","50","Our objective is to find the required quantity. | We apply the standard rule: | $$\((A-C) \times unit\)$$ | Plugging in the parameters: | $$\(50\)$$ | Calculating the final value. | Therefore, we get 50.","PASS"
"en","RAP-CP-002","RAP-QL-009","RAP-ES-002","Medium","reversePartition","ABSOLUTE","The shares of boys, students, and girls are in the ratio 5:4:2. If boys gets Rs. 390 more than girls, how much was the total amount distributed?","1430","Our objective is to find the required quantity. | We apply the standard rule: | $$\(difference = (A-C) \times unit\)$$ | Plugging in the parameters: | $$\(1430\)$$ | Calculating the final value. | Therefore, we get 1430.","PASS"
"en","RAP-CP-002","RAP-QL-011","RAP-ES-002","Medium","salaryDistribution","ABSOLUTE","The ratio of girls's monthly expenses to savings is 2:1. If the total salary is Rs. 13500, how much does girls save every month?","4500","Our objective is to find the required quantity. | We apply the standard rule: | $$\(salary parts = expense + saving\)$$ | Plugging in the parameters: | $$\(4500\)$$ | Calculating the final value. | Therefore, we get 4500.","PASS"
"en","RAP-CP-002","RAP-QL-008","RAP-ES-002","Medium","shareDifference","ABSOLUTE","An amount of Rs. 1500 is distributed between students, girls, and boys in the ratio 9:2:4. How much more money does students get than boys?","500","We need to calculate the target value for this problem. | Using the appropriate formula: | $$\((A-C) \times unit\)$$ | Substitute the values: | $$\(500\)$$ | Simplify the expression to get the result. | Thus, the answer is 500.","PASS"
"en","RAP-CP-002","RAP-QL-009","RAP-ES-002","Easy","reversePartition","ABSOLUTE","The shares of teachers, girls, and students are in the ratio 6:5:4. If teachers gets Rs. 360 more than students, how much was the total amount distributed?","2700","Our objective is to find the required quantity. | We apply the standard rule: | $$\(difference = (A-C) \times unit\)$$ | Plugging in the parameters: | $$\(2700\)$$ | Calculating the final value. | Therefore, we get 2700.","PASS"
"en","RAP-CP-002","RAP-QL-011","RAP-ES-002","Easy","salaryDistribution","ABSOLUTE","The ratio of girls's monthly expenses to savings is 5:1. If the total salary is Rs. 25200, how much does girls save every month?","4200","Our objective is to find the required quantity. | We apply the standard rule: | $$\(salary parts = expense + saving\)$$ | Plugging in the parameters: | $$\(4200\)$$ | Calculating the final value. | Therefore, we get 4200.","PASS"
"en","RAP-CP-002","RAP-QL-008","RAP-ES-002","Hard","shareDifference","ABSOLUTE","An amount of Rs. 2400 is distributed between students, boys, and girls in the ratio 8:7:1. How much more money does students get than girls?","1050","We need to calculate the target value for this problem. | Using the appropriate formula: | $$\((A-C) \times unit\)$$ | Substitute the values: | $$\(1050\)$$ | Simplify the expression to get the result. | Thus, the answer is 1050.","PASS"
"en","RAP-CP-002","RAP-QL-009","RAP-ES-002","Hard","reversePartition","ABSOLUTE","The shares of girls, boys, and students are in the ratio 5:4:4. If girls gets Rs. 40 more than students, how much was the total amount distributed?","520","Our objective is to find the required quantity. | We apply the standard rule: | $$\(difference = (A-C) \times unit\)$$ | Plugging in the parameters: | $$\(520\)$$ | Calculating the final value. | Therefore, we get 520.","PASS"
"en","RAP-CP-002","RAP-QL-011","RAP-ES-002","Hard","salaryDistribution","ABSOLUTE","The ratio of girls's monthly expenses to savings is 8:1. If the total salary is Rs. 35100, how much does girls save every month?","3900","Our objective is to find the required quantity. | We apply the standard rule: | $$\(salary parts = expense + saving\)$$ | Plugging in the parameters: | $$\(3900\)$$ | Calculating the final value. | Therefore, we get 3900.","PASS"
"en","RAP-CP-002","RAP-QL-008","RAP-ES-002","Hard","shareDifference","ABSOLUTE","An amount of Rs. 1700 is distributed between boys, students, and girls in the ratio 4:3:3. How much more money does boys get than girls?","170","Our objective is to find the required quantity. | We apply the standard rule: | $$\((A-C) \times unit\)$$ | Plugging in the parameters: | $$\(170\)$$ | Calculating the final value. | Therefore, we get 170.","PASS"
"en","RAP-CP-002","RAP-QL-009","RAP-ES-002","Hard","reversePartition","ABSOLUTE","The shares of boys, students, and girls are in the ratio 7:6:6. If boys gets Rs. 60 more than girls, how much was the total amount distributed?","1140","Our objective is to find the required quantity. | We apply the standard rule: | $$\(difference = (A-C) \times unit\)$$ | Plugging in the parameters: | $$\(1140\)$$ | Calculating the final value. | Therefore, we get 1140.","PASS"
"en","RAP-CP-002","RAP-QL-011","RAP-ES-002","Hard","salaryDistribution","ABSOLUTE","The ratio of boys's monthly expenses to savings is 8:2. If the total salary is Rs. 15000, how much does boys save every month?","3000","Our objective is to find the required quantity. | We apply the standard rule: | $$\(salary parts = expense + saving\)$$ | Plugging in the parameters: | $$\(3000\)$$ | Calculating the final value. | Therefore, we get 3000.","PASS"
"en","RAP-CP-002","RAP-QL-008","RAP-ES-002","Hard","shareDifference","ABSOLUTE","An amount of Rs. 510 is distributed between boys, girls, and teachers in the ratio 9:2:6. How much more money does boys get than teachers?","90","We need to calculate the target value for this problem. | Using the appropriate formula: | $$\((A-C) \times unit\)$$ | Substitute the values: | $$\(90\)$$ | Simplify the expression to get the result. | Thus, the answer is 90.","PASS"
"en","RAP-CP-002","RAP-QL-009","RAP-ES-002","Medium","reversePartition","ABSOLUTE","The shares of students, boys, and girls are in the ratio 6:5:2. If students gets Rs. 440 more than girls, how much was the total amount distributed?","1430","Our objective is to find the required quantity. | We apply the standard rule: | $$\(difference = (A-C) \times unit\)$$ | Plugging in the parameters: | $$\(1430\)$$ | Calculating the final value. | Therefore, we get 1430.","PASS"
"en","RAP-CP-003","RAP-QL-012","RAP-ES-003","Hard","twoStateAddition","COUNT","In a girls, the ratio of teachers to students is 4:6. If 20 more teachers join, the ratio becomes 3:2. How many teachers were there at the beginning?","16","Our objective is to find the required quantity. | We apply the standard rule: | $$\(\frac{ax+p}{bx} = \frac{c}{d}\)$$ | Plugging in the parameters: | $$\(16\)$$ | Calculating the final value. | Therefore, we get 16.","PASS"
"en","RAP-CP-003","RAP-QL-013","RAP-ES-003","Hard","twoStateSubtraction","COUNT","The ratio of teachers to boys in a students is 4:3. After 15 teachers leave, the ratio changes to 1:3. What was the total number of people at the start?","35","Our objective is to find the required quantity. | We apply the standard rule: | $$\(\frac{ax-p}{bx} = \frac{c}{d}\)$$ | Plugging in the parameters: | $$\(35\)$$ | Calculating the final value. | Therefore, we get 35.","PASS"
"en","RAP-CP-003","RAP-QL-014","RAP-ES-003","Hard","twoStateTransfer","COUNT","Two numbers are in the ratio 4:7. If 5 is added to each, the ratio becomes 41:68. What is the value of the larger number?","63","Let's determine the final amount for the scenario. | The mathematical relationship is: | $$\(\frac{ax+p}{bx+p} = \frac{c}{d}\)$$ | Inserting the given numbers: | $$\(63\)$$ | Solving it yields the final answer. | The computed result is 63.","PASS"
"en","RAP-CP-003","RAP-QL-015","RAP-ES-003","Medium","incomeExpenditureSystem","ABSOLUTE","The incomes of father and daughter are in the ratio 4:2, and their expenses are 4:5. If both save Rs. 2400 each, what is father's income?","800","Our objective is to find the required quantity. | We apply the standard rule: | $$\(px-my=s, qx-ny=s\)$$ | Plugging in the parameters: | $$\(800\)$$ | Calculating the final value. | Therefore, we get 800.","PASS"
"en","RAP-CP-003","RAP-QL-016","RAP-ES-003","Medium","multiStageTransformation","COUNT","In a school, the ratio of boys to girls is 7:2. If 12 boys join and 8 girls leave, the ratio becomes 47:2. How many girls were there originally?","10","Let's determine the final amount for the scenario. | The mathematical relationship is: | $$\(\frac{ax+p}{bx-q} = \frac{c}{d}\)$$ | Inserting the given numbers: | $$\(10\)$$ | Solving it yields the final answer. | The computed result is 10.","PASS"
"en","RAP-CP-003","RAP-QL-012","RAP-ES-003","Hard","twoStateAddition","COUNT","In a boys, the ratio of girls to students is 4:6. If 18 more girls join, the ratio becomes 7:6. How many girls were there at the beginning?","24","Our objective is to find the required quantity. | We apply the standard rule: | $$\(\frac{ax+p}{bx} = \frac{c}{d}\)$$ | Plugging in the parameters: | $$\(24\)$$ | Calculating the final value. | Therefore, we get 24.","PASS"
"en","RAP-CP-003","RAP-QL-013","RAP-ES-003","Medium","twoStateSubtraction","COUNT","The ratio of boys to teachers in a girls is 8:7. After 18 boys leave, the ratio changes to 10:11. What was the total number of people at the start?","165","Our objective is to find the required quantity. | We apply the standard rule: | $$\(\frac{ax-p}{bx} = \frac{c}{d}\)$$ | Plugging in the parameters: | $$\(165\)$$ | Calculating the final value. | Therefore, we get 165.","PASS"
"en","RAP-CP-003","RAP-QL-014","RAP-ES-003","Medium","twoStateTransfer","COUNT","Two numbers are in the ratio 2:9. If 6 is added to each, the ratio becomes 5:12. What is the value of the larger number?","18","Our objective is to find the required quantity. | We apply the standard rule: | $$\(\frac{ax+p}{bx+p} = \frac{c}{d}\)$$ | Plugging in the parameters: | $$\(18\)$$ | Calculating the final value. | Therefore, we get 18.","PASS"
"en","RAP-CP-003","RAP-QL-015","RAP-ES-003","Medium","incomeExpenditureSystem","ABSOLUTE","The incomes of daughter and son are in the ratio 6:4, and their expenses are 2:5. If both save Rs. 4400 each, what is daughter's income?","3600","Our objective is to find the required quantity. | We apply the standard rule: | $$\(px-my=s, qx-ny=s\)$$ | Plugging in the parameters: | $$\(3600\)$$ | Calculating the final value. | Therefore, we get 3600.","PASS"
"en","RAP-CP-003","RAP-QL-016","RAP-ES-003","Medium","multiStageTransformation","COUNT","In a school, the ratio of boys to girls is 5:6. If 6 boys join and 30 girls leave, the ratio becomes 41:12. How many girls were there originally?","42","Our objective is to find the required quantity. | We apply the standard rule: | $$\(\frac{ax+p}{bx-q} = \frac{c}{d}\)$$ | Plugging in the parameters: | $$\(42\)$$ | Calculating the final value. | Therefore, we get 42.","PASS"
"en","RAP-CP-003","RAP-QL-012","RAP-ES-003","Hard","twoStateAddition","COUNT","In a girls, the ratio of students to boys is 1:3. If 10 more students join, the ratio becomes 1:1. How many students were there at the beginning?","5","Our objective is to find the required quantity. | We apply the standard rule: | $$\(\frac{ax+p}{bx} = \frac{c}{d}\)$$ | Plugging in the parameters: | $$\(5\)$$ | Calculating the final value. | Therefore, we get 5.","PASS"
"en","RAP-CP-003","RAP-QL-013","RAP-ES-003","Hard","twoStateSubtraction","COUNT","The ratio of students to girls in a boys is 5:4. After 10 students leave, the ratio changes to 5:6. What was the total number of people at the start?","54","Our objective is to find the required quantity. | We apply the standard rule: | $$\(\frac{ax-p}{bx} = \frac{c}{d}\)$$ | Plugging in the parameters: | $$\(54\)$$ | Calculating the final value. | Therefore, we get 54.","PASS"
"en","RAP-CP-003","RAP-QL-014","RAP-ES-003","Hard","twoStateTransfer","COUNT","Two numbers are in the ratio 8:10. If 6 is added to each, the ratio becomes 43:53. What is the value of the larger number?","100","Our objective is to find the required quantity. | We apply the standard rule: | $$\(\frac{ax+p}{bx+p} = \frac{c}{d}\)$$ | Plugging in the parameters: | $$\(100\)$$ | Calculating the final value. | Therefore, we get 100.","PASS"
"en","RAP-CP-003","RAP-QL-015","RAP-ES-003","Hard","incomeExpenditureSystem","ABSOLUTE","The incomes of son and brother are in the ratio 3:2, and their expenses are 3:6. If both save Rs. 3600 each, what is son's income?","2700","Our objective is to find the required quantity. | We apply the standard rule: | $$\(px-my=s, qx-ny=s\)$$ | Plugging in the parameters: | $$\(2700\)$$ | Calculating the final value. | Therefore, we get 2700.","PASS"
"en","RAP-CP-003","RAP-QL-016","RAP-ES-003","Medium","multiStageTransformation","COUNT","In a school, the ratio of boys to girls is 2:3. If 7 boys join and 17 girls leave, the ratio becomes 19:1. How many girls were there originally?","18","Our objective is to find the required quantity. | We apply the standard rule: | $$\(\frac{ax+p}{bx-q} = \frac{c}{d}\)$$ | Plugging in the parameters: | $$\(18\)$$ | Calculating the final value. | Therefore, we get 18.","PASS"
"en","RAP-CP-003","RAP-QL-012","RAP-ES-003","Hard","twoStateAddition","COUNT","In a boys, the ratio of teachers to students is 5:7. If 8 more teachers join, the ratio becomes 43:49. How many teachers were there at the beginning?","35","Our objective is to find the required quantity. | We apply the standard rule: | $$\(\frac{ax+p}{bx} = \frac{c}{d}\)$$ | Plugging in the parameters: | $$\(35\)$$ | Calculating the final value. | Therefore, we get 35.","PASS"
"en","RAP-CP-003","RAP-QL-013","RAP-ES-003","Hard","twoStateSubtraction","COUNT","The ratio of teachers to girls in a students is 5:4. After 13 teachers leave, the ratio changes to 47:48. What was the total number of people at the start?","108","Our objective is to find the required quantity. | We apply the standard rule: | $$\(\frac{ax-p}{bx} = \frac{c}{d}\)$$ | Plugging in the parameters: | $$\(108\)$$ | Calculating the final value. | Therefore, we get 108.","PASS"
"en","RAP-CP-003","RAP-QL-014","RAP-ES-003","Medium","twoStateTransfer","COUNT","Two numbers are in the ratio 3:6. If 13 is added to each, the ratio becomes 22:31. What is the value of the larger number?","18","We need to calculate the target value for this problem. | Using the appropriate formula: | $$\(\frac{ax+p}{bx+p} = \frac{c}{d}\)$$ | Substitute the values: | $$\(18\)$$ | Simplify the expression to get the result. | Thus, the answer is 18.","PASS"
"en","RAP-CP-003","RAP-QL-015","RAP-ES-003","Medium","incomeExpenditureSystem","ABSOLUTE","The incomes of brother and father are in the ratio 5:2, and their expenses are 1:3. If both save Rs. 2600 each, what is brother's income?","2000","Our objective is to find the required quantity. | We apply the standard rule: | $$\(px-my=s, qx-ny=s\)$$ | Plugging in the parameters: | $$\(2000\)$$ | Calculating the final value. | Therefore, we get 2000.","PASS"
"en","RAP-CP-003","RAP-QL-016","RAP-ES-003","Medium","multiStageTransformation","COUNT","In a school, the ratio of boys to girls is 2:3. If 11 boys join and 3 girls leave, the ratio becomes 9:7. How many girls were there originally?","24","Our objective is to find the required quantity. | We apply the standard rule: | $$\(\frac{ax+p}{bx-q} = \frac{c}{d}\)$$ | Plugging in the parameters: | $$\(24\)$$ | Calculating the final value. | Therefore, we get 24.","PASS"
"en","RAP-CP-004","RAP-QL-017","RAP-ES-004","Easy","meanProportional","ABSOLUTE","What is the mean proportional between 25 and 144?","60","Let's determine the final amount for the scenario. | The mathematical relationship is: | $$\(x^2 = ab\)$$ | Inserting the given numbers: | $$\(60\)$$ | Solving it yields the final answer. | The computed result is 60.","PASS"
"en","RAP-CP-004","RAP-QL-018","RAP-ES-004","Medium","thirdProportional","ABSOLUTE","What will be the third proportional to 36 and 6?","1","We need to calculate the target value for this problem. | Using the appropriate formula: | $$\(a:b = b:x\)$$ | Substitute the values: | $$\(1\)$$ | Simplify the expression to get the result. | Thus, the answer is 1.","PASS"
"en","RAP-CP-004","RAP-QL-019","RAP-ES-004","Easy","fourthProportional","ABSOLUTE","Find the number which is fourth proportional to 4, 5, and 16.","20","Let's determine the final amount for the scenario. | The mathematical relationship is: | $$\(a:b = c:x\)$$ | Inserting the given numbers: | $$\(20\)$$ | Solving it yields the final answer. | The computed result is 20.","PASS"
"en","RAP-CP-004","RAP-QL-020","RAP-ES-004","Medium","directVariation","ABSOLUTE","If y varies directly as x, and y is 105 when x is 15, what will be the value of y when x is 16?","112","Our objective is to find the required quantity. | We apply the standard rule: | $$\(y/x = constant\)$$ | Plugging in the parameters: | $$\(112\)$$ | Calculating the final value. | Therefore, we get 112.","PASS"
"en","RAP-CP-004","RAP-QL-021","RAP-ES-004","Easy","inverseVariation","ABSOLUTE","If y is inversely proportional to x, and y is 80 when x is 16, find the value of y when x becomes 2.","640","Our objective is to find the required quantity. | We apply the standard rule: | $$\(xy = constant\)$$ | Plugging in the parameters: | $$\(640\)$$ | Calculating the final value. | Therefore, we get 640.","PASS"
"en","RAP-CP-004","RAP-QL-017","RAP-ES-004","Medium","meanProportional","ABSOLUTE","What is the mean proportional between 9 and 36?","18","We need to calculate the target value for this problem. | Using the appropriate formula: | $$\(x^2 = ab\)$$ | Substitute the values: | $$\(18\)$$ | Simplify the expression to get the result. | Thus, the answer is 18.","PASS"
"en","RAP-CP-004","RAP-QL-018","RAP-ES-004","Medium","thirdProportional","ABSOLUTE","What will be the third proportional to 4 and 6?","9","Let's determine the final amount for the scenario. | The mathematical relationship is: | $$\(a:b = b:x\)$$ | Inserting the given numbers: | $$\(9\)$$ | Solving it yields the final answer. | The computed result is 9.","PASS"
"en","RAP-CP-004","RAP-QL-019","RAP-ES-004","Medium","fourthProportional","ABSOLUTE","Find the number which is fourth proportional to 6, 1, and 60.","10","We need to calculate the target value for this problem. | Using the appropriate formula: | $$\(a:b = c:x\)$$ | Substitute the values: | $$\(10\)$$ | Simplify the expression to get the result. | Thus, the answer is 10.","PASS"
"en","RAP-CP-004","RAP-QL-020","RAP-ES-004","Medium","directVariation","ABSOLUTE","If y varies directly as x, and y is 45 when x is 5, what will be the value of y when x is 6?","54","Our objective is to find the required quantity. | We apply the standard rule: | $$\(y/x = constant\)$$ | Plugging in the parameters: | $$\(54\)$$ | Calculating the final value. | Therefore, we get 54.","PASS"
"en","RAP-CP-004","RAP-QL-021","RAP-ES-004","Medium","inverseVariation","ABSOLUTE","If y is inversely proportional to x, and y is 36 when x is 6, find the value of y when x becomes 4.","54","Our objective is to find the required quantity. | We apply the standard rule: | $$\(xy = constant\)$$ | Plugging in the parameters: | $$\(54\)$$ | Calculating the final value. | Therefore, we get 54.","PASS"
"en","RAP-CP-005","RAP-QL-022","RAP-ES-005","Hard","coinCounting","COUNT","A bag has coins of 1, 2, and 5 in the ratio 6:1:2. If the total value is Rs. 162, how many coins of 2 are in the bag?","9","Let's determine the final amount for the scenario. | The mathematical relationship is: | $$\(total value = k(r_1d_1 + r_2d_2 + r_3d_3)\)$$ | Inserting the given numbers: | $$\(9\)$$ | Solving it yields the final answer. | The computed result is 9.","PASS"
"en","RAP-CP-005","RAP-QL-023","RAP-ES-005","Hard","multiDenominationMapping","COUNT","A box contains 14 coins of 1, 2, 5, and 10. If their values are in the ratio 4:1:5:15, what is the number of 2 coins?","1","Our objective is to find the required quantity. | We apply the standard rule: | $$\(count ratio = value ratio / denomination\)$$ | Plugging in the parameters: | $$\(1\)$$ | Calculating the final value. | Therefore, we get 1.","PASS"
"en","RAP-CP-005","RAP-QL-024","RAP-ES-005","Hard","weightedMapping","ABSOLUTE","The weights of Rs. 5 coin, Rs. 1 coin, and Rs. 2 coin are in the ratio 6:7:8. If the total weight of 1 Rs. 5 coin, 2 Rs. 1 coin, and 3 Rs. 2 coin is 44 kg, find the weight of one Rs. 5 coin.","6","Our objective is to find the required quantity. | We apply the standard rule: | $$\(total = unit(c_1r_1 + c_2r_2 + c_3r_3)\)$$ | Plugging in the parameters: | $$\(6\)$$ | Calculating the final value. | Therefore, we get 6.","PASS"
"en","RAP-CP-005","RAP-QL-026","RAP-ES-005","Hard","weightedMarks","ABSOLUTE","In an exam, the marks for English, Mathematics, and Science are in the ratio 2:3:4. If the weights for these subjects are 2, 3, and 4 and the total weighted score is 261, how many marks were obtained in English?","18","Our objective is to find the required quantity. | We apply the standard rule: | $$\(weighted total = unit(r_1w_1 + r_2w_2 + r_3w_3)\)$$ | Plugging in the parameters: | $$\(18\)$$ | Calculating the final value. | Therefore, we get 18.","PASS"
"en","RAP-CP-005","RAP-QL-022","RAP-ES-005","Hard","coinCounting","COUNT","A bag has coins of 1, 2, and 5 in the ratio 4:5:6. If the total value is Rs. 132, how many coins of 1 are in the bag?","12","Let's determine the final amount for the scenario. | The mathematical relationship is: | $$\(total value = k(r_1d_1 + r_2d_2 + r_3d_3)\)$$ | Inserting the given numbers: | $$\(12\)$$ | Solving it yields the final answer. | The computed result is 12.","PASS"
"en","RAP-CP-005","RAP-QL-023","RAP-ES-005","Hard","multiDenominationMapping","COUNT","A box contains 18 coins of 1, 2, 5, and 10. If their values are in the ratio 7:16:5:20, what is the number of 5 coins?","1","We need to calculate the target value for this problem. | Using the appropriate formula: | $$\(count ratio = value ratio / denomination\)$$ | Substitute the values: | $$\(1\)$$ | Simplify the expression to get the result. | Thus, the answer is 1.","PASS"
"en","RAP-CP-005","RAP-QL-024","RAP-ES-005","Hard","weightedMapping","ABSOLUTE","The weights of Rs. 1 coin, Rs. 2 coin, and Rs. 5 coin are in the ratio 7:8:1. If the total weight of 1 Rs. 1 coin, 2 Rs. 2 coin, and 3 Rs. 5 coin is 156 kg, find the weight of one Rs. 1 coin.","42","Our objective is to find the required quantity. | We apply the standard rule: | $$\(total = unit(c_1r_1 + c_2r_2 + c_3r_3)\)$$ | Plugging in the parameters: | $$\(42\)$$ | Calculating the final value. | Therefore, we get 42.","PASS"
"en","RAP-CP-005","RAP-QL-026","RAP-ES-005","Hard","weightedMarks","ABSOLUTE","In an exam, the marks for Science, English, and History are in the ratio 3:4:5. If the weights for these subjects are 1, 2, and 3 and the total weighted score is 312, how many marks were obtained in Science?","36","Our objective is to find the required quantity. | We apply the standard rule: | $$\(weighted total = unit(r_1w_1 + r_2w_2 + r_3w_3)\)$$ | Plugging in the parameters: | $$\(36\)$$ | Calculating the final value. | Therefore, we get 36.","PASS"
"en","RAP-CP-005","RAP-QL-022","RAP-ES-005","Hard","coinCounting","COUNT","A bag has coins of 1, 2, and 5 in the ratio 5:6:1. If the total value is Rs. 176, how many coins of 2 are in the bag?","48","Let's determine the final amount for the scenario. | The mathematical relationship is: | $$\(total value = k(r_1d_1 + r_2d_2 + r_3d_3)\)$$ | Inserting the given numbers: | $$\(48\)$$ | Solving it yields the final answer. | The computed result is 48.","PASS"
"en","RAP-CP-005","RAP-QL-023","RAP-ES-005","Hard","multiDenominationMapping","COUNT","A box contains 18 coins of 1, 2, 5, and 10. If their values are in the ratio 3:8:25:60, what is the number of 5 coins?","5","We need to calculate the target value for this problem. | Using the appropriate formula: | $$\(count ratio = value ratio / denomination\)$$ | Substitute the values: | $$\(5\)$$ | Simplify the expression to get the result. | Thus, the answer is 5.","PASS"
"en","RAP-CP-005","RAP-QL-024","RAP-ES-005","Hard","weightedMapping","ABSOLUTE","The weights of Rs. 1 coin, Rs. 2 coin, and Rs. 5 coin are in the ratio 3:4:5. If the total weight of 5 Rs. 1 coin, 1 Rs. 2 coin, and 2 Rs. 5 coin is 290 kg, find the weight of one Rs. 1 coin.","30","Our objective is to find the required quantity. | We apply the standard rule: | $$\(total = unit(c_1r_1 + c_2r_2 + c_3r_3)\)$$ | Plugging in the parameters: | $$\(30\)$$ | Calculating the final value. | Therefore, we get 30.","PASS"
"en","RAP-CP-005","RAP-QL-026","RAP-ES-005","Hard","weightedMarks","ABSOLUTE","In an exam, the marks for History, Science, and Mathematics are in the ratio 7:8:1. If the weights for these subjects are 1, 2, and 3 and the total weighted score is 130, how many marks were obtained in History?","35","Our objective is to find the required quantity. | We apply the standard rule: | $$\(weighted total = unit(r_1w_1 + r_2w_2 + r_3w_3)\)$$ | Plugging in the parameters: | $$\(35\)$$ | Calculating the final value. | Therefore, we get 35.","PASS"
"en","RAP-CP-005","RAP-QL-022","RAP-ES-005","Hard","coinCounting","COUNT","A bag has coins of 1, 2, and 5 in the ratio 1:2:3. If the total value is Rs. 40, how many coins of 1 are in the bag?","2","Let's determine the final amount for the scenario. | The mathematical relationship is: | $$\(total value = k(r_1d_1 + r_2d_2 + r_3d_3)\)$$ | Inserting the given numbers: | $$\(2\)$$ | Solving it yields the final answer. | The computed result is 2.","PASS"
"en","RAP-CP-005","RAP-QL-024","RAP-ES-005","Hard","weightedMapping","ABSOLUTE","The weights of Rs. 1 coin, Rs. 2 coin, and Rs. 5 coin are in the ratio 7:8:1. If the total weight of 3 Rs. 1 coin, 4 Rs. 2 coin, and 5 Rs. 5 coin is 232 kg, find the weight of one Rs. 1 coin.","28","Our objective is to find the required quantity. | We apply the standard rule: | $$\(total = unit(c_1r_1 + c_2r_2 + c_3r_3)\)$$ | Plugging in the parameters: | $$\(28\)$$ | Calculating the final value. | Therefore, we get 28.","PASS"
"en","RAP-CP-006","RAP-QL-027","RAP-ES-006","Medium","binaryMixture","ABSOLUTE","A mixture contains milk and juice in the ratio 5:6. If 12 litres of milk are added, the ratio becomes 7:6. What was the initial quantity of juice?","36","Our objective is to find the required quantity. | We apply the standard rule: | $$\(\frac{r_1x + a}{r_2x} = \frac{f_1}{f_2}\)$$ | Plugging in the parameters: | $$\(36\)$$ | Calculating the final value. | Therefore, we get 36.","PASS"
"en","RAP-CP-006","RAP-QL-028","RAP-ES-006","Medium","mixtureComponentFinding","ABSOLUTE","In 36 litres of a mixture, the ratio of water to milk is 4:5. How many litres of milk should be added to make the ratio 16:25?","5","We need to calculate the target value for this problem. | Using the appropriate formula: | $$\(\frac{A}{B+x} = \frac{f_1}{f_2}\)$$ | Substitute the values: | $$\(5\)$$ | Simplify the expression to get the result. | Thus, the answer is 5.","PASS"
"en","RAP-CP-006","RAP-QL-029","RAP-ES-006","Medium","threeComponentMixture","ABSOLUTE","A solution has water, milk, and juice in the ratio 1:2:3. After adding 14 litres of milk, the new ratio becomes 3:13:9. Find the starting volume.","36","Our objective is to find the required quantity. | We apply the standard rule: | $$\(use unchanged components as pivot\)$$ | Plugging in the parameters: | $$\(36.00000000000001\)$$ | Calculating the final value. | Therefore, we get 36.","PASS"
"en","RAP-CP-006","RAP-QL-030","RAP-ES-006","Easy","variableReplacementRatio","RATIO","From 90 litres of water, 30 litres are replaced with milk, and then 5 litres are again replaced with milk. What is the final ratio of water to milk?","19:11","We need to calculate the target value for this problem. | Using the appropriate formula: | $$\(A_{final} = A_0\left(1-\frac{r_1}{V}\right)\left(1-\frac{r_2}{V}\right)\)$$ | Substitute the values: | $$\(19:11\)$$ | Simplify the expression to get the result. | Thus, the answer is 19:11.","PASS"
"en","RAP-CP-006","RAP-QL-032","RAP-ES-006","Easy","acidConcentration","PERCENT","A solution contains 25 litres of acid and 45 litres of water. What is the percentage of acid in the solution?","35.7143%","Let's determine the final amount for the scenario. | The mathematical relationship is: | $$\(acid\% = \frac{acid}{acid + water} \times 100\)$$ | Inserting the given numbers: | $$\(35.714285714285715\)$$ | Solving it yields the final answer. | The computed result is 35.7143%.","PASS"
"en","RAP-CP-006","RAP-QL-027","RAP-ES-006","Hard","binaryMixture","ABSOLUTE","A mixture contains juice and water in the ratio 8:1. If 13 litres of juice are added, the ratio becomes 53:5. What was the initial quantity of water?","5","Our objective is to find the required quantity. | We apply the standard rule: | $$\(\frac{r_1x + a}{r_2x} = \frac{f_1}{f_2}\)$$ | Plugging in the parameters: | $$\(5\)$$ | Calculating the final value. | Therefore, we get 5.","PASS"
"en","RAP-CP-006","RAP-QL-028","RAP-ES-006","Hard","mixtureComponentFinding","ABSOLUTE","In 45 litres of a mixture, the ratio of milk to juice is 7:8. How many litres of juice should be added to make the ratio 21:38?","14","We need to calculate the target value for this problem. | Using the appropriate formula: | $$\(\frac{A}{B+x} = \frac{f_1}{f_2}\)$$ | Substitute the values: | $$\(14\)$$ | Simplify the expression to get the result. | Thus, the answer is 14.","PASS"
"en","RAP-CP-006","RAP-QL-029","RAP-ES-006","Hard","threeComponentMixture","ABSOLUTE","A solution has milk, water, and juice in the ratio 4:5:6. After adding 19 litres of water, the new ratio becomes 6:17:9. Find the starting volume.","45","Our objective is to find the required quantity. | We apply the standard rule: | $$\(use unchanged components as pivot\)$$ | Plugging in the parameters: | $$\(44.99999999999999\)$$ | Calculating the final value. | Therefore, we get 45.","PASS"
"en","RAP-CP-006","RAP-QL-030","RAP-ES-006","Hard","variableReplacementRatio","RATIO","From 140 litres of water, 10 litres are replaced with milk, and then 15 litres are again replaced with milk. What is the final ratio of water to milk?","29:6","Our objective is to find the required quantity. | We apply the standard rule: | $$\(A_{final} = A_0\left(1-\frac{r_1}{V}\right)\left(1-\frac{r_2}{V}\right)\)$$ | Plugging in the parameters: | $$\(29:6\)$$ | Calculating the final value. | Therefore, we get 29:6.","PASS"
"en","RAP-CP-006","RAP-QL-032","RAP-ES-006","Medium","acidConcentration","PERCENT","A solution contains 50 litres of acid and 50 litres of water. What is the percentage of acid in the solution?","50%","Our objective is to find the required quantity. | We apply the standard rule: | $$\(acid\% = \frac{acid}{acid + water} \times 100\)$$ | Plugging in the parameters: | $$\(50\)$$ | Calculating the final value. | Therefore, we get 50%.","PASS"
"en","RAP-CP-006","RAP-QL-027","RAP-ES-006","Hard","binaryMixture","ABSOLUTE","A mixture contains water and juice in the ratio 6:7. If 3 litres of water are added, the ratio becomes 45:49. What was the initial quantity of juice?","49","Our objective is to find the required quantity. | We apply the standard rule: | $$\(\frac{r_1x + a}{r_2x} = \frac{f_1}{f_2}\)$$ | Plugging in the parameters: | $$\(49\)$$ | Calculating the final value. | Therefore, we get 49.","PASS"
"en","RAP-CP-006","RAP-QL-028","RAP-ES-006","Hard","mixtureComponentFinding","ABSOLUTE","In 55 litres of a mixture, the ratio of juice to milk is 5:6. How many litres of milk should be added to make the ratio 1:2?","20","Let's determine the final amount for the scenario. | The mathematical relationship is: | $$\(\frac{A}{B+x} = \frac{f_1}{f_2}\)$$ | Inserting the given numbers: | $$\(20\)$$ | Solving it yields the final answer. | The computed result is 20.","PASS"
"en","RAP-CP-006","RAP-QL-029","RAP-ES-006","Medium","threeComponentMixture","ABSOLUTE","A solution has juice, milk, and water in the ratio 2:3:4. After adding 9 litres of milk, the new ratio becomes 7:15:14. Find the starting volume.","63","Our objective is to find the required quantity. | We apply the standard rule: | $$\(use unchanged components as pivot\)$$ | Plugging in the parameters: | $$\(63.00000000000001\)$$ | Calculating the final value. | Therefore, we get 63.","PASS"
"en","RAP-CP-006","RAP-QL-030","RAP-ES-006","Medium","variableReplacementRatio","RATIO","From 80 litres of milk, 10 litres are replaced with water, and then 15 litres are again replaced with water. What is the final ratio of milk to water?","57:23","Our objective is to find the required quantity. | We apply the standard rule: | $$\(A_{final} = A_0\left(1-\frac{r_1}{V}\right)\left(1-\frac{r_2}{V}\right)\)$$ | Plugging in the parameters: | $$\(57:23\)$$ | Calculating the final value. | Therefore, we get 57:23.","PASS"
"en","RAP-CP-006","RAP-QL-032","RAP-ES-006","Medium","acidConcentration","PERCENT","A solution contains 40 litres of acid and 100 litres of water. What is the percentage of acid in the solution?","28.5714%","Let's determine the final amount for the scenario. | The mathematical relationship is: | $$\(acid\% = \frac{acid}{acid + water} \times 100\)$$ | Inserting the given numbers: | $$\(28.571428571428573\)$$ | Solving it yields the final answer. | The computed result is 28.5714%.","PASS"
"en","RAP-CP-006","RAP-QL-027","RAP-ES-006","Medium","binaryMixture","ABSOLUTE","A mixture contains water and juice in the ratio 1:2. If 8 litres of water are added, the ratio becomes 7:6. What was the initial quantity of juice?","12","Our objective is to find the required quantity. | We apply the standard rule: | $$\(\frac{r_1x + a}{r_2x} = \frac{f_1}{f_2}\)$$ | Plugging in the parameters: | $$\(12\)$$ | Calculating the final value. | Therefore, we get 12.","PASS"
"en","RAP-CP-006","RAP-QL-028","RAP-ES-006","Easy","mixtureComponentFinding","ABSOLUTE","In 36 litres of a mixture, the ratio of water to milk is 8:1. How many litres of milk should be added to make the ratio 32:13?","9","We need to calculate the target value for this problem. | Using the appropriate formula: | $$\(\frac{A}{B+x} = \frac{f_1}{f_2}\)$$ | Substitute the values: | $$\(9\)$$ | Simplify the expression to get the result. | Thus, the answer is 9.","PASS"
"en","RAP-CP-006","RAP-QL-029","RAP-ES-006","Easy","threeComponentMixture","ABSOLUTE","A solution has water, milk, and juice in the ratio 5:6:7. After adding 14 litres of milk, the new ratio becomes 10:19:14. Find the starting volume.","72","Our objective is to find the required quantity. | We apply the standard rule: | $$\(use unchanged components as pivot\)$$ | Plugging in the parameters: | $$\(72\)$$ | Calculating the final value. | Therefore, we get 72.","PASS"
"en","RAP-CP-006","RAP-QL-030","RAP-ES-006","Hard","variableReplacementRatio","RATIO","From 130 litres of milk, 40 litres are replaced with water, and then 5 litres are again replaced with water. What is the final ratio of milk to water?","87:43","Let's determine the final amount for the scenario. | The mathematical relationship is: | $$\(A_{final} = A_0\left(1-\frac{r_1}{V}\right)\left(1-\frac{r_2}{V}\right)\)$$ | Inserting the given numbers: | $$\(87:43\)$$ | Solving it yields the final answer. | The computed result is 87:43.","PASS"
"en","RAP-CP-006","RAP-QL-032","RAP-ES-006","Hard","acidConcentration","PERCENT","A solution contains 15 litres of acid and 25 litres of water. What is the percentage of acid in the solution?","37.5%","We need to calculate the target value for this problem. | Using the appropriate formula: | $$\(acid\% = \frac{acid}{acid + water} \times 100\)$$ | Substitute the values: | $$\(37.5\)$$ | Simplify the expression to get the result. | Thus, the answer is 37.5%.","PASS"
"en","RAP-CP-001","RAP-QL-001","RAP-ES-001","Hard","simpleLinkage","RATIO","If the ratio girls:students is 4:5 and students:boys is 5:6, what will be the combined ratio girls:students:boys?","4:5:6","Our objective is to find the required quantity. | We apply the standard rule: | $$\(A:B = a:b, B:C = m:n\)$$ | Plugging in the parameters: | $$\(4:5:6\)$$ | Calculating the final value. | Therefore, we get 4:5:6.","PASS"
"en","RAP-CP-001","RAP-QL-003","RAP-ES-001","Medium","ratioTreeLinkage","RATIO","Given that girls:students = 1:2, students:boys = 2:3, and boys:teachers = 3:4, what is the ratio between girls and teachers?","1:4","Our objective is to find the required quantity. | We apply the standard rule: | $$\(\frac{A}{B} \times \frac{B}{C} \times \frac{C}{D} = \frac{A}{D}\)$$ | Plugging in the parameters: | $$\(1:4\)$$ | Calculating the final value. | Therefore, we get 1:4.","PASS"
"en","RAP-CP-001","RAP-QL-004","RAP-ES-001","Medium","scalingByComponent","COUNT","In a girls, the ratio of boys to teachers is 3:4. If there are 21 boys, how many teachers are there?","28","Our objective is to find the required quantity. | We apply the standard rule: | $$\(A:B = a:b\)$$ | Plugging in the parameters: | $$\(21 \times 4 / 3 = 28\)$$ | Calculating the final value. | Therefore, we get 28.","PASS"
"en","RAP-CP-001","RAP-QL-006","RAP-ES-001","Hard","decimalNormalization","RATIO","What is the simplest whole-number ratio equal to 1.8 : 1.5?","6:5","Our objective is to find the required quantity. | We apply the standard rule: | $$\(scale decimals to whole numbers\)$$ | Plugging in the parameters: | $$\(6:5\)$$ | Calculating the final value. | Therefore, we get 6:5.","PASS"
"en","RAP-CP-001","RAP-QL-001","RAP-ES-001","Hard","simpleLinkage","RATIO","If the ratio boys:students is 1:2 and students:girls is 2:3, what will be the combined ratio boys:students:girls?","1:2:3","Our objective is to find the required quantity. | We apply the standard rule: | $$\(A:B = a:b, B:C = m:n\)$$ | Plugging in the parameters: | $$\(1:2:3\)$$ | Calculating the final value. | Therefore, we get 1:2:3.","PASS"
"en","RAP-CP-001","RAP-QL-002","RAP-ES-001","Medium","ratioNormalization","RATIO","Convert the fractional ratio 9/3 : 2/2 into a simple integer ratio.","3:1","We need to convert the given fractional ratio into a simpler integer ratio. | To normalize a ratio of fractions $\frac{a}{b} : \frac{c}{d}$, we cross-multiply or multiply by the LCM of the denominators. | $$\frac{a}{b} : \frac{c}{d} = (a \times d) : (b \times c)$$ | Substitute the given fractions into the relation: | $$\frac{9}{3} : \frac{2}{2} = (9 \times 2) : (3 \times 2)$$ | Perform the multiplication and simplify the resulting integers if possible. | $$(9 \times 2) : (3 \times 2) = 3 : 1$$ | Hence, the simplified integer ratio is 3:1.","PASS"
"en","RAP-CP-001","RAP-QL-003","RAP-ES-001","Medium","ratioTreeLinkage","RATIO","Given that teachers:girls = 4:5, girls:boys = 5:6, and boys:students = 6:7, what is the ratio between teachers and students?","4:7","Our objective is to find the required quantity. | We apply the standard rule: | $$\(\frac{A}{B} \times \frac{B}{C} \times \frac{C}{D} = \frac{A}{D}\)$$ | Plugging in the parameters: | $$\(4:7\)$$ | Calculating the final value. | Therefore, we get 4:7.","PASS"
"en","RAP-CP-001","RAP-QL-004","RAP-ES-001","Medium","scalingByComponent","COUNT","In a boys, the ratio of girls to students is 8:1. If there are 72 girls, how many students are there?","9","Our objective is to find the required quantity. | We apply the standard rule: | $$\(A:B = a:b\)$$ | Plugging in the parameters: | $$\(72 \times 1 / 8 = 9\)$$ | Calculating the final value. | Therefore, we get 9.","PASS"
"en","RAP-CP-001","RAP-QL-006","RAP-ES-001","Medium","decimalNormalization","RATIO","What is the simplest whole-number ratio equal to 2.3 : 0.4?","23:4","Our objective is to find the required quantity. | We apply the standard rule: | $$\(scale decimals to whole numbers\)$$ | Plugging in the parameters: | $$\(23:4\)$$ | Calculating the final value. | Therefore, we get 23:4.","PASS"
"en","RAP-CP-001","RAP-QL-001","RAP-ES-001","Easy","simpleLinkage","RATIO","If the ratio girls:students is 3:4 and students:boys is 4:5, what will be the combined ratio girls:students:boys?","3:4:5","Our objective is to find the required quantity. | We apply the standard rule: | $$\(A:B = a:b, B:C = m:n\)$$ | Plugging in the parameters: | $$\(3:4:5\)$$ | Calculating the final value. | Therefore, we get 3:4:5.","PASS"
"en","RAP-CP-001","RAP-QL-003","RAP-ES-001","Hard","ratioTreeLinkage","RATIO","Given that girls:students = 2:3, students:boys = 3:4, and boys:teachers = 4:5, what is the ratio between girls and teachers?","2:5","Our objective is to find the required quantity. | We apply the standard rule: | $$\(\frac{A}{B} \times \frac{B}{C} \times \frac{C}{D} = \frac{A}{D}\)$$ | Plugging in the parameters: | $$\(2:5\)$$ | Calculating the final value. | Therefore, we get 2:5.","PASS"
"en","RAP-CP-001","RAP-QL-004","RAP-ES-001","Hard","scalingByComponent","COUNT","In a girls, the ratio of students to boys is 2:3. If there are 16 students, how many boys are there?","24","Our objective is to find the required quantity. | We apply the standard rule: | $$\(A:B = a:b\)$$ | Plugging in the parameters: | $$\(16 \times 3 / 2 = 24\)$$ | Calculating the final value. | Therefore, we get 24.","PASS"
"en","RAP-CP-001","RAP-QL-006","RAP-ES-001","Hard","decimalNormalization","RATIO","What is the simplest whole-number ratio equal to 1.9 : 2.4?","19:24","Our objective is to find the required quantity. | We apply the standard rule: | $$\(scale decimals to whole numbers\)$$ | Plugging in the parameters: | $$\(19:24\)$$ | Calculating the final value. | Therefore, we get 19:24.","PASS"
"en","RAP-CP-002","RAP-QL-011","RAP-ES-002","Medium","salaryDistribution","ABSOLUTE","The ratio of girls's monthly expenses to savings is 2:2. If the total salary is Rs. 13200, how much does girls save every month?","6600","Our objective is to find the required quantity. | We apply the standard rule: | $$\(salary parts = expense + saving\)$$ | Plugging in the parameters: | $$\(6600\)$$ | Calculating the final value. | Therefore, we get 6600.","PASS"
"en","RAP-CP-002","RAP-QL-008","RAP-ES-002","Hard","shareDifference","ABSOLUTE","An amount of Rs. 2470 is distributed between boys, students, and girls in the ratio 7:6:6. How much more money does boys get than girls?","130","Let's determine the final amount for the scenario. | The mathematical relationship is: | $$\((A-C) \times unit\)$$ | Inserting the given numbers: | $$\(130\)$$ | Solving it yields the final answer. | The computed result is 130.","PASS"
"en","RAP-CP-002","RAP-QL-009","RAP-ES-002","Hard","reversePartition","ABSOLUTE","The shares of teachers, girls, and boys are in the ratio 4:3:3. If teachers gets Rs. 20 more than boys, how much was the total amount distributed?","200","Our objective is to find the required quantity. | We apply the standard rule: | $$\(difference = (A-C) \times unit\)$$ | Plugging in the parameters: | $$\(200\)$$ | Calculating the final value. | Therefore, we get 200.","PASS"
"en","RAP-CP-002","RAP-QL-011","RAP-ES-002","Hard","salaryDistribution","ABSOLUTE","The ratio of girls's monthly expenses to savings is 5:2. If the total salary is Rs. 21000, how much does girls save every month?","6000","Our objective is to find the required quantity. | We apply the standard rule: | $$\(salary parts = expense + saving\)$$ | Plugging in the parameters: | $$\(6000\)$$ | Calculating the final value. | Therefore, we get 6000.","PASS"
"en","RAP-CP-002","RAP-QL-008","RAP-ES-002","Medium","shareDifference","ABSOLUTE","An amount of Rs. 3420 is distributed between students, boys, and teachers in the ratio 8:7:4. How much more money does students get than teachers?","720","We need to calculate the target value for this problem. | Using the appropriate formula: | $$\((A-C) \times unit\)$$ | Substitute the values: | $$\(720\)$$ | Simplify the expression to get the result. | Thus, the answer is 720.","PASS"
"en","RAP-CP-002","RAP-QL-009","RAP-ES-002","Medium","reversePartition","ABSOLUTE","The shares of girls, students, and boys are in the ratio 4:3:3. If girls gets Rs. 40 more than boys, how much was the total amount distributed?","400","Our objective is to find the required quantity. | We apply the standard rule: | $$\(difference = (A-C) \times unit\)$$ | Plugging in the parameters: | $$\(400\)$$ | Calculating the final value. | Therefore, we get 400.","PASS"
"en","RAP-CP-002","RAP-QL-011","RAP-ES-002","Medium","salaryDistribution","ABSOLUTE","The ratio of students's monthly expenses to savings is 5:3. If the total salary is Rs. 37600, how much does students save every month?","14100","Our objective is to find the required quantity. | We apply the standard rule: | $$\(salary parts = expense + saving\)$$ | Plugging in the parameters: | $$\(14100\)$$ | Calculating the final value. | Therefore, we get 14100.","PASS"
"en","RAP-CP-002","RAP-QL-008","RAP-ES-002","Easy","shareDifference","ABSOLUTE","An amount of Rs. 3600 is distributed between girls, students, and boys in the ratio 8:7:3. How much more money does girls get than boys?","1000","We need to calculate the target value for this problem. | Using the appropriate formula: | $$\((A-C) \times unit\)$$ | Substitute the values: | $$\(1000\)$$ | Simplify the expression to get the result. | Thus, the answer is 1000.","PASS"
"en","RAP-CP-002","RAP-QL-009","RAP-ES-002","Easy","reversePartition","ABSOLUTE","The shares of boys, students, and girls are in the ratio 5:4:2. If boys gets Rs. 270 more than girls, how much was the total amount distributed?","990","Our objective is to find the required quantity. | We apply the standard rule: | $$\(difference = (A-C) \times unit\)$$ | Plugging in the parameters: | $$\(990\)$$ | Calculating the final value. | Therefore, we get 990.","PASS"
"en","RAP-CP-002","RAP-QL-011","RAP-ES-002","Hard","salaryDistribution","ABSOLUTE","The ratio of students's monthly expenses to savings is 8:3. If the total salary is Rs. 48400, how much does students save every month?","13200","Our objective is to find the required quantity. | We apply the standard rule: | $$\(salary parts = expense + saving\)$$ | Plugging in the parameters: | $$\(13200\)$$ | Calculating the final value. | Therefore, we get 13200.","PASS"
"en","RAP-CP-002","RAP-QL-008","RAP-ES-002","Hard","shareDifference","ABSOLUTE","An amount of Rs. 1140 is distributed between boys, students, and girls in the ratio 7:6:6. How much more money does boys get than girls?","60","We need to calculate the target value for this problem. | Using the appropriate formula: | $$\((A-C) \times unit\)$$ | Substitute the values: | $$\(60\)$$ | Simplify the expression to get the result. | Thus, the answer is 60.","PASS"
"en","RAP-CP-002","RAP-QL-009","RAP-ES-002","Hard","reversePartition","ABSOLUTE","The shares of boys, students, and girls are in the ratio 4:3:3. If boys gets Rs. 140 more than girls, how much was the total amount distributed?","1400","Our objective is to find the required quantity. | We apply the standard rule: | $$\(difference = (A-C) \times unit\)$$ | Plugging in the parameters: | $$\(1400\)$$ | Calculating the final value. | Therefore, we get 1400.","PASS"
"en","RAP-CP-002","RAP-QL-011","RAP-ES-002","Hard","salaryDistribution","ABSOLUTE","The ratio of students's monthly expenses to savings is 4:3. If the total salary is Rs. 28700, how much does students save every month?","12300","Our objective is to find the required quantity. | We apply the standard rule: | $$\(salary parts = expense + saving\)$$ | Plugging in the parameters: | $$\(12300\)$$ | Calculating the final value. | Therefore, we get 12300.","PASS"
"en","RAP-CP-002","RAP-QL-008","RAP-ES-002","Medium","shareDifference","ABSOLUTE","An amount of Rs. 2200 is distributed between teachers, girls, and students in the ratio 8:7:5. How much more money does teachers get than students?","330","Let's determine the final amount for the scenario. | The mathematical relationship is: | $$\((A-C) \times unit\)$$ | Inserting the given numbers: | $$\(330\)$$ | Solving it yields the final answer. | The computed result is 330.","PASS"
"en","RAP-CP-002","RAP-QL-009","RAP-ES-002","Hard","reversePartition","ABSOLUTE","The shares of students, boys, and teachers are in the ratio 9:2:8. If students gets Rs. 190 more than teachers, how much was the total amount distributed?","3610","Our objective is to find the required quantity. | We apply the standard rule: | $$\(difference = (A-C) \times unit\)$$ | Plugging in the parameters: | $$\(3610\)$$ | Calculating the final value. | Therefore, we get 3610.","PASS"
"en","RAP-CP-002","RAP-QL-011","RAP-ES-002","Hard","salaryDistribution","ABSOLUTE","The ratio of students's monthly expenses to savings is 4:4. If the total salary is Rs. 16800, how much does students save every month?","8400","Our objective is to find the required quantity. | We apply the standard rule: | $$\(salary parts = expense + saving\)$$ | Plugging in the parameters: | $$\(8400\)$$ | Calculating the final value. | Therefore, we get 8400.","PASS"
"en","RAP-CP-002","RAP-QL-008","RAP-ES-002","Medium","shareDifference","ABSOLUTE","An amount of Rs. 1330 is distributed between girls, students, and boys in the ratio 8:7:4. How much more money does girls get than boys?","280","Let's determine the final amount for the scenario. | The mathematical relationship is: | $$\((A-C) \times unit\)$$ | Inserting the given numbers: | $$\(280\)$$ | Solving it yields the final answer. | The computed result is 280.","PASS"
"en","RAP-CP-002","RAP-QL-009","RAP-ES-002","Medium","reversePartition","ABSOLUTE","The shares of girls, students, and boys are in the ratio 5:4:4. If girls gets Rs. 150 more than boys, how much was the total amount distributed?","1950","Our objective is to find the required quantity. | We apply the standard rule: | $$\(difference = (A-C) \times unit\)$$ | Plugging in the parameters: | $$\(1950\)$$ | Calculating the final value. | Therefore, we get 1950.","PASS"
"en","RAP-CP-002","RAP-QL-011","RAP-ES-002","Medium","salaryDistribution","ABSOLUTE","The ratio of students's monthly expenses to savings is 4:5. If the total salary is Rs. 16200, how much does students save every month?","9000","Our objective is to find the required quantity. | We apply the standard rule: | $$\(salary parts = expense + saving\)$$ | Plugging in the parameters: | $$\(9000\)$$ | Calculating the final value. | Therefore, we get 9000.","PASS"
"en","RAP-CP-002","RAP-QL-008","RAP-ES-002","Medium","shareDifference","ABSOLUTE","An amount of Rs. 2040 is distributed between boys, students, and girls in the ratio 9:2:6. How much more money does boys get than girls?","360","We need to calculate the target value for this problem. | Using the appropriate formula: | $$\((A-C) \times unit\)$$ | Substitute the values: | $$\(360\)$$ | Simplify the expression to get the result. | Thus, the answer is 360.","PASS"
"en","RAP-CP-003","RAP-QL-012","RAP-ES-003","Hard","twoStateAddition","COUNT","In a boys, the ratio of girls to students is 1:3. If 5 more girls join, the ratio becomes 4:7. How many girls were there at the beginning?","7","Our objective is to find the required quantity. | We apply the standard rule: | $$\(\frac{ax+p}{bx} = \frac{c}{d}\)$$ | Plugging in the parameters: | $$\(7\)$$ | Calculating the final value. | Therefore, we get 7.","PASS"
"en","RAP-CP-003","RAP-QL-013","RAP-ES-003","Hard","twoStateSubtraction","COUNT","The ratio of boys to teachers in a girls is 5:4. After 2 boys leave, the ratio changes to 6:5. What was the total number of people at the start?","90","Our objective is to find the required quantity. | We apply the standard rule: | $$\(\frac{ax-p}{bx} = \frac{c}{d}\)$$ | Plugging in the parameters: | $$\(90\)$$ | Calculating the final value. | Therefore, we get 90.","PASS"
"en","RAP-CP-003","RAP-QL-014","RAP-ES-003","Hard","twoStateTransfer","COUNT","Two numbers are in the ratio 5:10. If 6 is added to each, the ratio becomes 7:12. What is the value of the larger number?","30","Our objective is to find the required quantity. | We apply the standard rule: | $$\(\frac{ax+p}{bx+p} = \frac{c}{d}\)$$ | Plugging in the parameters: | $$\(30\)$$ | Calculating the final value. | Therefore, we get 30.","PASS"
"en","RAP-CP-003","RAP-QL-015","RAP-ES-003","Hard","incomeExpenditureSystem","ABSOLUTE","The incomes of mother and father are in the ratio 3:2, and their expenses are 3:4. If both save Rs. 600 each, what is mother's income?","300","Our objective is to find the required quantity. | We apply the standard rule: | $$\(px-my=s, qx-ny=s\)$$ | Plugging in the parameters: | $$\(300\)$$ | Calculating the final value. | Therefore, we get 300.","PASS"
"en","RAP-CP-003","RAP-QL-016","RAP-ES-003","Medium","multiStageTransformation","COUNT","In a school, the ratio of boys to girls is 4:5. If 7 boys join and 39 girls leave, the ratio becomes 39:1. How many girls were there originally?","40","Let's determine the final amount for the scenario. | The mathematical relationship is: | $$\(\frac{ax+p}{bx-q} = \frac{c}{d}\)$$ | Inserting the given numbers: | $$\(40\)$$ | Solving it yields the final answer. | The computed result is 40.","PASS"
"en","RAP-CP-003","RAP-QL-012","RAP-ES-003","Hard","twoStateAddition","COUNT","In a students, the ratio of boys to girls is 1:3. If 9 more boys join, the ratio becomes 2:3. How many boys were there at the beginning?","9","Our objective is to find the required quantity. | We apply the standard rule: | $$\(\frac{ax+p}{bx} = \frac{c}{d}\)$$ | Plugging in the parameters: | $$\(9\)$$ | Calculating the final value. | Therefore, we get 9.","PASS"
"en","RAP-CP-003","RAP-QL-013","RAP-ES-003","Hard","twoStateSubtraction","COUNT","The ratio of boys to teachers in a girls is 5:4. After 5 boys leave, the ratio changes to 25:24. What was the total number of people at the start?","54","Our objective is to find the required quantity. | We apply the standard rule: | $$\(\frac{ax-p}{bx} = \frac{c}{d}\)$$ | Plugging in the parameters: | $$\(54\)$$ | Calculating the final value. | Therefore, we get 54.","PASS"
"en","RAP-CP-003","RAP-QL-014","RAP-ES-003","Medium","twoStateTransfer","COUNT","Two numbers are in the ratio 7:8. If 7 is added to each, the ratio becomes 42:47. What is the value of the larger number?","40","Let's determine the final amount for the scenario. | The mathematical relationship is: | $$\(\frac{ax+p}{bx+p} = \frac{c}{d}\)$$ | Inserting the given numbers: | $$\(40\)$$ | Solving it yields the final answer. | The computed result is 40.","PASS"
"en","RAP-CP-003","RAP-QL-015","RAP-ES-003","Medium","incomeExpenditureSystem","ABSOLUTE","The incomes of son and brother are in the ratio 5:2, and their expenses are 1:6. If both save Rs. 2800 each, what is son's income?","2500","Our objective is to find the required quantity. | We apply the standard rule: | $$\(px-my=s, qx-ny=s\)$$ | Plugging in the parameters: | $$\(2500\)$$ | Calculating the final value. | Therefore, we get 2500.","PASS"
"en","RAP-CP-003","RAP-QL-016","RAP-ES-003","Medium","multiStageTransformation","COUNT","In a school, the ratio of boys to girls is 2:3. If 15 boys join and 3 girls leave, the ratio becomes 35:27. How many girls were there originally?","30","Our objective is to find the required quantity. | We apply the standard rule: | $$\(\frac{ax+p}{bx-q} = \frac{c}{d}\)$$ | Plugging in the parameters: | $$\(30\)$$ | Calculating the final value. | Therefore, we get 30.","PASS"
"en","RAP-CP-003","RAP-QL-012","RAP-ES-003","Medium","twoStateAddition","COUNT","In a boys, the ratio of students to girls is 4:6. If 20 more students join, the ratio becomes 13:12. How many students were there at the beginning?","32","Our objective is to find the required quantity. | We apply the standard rule: | $$\(\frac{ax+p}{bx} = \frac{c}{d}\)$$ | Plugging in the parameters: | $$\(32\)$$ | Calculating the final value. | Therefore, we get 32.","PASS"
"en","RAP-CP-003","RAP-QL-013","RAP-ES-003","Hard","twoStateSubtraction","COUNT","The ratio of girls to boys in a students is 8:7. After 3 girls leave, the ratio changes to 85:77. What was the total number of people at the start?","165","Our objective is to find the required quantity. | We apply the standard rule: | $$\(\frac{ax-p}{bx} = \frac{c}{d}\)$$ | Plugging in the parameters: | $$\(165\)$$ | Calculating the final value. | Therefore, we get 165.","PASS"
"en","RAP-CP-003","RAP-QL-014","RAP-ES-003","Hard","twoStateTransfer","COUNT","Two numbers are in the ratio 6:9. If 7 is added to each, the ratio becomes 31:43. What is the value of the larger number?","36","We need to calculate the target value for this problem. | Using the appropriate formula: | $$\(\frac{ax+p}{bx+p} = \frac{c}{d}\)$$ | Substitute the values: | $$\(36\)$$ | Simplify the expression to get the result. | Thus, the answer is 36.","PASS"
"en","RAP-CP-003","RAP-QL-015","RAP-ES-003","Hard","incomeExpenditureSystem","ABSOLUTE","The incomes of son and brother are in the ratio 4:2, and their expenses are 2:5. If both save Rs. 1600 each, what is son's income?","1200","Our objective is to find the required quantity. | We apply the standard rule: | $$\(px-my=s, qx-ny=s\)$$ | Plugging in the parameters: | $$\(1200\)$$ | Calculating the final value. | Therefore, we get 1200.","PASS"
"en","RAP-CP-003","RAP-QL-016","RAP-ES-003","Hard","multiStageTransformation","COUNT","In a school, the ratio of boys to girls is 5:6. If 12 boys join and 10 girls leave, the ratio becomes 57:44. How many girls were there originally?","54","Our objective is to find the required quantity. | We apply the standard rule: | $$\(\frac{ax+p}{bx-q} = \frac{c}{d}\)$$ | Plugging in the parameters: | $$\(54\)$$ | Calculating the final value. | Therefore, we get 54.","PASS"
"en","RAP-CP-003","RAP-QL-012","RAP-ES-003","Hard","twoStateAddition","COUNT","In a boys, the ratio of girls to teachers is 2:4. If 18 more girls join, the ratio becomes 19:20. How many girls were there at the beginning?","20","Our objective is to find the required quantity. | We apply the standard rule: | $$\(\frac{ax+p}{bx} = \frac{c}{d}\)$$ | Plugging in the parameters: | $$\(20\)$$ | Calculating the final value. | Therefore, we get 20.","PASS"
"en","RAP-CP-003","RAP-QL-013","RAP-ES-003","Hard","twoStateSubtraction","COUNT","The ratio of teachers to boys in a girls is 8:7. After 6 teachers leave, the ratio changes to 50:49. What was the total number of people at the start?","105","Our objective is to find the required quantity. | We apply the standard rule: | $$\(\frac{ax-p}{bx} = \frac{c}{d}\)$$ | Plugging in the parameters: | $$\(105\)$$ | Calculating the final value. | Therefore, we get 105.","PASS"
"en","RAP-CP-003","RAP-QL-014","RAP-ES-003","Hard","twoStateTransfer","COUNT","Two numbers are in the ratio 4:5. If 8 is added to each, the ratio becomes 16:19. What is the value of the larger number?","30","Let's determine the final amount for the scenario. | The mathematical relationship is: | $$\(\frac{ax+p}{bx+p} = \frac{c}{d}\)$$ | Inserting the given numbers: | $$\(30\)$$ | Solving it yields the final answer. | The computed result is 30.","PASS"
"en","RAP-CP-003","RAP-QL-015","RAP-ES-003","Medium","incomeExpenditureSystem","ABSOLUTE","The incomes of sister and mother are in the ratio 6:2, and their expenses are 4:5. If both save Rs. 2200 each, what is sister's income?","600","Our objective is to find the required quantity. | We apply the standard rule: | $$\(px-my=s, qx-ny=s\)$$ | Plugging in the parameters: | $$\(600\)$$ | Calculating the final value. | Therefore, we get 600.","PASS"
"en","RAP-CP-003","RAP-QL-016","RAP-ES-003","Medium","multiStageTransformation","COUNT","In a school, the ratio of boys to girls is 5:6. If 6 boys join and 10 girls leave, the ratio becomes 8:1. How many girls were there originally?","12","Our objective is to find the required quantity. | We apply the standard rule: | $$\(\frac{ax+p}{bx-q} = \frac{c}{d}\)$$ | Plugging in the parameters: | $$\(12\)$$ | Calculating the final value. | Therefore, we get 12.","PASS"
"en","RAP-CP-004","RAP-QL-017","RAP-ES-004","Medium","meanProportional","ABSOLUTE","What is the mean proportional between 4 and 9?","6","Let's determine the final amount for the scenario. | The mathematical relationship is: | $$\(x^2 = ab\)$$ | Inserting the given numbers: | $$\(6\)$$ | Solving it yields the final answer. | The computed result is 6.","PASS"
"en","RAP-CP-004","RAP-QL-018","RAP-ES-004","Medium","thirdProportional","ABSOLUTE","What will be the third proportional to 1 and 2?","4","Let's determine the final amount for the scenario. | The mathematical relationship is: | $$\(a:b = b:x\)$$ | Inserting the given numbers: | $$\(4\)$$ | Solving it yields the final answer. | The computed result is 4.","PASS"
"en","RAP-CP-004","RAP-QL-019","RAP-ES-004","Medium","fourthProportional","ABSOLUTE","Find the number which is fourth proportional to 5, 6, and 5.","6","Our objective is to find the required quantity. | We apply the standard rule: | $$\(a:b = c:x\)$$ | Plugging in the parameters: | $$\(6\)$$ | Calculating the final value. | Therefore, we get 6.","PASS"
"en","RAP-CP-004","RAP-QL-020","RAP-ES-004","Medium","directVariation","ABSOLUTE","If y varies directly as x, and y is 60 when x is 10, what will be the value of y when x is 11?","66","Our objective is to find the required quantity. | We apply the standard rule: | $$\(y/x = constant\)$$ | Plugging in the parameters: | $$\(66\)$$ | Calculating the final value. | Therefore, we get 66.","PASS"
"en","RAP-CP-004","RAP-QL-021","RAP-ES-004","Medium","inverseVariation","ABSOLUTE","If y is inversely proportional to x, and y is 121 when x is 11, find the value of y when x becomes 1.","1331","Our objective is to find the required quantity. | We apply the standard rule: | $$\(xy = constant\)$$ | Plugging in the parameters: | $$\(1331\)$$ | Calculating the final value. | Therefore, we get 1331.","PASS"
"en","RAP-CP-004","RAP-QL-017","RAP-ES-004","Easy","meanProportional","ABSOLUTE","What is the mean proportional between 16 and 81?","36","Let's determine the final amount for the scenario. | The mathematical relationship is: | $$\(x^2 = ab\)$$ | Inserting the given numbers: | $$\(36\)$$ | Solving it yields the final answer. | The computed result is 36.","PASS"
"en","RAP-CP-004","RAP-QL-018","RAP-ES-004","Medium","thirdProportional","ABSOLUTE","What will be the third proportional to 9 and 12?","16","We need to calculate the target value for this problem. | Using the appropriate formula: | $$\(a:b = b:x\)$$ | Substitute the values: | $$\(16\)$$ | Simplify the expression to get the result. | Thus, the answer is 16.","PASS"
"en","RAP-CP-004","RAP-QL-019","RAP-ES-004","Easy","fourthProportional","ABSOLUTE","Find the number which is fourth proportional to 1, 2, and 7.","14","Let's determine the final amount for the scenario. | The mathematical relationship is: | $$\(a:b = c:x\)$$ | Inserting the given numbers: | $$\(14\)$$ | Solving it yields the final answer. | The computed result is 14.","PASS"
"en","RAP-CP-004","RAP-QL-020","RAP-ES-004","Medium","directVariation","ABSOLUTE","If y varies directly as x, and y is 160 when x is 20, what will be the value of y when x is 1?","8","Our objective is to find the required quantity. | We apply the standard rule: | $$\(y/x = constant\)$$ | Plugging in the parameters: | $$\(8\)$$ | Calculating the final value. | Therefore, we get 8.","PASS"
"en","RAP-CP-004","RAP-QL-021","RAP-ES-004","Easy","inverseVariation","ABSOLUTE","If y is inversely proportional to x, and y is 12 when x is 1, find the value of y when x becomes 4.","3","Our objective is to find the required quantity. | We apply the standard rule: | $$\(xy = constant\)$$ | Plugging in the parameters: | $$\(3\)$$ | Calculating the final value. | Therefore, we get 3.","PASS"
"en","RAP-CP-005","RAP-QL-026","RAP-ES-005","Hard","weightedMarks","ABSOLUTE","In an exam, the marks for Science, English, and History are in the ratio 6:7:8. If the weights for these subjects are 2, 3, and 4 and the total weighted score is 195, how many marks were obtained in Science?","18","Our objective is to find the required quantity. | We apply the standard rule: | $$\(weighted total = unit(r_1w_1 + r_2w_2 + r_3w_3)\)$$ | Plugging in the parameters: | $$\(18\)$$ | Calculating the final value. | Therefore, we get 18.","PASS"
"en","RAP-CP-005","RAP-QL-022","RAP-ES-005","Hard","coinCounting","COUNT","A bag has coins of 1, 2, and 5 in the ratio 2:3:4. If the total value is Rs. 28, how many coins of 5 are in the bag?","4","Let's determine the final amount for the scenario. | The mathematical relationship is: | $$\(total value = k(r_1d_1 + r_2d_2 + r_3d_3)\)$$ | Inserting the given numbers: | $$\(4\)$$ | Solving it yields the final answer. | The computed result is 4.","PASS"
"en","RAP-CP-005","RAP-QL-024","RAP-ES-005","Hard","weightedMapping","ABSOLUTE","The weights of Rs. 2 coin, Rs. 1 coin, and Rs. 5 coin are in the ratio 6:7:8. If the total weight of 1 Rs. 2 coin, 2 Rs. 1 coin, and 3 Rs. 5 coin is 132 kg, find the weight of one Rs. 2 coin.","18","Our objective is to find the required quantity. | We apply the standard rule: | $$\(total = unit(c_1r_1 + c_2r_2 + c_3r_3)\)$$ | Plugging in the parameters: | $$\(18\)$$ | Calculating the final value. | Therefore, we get 18.","PASS"
"en","RAP-CP-005","RAP-QL-026","RAP-ES-005","Hard","weightedMarks","ABSOLUTE","In an exam, the marks for Mathematics, History, and English are in the ratio 2:3:4. If the weights for these subjects are 2, 3, and 4 and the total weighted score is 203, how many marks were obtained in Mathematics?","14","Our objective is to find the required quantity. | We apply the standard rule: | $$\(weighted total = unit(r_1w_1 + r_2w_2 + r_3w_3)\)$$ | Plugging in the parameters: | $$\(14\)$$ | Calculating the final value. | Therefore, we get 14.","PASS"
"en","RAP-CP-005","RAP-QL-022","RAP-ES-005","Hard","coinCounting","COUNT","A bag has coins of 1, 2, and 5 in the ratio 3:4:5. If the total value is Rs. 216, how many coins of 5 are in the bag?","30","Let's determine the final amount for the scenario. | The mathematical relationship is: | $$\(total value = k(r_1d_1 + r_2d_2 + r_3d_3)\)$$ | Inserting the given numbers: | $$\(30\)$$ | Solving it yields the final answer. | The computed result is 30.","PASS"
"en","RAP-CP-005","RAP-QL-024","RAP-ES-005","Hard","weightedMapping","ABSOLUTE","The weights of Rs. 1 coin, Rs. 5 coin, and Rs. 2 coin are in the ratio 7:8:1. If the total weight of 1 Rs. 1 coin, 2 Rs. 5 coin, and 3 Rs. 2 coin is 208 kg, find the weight of one Rs. 1 coin.","56","Our objective is to find the required quantity. | We apply the standard rule: | $$\(total = unit(c_1r_1 + c_2r_2 + c_3r_3)\)$$ | Plugging in the parameters: | $$\(56\)$$ | Calculating the final value. | Therefore, we get 56.","PASS"
"en","RAP-CP-005","RAP-QL-026","RAP-ES-005","Hard","weightedMarks","ABSOLUTE","In an exam, the marks for Mathematics, English, and Science are in the ratio 3:4:5. If the weights for these subjects are 1, 2, and 3 and the total weighted score is 260, how many marks were obtained in Mathematics?","30","Our objective is to find the required quantity. | We apply the standard rule: | $$\(weighted total = unit(r_1w_1 + r_2w_2 + r_3w_3)\)$$ | Plugging in the parameters: | $$\(30\)$$ | Calculating the final value. | Therefore, we get 30.","PASS"
"en","RAP-CP-005","RAP-QL-022","RAP-ES-005","Hard","coinCounting","COUNT","A bag has coins of 1, 2, and 5 in the ratio 5:6:1. If the total value is Rs. 220, how many coins of 5 are in the bag?","10","Let's determine the final amount for the scenario. | The mathematical relationship is: | $$\(total value = k(r_1d_1 + r_2d_2 + r_3d_3)\)$$ | Inserting the given numbers: | $$\(10\)$$ | Solving it yields the final answer. | The computed result is 10.","PASS"
"en","RAP-CP-005","RAP-QL-024","RAP-ES-005","Hard","weightedMapping","ABSOLUTE","The weights of Rs. 1 coin, Rs. 5 coin, and Rs. 2 coin are in the ratio 3:4:5. If the total weight of 4 Rs. 1 coin, 5 Rs. 5 coin, and 1 Rs. 2 coin is 74 kg, find the weight of one Rs. 1 coin.","6","Our objective is to find the required quantity. | We apply the standard rule: | $$\(total = unit(c_1r_1 + c_2r_2 + c_3r_3)\)$$ | Plugging in the parameters: | $$\(6\)$$ | Calculating the final value. | Therefore, we get 6.","PASS"
"en","RAP-CP-005","RAP-QL-026","RAP-ES-005","Hard","weightedMarks","ABSOLUTE","In an exam, the marks for English, Science, and History are in the ratio 7:8:1. If the weights for these subjects are 1, 2, and 3 and the total weighted score is 78, how many marks were obtained in English?","21","Our objective is to find the required quantity. | We apply the standard rule: | $$\(weighted total = unit(r_1w_1 + r_2w_2 + r_3w_3)\)$$ | Plugging in the parameters: | $$\(21\)$$ | Calculating the final value. | Therefore, we get 21.","PASS"
"en","RAP-CP-005","RAP-QL-022","RAP-ES-005","Hard","coinCounting","COUNT","A bag has coins of 1, 2, and 5 in the ratio 3:4:5. If the total value is Rs. 144, how many coins of 2 are in the bag?","16","Let's determine the final amount for the scenario. | The mathematical relationship is: | $$\(total value = k(r_1d_1 + r_2d_2 + r_3d_3)\)$$ | Inserting the given numbers: | $$\(16\)$$ | Solving it yields the final answer. | The computed result is 16.","PASS"
"en","RAP-CP-006","RAP-QL-027","RAP-ES-006","Easy","binaryMixture","ABSOLUTE","A mixture contains juice and water in the ratio 6:7. If 11 litres of juice are added, the ratio becomes 65:63. What was the initial quantity of water?","63","Our objective is to find the required quantity. | We apply the standard rule: | $$\(\frac{r_1x + a}{r_2x} = \frac{f_1}{f_2}\)$$ | Plugging in the parameters: | $$\(63\)$$ | Calculating the final value. | Therefore, we get 63.","PASS"
"en","RAP-CP-006","RAP-QL-028","RAP-ES-006","Easy","mixtureComponentFinding","ABSOLUTE","In 77 litres of a mixture, the ratio of milk to juice is 5:6. How many litres of juice should be added to make the ratio 35:62?","20","Our objective is to find the required quantity. | We apply the standard rule: | $$\(\frac{A}{B+x} = \frac{f_1}{f_2}\)$$ | Plugging in the parameters: | $$\(20\)$$ | Calculating the final value. | Therefore, we get 20.","PASS"
"en","RAP-CP-006","RAP-QL-029","RAP-ES-006","Hard","threeComponentMixture","ABSOLUTE","A solution has milk, water, and juice in the ratio 2:3:4. After adding 17 litres of water, the new ratio becomes 8:29:16. Find the starting volume.","36","Our objective is to find the required quantity. | We apply the standard rule: | $$\(use unchanged components as pivot\)$$ | Plugging in the parameters: | $$\(36\)$$ | Calculating the final value. | Therefore, we get 36.","PASS"
"en","RAP-CP-006","RAP-QL-030","RAP-ES-006","Hard","variableReplacementRatio","RATIO","From 160 litres of water, 15 litres are replaced with milk, and then 20 litres are again replaced with milk. What is the final ratio of water to milk?","127:33","Let's determine the final amount for the scenario. | The mathematical relationship is: | $$\(A_{final} = A_0\left(1-\frac{r_1}{V}\right)\left(1-\frac{r_2}{V}\right)\)$$ | Inserting the given numbers: | $$\(127:33\)$$ | Solving it yields the final answer. | The computed result is 127:33.","PASS"
"en","RAP-CP-006","RAP-QL-032","RAP-ES-006","Hard","acidConcentration","PERCENT","A solution contains 10 litres of acid and 40 litres of water. What is the percentage of acid in the solution?","20%","Let's determine the final amount for the scenario. | The mathematical relationship is: | $$\(acid\% = \frac{acid}{acid + water} \times 100\)$$ | Inserting the given numbers: | $$\(20\)$$ | Solving it yields the final answer. | The computed result is 20%.","PASS"
"en","RAP-CP-006","RAP-QL-027","RAP-ES-006","Hard","binaryMixture","ABSOLUTE","A mixture contains juice and milk in the ratio 1:2. If 16 litres of juice are added, the ratio becomes 3:2. What was the initial quantity of milk?","16","Our objective is to find the required quantity. | We apply the standard rule: | $$\(\frac{r_1x + a}{r_2x} = \frac{f_1}{f_2}\)$$ | Plugging in the parameters: | $$\(16\)$$ | Calculating the final value. | Therefore, we get 16.","PASS"
"en","RAP-CP-006","RAP-QL-028","RAP-ES-006","Medium","mixtureComponentFinding","ABSOLUTE","In 54 litres of a mixture, the ratio of juice to water is 8:1. How many litres of water should be added to make the ratio 16:5?","9","We need to calculate the target value for this problem. | Using the appropriate formula: | $$\(\frac{A}{B+x} = \frac{f_1}{f_2}\)$$ | Substitute the values: | $$\(9\)$$ | Simplify the expression to get the result. | Thus, the answer is 9.","PASS"
"en","RAP-CP-006","RAP-QL-029","RAP-ES-006","Medium","threeComponentMixture","ABSOLUTE","A solution has milk, water, and juice in the ratio 5:6:7. After adding 18 litres of water, the new ratio becomes 20:33:28. Find the starting volume.","144","Our objective is to find the required quantity. | We apply the standard rule: | $$\(use unchanged components as pivot\)$$ | Plugging in the parameters: | $$\(144\)$$ | Calculating the final value. | Therefore, we get 144.","PASS"
"en","RAP-CP-006","RAP-QL-030","RAP-ES-006","Medium","variableReplacementRatio","RATIO","From 50 litres of milk, 10 litres are replaced with juice, and then 15 litres are again replaced with juice. What is the final ratio of milk to juice?","14:11","Our objective is to find the required quantity. | We apply the standard rule: | $$\(A_{final} = A_0\left(1-\frac{r_1}{V}\right)\left(1-\frac{r_2}{V}\right)\)$$ | Plugging in the parameters: | $$\(14:11\)$$ | Calculating the final value. | Therefore, we get 14:11.","PASS"
"en","RAP-CP-006","RAP-QL-032","RAP-ES-006","Medium","acidConcentration","PERCENT","A solution contains 35 litres of acid and 65 litres of water. What is the percentage of acid in the solution?","35%","Our objective is to find the required quantity. | We apply the standard rule: | $$\(acid\% = \frac{acid}{acid + water} \times 100\)$$ | Plugging in the parameters: | $$\(35\)$$ | Calculating the final value. | Therefore, we get 35%.","PASS"
"en","RAP-CP-006","RAP-QL-027","RAP-ES-006","Medium","binaryMixture","ABSOLUTE","A mixture contains juice and water in the ratio 7:8. If 6 litres of juice are added, the ratio becomes 19:20. What was the initial quantity of water?","80","Our objective is to find the required quantity. | We apply the standard rule: | $$\(\frac{r_1x + a}{r_2x} = \frac{f_1}{f_2}\)$$ | Plugging in the parameters: | $$\(80\)$$ | Calculating the final value. | Therefore, we get 80.","PASS"
"en","RAP-CP-006","RAP-QL-028","RAP-ES-006","Medium","mixtureComponentFinding","ABSOLUTE","In 104 litres of a mixture, the ratio of juice to water is 6:7. How many litres of water should be added to make the ratio 48:71?","15","Our objective is to find the required quantity. | We apply the standard rule: | $$\(\frac{A}{B+x} = \frac{f_1}{f_2}\)$$ | Plugging in the parameters: | $$\(15\)$$ | Calculating the final value. | Therefore, we get 15.","PASS"
"en","RAP-CP-006","RAP-QL-029","RAP-ES-006","Medium","threeComponentMixture","ABSOLUTE","A solution has juice, milk, and water in the ratio 3:4:5. After adding 12 litres of milk, the new ratio becomes 15:32:25. Find the starting volume.","60","Our objective is to find the required quantity. | We apply the standard rule: | $$\(use unchanged components as pivot\)$$ | Plugging in the parameters: | $$\(59.999999999999986\)$$ | Calculating the final value. | Therefore, we get 60.","PASS"
"en","RAP-CP-006","RAP-QL-030","RAP-ES-006","Easy","variableReplacementRatio","RATIO","From 150 litres of milk, 20 litres are replaced with water, and then 25 litres are again replaced with water. What is the final ratio of milk to water?","18:7","We need to calculate the target value for this problem. | Using the appropriate formula: | $$\(A_{final} = A_0\left(1-\frac{r_1}{V}\right)\left(1-\frac{r_2}{V}\right)\)$$ | Substitute the values: | $$\(18:7\)$$ | Simplify the expression to get the result. | Thus, the answer is 18:7.","PASS"
"en","RAP-CP-006","RAP-QL-032","RAP-ES-006","Easy","acidConcentration","PERCENT","A solution contains 25 litres of acid and 15 litres of water. What is the percentage of acid in the solution?","62.5%","Let's determine the final amount for the scenario. | The mathematical relationship is: | $$\(acid\% = \frac{acid}{acid + water} \times 100\)$$ | Inserting the given numbers: | $$\(62.5\)$$ | Solving it yields the final answer. | The computed result is 62.5%.","PASS"
"en","RAP-CP-006","RAP-QL-027","RAP-ES-006","Hard","binaryMixture","ABSOLUTE","A mixture contains water and milk in the ratio 2:3. If 11 litres of water are added, the ratio becomes 29:27. What was the initial quantity of milk?","27","Our objective is to find the required quantity. | We apply the standard rule: | $$\(\frac{r_1x + a}{r_2x} = \frac{f_1}{f_2}\)$$ | Plugging in the parameters: | $$\(27\)$$ | Calculating the final value. | Therefore, we get 27.","PASS"
"en","RAP-CP-006","RAP-QL-028","RAP-ES-006","Hard","mixtureComponentFinding","ABSOLUTE","In 21 litres of a mixture, the ratio of water to juice is 1:2. How many litres of juice should be added to make the ratio 7:18?","4","We need to calculate the target value for this problem. | Using the appropriate formula: | $$\(\frac{A}{B+x} = \frac{f_1}{f_2}\)$$ | Substitute the values: | $$\(4\)$$ | Simplify the expression to get the result. | Thus, the answer is 4.","PASS"
"en","RAP-CP-006","RAP-QL-029","RAP-ES-006","Hard","threeComponentMixture","ABSOLUTE","A solution has juice, milk, and water in the ratio 6:7:8. After adding 13 litres of milk, the new ratio becomes 12:27:16. Find the starting volume.","42","Our objective is to find the required quantity. | We apply the standard rule: | $$\(use unchanged components as pivot\)$$ | Plugging in the parameters: | $$\(42\)$$ | Calculating the final value. | Therefore, we get 42.","PASS"
"en","RAP-CP-006","RAP-QL-030","RAP-ES-006","Hard","variableReplacementRatio","RATIO","From 200 litres of juice, 65 litres are replaced with water, and then 5 litres are again replaced with water. What is the final ratio of juice to water?","33:17","Our objective is to find the required quantity. | We apply the standard rule: | $$\(A_{final} = A_0\left(1-\frac{r_1}{V}\right)\left(1-\frac{r_2}{V}\right)\)$$ | Plugging in the parameters: | $$\(33:17\)$$ | Calculating the final value. | Therefore, we get 33:17.","PASS"
"en","RAP-CP-006","RAP-QL-032","RAP-ES-006","Medium","acidConcentration","PERCENT","A solution contains 50 litres of acid and 20 litres of water. What is the percentage of acid in the solution?","71.4286%","Our objective is to find the required quantity. | We apply the standard rule: | $$\(acid\% = \frac{acid}{acid + water} \times 100\)$$ | Plugging in the parameters: | $$\(71.42857142857143\)$$ | Calculating the final value. | Therefore, we get 71.4286%.","PASS"
"en","RAP-CP-001","RAP-QL-001","RAP-ES-001","Medium","simpleLinkage","RATIO","If the ratio teachers:girls is 5:6 and girls:boys is 6:7, what will be the combined ratio teachers:girls:boys?","5:6:7","Our objective is to find the required quantity. | We apply the standard rule: | $$\(A:B = a:b, B:C = m:n\)$$ | Plugging in the parameters: | $$\(5:6:7\)$$ | Calculating the final value. | Therefore, we get 5:6:7.","PASS"
"en","RAP-CP-001","RAP-QL-003","RAP-ES-001","Easy","ratioTreeLinkage","RATIO","Given that students:boys = 8:1, boys:girls = 1:2, and girls:teachers = 2:3, what is the ratio between students and teachers?","8:3","Our objective is to find the required quantity. | We apply the standard rule: | $$\(\frac{A}{B} \times \frac{B}{C} \times \frac{C}{D} = \frac{A}{D}\)$$ | Plugging in the parameters: | $$\(8:3\)$$ | Calculating the final value. | Therefore, we get 8:3.","PASS"
"en","RAP-CP-001","RAP-QL-004","RAP-ES-001","Hard","scalingByComponent","COUNT","In a teachers, the ratio of girls to students is 4:5. If there are 8 girls, how many students are there?","10","Our objective is to find the required quantity. | We apply the standard rule: | $$\(A:B = a:b\)$$ | Plugging in the parameters: | $$\(8 \times 5 / 4 = 10\)$$ | Calculating the final value. | Therefore, we get 10.","PASS"
"en","RAP-CP-001","RAP-QL-006","RAP-ES-001","Hard","decimalNormalization","RATIO","What is the simplest whole-number ratio equal to 1.3 : 1.2?","13:12","Our objective is to find the required quantity. | We apply the standard rule: | $$\(scale decimals to whole numbers\)$$ | Plugging in the parameters: | $$\(13:12\)$$ | Calculating the final value. | Therefore, we get 13:12.","PASS"
"en","RAP-CP-001","RAP-QL-001","RAP-ES-001","Hard","simpleLinkage","RATIO","If the ratio girls:boys is 2:3 and boys:students is 3:4, what will be the combined ratio girls:boys:students?","2:3:4","Our objective is to find the required quantity. | We apply the standard rule: | $$\(A:B = a:b, B:C = m:n\)$$ | Plugging in the parameters: | $$\(2:3:4\)$$ | Calculating the final value. | Therefore, we get 2:3:4.","PASS"
"en","RAP-CP-001","RAP-QL-003","RAP-ES-001","Medium","ratioTreeLinkage","RATIO","Given that girls:teachers = 3:4, teachers:students = 4:5, and students:boys = 5:6, what is the ratio between girls and boys?","1:2","Our objective is to find the required quantity. | We apply the standard rule: | $$\(\frac{A}{B} \times \frac{B}{C} \times \frac{C}{D} = \frac{A}{D}\)$$ | Plugging in the parameters: | $$\(1:2\)$$ | Calculating the final value. | Therefore, we get 1:2.","PASS"
"en","RAP-CP-001","RAP-QL-004","RAP-ES-001","Hard","scalingByComponent","COUNT","In a students, the ratio of girls to boys is 1:2. If there are 4 girls, how many boys are there?","8","Our objective is to find the required quantity. | We apply the standard rule: | $$\(A:B = a:b\)$$ | Plugging in the parameters: | $$\(4 \times 2 / 1 = 8\)$$ | Calculating the final value. | Therefore, we get 8.","PASS"
"en","RAP-CP-001","RAP-QL-006","RAP-ES-001","Hard","decimalNormalization","RATIO","What is the simplest whole-number ratio equal to 1.8 : 0.1?","18:1","Our objective is to find the required quantity. | We apply the standard rule: | $$\(scale decimals to whole numbers\)$$ | Plugging in the parameters: | $$\(18:1\)$$ | Calculating the final value. | Therefore, we get 18:1.","PASS"
"en","RAP-CP-001","RAP-QL-001","RAP-ES-001","Medium","simpleLinkage","RATIO","If the ratio teachers:girls is 4:5 and girls:boys is 5:6, what will be the combined ratio teachers:girls:boys?","4:5:6","Our objective is to find the required quantity. | We apply the standard rule: | $$\(A:B = a:b, B:C = m:n\)$$ | Plugging in the parameters: | $$\(4:5:6\)$$ | Calculating the final value. | Therefore, we get 4:5:6.","PASS"
"en","RAP-CP-001","RAP-QL-002","RAP-ES-001","Medium","ratioNormalization","RATIO","Convert the fractional ratio 6/2 : 3/3 into a simple integer ratio.","3:1","We need to convert the given fractional ratio into a simpler integer ratio. | To normalize a ratio of fractions $\frac{a}{b} : \frac{c}{d}$, we cross-multiply or multiply by the LCM of the denominators. | $$\frac{a}{b} : \frac{c}{d} = (a \times d) : (b \times c)$$ | Substitute the given fractions into the relation: | $$\frac{6}{2} : \frac{3}{3} = (6 \times 3) : (2 \times 3)$$ | Perform the multiplication and simplify the resulting integers if possible. | $$(6 \times 3) : (2 \times 3) = 3 : 1$$ | Hence, the simplified integer ratio is 3:1.","PASS"
"en","RAP-CP-001","RAP-QL-003","RAP-ES-001","Medium","ratioTreeLinkage","RATIO","Given that students:boys = 1:2, boys:teachers = 2:3, and teachers:girls = 3:4, what is the ratio between students and girls?","1:4","Our objective is to find the required quantity. | We apply the standard rule: | $$\(\frac{A}{B} \times \frac{B}{C} \times \frac{C}{D} = \frac{A}{D}\)$$ | Plugging in the parameters: | $$\(1:4\)$$ | Calculating the final value. | Therefore, we get 1:4.","PASS"
"en","RAP-CP-001","RAP-QL-004","RAP-ES-001","Medium","scalingByComponent","COUNT","In a boys, the ratio of teachers to girls is 3:4. If there are 48 teachers, how many girls are there?","64","Our objective is to find the required quantity. | We apply the standard rule: | $$\(A:B = a:b\)$$ | Plugging in the parameters: | $$\(48 \times 4 / 3 = 64\)$$ | Calculating the final value. | Therefore, we get 64.","PASS"
"en","RAP-CP-001","RAP-QL-006","RAP-ES-001","Easy","decimalNormalization","RATIO","What is the simplest whole-number ratio equal to 2.8 : 0.7?","4:1","Our objective is to find the required quantity. | We apply the standard rule: | $$\(scale decimals to whole numbers\)$$ | Plugging in the parameters: | $$\(4:1\)$$ | Calculating the final value. | Therefore, we get 4:1.","PASS"
"en","RAP-CP-002","RAP-QL-009","RAP-ES-002","Easy","reversePartition","ABSOLUTE","The shares of girls, boys, and students are in the ratio 7:6:6. If girls gets Rs. 130 more than students, how much was the total amount distributed?","2470","Our objective is to find the required quantity. | We apply the standard rule: | $$\(difference = (A-C) \times unit\)$$ | Plugging in the parameters: | $$\(2470\)$$ | Calculating the final value. | Therefore, we get 2470.","PASS"
"en","RAP-CP-002","RAP-QL-011","RAP-ES-002","Hard","salaryDistribution","ABSOLUTE","The ratio of students's monthly expenses to savings is 6:1. If the total salary is Rs. 29400, how much does students save every month?","4200","Our objective is to find the required quantity. | We apply the standard rule: | $$\(salary parts = expense + saving\)$$ | Plugging in the parameters: | $$\(4200\)$$ | Calculating the final value. | Therefore, we get 4200.","PASS"
"en","RAP-CP-002","RAP-QL-008","RAP-ES-002","Hard","shareDifference","ABSOLUTE","An amount of Rs. 1300 is distributed between girls, teachers, and students in the ratio 5:4:4. How much more money does girls get than students?","100","Let's determine the final amount for the scenario. | The mathematical relationship is: | $$\((A-C) \times unit\)$$ | Inserting the given numbers: | $$\(100\)$$ | Solving it yields the final answer. | The computed result is 100.","PASS"
"en","RAP-CP-002","RAP-QL-009","RAP-ES-002","Hard","reversePartition","ABSOLUTE","The shares of girls, teachers, and students are in the ratio 6:5:1. If girls gets Rs. 900 more than students, how much was the total amount distributed?","2160","Our objective is to find the required quantity. | We apply the standard rule: | $$\(difference = (A-C) \times unit\)$$ | Plugging in the parameters: | $$\(2160\)$$ | Calculating the final value. | Therefore, we get 2160.","PASS"
"en","RAP-CP-002","RAP-QL-011","RAP-ES-002","Hard","salaryDistribution","ABSOLUTE","The ratio of students's monthly expenses to savings is 2:1. If the total salary is Rs. 11700, how much does students save every month?","3900","Our objective is to find the required quantity. | We apply the standard rule: | $$\(salary parts = expense + saving\)$$ | Plugging in the parameters: | $$\(3900\)$$ | Calculating the final value. | Therefore, we get 3900.","PASS"
"en","RAP-CP-002","RAP-QL-008","RAP-ES-002","Hard","shareDifference","ABSOLUTE","An amount of Rs. 1560 is distributed between teachers, girls, and boys in the ratio 5:4:4. How much more money does teachers get than boys?","120","We need to calculate the target value for this problem. | Using the appropriate formula: | $$\((A-C) \times unit\)$$ | Substitute the values: | $$\(120\)$$ | Simplify the expression to get the result. | Thus, the answer is 120.","PASS"
"en","RAP-CP-002","RAP-QL-009","RAP-ES-002","Hard","reversePartition","ABSOLUTE","The shares of students, boys, and teachers are in the ratio 8:7:4. If students gets Rs. 800 more than teachers, how much was the total amount distributed?","3800","Our objective is to find the required quantity. | We apply the standard rule: | $$\(difference = (A-C) \times unit\)$$ | Plugging in the parameters: | $$\(3800\)$$ | Calculating the final value. | Therefore, we get 3800.","PASS"
"en","RAP-CP-002","RAP-QL-011","RAP-ES-002","Hard","salaryDistribution","ABSOLUTE","The ratio of boys's monthly expenses to savings is 2:2. If the total salary is Rs. 6000, how much does boys save every month?","3000","Our objective is to find the required quantity. | We apply the standard rule: | $$\(salary parts = expense + saving\)$$ | Plugging in the parameters: | $$\(3000\)$$ | Calculating the final value. | Therefore, we get 3000.","PASS"
"en","RAP-CP-002","RAP-QL-008","RAP-ES-002","Medium","shareDifference","ABSOLUTE","An amount of Rs. 2720 is distributed between girls, boys, and students in the ratio 6:5:5. How much more money does girls get than students?","170","Our objective is to find the required quantity. | We apply the standard rule: | $$\((A-C) \times unit\)$$ | Plugging in the parameters: | $$\(170\)$$ | Calculating the final value. | Therefore, we get 170.","PASS"
"en","RAP-CP-002","RAP-QL-009","RAP-ES-002","Medium","reversePartition","ABSOLUTE","The shares of students, boys, and teachers are in the ratio 7:6:6. If students gets Rs. 60 more than teachers, how much was the total amount distributed?","1140","Our objective is to find the required quantity. | We apply the standard rule: | $$\(difference = (A-C) \times unit\)$$ | Plugging in the parameters: | $$\(1140\)$$ | Calculating the final value. | Therefore, we get 1140.","PASS"
"en","RAP-CP-002","RAP-QL-011","RAP-ES-002","Medium","salaryDistribution","ABSOLUTE","The ratio of boys's monthly expenses to savings is 5:2. If the total salary is Rs. 8400, how much does boys save every month?","2400","Our objective is to find the required quantity. | We apply the standard rule: | $$\(salary parts = expense + saving\)$$ | Plugging in the parameters: | $$\(2400\)$$ | Calculating the final value. | Therefore, we get 2400.","PASS"
"en","RAP-CP-002","RAP-QL-008","RAP-ES-002","Medium","shareDifference","ABSOLUTE","An amount of Rs. 330 is distributed between girls, boys, and students in the ratio 5:4:2. How much more money does girls get than students?","90","We need to calculate the target value for this problem. | Using the appropriate formula: | $$\((A-C) \times unit\)$$ | Substitute the values: | $$\(90\)$$ | Simplify the expression to get the result. | Thus, the answer is 90.","PASS"
"en","RAP-CP-002","RAP-QL-009","RAP-ES-002","Easy","reversePartition","ABSOLUTE","The shares of girls, teachers, and boys are in the ratio 6:5:4. If girls gets Rs. 220 more than boys, how much was the total amount distributed?","1650","Our objective is to find the required quantity. | We apply the standard rule: | $$\(difference = (A-C) \times unit\)$$ | Plugging in the parameters: | $$\(1650\)$$ | Calculating the final value. | Therefore, we get 1650.","PASS"
"en","RAP-CP-002","RAP-QL-011","RAP-ES-002","Easy","salaryDistribution","ABSOLUTE","The ratio of boys's monthly expenses to savings is 8:2. If the total salary is Rs. 50000, how much does boys save every month?","10000","Our objective is to find the required quantity. | We apply the standard rule: | $$\(salary parts = expense + saving\)$$ | Plugging in the parameters: | $$\(10000\)$$ | Calculating the final value. | Therefore, we get 10000.","PASS"
"en","RAP-CP-002","RAP-QL-008","RAP-ES-002","Hard","shareDifference","ABSOLUTE","An amount of Rs. 800 is distributed between boys, students, and girls in the ratio 4:3:3. How much more money does boys get than girls?","80","Our objective is to find the required quantity. | We apply the standard rule: | $$\((A-C) \times unit\)$$ | Plugging in the parameters: | $$\(80\)$$ | Calculating the final value. | Therefore, we get 80.","PASS"
"en","RAP-CP-002","RAP-QL-009","RAP-ES-002","Easy","reversePartition","ABSOLUTE","The shares of students, girls, and boys are in the ratio 8:7:5. If students gets Rs. 390 more than boys, how much was the total amount distributed?","2600","Our objective is to find the required quantity. | We apply the standard rule: | $$\(difference = (A-C) \times unit\)$$ | Plugging in the parameters: | $$\(2600\)$$ | Calculating the final value. | Therefore, we get 2600.","PASS"
"en","RAP-CP-002","RAP-QL-011","RAP-ES-002","Easy","salaryDistribution","ABSOLUTE","The ratio of teachers's monthly expenses to savings is 8:3. If the total salary is Rs. 28600, how much does teachers save every month?","7800","Our objective is to find the required quantity. | We apply the standard rule: | $$\(salary parts = expense + saving\)$$ | Plugging in the parameters: | $$\(7800\)$$ | Calculating the final value. | Therefore, we get 7800.","PASS"
"en","RAP-CP-002","RAP-QL-008","RAP-ES-002","Hard","shareDifference","ABSOLUTE","An amount of Rs. 1400 is distributed between students, boys, and teachers in the ratio 6:5:3. How much more money does students get than teachers?","300","Our objective is to find the required quantity. | We apply the standard rule: | $$\((A-C) \times unit\)$$ | Plugging in the parameters: | $$\(300\)$$ | Calculating the final value. | Therefore, we get 300.","PASS"
"en","RAP-CP-002","RAP-QL-009","RAP-ES-002","Hard","reversePartition","ABSOLUTE","The shares of girls, boys, and students are in the ratio 7:6:6. If girls gets Rs. 180 more than students, how much was the total amount distributed?","3420","Our objective is to find the required quantity. | We apply the standard rule: | $$\(difference = (A-C) \times unit\)$$ | Plugging in the parameters: | $$\(3420\)$$ | Calculating the final value. | Therefore, we get 3420.","PASS"
"en","RAP-CP-002","RAP-QL-011","RAP-ES-002","Hard","salaryDistribution","ABSOLUTE","The ratio of teachers's monthly expenses to savings is 8:4. If the total salary is Rs. 27600, how much does teachers save every month?","9200","Our objective is to find the required quantity. | We apply the standard rule: | $$\(salary parts = expense + saving\)$$ | Plugging in the parameters: | $$\(9200\)$$ | Calculating the final value. | Therefore, we get 9200.","PASS"
"en","RAP-CP-003","RAP-QL-012","RAP-ES-003","Hard","twoStateAddition","COUNT","In a girls, the ratio of boys to teachers is 2:4. If 17 more boys join, the ratio becomes 27:20. How many boys were there at the beginning?","10","Our objective is to find the required quantity. | We apply the standard rule: | $$\(\frac{ax+p}{bx} = \frac{c}{d}\)$$ | Plugging in the parameters: | $$\(10\)$$ | Calculating the final value. | Therefore, we get 10.","PASS"
"en","RAP-CP-003","RAP-QL-013","RAP-ES-003","Hard","twoStateSubtraction","COUNT","The ratio of boys to girls in a students is 6:5. After 5 boys leave, the ratio changes to 1:1. What was the total number of people at the start?","55","Our objective is to find the required quantity. | We apply the standard rule: | $$\(\frac{ax-p}{bx} = \frac{c}{d}\)$$ | Plugging in the parameters: | $$\(55\)$$ | Calculating the final value. | Therefore, we get 55.","PASS"
"en","RAP-CP-003","RAP-QL-014","RAP-ES-003","Hard","twoStateTransfer","COUNT","Two numbers are in the ratio 6:7. If 16 is added to each, the ratio becomes 38:43. What is the value of the larger number?","70","We need to calculate the target value for this problem. | Using the appropriate formula: | $$\(\frac{ax+p}{bx+p} = \frac{c}{d}\)$$ | Substitute the values: | $$\(70\)$$ | Simplify the expression to get the result. | Thus, the answer is 70.","PASS"
"en","RAP-CP-003","RAP-QL-015","RAP-ES-003","Medium","incomeExpenditureSystem","ABSOLUTE","The incomes of son and father are in the ratio 6:2, and their expenses are 4:5. If both save Rs. 11000 each, what is son's income?","3000","Our objective is to find the required quantity. | We apply the standard rule: | $$\(px-my=s, qx-ny=s\)$$ | Plugging in the parameters: | $$\(3000\)$$ | Calculating the final value. | Therefore, we get 3000.","PASS"
"en","RAP-CP-003","RAP-QL-016","RAP-ES-003","Medium","multiStageTransformation","COUNT","In a school, the ratio of boys to girls is 5:6. If 2 boys join and 18 girls leave, the ratio becomes 16:9. How many girls were there originally?","36","Our objective is to find the required quantity. | We apply the standard rule: | $$\(\frac{ax+p}{bx-q} = \frac{c}{d}\)$$ | Plugging in the parameters: | $$\(36\)$$ | Calculating the final value. | Therefore, we get 36.","PASS"
"en","RAP-CP-003","RAP-QL-012","RAP-ES-003","Hard","twoStateAddition","COUNT","In a boys, the ratio of students to girls is 2:4. If 15 more students join, the ratio becomes 29:28. How many students were there at the beginning?","14","Our objective is to find the required quantity. | We apply the standard rule: | $$\(\frac{ax+p}{bx} = \frac{c}{d}\)$$ | Plugging in the parameters: | $$\(14\)$$ | Calculating the final value. | Therefore, we get 14.","PASS"
"en","RAP-CP-003","RAP-QL-013","RAP-ES-003","Medium","twoStateSubtraction","COUNT","The ratio of students to boys in a girls is 6:5. After 8 students leave, the ratio changes to 58:55. What was the total number of people at the start?","121","Our objective is to find the required quantity. | We apply the standard rule: | $$\(\frac{ax-p}{bx} = \frac{c}{d}\)$$ | Plugging in the parameters: | $$\(121\)$$ | Calculating the final value. | Therefore, we get 121.","PASS"
"en","RAP-CP-003","RAP-QL-014","RAP-ES-003","Medium","twoStateTransfer","COUNT","Two numbers are in the ratio 8:9. If 17 is added to each, the ratio becomes 41:44. What is the value of the larger number?","27","Our objective is to find the required quantity. | We apply the standard rule: | $$\(\frac{ax+p}{bx+p} = \frac{c}{d}\)$$ | Plugging in the parameters: | $$\(27\)$$ | Calculating the final value. | Therefore, we get 27.","PASS"
"en","RAP-CP-003","RAP-QL-015","RAP-ES-003","Medium","incomeExpenditureSystem","ABSOLUTE","The incomes of brother and daughter are in the ratio 8:2, and their expenses are 2:5. If both save Rs. 14400 each, what is brother's income?","9600","Our objective is to find the required quantity. | We apply the standard rule: | $$\(px-my=s, qx-ny=s\)$$ | Plugging in the parameters: | $$\(9600\)$$ | Calculating the final value. | Therefore, we get 9600.","PASS"
"en","RAP-CP-003","RAP-QL-016","RAP-ES-003","Medium","multiStageTransformation","COUNT","In a school, the ratio of boys to girls is 3:4. If 10 boys join and 20 girls leave, the ratio becomes 17:6. How many girls were there originally?","32","We need to calculate the target value for this problem. | Using the appropriate formula: | $$\(\frac{ax+p}{bx-q} = \frac{c}{d}\)$$ | Substitute the values: | $$\(32\)$$ | Simplify the expression to get the result. | Thus, the answer is 32.","PASS"
"en","RAP-CP-003","RAP-QL-012","RAP-ES-003","Hard","twoStateAddition","COUNT","In a girls, the ratio of students to teachers is 5:7. If 7 more students join, the ratio becomes 37:42. How many students were there at the beginning?","30","Our objective is to find the required quantity. | We apply the standard rule: | $$\(\frac{ax+p}{bx} = \frac{c}{d}\)$$ | Plugging in the parameters: | $$\(30\)$$ | Calculating the final value. | Therefore, we get 30.","PASS"
"en","RAP-CP-003","RAP-QL-013","RAP-ES-003","Hard","twoStateSubtraction","COUNT","The ratio of students to girls in a boys is 9:2. After 6 students leave, the ratio changes to 4:1. What was the total number of people at the start?","66","Our objective is to find the required quantity. | We apply the standard rule: | $$\(\frac{ax-p}{bx} = \frac{c}{d}\)$$ | Plugging in the parameters: | $$\(66\)$$ | Calculating the final value. | Therefore, we get 66.","PASS"
"en","RAP-CP-003","RAP-QL-014","RAP-ES-003","Hard","twoStateTransfer","COUNT","Two numbers are in the ratio 7:9. If 17 is added to each, the ratio becomes 31:35. What is the value of the larger number?","18","Let's determine the final amount for the scenario. | The mathematical relationship is: | $$\(\frac{ax+p}{bx+p} = \frac{c}{d}\)$$ | Inserting the given numbers: | $$\(18\)$$ | Solving it yields the final answer. | The computed result is 18.","PASS"
"en","RAP-CP-003","RAP-QL-015","RAP-ES-003","Hard","incomeExpenditureSystem","ABSOLUTE","The incomes of daughter and brother are in the ratio 7:6, and their expenses are 3:6. If both save Rs. 12000 each, what is daughter's income?","10500","Our objective is to find the required quantity. | We apply the standard rule: | $$\(px-my=s, qx-ny=s\)$$ | Plugging in the parameters: | $$\(10500\)$$ | Calculating the final value. | Therefore, we get 10500.","PASS"
"en","RAP-CP-003","RAP-QL-016","RAP-ES-003","Medium","multiStageTransformation","COUNT","In a school, the ratio of boys to girls is 6:7. If 11 boys join and 8 girls leave, the ratio becomes 53:41. How many girls were there originally?","49","We need to calculate the target value for this problem. | Using the appropriate formula: | $$\(\frac{ax+p}{bx-q} = \frac{c}{d}\)$$ | Substitute the values: | $$\(49\)$$ | Simplify the expression to get the result. | Thus, the answer is 49.","PASS"
"en","RAP-CP-003","RAP-QL-012","RAP-ES-003","Hard","twoStateAddition","COUNT","In a boys, the ratio of girls to students is 3:5. If 5 more girls join, the ratio becomes 29:40. How many girls were there at the beginning?","24","Our objective is to find the required quantity. | We apply the standard rule: | $$\(\frac{ax+p}{bx} = \frac{c}{d}\)$$ | Plugging in the parameters: | $$\(24\)$$ | Calculating the final value. | Therefore, we get 24.","PASS"
"en","RAP-CP-003","RAP-QL-013","RAP-ES-003","Hard","twoStateSubtraction","COUNT","The ratio of boys to teachers in a students is 9:2. After 9 boys leave, the ratio changes to 33:8. What was the total number of people at the start?","132","Our objective is to find the required quantity. | We apply the standard rule: | $$\(\frac{ax-p}{bx} = \frac{c}{d}\)$$ | Plugging in the parameters: | $$\(132\)$$ | Calculating the final value. | Therefore, we get 132.","PASS"
"en","RAP-CP-003","RAP-QL-014","RAP-ES-003","Medium","twoStateTransfer","COUNT","Two numbers are in the ratio 5:7. If 18 is added to each, the ratio becomes 19:23. What is the value of the larger number?","28","Our objective is to find the required quantity. | We apply the standard rule: | $$\(\frac{ax+p}{bx+p} = \frac{c}{d}\)$$ | Plugging in the parameters: | $$\(28\)$$ | Calculating the final value. | Therefore, we get 28.","PASS"
"en","RAP-CP-003","RAP-QL-015","RAP-ES-003","Medium","incomeExpenditureSystem","ABSOLUTE","The incomes of father and mother are in the ratio 7:5, and their expenses are 1:3. If both save Rs. 8000 each, what is father's income?","7000","Our objective is to find the required quantity. | We apply the standard rule: | $$\(px-my=s, qx-ny=s\)$$ | Plugging in the parameters: | $$\(7000\)$$ | Calculating the final value. | Therefore, we get 7000.","PASS"
"en","RAP-CP-003","RAP-QL-016","RAP-ES-003","Medium","multiStageTransformation","COUNT","In a school, the ratio of boys to girls is 6:7. If 15 boys join and 54 girls leave, the ratio becomes 23:3. How many girls were there originally?","63","We need to calculate the target value for this problem. | Using the appropriate formula: | $$\(\frac{ax+p}{bx-q} = \frac{c}{d}\)$$ | Substitute the values: | $$\(63\)$$ | Simplify the expression to get the result. | Thus, the answer is 63.","PASS"
"en","RAP-CP-004","RAP-QL-017","RAP-ES-004","Easy","meanProportional","ABSOLUTE","What is the mean proportional between 81 and 16?","36","We need to calculate the target value for this problem. | Using the appropriate formula: | $$\(x^2 = ab\)$$ | Substitute the values: | $$\(36\)$$ | Simplify the expression to get the result. | Thus, the answer is 36.","PASS"
"en","RAP-CP-004","RAP-QL-019","RAP-ES-004","Easy","fourthProportional","ABSOLUTE","Find the number which is fourth proportional to 6, 1, and 12.","2","We need to calculate the target value for this problem. | Using the appropriate formula: | $$\(a:b = c:x\)$$ | Substitute the values: | $$\(2\)$$ | Simplify the expression to get the result. | Thus, the answer is 2.","PASS"
"en","RAP-CP-004","RAP-QL-020","RAP-ES-004","Medium","directVariation","ABSOLUTE","If y varies directly as x, and y is 70 when x is 7, what will be the value of y when x is 8?","80","Our objective is to find the required quantity. | We apply the standard rule: | $$\(y/x = constant\)$$ | Plugging in the parameters: | $$\(80\)$$ | Calculating the final value. | Therefore, we get 80.","PASS"
"en","RAP-CP-004","RAP-QL-021","RAP-ES-004","Easy","inverseVariation","ABSOLUTE","If y is inversely proportional to x, and y is 80 when x is 8, find the value of y when x becomes 5.","128","Our objective is to find the required quantity. | We apply the standard rule: | $$\(xy = constant\)$$ | Plugging in the parameters: | $$\(128\)$$ | Calculating the final value. | Therefore, we get 128.","PASS"
"en","RAP-CP-004","RAP-QL-017","RAP-ES-004","Medium","meanProportional","ABSOLUTE","What is the mean proportional between 49 and 36?","42","Let's determine the final amount for the scenario. | The mathematical relationship is: | $$\(x^2 = ab\)$$ | Inserting the given numbers: | $$\(42\)$$ | Solving it yields the final answer. | The computed result is 42.","PASS"
"en","RAP-CP-004","RAP-QL-018","RAP-ES-004","Medium","thirdProportional","ABSOLUTE","What will be the third proportional to 16 and 20?","25","Let's determine the final amount for the scenario. | The mathematical relationship is: | $$\(a:b = b:x\)$$ | Inserting the given numbers: | $$\(25\)$$ | Solving it yields the final answer. | The computed result is 25.","PASS"
"en","RAP-CP-004","RAP-QL-019","RAP-ES-004","Medium","fourthProportional","ABSOLUTE","Find the number which is fourth proportional to 2, 3, and 16.","24","Our objective is to find the required quantity. | We apply the standard rule: | $$\(a:b = c:x\)$$ | Plugging in the parameters: | $$\(24\)$$ | Calculating the final value. | Therefore, we get 24.","PASS"
"en","RAP-CP-004","RAP-QL-020","RAP-ES-004","Medium","directVariation","ABSOLUTE","If y varies directly as x, and y is 39 when x is 13, what will be the value of y when x is 14?","42","Our objective is to find the required quantity. | We apply the standard rule: | $$\(y/x = constant\)$$ | Plugging in the parameters: | $$\(42\)$$ | Calculating the final value. | Therefore, we get 42.","PASS"
"en","RAP-CP-004","RAP-QL-021","RAP-ES-004","Medium","inverseVariation","ABSOLUTE","If y is inversely proportional to x, and y is 154 when x is 14, find the value of y when x becomes 1.","2156","Our objective is to find the required quantity. | We apply the standard rule: | $$\(xy = constant\)$$ | Plugging in the parameters: | $$\(2156\)$$ | Calculating the final value. | Therefore, we get 2156.","PASS"
"en","RAP-CP-005","RAP-QL-024","RAP-ES-005","Hard","weightedMapping","ABSOLUTE","The weights of Rs. 1 coin, Rs. 5 coin, and Rs. 2 coin are in the ratio 4:5:6. If the total weight of 2 Rs. 1 coin, 3 Rs. 5 coin, and 4 Rs. 2 coin is 423 kg, find the weight of one Rs. 1 coin.","36","Our objective is to find the required quantity. | We apply the standard rule: | $$\(total = unit(c_1r_1 + c_2r_2 + c_3r_3)\)$$ | Plugging in the parameters: | $$\(36\)$$ | Calculating the final value. | Therefore, we get 36.","PASS"
"en","RAP-CP-005","RAP-QL-026","RAP-ES-005","Hard","weightedMarks","ABSOLUTE","In an exam, the marks for Science, English, and History are in the ratio 8:1:2. If the weights for these subjects are 4, 1, and 2 and the total weighted score is 74, how many marks were obtained in Science?","16","Our objective is to find the required quantity. | We apply the standard rule: | $$\(weighted total = unit(r_1w_1 + r_2w_2 + r_3w_3)\)$$ | Plugging in the parameters: | $$\(16\)$$ | Calculating the final value. | Therefore, we get 16.","PASS"
"en","RAP-CP-005","RAP-QL-022","RAP-ES-005","Hard","coinCounting","COUNT","A bag has coins of 1, 2, and 5 in the ratio 4:5:6. If the total value is Rs. 44, how many coins of 5 are in the bag?","6","Let's determine the final amount for the scenario. | The mathematical relationship is: | $$\(total value = k(r_1d_1 + r_2d_2 + r_3d_3)\)$$ | Inserting the given numbers: | $$\(6\)$$ | Solving it yields the final answer. | The computed result is 6.","PASS"
"en","RAP-CP-005","RAP-QL-023","RAP-ES-005","Hard","multiDenominationMapping","COUNT","A box contains 22 coins of 1, 2, 5, and 10. If their values are in the ratio 3:7:20:5, what is the number of 10 coins?","1","Let's determine the final amount for the scenario. | The mathematical relationship is: | $$\(count ratio = value ratio / denomination\)$$ | Inserting the given numbers: | $$\(1\)$$ | Solving it yields the final answer. | The computed result is 1.","PASS"
"en","RAP-CP-005","RAP-QL-024","RAP-ES-005","Hard","weightedMapping","ABSOLUTE","The weights of Rs. 1 coin, Rs. 2 coin, and Rs. 5 coin are in the ratio 8:1:2. If the total weight of 1 Rs. 1 coin, 2 Rs. 2 coin, and 3 Rs. 5 coin is 48 kg, find the weight of one Rs. 1 coin.","24","Our objective is to find the required quantity. | We apply the standard rule: | $$\(total = unit(c_1r_1 + c_2r_2 + c_3r_3)\)$$ | Plugging in the parameters: | $$\(24\)$$ | Calculating the final value. | Therefore, we get 24.","PASS"
"en","RAP-CP-005","RAP-QL-026","RAP-ES-005","Hard","weightedMarks","ABSOLUTE","In an exam, the marks for Science, History, and Mathematics are in the ratio 1:2:3. If the weights for these subjects are 3, 4, and 1 and the total weighted score is 70, how many marks were obtained in Science?","5","Our objective is to find the required quantity. | We apply the standard rule: | $$\(weighted total = unit(r_1w_1 + r_2w_2 + r_3w_3)\)$$ | Plugging in the parameters: | $$\(5\)$$ | Calculating the final value. | Therefore, we get 5.","PASS"
"en","RAP-CP-005","RAP-QL-022","RAP-ES-005","Hard","coinCounting","COUNT","A bag has coins of 1, 2, and 5 in the ratio 5:6:1. If the total value is Rs. 132, how many coins of 1 are in the bag?","30","Let's determine the final amount for the scenario. | The mathematical relationship is: | $$\(total value = k(r_1d_1 + r_2d_2 + r_3d_3)\)$$ | Inserting the given numbers: | $$\(30\)$$ | Solving it yields the final answer. | The computed result is 30.","PASS"
"en","RAP-CP-005","RAP-QL-023","RAP-ES-005","Hard","multiDenominationMapping","COUNT","A box contains 26 coins of 1, 2, 5, and 10. If their values are in the ratio 5:12:35:80, what is the number of 1 coins?","5","Our objective is to find the required quantity. | We apply the standard rule: | $$\(count ratio = value ratio / denomination\)$$ | Plugging in the parameters: | $$\(5\)$$ | Calculating the final value. | Therefore, we get 5.","PASS"
"en","RAP-CP-005","RAP-QL-024","RAP-ES-005","Hard","weightedMapping","ABSOLUTE","The weights of Rs. 2 coin, Rs. 1 coin, and Rs. 5 coin are in the ratio 1:2:3. If the total weight of 1 Rs. 2 coin, 2 Rs. 1 coin, and 3 Rs. 5 coin is 112 kg, find the weight of one Rs. 2 coin.","8","Our objective is to find the required quantity. | We apply the standard rule: | $$\(total = unit(c_1r_1 + c_2r_2 + c_3r_3)\)$$ | Plugging in the parameters: | $$\(8\)$$ | Calculating the final value. | Therefore, we get 8.","PASS"
"en","RAP-CP-005","RAP-QL-026","RAP-ES-005","Hard","weightedMarks","ABSOLUTE","In an exam, the marks for Mathematics, History, and English are in the ratio 5:6:7. If the weights for these subjects are 3, 4, and 1 and the total weighted score is 414, how many marks were obtained in Mathematics?","45","Our objective is to find the required quantity. | We apply the standard rule: | $$\(weighted total = unit(r_1w_1 + r_2w_2 + r_3w_3)\)$$ | Plugging in the parameters: | $$\(45\)$$ | Calculating the final value. | Therefore, we get 45.","PASS"
"en","RAP-CP-005","RAP-QL-022","RAP-ES-005","Hard","coinCounting","COUNT","A bag has coins of 1, 2, and 5 in the ratio 3:4:5. If the total value is Rs. 360, how many coins of 5 are in the bag?","50","Let's determine the final amount for the scenario. | The mathematical relationship is: | $$\(total value = k(r_1d_1 + r_2d_2 + r_3d_3)\)$$ | Inserting the given numbers: | $$\(50\)$$ | Solving it yields the final answer. | The computed result is 50.","PASS"
"en","RAP-CP-005","RAP-QL-023","RAP-ES-005","Hard","multiDenominationMapping","COUNT","A box contains 10 coins of 1, 2, 5, and 10. If their values are in the ratio 1:4:15:40, what is the number of 1 coins?","1","Let's determine the final amount for the scenario. | The mathematical relationship is: | $$\(count ratio = value ratio / denomination\)$$ | Inserting the given numbers: | $$\(1\)$$ | Solving it yields the final answer. | The computed result is 1.","PASS"
"en","RAP-CP-005","RAP-QL-024","RAP-ES-005","Hard","weightedMapping","ABSOLUTE","The weights of Rs. 2 coin, Rs. 1 coin, and Rs. 5 coin are in the ratio 5:6:7. If the total weight of 4 Rs. 2 coin, 5 Rs. 1 coin, and 1 Rs. 5 coin is 114 kg, find the weight of one Rs. 2 coin.","10","Our objective is to find the required quantity. | We apply the standard rule: | $$\(total = unit(c_1r_1 + c_2r_2 + c_3r_3)\)$$ | Plugging in the parameters: | $$\(10\)$$ | Calculating the final value. | Therefore, we get 10.","PASS"
"en","RAP-CP-005","RAP-QL-026","RAP-ES-005","Hard","weightedMarks","ABSOLUTE","In an exam, the marks for English, Science, and Mathematics are in the ratio 1:2:3. If the weights for these subjects are 3, 4, and 1 and the total weighted score is 28, how many marks were obtained in English?","2","Our objective is to find the required quantity. | We apply the standard rule: | $$\(weighted total = unit(r_1w_1 + r_2w_2 + r_3w_3)\)$$ | Plugging in the parameters: | $$\(2\)$$ | Calculating the final value. | Therefore, we get 2.","PASS"
"en","RAP-CP-005","RAP-QL-022","RAP-ES-005","Hard","coinCounting","COUNT","A bag has coins of 1, 2, and 5 in the ratio 5:6:1. If the total value is Rs. 88, how many coins of 5 are in the bag?","4","Let's determine the final amount for the scenario. | The mathematical relationship is: | $$\(total value = k(r_1d_1 + r_2d_2 + r_3d_3)\)$$ | Inserting the given numbers: | $$\(4\)$$ | Solving it yields the final answer. | The computed result is 4.","PASS"
"en","RAP-CP-006","RAP-QL-027","RAP-ES-006","Hard","binaryMixture","ABSOLUTE","A mixture contains water and milk in the ratio 5:6. If 20 litres of water are added, the ratio becomes 55:42. What was the initial quantity of milk?","42","Our objective is to find the required quantity. | We apply the standard rule: | $$\(\frac{r_1x + a}{r_2x} = \frac{f_1}{f_2}\)$$ | Plugging in the parameters: | $$\(42\)$$ | Calculating the final value. | Therefore, we get 42.","PASS"
"en","RAP-CP-006","RAP-QL-028","RAP-ES-006","Medium","mixtureComponentFinding","ABSOLUTE","In 45 litres of a mixture, the ratio of water to juice is 4:5. How many litres of juice should be added to make the ratio 10:21?","17","We need to calculate the target value for this problem. | Using the appropriate formula: | $$\(\frac{A}{B+x} = \frac{f_1}{f_2}\)$$ | Substitute the values: | $$\(17\)$$ | Simplify the expression to get the result. | Thus, the answer is 17.","PASS"
"en","RAP-CP-006","RAP-QL-029","RAP-ES-006","Medium","threeComponentMixture","ABSOLUTE","A solution has juice, water, and milk in the ratio 1:2:3. After adding 6 litres of water, the new ratio becomes 2:7:6. Find the starting volume.","24","Our objective is to find the required quantity. | We apply the standard rule: | $$\(use unchanged components as pivot\)$$ | Plugging in the parameters: | $$\(24\)$$ | Calculating the final value. | Therefore, we get 24.","PASS"
"en","RAP-CP-006","RAP-QL-030","RAP-ES-006","Medium","variableReplacementRatio","RATIO","From 170 litres of juice, 10 litres are replaced with water, and then 15 litres are again replaced with water. What is the final ratio of juice to water?","73:12","Our objective is to find the required quantity. | We apply the standard rule: | $$\(A_{final} = A_0\left(1-\frac{r_1}{V}\right)\left(1-\frac{r_2}{V}\right)\)$$ | Plugging in the parameters: | $$\(73:12\)$$ | Calculating the final value. | Therefore, we get 73:12.","PASS"
"en","RAP-CP-006","RAP-QL-032","RAP-ES-006","Medium","acidConcentration","PERCENT","A solution contains 35 litres of acid and 85 litres of water. What is the percentage of acid in the solution?","29.1667%","Our objective is to find the required quantity. | We apply the standard rule: | $$\(acid\% = \frac{acid}{acid + water} \times 100\)$$ | Plugging in the parameters: | $$\(29.166666666666668\)$$ | Calculating the final value. | Therefore, we get 29.1667%.","PASS"
"en","RAP-CP-006","RAP-QL-027","RAP-ES-006","Easy","binaryMixture","ABSOLUTE","A mixture contains milk and water in the ratio 8:1. If 5 litres of milk are added, the ratio becomes 53:6. What was the initial quantity of water?","6","Our objective is to find the required quantity. | We apply the standard rule: | $$\(\frac{r_1x + a}{r_2x} = \frac{f_1}{f_2}\)$$ | Plugging in the parameters: | $$\(6\)$$ | Calculating the final value. | Therefore, we get 6.","PASS"
"en","RAP-CP-006","RAP-QL-028","RAP-ES-006","Easy","mixtureComponentFinding","ABSOLUTE","In 60 litres of a mixture, the ratio of water to juice is 7:8. How many litres of juice should be added to make the ratio 14:19?","6","We need to calculate the target value for this problem. | Using the appropriate formula: | $$\(\frac{A}{B+x} = \frac{f_1}{f_2}\)$$ | Substitute the values: | $$\(6\)$$ | Simplify the expression to get the result. | Thus, the answer is 6.","PASS"
"en","RAP-CP-006","RAP-QL-029","RAP-ES-006","Hard","threeComponentMixture","ABSOLUTE","A solution has water, juice, and milk in the ratio 4:5:6. After adding 11 litres of juice, the new ratio becomes 32:51:48. Find the starting volume.","120","Our objective is to find the required quantity. | We apply the standard rule: | $$\(use unchanged components as pivot\)$$ | Plugging in the parameters: | $$\(120\)$$ | Calculating the final value. | Therefore, we get 120.","PASS"
"en","RAP-CP-006","RAP-QL-030","RAP-ES-006","Hard","variableReplacementRatio","RATIO","From 60 litres of water, 15 litres are replaced with juice, and then 20 litres are again replaced with juice. What is the final ratio of water to juice?","1:1","We need to calculate the target value for this problem. | Using the appropriate formula: | $$\(A_{final} = A_0\left(1-\frac{r_1}{V}\right)\left(1-\frac{r_2}{V}\right)\)$$ | Substitute the values: | $$\(1:1\)$$ | Simplify the expression to get the result. | Thus, the answer is 1:1.","PASS"
"en","RAP-CP-006","RAP-QL-032","RAP-ES-006","Hard","acidConcentration","PERCENT","A solution contains 10 litres of acid and 10 litres of water. What is the percentage of acid in the solution?","50%","Let's determine the final amount for the scenario. | The mathematical relationship is: | $$\(acid\% = \frac{acid}{acid + water} \times 100\)$$ | Inserting the given numbers: | $$\(50\)$$ | Solving it yields the final answer. | The computed result is 50%.","PASS"
"en","RAP-CP-006","RAP-QL-027","RAP-ES-006","Hard","binaryMixture","ABSOLUTE","A mixture contains milk and water in the ratio 6:7. If 15 litres of milk are added, the ratio becomes 9:8. What was the initial quantity of water?","56","Our objective is to find the required quantity. | We apply the standard rule: | $$\(\frac{r_1x + a}{r_2x} = \frac{f_1}{f_2}\)$$ | Plugging in the parameters: | $$\(56\)$$ | Calculating the final value. | Therefore, we get 56.","PASS"
"en","RAP-CP-006","RAP-QL-028","RAP-ES-006","Hard","mixtureComponentFinding","ABSOLUTE","In 66 litres of a mixture, the ratio of milk to juice is 5:6. How many litres of juice should be added to make the ratio 5:8?","12","We need to calculate the target value for this problem. | Using the appropriate formula: | $$\(\frac{A}{B+x} = \frac{f_1}{f_2}\)$$ | Substitute the values: | $$\(12\)$$ | Simplify the expression to get the result. | Thus, the answer is 12.","PASS"
"en","RAP-CP-006","RAP-QL-029","RAP-ES-006","Hard","threeComponentMixture","ABSOLUTE","A solution has water, juice, and milk in the ratio 2:3:4. After adding 1 litres of juice, the new ratio becomes 5:8:10. Find the starting volume.","45","Our objective is to find the required quantity. | We apply the standard rule: | $$\(use unchanged components as pivot\)$$ | Plugging in the parameters: | $$\(44.99999999999996\)$$ | Calculating the final value. | Therefore, we get 45.","PASS"
"en","RAP-CP-006","RAP-QL-030","RAP-ES-006","Hard","variableReplacementRatio","RATIO","From 160 litres of water, 15 litres are replaced with juice, and then 20 litres are again replaced with juice. What is the final ratio of water to juice?","127:33","Let's determine the final amount for the scenario. | The mathematical relationship is: | $$\(A_{final} = A_0\left(1-\frac{r_1}{V}\right)\left(1-\frac{r_2}{V}\right)\)$$ | Inserting the given numbers: | $$\(127:33\)$$ | Solving it yields the final answer. | The computed result is 127:33.","PASS"
"en","RAP-CP-006","RAP-QL-032","RAP-ES-006","Medium","acidConcentration","PERCENT","A solution contains 50 litres of acid and 60 litres of water. What is the percentage of acid in the solution?","45.4545%","Our objective is to find the required quantity. | We apply the standard rule: | $$\(acid\% = \frac{acid}{acid + water} \times 100\)$$ | Plugging in the parameters: | $$\(45.45454545454545\)$$ | Calculating the final value. | Therefore, we get 45.4545%.","PASS"
"en","RAP-CP-006","RAP-QL-027","RAP-ES-006","Medium","binaryMixture","ABSOLUTE","A mixture contains juice and milk in the ratio 1:2. If 20 litres of juice are added, the ratio becomes 27:14. What was the initial quantity of milk?","14","Our objective is to find the required quantity. | We apply the standard rule: | $$\(\frac{r_1x + a}{r_2x} = \frac{f_1}{f_2}\)$$ | Plugging in the parameters: | $$\(14\)$$ | Calculating the final value. | Therefore, we get 14.","PASS"
"en","RAP-CP-006","RAP-QL-028","RAP-ES-006","Medium","mixtureComponentFinding","ABSOLUTE","In 45 litres of a mixture, the ratio of milk to juice is 8:1. How many litres of juice should be added to make the ratio 20:3?","1","We need to calculate the target value for this problem. | Using the appropriate formula: | $$\(\frac{A}{B+x} = \frac{f_1}{f_2}\)$$ | Substitute the values: | $$\(1\)$$ | Simplify the expression to get the result. | Thus, the answer is 1.","PASS"
"en","RAP-CP-006","RAP-QL-029","RAP-ES-006","Medium","threeComponentMixture","ABSOLUTE","A solution has milk, juice, and water in the ratio 5:6:7. After adding 6 litres of juice, the new ratio becomes 5:9:7. Find the starting volume.","36","Our objective is to find the required quantity. | We apply the standard rule: | $$\(use unchanged components as pivot\)$$ | Plugging in the parameters: | $$\(36\)$$ | Calculating the final value. | Therefore, we get 36.","PASS"
"en","RAP-CP-006","RAP-QL-032","RAP-ES-006","Easy","acidConcentration","PERCENT","A solution contains 25 litres of acid and 85 litres of water. What is the percentage of acid in the solution?","22.7273%","Let's determine the final amount for the scenario. | The mathematical relationship is: | $$\(acid\% = \frac{acid}{acid + water} \times 100\)$$ | Inserting the given numbers: | $$\(22.727272727272727\)$$ | Solving it yields the final answer. | The computed result is 22.7273%.","PASS"
"en","RAP-CP-001","RAP-QL-001","RAP-ES-001","Hard","simpleLinkage","RATIO","If the ratio girls:teachers is 6:7 and teachers:students is 7:8, what will be the combined ratio girls:teachers:students?","6:7:8","Our objective is to find the required quantity. | We apply the standard rule: | $$\(A:B = a:b, B:C = m:n\)$$ | Plugging in the parameters: | $$\(6:7:8\)$$ | Calculating the final value. | Therefore, we get 6:7:8.","PASS"
"en","RAP-CP-001","RAP-QL-003","RAP-ES-001","Medium","ratioTreeLinkage","RATIO","Given that boys:students = 7:8, students:girls = 8:1, and girls:teachers = 1:2, what is the ratio between boys and teachers?","7:2","Our objective is to find the required quantity. | We apply the standard rule: | $$\(\frac{A}{B} \times \frac{B}{C} \times \frac{C}{D} = \frac{A}{D}\)$$ | Plugging in the parameters: | $$\(7:2\)$$ | Calculating the final value. | Therefore, we get 7:2.","PASS"
"en","RAP-CP-001","RAP-QL-004","RAP-ES-001","Medium","scalingByComponent","COUNT","In a girls, the ratio of students to boys is 5:6. If there are 50 students, how many boys are there?","60","Our objective is to find the required quantity. | We apply the standard rule: | $$\(A:B = a:b\)$$ | Plugging in the parameters: | $$\(50 \times 6 / 5 = 60\)$$ | Calculating the final value. | Therefore, we get 60.","PASS"
"en","RAP-CP-001","RAP-QL-006","RAP-ES-001","Medium","decimalNormalization","RATIO","What is the simplest whole-number ratio equal to 2.2 : 0.9?","22:9","Our objective is to find the required quantity. | We apply the standard rule: | $$\(scale decimals to whole numbers\)$$ | Plugging in the parameters: | $$\(22:9\)$$ | Calculating the final value. | Therefore, we get 22:9.","PASS"
"en","RAP-CP-001","RAP-QL-003","RAP-ES-001","Easy","ratioTreeLinkage","RATIO","Given that boys:girls = 2:3, girls:teachers = 3:4, and teachers:students = 4:5, what is the ratio between boys and students?","2:5","Our objective is to find the required quantity. | We apply the standard rule: | $$\(\frac{A}{B} \times \frac{B}{C} \times \frac{C}{D} = \frac{A}{D}\)$$ | Plugging in the parameters: | $$\(2:5\)$$ | Calculating the final value. | Therefore, we get 2:5.","PASS"
"en","RAP-CP-001","RAP-QL-004","RAP-ES-001","Hard","scalingByComponent","COUNT","In a girls, the ratio of students to boys is 2:3. If there are 24 students, how many boys are there?","36","Our objective is to find the required quantity. | We apply the standard rule: | $$\(A:B = a:b\)$$ | Plugging in the parameters: | $$\(24 \times 3 / 2 = 36\)$$ | Calculating the final value. | Therefore, we get 36.","PASS"
"en","RAP-CP-001","RAP-QL-006","RAP-ES-001","Hard","decimalNormalization","RATIO","What is the simplest whole-number ratio equal to 2.7 : 2.8?","27:28","Our objective is to find the required quantity. | We apply the standard rule: | $$\(scale decimals to whole numbers\)$$ | Plugging in the parameters: | $$\(27:28\)$$ | Calculating the final value. | Therefore, we get 27:28.","PASS"
"en","RAP-CP-001","RAP-QL-001","RAP-ES-001","Easy","simpleLinkage","RATIO","If the ratio girls:teachers is 5:6 and teachers:students is 6:7, what will be the combined ratio girls:teachers:students?","5:6:7","Our objective is to find the required quantity. | We apply the standard rule: | $$\(A:B = a:b, B:C = m:n\)$$ | Plugging in the parameters: | $$\(5:6:7\)$$ | Calculating the final value. | Therefore, we get 5:6:7.","PASS"
"en","RAP-CP-001","RAP-QL-002","RAP-ES-001","Hard","ratioNormalization","RATIO","Convert the fractional ratio 3/3 : 4/2 into a simple integer ratio.","1:2","We need to convert the given fractional ratio into a simpler integer ratio. | To normalize a ratio of fractions $\frac{a}{b} : \frac{c}{d}$, we cross-multiply or multiply by the LCM of the denominators. | $$\frac{a}{b} : \frac{c}{d} = (a \times d) : (b \times c)$$ | Substitute the given fractions into the relation: | $$\frac{3}{3} : \frac{4}{2} = (3 \times 2) : (3 \times 4)$$ | Perform the multiplication and simplify the resulting integers if possible. | $$(3 \times 2) : (3 \times 4) = 1 : 2$$ | Hence, the simplified integer ratio is 1:2.","PASS"
"en","RAP-CP-001","RAP-QL-003","RAP-ES-001","Hard","ratioTreeLinkage","RATIO","Given that boys:students = 8:1, students:girls = 1:2, and girls:teachers = 2:3, what is the ratio between boys and teachers?","8:3","Our objective is to find the required quantity. | We apply the standard rule: | $$\(\frac{A}{B} \times \frac{B}{C} \times \frac{C}{D} = \frac{A}{D}\)$$ | Plugging in the parameters: | $$\(8:3\)$$ | Calculating the final value. | Therefore, we get 8:3.","PASS"
"en","RAP-CP-001","RAP-QL-004","RAP-ES-001","Hard","scalingByComponent","COUNT","In a students, the ratio of boys to girls is 4:5. If there are 44 boys, how many girls are there?","55","Our objective is to find the required quantity. | We apply the standard rule: | $$\(A:B = a:b\)$$ | Plugging in the parameters: | $$\(44 \times 5 / 4 = 55\)$$ | Calculating the final value. | Therefore, we get 55.","PASS"
"en","RAP-CP-002","RAP-QL-008","RAP-ES-002","Medium","shareDifference","ABSOLUTE","An amount of Rs. 1760 is distributed between boys, students, and girls in the ratio 8:7:7. How much more money does boys get than girls?","80","Our objective is to find the required quantity. | We apply the standard rule: | $$\((A-C) \times unit\)$$ | Plugging in the parameters: | $$\(80\)$$ | Calculating the final value. | Therefore, we get 80.","PASS"
