question,answer,difficulty,questionLanguageId,explanationId,canonicalProblemId
"Simplify \(2^5 \times 2^3 \div 2^4\).","2^8","Easy","QL-001","ES-001","CP01"
"Find the value of \(\frac{3^7 \times 3^2}{3^5}\).","7^5","Medium","QL-002","ES-001","CP01"
"Simplify \(5^4 \times 5^2 \div 5^3\).","5^6","Hard","QL-003","ES-001","CP01"
"What is the value of \((7^2)^3 \div 7^4\)?","3^5","Hard","QL-004","ES-001","CP01"
"Simplify \(\frac{11^6}{11^2 \times 11}\).","2^8","Medium","QL-005","ES-001","CP01"
"Find the simplified form of \(13^3 \times 13^4\).","7^5","Medium","QL-006","ES-001","CP01"
"Simplify \(2^8 \div 2^3 \times 2^2\).","5^6","Easy","QL-007","ES-001","CP01"
"What is the value of \((3^3)^2 \div 3^4\)?","3^5","Medium","QL-008","ES-001","CP01"
"Simplify \(\frac{5^9}{5^4 \times 5^2}\).","2^8","Easy","QL-009","ES-001","CP01"
"Find the value of \(10^5 \div 10^2\).","7^5","Hard","QL-010","ES-001","CP01"
"Simplify \(6^4 \times 6 \div 6^2\).","7^5","Medium","QL-011","ES-001","CP01"
"What is the simplified form of \((2^4)^2 \div 2^5\)?","2^8","Hard","QL-012","ES-001","CP01"
"Find the value of \(\frac{9^5 \times 9^2}{9^6}\).","3^5","Medium","QL-013","ES-001","CP01"
"Simplify \(4^3 \times 4^2 \times 4\).","5^6","Medium","QL-014","ES-001","CP01"
"What is the value of \(\frac{8^7}{8^3}\)?","7^5","Hard","QL-015","ES-001","CP01"
"The simplified form of \(2^6 \times 2^4 \div 2^5\) is:","2^8","Easy","QL-016","ES-001","CP01"
"Evaluate the following expression: \(3^8 \div 3^3 \times 3^2\).","3^5","Medium","QL-017","ES-001","CP01"
"On simplification, \(5^7 \div 5^2\) becomes:","5^6","Easy","QL-018","ES-001","CP01"
"Find the result of \((4^2)^3 \div 4^4\).","7^5","Easy","QL-019","ES-001","CP01"
"Determine the simplified value of \(\frac{7^9}{7^4 \times 7^2}\).","2^8","Easy","QL-020","ES-001","CP01"
"Simplify \(2^5 \times 2^3 \div 2^4\).","2^8","Easy","QL-001","ES-001","CP01"
"Find the value of \(\frac{3^7 \times 3^2}{3^5}\).","7^5","Easy","QL-002","ES-001","CP01"
"Simplify \(5^4 \times 5^2 \div 5^3\).","5^6","Medium","QL-003","ES-001","CP01"
"What is the value of \((7^2)^3 \div 7^4\)?","3^5","Easy","QL-004","ES-001","CP01"
"Simplify \(\frac{11^6}{11^2 \times 11}\).","2^8","Easy","QL-005","ES-001","CP01"
"Find the simplified form of \(13^3 \times 13^4\).","7^5","Easy","QL-006","ES-001","CP01"
"Simplify \(2^8 \div 2^3 \times 2^2\).","5^6","Hard","QL-007","ES-001","CP01"
"What is the value of \((3^3)^2 \div 3^4\)?","3^5","Medium","QL-008","ES-001","CP01"
"Simplify \(\frac{5^9}{5^4 \times 5^2}\).","2^8","Easy","QL-009","ES-001","CP01"
"Find the value of \(10^5 \div 10^2\).","7^5","Easy","QL-010","ES-001","CP01"
"Simplify \(6^4 \times 6 \div 6^2\).","3^5","Hard","QL-011","ES-001","CP01"
"What is the simplified form of \((2^4)^2 \div 2^5\)?","5^6","Medium","QL-012","ES-001","CP01"
"Find the value of \(\frac{9^5 \times 9^2}{9^6}\).","7^5","Medium","QL-013","ES-001","CP01"
"Simplify \(4^3 \times 4^2 \times 4\).","2^8","Hard","QL-014","ES-001","CP01"
"What is the value of \(\frac{8^7}{8^3}\)?","3^5","Hard","QL-015","ES-001","CP01"
"The simplified form of \(2^6 \times 2^4 \div 2^5\) is:","5^6","Hard","QL-016","ES-001","CP01"
"Evaluate the following expression: \(3^8 \div 3^3 \times 3^2\).","7^5","Medium","QL-017","ES-001","CP01"
"On simplification, \(5^7 \div 5^2\) becomes:","2^8","Easy","QL-018","ES-001","CP01"
"Find the result of \((4^2)^3 \div 4^4\).","3^5","Medium","QL-019","ES-001","CP01"
"Determine the simplified value of \(\frac{7^9}{7^4 \times 7^2}\).","5^6","Medium","QL-020","ES-001","CP01"
"Simplify \(2^5 \times 2^3 \div 2^4\).","5^6","Easy","QL-001","ES-001","CP01"
"Find the value of \(\frac{3^7 \times 3^2}{3^5}\).","3^5","Medium","QL-002","ES-001","CP01"
"Simplify \(5^4 \times 5^2 \div 5^3\).","2^8","Medium","QL-003","ES-001","CP01"
"What is the value of \((7^2)^3 \div 7^4\)?","7^5","Easy","QL-004","ES-001","CP01"
"Simplify \(\frac{11^6}{11^2 \times 11}\).","5^6","Easy","QL-005","ES-001","CP01"
"Find the simplified form of \(13^3 \times 13^4\).","3^5","Easy","QL-006","ES-001","CP01"
"Simplify \(2^8 \div 2^3 \times 2^2\).","2^8","Easy","QL-007","ES-001","CP01"
"What is the value of \((3^3)^2 \div 3^4\)?","7^5","Medium","QL-008","ES-001","CP01"
"Simplify \(\frac{5^9}{5^4 \times 5^2}\).","5^6","Medium","QL-009","ES-001","CP01"
"Find the value of \(10^5 \div 10^2\).","3^5","Medium","QL-010","ES-001","CP01"
"Simplify \(6^4 \times 6 \div 6^2\).","7^5","Hard","QL-011","ES-001","CP01"
"What is the simplified form of \((2^4)^2 \div 2^5\)?","2^8","Hard","QL-012","ES-001","CP01"
"Find the value of \(\frac{9^5 \times 9^2}{9^6}\).","3^5","Easy","QL-013","ES-001","CP01"
"Simplify \(4^3 \times 4^2 \times 4\).","5^6","Hard","QL-014","ES-001","CP01"
"What is the value of \(\frac{8^7}{8^3}\)?","7^5","Easy","QL-015","ES-001","CP01"
"The simplified form of \(2^6 \times 2^4 \div 2^5\) is:","2^8","Medium","QL-016","ES-001","CP01"
"Evaluate the following expression: \(3^8 \div 3^3 \times 3^2\).","3^5","Easy","QL-017","ES-001","CP01"
"On simplification, \(5^7 \div 5^2\) becomes:","5^6","Hard","QL-018","ES-001","CP01"
"Find the result of \((4^2)^3 \div 4^4\).","7^5","Easy","QL-019","ES-001","CP01"
"Determine the simplified value of \(\frac{7^9}{7^4 \times 7^2}\).","2^8","Medium","QL-020","ES-001","CP01"
"Simplify \(2^5 \times 2^3 \div 2^4\).","2^8","Easy","QL-001","ES-001","CP01"
"Find the value of \(\frac{3^7 \times 3^2}{3^5}\).","7^5","Hard","QL-002","ES-001","CP01"
"Simplify \(5^4 \times 5^2 \div 5^3\).","5^6","Easy","QL-003","ES-001","CP01"
"What is the value of \((7^2)^3 \div 7^4\)?","3^5","Medium","QL-004","ES-001","CP01"
"Simplify \(\frac{11^6}{11^2 \times 11}\).","2^8","Hard","QL-005","ES-001","CP01"
"Find the simplified form of \(13^3 \times 13^4\).","7^5","Medium","QL-006","ES-001","CP01"
"Simplify \(2^8 \div 2^3 \times 2^2\).","5^6","Medium","QL-007","ES-001","CP01"
"What is the value of \((3^3)^2 \div 3^4\)?","3^5","Medium","QL-008","ES-001","CP01"
"Simplify \(\frac{5^9}{5^4 \times 5^2}\).","2^8","Easy","QL-009","ES-001","CP01"
"Find the value of \(10^5 \div 10^2\).","7^5","Medium","QL-010","ES-001","CP01"
"Simplify \(6^4 \times 6 \div 6^2\).","3^5","Easy","QL-011","ES-001","CP01"
"What is the simplified form of \((2^4)^2 \div 2^5\)?","5^6","Easy","QL-012","ES-001","CP01"
"Find the value of \(\frac{9^5 \times 9^2}{9^6}\).","7^5","Medium","QL-013","ES-001","CP01"
"Simplify \(4^3 \times 4^2 \times 4\).","2^8","Medium","QL-014","ES-001","CP01"
"What is the value of \(\frac{8^7}{8^3}\)?","3^5","Medium","QL-015","ES-001","CP01"
"The simplified form of \(2^6 \times 2^4 \div 2^5\) is:","5^6","Medium","QL-016","ES-001","CP01"
"Evaluate the following expression: \(3^8 \div 3^3 \times 3^2\).","7^5","Easy","QL-017","ES-001","CP01"
"On simplification, \(5^7 \div 5^2\) becomes:","2^8","Hard","QL-018","ES-001","CP01"
"Find the result of \((4^2)^3 \div 4^4\).","3^5","Easy","QL-019","ES-001","CP01"
"Determine the simplified value of \(\frac{7^9}{7^4 \times 7^2}\).","5^6","Medium","QL-020","ES-001","CP01"
"Simplify \(2^5 \times 2^3 \div 2^4\).","5^6","Medium","QL-001","ES-001","CP01"
"Find the value of \(\frac{3^7 \times 3^2}{3^5}\).","3^5","Hard","QL-002","ES-001","CP01"
"Simplify \(5^4 \times 5^2 \div 5^3\).","2^8","Easy","QL-003","ES-001","CP01"
"What is the value of \((7^2)^3 \div 7^4\)?","7^5","Easy","QL-004","ES-001","CP01"
"Simplify \(\frac{11^6}{11^2 \times 11}\).","5^6","Medium","QL-005","ES-001","CP01"
"Find the simplified form of \(13^3 \times 13^4\).","3^5","Easy","QL-006","ES-001","CP01"
"Simplify \(2^8 \div 2^3 \times 2^2\).","2^8","Easy","QL-007","ES-001","CP01"
"What is the value of \((3^3)^2 \div 3^4\)?","7^5","Medium","QL-008","ES-001","CP01"
"Simplify \(\frac{5^9}{5^4 \times 5^2}\).","5^6","Medium","QL-009","ES-001","CP01"
"Find the value of \(10^5 \div 10^2\).","3^5","Medium","QL-010","ES-001","CP01"
"Simplify \(6^4 \times 6 \div 6^2\).","7^5","Easy","QL-011","ES-001","CP01"
"What is the simplified form of \((2^4)^2 \div 2^5\)?","2^8","Medium","QL-012","ES-001","CP01"
"Find the value of \(\frac{9^5 \times 9^2}{9^6}\).","3^5","Easy","QL-013","ES-001","CP01"
"Simplify \(4^3 \times 4^2 \times 4\).","5^6","Medium","QL-014","ES-001","CP01"
"What is the value of \(\frac{8^7}{8^3}\)?","7^5","Easy","QL-015","ES-001","CP01"
"The simplified form of \(2^6 \times 2^4 \div 2^5\) is:","2^8","Medium","QL-016","ES-001","CP01"
"Evaluate the following expression: \(3^8 \div 3^3 \times 3^2\).","3^5","Easy","QL-017","ES-001","CP01"
"On simplification, \(5^7 \div 5^2\) becomes:","5^6","Medium","QL-018","ES-001","CP01"
"Find the result of \((4^2)^3 \div 4^4\).","7^5","Hard","QL-019","ES-001","CP01"
"Determine the simplified value of \(\frac{7^9}{7^4 \times 7^2}\).","2^8","Medium","QL-020","ES-001","CP01"
"Simplify \(2^5 \times 2^3 \div 2^4\).","7^5","Medium","QL-001","ES-001","CP01"
"Find the value of \(\frac{3^7 \times 3^2}{3^5}\).","2^8","Medium","QL-002","ES-001","CP01"
"Simplify \(5^4 \times 5^2 \div 5^3\).","3^5","Hard","QL-003","ES-001","CP01"
"What is the value of \((7^2)^3 \div 7^4\)?","5^6","Hard","QL-004","ES-001","CP01"
"Simplify \(\frac{11^6}{11^2 \times 11}\).","7^5","Easy","QL-005","ES-001","CP01"
"Find the simplified form of \(13^3 \times 13^4\).","2^8","Hard","QL-006","ES-001","CP01"
"Simplify \(2^8 \div 2^3 \times 2^2\).","3^5","Easy","QL-007","ES-001","CP01"
"What is the value of \((3^3)^2 \div 3^4\)?","5^6","Easy","QL-008","ES-001","CP01"
"Simplify \(\frac{5^9}{5^4 \times 5^2}\).","7^5","Easy","QL-009","ES-001","CP01"
"Find the value of \(10^5 \div 10^2\).","2^8","Medium","QL-010","ES-001","CP01"
"Simplify \(6^4 \times 6 \div 6^2\).","5^6","Hard","QL-011","ES-001","CP01"
"What is the simplified form of \((2^4)^2 \div 2^5\)?","3^5","Medium","QL-012","ES-001","CP01"
"Find the value of \(\frac{9^5 \times 9^2}{9^6}\).","2^8","Hard","QL-013","ES-001","CP01"
"Simplify \(4^3 \times 4^2 \times 4\).","7^5","Easy","QL-014","ES-001","CP01"
"What is the value of \(\frac{8^7}{8^3}\)?","5^6","Easy","QL-015","ES-001","CP01"
"The simplified form of \(2^6 \times 2^4 \div 2^5\) is:","3^5","Hard","QL-016","ES-001","CP01"
"Evaluate the following expression: \(3^8 \div 3^3 \times 3^2\).","2^8","Easy","QL-017","ES-001","CP01"
"On simplification, \(5^7 \div 5^2\) becomes:","7^5","Medium","QL-018","ES-001","CP01"
"Find the result of \((4^2)^3 \div 4^4\).","5^6","Easy","QL-019","ES-001","CP01"
"Determine the simplified value of \(\frac{7^9}{7^4 \times 7^2}\).","3^5","Medium","QL-020","ES-001","CP01"
"Simplify \(2^5 \times 2^3 \div 2^4\).","3^5","Easy","QL-001","ES-001","CP01"
"Find the value of \(\frac{3^7 \times 3^2}{3^5}\).","5^6","Medium","QL-002","ES-001","CP01"
"Simplify \(5^4 \times 5^2 \div 5^3\).","7^5","Easy","QL-003","ES-001","CP01"
"What is the value of \((7^2)^3 \div 7^4\)?","2^8","Medium","QL-004","ES-001","CP01"
"Simplify \(\frac{11^6}{11^2 \times 11}\).","3^5","Hard","QL-005","ES-001","CP01"
"Find the simplified form of \(13^3 \times 13^4\).","5^6","Easy","QL-006","ES-001","CP01"
"Simplify \(2^8 \div 2^3 \times 2^2\).","7^5","Easy","QL-007","ES-001","CP01"
"What is the value of \((3^3)^2 \div 3^4\)?","2^8","Easy","QL-008","ES-001","CP01"
"Simplify \(\frac{5^9}{5^4 \times 5^2}\).","3^5","Medium","QL-009","ES-001","CP01"
"Find the value of \(10^5 \div 10^2\).","5^6","Hard","QL-010","ES-001","CP01"
"Simplify \(6^4 \times 6 \div 6^2\).","2^8","Easy","QL-011","ES-001","CP01"
"What is the simplified form of \((2^4)^2 \div 2^5\)?","7^5","Hard","QL-012","ES-001","CP01"
"Find the value of \(\frac{9^5 \times 9^2}{9^6}\).","5^6","Medium","QL-013","ES-001","CP01"
"Simplify \(4^3 \times 4^2 \times 4\).","3^5","Easy","QL-014","ES-001","CP01"
"What is the value of \(\frac{8^7}{8^3}\)?","2^8","Hard","QL-015","ES-001","CP01"
"The simplified form of \(2^6 \times 2^4 \div 2^5\) is:","7^5","Hard","QL-016","ES-001","CP01"
"Evaluate the following expression: \(3^8 \div 3^3 \times 3^2\).","5^6","Medium","QL-017","ES-001","CP01"
"On simplification, \(5^7 \div 5^2\) becomes:","3^5","Medium","QL-018","ES-001","CP01"
"Find the result of \((4^2)^3 \div 4^4\).","2^8","Easy","QL-019","ES-001","CP01"
"Determine the simplified value of \(\frac{7^9}{7^4 \times 7^2}\).","7^5","Medium","QL-020","ES-001","CP01"
"Simplify \(2^5 \times 2^3 \div 2^4\).","7^5","Medium","QL-001","ES-001","CP01"
"Find the value of \(\frac{3^7 \times 3^2}{3^5}\).","2^8","Hard","QL-002","ES-001","CP01"
"Simplify \(5^4 \times 5^2 \div 5^3\).","3^5","Medium","QL-003","ES-001","CP01"
"What is the value of \((7^2)^3 \div 7^4\)?","5^6","Easy","QL-004","ES-001","CP01"
"Simplify \(\frac{11^6}{11^2 \times 11}\).","7^5","Easy","QL-005","ES-001","CP01"
"Find the simplified form of \(13^3 \times 13^4\).","2^8","Medium","QL-006","ES-001","CP01"
"Simplify \(2^8 \div 2^3 \times 2^2\).","3^5","Medium","QL-007","ES-001","CP01"
"What is the value of \((3^3)^2 \div 3^4\)?","5^6","Easy","QL-008","ES-001","CP01"
"Simplify \(\frac{5^9}{5^4 \times 5^2}\).","7^5","Medium","QL-009","ES-001","CP01"
"Find the value of \(10^5 \div 10^2\).","2^8","Easy","QL-010","ES-001","CP01"
"Simplify \(6^4 \times 6 \div 6^2\).","5^6","Easy","QL-011","ES-001","CP01"
"What is the simplified form of \((2^4)^2 \div 2^5\)?","3^5","Hard","QL-012","ES-001","CP01"
"Find the value of \(\frac{9^5 \times 9^2}{9^6}\).","2^8","Hard","QL-013","ES-001","CP01"
"Simplify \(4^3 \times 4^2 \times 4\).","7^5","Medium","QL-014","ES-001","CP01"
"What is the value of \(\frac{8^7}{8^3}\)?","5^6","Easy","QL-015","ES-001","CP01"
"The simplified form of \(2^6 \times 2^4 \div 2^5\) is:","3^5","Medium","QL-016","ES-001","CP01"
"Evaluate the following expression: \(3^8 \div 3^3 \times 3^2\).","2^8","Medium","QL-017","ES-001","CP01"
"On simplification, \(5^7 \div 5^2\) becomes:","7^5","Medium","QL-018","ES-001","CP01"
"Find the result of \((4^2)^3 \div 4^4\).","5^6","Easy","QL-019","ES-001","CP01"
"Determine the simplified value of \(\frac{7^9}{7^4 \times 7^2}\).","3^5","Easy","QL-020","ES-001","CP01"
"Simplify \(2^5 \times 2^3 \div 2^4\).","3^5","Hard","QL-001","ES-001","CP01"
"Find the value of \(\frac{3^7 \times 3^2}{3^5}\).","5^6","Easy","QL-002","ES-001","CP01"
"Simplify \(5^4 \times 5^2 \div 5^3\).","7^5","Easy","QL-003","ES-001","CP01"
"What is the value of \((7^2)^3 \div 7^4\)?","2^8","Hard","QL-004","ES-001","CP01"
"Simplify \(\frac{11^6}{11^2 \times 11}\).","3^5","Easy","QL-005","ES-001","CP01"
"Find the simplified form of \(13^3 \times 13^4\).","5^6","Hard","QL-006","ES-001","CP01"
"Simplify \(2^8 \div 2^3 \times 2^2\).","7^5","Medium","QL-007","ES-001","CP01"
"What is the value of \((3^3)^2 \div 3^4\)?","2^8","Easy","QL-008","ES-001","CP01"
"Simplify \(\frac{5^9}{5^4 \times 5^2}\).","3^5","Medium","QL-009","ES-001","CP01"
"Find the value of \(10^5 \div 10^2\).","5^6","Easy","QL-010","ES-001","CP01"
"Simplify \(6^4 \times 6 \div 6^2\).","2^8","Hard","QL-011","ES-001","CP01"
"What is the simplified form of \((2^4)^2 \div 2^5\)?","7^5","Easy","QL-012","ES-001","CP01"
"Find the value of \(\frac{9^5 \times 9^2}{9^6}\).","5^6","Easy","QL-013","ES-001","CP01"
"Simplify \(4^3 \times 4^2 \times 4\).","3^5","Easy","QL-014","ES-001","CP01"
"What is the value of \(\frac{8^7}{8^3}\)?","2^8","Medium","QL-015","ES-001","CP01"
"The simplified form of \(2^6 \times 2^4 \div 2^5\) is:","7^5","Medium","QL-016","ES-001","CP01"
"Evaluate the following expression: \(3^8 \div 3^3 \times 3^2\).","5^6","Hard","QL-017","ES-001","CP01"
"On simplification, \(5^7 \div 5^2\) becomes:","3^5","Hard","QL-018","ES-001","CP01"
"Find the result of \((4^2)^3 \div 4^4\).","2^8","Easy","QL-019","ES-001","CP01"
"Determine the simplified value of \(\frac{7^9}{7^4 \times 7^2}\).","7^5","Medium","QL-020","ES-001","CP01"
"Simplify \(2^5 \times 2^3 \div 2^4\).","7^5","Hard","QL-001","ES-001","CP01"
"Find the value of \(\frac{3^7 \times 3^2}{3^5}\).","2^8","Hard","QL-002","ES-001","CP01"
"Simplify \(5^4 \times 5^2 \div 5^3\).","3^5","Medium","QL-003","ES-001","CP01"
"What is the value of \((7^2)^3 \div 7^4\)?","5^6","Medium","QL-004","ES-001","CP01"
"Simplify \(\frac{11^6}{11^2 \times 11}\).","7^5","Medium","QL-005","ES-001","CP01"
"Find the simplified form of \(13^3 \times 13^4\).","2^8","Medium","QL-006","ES-001","CP01"
"Simplify \(2^8 \div 2^3 \times 2^2\).","3^5","Medium","QL-007","ES-001","CP01"
"What is the value of \((3^3)^2 \div 3^4\)?","5^6","Medium","QL-008","ES-001","CP01"
"Simplify \(\frac{5^9}{5^4 \times 5^2}\).","7^5","Medium","QL-009","ES-001","CP01"
"Find the value of \(10^5 \div 10^2\).","2^8","Easy","QL-010","ES-001","CP01"
"Simplify \(6^4 \times 6 \div 6^2\).","5^6","Medium","QL-011","ES-001","CP01"
"What is the simplified form of \((2^4)^2 \div 2^5\)?","3^5","Medium","QL-012","ES-001","CP01"
"Find the value of \(\frac{9^5 \times 9^2}{9^6}\).","2^8","Medium","QL-013","ES-001","CP01"
"Simplify \(4^3 \times 4^2 \times 4\).","7^5","Easy","QL-014","ES-001","CP01"
"What is the value of \(\frac{8^7}{8^3}\)?","5^6","Hard","QL-015","ES-001","CP01"
"The simplified form of \(2^6 \times 2^4 \div 2^5\) is:","3^5","Easy","QL-016","ES-001","CP01"
"Evaluate the following expression: \(3^8 \div 3^3 \times 3^2\).","2^8","Easy","QL-017","ES-001","CP01"
"On simplification, \(5^7 \div 5^2\) becomes:","7^5","Medium","QL-018","ES-001","CP01"
"Find the result of \((4^2)^3 \div 4^4\).","5^6","Hard","QL-019","ES-001","CP01"
"Determine the simplified value of \(\frac{7^9}{7^4 \times 7^2}\).","3^5","Easy","QL-020","ES-001","CP01"
"Simplify \(2^5 \times 2^3 \div 2^4\).","5^6","Medium","QL-001","ES-001","CP01"
"Find the value of \(\frac{3^7 \times 3^2}{3^5}\).","3^5","Easy","QL-002","ES-001","CP01"
"Simplify \(5^4 \times 5^2 \div 5^3\).","2^8","Easy","QL-003","ES-001","CP01"
"What is the value of \((7^2)^3 \div 7^4\)?","7^5","Hard","QL-004","ES-001","CP01"
"Simplify \(\frac{11^6}{11^2 \times 11}\).","5^6","Medium","QL-005","ES-001","CP01"
"Find the simplified form of \(13^3 \times 13^4\).","3^5","Medium","QL-006","ES-001","CP01"
"Simplify \(2^8 \div 2^3 \times 2^2\).","2^8","Easy","QL-007","ES-001","CP01"
"What is the value of \((3^3)^2 \div 3^4\)?","7^5","Hard","QL-008","ES-001","CP01"
"Simplify \(\frac{5^9}{5^4 \times 5^2}\).","5^6","Medium","QL-009","ES-001","CP01"
"Find the value of \(10^5 \div 10^2\).","3^5","Medium","QL-010","ES-001","CP01"
"Simplify \(6^4 \times 6 \div 6^2\).","7^5","Medium","QL-011","ES-001","CP01"
"What is the simplified form of \((2^4)^2 \div 2^5\)?","2^8","Medium","QL-012","ES-001","CP01"
"Find the value of \(\frac{9^5 \times 9^2}{9^6}\).","3^5","Easy","QL-013","ES-001","CP01"
"Simplify \(4^3 \times 4^2 \times 4\).","5^6","Medium","QL-014","ES-001","CP01"
"What is the value of \(\frac{8^7}{8^3}\)?","7^5","Medium","QL-015","ES-001","CP01"
"The simplified form of \(2^6 \times 2^4 \div 2^5\) is:","2^8","Easy","QL-016","ES-001","CP01"
"Evaluate the following expression: \(3^8 \div 3^3 \times 3^2\).","3^5","Medium","QL-017","ES-001","CP01"
"On simplification, \(5^7 \div 5^2\) becomes:","5^6","Easy","QL-018","ES-001","CP01"
"Find the result of \((4^2)^3 \div 4^4\).","7^5","Medium","QL-019","ES-001","CP01"
"Determine the simplified value of \(\frac{7^9}{7^4 \times 7^2}\).","2^8","Hard","QL-020","ES-001","CP01"
"Simplify \(2^5 \times 2^3 \div 2^4\).","2^8","Medium","QL-001","ES-001","CP01"
"Find the value of \(\frac{3^7 \times 3^2}{3^5}\).","7^5","Medium","QL-002","ES-001","CP01"
"Simplify \(5^4 \times 5^2 \div 5^3\).","5^6","Hard","QL-003","ES-001","CP01"
"What is the value of \((7^2)^3 \div 7^4\)?","3^5","Easy","QL-004","ES-001","CP01"
"Simplify \(\frac{11^6}{11^2 \times 11}\).","2^8","Medium","QL-005","ES-001","CP01"
"Find the simplified form of \(13^3 \times 13^4\).","7^5","Easy","QL-006","ES-001","CP01"
"Simplify \(2^8 \div 2^3 \times 2^2\).","5^6","Easy","QL-007","ES-001","CP01"
"What is the value of \((3^3)^2 \div 3^4\)?","3^5","Easy","QL-008","ES-001","CP01"
"Simplify \(\frac{5^9}{5^4 \times 5^2}\).","2^8","Medium","QL-009","ES-001","CP01"
"Find the value of \(10^5 \div 10^2\).","7^5","Medium","QL-010","ES-001","CP01"
"Simplify \(6^4 \times 6 \div 6^2\).","3^5","Medium","QL-011","ES-001","CP01"
"What is the simplified form of \((2^4)^2 \div 2^5\)?","5^6","Easy","QL-012","ES-001","CP01"
"Find the value of \(\frac{9^5 \times 9^2}{9^6}\).","7^5","Medium","QL-013","ES-001","CP01"
"Simplify \(4^3 \times 4^2 \times 4\).","2^8","Hard","QL-014","ES-001","CP01"
"What is the value of \(\frac{8^7}{8^3}\)?","3^5","Medium","QL-015","ES-001","CP01"
"The simplified form of \(2^6 \times 2^4 \div 2^5\) is:","5^6","Easy","QL-016","ES-001","CP01"
"Evaluate the following expression: \(3^8 \div 3^3 \times 3^2\).","7^5","Easy","QL-017","ES-001","CP01"
"On simplification, \(5^7 \div 5^2\) becomes:","2^8","Medium","QL-018","ES-001","CP01"
"Find the result of \((4^2)^3 \div 4^4\).","3^5","Easy","QL-019","ES-001","CP01"
"Determine the simplified value of \(\frac{7^9}{7^4 \times 7^2}\).","5^6","Easy","QL-020","ES-001","CP01"
"Simplify \(2^5 \times 2^3 \div 2^4\).","5^6","Easy","QL-001","ES-001","CP01"
"Find the value of \(\frac{3^7 \times 3^2}{3^5}\).","3^5","Easy","QL-002","ES-001","CP01"
"Simplify \(5^4 \times 5^2 \div 5^3\).","2^8","Hard","QL-003","ES-001","CP01"
"What is the value of \((7^2)^3 \div 7^4\)?","7^5","Easy","QL-004","ES-001","CP01"
"Simplify \(\frac{11^6}{11^2 \times 11}\).","5^6","Hard","QL-005","ES-001","CP01"
"Find the simplified form of \(13^3 \times 13^4\).","3^5","Hard","QL-006","ES-001","CP01"
"Simplify \(2^8 \div 2^3 \times 2^2\).","2^8","Medium","QL-007","ES-001","CP01"
"What is the value of \((3^3)^2 \div 3^4\)?","7^5","Medium","QL-008","ES-001","CP01"
"Simplify \(\frac{5^9}{5^4 \times 5^2}\).","5^6","Medium","QL-009","ES-001","CP01"
"Find the value of \(10^5 \div 10^2\).","3^5","Easy","QL-010","ES-001","CP01"
"Simplify \(6^4 \times 6 \div 6^2\).","7^5","Medium","QL-011","ES-001","CP01"
"What is the simplified form of \((2^4)^2 \div 2^5\)?","2^8","Easy","QL-012","ES-001","CP01"
"Find the value of \(\frac{9^5 \times 9^2}{9^6}\).","3^5","Easy","QL-013","ES-001","CP01"
"Simplify \(4^3 \times 4^2 \times 4\).","5^6","Hard","QL-014","ES-001","CP01"
"What is the value of \(\frac{8^7}{8^3}\)?","7^5","Easy","QL-015","ES-001","CP01"
"The simplified form of \(2^6 \times 2^4 \div 2^5\) is:","2^8","Hard","QL-016","ES-001","CP01"
"Evaluate the following expression: \(3^8 \div 3^3 \times 3^2\).","3^5","Hard","QL-017","ES-001","CP01"
"On simplification, \(5^7 \div 5^2\) becomes:","5^6","Easy","QL-018","ES-001","CP01"
"Find the result of \((4^2)^3 \div 4^4\).","7^5","Easy","QL-019","ES-001","CP01"
"Determine the simplified value of \(\frac{7^9}{7^4 \times 7^2}\).","2^8","Easy","QL-020","ES-001","CP01"
"Simplify \(2^5 \times 2^3 \div 2^4\).","2^8","Easy","QL-001","ES-001","CP01"
"Find the value of \(\frac{3^7 \times 3^2}{3^5}\).","7^5","Medium","QL-002","ES-001","CP01"
"Simplify \(5^4 \times 5^2 \div 5^3\).","5^6","Easy","QL-003","ES-001","CP01"
"What is the value of \((7^2)^3 \div 7^4\)?","3^5","Medium","QL-004","ES-001","CP01"
"Simplify \(\frac{11^6}{11^2 \times 11}\).","2^8","Medium","QL-005","ES-001","CP01"
"Find the simplified form of \(13^3 \times 13^4\).","7^5","Easy","QL-006","ES-001","CP01"
"Simplify \(2^8 \div 2^3 \times 2^2\).","5^6","Easy","QL-007","ES-001","CP01"
"What is the value of \((3^3)^2 \div 3^4\)?","3^5","Easy","QL-008","ES-001","CP01"
"Simplify \(\frac{5^9}{5^4 \times 5^2}\).","2^8","Easy","QL-009","ES-001","CP01"
"Find the value of \(10^5 \div 10^2\).","7^5","Easy","QL-010","ES-001","CP01"
"Simplify \(6^4 \times 6 \div 6^2\).","3^5","Medium","QL-011","ES-001","CP01"
"What is the simplified form of \((2^4)^2 \div 2^5\)?","5^6","Easy","QL-012","ES-001","CP01"
"Find the value of \(\frac{9^5 \times 9^2}{9^6}\).","7^5","Hard","QL-013","ES-001","CP01"
"Simplify \(4^3 \times 4^2 \times 4\).","2^8","Easy","QL-014","ES-001","CP01"
"What is the value of \(\frac{8^7}{8^3}\)?","3^5","Hard","QL-015","ES-001","CP01"
"The simplified form of \(2^6 \times 2^4 \div 2^5\) is:","5^6","Easy","QL-016","ES-001","CP01"
"Evaluate the following expression: \(3^8 \div 3^3 \times 3^2\).","7^5","Easy","QL-017","ES-001","CP01"
"On simplification, \(5^7 \div 5^2\) becomes:","2^8","Hard","QL-018","ES-001","CP01"
"Find the result of \((4^2)^3 \div 4^4\).","3^5","Easy","QL-019","ES-001","CP01"
"Determine the simplified value of \(\frac{7^9}{7^4 \times 7^2}\).","5^6","Easy","QL-020","ES-001","CP01"
"Simplify \(2^5 \times 2^3 \div 2^4\).","5^6","Hard","QL-001","ES-001","CP01"
"Find the value of \(\frac{3^7 \times 3^2}{3^5}\).","3^5","Easy","QL-002","ES-001","CP01"
"Simplify \(5^4 \times 5^2 \div 5^3\).","2^8","Easy","QL-003","ES-001","CP01"
"What is the value of \((7^2)^3 \div 7^4\)?","7^5","Medium","QL-004","ES-001","CP01"
"Simplify \(\frac{11^6}{11^2 \times 11}\).","5^6","Easy","QL-005","ES-001","CP01"
"Find the simplified form of \(13^3 \times 13^4\).","3^5","Easy","QL-006","ES-001","CP01"
"Simplify \(2^8 \div 2^3 \times 2^2\).","2^8","Easy","QL-007","ES-001","CP01"
"What is the value of \((3^3)^2 \div 3^4\)?","7^5","Medium","QL-008","ES-001","CP01"
"Simplify \(\frac{5^9}{5^4 \times 5^2}\).","5^6","Easy","QL-009","ES-001","CP01"
"Find the value of \(10^5 \div 10^2\).","3^5","Medium","QL-010","ES-001","CP01"
"Simplify \(6^4 \times 6 \div 6^2\).","7^5","Medium","QL-011","ES-001","CP01"
"What is the simplified form of \((2^4)^2 \div 2^5\)?","2^8","Hard","QL-012","ES-001","CP01"
"Find the value of \(\frac{9^5 \times 9^2}{9^6}\).","3^5","Medium","QL-013","ES-001","CP01"
"Simplify \(4^3 \times 4^2 \times 4\).","5^6","Medium","QL-014","ES-001","CP01"
"What is the value of \(\frac{8^7}{8^3}\)?","7^5","Medium","QL-015","ES-001","CP01"
"The simplified form of \(2^6 \times 2^4 \div 2^5\) is:","2^8","Medium","QL-016","ES-001","CP01"
"Evaluate the following expression: \(3^8 \div 3^3 \times 3^2\).","3^5","Medium","QL-017","ES-001","CP01"
"On simplification, \(5^7 \div 5^2\) becomes:","5^6","Easy","QL-018","ES-001","CP01"
"Find the result of \((4^2)^3 \div 4^4\).","7^5","Medium","QL-019","ES-001","CP01"
"Determine the simplified value of \(\frac{7^9}{7^4 \times 7^2}\).","2^8","Easy","QL-020","ES-001","CP01"
"Simplify \(2^5 \times 2^3 \div 2^4\).","3^5","Medium","QL-001","ES-001","CP01"
"Find the value of \(\frac{3^7 \times 3^2}{3^5}\).","5^6","Medium","QL-002","ES-001","CP01"
"Simplify \(5^4 \times 5^2 \div 5^3\).","7^5","Easy","QL-003","ES-001","CP01"
"What is the value of \((7^2)^3 \div 7^4\)?","2^8","Medium","QL-004","ES-001","CP01"
"Simplify \(\frac{11^6}{11^2 \times 11}\).","3^5","Medium","QL-005","ES-001","CP01"
"Find the simplified form of \(13^3 \times 13^4\).","5^6","Hard","QL-006","ES-001","CP01"
"Simplify \(2^8 \div 2^3 \times 2^2\).","7^5","Easy","QL-007","ES-001","CP01"
"What is the value of \((3^3)^2 \div 3^4\)?","2^8","Easy","QL-008","ES-001","CP01"
"Simplify \(\frac{5^9}{5^4 \times 5^2}\).","3^5","Medium","QL-009","ES-001","CP01"
"Find the value of \(10^5 \div 10^2\).","5^6","Hard","QL-010","ES-001","CP01"
"Simplify \(6^4 \times 6 \div 6^2\).","2^8","Medium","QL-011","ES-001","CP01"
"What is the simplified form of \((2^4)^2 \div 2^5\)?","7^5","Easy","QL-012","ES-001","CP01"
"Find the value of \(\frac{9^5 \times 9^2}{9^6}\).","5^6","Medium","QL-013","ES-001","CP01"
"Simplify \(4^3 \times 4^2 \times 4\).","3^5","Medium","QL-014","ES-001","CP01"
"What is the value of \(\frac{8^7}{8^3}\)?","2^8","Easy","QL-015","ES-001","CP01"
"The simplified form of \(2^6 \times 2^4 \div 2^5\) is:","7^5","Medium","QL-016","ES-001","CP01"
"Evaluate the following expression: \(3^8 \div 3^3 \times 3^2\).","5^6","Medium","QL-017","ES-001","CP01"
"On simplification, \(5^7 \div 5^2\) becomes:","3^5","Medium","QL-018","ES-001","CP01"
"Find the result of \((4^2)^3 \div 4^4\).","2^8","Easy","QL-019","ES-001","CP01"
"Determine the simplified value of \(\frac{7^9}{7^4 \times 7^2}\).","7^5","Medium","QL-020","ES-001","CP01"
"Simplify \(2^5 \times 2^3 \div 2^4\).","7^5","Easy","QL-001","ES-001","CP01"
"Find the value of \(\frac{3^7 \times 3^2}{3^5}\).","2^8","Easy","QL-002","ES-001","CP01"
"Simplify \(5^4 \times 5^2 \div 5^3\).","3^5","Easy","QL-003","ES-001","CP01"
"What is the value of \((7^2)^3 \div 7^4\)?","5^6","Easy","QL-004","ES-001","CP01"
"Simplify \(\frac{11^6}{11^2 \times 11}\).","7^5","Medium","QL-005","ES-001","CP01"
"Find the simplified form of \(13^3 \times 13^4\).","2^8","Medium","QL-006","ES-001","CP01"
"Simplify \(2^8 \div 2^3 \times 2^2\).","3^5","Easy","QL-007","ES-001","CP01"
"What is the value of \((3^3)^2 \div 3^4\)?","5^6","Easy","QL-008","ES-001","CP01"
"Simplify \(\frac{5^9}{5^4 \times 5^2}\).","7^5","Easy","QL-009","ES-001","CP01"
"Find the value of \(10^5 \div 10^2\).","2^8","Hard","QL-010","ES-001","CP01"
"Simplify \(6^4 \times 6 \div 6^2\).","5^6","Medium","QL-011","ES-001","CP01"
"What is the simplified form of \((2^4)^2 \div 2^5\)?","3^5","Hard","QL-012","ES-001","CP01"
"Find the value of \(\frac{9^5 \times 9^2}{9^6}\).","2^8","Hard","QL-013","ES-001","CP01"
"Simplify \(4^3 \times 4^2 \times 4\).","7^5","Easy","QL-014","ES-001","CP01"
"What is the value of \(\frac{8^7}{8^3}\)?","5^6","Easy","QL-015","ES-001","CP01"
"The simplified form of \(2^6 \times 2^4 \div 2^5\) is:","3^5","Easy","QL-016","ES-001","CP01"
"Evaluate the following expression: \(3^8 \div 3^3 \times 3^2\).","2^8","Medium","QL-017","ES-001","CP01"
"On simplification, \(5^7 \div 5^2\) becomes:","7^5","Hard","QL-018","ES-001","CP01"
"Find the result of \((4^2)^3 \div 4^4\).","5^6","Hard","QL-019","ES-001","CP01"
"Determine the simplified value of \(\frac{7^9}{7^4 \times 7^2}\).","3^5","Hard","QL-020","ES-001","CP01"
"Simplify \(2^5 \times 2^3 \div 2^4\).","3^5","Easy","QL-001","ES-001","CP01"
"Find the value of \(\frac{3^7 \times 3^2}{3^5}\).","5^6","Medium","QL-002","ES-001","CP01"
"Simplify \(5^4 \times 5^2 \div 5^3\).","7^5","Easy","QL-003","ES-001","CP01"
"What is the value of \((7^2)^3 \div 7^4\)?","2^8","Easy","QL-004","ES-001","CP01"
"Simplify \(\frac{11^6}{11^2 \times 11}\).","3^5","Easy","QL-005","ES-001","CP01"
"Find the simplified form of \(13^3 \times 13^4\).","5^6","Easy","QL-006","ES-001","CP01"
"Simplify \(2^8 \div 2^3 \times 2^2\).","7^5","Hard","QL-007","ES-001","CP01"
"What is the value of \((3^3)^2 \div 3^4\)?","2^8","Medium","QL-008","ES-001","CP01"
"Simplify \(\frac{5^9}{5^4 \times 5^2}\).","3^5","Hard","QL-009","ES-001","CP01"
"Find the value of \(10^5 \div 10^2\).","5^6","Hard","QL-010","ES-001","CP01"
"Simplify \(6^4 \times 6 \div 6^2\).","2^8","Medium","QL-011","ES-001","CP01"
"What is the simplified form of \((2^4)^2 \div 2^5\)?","7^5","Easy","QL-012","ES-001","CP01"
"Find the value of \(\frac{9^5 \times 9^2}{9^6}\).","5^6","Hard","QL-013","ES-001","CP01"
"Simplify \(4^3 \times 4^2 \times 4\).","3^5","Medium","QL-014","ES-001","CP01"
"What is the value of \(\frac{8^7}{8^3}\)?","2^8","Medium","QL-015","ES-001","CP01"
"The simplified form of \(2^6 \times 2^4 \div 2^5\) is:","7^5","Medium","QL-016","ES-001","CP01"
"Evaluate the following expression: \(3^8 \div 3^3 \times 3^2\).","5^6","Easy","QL-017","ES-001","CP01"
"On simplification, \(5^7 \div 5^2\) becomes:","3^5","Medium","QL-018","ES-001","CP01"
"Find the result of \((4^2)^3 \div 4^4\).","2^8","Easy","QL-019","ES-001","CP01"
"Determine the simplified value of \(\frac{7^9}{7^4 \times 7^2}\).","7^5","Medium","QL-020","ES-001","CP01"
"Simplify \(2^5 \times 2^3 \div 2^4\).","7^5","Hard","QL-001","ES-001","CP01"
"Find the value of \(\frac{3^7 \times 3^2}{3^5}\).","2^8","Easy","QL-002","ES-001","CP01"
"Simplify \(5^4 \times 5^2 \div 5^3\).","3^5","Medium","QL-003","ES-001","CP01"
"What is the value of \((7^2)^3 \div 7^4\)?","5^6","Hard","QL-004","ES-001","CP01"
"Simplify \(\frac{11^6}{11^2 \times 11}\).","7^5","Easy","QL-005","ES-001","CP01"
"Find the simplified form of \(13^3 \times 13^4\).","2^8","Medium","QL-006","ES-001","CP01"
"Simplify \(2^8 \div 2^3 \times 2^2\).","3^5","Hard","QL-007","ES-001","CP01"
"What is the value of \((3^3)^2 \div 3^4\)?","5^6","Medium","QL-008","ES-001","CP01"
"Simplify \(\frac{5^9}{5^4 \times 5^2}\).","7^5","Easy","QL-009","ES-001","CP01"
"Find the value of \(10^5 \div 10^2\).","2^8","Medium","QL-010","ES-001","CP01"
"Simplify \(6^4 \times 6 \div 6^2\).","5^6","Easy","QL-011","ES-001","CP01"
"What is the simplified form of \((2^4)^2 \div 2^5\)?","3^5","Easy","QL-012","ES-001","CP01"
"Find the value of \(\frac{9^5 \times 9^2}{9^6}\).","2^8","Easy","QL-013","ES-001","CP01"
"Simplify \(4^3 \times 4^2 \times 4\).","7^5","Easy","QL-014","ES-001","CP01"
"What is the value of \(\frac{8^7}{8^3}\)?","5^6","Easy","QL-015","ES-001","CP01"
"The simplified form of \(2^6 \times 2^4 \div 2^5\) is:","3^5","Medium","QL-016","ES-001","CP01"
"Evaluate the following expression: \(3^8 \div 3^3 \times 3^2\).","2^8","Medium","QL-017","ES-001","CP01"
"On simplification, \(5^7 \div 5^2\) becomes:","7^5","Medium","QL-018","ES-001","CP01"
"Find the result of \((4^2)^3 \div 4^4\).","5^6","Hard","QL-019","ES-001","CP01"
"Determine the simplified value of \(\frac{7^9}{7^4 \times 7^2}\).","3^5","Medium","QL-020","ES-001","CP01"
"Simplify \(2^5 \times 2^3 \div 2^4\).","3^5","Easy","QL-001","ES-001","CP01"
"Find the value of \(\frac{3^7 \times 3^2}{3^5}\).","5^6","Easy","QL-002","ES-001","CP01"
"Simplify \(5^4 \times 5^2 \div 5^3\).","7^5","Easy","QL-003","ES-001","CP01"
"What is the value of \((7^2)^3 \div 7^4\)?","2^8","Medium","QL-004","ES-001","CP01"
"Simplify \(\frac{11^6}{11^2 \times 11}\).","3^5","Easy","QL-005","ES-001","CP01"
"Find the simplified form of \(13^3 \times 13^4\).","5^6","Medium","QL-006","ES-001","CP01"
"Simplify \(2^8 \div 2^3 \times 2^2\).","7^5","Medium","QL-007","ES-001","CP01"
"What is the value of \((3^3)^2 \div 3^4\)?","2^8","Hard","QL-008","ES-001","CP01"
"Simplify \(\frac{5^9}{5^4 \times 5^2}\).","3^5","Medium","QL-009","ES-001","CP01"
"Find the value of \(10^5 \div 10^2\).","5^6","Medium","QL-010","ES-001","CP01"
"Simplify \(6^4 \times 6 \div 6^2\).","2^8","Medium","QL-011","ES-001","CP01"
"What is the simplified form of \((2^4)^2 \div 2^5\)?","7^5","Easy","QL-012","ES-001","CP01"
"Find the value of \(\frac{9^5 \times 9^2}{9^6}\).","5^6","Medium","QL-013","ES-001","CP01"
"Simplify \(4^3 \times 4^2 \times 4\).","3^5","Easy","QL-014","ES-001","CP01"
"What is the value of \(\frac{8^7}{8^3}\)?","2^8","Hard","QL-015","ES-001","CP01"
"The simplified form of \(2^6 \times 2^4 \div 2^5\) is:","7^5","Easy","QL-016","ES-001","CP01"
"Evaluate the following expression: \(3^8 \div 3^3 \times 3^2\).","5^6","Hard","QL-017","ES-001","CP01"
"On simplification, \(5^7 \div 5^2\) becomes:","3^5","Medium","QL-018","ES-001","CP01"
"Find the result of \((4^2)^3 \div 4^4\).","2^8","Easy","QL-019","ES-001","CP01"
"Determine the simplified value of \(\frac{7^9}{7^4 \times 7^2}\).","7^5","Easy","QL-020","ES-001","CP01"
"Simplify \(2^5 \times 2^3 \div 2^4\).","2^8","Medium","QL-001","ES-001","CP01"
"Find the value of \(\frac{3^7 \times 3^2}{3^5}\).","7^5","Easy","QL-002","ES-001","CP01"
"Simplify \(5^4 \times 5^2 \div 5^3\).","5^6","Hard","QL-003","ES-001","CP01"
"What is the value of \((7^2)^3 \div 7^4\)?","3^5","Easy","QL-004","ES-001","CP01"
"Simplify \(\frac{11^6}{11^2 \times 11}\).","2^8","Medium","QL-005","ES-001","CP01"
"Find the simplified form of \(13^3 \times 13^4\).","7^5","Medium","QL-006","ES-001","CP01"
"Simplify \(2^8 \div 2^3 \times 2^2\).","5^6","Easy","QL-007","ES-001","CP01"
"What is the value of \((3^3)^2 \div 3^4\)?","3^5","Easy","QL-008","ES-001","CP01"
"Simplify \(\frac{5^9}{5^4 \times 5^2}\).","2^8","Easy","QL-009","ES-001","CP01"
"Find the value of \(10^5 \div 10^2\).","7^5","Easy","QL-010","ES-001","CP01"
"Simplify \(6^4 \times 6 \div 6^2\).","3^5","Hard","QL-011","ES-001","CP01"
"What is the simplified form of \((2^4)^2 \div 2^5\)?","5^6","Easy","QL-012","ES-001","CP01"
"Find the value of \(\frac{9^5 \times 9^2}{9^6}\).","7^5","Medium","QL-013","ES-001","CP01"
"Simplify \(4^3 \times 4^2 \times 4\).","2^8","Hard","QL-014","ES-001","CP01"
"What is the value of \(\frac{8^7}{8^3}\)?","3^5","Easy","QL-015","ES-001","CP01"
"The simplified form of \(2^6 \times 2^4 \div 2^5\) is:","5^6","Easy","QL-016","ES-001","CP01"
"Evaluate the following expression: \(3^8 \div 3^3 \times 3^2\).","7^5","Medium","QL-017","ES-001","CP01"
"On simplification, \(5^7 \div 5^2\) becomes:","2^8","Medium","QL-018","ES-001","CP01"
"Find the result of \((4^2)^3 \div 4^4\).","3^5","Medium","QL-019","ES-001","CP01"
"Determine the simplified value of \(\frac{7^9}{7^4 \times 7^2}\).","5^6","Medium","QL-020","ES-001","CP01"
"Simplify \(2^5 \times 2^3 \div 2^4\).","5^6","Medium","QL-001","ES-001","CP01"
"Find the value of \(\frac{3^7 \times 3^2}{3^5}\).","3^5","Medium","QL-002","ES-001","CP01"
"Simplify \(5^4 \times 5^2 \div 5^3\).","2^8","Medium","QL-003","ES-001","CP01"
"What is the value of \((7^2)^3 \div 7^4\)?","7^5","Easy","QL-004","ES-001","CP01"
"Simplify \(\frac{11^6}{11^2 \times 11}\).","5^6","Medium","QL-005","ES-001","CP01"
"Find the simplified form of \(13^3 \times 13^4\).","3^5","Medium","QL-006","ES-001","CP01"
"Simplify \(2^8 \div 2^3 \times 2^2\).","2^8","Easy","QL-007","ES-001","CP01"
"What is the value of \((3^3)^2 \div 3^4\)?","7^5","Medium","QL-008","ES-001","CP01"
"Simplify \(\frac{5^9}{5^4 \times 5^2}\).","5^6","Medium","QL-009","ES-001","CP01"
"Find the value of \(10^5 \div 10^2\).","3^5","Easy","QL-010","ES-001","CP01"
"Simplify \(6^4 \times 6 \div 6^2\).","7^5","Easy","QL-011","ES-001","CP01"
"What is the simplified form of \((2^4)^2 \div 2^5\)?","2^8","Easy","QL-012","ES-001","CP01"
"Find the value of \(\frac{9^5 \times 9^2}{9^6}\).","3^5","Medium","QL-013","ES-001","CP01"
"Simplify \(4^3 \times 4^2 \times 4\).","5^6","Hard","QL-014","ES-001","CP01"
"What is the value of \(\frac{8^7}{8^3}\)?","7^5","Easy","QL-015","ES-001","CP01"
"The simplified form of \(2^6 \times 2^4 \div 2^5\) is:","2^8","Medium","QL-016","ES-001","CP01"
"Evaluate the following expression: \(3^8 \div 3^3 \times 3^2\).","3^5","Medium","QL-017","ES-001","CP01"
"On simplification, \(5^7 \div 5^2\) becomes:","5^6","Medium","QL-018","ES-001","CP01"
"Find the result of \((4^2)^3 \div 4^4\).","7^5","Easy","QL-019","ES-001","CP01"
"Determine the simplified value of \(\frac{7^9}{7^4 \times 7^2}\).","2^8","Medium","QL-020","ES-001","CP01"
"Simplify \(2^5 \times 2^3 \div 2^4\).","2^8","Easy","QL-001","ES-001","CP01"
"Find the value of \(\frac{3^7 \times 3^2}{3^5}\).","7^5","Easy","QL-002","ES-001","CP01"
"Simplify \(5^4 \times 5^2 \div 5^3\).","5^6","Medium","QL-003","ES-001","CP01"
"What is the value of \((7^2)^3 \div 7^4\)?","3^5","Medium","QL-004","ES-001","CP01"
"Simplify \(\frac{11^6}{11^2 \times 11}\).","2^8","Medium","QL-005","ES-001","CP01"
"Find the simplified form of \(13^3 \times 13^4\).","7^5","Easy","QL-006","ES-001","CP01"
"Simplify \(2^8 \div 2^3 \times 2^2\).","5^6","Hard","QL-007","ES-001","CP01"
"What is the value of \((3^3)^2 \div 3^4\)?","3^5","Hard","QL-008","ES-001","CP01"
"Simplify \(\frac{5^9}{5^4 \times 5^2}\).","2^8","Medium","QL-009","ES-001","CP01"
"Find the value of \(10^5 \div 10^2\).","7^5","Easy","QL-010","ES-001","CP01"
"Simplify \(6^4 \times 6 \div 6^2\).","3^5","Easy","QL-011","ES-001","CP01"
"What is the simplified form of \((2^4)^2 \div 2^5\)?","5^6","Easy","QL-012","ES-001","CP01"
"Find the value of \(\frac{9^5 \times 9^2}{9^6}\).","7^5","Easy","QL-013","ES-001","CP01"
"Simplify \(4^3 \times 4^2 \times 4\).","2^8","Easy","QL-014","ES-001","CP01"
"What is the value of \(\frac{8^7}{8^3}\)?","3^5","Easy","QL-015","ES-001","CP01"
"The simplified form of \(2^6 \times 2^4 \div 2^5\) is:","5^6","Easy","QL-016","ES-001","CP01"
"Evaluate the following expression: \(3^8 \div 3^3 \times 3^2\).","7^5","Medium","QL-017","ES-001","CP01"
"On simplification, \(5^7 \div 5^2\) becomes:","2^8","Medium","QL-018","ES-001","CP01"
"Find the result of \((4^2)^3 \div 4^4\).","3^5","Easy","QL-019","ES-001","CP01"
"Determine the simplified value of \(\frac{7^9}{7^4 \times 7^2}\).","5^6","Medium","QL-020","ES-001","CP01"
"Simplify \(2^5 \times 2^3 \div 2^4\).","5^6","Hard","QL-001","ES-001","CP01"
"Find the value of \(\frac{3^7 \times 3^2}{3^5}\).","3^5","Medium","QL-002","ES-001","CP01"
"Simplify \(5^4 \times 5^2 \div 5^3\).","2^8","Medium","QL-003","ES-001","CP01"
"What is the value of \((7^2)^3 \div 7^4\)?","7^5","Easy","QL-004","ES-001","CP01"
"Simplify \(\frac{11^6}{11^2 \times 11}\).","5^6","Easy","QL-005","ES-001","CP01"
"Find the simplified form of \(13^3 \times 13^4\).","3^5","Medium","QL-006","ES-001","CP01"
"Simplify \(2^8 \div 2^3 \times 2^2\).","2^8","Medium","QL-007","ES-001","CP01"
"What is the value of \((3^3)^2 \div 3^4\)?","7^5","Medium","QL-008","ES-001","CP01"
"Simplify \(\frac{5^9}{5^4 \times 5^2}\).","5^6","Medium","QL-009","ES-001","CP01"
"Find the value of \(10^5 \div 10^2\).","3^5","Easy","QL-010","ES-001","CP01"
"Simplify \(6^4 \times 6 \div 6^2\).","7^5","Hard","QL-011","ES-001","CP01"
"What is the simplified form of \((2^4)^2 \div 2^5\)?","2^8","Medium","QL-012","ES-001","CP01"
"Find the value of \(\frac{9^5 \times 9^2}{9^6}\).","3^5","Easy","QL-013","ES-001","CP01"
"Simplify \(4^3 \times 4^2 \times 4\).","5^6","Easy","QL-014","ES-001","CP01"
"What is the value of \(\frac{8^7}{8^3}\)?","7^5","Medium","QL-015","ES-001","CP01"
"The simplified form of \(2^6 \times 2^4 \div 2^5\) is:","2^8","Medium","QL-016","ES-001","CP01"
"Evaluate the following expression: \(3^8 \div 3^3 \times 3^2\).","3^5","Easy","QL-017","ES-001","CP01"
"On simplification, \(5^7 \div 5^2\) becomes:","5^6","Hard","QL-018","ES-001","CP01"
"Find the result of \((4^2)^3 \div 4^4\).","7^5","Easy","QL-019","ES-001","CP01"
"Determine the simplified value of \(\frac{7^9}{7^4 \times 7^2}\).","2^8","Easy","QL-020","ES-001","CP01"
"Simplify \(2^5 \times 2^3 \div 2^4\).","2^8","Easy","QL-001","ES-001","CP01"
"Find the value of \(\frac{3^7 \times 3^2}{3^5}\).","7^5","Medium","QL-002","ES-001","CP01"
"Simplify \(5^4 \times 5^2 \div 5^3\).","5^6","Hard","QL-003","ES-001","CP01"
"What is the value of \((7^2)^3 \div 7^4\)?","3^5","Hard","QL-004","ES-001","CP01"
"Simplify \(\frac{11^6}{11^2 \times 11}\).","2^8","Easy","QL-005","ES-001","CP01"
"Find the simplified form of \(13^3 \times 13^4\).","7^5","Easy","QL-006","ES-001","CP01"
"Simplify \(2^8 \div 2^3 \times 2^2\).","5^6","Medium","QL-007","ES-001","CP01"
"What is the value of \((3^3)^2 \div 3^4\)?","3^5","Hard","QL-008","ES-001","CP01"
"Simplify \(\frac{5^9}{5^4 \times 5^2}\).","2^8","Medium","QL-009","ES-001","CP01"
"Find the value of \(10^5 \div 10^2\).","7^5","Medium","QL-010","ES-001","CP01"
"Simplify \(6^4 \times 6 \div 6^2\).","3^5","Hard","QL-011","ES-001","CP01"
"What is the simplified form of \((2^4)^2 \div 2^5\)?","5^6","Medium","QL-012","ES-001","CP01"
"Find the value of \(\frac{9^5 \times 9^2}{9^6}\).","7^5","Easy","QL-013","ES-001","CP01"
"Simplify \(4^3 \times 4^2 \times 4\).","2^8","Easy","QL-014","ES-001","CP01"
"What is the value of \(\frac{8^7}{8^3}\)?","3^5","Hard","QL-015","ES-001","CP01"
"The simplified form of \(2^6 \times 2^4 \div 2^5\) is:","5^6","Hard","QL-016","ES-001","CP01"
"Evaluate the following expression: \(3^8 \div 3^3 \times 3^2\).","7^5","Easy","QL-017","ES-001","CP01"
"On simplification, \(5^7 \div 5^2\) becomes:","2^8","Hard","QL-018","ES-001","CP01"
"Find the result of \((4^2)^3 \div 4^4\).","3^5","Easy","QL-019","ES-001","CP01"
"Determine the simplified value of \(\frac{7^9}{7^4 \times 7^2}\).","5^6","Easy","QL-020","ES-001","CP01"
"If \(2^x=2^9\), find \(x\).","4","Easy","QL-021","ES-002","CP02"
"If \(3^{x+2}=3^8\), find \(x\).","6","Easy","QL-022","ES-002","CP02"
"If \(5^{2x-1}=5^7\), find \(x\).","6","Medium","QL-023","ES-002","CP02"
"If \(7^{x-3}=7^4\), find \(x\).","6","Easy","QL-024","ES-002","CP02"
"If \(11^{3x}=11^{12}\), find \(x\).","6","Easy","QL-025","ES-002","CP02"
"If \(2^{x+5}=2^{14}\), find \(x\).","9","Hard","QL-026","ES-002","CP02"
"If \(3^{2x+1}=3^{11}\), find \(x\).","9","Easy","QL-027","ES-002","CP02"
"If \(13^{x-2}=13^6\), find \(x\).","9","Easy","QL-028","ES-002","CP02"
"If \(5^{x+1}=5^{10}\), find \(x\).","9","Easy","QL-029","ES-002","CP02"
"If \(2^{4x}=2^{20}\), find \(x\).","4","Easy","QL-030","ES-002","CP02"
"If \(17^{x-5}=17^2\), find \(x\).","4","Hard","QL-031","ES-002","CP02"
"If \(3^{x/2}=3^6\), find \(x\).","4","Easy","QL-032","ES-002","CP02"
"If \(19^{2x-3}=19^9\), find \(x\).","6","Medium","QL-033","ES-002","CP02"
"If \(7^{x+4}=7^{15}\), find \(x\).","9","Easy","QL-034","ES-002","CP02"
"If \(2^{3x+2}=2^{17}\), find \(x\).","6","Medium","QL-035","ES-002","CP02"
"If \(5^{x-2}=5^6\), the value of \(x\) is:","4","Easy","QL-036","ES-002","CP02"
"If \(3^{x+1}=3^{10}\), find the missing exponent.","4","Hard","QL-037","ES-002","CP02"
"If \(2^{2x}=2^{18}\), determine \(x\).","9","Medium","QL-038","ES-002","CP02"
"If \(11^{x-4}=11^5\), choose the correct value of \(x\).","9","Easy","QL-039","ES-002","CP02"
"If \(7^{3x}=7^{21}\), solve for \(x\).","9","Easy","QL-040","ES-002","CP02"
"If \(2^x=2^9\), find \(x\).","6","Medium","QL-021","ES-002","CP02"
"If \(3^{x+2}=3^8\), find \(x\).","9","Medium","QL-022","ES-002","CP02"
"If \(5^{2x-1}=5^7\), find \(x\).","4","Easy","QL-023","ES-002","CP02"
"If \(7^{x-3}=7^4\), find \(x\).","6","Easy","QL-024","ES-002","CP02"
"If \(11^{3x}=11^{12}\), find \(x\).","9","Medium","QL-025","ES-002","CP02"
"If \(2^{x+5}=2^{14}\), find \(x\).","9","Hard","QL-026","ES-002","CP02"
"If \(3^{2x+1}=3^{11}\), find \(x\).","6","Easy","QL-027","ES-002","CP02"
"If \(13^{x-2}=13^6\), find \(x\).","4","Medium","QL-028","ES-002","CP02"
"If \(5^{x+1}=5^{10}\), find \(x\).","9","Easy","QL-029","ES-002","CP02"
"If \(2^{4x}=2^{20}\), find \(x\).","4","Medium","QL-030","ES-002","CP02"
"If \(17^{x-5}=17^2\), find \(x\).","4","Hard","QL-031","ES-002","CP02"
"If \(3^{x/2}=3^6\), find \(x\).","9","Easy","QL-032","ES-002","CP02"
"If \(19^{2x-3}=19^9\), find \(x\).","9","Medium","QL-033","ES-002","CP02"
"If \(7^{x+4}=7^{15}\), find \(x\).","6","Medium","QL-034","ES-002","CP02"
"If \(2^{3x+2}=2^{17}\), find \(x\).","9","Easy","QL-035","ES-002","CP02"
"If \(5^{x-2}=5^6\), the value of \(x\) is:","9","Easy","QL-036","ES-002","CP02"
"If \(3^{x+1}=3^{10}\), find the missing exponent.","6","Medium","QL-037","ES-002","CP02"
"If \(2^{2x}=2^{18}\), determine \(x\).","9","Hard","QL-038","ES-002","CP02"
"If \(11^{x-4}=11^5\), choose the correct value of \(x\).","9","Hard","QL-039","ES-002","CP02"
"If \(7^{3x}=7^{21}\), solve for \(x\).","6","Easy","QL-040","ES-002","CP02"
"If \(2^x=2^9\), find \(x\).","6","Medium","QL-021","ES-002","CP02"
"If \(3^{x+2}=3^8\), find \(x\).","6","Hard","QL-022","ES-002","CP02"
"If \(5^{2x-1}=5^7\), find \(x\).","9","Easy","QL-023","ES-002","CP02"
"If \(7^{x-3}=7^4\), find \(x\).","6","Easy","QL-024","ES-002","CP02"
"If \(11^{3x}=11^{12}\), find \(x\).","9","Medium","QL-025","ES-002","CP02"
"If \(2^{x+5}=2^{14}\), find \(x\).","6","Medium","QL-026","ES-002","CP02"
"If \(3^{2x+1}=3^{11}\), find \(x\).","6","Easy","QL-027","ES-002","CP02"
"If \(13^{x-2}=13^6\), find \(x\).","6","Medium","QL-028","ES-002","CP02"
"If \(5^{x+1}=5^{10}\), find \(x\).","6","Easy","QL-029","ES-002","CP02"
"If \(2^{4x}=2^{20}\), find \(x\).","4","Medium","QL-030","ES-002","CP02"
"If \(17^{x-5}=17^2\), find \(x\).","4","Easy","QL-031","ES-002","CP02"
"If \(3^{x/2}=3^6\), find \(x\).","6","Easy","QL-032","ES-002","CP02"
"If \(19^{2x-3}=19^9\), find \(x\).","6","Easy","QL-033","ES-002","CP02"
"If \(7^{x+4}=7^{15}\), find \(x\).","9","Easy","QL-034","ES-002","CP02"
"If \(2^{3x+2}=2^{17}\), find \(x\).","4","Hard","QL-035","ES-002","CP02"
"If \(5^{x-2}=5^6\), the value of \(x\) is:","6","Medium","QL-036","ES-002","CP02"
"If \(3^{x+1}=3^{10}\), find the missing exponent.","9","Hard","QL-037","ES-002","CP02"
"If \(2^{2x}=2^{18}\), determine \(x\).","6","Easy","QL-038","ES-002","CP02"
"If \(11^{x-4}=11^5\), choose the correct value of \(x\).","6","Medium","QL-039","ES-002","CP02"
"If \(7^{3x}=7^{21}\), solve for \(x\).","9","Medium","QL-040","ES-002","CP02"
"If \(2^x=2^9\), find \(x\).","4","Easy","QL-021","ES-002","CP02"
"If \(3^{x+2}=3^8\), find \(x\).","4","Hard","QL-022","ES-002","CP02"
"If \(5^{2x-1}=5^7\), find \(x\).","9","Medium","QL-023","ES-002","CP02"
"If \(7^{x-3}=7^4\), find \(x\).","9","Hard","QL-024","ES-002","CP02"
"If \(11^{3x}=11^{12}\), find \(x\).","4","Easy","QL-025","ES-002","CP02"
"If \(2^{x+5}=2^{14}\), find \(x\).","9","Hard","QL-026","ES-002","CP02"
"If \(3^{2x+1}=3^{11}\), find \(x\).","6","Easy","QL-027","ES-002","CP02"
"If \(13^{x-2}=13^6\), find \(x\).","4","Medium","QL-028","ES-002","CP02"
"If \(5^{x+1}=5^{10}\), find \(x\).","4","Medium","QL-029","ES-002","CP02"
"If \(2^{4x}=2^{20}\), find \(x\).","6","Medium","QL-030","ES-002","CP02"
"If \(17^{x-5}=17^2\), find \(x\).","6","Medium","QL-031","ES-002","CP02"
"If \(3^{x/2}=3^6\), find \(x\).","6","Medium","QL-032","ES-002","CP02"
"If \(19^{2x-3}=19^9\), find \(x\).","4","Medium","QL-033","ES-002","CP02"
"If \(7^{x+4}=7^{15}\), find \(x\).","9","Easy","QL-034","ES-002","CP02"
"If \(2^{3x+2}=2^{17}\), find \(x\).","4","Hard","QL-035","ES-002","CP02"
"If \(5^{x-2}=5^6\), the value of \(x\) is:","6","Hard","QL-036","ES-002","CP02"
"If \(3^{x+1}=3^{10}\), find the missing exponent.","9","Medium","QL-037","ES-002","CP02"
"If \(2^{2x}=2^{18}\), determine \(x\).","9","Easy","QL-038","ES-002","CP02"
"If \(11^{x-4}=11^5\), choose the correct value of \(x\).","4","Easy","QL-039","ES-002","CP02"
"If \(7^{3x}=7^{21}\), solve for \(x\).","4","Easy","QL-040","ES-002","CP02"
"If \(2^x=2^9\), find \(x\).","6","Easy","QL-021","ES-002","CP02"
"If \(3^{x+2}=3^8\), find \(x\).","6","Easy","QL-022","ES-002","CP02"
"If \(5^{2x-1}=5^7\), find \(x\).","9","Hard","QL-023","ES-002","CP02"
"If \(7^{x-3}=7^4\), find \(x\).","6","Medium","QL-024","ES-002","CP02"
"If \(11^{3x}=11^{12}\), find \(x\).","6","Easy","QL-025","ES-002","CP02"
"If \(2^{x+5}=2^{14}\), find \(x\).","4","Easy","QL-026","ES-002","CP02"
"If \(3^{2x+1}=3^{11}\), find \(x\).","4","Medium","QL-027","ES-002","CP02"
"If \(13^{x-2}=13^6\), find \(x\).","6","Hard","QL-028","ES-002","CP02"
"If \(5^{x+1}=5^{10}\), find \(x\).","4","Easy","QL-029","ES-002","CP02"
"If \(2^{4x}=2^{20}\), find \(x\).","9","Hard","QL-030","ES-002","CP02"
"If \(17^{x-5}=17^2\), find \(x\).","6","Medium","QL-031","ES-002","CP02"
"If \(3^{x/2}=3^6\), find \(x\).","6","Medium","QL-032","ES-002","CP02"
"If \(19^{2x-3}=19^9\), find \(x\).","6","Easy","QL-033","ES-002","CP02"
"If \(7^{x+4}=7^{15}\), find \(x\).","6","Medium","QL-034","ES-002","CP02"
"If \(2^{3x+2}=2^{17}\), find \(x\).","9","Medium","QL-035","ES-002","CP02"
"If \(5^{x-2}=5^6\), the value of \(x\) is:","4","Easy","QL-036","ES-002","CP02"
"If \(3^{x+1}=3^{10}\), find the missing exponent.","6","Easy","QL-037","ES-002","CP02"
"If \(2^{2x}=2^{18}\), determine \(x\).","9","Medium","QL-038","ES-002","CP02"
"If \(11^{x-4}=11^5\), choose the correct value of \(x\).","9","Medium","QL-039","ES-002","CP02"
"If \(7^{3x}=7^{21}\), solve for \(x\).","4","Hard","QL-040","ES-002","CP02"
"If \(2^x=2^9\), find \(x\).","6","Medium","QL-021","ES-002","CP02"
"If \(3^{x+2}=3^8\), find \(x\).","6","Medium","QL-022","ES-002","CP02"
"If \(5^{2x-1}=5^7\), find \(x\).","9","Medium","QL-023","ES-002","CP02"
"If \(7^{x-3}=7^4\), find \(x\).","9","Medium","QL-024","ES-002","CP02"
"If \(11^{3x}=11^{12}\), find \(x\).","9","Medium","QL-025","ES-002","CP02"
"If \(2^{x+5}=2^{14}\), find \(x\).","6","Medium","QL-026","ES-002","CP02"
"If \(3^{2x+1}=3^{11}\), find \(x\).","6","Easy","QL-027","ES-002","CP02"
"If \(13^{x-2}=13^6\), find \(x\).","6","Hard","QL-028","ES-002","CP02"
"If \(5^{x+1}=5^{10}\), find \(x\).","6","Easy","QL-029","ES-002","CP02"
"If \(2^{4x}=2^{20}\), find \(x\).","9","Medium","QL-030","ES-002","CP02"
"If \(17^{x-5}=17^2\), find \(x\).","9","Hard","QL-031","ES-002","CP02"
"If \(3^{x/2}=3^6\), find \(x\).","9","Easy","QL-032","ES-002","CP02"
"If \(19^{2x-3}=19^9\), find \(x\).","9","Easy","QL-033","ES-002","CP02"
"If \(7^{x+4}=7^{15}\), find \(x\).","6","Medium","QL-034","ES-002","CP02"
"If \(2^{3x+2}=2^{17}\), find \(x\).","4","Medium","QL-035","ES-002","CP02"
"If \(5^{x-2}=5^6\), the value of \(x\) is:","4","Hard","QL-036","ES-002","CP02"
"If \(3^{x+1}=3^{10}\), find the missing exponent.","4","Hard","QL-037","ES-002","CP02"
"If \(2^{2x}=2^{18}\), determine \(x\).","6","Easy","QL-038","ES-002","CP02"
"If \(11^{x-4}=11^5\), choose the correct value of \(x\).","6","Easy","QL-039","ES-002","CP02"
"If \(7^{3x}=7^{21}\), solve for \(x\).","4","Hard","QL-040","ES-002","CP02"
"If \(2^x=2^9\), find \(x\).","9","Medium","QL-021","ES-002","CP02"
"If \(3^{x+2}=3^8\), find \(x\).","4","Medium","QL-022","ES-002","CP02"
"If \(5^{2x-1}=5^7\), find \(x\).","9","Easy","QL-023","ES-002","CP02"
"If \(7^{x-3}=7^4\), find \(x\).","9","Easy","QL-024","ES-002","CP02"
"If \(11^{3x}=11^{12}\), find \(x\).","6","Easy","QL-025","ES-002","CP02"
"If \(2^{x+5}=2^{14}\), find \(x\).","9","Medium","QL-026","ES-002","CP02"
"If \(3^{2x+1}=3^{11}\), find \(x\).","9","Hard","QL-027","ES-002","CP02"
"If \(13^{x-2}=13^6\), find \(x\).","4","Hard","QL-028","ES-002","CP02"
"If \(5^{x+1}=5^{10}\), find \(x\).","9","Easy","QL-029","ES-002","CP02"
"If \(2^{4x}=2^{20}\), find \(x\).","9","Medium","QL-030","ES-002","CP02"
"If \(17^{x-5}=17^2\), find \(x\).","9","Easy","QL-031","ES-002","CP02"
"If \(3^{x/2}=3^6\), find \(x\).","9","Easy","QL-032","ES-002","CP02"
"If \(19^{2x-3}=19^9\), find \(x\).","4","Medium","QL-033","ES-002","CP02"
"If \(7^{x+4}=7^{15}\), find \(x\).","6","Medium","QL-034","ES-002","CP02"
"If \(2^{3x+2}=2^{17}\), find \(x\).","9","Easy","QL-035","ES-002","CP02"
"If \(5^{x-2}=5^6\), the value of \(x\) is:","6","Easy","QL-036","ES-002","CP02"
"If \(3^{x+1}=3^{10}\), find the missing exponent.","4","Medium","QL-037","ES-002","CP02"
"If \(2^{2x}=2^{18}\), determine \(x\).","4","Easy","QL-038","ES-002","CP02"
"If \(11^{x-4}=11^5\), choose the correct value of \(x\).","6","Medium","QL-039","ES-002","CP02"
"If \(7^{3x}=7^{21}\), solve for \(x\).","6","Medium","QL-040","ES-002","CP02"
"If \(2^x=2^9\), find \(x\).","4","Easy","QL-021","ES-002","CP02"
"If \(3^{x+2}=3^8\), find \(x\).","6","Easy","QL-022","ES-002","CP02"
"If \(5^{2x-1}=5^7\), find \(x\).","9","Medium","QL-023","ES-002","CP02"
"If \(7^{x-3}=7^4\), find \(x\).","9","Easy","QL-024","ES-002","CP02"
"If \(11^{3x}=11^{12}\), find \(x\).","6","Hard","QL-025","ES-002","CP02"
"If \(2^{x+5}=2^{14}\), find \(x\).","9","Easy","QL-026","ES-002","CP02"
"If \(3^{2x+1}=3^{11}\), find \(x\).","9","Hard","QL-027","ES-002","CP02"
"If \(13^{x-2}=13^6\), find \(x\).","4","Medium","QL-028","ES-002","CP02"
"If \(5^{x+1}=5^{10}\), find \(x\).","6","Easy","QL-029","ES-002","CP02"
"If \(2^{4x}=2^{20}\), find \(x\).","6","Medium","QL-030","ES-002","CP02"
"If \(17^{x-5}=17^2\), find \(x\).","6","Medium","QL-031","ES-002","CP02"
"If \(3^{x/2}=3^6\), find \(x\).","6","Easy","QL-032","ES-002","CP02"
"If \(19^{2x-3}=19^9\), find \(x\).","9","Easy","QL-033","ES-002","CP02"
"If \(7^{x+4}=7^{15}\), find \(x\).","6","Easy","QL-034","ES-002","CP02"
"If \(2^{3x+2}=2^{17}\), find \(x\).","9","Medium","QL-035","ES-002","CP02"
"If \(5^{x-2}=5^6\), the value of \(x\) is:","6","Medium","QL-036","ES-002","CP02"
"If \(3^{x+1}=3^{10}\), find the missing exponent.","6","Easy","QL-037","ES-002","CP02"
"If \(2^{2x}=2^{18}\), determine \(x\).","6","Easy","QL-038","ES-002","CP02"
"If \(11^{x-4}=11^5\), choose the correct value of \(x\).","6","Medium","QL-039","ES-002","CP02"
"If \(7^{3x}=7^{21}\), solve for \(x\).","4","Easy","QL-040","ES-002","CP02"
"If \(2^x=2^9\), find \(x\).","9","Hard","QL-021","ES-002","CP02"
"If \(3^{x+2}=3^8\), find \(x\).","4","Easy","QL-022","ES-002","CP02"
"If \(5^{2x-1}=5^7\), find \(x\).","9","Medium","QL-023","ES-002","CP02"
"If \(7^{x-3}=7^4\), find \(x\).","9","Medium","QL-024","ES-002","CP02"
"If \(11^{3x}=11^{12}\), find \(x\).","9","Easy","QL-025","ES-002","CP02"
"If \(2^{x+5}=2^{14}\), find \(x\).","6","Hard","QL-026","ES-002","CP02"
"If \(3^{2x+1}=3^{11}\), find \(x\).","4","Easy","QL-027","ES-002","CP02"
"If \(13^{x-2}=13^6\), find \(x\).","9","Medium","QL-028","ES-002","CP02"
"If \(5^{x+1}=5^{10}\), find \(x\).","9","Medium","QL-029","ES-002","CP02"
"If \(2^{4x}=2^{20}\), find \(x\).","4","Medium","QL-030","ES-002","CP02"
"If \(17^{x-5}=17^2\), find \(x\).","9","Hard","QL-031","ES-002","CP02"
"If \(3^{x/2}=3^6\), find \(x\).","4","Medium","QL-032","ES-002","CP02"
"If \(19^{2x-3}=19^9\), find \(x\).","6","Hard","QL-033","ES-002","CP02"
"If \(7^{x+4}=7^{15}\), find \(x\).","4","Easy","QL-034","ES-002","CP02"
"If \(2^{3x+2}=2^{17}\), find \(x\).","6","Medium","QL-035","ES-002","CP02"
"If \(5^{x-2}=5^6\), the value of \(x\) is:","9","Hard","QL-036","ES-002","CP02"
"If \(3^{x+1}=3^{10}\), find the missing exponent.","9","Medium","QL-037","ES-002","CP02"
"If \(2^{2x}=2^{18}\), determine \(x\).","6","Medium","QL-038","ES-002","CP02"
"If \(11^{x-4}=11^5\), choose the correct value of \(x\).","6","Easy","QL-039","ES-002","CP02"
"If \(7^{3x}=7^{21}\), solve for \(x\).","9","Easy","QL-040","ES-002","CP02"
"If \(2^x=2^9\), find \(x\).","6","Easy","QL-021","ES-002","CP02"
"If \(3^{x+2}=3^8\), find \(x\).","4","Easy","QL-022","ES-002","CP02"
"If \(5^{2x-1}=5^7\), find \(x\).","6","Easy","QL-023","ES-002","CP02"
"If \(7^{x-3}=7^4\), find \(x\).","6","Medium","QL-024","ES-002","CP02"
"If \(11^{3x}=11^{12}\), find \(x\).","9","Hard","QL-025","ES-002","CP02"
"If \(2^{x+5}=2^{14}\), find \(x\).","4","Easy","QL-026","ES-002","CP02"
"If \(3^{2x+1}=3^{11}\), find \(x\).","9","Easy","QL-027","ES-002","CP02"
"If \(13^{x-2}=13^6\), find \(x\).","9","Medium","QL-028","ES-002","CP02"
"If \(5^{x+1}=5^{10}\), find \(x\).","4","Easy","QL-029","ES-002","CP02"
"If \(2^{4x}=2^{20}\), find \(x\).","6","Medium","QL-030","ES-002","CP02"
"If \(17^{x-5}=17^2\), find \(x\).","9","Medium","QL-031","ES-002","CP02"
"If \(3^{x/2}=3^6\), find \(x\).","4","Medium","QL-032","ES-002","CP02"
"If \(19^{2x-3}=19^9\), find \(x\).","6","Medium","QL-033","ES-002","CP02"
"If \(7^{x+4}=7^{15}\), find \(x\).","9","Easy","QL-034","ES-002","CP02"
"If \(2^{3x+2}=2^{17}\), find \(x\).","9","Medium","QL-035","ES-002","CP02"
"If \(5^{x-2}=5^6\), the value of \(x\) is:","6","Hard","QL-036","ES-002","CP02"
"If \(3^{x+1}=3^{10}\), find the missing exponent.","9","Medium","QL-037","ES-002","CP02"
"If \(2^{2x}=2^{18}\), determine \(x\).","4","Medium","QL-038","ES-002","CP02"
"If \(11^{x-4}=11^5\), choose the correct value of \(x\).","4","Medium","QL-039","ES-002","CP02"
"If \(7^{3x}=7^{21}\), solve for \(x\).","6","Hard","QL-040","ES-002","CP02"
"If \(2^x=2^9\), find \(x\).","9","Medium","QL-021","ES-002","CP02"
"If \(3^{x+2}=3^8\), find \(x\).","9","Easy","QL-022","ES-002","CP02"
"If \(5^{2x-1}=5^7\), find \(x\).","6","Easy","QL-023","ES-002","CP02"
"If \(7^{x-3}=7^4\), find \(x\).","9","Hard","QL-024","ES-002","CP02"
"If \(11^{3x}=11^{12}\), find \(x\).","4","Easy","QL-025","ES-002","CP02"
"If \(2^{x+5}=2^{14}\), find \(x\).","4","Easy","QL-026","ES-002","CP02"
"If \(3^{2x+1}=3^{11}\), find \(x\).","9","Hard","QL-027","ES-002","CP02"
"If \(13^{x-2}=13^6\), find \(x\).","4","Hard","QL-028","ES-002","CP02"
"If \(5^{x+1}=5^{10}\), find \(x\).","9","Medium","QL-029","ES-002","CP02"
"If \(2^{4x}=2^{20}\), find \(x\).","9","Medium","QL-030","ES-002","CP02"
"If \(17^{x-5}=17^2\), find \(x\).","9","Easy","QL-031","ES-002","CP02"
"If \(3^{x/2}=3^6\), find \(x\).","4","Easy","QL-032","ES-002","CP02"
"If \(19^{2x-3}=19^9\), find \(x\).","4","Medium","QL-033","ES-002","CP02"
"If \(7^{x+4}=7^{15}\), find \(x\).","6","Hard","QL-034","ES-002","CP02"
"If \(2^{3x+2}=2^{17}\), find \(x\).","4","Medium","QL-035","ES-002","CP02"
"If \(5^{x-2}=5^6\), the value of \(x\) is:","6","Easy","QL-036","ES-002","CP02"
"If \(3^{x+1}=3^{10}\), find the missing exponent.","6","Easy","QL-037","ES-002","CP02"
"If \(2^{2x}=2^{18}\), determine \(x\).","4","Medium","QL-038","ES-002","CP02"
"If \(11^{x-4}=11^5\), choose the correct value of \(x\).","9","Easy","QL-039","ES-002","CP02"
"If \(7^{3x}=7^{21}\), solve for \(x\).","4","Medium","QL-040","ES-002","CP02"
"If \(2^x=2^9\), find \(x\).","9","Medium","QL-021","ES-002","CP02"
"If \(3^{x+2}=3^8\), find \(x\).","6","Medium","QL-022","ES-002","CP02"
"If \(5^{2x-1}=5^7\), find \(x\).","6","Easy","QL-023","ES-002","CP02"
"If \(7^{x-3}=7^4\), find \(x\).","4","Medium","QL-024","ES-002","CP02"
"If \(11^{3x}=11^{12}\), find \(x\).","4","Easy","QL-025","ES-002","CP02"
"If \(2^{x+5}=2^{14}\), find \(x\).","4","Hard","QL-026","ES-002","CP02"
"If \(3^{2x+1}=3^{11}\), find \(x\).","9","Medium","QL-027","ES-002","CP02"
"If \(13^{x-2}=13^6\), find \(x\).","4","Easy","QL-028","ES-002","CP02"
"If \(5^{x+1}=5^{10}\), find \(x\).","9","Easy","QL-029","ES-002","CP02"
"If \(2^{4x}=2^{20}\), find \(x\).","9","Easy","QL-030","ES-002","CP02"
"If \(17^{x-5}=17^2\), find \(x\).","9","Easy","QL-031","ES-002","CP02"
"If \(3^{x/2}=3^6\), find \(x\).","4","Medium","QL-032","ES-002","CP02"
"If \(19^{2x-3}=19^9\), find \(x\).","9","Hard","QL-033","ES-002","CP02"
"If \(7^{x+4}=7^{15}\), find \(x\).","4","Medium","QL-034","ES-002","CP02"
"If \(2^{3x+2}=2^{17}\), find \(x\).","6","Easy","QL-035","ES-002","CP02"
"If \(5^{x-2}=5^6\), the value of \(x\) is:","9","Medium","QL-036","ES-002","CP02"
"If \(3^{x+1}=3^{10}\), find the missing exponent.","4","Easy","QL-037","ES-002","CP02"
"If \(2^{2x}=2^{18}\), determine \(x\).","6","Medium","QL-038","ES-002","CP02"
"If \(11^{x-4}=11^5\), choose the correct value of \(x\).","4","Medium","QL-039","ES-002","CP02"
"If \(7^{3x}=7^{21}\), solve for \(x\).","6","Medium","QL-040","ES-002","CP02"
"If \(2^x=2^9\), find \(x\).","6","Medium","QL-021","ES-002","CP02"
"If \(3^{x+2}=3^8\), find \(x\).","4","Easy","QL-022","ES-002","CP02"
"If \(5^{2x-1}=5^7\), find \(x\).","4","Hard","QL-023","ES-002","CP02"
"If \(7^{x-3}=7^4\), find \(x\).","4","Easy","QL-024","ES-002","CP02"
"If \(11^{3x}=11^{12}\), find \(x\).","9","Medium","QL-025","ES-002","CP02"
"If \(2^{x+5}=2^{14}\), find \(x\).","9","Easy","QL-026","ES-002","CP02"
"If \(3^{2x+1}=3^{11}\), find \(x\).","9","Medium","QL-027","ES-002","CP02"
"If \(13^{x-2}=13^6\), find \(x\).","6","Easy","QL-028","ES-002","CP02"
"If \(5^{x+1}=5^{10}\), find \(x\).","9","Medium","QL-029","ES-002","CP02"
"If \(2^{4x}=2^{20}\), find \(x\).","6","Easy","QL-030","ES-002","CP02"
"If \(17^{x-5}=17^2\), find \(x\).","6","Hard","QL-031","ES-002","CP02"
"If \(3^{x/2}=3^6\), find \(x\).","9","Easy","QL-032","ES-002","CP02"
"If \(19^{2x-3}=19^9\), find \(x\).","6","Hard","QL-033","ES-002","CP02"
"If \(7^{x+4}=7^{15}\), find \(x\).","6","Medium","QL-034","ES-002","CP02"
"If \(2^{3x+2}=2^{17}\), find \(x\).","9","Easy","QL-035","ES-002","CP02"
"If \(5^{x-2}=5^6\), the value of \(x\) is:","6","Medium","QL-036","ES-002","CP02"
"If \(3^{x+1}=3^{10}\), find the missing exponent.","6","Medium","QL-037","ES-002","CP02"
"If \(2^{2x}=2^{18}\), determine \(x\).","6","Easy","QL-038","ES-002","CP02"
"If \(11^{x-4}=11^5\), choose the correct value of \(x\).","4","Easy","QL-039","ES-002","CP02"
"If \(7^{3x}=7^{21}\), solve for \(x\).","9","Easy","QL-040","ES-002","CP02"
"If \(2^x=2^9\), find \(x\).","9","Easy","QL-021","ES-002","CP02"
"If \(3^{x+2}=3^8\), find \(x\).","4","Hard","QL-022","ES-002","CP02"
"If \(5^{2x-1}=5^7\), find \(x\).","9","Medium","QL-023","ES-002","CP02"
"If \(7^{x-3}=7^4\), find \(x\).","6","Hard","QL-024","ES-002","CP02"
"If \(11^{3x}=11^{12}\), find \(x\).","9","Easy","QL-025","ES-002","CP02"
"If \(2^{x+5}=2^{14}\), find \(x\).","6","Easy","QL-026","ES-002","CP02"
"If \(3^{2x+1}=3^{11}\), find \(x\).","9","Easy","QL-027","ES-002","CP02"
"If \(13^{x-2}=13^6\), find \(x\).","4","Easy","QL-028","ES-002","CP02"
"If \(5^{x+1}=5^{10}\), find \(x\).","4","Hard","QL-029","ES-002","CP02"
"If \(2^{4x}=2^{20}\), find \(x\).","6","Easy","QL-030","ES-002","CP02"
"If \(17^{x-5}=17^2\), find \(x\).","9","Medium","QL-031","ES-002","CP02"
"If \(3^{x/2}=3^6\), find \(x\).","6","Easy","QL-032","ES-002","CP02"
"If \(19^{2x-3}=19^9\), find \(x\).","6","Medium","QL-033","ES-002","CP02"
"If \(7^{x+4}=7^{15}\), find \(x\).","4","Medium","QL-034","ES-002","CP02"
"If \(2^{3x+2}=2^{17}\), find \(x\).","6","Medium","QL-035","ES-002","CP02"
"If \(5^{x-2}=5^6\), the value of \(x\) is:","4","Easy","QL-036","ES-002","CP02"
"If \(3^{x+1}=3^{10}\), find the missing exponent.","4","Easy","QL-037","ES-002","CP02"
"If \(2^{2x}=2^{18}\), determine \(x\).","9","Medium","QL-038","ES-002","CP02"
"If \(11^{x-4}=11^5\), choose the correct value of \(x\).","4","Hard","QL-039","ES-002","CP02"
"If \(7^{3x}=7^{21}\), solve for \(x\).","9","Medium","QL-040","ES-002","CP02"
"If \(2^x=2^9\), find \(x\).","6","Medium","QL-021","ES-002","CP02"
"If \(3^{x+2}=3^8\), find \(x\).","6","Easy","QL-022","ES-002","CP02"
"If \(5^{2x-1}=5^7\), find \(x\).","9","Medium","QL-023","ES-002","CP02"
"If \(7^{x-3}=7^4\), find \(x\).","9","Medium","QL-024","ES-002","CP02"
"If \(11^{3x}=11^{12}\), find \(x\).","9","Medium","QL-025","ES-002","CP02"
"If \(2^{x+5}=2^{14}\), find \(x\).","4","Hard","QL-026","ES-002","CP02"
"If \(3^{2x+1}=3^{11}\), find \(x\).","9","Medium","QL-027","ES-002","CP02"
"If \(13^{x-2}=13^6\), find \(x\).","4","Easy","QL-028","ES-002","CP02"
"If \(5^{x+1}=5^{10}\), find \(x\).","9","Medium","QL-029","ES-002","CP02"
"If \(2^{4x}=2^{20}\), find \(x\).","9","Easy","QL-030","ES-002","CP02"
"If \(17^{x-5}=17^2\), find \(x\).","6","Hard","QL-031","ES-002","CP02"
"If \(3^{x/2}=3^6\), find \(x\).","6","Easy","QL-032","ES-002","CP02"
"If \(19^{2x-3}=19^9\), find \(x\).","6","Easy","QL-033","ES-002","CP02"
"If \(7^{x+4}=7^{15}\), find \(x\).","4","Medium","QL-034","ES-002","CP02"
"If \(2^{3x+2}=2^{17}\), find \(x\).","9","Medium","QL-035","ES-002","CP02"
"If \(5^{x-2}=5^6\), the value of \(x\) is:","4","Medium","QL-036","ES-002","CP02"
"If \(3^{x+1}=3^{10}\), find the missing exponent.","4","Medium","QL-037","ES-002","CP02"
"If \(2^{2x}=2^{18}\), determine \(x\).","9","Easy","QL-038","ES-002","CP02"
"If \(11^{x-4}=11^5\), choose the correct value of \(x\).","9","Easy","QL-039","ES-002","CP02"
"If \(7^{3x}=7^{21}\), solve for \(x\).","4","Easy","QL-040","ES-002","CP02"
"If \(2^x=2^9\), find \(x\).","4","Easy","QL-021","ES-002","CP02"
"If \(3^{x+2}=3^8\), find \(x\).","4","Easy","QL-022","ES-002","CP02"
"If \(5^{2x-1}=5^7\), find \(x\).","4","Medium","QL-023","ES-002","CP02"
"If \(7^{x-3}=7^4\), find \(x\).","6","Easy","QL-024","ES-002","CP02"
"If \(11^{3x}=11^{12}\), find \(x\).","6","Easy","QL-025","ES-002","CP02"
"If \(2^{x+5}=2^{14}\), find \(x\).","9","Hard","QL-026","ES-002","CP02"
"If \(3^{2x+1}=3^{11}\), find \(x\).","4","Medium","QL-027","ES-002","CP02"
"If \(13^{x-2}=13^6\), find \(x\).","6","Easy","QL-028","ES-002","CP02"
"If \(5^{x+1}=5^{10}\), find \(x\).","6","Easy","QL-029","ES-002","CP02"
"If \(2^{4x}=2^{20}\), find \(x\).","9","Medium","QL-030","ES-002","CP02"
"If \(17^{x-5}=17^2\), find \(x\).","4","Hard","QL-031","ES-002","CP02"
"If \(3^{x/2}=3^6\), find \(x\).","4","Hard","QL-032","ES-002","CP02"
"If \(19^{2x-3}=19^9\), find \(x\).","6","Medium","QL-033","ES-002","CP02"
"If \(7^{x+4}=7^{15}\), find \(x\).","4","Easy","QL-034","ES-002","CP02"
"If \(2^{3x+2}=2^{17}\), find \(x\).","4","Easy","QL-035","ES-002","CP02"
"If \(5^{x-2}=5^6\), the value of \(x\) is:","9","Medium","QL-036","ES-002","CP02"
"If \(3^{x+1}=3^{10}\), find the missing exponent.","4","Easy","QL-037","ES-002","CP02"
"If \(2^{2x}=2^{18}\), determine \(x\).","4","Medium","QL-038","ES-002","CP02"
"If \(11^{x-4}=11^5\), choose the correct value of \(x\).","4","Medium","QL-039","ES-002","CP02"
"If \(7^{3x}=7^{21}\), solve for \(x\).","6","Medium","QL-040","ES-002","CP02"
"If \(2^x=2^9\), find \(x\).","6","Medium","QL-021","ES-002","CP02"
"If \(3^{x+2}=3^8\), find \(x\).","4","Easy","QL-022","ES-002","CP02"
"If \(5^{2x-1}=5^7\), find \(x\).","6","Medium","QL-023","ES-002","CP02"
"If \(7^{x-3}=7^4\), find \(x\).","9","Easy","QL-024","ES-002","CP02"
"If \(11^{3x}=11^{12}\), find \(x\).","4","Easy","QL-025","ES-002","CP02"
"If \(2^{x+5}=2^{14}\), find \(x\).","9","Hard","QL-026","ES-002","CP02"
"If \(3^{2x+1}=3^{11}\), find \(x\).","9","Hard","QL-027","ES-002","CP02"
"If \(13^{x-2}=13^6\), find \(x\).","6","Hard","QL-028","ES-002","CP02"
"If \(5^{x+1}=5^{10}\), find \(x\).","4","Easy","QL-029","ES-002","CP02"
"If \(2^{4x}=2^{20}\), find \(x\).","9","Medium","QL-030","ES-002","CP02"
"If \(17^{x-5}=17^2\), find \(x\).","6","Hard","QL-031","ES-002","CP02"
"If \(3^{x/2}=3^6\), find \(x\).","4","Easy","QL-032","ES-002","CP02"
"If \(19^{2x-3}=19^9\), find \(x\).","4","Medium","QL-033","ES-002","CP02"
"If \(7^{x+4}=7^{15}\), find \(x\).","4","Easy","QL-034","ES-002","CP02"
"If \(2^{3x+2}=2^{17}\), find \(x\).","4","Medium","QL-035","ES-002","CP02"
"If \(5^{x-2}=5^6\), the value of \(x\) is:","4","Hard","QL-036","ES-002","CP02"
"If \(3^{x+1}=3^{10}\), find the missing exponent.","9","Medium","QL-037","ES-002","CP02"
"If \(2^{2x}=2^{18}\), determine \(x\).","6","Medium","QL-038","ES-002","CP02"
"If \(11^{x-4}=11^5\), choose the correct value of \(x\).","9","Medium","QL-039","ES-002","CP02"
"If \(7^{3x}=7^{21}\), solve for \(x\).","9","Easy","QL-040","ES-002","CP02"
"If \(2^x=2^9\), find \(x\).","9","Easy","QL-021","ES-002","CP02"
"If \(3^{x+2}=3^8\), find \(x\).","4","Medium","QL-022","ES-002","CP02"
"If \(5^{2x-1}=5^7\), find \(x\).","4","Easy","QL-023","ES-002","CP02"
"If \(7^{x-3}=7^4\), find \(x\).","6","Easy","QL-024","ES-002","CP02"
"If \(11^{3x}=11^{12}\), find \(x\).","4","Hard","QL-025","ES-002","CP02"
"If \(2^{x+5}=2^{14}\), find \(x\).","6","Easy","QL-026","ES-002","CP02"
"If \(3^{2x+1}=3^{11}\), find \(x\).","4","Medium","QL-027","ES-002","CP02"
"If \(13^{x-2}=13^6\), find \(x\).","4","Medium","QL-028","ES-002","CP02"
"If \(5^{x+1}=5^{10}\), find \(x\).","6","Medium","QL-029","ES-002","CP02"
"If \(2^{4x}=2^{20}\), find \(x\).","9","Hard","QL-030","ES-002","CP02"
"If \(17^{x-5}=17^2\), find \(x\).","4","Medium","QL-031","ES-002","CP02"
"If \(3^{x/2}=3^6\), find \(x\).","4","Easy","QL-032","ES-002","CP02"
"If \(19^{2x-3}=19^9\), find \(x\).","9","Easy","QL-033","ES-002","CP02"
"If \(7^{x+4}=7^{15}\), find \(x\).","4","Medium","QL-034","ES-002","CP02"
"If \(2^{3x+2}=2^{17}\), find \(x\).","9","Easy","QL-035","ES-002","CP02"
"If \(5^{x-2}=5^6\), the value of \(x\) is:","6","Easy","QL-036","ES-002","CP02"
"If \(3^{x+1}=3^{10}\), find the missing exponent.","6","Medium","QL-037","ES-002","CP02"
"If \(2^{2x}=2^{18}\), determine \(x\).","4","Easy","QL-038","ES-002","CP02"
"If \(11^{x-4}=11^5\), choose the correct value of \(x\).","9","Medium","QL-039","ES-002","CP02"
"If \(7^{3x}=7^{21}\), solve for \(x\).","6","Medium","QL-040","ES-002","CP02"
"If \(2^x=2^9\), find \(x\).","9","Hard","QL-021","ES-002","CP02"
"If \(3^{x+2}=3^8\), find \(x\).","9","Easy","QL-022","ES-002","CP02"
"If \(5^{2x-1}=5^7\), find \(x\).","9","Easy","QL-023","ES-002","CP02"
"If \(7^{x-3}=7^4\), find \(x\).","6","Easy","QL-024","ES-002","CP02"
"If \(11^{3x}=11^{12}\), find \(x\).","6","Hard","QL-025","ES-002","CP02"
"If \(2^{x+5}=2^{14}\), find \(x\).","6","Easy","QL-026","ES-002","CP02"
"If \(3^{2x+1}=3^{11}\), find \(x\).","4","Hard","QL-027","ES-002","CP02"
"If \(13^{x-2}=13^6\), find \(x\).","4","Hard","QL-028","ES-002","CP02"
"If \(5^{x+1}=5^{10}\), find \(x\).","4","Medium","QL-029","ES-002","CP02"
"If \(2^{4x}=2^{20}\), find \(x\).","4","Medium","QL-030","ES-002","CP02"
"If \(17^{x-5}=17^2\), find \(x\).","6","Easy","QL-031","ES-002","CP02"
"If \(3^{x/2}=3^6\), find \(x\).","4","Easy","QL-032","ES-002","CP02"
"If \(19^{2x-3}=19^9\), find \(x\).","4","Easy","QL-033","ES-002","CP02"
"If \(7^{x+4}=7^{15}\), find \(x\).","9","Medium","QL-034","ES-002","CP02"
"If \(2^{3x+2}=2^{17}\), find \(x\).","9","Easy","QL-035","ES-002","CP02"
"If \(5^{x-2}=5^6\), the value of \(x\) is:","9","Easy","QL-036","ES-002","CP02"
"If \(3^{x+1}=3^{10}\), find the missing exponent.","4","Easy","QL-037","ES-002","CP02"
"If \(2^{2x}=2^{18}\), determine \(x\).","9","Hard","QL-038","ES-002","CP02"
"If \(11^{x-4}=11^5\), choose the correct value of \(x\).","4","Easy","QL-039","ES-002","CP02"
"If \(7^{3x}=7^{21}\), solve for \(x\).","6","Easy","QL-040","ES-002","CP02"
"If \(2^x=2^9\), find \(x\).","9","Medium","QL-021","ES-002","CP02"
"If \(3^{x+2}=3^8\), find \(x\).","4","Hard","QL-022","ES-002","CP02"
"If \(5^{2x-1}=5^7\), find \(x\).","4","Easy","QL-023","ES-002","CP02"
"If \(7^{x-3}=7^4\), find \(x\).","6","Hard","QL-024","ES-002","CP02"
"If \(11^{3x}=11^{12}\), find \(x\).","4","Medium","QL-025","ES-002","CP02"
"If \(2^{x+5}=2^{14}\), find \(x\).","4","Medium","QL-026","ES-002","CP02"
"If \(3^{2x+1}=3^{11}\), find \(x\).","9","Medium","QL-027","ES-002","CP02"
"If \(13^{x-2}=13^6\), find \(x\).","9","Easy","QL-028","ES-002","CP02"
"If \(5^{x+1}=5^{10}\), find \(x\).","6","Medium","QL-029","ES-002","CP02"
"If \(2^{4x}=2^{20}\), find \(x\).","9","Medium","QL-030","ES-002","CP02"
"If \(17^{x-5}=17^2\), find \(x\).","4","Medium","QL-031","ES-002","CP02"
"If \(3^{x/2}=3^6\), find \(x\).","9","Easy","QL-032","ES-002","CP02"
"If \(19^{2x-3}=19^9\), find \(x\).","9","Easy","QL-033","ES-002","CP02"
"If \(7^{x+4}=7^{15}\), find \(x\).","4","Hard","QL-034","ES-002","CP02"
"If \(2^{3x+2}=2^{17}\), find \(x\).","9","Medium","QL-035","ES-002","CP02"
"If \(5^{x-2}=5^6\), the value of \(x\) is:","4","Medium","QL-036","ES-002","CP02"
"If \(3^{x+1}=3^{10}\), find the missing exponent.","4","Medium","QL-037","ES-002","CP02"
"If \(2^{2x}=2^{18}\), determine \(x\).","9","Easy","QL-038","ES-002","CP02"
"If \(11^{x-4}=11^5\), choose the correct value of \(x\).","9","Easy","QL-039","ES-002","CP02"
"If \(7^{3x}=7^{21}\), solve for \(x\).","6","Medium","QL-040","ES-002","CP02"
"If \(2^x=2^9\), find \(x\).","6","Medium","QL-021","ES-002","CP02"
"If \(3^{x+2}=3^8\), find \(x\).","9","Medium","QL-022","ES-002","CP02"
"If \(5^{2x-1}=5^7\), find \(x\).","9","Medium","QL-023","ES-002","CP02"
"If \(7^{x-3}=7^4\), find \(x\).","9","Hard","QL-024","ES-002","CP02"
"If \(11^{3x}=11^{12}\), find \(x\).","6","Medium","QL-025","ES-002","CP02"
"If \(2^{x+5}=2^{14}\), find \(x\).","6","Easy","QL-026","ES-002","CP02"
"If \(3^{2x+1}=3^{11}\), find \(x\).","4","Medium","QL-027","ES-002","CP02"
"If \(13^{x-2}=13^6\), find \(x\).","9","Easy","QL-028","ES-002","CP02"
"If \(5^{x+1}=5^{10}\), find \(x\).","6","Medium","QL-029","ES-002","CP02"
"If \(2^{4x}=2^{20}\), find \(x\).","6","Easy","QL-030","ES-002","CP02"
"If \(17^{x-5}=17^2\), find \(x\).","4","Medium","QL-031","ES-002","CP02"
"If \(3^{x/2}=3^6\), find \(x\).","6","Easy","QL-032","ES-002","CP02"
"If \(19^{2x-3}=19^9\), find \(x\).","4","Medium","QL-033","ES-002","CP02"
"If \(7^{x+4}=7^{15}\), find \(x\).","9","Easy","QL-034","ES-002","CP02"
"If \(2^{3x+2}=2^{17}\), find \(x\).","4","Hard","QL-035","ES-002","CP02"
"If \(5^{x-2}=5^6\), the value of \(x\) is:","9","Hard","QL-036","ES-002","CP02"
"If \(3^{x+1}=3^{10}\), find the missing exponent.","9","Easy","QL-037","ES-002","CP02"
"If \(2^{2x}=2^{18}\), determine \(x\).","6","Hard","QL-038","ES-002","CP02"
"If \(11^{x-4}=11^5\), choose the correct value of \(x\).","4","Easy","QL-039","ES-002","CP02"
"If \(7^{3x}=7^{21}\), solve for \(x\).","6","Medium","QL-040","ES-002","CP02"
"If \(2^x=2^9\), find \(x\).","4","Easy","QL-021","ES-002","CP02"
"If \(3^{x+2}=3^8\), find \(x\).","9","Medium","QL-022","ES-002","CP02"
"If \(5^{2x-1}=5^7\), find \(x\).","9","Medium","QL-023","ES-002","CP02"
"If \(7^{x-3}=7^4\), find \(x\).","9","Easy","QL-024","ES-002","CP02"
"If \(11^{3x}=11^{12}\), find \(x\).","4","Medium","QL-025","ES-002","CP02"
"If \(2^{x+5}=2^{14}\), find \(x\).","6","Easy","QL-026","ES-002","CP02"
"If \(3^{2x+1}=3^{11}\), find \(x\).","4","Easy","QL-027","ES-002","CP02"
"If \(13^{x-2}=13^6\), find \(x\).","4","Easy","QL-028","ES-002","CP02"
"If \(5^{x+1}=5^{10}\), find \(x\).","9","Hard","QL-029","ES-002","CP02"
"If \(2^{4x}=2^{20}\), find \(x\).","9","Medium","QL-030","ES-002","CP02"
"If \(17^{x-5}=17^2\), find \(x\).","4","Easy","QL-031","ES-002","CP02"
"If \(3^{x/2}=3^6\), find \(x\).","6","Hard","QL-032","ES-002","CP02"
"If \(19^{2x-3}=19^9\), find \(x\).","6","Medium","QL-033","ES-002","CP02"
"If \(7^{x+4}=7^{15}\), find \(x\).","6","Easy","QL-034","ES-002","CP02"
"If \(2^{3x+2}=2^{17}\), find \(x\).","9","Medium","QL-035","ES-002","CP02"
"If \(5^{x-2}=5^6\), the value of \(x\) is:","9","Easy","QL-036","ES-002","CP02"
"If \(3^{x+1}=3^{10}\), find the missing exponent.","4","Medium","QL-037","ES-002","CP02"
"If \(2^{2x}=2^{18}\), determine \(x\).","6","Hard","QL-038","ES-002","CP02"
"If \(11^{x-4}=11^5\), choose the correct value of \(x\).","6","Medium","QL-039","ES-002","CP02"
"If \(7^{3x}=7^{21}\), solve for \(x\).","6","Medium","QL-040","ES-002","CP02"
"If \(2^x=2^9\), find \(x\).","4","Medium","QL-021","ES-002","CP02"
"If \(3^{x+2}=3^8\), find \(x\).","6","Easy","QL-022","ES-002","CP02"
"If \(5^{2x-1}=5^7\), find \(x\).","6","Hard","QL-023","ES-002","CP02"
"If \(7^{x-3}=7^4\), find \(x\).","6","Medium","QL-024","ES-002","CP02"
"If \(11^{3x}=11^{12}\), find \(x\).","4","Easy","QL-025","ES-002","CP02"
"If \(2^{x+5}=2^{14}\), find \(x\).","9","Easy","QL-026","ES-002","CP02"
"If \(3^{2x+1}=3^{11}\), find \(x\).","9","Medium","QL-027","ES-002","CP02"
"If \(13^{x-2}=13^6\), find \(x\).","6","Medium","QL-028","ES-002","CP02"
"If \(5^{x+1}=5^{10}\), find \(x\).","6","Medium","QL-029","ES-002","CP02"
"If \(2^{4x}=2^{20}\), find \(x\).","9","Easy","QL-030","ES-002","CP02"
"If \(17^{x-5}=17^2\), find \(x\).","4","Easy","QL-031","ES-002","CP02"
"If \(3^{x/2}=3^6\), find \(x\).","4","Easy","QL-032","ES-002","CP02"
"If \(19^{2x-3}=19^9\), find \(x\).","6","Hard","QL-033","ES-002","CP02"
"If \(7^{x+4}=7^{15}\), find \(x\).","4","Easy","QL-034","ES-002","CP02"
"If \(2^{3x+2}=2^{17}\), find \(x\).","6","Hard","QL-035","ES-002","CP02"
"If \(5^{x-2}=5^6\), the value of \(x\) is:","9","Hard","QL-036","ES-002","CP02"
"If \(3^{x+1}=3^{10}\), find the missing exponent.","4","Hard","QL-037","ES-002","CP02"
"If \(2^{2x}=2^{18}\), determine \(x\).","4","Easy","QL-038","ES-002","CP02"
"If \(11^{x-4}=11^5\), choose the correct value of \(x\).","4","Medium","QL-039","ES-002","CP02"
"If \(7^{3x}=7^{21}\), solve for \(x\).","4","Hard","QL-040","ES-002","CP02"
"If \(2^x=2^9\), find \(x\).","6","Hard","QL-021","ES-002","CP02"
"If \(3^{x+2}=3^8\), find \(x\).","4","Easy","QL-022","ES-002","CP02"
"If \(5^{2x-1}=5^7\), find \(x\).","4","Hard","QL-023","ES-002","CP02"
"If \(7^{x-3}=7^4\), find \(x\).","6","Easy","QL-024","ES-002","CP02"
"If \(11^{3x}=11^{12}\), find \(x\).","4","Easy","QL-025","ES-002","CP02"
"If \(2^{x+5}=2^{14}\), find \(x\).","9","Medium","QL-026","ES-002","CP02"
"If \(3^{2x+1}=3^{11}\), find \(x\).","6","Easy","QL-027","ES-002","CP02"
"If \(13^{x-2}=13^6\), find \(x\).","9","Medium","QL-028","ES-002","CP02"
"If \(5^{x+1}=5^{10}\), find \(x\).","4","Medium","QL-029","ES-002","CP02"
"If \(2^{4x}=2^{20}\), find \(x\).","9","Medium","QL-030","ES-002","CP02"
"If \(17^{x-5}=17^2\), find \(x\).","9","Hard","QL-031","ES-002","CP02"
"If \(3^{x/2}=3^6\), find \(x\).","6","Hard","QL-032","ES-002","CP02"
"If \(19^{2x-3}=19^9\), find \(x\).","6","Easy","QL-033","ES-002","CP02"
"If \(7^{x+4}=7^{15}\), find \(x\).","9","Medium","QL-034","ES-002","CP02"
"If \(2^{3x+2}=2^{17}\), find \(x\).","6","Medium","QL-035","ES-002","CP02"
"If \(5^{x-2}=5^6\), the value of \(x\) is:","6","Hard","QL-036","ES-002","CP02"
"If \(3^{x+1}=3^{10}\), find the missing exponent.","9","Hard","QL-037","ES-002","CP02"
"If \(2^{2x}=2^{18}\), determine \(x\).","6","Medium","QL-038","ES-002","CP02"
"If \(11^{x-4}=11^5\), choose the correct value of \(x\).","9","Hard","QL-039","ES-002","CP02"
"If \(7^{3x}=7^{21}\), solve for \(x\).","4","Medium","QL-040","ES-002","CP02"
"If \(2^x=2^9\), find \(x\).","9","Easy","QL-021","ES-002","CP02"
"If \(3^{x+2}=3^8\), find \(x\).","6","Medium","QL-022","ES-002","CP02"
"If \(5^{2x-1}=5^7\), find \(x\).","4","Easy","QL-023","ES-002","CP02"
"If \(7^{x-3}=7^4\), find \(x\).","9","Medium","QL-024","ES-002","CP02"
"If \(11^{3x}=11^{12}\), find \(x\).","4","Hard","QL-025","ES-002","CP02"
"If \(2^{x+5}=2^{14}\), find \(x\).","4","Medium","QL-026","ES-002","CP02"
"If \(3^{2x+1}=3^{11}\), find \(x\).","4","Easy","QL-027","ES-002","CP02"
"If \(13^{x-2}=13^6\), find \(x\).","4","Medium","QL-028","ES-002","CP02"
"If \(5^{x+1}=5^{10}\), find \(x\).","6","Easy","QL-029","ES-002","CP02"
"If \(2^{4x}=2^{20}\), find \(x\).","6","Easy","QL-030","ES-002","CP02"
"If \(17^{x-5}=17^2\), find \(x\).","4","Easy","QL-031","ES-002","CP02"
"If \(3^{x/2}=3^6\), find \(x\).","4","Medium","QL-032","ES-002","CP02"
"If \(19^{2x-3}=19^9\), find \(x\).","6","Medium","QL-033","ES-002","CP02"
"If \(7^{x+4}=7^{15}\), find \(x\).","9","Easy","QL-034","ES-002","CP02"
"If \(2^{3x+2}=2^{17}\), find \(x\).","4","Easy","QL-035","ES-002","CP02"
"If \(5^{x-2}=5^6\), the value of \(x\) is:","9","Easy","QL-036","ES-002","CP02"
"If \(3^{x+1}=3^{10}\), find the missing exponent.","4","Easy","QL-037","ES-002","CP02"
"If \(2^{2x}=2^{18}\), determine \(x\).","4","Medium","QL-038","ES-002","CP02"
"If \(11^{x-4}=11^5\), choose the correct value of \(x\).","6","Easy","QL-039","ES-002","CP02"
"If \(7^{3x}=7^{21}\), solve for \(x\).","9","Hard","QL-040","ES-002","CP02"
"Simplify \(8^3 \div 2^5\).","2^4","Easy","QL-041","ES-003","CP03"
"Find the value of \(27^2 \div 3^4\).","5","Easy","QL-042","ES-003","CP03"
"Simplify \(16^3 \div 4^2\).","2^11","Medium","QL-043","ES-003","CP03"
"Compare \(4^5\) and \(2^{11}\).","2^4","Hard","QL-044","ES-003","CP03"
"Which is greater, \(8^4\) or \(16^3\)?","2^4","Medium","QL-045","ES-003","CP03"
"Arrange \(3^5\), \(9^3\), and \(27^2\) in increasing order.","2^4","Medium","QL-046","ES-003","CP03"
"If \(4^x=2^{10}\), find \(x\).","2^11","Hard","QL-047","ES-003","CP03"
"If \(9^{x+1}=3^8\), find \(x\).","5","Easy","QL-048","ES-003","CP03"
"If \(8^{2x}=2^{12}\), find \(x\).","2^4","Medium","QL-049","ES-003","CP03"
"If \(27^2=3^x\), find \(x\).","5","Easy","QL-050","ES-003","CP03"
"Simplify \(\frac{32^2}{2^7}\).","2^4","Medium","QL-051","ES-003","CP03"
"Find the value of \(\frac{81^2}{3^6}\).","5","Medium","QL-052","ES-003","CP03"
"Compare \(25^3\) and \(5^7\).","5","Hard","QL-053","ES-003","CP03"
"Which is smaller, \(4^6\) or \(8^4\)?","5","Medium","QL-054","ES-003","CP03"
"If \(16^{x-1}=2^{12}\), find \(x\).","5","Medium","QL-055","ES-003","CP03"
"If \(125^2=5^x\), find \(x\).","2^11","Easy","QL-056","ES-003","CP03"
"Simplify \(64 \times 2^3\).","2^11","Hard","QL-057","ES-003","CP03"
"Find the simplified form of \(\frac{9^4}{27^2}\).","2^11","Medium","QL-058","ES-003","CP03"
"If \(25^{x+1}=5^{10}\), find \(x\).","5","Hard","QL-059","ES-003","CP03"
"Compare \(32^2\) and \(4^5\).","2^4","Medium","QL-060","ES-003","CP03"
"Which of the following is greater: \(8^3\) or \(2^8\)?","2^4","Easy","QL-061","ES-003","CP03"
"Which of the following is smaller: \(27^2\) or \(3^7\)?","2^11","Easy","QL-062","ES-003","CP03"
"Arrange the following in increasing order: \(2^{10}\), \(4^4\), \(8^3\).","5","Easy","QL-063","ES-003","CP03"
"Arrange the following in decreasing order: \(3^6\), \(9^2\), \(27^2\).","2^11","Hard","QL-064","ES-003","CP03"
"If \(32^x=2^{20}\), the value of \(x\) is:","2^11","Medium","QL-065","ES-003","CP03"
"If \(81^x=3^{16}\), find the missing exponent.","5","Easy","QL-066","ES-003","CP03"
"If \(16^{x+1}=2^{12}\), choose the correct value of \(x\).","2^4","Hard","QL-067","ES-003","CP03"
"If \(125^x=5^9\), determine the exponent.","2^11","Hard","QL-068","ES-003","CP03"
"Identify the largest expression among \(4^5\), \(8^3\), and \(2^{11}\).","2^4","Hard","QL-069","ES-003","CP03"
"Identify the smallest expression among \(9^3\), \(27^2\), and \(3^7\).","5","Medium","QL-070","ES-003","CP03"
"Simplify \(8^3 \div 2^5\).","2^11","Easy","QL-041","ES-003","CP03"
"Find the value of \(27^2 \div 3^4\).","2^4","Easy","QL-042","ES-003","CP03"
"Simplify \(16^3 \div 4^2\).","5","Easy","QL-043","ES-003","CP03"
"Compare \(4^5\) and \(2^{11}\).","2^11","Easy","QL-044","ES-003","CP03"
"Which is greater, \(8^4\) or \(16^3\)?","2^4","Medium","QL-045","ES-003","CP03"
"Arrange \(3^5\), \(9^3\), and \(27^2\) in increasing order.","2^11","Medium","QL-046","ES-003","CP03"
"If \(4^x=2^{10}\), find \(x\).","2^11","Easy","QL-047","ES-003","CP03"
"If \(9^{x+1}=3^8\), find \(x\).","2^4","Hard","QL-048","ES-003","CP03"
"If \(8^{2x}=2^{12}\), find \(x\).","5","Medium","QL-049","ES-003","CP03"
"If \(27^2=3^x\), find \(x\).","2^11","Hard","QL-050","ES-003","CP03"
"Simplify \(\frac{32^2}{2^7}\).","2^4","Medium","QL-051","ES-003","CP03"
"Find the value of \(\frac{81^2}{3^6}\).","5","Easy","QL-052","ES-003","CP03"
"Compare \(25^3\) and \(5^7\).","2^4","Hard","QL-053","ES-003","CP03"
"Which is smaller, \(4^6\) or \(8^4\)?","2^11","Easy","QL-054","ES-003","CP03"
"If \(16^{x-1}=2^{12}\), find \(x\).","5","Easy","QL-055","ES-003","CP03"
"If \(125^2=5^x\), find \(x\).","2^4","Hard","QL-056","ES-003","CP03"
"Simplify \(64 \times 2^3\).","2^11","Easy","QL-057","ES-003","CP03"
"Find the simplified form of \(\frac{9^4}{27^2}\).","5","Easy","QL-058","ES-003","CP03"
"If \(25^{x+1}=5^{10}\), find \(x\).","2^4","Medium","QL-059","ES-003","CP03"
"Compare \(32^2\) and \(4^5\).","5","Hard","QL-060","ES-003","CP03"
"Which of the following is greater: \(8^3\) or \(2^8\)?","5","Medium","QL-061","ES-003","CP03"
"Which of the following is smaller: \(27^2\) or \(3^7\)?","2^4","Medium","QL-062","ES-003","CP03"
"Arrange the following in increasing order: \(2^{10}\), \(4^4\), \(8^3\).","2^11","Medium","QL-063","ES-003","CP03"
"Arrange the following in decreasing order: \(3^6\), \(9^2\), \(27^2\).","2^11","Easy","QL-064","ES-003","CP03"
"If \(32^x=2^{20}\), the value of \(x\) is:","2^11","Medium","QL-065","ES-003","CP03"
"If \(81^x=3^{16}\), find the missing exponent.","2^11","Easy","QL-066","ES-003","CP03"
"If \(16^{x+1}=2^{12}\), choose the correct value of \(x\).","2^4","Hard","QL-067","ES-003","CP03"
"If \(125^x=5^9\), determine the exponent.","2^11","Easy","QL-068","ES-003","CP03"
"Identify the largest expression among \(4^5\), \(8^3\), and \(2^{11}\).","5","Hard","QL-069","ES-003","CP03"
"Identify the smallest expression among \(9^3\), \(27^2\), and \(3^7\).","5","Medium","QL-070","ES-003","CP03"
"Simplify \(8^3 \div 2^5\).","5","Medium","QL-041","ES-003","CP03"
"Find the value of \(27^2 \div 3^4\).","5","Easy","QL-042","ES-003","CP03"
"Simplify \(16^3 \div 4^2\).","5","Medium","QL-043","ES-003","CP03"
"Compare \(4^5\) and \(2^{11}\).","2^11","Easy","QL-044","ES-003","CP03"
"Which is greater, \(8^4\) or \(16^3\)?","2^11","Medium","QL-045","ES-003","CP03"
"Arrange \(3^5\), \(9^3\), and \(27^2\) in increasing order.","2^4","Easy","QL-046","ES-003","CP03"
"If \(4^x=2^{10}\), find \(x\).","2^4","Medium","QL-047","ES-003","CP03"
"If \(9^{x+1}=3^8\), find \(x\).","5","Easy","QL-048","ES-003","CP03"
"If \(8^{2x}=2^{12}\), find \(x\).","2^11","Hard","QL-049","ES-003","CP03"
"If \(27^2=3^x\), find \(x\).","2^11","Medium","QL-050","ES-003","CP03"
"Simplify \(\frac{32^2}{2^7}\).","5","Easy","QL-051","ES-003","CP03"
"Find the value of \(\frac{81^2}{3^6}\).","2^11","Hard","QL-052","ES-003","CP03"
"Compare \(25^3\) and \(5^7\).","2^11","Hard","QL-053","ES-003","CP03"
"Which is smaller, \(4^6\) or \(8^4\)?","2^11","Medium","QL-054","ES-003","CP03"
"If \(16^{x-1}=2^{12}\), find \(x\).","2^4","Hard","QL-055","ES-003","CP03"
"If \(125^2=5^x\), find \(x\).","2^11","Easy","QL-056","ES-003","CP03"
"Simplify \(64 \times 2^3\).","5","Easy","QL-057","ES-003","CP03"
"Find the simplified form of \(\frac{9^4}{27^2}\).","2^4","Easy","QL-058","ES-003","CP03"
"If \(25^{x+1}=5^{10}\), find \(x\).","2^4","Hard","QL-059","ES-003","CP03"
"Compare \(32^2\) and \(4^5\).","2^11","Medium","QL-060","ES-003","CP03"
"Which of the following is greater: \(8^3\) or \(2^8\)?","5","Hard","QL-061","ES-003","CP03"
"Which of the following is smaller: \(27^2\) or \(3^7\)?","5","Hard","QL-062","ES-003","CP03"
"Arrange the following in increasing order: \(2^{10}\), \(4^4\), \(8^3\).","5","Medium","QL-063","ES-003","CP03"
"Arrange the following in decreasing order: \(3^6\), \(9^2\), \(27^2\).","2^4","Medium","QL-064","ES-003","CP03"
"If \(32^x=2^{20}\), the value of \(x\) is:","5","Medium","QL-065","ES-003","CP03"
"If \(81^x=3^{16}\), find the missing exponent.","2^4","Easy","QL-066","ES-003","CP03"
"If \(16^{x+1}=2^{12}\), choose the correct value of \(x\).","2^4","Medium","QL-067","ES-003","CP03"
"If \(125^x=5^9\), determine the exponent.","2^4","Medium","QL-068","ES-003","CP03"
"Identify the largest expression among \(4^5\), \(8^3\), and \(2^{11}\).","2^4","Easy","QL-069","ES-003","CP03"
"Identify the smallest expression among \(9^3\), \(27^2\), and \(3^7\).","5","Medium","QL-070","ES-003","CP03"
"Simplify \(8^3 \div 2^5\).","2^11","Hard","QL-041","ES-003","CP03"
"Find the value of \(27^2 \div 3^4\).","2^11","Medium","QL-042","ES-003","CP03"
"Simplify \(16^3 \div 4^2\).","2^11","Easy","QL-043","ES-003","CP03"
"Compare \(4^5\) and \(2^{11}\).","5","Easy","QL-044","ES-003","CP03"
"Which is greater, \(8^4\) or \(16^3\)?","2^4","Medium","QL-045","ES-003","CP03"
"Arrange \(3^5\), \(9^3\), and \(27^2\) in increasing order.","2^11","Easy","QL-046","ES-003","CP03"
"If \(4^x=2^{10}\), find \(x\).","2^4","Easy","QL-047","ES-003","CP03"
"If \(9^{x+1}=3^8\), find \(x\).","5","Medium","QL-048","ES-003","CP03"
"If \(8^{2x}=2^{12}\), find \(x\).","5","Easy","QL-049","ES-003","CP03"
"If \(27^2=3^x\), find \(x\).","5","Medium","QL-050","ES-003","CP03"
"Simplify \(\frac{32^2}{2^7}\).","2^4","Medium","QL-051","ES-003","CP03"
"Find the value of \(\frac{81^2}{3^6}\).","2^11","Easy","QL-052","ES-003","CP03"
"Compare \(25^3\) and \(5^7\).","2^11","Easy","QL-053","ES-003","CP03"
"Which is smaller, \(4^6\) or \(8^4\)?","2^4","Hard","QL-054","ES-003","CP03"
"If \(16^{x-1}=2^{12}\), find \(x\).","2^11","Medium","QL-055","ES-003","CP03"
"If \(125^2=5^x\), find \(x\).","2^4","Medium","QL-056","ES-003","CP03"
"Simplify \(64 \times 2^3\).","2^4","Medium","QL-057","ES-003","CP03"
"Find the simplified form of \(\frac{9^4}{27^2}\).","2^11","Easy","QL-058","ES-003","CP03"
"If \(25^{x+1}=5^{10}\), find \(x\).","2^11","Easy","QL-059","ES-003","CP03"
"Compare \(32^2\) and \(4^5\).","5","Medium","QL-060","ES-003","CP03"
"Which of the following is greater: \(8^3\) or \(2^8\)?","2^11","Medium","QL-061","ES-003","CP03"
"Which of the following is smaller: \(27^2\) or \(3^7\)?","2^4","Hard","QL-062","ES-003","CP03"
"Arrange the following in increasing order: \(2^{10}\), \(4^4\), \(8^3\).","2^4","Easy","QL-063","ES-003","CP03"
"Arrange the following in decreasing order: \(3^6\), \(9^2\), \(27^2\).","5","Medium","QL-064","ES-003","CP03"
"If \(32^x=2^{20}\), the value of \(x\) is:","2^4","Easy","QL-065","ES-003","CP03"
"If \(81^x=3^{16}\), find the missing exponent.","2^4","Medium","QL-066","ES-003","CP03"
"If \(16^{x+1}=2^{12}\), choose the correct value of \(x\).","2^11","Medium","QL-067","ES-003","CP03"
"If \(125^x=5^9\), determine the exponent.","2^11","Easy","QL-068","ES-003","CP03"
"Identify the largest expression among \(4^5\), \(8^3\), and \(2^{11}\).","5","Medium","QL-069","ES-003","CP03"
"Identify the smallest expression among \(9^3\), \(27^2\), and \(3^7\).","2^11","Medium","QL-070","ES-003","CP03"
"Simplify \(8^3 \div 2^5\).","2^4","Easy","QL-041","ES-003","CP03"
"Find the value of \(27^2 \div 3^4\).","5","Medium","QL-042","ES-003","CP03"
"Simplify \(16^3 \div 4^2\).","2^4","Hard","QL-043","ES-003","CP03"
"Compare \(4^5\) and \(2^{11}\).","2^4","Hard","QL-044","ES-003","CP03"
"Which is greater, \(8^4\) or \(16^3\)?","5","Easy","QL-045","ES-003","CP03"
"Arrange \(3^5\), \(9^3\), and \(27^2\) in increasing order.","5","Medium","QL-046","ES-003","CP03"
"If \(4^x=2^{10}\), find \(x\).","2^4","Medium","QL-047","ES-003","CP03"
"If \(9^{x+1}=3^8\), find \(x\).","2^11","Easy","QL-048","ES-003","CP03"
"If \(8^{2x}=2^{12}\), find \(x\).","2^11","Easy","QL-049","ES-003","CP03"
"If \(27^2=3^x\), find \(x\).","2^4","Easy","QL-050","ES-003","CP03"
"Simplify \(\frac{32^2}{2^7}\).","2^11","Medium","QL-051","ES-003","CP03"
"Find the value of \(\frac{81^2}{3^6}\).","5","Hard","QL-052","ES-003","CP03"
"Compare \(25^3\) and \(5^7\).","5","Easy","QL-053","ES-003","CP03"
"Which is smaller, \(4^6\) or \(8^4\)?","2^4","Easy","QL-054","ES-003","CP03"
"If \(16^{x-1}=2^{12}\), find \(x\).","5","Medium","QL-055","ES-003","CP03"
"If \(125^2=5^x\), find \(x\).","5","Hard","QL-056","ES-003","CP03"
"Simplify \(64 \times 2^3\).","5","Easy","QL-057","ES-003","CP03"
"Find the simplified form of \(\frac{9^4}{27^2}\).","2^11","Medium","QL-058","ES-003","CP03"
"If \(25^{x+1}=5^{10}\), find \(x\).","5","Medium","QL-059","ES-003","CP03"
"Compare \(32^2\) and \(4^5\).","2^4","Medium","QL-060","ES-003","CP03"
"Which of the following is greater: \(8^3\) or \(2^8\)?","2^4","Easy","QL-061","ES-003","CP03"
"Which of the following is smaller: \(27^2\) or \(3^7\)?","5","Medium","QL-062","ES-003","CP03"
"Arrange the following in increasing order: \(2^{10}\), \(4^4\), \(8^3\).","5","Hard","QL-063","ES-003","CP03"
"Arrange the following in decreasing order: \(3^6\), \(9^2\), \(27^2\).","2^4","Medium","QL-064","ES-003","CP03"
"If \(32^x=2^{20}\), the value of \(x\) is:","5","Easy","QL-065","ES-003","CP03"
"If \(81^x=3^{16}\), find the missing exponent.","2^4","Easy","QL-066","ES-003","CP03"
"If \(16^{x+1}=2^{12}\), choose the correct value of \(x\).","5","Medium","QL-067","ES-003","CP03"
"If \(125^x=5^9\), determine the exponent.","2^4","Easy","QL-068","ES-003","CP03"
"Identify the largest expression among \(4^5\), \(8^3\), and \(2^{11}\).","2^4","Hard","QL-069","ES-003","CP03"
"Identify the smallest expression among \(9^3\), \(27^2\), and \(3^7\).","2^4","Easy","QL-070","ES-003","CP03"
"Simplify \(8^3 \div 2^5\).","2^11","Hard","QL-041","ES-003","CP03"
"Find the value of \(27^2 \div 3^4\).","2^4","Hard","QL-042","ES-003","CP03"
"Simplify \(16^3 \div 4^2\).","2^4","Hard","QL-043","ES-003","CP03"
"Compare \(4^5\) and \(2^{11}\).","5","Medium","QL-044","ES-003","CP03"
"Which is greater, \(8^4\) or \(16^3\)?","2^11","Medium","QL-045","ES-003","CP03"
"Arrange \(3^5\), \(9^3\), and \(27^2\) in increasing order.","2^4","Easy","QL-046","ES-003","CP03"
"If \(4^x=2^{10}\), find \(x\).","5","Medium","QL-047","ES-003","CP03"
"If \(9^{x+1}=3^8\), find \(x\).","2^4","Hard","QL-048","ES-003","CP03"
"If \(8^{2x}=2^{12}\), find \(x\).","2^4","Easy","QL-049","ES-003","CP03"
"If \(27^2=3^x\), find \(x\).","2^11","Easy","QL-050","ES-003","CP03"
"Simplify \(\frac{32^2}{2^7}\).","2^11","Hard","QL-051","ES-003","CP03"
"Find the value of \(\frac{81^2}{3^6}\).","2^11","Medium","QL-052","ES-003","CP03"
"Compare \(25^3\) and \(5^7\).","5","Easy","QL-053","ES-003","CP03"
"Which is smaller, \(4^6\) or \(8^4\)?","5","Medium","QL-054","ES-003","CP03"
"If \(16^{x-1}=2^{12}\), find \(x\).","2^11","Hard","QL-055","ES-003","CP03"
"If \(125^2=5^x\), find \(x\).","2^11","Medium","QL-056","ES-003","CP03"
"Simplify \(64 \times 2^3\).","5","Hard","QL-057","ES-003","CP03"
"Find the simplified form of \(\frac{9^4}{27^2}\).","2^11","Easy","QL-058","ES-003","CP03"
"If \(25^{x+1}=5^{10}\), find \(x\).","2^11","Easy","QL-059","ES-003","CP03"
"Compare \(32^2\) and \(4^5\).","2^4","Easy","QL-060","ES-003","CP03"
"Which of the following is greater: \(8^3\) or \(2^8\)?","2^4","Easy","QL-061","ES-003","CP03"
"Which of the following is smaller: \(27^2\) or \(3^7\)?","2^4","Easy","QL-062","ES-003","CP03"
"Arrange the following in increasing order: \(2^{10}\), \(4^4\), \(8^3\).","2^11","Easy","QL-063","ES-003","CP03"
"Arrange the following in decreasing order: \(3^6\), \(9^2\), \(27^2\).","2^11","Hard","QL-064","ES-003","CP03"
"If \(32^x=2^{20}\), the value of \(x\) is:","2^11","Medium","QL-065","ES-003","CP03"
"If \(81^x=3^{16}\), find the missing exponent.","2^4","Medium","QL-066","ES-003","CP03"
"If \(16^{x+1}=2^{12}\), choose the correct value of \(x\).","5","Easy","QL-067","ES-003","CP03"
"If \(125^x=5^9\), determine the exponent.","2^11","Medium","QL-068","ES-003","CP03"
"Identify the largest expression among \(4^5\), \(8^3\), and \(2^{11}\).","2^11","Hard","QL-069","ES-003","CP03"
"Identify the smallest expression among \(9^3\), \(27^2\), and \(3^7\).","2^4","Hard","QL-070","ES-003","CP03"
"Simplify \(8^3 \div 2^5\).","2^4","Hard","QL-041","ES-003","CP03"
"Find the value of \(27^2 \div 3^4\).","2^4","Hard","QL-042","ES-003","CP03"
"Simplify \(16^3 \div 4^2\).","5","Medium","QL-043","ES-003","CP03"
"Compare \(4^5\) and \(2^{11}\).","2^4","Easy","QL-044","ES-003","CP03"
"Which is greater, \(8^4\) or \(16^3\)?","2^4","Hard","QL-045","ES-003","CP03"
"Arrange \(3^5\), \(9^3\), and \(27^2\) in increasing order.","2^11","Medium","QL-046","ES-003","CP03"
"If \(4^x=2^{10}\), find \(x\).","2^4","Easy","QL-047","ES-003","CP03"
"If \(9^{x+1}=3^8\), find \(x\).","2^4","Medium","QL-048","ES-003","CP03"
"If \(8^{2x}=2^{12}\), find \(x\).","2^4","Medium","QL-049","ES-003","CP03"
"If \(27^2=3^x\), find \(x\).","5","Medium","QL-050","ES-003","CP03"
"Simplify \(\frac{32^2}{2^7}\).","2^4","Easy","QL-051","ES-003","CP03"
"Find the value of \(\frac{81^2}{3^6}\).","2^4","Easy","QL-052","ES-003","CP03"
"Compare \(25^3\) and \(5^7\).","2^4","Medium","QL-053","ES-003","CP03"
"Which is smaller, \(4^6\) or \(8^4\)?","5","Easy","QL-054","ES-003","CP03"
"If \(16^{x-1}=2^{12}\), find \(x\).","5","Easy","QL-055","ES-003","CP03"
"If \(125^2=5^x\), find \(x\).","2^11","Hard","QL-056","ES-003","CP03"
"Simplify \(64 \times 2^3\).","2^4","Medium","QL-057","ES-003","CP03"
"Find the simplified form of \(\frac{9^4}{27^2}\).","5","Easy","QL-058","ES-003","CP03"
"If \(25^{x+1}=5^{10}\), find \(x\).","5","Easy","QL-059","ES-003","CP03"
"Compare \(32^2\) and \(4^5\).","2^11","Medium","QL-060","ES-003","CP03"
"Which of the following is greater: \(8^3\) or \(2^8\)?","5","Hard","QL-061","ES-003","CP03"
"Which of the following is smaller: \(27^2\) or \(3^7\)?","2^11","Medium","QL-062","ES-003","CP03"
"Arrange the following in increasing order: \(2^{10}\), \(4^4\), \(8^3\).","2^4","Easy","QL-063","ES-003","CP03"
"Arrange the following in decreasing order: \(3^6\), \(9^2\), \(27^2\).","5","Hard","QL-064","ES-003","CP03"
"If \(32^x=2^{20}\), the value of \(x\) is:","2^4","Hard","QL-065","ES-003","CP03"
"If \(81^x=3^{16}\), find the missing exponent.","2^4","Hard","QL-066","ES-003","CP03"
"If \(16^{x+1}=2^{12}\), choose the correct value of \(x\).","2^4","Easy","QL-067","ES-003","CP03"
"If \(125^x=5^9\), determine the exponent.","5","Hard","QL-068","ES-003","CP03"
"Identify the largest expression among \(4^5\), \(8^3\), and \(2^{11}\).","2^11","Medium","QL-069","ES-003","CP03"
"Identify the smallest expression among \(9^3\), \(27^2\), and \(3^7\).","5","Medium","QL-070","ES-003","CP03"
"Simplify \(8^3 \div 2^5\).","2^4","Medium","QL-041","ES-003","CP03"
"Find the value of \(27^2 \div 3^4\).","5","Hard","QL-042","ES-003","CP03"
"Simplify \(16^3 \div 4^2\).","5","Easy","QL-043","ES-003","CP03"
"Compare \(4^5\) and \(2^{11}\).","2^11","Easy","QL-044","ES-003","CP03"
"Which is greater, \(8^4\) or \(16^3\)?","5","Medium","QL-045","ES-003","CP03"
"Arrange \(3^5\), \(9^3\), and \(27^2\) in increasing order.","2^11","Medium","QL-046","ES-003","CP03"
"If \(4^x=2^{10}\), find \(x\).","5","Easy","QL-047","ES-003","CP03"
"If \(9^{x+1}=3^8\), find \(x\).","2^4","Medium","QL-048","ES-003","CP03"
"If \(8^{2x}=2^{12}\), find \(x\).","2^11","Easy","QL-049","ES-003","CP03"
"If \(27^2=3^x\), find \(x\).","2^11","Easy","QL-050","ES-003","CP03"
"Simplify \(\frac{32^2}{2^7}\).","5","Medium","QL-051","ES-003","CP03"
"Find the value of \(\frac{81^2}{3^6}\).","2^4","Medium","QL-052","ES-003","CP03"
"Compare \(25^3\) and \(5^7\).","2^11","Medium","QL-053","ES-003","CP03"
"Which is smaller, \(4^6\) or \(8^4\)?","5","Easy","QL-054","ES-003","CP03"
"If \(16^{x-1}=2^{12}\), find \(x\).","5","Easy","QL-055","ES-003","CP03"
"If \(125^2=5^x\), find \(x\).","5","Medium","QL-056","ES-003","CP03"
"Simplify \(64 \times 2^3\).","5","Easy","QL-057","ES-003","CP03"
"Find the simplified form of \(\frac{9^4}{27^2}\).","2^11","Medium","QL-058","ES-003","CP03"
"If \(25^{x+1}=5^{10}\), find \(x\).","2^11","Easy","QL-059","ES-003","CP03"
"Compare \(32^2\) and \(4^5\).","2^4","Easy","QL-060","ES-003","CP03"
"Which of the following is greater: \(8^3\) or \(2^8\)?","5","Easy","QL-061","ES-003","CP03"
"Which of the following is smaller: \(27^2\) or \(3^7\)?","5","Medium","QL-062","ES-003","CP03"
"Arrange the following in increasing order: \(2^{10}\), \(4^4\), \(8^3\).","2^4","Easy","QL-063","ES-003","CP03"
"Arrange the following in decreasing order: \(3^6\), \(9^2\), \(27^2\).","5","Easy","QL-064","ES-003","CP03"
"If \(32^x=2^{20}\), the value of \(x\) is:","5","Easy","QL-065","ES-003","CP03"
"If \(81^x=3^{16}\), find the missing exponent.","2^4","Medium","QL-066","ES-003","CP03"
"If \(16^{x+1}=2^{12}\), choose the correct value of \(x\).","2^4","Easy","QL-067","ES-003","CP03"
"If \(125^x=5^9\), determine the exponent.","2^4","Hard","QL-068","ES-003","CP03"
"Identify the largest expression among \(4^5\), \(8^3\), and \(2^{11}\).","2^11","Medium","QL-069","ES-003","CP03"
"Identify the smallest expression among \(9^3\), \(27^2\), and \(3^7\).","2^11","Hard","QL-070","ES-003","CP03"
"Simplify \(8^3 \div 2^5\).","5","Medium","QL-041","ES-003","CP03"
"Find the value of \(27^2 \div 3^4\).","2^11","Easy","QL-042","ES-003","CP03"
"Simplify \(16^3 \div 4^2\).","5","Medium","QL-043","ES-003","CP03"
"Compare \(4^5\) and \(2^{11}\).","5","Easy","QL-044","ES-003","CP03"
"Which is greater, \(8^4\) or \(16^3\)?","5","Easy","QL-045","ES-003","CP03"
"Arrange \(3^5\), \(9^3\), and \(27^2\) in increasing order.","5","Easy","QL-046","ES-003","CP03"
"If \(4^x=2^{10}\), find \(x\).","2^11","Easy","QL-047","ES-003","CP03"
"If \(9^{x+1}=3^8\), find \(x\).","2^4","Hard","QL-048","ES-003","CP03"
"If \(8^{2x}=2^{12}\), find \(x\).","2^4","Medium","QL-049","ES-003","CP03"
"If \(27^2=3^x\), find \(x\).","2^4","Hard","QL-050","ES-003","CP03"
"Simplify \(\frac{32^2}{2^7}\).","5","Hard","QL-051","ES-003","CP03"
"Find the value of \(\frac{81^2}{3^6}\).","5","Hard","QL-052","ES-003","CP03"
"Compare \(25^3\) and \(5^7\).","5","Easy","QL-053","ES-003","CP03"
"Which is smaller, \(4^6\) or \(8^4\)?","2^4","Hard","QL-054","ES-003","CP03"
"If \(16^{x-1}=2^{12}\), find \(x\).","5","Hard","QL-055","ES-003","CP03"
"If \(125^2=5^x\), find \(x\).","5","Easy","QL-056","ES-003","CP03"
"Simplify \(64 \times 2^3\).","5","Medium","QL-057","ES-003","CP03"
"Find the simplified form of \(\frac{9^4}{27^2}\).","2^4","Easy","QL-058","ES-003","CP03"
"If \(25^{x+1}=5^{10}\), find \(x\).","2^11","Medium","QL-059","ES-003","CP03"
"Compare \(32^2\) and \(4^5\).","5","Easy","QL-060","ES-003","CP03"
"Which of the following is greater: \(8^3\) or \(2^8\)?","5","Hard","QL-061","ES-003","CP03"
"Which of the following is smaller: \(27^2\) or \(3^7\)?","5","Easy","QL-062","ES-003","CP03"
"Arrange the following in increasing order: \(2^{10}\), \(4^4\), \(8^3\).","5","Easy","QL-063","ES-003","CP03"
"Arrange the following in decreasing order: \(3^6\), \(9^2\), \(27^2\).","2^4","Medium","QL-064","ES-003","CP03"
"If \(32^x=2^{20}\), the value of \(x\) is:","2^11","Medium","QL-065","ES-003","CP03"
"If \(81^x=3^{16}\), find the missing exponent.","2^4","Medium","QL-066","ES-003","CP03"
"If \(16^{x+1}=2^{12}\), choose the correct value of \(x\).","5","Medium","QL-067","ES-003","CP03"
"If \(125^x=5^9\), determine the exponent.","2^11","Easy","QL-068","ES-003","CP03"
"Identify the largest expression among \(4^5\), \(8^3\), and \(2^{11}\).","2^11","Easy","QL-069","ES-003","CP03"
"Identify the smallest expression among \(9^3\), \(27^2\), and \(3^7\).","2^4","Easy","QL-070","ES-003","CP03"
"Simplify \(8^3 \div 2^5\).","5","Easy","QL-041","ES-003","CP03"
"Find the value of \(27^2 \div 3^4\).","5","Easy","QL-042","ES-003","CP03"
"Simplify \(16^3 \div 4^2\).","2^11","Medium","QL-043","ES-003","CP03"
"Compare \(4^5\) and \(2^{11}\).","2^11","Medium","QL-044","ES-003","CP03"
"Which is greater, \(8^4\) or \(16^3\)?","2^11","Medium","QL-045","ES-003","CP03"
"Arrange \(3^5\), \(9^3\), and \(27^2\) in increasing order.","2^4","Hard","QL-046","ES-003","CP03"
"If \(4^x=2^{10}\), find \(x\).","2^4","Medium","QL-047","ES-003","CP03"
"If \(9^{x+1}=3^8\), find \(x\).","2^4","Easy","QL-048","ES-003","CP03"
"If \(8^{2x}=2^{12}\), find \(x\).","2^11","Medium","QL-049","ES-003","CP03"
"If \(27^2=3^x\), find \(x\).","2^11","Easy","QL-050","ES-003","CP03"
"Simplify \(\frac{32^2}{2^7}\).","2^11","Medium","QL-051","ES-003","CP03"
"Find the value of \(\frac{81^2}{3^6}\).","5","Easy","QL-052","ES-003","CP03"
"Compare \(25^3\) and \(5^7\).","5","Medium","QL-053","ES-003","CP03"
"Which is smaller, \(4^6\) or \(8^4\)?","2^4","Medium","QL-054","ES-003","CP03"
"If \(16^{x-1}=2^{12}\), find \(x\).","5","Medium","QL-055","ES-003","CP03"
"If \(125^2=5^x\), find \(x\).","2^4","Easy","QL-056","ES-003","CP03"
"Simplify \(64 \times 2^3\).","2^4","Hard","QL-057","ES-003","CP03"
"Find the simplified form of \(\frac{9^4}{27^2}\).","2^11","Medium","QL-058","ES-003","CP03"
"If \(25^{x+1}=5^{10}\), find \(x\).","2^4","Hard","QL-059","ES-003","CP03"
"Compare \(32^2\) and \(4^5\).","2^11","Medium","QL-060","ES-003","CP03"
"Which of the following is greater: \(8^3\) or \(2^8\)?","2^11","Easy","QL-061","ES-003","CP03"
"Which of the following is smaller: \(27^2\) or \(3^7\)?","2^4","Hard","QL-062","ES-003","CP03"
"Arrange the following in increasing order: \(2^{10}\), \(4^4\), \(8^3\).","2^11","Medium","QL-063","ES-003","CP03"
"Arrange the following in decreasing order: \(3^6\), \(9^2\), \(27^2\).","5","Hard","QL-064","ES-003","CP03"
"If \(32^x=2^{20}\), the value of \(x\) is:","2^4","Easy","QL-065","ES-003","CP03"
"If \(81^x=3^{16}\), find the missing exponent.","5","Easy","QL-066","ES-003","CP03"
"If \(16^{x+1}=2^{12}\), choose the correct value of \(x\).","2^11","Easy","QL-067","ES-003","CP03"
"If \(125^x=5^9\), determine the exponent.","5","Easy","QL-068","ES-003","CP03"
"Identify the largest expression among \(4^5\), \(8^3\), and \(2^{11}\).","2^4","Hard","QL-069","ES-003","CP03"
"Identify the smallest expression among \(9^3\), \(27^2\), and \(3^7\).","5","Easy","QL-070","ES-003","CP03"
"Simplify \(8^3 \div 2^5\).","2^4","Hard","QL-041","ES-003","CP03"
"Find the value of \(27^2 \div 3^4\).","2^4","Hard","QL-042","ES-003","CP03"
"Simplify \(16^3 \div 4^2\).","2^11","Medium","QL-043","ES-003","CP03"
"Compare \(4^5\) and \(2^{11}\).","2^4","Easy","QL-044","ES-003","CP03"
"Which is greater, \(8^4\) or \(16^3\)?","2^11","Hard","QL-045","ES-003","CP03"
"Arrange \(3^5\), \(9^3\), and \(27^2\) in increasing order.","2^4","Medium","QL-046","ES-003","CP03"
"If \(4^x=2^{10}\), find \(x\).","2^11","Medium","QL-047","ES-003","CP03"
"If \(9^{x+1}=3^8\), find \(x\).","2^11","Medium","QL-048","ES-003","CP03"
"If \(8^{2x}=2^{12}\), find \(x\).","2^4","Easy","QL-049","ES-003","CP03"
"If \(27^2=3^x\), find \(x\).","2^11","Easy","QL-050","ES-003","CP03"
"Simplify \(\frac{32^2}{2^7}\).","5","Easy","QL-051","ES-003","CP03"
"Find the value of \(\frac{81^2}{3^6}\).","5","Medium","QL-052","ES-003","CP03"
"Compare \(25^3\) and \(5^7\).","5","Hard","QL-053","ES-003","CP03"
"Which is smaller, \(4^6\) or \(8^4\)?","5","Easy","QL-054","ES-003","CP03"
"If \(16^{x-1}=2^{12}\), find \(x\).","2^11","Medium","QL-055","ES-003","CP03"
"If \(125^2=5^x\), find \(x\).","2^4","Medium","QL-056","ES-003","CP03"
"Simplify \(64 \times 2^3\).","2^4","Hard","QL-057","ES-003","CP03"
"Find the simplified form of \(\frac{9^4}{27^2}\).","5","Medium","QL-058","ES-003","CP03"
"If \(25^{x+1}=5^{10}\), find \(x\).","2^11","Medium","QL-059","ES-003","CP03"
"Compare \(32^2\) and \(4^5\).","2^4","Easy","QL-060","ES-003","CP03"
"Which of the following is greater: \(8^3\) or \(2^8\)?","2^4","Medium","QL-061","ES-003","CP03"
"Which of the following is smaller: \(27^2\) or \(3^7\)?","5","Easy","QL-062","ES-003","CP03"
"Arrange the following in increasing order: \(2^{10}\), \(4^4\), \(8^3\).","5","Hard","QL-063","ES-003","CP03"
"Arrange the following in decreasing order: \(3^6\), \(9^2\), \(27^2\).","5","Medium","QL-064","ES-003","CP03"
"If \(32^x=2^{20}\), the value of \(x\) is:","2^4","Easy","QL-065","ES-003","CP03"
"If \(81^x=3^{16}\), find the missing exponent.","2^4","Medium","QL-066","ES-003","CP03"
"If \(16^{x+1}=2^{12}\), choose the correct value of \(x\).","5","Medium","QL-067","ES-003","CP03"
"If \(125^x=5^9\), determine the exponent.","2^11","Easy","QL-068","ES-003","CP03"
"Identify the largest expression among \(4^5\), \(8^3\), and \(2^{11}\).","5","Hard","QL-069","ES-003","CP03"
"Identify the smallest expression among \(9^3\), \(27^2\), and \(3^7\).","5","Medium","QL-070","ES-003","CP03"
"Simplify \(8^3 \div 2^5\).","5","Medium","QL-041","ES-003","CP03"
"Find the value of \(27^2 \div 3^4\).","2^11","Easy","QL-042","ES-003","CP03"
"Simplify \(16^3 \div 4^2\).","5","Hard","QL-043","ES-003","CP03"
"Compare \(4^5\) and \(2^{11}\).","5","Easy","QL-044","ES-003","CP03"
"Which is greater, \(8^4\) or \(16^3\)?","2^4","Medium","QL-045","ES-003","CP03"
"Arrange \(3^5\), \(9^3\), and \(27^2\) in increasing order.","2^4","Easy","QL-046","ES-003","CP03"
"If \(4^x=2^{10}\), find \(x\).","2^11","Medium","QL-047","ES-003","CP03"
"If \(9^{x+1}=3^8\), find \(x\).","2^4","Easy","QL-048","ES-003","CP03"
"If \(8^{2x}=2^{12}\), find \(x\).","2^11","Medium","QL-049","ES-003","CP03"
"If \(27^2=3^x\), find \(x\).","2^4","Hard","QL-050","ES-003","CP03"
"Simplify \(\frac{32^2}{2^7}\).","2^11","Medium","QL-051","ES-003","CP03"
"Find the value of \(\frac{81^2}{3^6}\).","2^11","Easy","QL-052","ES-003","CP03"
"Compare \(25^3\) and \(5^7\).","2^11","Easy","QL-053","ES-003","CP03"
"Which is smaller, \(4^6\) or \(8^4\)?","2^4","Medium","QL-054","ES-003","CP03"
"If \(16^{x-1}=2^{12}\), find \(x\).","2^11","Easy","QL-055","ES-003","CP03"
"If \(125^2=5^x\), find \(x\).","2^11","Medium","QL-056","ES-003","CP03"
"Simplify \(64 \times 2^3\).","2^4","Hard","QL-057","ES-003","CP03"
"Find the simplified form of \(\frac{9^4}{27^2}\).","2^11","Medium","QL-058","ES-003","CP03"
"If \(25^{x+1}=5^{10}\), find \(x\).","2^11","Hard","QL-059","ES-003","CP03"
"Compare \(32^2\) and \(4^5\).","2^4","Easy","QL-060","ES-003","CP03"
"Which of the following is greater: \(8^3\) or \(2^8\)?","5","Medium","QL-061","ES-003","CP03"
"Which of the following is smaller: \(27^2\) or \(3^7\)?","2^4","Hard","QL-062","ES-003","CP03"
"Arrange the following in increasing order: \(2^{10}\), \(4^4\), \(8^3\).","2^11","Medium","QL-063","ES-003","CP03"
"Arrange the following in decreasing order: \(3^6\), \(9^2\), \(27^2\).","2^4","Hard","QL-064","ES-003","CP03"
"If \(32^x=2^{20}\), the value of \(x\) is:","2^11","Medium","QL-065","ES-003","CP03"
"If \(81^x=3^{16}\), find the missing exponent.","2^4","Medium","QL-066","ES-003","CP03"
"If \(16^{x+1}=2^{12}\), choose the correct value of \(x\).","5","Hard","QL-067","ES-003","CP03"
"If \(125^x=5^9\), determine the exponent.","2^4","Medium","QL-068","ES-003","CP03"
"Identify the largest expression among \(4^5\), \(8^3\), and \(2^{11}\).","2^11","Hard","QL-069","ES-003","CP03"
"Identify the smallest expression among \(9^3\), \(27^2\), and \(3^7\).","5","Easy","QL-070","ES-003","CP03"
"Simplify \(8^3 \div 2^5\).","5","Easy","QL-041","ES-003","CP03"
"Find the value of \(27^2 \div 3^4\).","2^11","Easy","QL-042","ES-003","CP03"
"Simplify \(16^3 \div 4^2\).","5","Medium","QL-043","ES-003","CP03"
"Compare \(4^5\) and \(2^{11}\).","2^4","Easy","QL-044","ES-003","CP03"
"Which is greater, \(8^4\) or \(16^3\)?","2^4","Easy","QL-045","ES-003","CP03"
"Arrange \(3^5\), \(9^3\), and \(27^2\) in increasing order.","5","Medium","QL-046","ES-003","CP03"
"If \(4^x=2^{10}\), find \(x\).","5","Hard","QL-047","ES-003","CP03"
"If \(9^{x+1}=3^8\), find \(x\).","2^11","Hard","QL-048","ES-003","CP03"
"If \(8^{2x}=2^{12}\), find \(x\).","2^4","Medium","QL-049","ES-003","CP03"
"If \(27^2=3^x\), find \(x\).","2^11","Hard","QL-050","ES-003","CP03"
"Simplify \(\frac{32^2}{2^7}\).","2^4","Medium","QL-051","ES-003","CP03"
"Find the value of \(\frac{81^2}{3^6}\).","2^4","Hard","QL-052","ES-003","CP03"
"Compare \(25^3\) and \(5^7\).","2^4","Medium","QL-053","ES-003","CP03"
"Which is smaller, \(4^6\) or \(8^4\)?","2^11","Medium","QL-054","ES-003","CP03"
"If \(16^{x-1}=2^{12}\), find \(x\).","5","Medium","QL-055","ES-003","CP03"
"If \(125^2=5^x\), find \(x\).","5","Hard","QL-056","ES-003","CP03"
"Simplify \(64 \times 2^3\).","5","Easy","QL-057","ES-003","CP03"
"Find the simplified form of \(\frac{9^4}{27^2}\).","2^4","Medium","QL-058","ES-003","CP03"
"If \(25^{x+1}=5^{10}\), find \(x\).","2^4","Easy","QL-059","ES-003","CP03"
"Compare \(32^2\) and \(4^5\).","2^4","Hard","QL-060","ES-003","CP03"
"Which of the following is greater: \(8^3\) or \(2^8\)?","2^11","Easy","QL-061","ES-003","CP03"
"Which of the following is smaller: \(27^2\) or \(3^7\)?","2^11","Medium","QL-062","ES-003","CP03"
"Arrange the following in increasing order: \(2^{10}\), \(4^4\), \(8^3\).","5","Medium","QL-063","ES-003","CP03"
"Arrange the following in decreasing order: \(3^6\), \(9^2\), \(27^2\).","2^4","Easy","QL-064","ES-003","CP03"
"If \(32^x=2^{20}\), the value of \(x\) is:","2^4","Easy","QL-065","ES-003","CP03"
"If \(81^x=3^{16}\), find the missing exponent.","2^11","Medium","QL-066","ES-003","CP03"
"If \(16^{x+1}=2^{12}\), choose the correct value of \(x\).","2^4","Hard","QL-067","ES-003","CP03"
"If \(125^x=5^9\), determine the exponent.","5","Hard","QL-068","ES-003","CP03"
"Identify the largest expression among \(4^5\), \(8^3\), and \(2^{11}\).","2^4","Hard","QL-069","ES-003","CP03"
"Identify the smallest expression among \(9^3\), \(27^2\), and \(3^7\).","2^11","Medium","QL-070","ES-003","CP03"
"Simplify \(8^3 \div 2^5\).","2^11","Hard","QL-041","ES-003","CP03"
"Find the value of \(27^2 \div 3^4\).","2^11","Hard","QL-042","ES-003","CP03"
"Simplify \(16^3 \div 4^2\).","5","Easy","QL-043","ES-003","CP03"
"Compare \(4^5\) and \(2^{11}\).","2^11","Medium","QL-044","ES-003","CP03"
"Which is greater, \(8^4\) or \(16^3\)?","2^4","Medium","QL-045","ES-003","CP03"
"Arrange \(3^5\), \(9^3\), and \(27^2\) in increasing order.","2^11","Hard","QL-046","ES-003","CP03"
"If \(4^x=2^{10}\), find \(x\).","2^11","Easy","QL-047","ES-003","CP03"
"If \(9^{x+1}=3^8\), find \(x\).","5","Easy","QL-048","ES-003","CP03"
"If \(8^{2x}=2^{12}\), find \(x\).","2^4","Medium","QL-049","ES-003","CP03"
"If \(27^2=3^x\), find \(x\).","5","Medium","QL-050","ES-003","CP03"
"Simplify \(\frac{32^2}{2^7}\).","2^11","Easy","QL-051","ES-003","CP03"
"Find the value of \(\frac{81^2}{3^6}\).","5","Medium","QL-052","ES-003","CP03"
"Compare \(25^3\) and \(5^7\).","2^4","Easy","QL-053","ES-003","CP03"
"Which is smaller, \(4^6\) or \(8^4\)?","5","Medium","QL-054","ES-003","CP03"
"If \(16^{x-1}=2^{12}\), find \(x\).","5","Medium","QL-055","ES-003","CP03"
"If \(125^2=5^x\), find \(x\).","2^11","Medium","QL-056","ES-003","CP03"
"Simplify \(64 \times 2^3\).","2^4","Medium","QL-057","ES-003","CP03"
"Find the simplified form of \(\frac{9^4}{27^2}\).","5","Medium","QL-058","ES-003","CP03"
"If \(25^{x+1}=5^{10}\), find \(x\).","2^4","Medium","QL-059","ES-003","CP03"
"Compare \(32^2\) and \(4^5\).","2^11","Easy","QL-060","ES-003","CP03"
"Which of the following is greater: \(8^3\) or \(2^8\)?","5","Easy","QL-061","ES-003","CP03"
"Which of the following is smaller: \(27^2\) or \(3^7\)?","5","Easy","QL-062","ES-003","CP03"
"Arrange the following in increasing order: \(2^{10}\), \(4^4\), \(8^3\).","2^4","Hard","QL-063","ES-003","CP03"
"Arrange the following in decreasing order: \(3^6\), \(9^2\), \(27^2\).","2^11","Medium","QL-064","ES-003","CP03"
"If \(32^x=2^{20}\), the value of \(x\) is:","2^4","Easy","QL-065","ES-003","CP03"
"If \(81^x=3^{16}\), find the missing exponent.","5","Easy","QL-066","ES-003","CP03"
"If \(16^{x+1}=2^{12}\), choose the correct value of \(x\).","5","Medium","QL-067","ES-003","CP03"
"If \(125^x=5^9\), determine the exponent.","5","Easy","QL-068","ES-003","CP03"
"Identify the largest expression among \(4^5\), \(8^3\), and \(2^{11}\).","2^4","Medium","QL-069","ES-003","CP03"
"Identify the smallest expression among \(9^3\), \(27^2\), and \(3^7\).","2^11","Easy","QL-070","ES-003","CP03"
"Simplify \(8^3 \div 2^5\).","2^11","Medium","QL-041","ES-003","CP03"
"Find the value of \(27^2 \div 3^4\).","2^11","Medium","QL-042","ES-003","CP03"
"Simplify \(16^3 \div 4^2\).","2^11","Easy","QL-043","ES-003","CP03"
"Compare \(4^5\) and \(2^{11}\).","5","Easy","QL-044","ES-003","CP03"
"Which is greater, \(8^4\) or \(16^3\)?","2^11","Medium","QL-045","ES-003","CP03"
"Arrange \(3^5\), \(9^3\), and \(27^2\) in increasing order.","2^4","Medium","QL-046","ES-003","CP03"
"If \(4^x=2^{10}\), find \(x\).","2^4","Easy","QL-047","ES-003","CP03"
"If \(9^{x+1}=3^8\), find \(x\).","5","Easy","QL-048","ES-003","CP03"
"If \(8^{2x}=2^{12}\), find \(x\).","2^11","Easy","QL-049","ES-003","CP03"
"If \(27^2=3^x\), find \(x\).","5","Medium","QL-050","ES-003","CP03"
"Simplify \(\frac{32^2}{2^7}\).","2^11","Hard","QL-051","ES-003","CP03"
"Find the value of \(\frac{81^2}{3^6}\).","5","Hard","QL-052","ES-003","CP03"
"Compare \(25^3\) and \(5^7\).","2^4","Medium","QL-053","ES-003","CP03"
"Which is smaller, \(4^6\) or \(8^4\)?","2^11","Easy","QL-054","ES-003","CP03"
"If \(16^{x-1}=2^{12}\), find \(x\).","2^11","Medium","QL-055","ES-003","CP03"
"If \(125^2=5^x\), find \(x\).","2^11","Easy","QL-056","ES-003","CP03"
"Simplify \(64 \times 2^3\).","2^11","Medium","QL-057","ES-003","CP03"
"Find the simplified form of \(\frac{9^4}{27^2}\).","2^4","Medium","QL-058","ES-003","CP03"
"If \(25^{x+1}=5^{10}\), find \(x\).","5","Easy","QL-059","ES-003","CP03"
"Compare \(32^2\) and \(4^5\).","2^4","Medium","QL-060","ES-003","CP03"
"Which of the following is greater: \(8^3\) or \(2^8\)?","2^11","Easy","QL-061","ES-003","CP03"
"Which of the following is smaller: \(27^2\) or \(3^7\)?","2^4","Easy","QL-062","ES-003","CP03"
"Arrange the following in increasing order: \(2^{10}\), \(4^4\), \(8^3\).","2^4","Medium","QL-063","ES-003","CP03"
"Arrange the following in decreasing order: \(3^6\), \(9^2\), \(27^2\).","2^11","Medium","QL-064","ES-003","CP03"
"If \(32^x=2^{20}\), the value of \(x\) is:","2^4","Medium","QL-065","ES-003","CP03"
"If \(81^x=3^{16}\), find the missing exponent.","2^11","Medium","QL-066","ES-003","CP03"
"If \(16^{x+1}=2^{12}\), choose the correct value of \(x\).","2^11","Medium","QL-067","ES-003","CP03"
"If \(125^x=5^9\), determine the exponent.","2^4","Easy","QL-068","ES-003","CP03"
"Identify the largest expression among \(4^5\), \(8^3\), and \(2^{11}\).","5","Easy","QL-069","ES-003","CP03"
"Identify the smallest expression among \(9^3\), \(27^2\), and \(3^7\).","2^11","Hard","QL-070","ES-003","CP03"
"Simplify \(8^3 \div 2^5\).","2^11","Medium","QL-041","ES-003","CP03"
"Find the value of \(27^2 \div 3^4\).","2^11","Medium","QL-042","ES-003","CP03"
"Simplify \(16^3 \div 4^2\).","2^4","Easy","QL-043","ES-003","CP03"
"Compare \(4^5\) and \(2^{11}\).","2^11","Easy","QL-044","ES-003","CP03"
"Which is greater, \(8^4\) or \(16^3\)?","5","Medium","QL-045","ES-003","CP03"
"Arrange \(3^5\), \(9^3\), and \(27^2\) in increasing order.","5","Medium","QL-046","ES-003","CP03"
"If \(4^x=2^{10}\), find \(x\).","2^4","Easy","QL-047","ES-003","CP03"
"If \(9^{x+1}=3^8\), find \(x\).","5","Easy","QL-048","ES-003","CP03"
"If \(8^{2x}=2^{12}\), find \(x\).","2^11","Easy","QL-049","ES-003","CP03"
"If \(27^2=3^x\), find \(x\).","5","Hard","QL-050","ES-003","CP03"
"Simplify \(\frac{32^2}{2^7}\).","2^4","Medium","QL-051","ES-003","CP03"
"Find the value of \(\frac{81^2}{3^6}\).","5","Hard","QL-052","ES-003","CP03"
"Compare \(25^3\) and \(5^7\).","2^11","Medium","QL-053","ES-003","CP03"
"Which is smaller, \(4^6\) or \(8^4\)?","2^4","Easy","QL-054","ES-003","CP03"
"If \(16^{x-1}=2^{12}\), find \(x\).","5","Medium","QL-055","ES-003","CP03"
"If \(125^2=5^x\), find \(x\).","5","Easy","QL-056","ES-003","CP03"
"Simplify \(64 \times 2^3\).","5","Easy","QL-057","ES-003","CP03"
"Find the simplified form of \(\frac{9^4}{27^2}\).","5","Hard","QL-058","ES-003","CP03"
"If \(25^{x+1}=5^{10}\), find \(x\).","5","Easy","QL-059","ES-003","CP03"
"Compare \(32^2\) and \(4^5\).","2^11","Medium","QL-060","ES-003","CP03"
"Which of the following is greater: \(8^3\) or \(2^8\)?","5","Medium","QL-061","ES-003","CP03"
"Which of the following is smaller: \(27^2\) or \(3^7\)?","2^4","Easy","QL-062","ES-003","CP03"
"Arrange the following in increasing order: \(2^{10}\), \(4^4\), \(8^3\).","2^4","Medium","QL-063","ES-003","CP03"
"Arrange the following in decreasing order: \(3^6\), \(9^2\), \(27^2\).","2^11","Easy","QL-064","ES-003","CP03"
"If \(32^x=2^{20}\), the value of \(x\) is:","2^11","Easy","QL-065","ES-003","CP03"
"If \(81^x=3^{16}\), find the missing exponent.","2^11","Easy","QL-066","ES-003","CP03"
"If \(16^{x+1}=2^{12}\), choose the correct value of \(x\).","2^4","Medium","QL-067","ES-003","CP03"
"If \(125^x=5^9\), determine the exponent.","2^4","Easy","QL-068","ES-003","CP03"
"Identify the largest expression among \(4^5\), \(8^3\), and \(2^{11}\).","2^4","Medium","QL-069","ES-003","CP03"
"Identify the smallest expression among \(9^3\), \(27^2\), and \(3^7\).","2^4","Medium","QL-070","ES-003","CP03"
"Simplify \(8^3 \div 2^5\).","5","Easy","QL-041","ES-003","CP03"
"Find the value of \(27^2 \div 3^4\).","5","Easy","QL-042","ES-003","CP03"
"Simplify \(16^3 \div 4^2\).","2^4","Medium","QL-043","ES-003","CP03"
"Compare \(4^5\) and \(2^{11}\).","5","Medium","QL-044","ES-003","CP03"
"Which is greater, \(8^4\) or \(16^3\)?","5","Hard","QL-045","ES-003","CP03"
"Arrange \(3^5\), \(9^3\), and \(27^2\) in increasing order.","5","Hard","QL-046","ES-003","CP03"
"If \(4^x=2^{10}\), find \(x\).","2^4","Easy","QL-047","ES-003","CP03"
"If \(9^{x+1}=3^8\), find \(x\).","5","Medium","QL-048","ES-003","CP03"
"If \(8^{2x}=2^{12}\), find \(x\).","2^4","Easy","QL-049","ES-003","CP03"
"If \(27^2=3^x\), find \(x\).","2^4","Medium","QL-050","ES-003","CP03"
"Simplify \(\frac{32^2}{2^7}\).","2^11","Medium","QL-051","ES-003","CP03"
"Find the value of \(\frac{81^2}{3^6}\).","5","Easy","QL-052","ES-003","CP03"
"Compare \(25^3\) and \(5^7\).","2^4","Easy","QL-053","ES-003","CP03"
"Which is smaller, \(4^6\) or \(8^4\)?","2^11","Easy","QL-054","ES-003","CP03"
"If \(16^{x-1}=2^{12}\), find \(x\).","2^11","Medium","QL-055","ES-003","CP03"
"If \(125^2=5^x\), find \(x\).","2^11","Medium","QL-056","ES-003","CP03"
"Simplify \(64 \times 2^3\).","2^4","Easy","QL-057","ES-003","CP03"
"Find the simplified form of \(\frac{9^4}{27^2}\).","2^4","Easy","QL-058","ES-003","CP03"
"If \(25^{x+1}=5^{10}\), find \(x\).","2^4","Medium","QL-059","ES-003","CP03"
"Compare \(32^2\) and \(4^5\).","5","Easy","QL-060","ES-003","CP03"
"Simplify \(2^{-3}\).","3^2","Hard","QL-071","ES-004","CP04"
"Find the value of \(5^{-2}\).","1/8","Hard","QL-072","ES-004","CP04"
"Simplify \(3^4 \times 3^{-2}\).","3^2","Medium","QL-073","ES-004","CP04"
"What is the value of \(\frac{2^{-1}}{2^{-4}}\)?","1/8","Easy","QL-074","ES-004","CP04"
"Simplify \(7^3 \times 7^{-1}\).","3^2","Medium","QL-075","ES-004","CP04"
"Find the value of \(\frac{5^{-2}}{5^{-4}}\).","1/8","Hard","QL-076","ES-004","CP04"
"Simplify \(10^{-3} \times 10^5\).","3^2","Medium","QL-077","ES-004","CP04"
"What is the simplified form of \(4^{-2} \times 4^5\)?","1/8","Medium","QL-078","ES-004","CP04"
"Simplify \(\frac{3^2}{3^{-1}}\).","3^2","Medium","QL-079","ES-004","CP04"
"Find the value of \(2^{-4} \times 2^6\).","1/8","Easy","QL-080","ES-004","CP04"
"Express the following with positive exponents: \(5^{-3}\).","1/8","Medium","QL-081","ES-004","CP04"
"Rewrite \(2^{-2} \times 2^5\) in simplest form.","3^2","Hard","QL-082","ES-004","CP04"
"Determine the value of \(10^{-2}\).","1/8","Easy","QL-083","ES-004","CP04"
"Simplify and find the answer: \(3^{-1} \times 3^4\).","3^2","Easy","QL-084","ES-004","CP04"
"The simplified form of \(7^{-2} \times 7^5\) is:","1/8","Medium","QL-085","ES-004","CP04"
"Simplify \(2^{-3}\).","3^2","Hard","QL-071","ES-004","CP04"
"Find the value of \(5^{-2}\).","1/8","Hard","QL-072","ES-004","CP04"
"Simplify \(3^4 \times 3^{-2}\).","3^2","Easy","QL-073","ES-004","CP04"
"What is the value of \(\frac{2^{-1}}{2^{-4}}\)?","1/8","Easy","QL-074","ES-004","CP04"
"Simplify \(7^3 \times 7^{-1}\).","3^2","Easy","QL-075","ES-004","CP04"
"Find the value of \(\frac{5^{-2}}{5^{-4}}\).","3^2","Hard","QL-076","ES-004","CP04"
"Simplify \(10^{-3} \times 10^5\).","1/8","Hard","QL-077","ES-004","CP04"
"What is the simplified form of \(4^{-2} \times 4^5\)?","3^2","Medium","QL-078","ES-004","CP04"
"Simplify \(\frac{3^2}{3^{-1}}\).","1/8","Easy","QL-079","ES-004","CP04"
"Find the value of \(2^{-4} \times 2^6\).","3^2","Hard","QL-080","ES-004","CP04"
"Express the following with positive exponents: \(5^{-3}\).","1/8","Medium","QL-081","ES-004","CP04"
"Rewrite \(2^{-2} \times 2^5\) in simplest form.","3^2","Easy","QL-082","ES-004","CP04"
"Determine the value of \(10^{-2}\).","1/8","Easy","QL-083","ES-004","CP04"
"Simplify and find the answer: \(3^{-1} \times 3^4\).","3^2","Medium","QL-084","ES-004","CP04"
"The simplified form of \(7^{-2} \times 7^5\) is:","1/8","Hard","QL-085","ES-004","CP04"
"Simplify \(2^{-3}\).","1/8","Medium","QL-071","ES-004","CP04"
"Find the value of \(5^{-2}\).","3^2","Easy","QL-072","ES-004","CP04"
"Simplify \(3^4 \times 3^{-2}\).","1/8","Medium","QL-073","ES-004","CP04"
"What is the value of \(\frac{2^{-1}}{2^{-4}}\)?","3^2","Medium","QL-074","ES-004","CP04"
"Simplify \(7^3 \times 7^{-1}\).","1/8","Easy","QL-075","ES-004","CP04"
"Find the value of \(\frac{5^{-2}}{5^{-4}}\).","3^2","Medium","QL-076","ES-004","CP04"
"Simplify \(10^{-3} \times 10^5\).","1/8","Hard","QL-077","ES-004","CP04"
"What is the simplified form of \(4^{-2} \times 4^5\)?","3^2","Easy","QL-078","ES-004","CP04"
"Simplify \(\frac{3^2}{3^{-1}}\).","1/8","Medium","QL-079","ES-004","CP04"
"Find the value of \(2^{-4} \times 2^6\).","3^2","Medium","QL-080","ES-004","CP04"
"Express the following with positive exponents: \(5^{-3}\).","3^2","Medium","QL-081","ES-004","CP04"
"Rewrite \(2^{-2} \times 2^5\) in simplest form.","1/8","Hard","QL-082","ES-004","CP04"
"Determine the value of \(10^{-2}\).","3^2","Easy","QL-083","ES-004","CP04"
"Simplify and find the answer: \(3^{-1} \times 3^4\).","1/8","Hard","QL-084","ES-004","CP04"
"The simplified form of \(7^{-2} \times 7^5\) is:","3^2","Medium","QL-085","ES-004","CP04"
"Simplify \(2^{-3}\).","1/8","Easy","QL-071","ES-004","CP04"
"Find the value of \(5^{-2}\).","3^2","Medium","QL-072","ES-004","CP04"
"Simplify \(3^4 \times 3^{-2}\).","1/8","Easy","QL-073","ES-004","CP04"
"What is the value of \(\frac{2^{-1}}{2^{-4}}\)?","3^2","Medium","QL-074","ES-004","CP04"
"Simplify \(7^3 \times 7^{-1}\).","1/8","Easy","QL-075","ES-004","CP04"
"Find the value of \(\frac{5^{-2}}{5^{-4}}\).","1/8","Hard","QL-076","ES-004","CP04"
"Simplify \(10^{-3} \times 10^5\).","3^2","Medium","QL-077","ES-004","CP04"
"What is the simplified form of \(4^{-2} \times 4^5\)?","1/8","Medium","QL-078","ES-004","CP04"
"Simplify \(\frac{3^2}{3^{-1}}\).","3^2","Hard","QL-079","ES-004","CP04"
"Find the value of \(2^{-4} \times 2^6\).","1/8","Medium","QL-080","ES-004","CP04"
"Express the following with positive exponents: \(5^{-3}\).","3^2","Easy","QL-081","ES-004","CP04"
"Rewrite \(2^{-2} \times 2^5\) in simplest form.","1/8","Medium","QL-082","ES-004","CP04"
"Determine the value of \(10^{-2}\).","3^2","Medium","QL-083","ES-004","CP04"
"Simplify and find the answer: \(3^{-1} \times 3^4\).","1/8","Medium","QL-084","ES-004","CP04"
"The simplified form of \(7^{-2} \times 7^5\) is:","3^2","Easy","QL-085","ES-004","CP04"
"Simplify \(2^{-3}\).","3^2","Medium","QL-071","ES-004","CP04"
"Find the value of \(5^{-2}\).","1/8","Medium","QL-072","ES-004","CP04"
"Simplify \(3^4 \times 3^{-2}\).","3^2","Easy","QL-073","ES-004","CP04"
"What is the value of \(\frac{2^{-1}}{2^{-4}}\)?","1/8","Medium","QL-074","ES-004","CP04"
"Simplify \(7^3 \times 7^{-1}\).","3^2","Medium","QL-075","ES-004","CP04"
"Find the value of \(\frac{5^{-2}}{5^{-4}}\).","1/8","Easy","QL-076","ES-004","CP04"
"Simplify \(10^{-3} \times 10^5\).","3^2","Medium","QL-077","ES-004","CP04"
"What is the simplified form of \(4^{-2} \times 4^5\)?","1/8","Hard","QL-078","ES-004","CP04"
"Simplify \(\frac{3^2}{3^{-1}}\).","3^2","Hard","QL-079","ES-004","CP04"
"Find the value of \(2^{-4} \times 2^6\).","1/8","Easy","QL-080","ES-004","CP04"
"Express the following with positive exponents: \(5^{-3}\).","1/8","Easy","QL-081","ES-004","CP04"
"Rewrite \(2^{-2} \times 2^5\) in simplest form.","3^2","Easy","QL-082","ES-004","CP04"
"Determine the value of \(10^{-2}\).","1/8","Hard","QL-083","ES-004","CP04"
"Simplify and find the answer: \(3^{-1} \times 3^4\).","3^2","Easy","QL-084","ES-004","CP04"
"The simplified form of \(7^{-2} \times 7^5\) is:","1/8","Medium","QL-085","ES-004","CP04"
"Simplify \(2^{-3}\).","3^2","Easy","QL-071","ES-004","CP04"
"Find the value of \(5^{-2}\).","1/8","Easy","QL-072","ES-004","CP04"
"Simplify \(3^4 \times 3^{-2}\).","3^2","Easy","QL-073","ES-004","CP04"
"What is the value of \(\frac{2^{-1}}{2^{-4}}\)?","1/8","Medium","QL-074","ES-004","CP04"
"Simplify \(7^3 \times 7^{-1}\).","3^2","Medium","QL-075","ES-004","CP04"
"Find the value of \(\frac{5^{-2}}{5^{-4}}\).","3^2","Easy","QL-076","ES-004","CP04"
"Simplify \(10^{-3} \times 10^5\).","1/8","Easy","QL-077","ES-004","CP04"
"What is the simplified form of \(4^{-2} \times 4^5\)?","3^2","Easy","QL-078","ES-004","CP04"
"Simplify \(\frac{3^2}{3^{-1}}\).","1/8","Easy","QL-079","ES-004","CP04"
"Find the value of \(2^{-4} \times 2^6\).","3^2","Easy","QL-080","ES-004","CP04"
"Express the following with positive exponents: \(5^{-3}\).","1/8","Hard","QL-081","ES-004","CP04"
"Rewrite \(2^{-2} \times 2^5\) in simplest form.","3^2","Easy","QL-082","ES-004","CP04"
"Determine the value of \(10^{-2}\).","1/8","Hard","QL-083","ES-004","CP04"
"Simplify and find the answer: \(3^{-1} \times 3^4\).","3^2","Medium","QL-084","ES-004","CP04"
"The simplified form of \(7^{-2} \times 7^5\) is:","1/8","Medium","QL-085","ES-004","CP04"
"Simplify \(2^{-3}\).","1/8","Easy","QL-071","ES-004","CP04"
"Find the value of \(5^{-2}\).","3^2","Hard","QL-072","ES-004","CP04"
"Simplify \(3^4 \times 3^{-2}\).","1/8","Hard","QL-073","ES-004","CP04"
"What is the value of \(\frac{2^{-1}}{2^{-4}}\)?","3^2","Medium","QL-074","ES-004","CP04"
"Simplify \(7^3 \times 7^{-1}\).","1/8","Easy","QL-075","ES-004","CP04"
"Find the value of \(\frac{5^{-2}}{5^{-4}}\).","3^2","Easy","QL-076","ES-004","CP04"
"Simplify \(10^{-3} \times 10^5\).","1/8","Medium","QL-077","ES-004","CP04"
"What is the simplified form of \(4^{-2} \times 4^5\)?","3^2","Medium","QL-078","ES-004","CP04"
"Simplify \(\frac{3^2}{3^{-1}}\).","1/8","Medium","QL-079","ES-004","CP04"
"Find the value of \(2^{-4} \times 2^6\).","3^2","Medium","QL-080","ES-004","CP04"
"Express the following with positive exponents: \(5^{-3}\).","1/8","Medium","QL-081","ES-004","CP04"
"Rewrite \(2^{-2} \times 2^5\) in simplest form.","3^2","Medium","QL-082","ES-004","CP04"
"Determine the value of \(10^{-2}\).","1/8","Medium","QL-083","ES-004","CP04"
"Simplify and find the answer: \(3^{-1} \times 3^4\).","3^2","Medium","QL-084","ES-004","CP04"
"The simplified form of \(7^{-2} \times 7^5\) is:","1/8","Easy","QL-085","ES-004","CP04"
"Simplify \(2^{-3}\).","3^2","Hard","QL-071","ES-004","CP04"
"Find the value of \(5^{-2}\).","1/8","Easy","QL-072","ES-004","CP04"
"Simplify \(3^4 \times 3^{-2}\).","3^2","Medium","QL-073","ES-004","CP04"
"What is the value of \(\frac{2^{-1}}{2^{-4}}\)?","1/8","Easy","QL-074","ES-004","CP04"
"Simplify \(7^3 \times 7^{-1}\).","3^2","Hard","QL-075","ES-004","CP04"
"Find the value of \(\frac{5^{-2}}{5^{-4}}\).","3^2","Easy","QL-076","ES-004","CP04"
"Simplify \(10^{-3} \times 10^5\).","1/8","Easy","QL-077","ES-004","CP04"
"What is the simplified form of \(4^{-2} \times 4^5\)?","3^2","Medium","QL-078","ES-004","CP04"
"Simplify \(\frac{3^2}{3^{-1}}\).","1/8","Medium","QL-079","ES-004","CP04"
"Find the value of \(2^{-4} \times 2^6\).","3^2","Hard","QL-080","ES-004","CP04"
"Express the following with positive exponents: \(5^{-3}\).","1/8","Hard","QL-081","ES-004","CP04"
"Rewrite \(2^{-2} \times 2^5\) in simplest form.","3^2","Medium","QL-082","ES-004","CP04"
"Determine the value of \(10^{-2}\).","1/8","Easy","QL-083","ES-004","CP04"
"Simplify and find the answer: \(3^{-1} \times 3^4\).","3^2","Medium","QL-084","ES-004","CP04"
"The simplified form of \(7^{-2} \times 7^5\) is:","1/8","Easy","QL-085","ES-004","CP04"
"Simplify \(2^{-3}\).","1/8","Easy","QL-071","ES-004","CP04"
"Find the value of \(5^{-2}\).","3^2","Easy","QL-072","ES-004","CP04"
"Simplify \(3^4 \times 3^{-2}\).","1/8","Hard","QL-073","ES-004","CP04"
"What is the value of \(\frac{2^{-1}}{2^{-4}}\)?","3^2","Medium","QL-074","ES-004","CP04"
"Simplify \(7^3 \times 7^{-1}\).","1/8","Easy","QL-075","ES-004","CP04"
"Find the value of \(\frac{5^{-2}}{5^{-4}}\).","3^2","Easy","QL-076","ES-004","CP04"
"Simplify \(10^{-3} \times 10^5\).","1/8","Easy","QL-077","ES-004","CP04"
"What is the simplified form of \(4^{-2} \times 4^5\)?","3^2","Medium","QL-078","ES-004","CP04"
"Simplify \(\frac{3^2}{3^{-1}}\).","1/8","Medium","QL-079","ES-004","CP04"
"Find the value of \(2^{-4} \times 2^6\).","3^2","Medium","QL-080","ES-004","CP04"
"Express the following with positive exponents: \(5^{-3}\).","3^2","Medium","QL-081","ES-004","CP04"
"Rewrite \(2^{-2} \times 2^5\) in simplest form.","1/8","Easy","QL-082","ES-004","CP04"
"Determine the value of \(10^{-2}\).","3^2","Easy","QL-083","ES-004","CP04"
"Simplify and find the answer: \(3^{-1} \times 3^4\).","1/8","Easy","QL-084","ES-004","CP04"
"The simplified form of \(7^{-2} \times 7^5\) is:","3^2","Medium","QL-085","ES-004","CP04"
"Simplify \(2^{-3}\).","1/8","Easy","QL-071","ES-004","CP04"
"Find the value of \(5^{-2}\).","3^2","Medium","QL-072","ES-004","CP04"
"Simplify \(3^4 \times 3^{-2}\).","1/8","Easy","QL-073","ES-004","CP04"
"What is the value of \(\frac{2^{-1}}{2^{-4}}\)?","3^2","Hard","QL-074","ES-004","CP04"
"Simplify \(7^3 \times 7^{-1}\).","1/8","Easy","QL-075","ES-004","CP04"
"Find the value of \(\frac{5^{-2}}{5^{-4}}\).","1/8","Easy","QL-076","ES-004","CP04"
"Simplify \(10^{-3} \times 10^5\).","3^2","Medium","QL-077","ES-004","CP04"
"What is the simplified form of \(4^{-2} \times 4^5\)?","1/8","Easy","QL-078","ES-004","CP04"
"Simplify \(\frac{3^2}{3^{-1}}\).","3^2","Medium","QL-079","ES-004","CP04"
"Find the value of \(2^{-4} \times 2^6\).","1/8","Easy","QL-080","ES-004","CP04"
"Express the following with positive exponents: \(5^{-3}\).","3^2","Medium","QL-081","ES-004","CP04"
"Rewrite \(2^{-2} \times 2^5\) in simplest form.","1/8","Easy","QL-082","ES-004","CP04"
"Determine the value of \(10^{-2}\).","3^2","Easy","QL-083","ES-004","CP04"
"Simplify and find the answer: \(3^{-1} \times 3^4\).","1/8","Medium","QL-084","ES-004","CP04"
"The simplified form of \(7^{-2} \times 7^5\) is:","3^2","Medium","QL-085","ES-004","CP04"
"Simplify \(2^{-3}\).","3^2","Medium","QL-071","ES-004","CP04"
"Find the value of \(5^{-2}\).","1/8","Easy","QL-072","ES-004","CP04"
"Simplify \(3^4 \times 3^{-2}\).","3^2","Hard","QL-073","ES-004","CP04"
"What is the value of \(\frac{2^{-1}}{2^{-4}}\)?","1/8","Medium","QL-074","ES-004","CP04"
"Simplify \(7^3 \times 7^{-1}\).","3^2","Medium","QL-075","ES-004","CP04"
"Find the value of \(\frac{5^{-2}}{5^{-4}}\).","1/8","Medium","QL-076","ES-004","CP04"
"Simplify \(10^{-3} \times 10^5\).","3^2","Easy","QL-077","ES-004","CP04"
"What is the simplified form of \(4^{-2} \times 4^5\)?","1/8","Hard","QL-078","ES-004","CP04"
"Simplify \(\frac{3^2}{3^{-1}}\).","3^2","Hard","QL-079","ES-004","CP04"
"Find the value of \(2^{-4} \times 2^6\).","1/8","Easy","QL-080","ES-004","CP04"
"Express the following with positive exponents: \(5^{-3}\).","1/8","Easy","QL-081","ES-004","CP04"
"Rewrite \(2^{-2} \times 2^5\) in simplest form.","3^2","Medium","QL-082","ES-004","CP04"
"Determine the value of \(10^{-2}\).","1/8","Easy","QL-083","ES-004","CP04"
"Simplify and find the answer: \(3^{-1} \times 3^4\).","3^2","Hard","QL-084","ES-004","CP04"
"The simplified form of \(7^{-2} \times 7^5\) is:","1/8","Medium","QL-085","ES-004","CP04"
"Simplify \(2^{-3}\).","3^2","Medium","QL-071","ES-004","CP04"
"Find the value of \(5^{-2}\).","1/8","Hard","QL-072","ES-004","CP04"
"Simplify \(3^4 \times 3^{-2}\).","3^2","Easy","QL-073","ES-004","CP04"
"What is the value of \(\frac{2^{-1}}{2^{-4}}\)?","1/8","Easy","QL-074","ES-004","CP04"
"Simplify \(7^3 \times 7^{-1}\).","3^2","Medium","QL-075","ES-004","CP04"
"Find the value of \(\frac{5^{-2}}{5^{-4}}\).","3^2","Hard","QL-076","ES-004","CP04"
"Simplify \(10^{-3} \times 10^5\).","1/8","Easy","QL-077","ES-004","CP04"
"What is the simplified form of \(4^{-2} \times 4^5\)?","3^2","Medium","QL-078","ES-004","CP04"
"Simplify \(\frac{3^2}{3^{-1}}\).","1/8","Medium","QL-079","ES-004","CP04"
"Find the value of \(2^{-4} \times 2^6\).","3^2","Easy","QL-080","ES-004","CP04"
"Express the following with positive exponents: \(5^{-3}\).","1/8","Easy","QL-081","ES-004","CP04"
"Rewrite \(2^{-2} \times 2^5\) in simplest form.","3^2","Medium","QL-082","ES-004","CP04"
"Determine the value of \(10^{-2}\).","1/8","Hard","QL-083","ES-004","CP04"
"Simplify and find the answer: \(3^{-1} \times 3^4\).","3^2","Medium","QL-084","ES-004","CP04"
"The simplified form of \(7^{-2} \times 7^5\) is:","1/8","Hard","QL-085","ES-004","CP04"
"Simplify \(2^{-3}\).","1/8","Easy","QL-071","ES-004","CP04"
"Find the value of \(5^{-2}\).","3^2","Medium","QL-072","ES-004","CP04"
"Simplify \(3^4 \times 3^{-2}\).","1/8","Easy","QL-073","ES-004","CP04"
"What is the value of \(\frac{2^{-1}}{2^{-4}}\)?","3^2","Easy","QL-074","ES-004","CP04"
"Simplify \(7^3 \times 7^{-1}\).","1/8","Medium","QL-075","ES-004","CP04"
"Find the value of \(\frac{5^{-2}}{5^{-4}}\).","3^2","Hard","QL-076","ES-004","CP04"
"Simplify \(10^{-3} \times 10^5\).","1/8","Medium","QL-077","ES-004","CP04"
"What is the simplified form of \(4^{-2} \times 4^5\)?","3^2","Easy","QL-078","ES-004","CP04"
"Simplify \(\frac{3^2}{3^{-1}}\).","1/8","Easy","QL-079","ES-004","CP04"
"Find the value of \(2^{-4} \times 2^6\).","3^2","Medium","QL-080","ES-004","CP04"
"Express the following with positive exponents: \(5^{-3}\).","3^2","Medium","QL-081","ES-004","CP04"
"Rewrite \(2^{-2} \times 2^5\) in simplest form.","1/8","Easy","QL-082","ES-004","CP04"
"Determine the value of \(10^{-2}\).","3^2","Hard","QL-083","ES-004","CP04"
"Simplify and find the answer: \(3^{-1} \times 3^4\).","1/8","Medium","QL-084","ES-004","CP04"
"The simplified form of \(7^{-2} \times 7^5\) is:","3^2","Medium","QL-085","ES-004","CP04"
"Simplify \(2^{-3}\).","1/8","Hard","QL-071","ES-004","CP04"
"Find the value of \(5^{-2}\).","3^2","Medium","QL-072","ES-004","CP04"
"Simplify \(3^4 \times 3^{-2}\).","1/8","Hard","QL-073","ES-004","CP04"
"What is the value of \(\frac{2^{-1}}{2^{-4}}\)?","3^2","Medium","QL-074","ES-004","CP04"
"Simplify \(7^3 \times 7^{-1}\).","1/8","Medium","QL-075","ES-004","CP04"
"Find the value of \(\frac{5^{-2}}{5^{-4}}\).","3^2","Easy","QL-076","ES-004","CP04"
"Simplify \(10^{-3} \times 10^5\).","1/8","Medium","QL-077","ES-004","CP04"
"What is the simplified form of \(4^{-2} \times 4^5\)?","3^2","Easy","QL-078","ES-004","CP04"
"Simplify \(\frac{3^2}{3^{-1}}\).","1/8","Easy","QL-079","ES-004","CP04"
"Find the value of \(2^{-4} \times 2^6\).","3^2","Medium","QL-080","ES-004","CP04"
"Express the following with positive exponents: \(5^{-3}\).","1/8","Easy","QL-081","ES-004","CP04"
"Rewrite \(2^{-2} \times 2^5\) in simplest form.","3^2","Medium","QL-082","ES-004","CP04"
"Determine the value of \(10^{-2}\).","1/8","Hard","QL-083","ES-004","CP04"
"Simplify and find the answer: \(3^{-1} \times 3^4\).","3^2","Hard","QL-084","ES-004","CP04"
"The simplified form of \(7^{-2} \times 7^5\) is:","1/8","Hard","QL-085","ES-004","CP04"
"Simplify \(2^{-3}\).","1/8","Easy","QL-071","ES-004","CP04"
"Find the value of \(5^{-2}\).","3^2","Easy","QL-072","ES-004","CP04"
"Simplify \(3^4 \times 3^{-2}\).","1/8","Medium","QL-073","ES-004","CP04"
"What is the value of \(\frac{2^{-1}}{2^{-4}}\)?","3^2","Easy","QL-074","ES-004","CP04"
"Simplify \(7^3 \times 7^{-1}\).","1/8","Medium","QL-075","ES-004","CP04"
"Find the value of \(\frac{5^{-2}}{5^{-4}}\).","3^2","Easy","QL-076","ES-004","CP04"
"Simplify \(10^{-3} \times 10^5\).","1/8","Easy","QL-077","ES-004","CP04"
"What is the simplified form of \(4^{-2} \times 4^5\)?","3^2","Easy","QL-078","ES-004","CP04"
"Simplify \(\frac{3^2}{3^{-1}}\).","1/8","Medium","QL-079","ES-004","CP04"
"Find the value of \(2^{-4} \times 2^6\).","3^2","Easy","QL-080","ES-004","CP04"
"Express the following with positive exponents: \(5^{-3}\).","3^2","Medium","QL-081","ES-004","CP04"
"Rewrite \(2^{-2} \times 2^5\) in simplest form.","1/8","Hard","QL-082","ES-004","CP04"
"Determine the value of \(10^{-2}\).","3^2","Easy","QL-083","ES-004","CP04"
"Simplify and find the answer: \(3^{-1} \times 3^4\).","1/8","Medium","QL-084","ES-004","CP04"
"The simplified form of \(7^{-2} \times 7^5\) is:","3^2","Easy","QL-085","ES-004","CP04"
"Simplify \(2^{-3}\).","1/8","Easy","QL-071","ES-004","CP04"
"Find the value of \(5^{-2}\).","3^2","Medium","QL-072","ES-004","CP04"
"Simplify \(3^4 \times 3^{-2}\).","1/8","Easy","QL-073","ES-004","CP04"
"What is the value of \(\frac{2^{-1}}{2^{-4}}\)?","3^2","Medium","QL-074","ES-004","CP04"
"Simplify \(7^3 \times 7^{-1}\).","1/8","Easy","QL-075","ES-004","CP04"
"Find the value of \(\frac{5^{-2}}{5^{-4}}\).","1/8","Hard","QL-076","ES-004","CP04"
"Simplify \(10^{-3} \times 10^5\).","3^2","Easy","QL-077","ES-004","CP04"
"What is the simplified form of \(4^{-2} \times 4^5\)?","1/8","Medium","QL-078","ES-004","CP04"
"Simplify \(\frac{3^2}{3^{-1}}\).","3^2","Hard","QL-079","ES-004","CP04"
"Find the value of \(2^{-4} \times 2^6\).","1/8","Medium","QL-080","ES-004","CP04"
"Express the following with positive exponents: \(5^{-3}\).","3^2","Easy","QL-081","ES-004","CP04"
"Rewrite \(2^{-2} \times 2^5\) in simplest form.","1/8","Medium","QL-082","ES-004","CP04"
"Determine the value of \(10^{-2}\).","3^2","Medium","QL-083","ES-004","CP04"
"Simplify and find the answer: \(3^{-1} \times 3^4\).","1/8","Medium","QL-084","ES-004","CP04"
"The simplified form of \(7^{-2} \times 7^5\) is:","3^2","Hard","QL-085","ES-004","CP04"
"Simplify \(2^{-3}\).","3^2","Hard","QL-071","ES-004","CP04"
"Find the value of \(5^{-2}\).","1/8","Hard","QL-072","ES-004","CP04"
"Simplify \(3^4 \times 3^{-2}\).","3^2","Medium","QL-073","ES-004","CP04"
"What is the value of \(\frac{2^{-1}}{2^{-4}}\)?","1/8","Easy","QL-074","ES-004","CP04"
"Simplify \(7^3 \times 7^{-1}\).","3^2","Hard","QL-075","ES-004","CP04"
"Find the value of \(\frac{5^{-2}}{5^{-4}}\).","1/8","Medium","QL-076","ES-004","CP04"
"Simplify \(10^{-3} \times 10^5\).","3^2","Easy","QL-077","ES-004","CP04"
"What is the simplified form of \(4^{-2} \times 4^5\)?","1/8","Easy","QL-078","ES-004","CP04"
"Simplify \(\frac{3^2}{3^{-1}}\).","3^2","Medium","QL-079","ES-004","CP04"
"Find the value of \(2^{-4} \times 2^6\).","1/8","Hard","QL-080","ES-004","CP04"
"Express the following with positive exponents: \(5^{-3}\).","1/8","Medium","QL-081","ES-004","CP04"
"Rewrite \(2^{-2} \times 2^5\) in simplest form.","3^2","Easy","QL-082","ES-004","CP04"
"Determine the value of \(10^{-2}\).","1/8","Medium","QL-083","ES-004","CP04"
"Simplify and find the answer: \(3^{-1} \times 3^4\).","3^2","Medium","QL-084","ES-004","CP04"
"The simplified form of \(7^{-2} \times 7^5\) is:","1/8","Easy","QL-085","ES-004","CP04"
"Simplify \(2^{-3}\).","3^2","Medium","QL-071","ES-004","CP04"
"Find the value of \(5^{-2}\).","1/8","Medium","QL-072","ES-004","CP04"
"Simplify \(3^4 \times 3^{-2}\).","3^2","Easy","QL-073","ES-004","CP04"
"What is the value of \(\frac{2^{-1}}{2^{-4}}\)?","1/8","Medium","QL-074","ES-004","CP04"
"Simplify \(7^3 \times 7^{-1}\).","3^2","Medium","QL-075","ES-004","CP04"
"Find the value of \(\frac{5^{-2}}{5^{-4}}\).","3^2","Easy","QL-076","ES-004","CP04"
"Simplify \(10^{-3} \times 10^5\).","1/8","Medium","QL-077","ES-004","CP04"
"What is the simplified form of \(4^{-2} \times 4^5\)?","3^2","Easy","QL-078","ES-004","CP04"
"Simplify \(\frac{3^2}{3^{-1}}\).","1/8","Easy","QL-079","ES-004","CP04"
"Find the value of \(2^{-4} \times 2^6\).","3^2","Easy","QL-080","ES-004","CP04"
"Express the following with positive exponents: \(5^{-3}\).","1/8","Easy","QL-081","ES-004","CP04"
"Rewrite \(2^{-2} \times 2^5\) in simplest form.","3^2","Easy","QL-082","ES-004","CP04"
"Determine the value of \(10^{-2}\).","1/8","Hard","QL-083","ES-004","CP04"
"Simplify and find the answer: \(3^{-1} \times 3^4\).","3^2","Medium","QL-084","ES-004","CP04"
"The simplified form of \(7^{-2} \times 7^5\) is:","1/8","Medium","QL-085","ES-004","CP04"
"Simplify \(2^{-3}\).","1/8","Medium","QL-071","ES-004","CP04"
"Find the value of \(5^{-2}\).","3^2","Medium","QL-072","ES-004","CP04"
"Simplify \(3^4 \times 3^{-2}\).","1/8","Easy","QL-073","ES-004","CP04"
"What is the value of \(\frac{2^{-1}}{2^{-4}}\)?","3^2","Easy","QL-074","ES-004","CP04"
"Simplify \(7^3 \times 7^{-1}\).","1/8","Medium","QL-075","ES-004","CP04"
"Find the value of \(\frac{5^{-2}}{5^{-4}}\).","3^2","Hard","QL-076","ES-004","CP04"
"Simplify \(10^{-3} \times 10^5\).","1/8","Hard","QL-077","ES-004","CP04"
"What is the simplified form of \(4^{-2} \times 4^5\)?","3^2","Easy","QL-078","ES-004","CP04"
"Simplify \(\frac{3^2}{3^{-1}}\).","1/8","Hard","QL-079","ES-004","CP04"
"Find the value of \(2^{-4} \times 2^6\).","3^2","Easy","QL-080","ES-004","CP04"
"Express the following with positive exponents: \(5^{-3}\).","3^2","Easy","QL-081","ES-004","CP04"
"Rewrite \(2^{-2} \times 2^5\) in simplest form.","1/8","Medium","QL-082","ES-004","CP04"
"Determine the value of \(10^{-2}\).","3^2","Medium","QL-083","ES-004","CP04"
"Simplify and find the answer: \(3^{-1} \times 3^4\).","1/8","Medium","QL-084","ES-004","CP04"
"The simplified form of \(7^{-2} \times 7^5\) is:","3^2","Medium","QL-085","ES-004","CP04"
"Simplify \(2^{-3}\).","1/8","Hard","QL-071","ES-004","CP04"
"Find the value of \(5^{-2}\).","3^2","Hard","QL-072","ES-004","CP04"
"Simplify \(3^4 \times 3^{-2}\).","1/8","Medium","QL-073","ES-004","CP04"
"What is the value of \(\frac{2^{-1}}{2^{-4}}\)?","3^2","Hard","QL-074","ES-004","CP04"
"Simplify \(7^3 \times 7^{-1}\).","1/8","Hard","QL-075","ES-004","CP04"
"Find the value of \(\frac{5^{-2}}{5^{-4}}\).","1/8","Medium","QL-076","ES-004","CP04"
"Simplify \(10^{-3} \times 10^5\).","3^2","Easy","QL-077","ES-004","CP04"
"What is the simplified form of \(4^{-2} \times 4^5\)?","1/8","Medium","QL-078","ES-004","CP04"
"Simplify \(\frac{3^2}{3^{-1}}\).","3^2","Easy","QL-079","ES-004","CP04"
"Find the value of \(2^{-4} \times 2^6\).","1/8","Easy","QL-080","ES-004","CP04"
"Express the following with positive exponents: \(5^{-3}\).","3^2","Easy","QL-081","ES-004","CP04"
"Rewrite \(2^{-2} \times 2^5\) in simplest form.","1/8","Hard","QL-082","ES-004","CP04"
"Determine the value of \(10^{-2}\).","3^2","Hard","QL-083","ES-004","CP04"
"Simplify and find the answer: \(3^{-1} \times 3^4\).","1/8","Hard","QL-084","ES-004","CP04"
"The simplified form of \(7^{-2} \times 7^5\) is:","3^2","Medium","QL-085","ES-004","CP04"
"Simplify \(2^{-3}\).","1/8","Hard","QL-071","ES-004","CP04"
"Find the value of \(5^{-2}\).","3^2","Medium","QL-072","ES-004","CP04"
"Simplify \(3^4 \times 3^{-2}\).","1/8","Medium","QL-073","ES-004","CP04"
"What is the value of \(\frac{2^{-1}}{2^{-4}}\)?","3^2","Easy","QL-074","ES-004","CP04"
"Simplify \(7^3 \times 7^{-1}\).","1/8","Easy","QL-075","ES-004","CP04"
"Find the value of \(\frac{5^{-2}}{5^{-4}}\).","3^2","Medium","QL-076","ES-004","CP04"
"Simplify \(10^{-3} \times 10^5\).","1/8","Medium","QL-077","ES-004","CP04"
"What is the simplified form of \(4^{-2} \times 4^5\)?","3^2","Medium","QL-078","ES-004","CP04"
"Simplify \(\frac{3^2}{3^{-1}}\).","1/8","Medium","QL-079","ES-004","CP04"
"Find the value of \(2^{-4} \times 2^6\).","3^2","Easy","QL-080","ES-004","CP04"
"Express the following with positive exponents: \(5^{-3}\).","3^2","Hard","QL-081","ES-004","CP04"
"Rewrite \(2^{-2} \times 2^5\) in simplest form.","1/8","Medium","QL-082","ES-004","CP04"
"Determine the value of \(10^{-2}\).","3^2","Easy","QL-083","ES-004","CP04"
"Simplify and find the answer: \(3^{-1} \times 3^4\).","1/8","Easy","QL-084","ES-004","CP04"
"The simplified form of \(7^{-2} \times 7^5\) is:","3^2","Medium","QL-085","ES-004","CP04"
"Simplify \(2^{-3}\).","1/8","Hard","QL-071","ES-004","CP04"
"Find the value of \(5^{-2}\).","3^2","Easy","QL-072","ES-004","CP04"
"Simplify \(3^4 \times 3^{-2}\).","1/8","Easy","QL-073","ES-004","CP04"
"What is the value of \(\frac{2^{-1}}{2^{-4}}\)?","3^2","Easy","QL-074","ES-004","CP04"
"Simplify \(7^3 \times 7^{-1}\).","1/8","Easy","QL-075","ES-004","CP04"
"Find the value of \(\frac{5^{-2}}{5^{-4}}\).","1/8","Medium","QL-076","ES-004","CP04"
"Simplify \(10^{-3} \times 10^5\).","3^2","Easy","QL-077","ES-004","CP04"
"What is the simplified form of \(4^{-2} \times 4^5\)?","1/8","Medium","QL-078","ES-004","CP04"
"Simplify \(\frac{3^2}{3^{-1}}\).","3^2","Medium","QL-079","ES-004","CP04"
"Find the value of \(2^{-4} \times 2^6\).","1/8","Medium","QL-080","ES-004","CP04"
"Express the following with positive exponents: \(5^{-3}\).","3^2","Easy","QL-081","ES-004","CP04"
"Rewrite \(2^{-2} \times 2^5\) in simplest form.","1/8","Hard","QL-082","ES-004","CP04"
"Determine the value of \(10^{-2}\).","3^2","Hard","QL-083","ES-004","CP04"
"Simplify and find the answer: \(3^{-1} \times 3^4\).","1/8","Medium","QL-084","ES-004","CP04"
"The simplified form of \(7^{-2} \times 7^5\) is:","3^2","Easy","QL-085","ES-004","CP04"
"Simplify \(2^{-3}\).","3^2","Easy","QL-071","ES-004","CP04"
"Find the value of \(5^{-2}\).","1/8","Easy","QL-072","ES-004","CP04"
"Simplify \(3^4 \times 3^{-2}\).","3^2","Easy","QL-073","ES-004","CP04"
"What is the value of \(\frac{2^{-1}}{2^{-4}}\)?","1/8","Easy","QL-074","ES-004","CP04"
"Simplify \(7^3 \times 7^{-1}\).","3^2","Easy","QL-075","ES-004","CP04"
"Find the value of \(\frac{5^{-2}}{5^{-4}}\).","1/8","Easy","QL-076","ES-004","CP04"
"Simplify \(10^{-3} \times 10^5\).","3^2","Medium","QL-077","ES-004","CP04"
"What is the simplified form of \(4^{-2} \times 4^5\)?","1/8","Medium","QL-078","ES-004","CP04"
"Simplify \(\frac{3^2}{3^{-1}}\).","3^2","Easy","QL-079","ES-004","CP04"
"Find the value of \(2^{-4} \times 2^6\).","1/8","Medium","QL-080","ES-004","CP04"
"Express the following with positive exponents: \(5^{-3}\).","1/8","Medium","QL-081","ES-004","CP04"
"Rewrite \(2^{-2} \times 2^5\) in simplest form.","3^2","Hard","QL-082","ES-004","CP04"
"Determine the value of \(10^{-2}\).","1/8","Medium","QL-083","ES-004","CP04"
"Simplify and find the answer: \(3^{-1} \times 3^4\).","3^2","Easy","QL-084","ES-004","CP04"
"The simplified form of \(7^{-2} \times 7^5\) is:","1/8","Hard","QL-085","ES-004","CP04"
"Simplify \(2^{-3}\).","3^2","Medium","QL-071","ES-004","CP04"
"Find the value of \(5^{-2}\).","1/8","Easy","QL-072","ES-004","CP04"
"Simplify \(3^4 \times 3^{-2}\).","3^2","Medium","QL-073","ES-004","CP04"
"What is the value of \(\frac{2^{-1}}{2^{-4}}\)?","1/8","Medium","QL-074","ES-004","CP04"
"Simplify \(7^3 \times 7^{-1}\).","3^2","Easy","QL-075","ES-004","CP04"
"Find the value of \(\frac{5^{-2}}{5^{-4}}\).","3^2","Easy","QL-076","ES-004","CP04"
"Simplify \(10^{-3} \times 10^5\).","1/8","Easy","QL-077","ES-004","CP04"
"What is the simplified form of \(4^{-2} \times 4^5\)?","3^2","Medium","QL-078","ES-004","CP04"
"Simplify \(\frac{3^2}{3^{-1}}\).","1/8","Hard","QL-079","ES-004","CP04"
"Find the value of \(2^{-4} \times 2^6\).","3^2","Easy","QL-080","ES-004","CP04"
"Express the following with positive exponents: \(5^{-3}\).","1/8","Medium","QL-081","ES-004","CP04"
"Rewrite \(2^{-2} \times 2^5\) in simplest form.","3^2","Medium","QL-082","ES-004","CP04"
"Determine the value of \(10^{-2}\).","1/8","Medium","QL-083","ES-004","CP04"
"Simplify and find the answer: \(3^{-1} \times 3^4\).","3^2","Easy","QL-084","ES-004","CP04"
"The simplified form of \(7^{-2} \times 7^5\) is:","1/8","Medium","QL-085","ES-004","CP04"
"Simplify \(2^{-3}\).","1/8","Medium","QL-071","ES-004","CP04"
"Find the value of \(5^{-2}\).","3^2","Medium","QL-072","ES-004","CP04"
"Simplify \(3^4 \times 3^{-2}\).","1/8","Hard","QL-073","ES-004","CP04"
"What is the value of \(\frac{2^{-1}}{2^{-4}}\)?","3^2","Easy","QL-074","ES-004","CP04"
"Simplify \(7^3 \times 7^{-1}\).","1/8","Medium","QL-075","ES-004","CP04"
"Find the value of \(\frac{5^{-2}}{5^{-4}}\).","3^2","Medium","QL-076","ES-004","CP04"
"Simplify \(10^{-3} \times 10^5\).","1/8","Easy","QL-077","ES-004","CP04"
"What is the simplified form of \(4^{-2} \times 4^5\)?","3^2","Easy","QL-078","ES-004","CP04"
"Simplify \(\frac{3^2}{3^{-1}}\).","1/8","Easy","QL-079","ES-004","CP04"
"Find the value of \(2^{-4} \times 2^6\).","3^2","Medium","QL-080","ES-004","CP04"
"Express the following with positive exponents: \(5^{-3}\).","3^2","Easy","QL-081","ES-004","CP04"
"Rewrite \(2^{-2} \times 2^5\) in simplest form.","1/8","Medium","QL-082","ES-004","CP04"
"Determine the value of \(10^{-2}\).","3^2","Medium","QL-083","ES-004","CP04"
"Simplify and find the answer: \(3^{-1} \times 3^4\).","1/8","Hard","QL-084","ES-004","CP04"
"The simplified form of \(7^{-2} \times 7^5\) is:","3^2","Easy","QL-085","ES-004","CP04"
"Simplify \(2^{-3}\).","1/8","Easy","QL-071","ES-004","CP04"
"Find the value of \(5^{-2}\).","3^2","Medium","QL-072","ES-004","CP04"
"Simplify \(3^4 \times 3^{-2}\).","1/8","Medium","QL-073","ES-004","CP04"
"What is the value of \(\frac{2^{-1}}{2^{-4}}\)?","3^2","Medium","QL-074","ES-004","CP04"
"Simplify \(7^3 \times 7^{-1}\).","1/8","Medium","QL-075","ES-004","CP04"
"Find the value of \(\frac{5^{-2}}{5^{-4}}\).","1/8","Hard","QL-076","ES-004","CP04"
"Simplify \(10^{-3} \times 10^5\).","3^2","Medium","QL-077","ES-004","CP04"
"What is the simplified form of \(4^{-2} \times 4^5\)?","1/8","Medium","QL-078","ES-004","CP04"
"Simplify \(\frac{3^2}{3^{-1}}\).","3^2","Easy","QL-079","ES-004","CP04"
"Find the value of \(2^{-4} \times 2^6\).","1/8","Medium","QL-080","ES-004","CP04"
"Express the following with positive exponents: \(5^{-3}\).","3^2","Easy","QL-081","ES-004","CP04"
"Rewrite \(2^{-2} \times 2^5\) in simplest form.","1/8","Hard","QL-082","ES-004","CP04"
"Determine the value of \(10^{-2}\).","3^2","Easy","QL-083","ES-004","CP04"
"Simplify and find the answer: \(3^{-1} \times 3^4\).","1/8","Easy","QL-084","ES-004","CP04"
"The simplified form of \(7^{-2} \times 7^5\) is:","3^2","Easy","QL-085","ES-004","CP04"
"Simplify \(2^{-3}\).","3^2","Medium","QL-071","ES-004","CP04"
"Find the value of \(5^{-2}\).","1/8","Easy","QL-072","ES-004","CP04"
"Simplify \(3^4 \times 3^{-2}\).","3^2","Easy","QL-073","ES-004","CP04"
"What is the value of \(\frac{2^{-1}}{2^{-4}}\)?","1/8","Medium","QL-074","ES-004","CP04"
"Simplify \(7^3 \times 7^{-1}\).","3^2","Hard","QL-075","ES-004","CP04"
"Find the value of \(\frac{5^{-2}}{5^{-4}}\).","1/8","Medium","QL-076","ES-004","CP04"
"Simplify \(10^{-3} \times 10^5\).","3^2","Easy","QL-077","ES-004","CP04"
"What is the simplified form of \(4^{-2} \times 4^5\)?","1/8","Easy","QL-078","ES-004","CP04"
"Simplify \(\frac{3^2}{3^{-1}}\).","3^2","Easy","QL-079","ES-004","CP04"
"Find the value of \(2^{-4} \times 2^6\).","1/8","Medium","QL-080","ES-004","CP04"
"Express the following with positive exponents: \(5^{-3}\).","3^2","Easy","QL-081","ES-004","CP04"
"Rewrite \(2^{-2} \times 2^5\) in simplest form.","1/8","Hard","QL-082","ES-004","CP04"
"Determine the value of \(10^{-2}\).","3^2","Medium","QL-083","ES-004","CP04"
"Simplify and find the answer: \(3^{-1} \times 3^4\).","1/8","Medium","QL-084","ES-004","CP04"
"The simplified form of \(7^{-2} \times 7^5\) is:","3^2","Hard","QL-085","ES-004","CP04"
"Simplify \(2^{-3}\).","1/8","Medium","QL-071","ES-004","CP04"
"Find the value of \(5^{-2}\).","3^2","Medium","QL-072","ES-004","CP04"
"Simplify \(3^4 \times 3^{-2}\).","1/8","Easy","QL-073","ES-004","CP04"
"What is the value of \(\frac{2^{-1}}{2^{-4}}\)?","3^2","Hard","QL-074","ES-004","CP04"
"Simplify \(7^3 \times 7^{-1}\).","1/8","Hard","QL-075","ES-004","CP04"
"Find the value of \(\frac{5^{-2}}{5^{-4}}\).","1/8","Easy","QL-076","ES-004","CP04"
"Simplify \(10^{-3} \times 10^5\).","3^2","Medium","QL-077","ES-004","CP04"
"What is the simplified form of \(4^{-2} \times 4^5\)?","1/8","Easy","QL-078","ES-004","CP04"
"Simplify \(\frac{3^2}{3^{-1}}\).","3^2","Medium","QL-079","ES-004","CP04"
"Find the value of \(2^{-4} \times 2^6\).","1/8","Easy","QL-080","ES-004","CP04"
"Express the following with positive exponents: \(5^{-3}\).","3^2","Easy","QL-081","ES-004","CP04"
"Rewrite \(2^{-2} \times 2^5\) in simplest form.","1/8","Easy","QL-082","ES-004","CP04"
"Determine the value of \(10^{-2}\).","3^2","Medium","QL-083","ES-004","CP04"
"Simplify and find the answer: \(3^{-1} \times 3^4\).","1/8","Medium","QL-084","ES-004","CP04"
"The simplified form of \(7^{-2} \times 7^5\) is:","3^2","Medium","QL-085","ES-004","CP04"
"Simplify \(2^{-3}\).","3^2","Easy","QL-071","ES-004","CP04"
"Find the value of \(5^{-2}\).","1/8","Medium","QL-072","ES-004","CP04"
"Simplify \(3^4 \times 3^{-2}\).","3^2","Hard","QL-073","ES-004","CP04"
"What is the value of \(\frac{2^{-1}}{2^{-4}}\)?","1/8","Medium","QL-074","ES-004","CP04"
"Simplify \(7^3 \times 7^{-1}\).","3^2","Hard","QL-075","ES-004","CP04"
"Find the value of \(\frac{5^{-2}}{5^{-4}}\).","1/8","Easy","QL-076","ES-004","CP04"
"Simplify \(10^{-3} \times 10^5\).","3^2","Easy","QL-077","ES-004","CP04"
"What is the simplified form of \(4^{-2} \times 4^5\)?","1/8","Medium","QL-078","ES-004","CP04"
"Simplify \(\frac{3^2}{3^{-1}}\).","3^2","Easy","QL-079","ES-004","CP04"
"Find the value of \(2^{-4} \times 2^6\).","1/8","Easy","QL-080","ES-004","CP04"
"Express the following with positive exponents: \(5^{-3}\).","1/8","Easy","QL-081","ES-004","CP04"
"Rewrite \(2^{-2} \times 2^5\) in simplest form.","3^2","Medium","QL-082","ES-004","CP04"
"Determine the value of \(10^{-2}\).","1/8","Medium","QL-083","ES-004","CP04"
"Simplify and find the answer: \(3^{-1} \times 3^4\).","3^2","Hard","QL-084","ES-004","CP04"
"The simplified form of \(7^{-2} \times 7^5\) is:","1/8","Easy","QL-085","ES-004","CP04"
"Simplify \(2^{-3}\).","3^2","Easy","QL-071","ES-004","CP04"
"Find the value of \(5^{-2}\).","1/8","Easy","QL-072","ES-004","CP04"
"Simplify \(3^4 \times 3^{-2}\).","3^2","Medium","QL-073","ES-004","CP04"
"What is the value of \(\frac{2^{-1}}{2^{-4}}\)?","1/8","Easy","QL-074","ES-004","CP04"
"Simplify \(7^3 \times 7^{-1}\).","3^2","Hard","QL-075","ES-004","CP04"
"Find the value of \(\frac{5^{-2}}{5^{-4}}\).","3^2","Easy","QL-076","ES-004","CP04"
"Simplify \(10^{-3} \times 10^5\).","1/8","Easy","QL-077","ES-004","CP04"
"What is the simplified form of \(4^{-2} \times 4^5\)?","3^2","Medium","QL-078","ES-004","CP04"
"Simplify \(\frac{3^2}{3^{-1}}\).","1/8","Easy","QL-079","ES-004","CP04"
"Find the value of \(2^{-4} \times 2^6\).","3^2","Medium","QL-080","ES-004","CP04"
"Express the following with positive exponents: \(5^{-3}\).","1/8","Easy","QL-081","ES-004","CP04"
"Rewrite \(2^{-2} \times 2^5\) in simplest form.","3^2","Easy","QL-082","ES-004","CP04"
"Determine the value of \(10^{-2}\).","1/8","Medium","QL-083","ES-004","CP04"
"Simplify and find the answer: \(3^{-1} \times 3^4\).","3^2","Medium","QL-084","ES-004","CP04"
"The simplified form of \(7^{-2} \times 7^5\) is:","1/8","Hard","QL-085","ES-004","CP04"
"Simplify \(2^{-3}\).","1/8","Medium","QL-071","ES-004","CP04"
"Find the value of \(5^{-2}\).","3^2","Medium","QL-072","ES-004","CP04"
"Simplify \(3^4 \times 3^{-2}\).","1/8","Medium","QL-073","ES-004","CP04"
"What is the value of \(\frac{2^{-1}}{2^{-4}}\)?","3^2","Medium","QL-074","ES-004","CP04"
"Simplify \(7^3 \times 7^{-1}\).","1/8","Easy","QL-075","ES-004","CP04"
"Find the value of \(\frac{5^{-2}}{5^{-4}}\).","3^2","Medium","QL-076","ES-004","CP04"
"Simplify \(10^{-3} \times 10^5\).","1/8","Easy","QL-077","ES-004","CP04"
"What is the simplified form of \(4^{-2} \times 4^5\)?","3^2","Hard","QL-078","ES-004","CP04"
"Simplify \(\frac{3^2}{3^{-1}}\).","1/8","Easy","QL-079","ES-004","CP04"
"Find the value of \(2^{-4} \times 2^6\).","3^2","Hard","QL-080","ES-004","CP04"
"Express the following with positive exponents: \(5^{-3}\).","3^2","Medium","QL-081","ES-004","CP04"
"Rewrite \(2^{-2} \times 2^5\) in simplest form.","1/8","Medium","QL-082","ES-004","CP04"
"Determine the value of \(10^{-2}\).","3^2","Easy","QL-083","ES-004","CP04"
"Simplify and find the answer: \(3^{-1} \times 3^4\).","1/8","Easy","QL-084","ES-004","CP04"
"The simplified form of \(7^{-2} \times 7^5\) is:","3^2","Medium","QL-085","ES-004","CP04"
"Simplify \(2^{-3}\).","1/8","Hard","QL-071","ES-004","CP04"
"Find the value of \(5^{-2}\).","3^2","Easy","QL-072","ES-004","CP04"
"Simplify \(3^4 \times 3^{-2}\).","1/8","Easy","QL-073","ES-004","CP04"
"What is the value of \(\frac{2^{-1}}{2^{-4}}\)?","3^2","Hard","QL-074","ES-004","CP04"
"Simplify \(7^3 \times 7^{-1}\).","1/8","Medium","QL-075","ES-004","CP04"
"Find the value of \(\frac{5^{-2}}{5^{-4}}\).","1/8","Medium","QL-076","ES-004","CP04"
"Simplify \(10^{-3} \times 10^5\).","3^2","Medium","QL-077","ES-004","CP04"
"What is the simplified form of \(4^{-2} \times 4^5\)?","1/8","Easy","QL-078","ES-004","CP04"
"Simplify \(\frac{3^2}{3^{-1}}\).","3^2","Easy","QL-079","ES-004","CP04"
"Find the value of \(2^{-4} \times 2^6\).","1/8","Medium","QL-080","ES-004","CP04"
"Express the following with positive exponents: \(5^{-3}\).","3^2","Hard","QL-081","ES-004","CP04"
"Rewrite \(2^{-2} \times 2^5\) in simplest form.","1/8","Easy","QL-082","ES-004","CP04"
"Determine the value of \(10^{-2}\).","3^2","Medium","QL-083","ES-004","CP04"
"Simplify and find the answer: \(3^{-1} \times 3^4\).","1/8","Hard","QL-084","ES-004","CP04"
"The simplified form of \(7^{-2} \times 7^5\) is:","3^2","Easy","QL-085","ES-004","CP04"
"Simplify \(2^{-3}\).","3^2","Easy","QL-071","ES-004","CP04"
"Find the value of \(5^{-2}\).","1/8","Medium","QL-072","ES-004","CP04"
"Simplify \(3^4 \times 3^{-2}\).","3^2","Medium","QL-073","ES-004","CP04"
"What is the value of \(\frac{2^{-1}}{2^{-4}}\)?","1/8","Easy","QL-074","ES-004","CP04"
"Simplify \(7^3 \times 7^{-1}\).","3^2","Medium","QL-075","ES-004","CP04"
"Find the value of \(\frac{5^{-2}}{5^{-4}}\).","1/8","Easy","QL-076","ES-004","CP04"
"Simplify \(10^{-3} \times 10^5\).","3^2","Hard","QL-077","ES-004","CP04"
"What is the simplified form of \(4^{-2} \times 4^5\)?","1/8","Easy","QL-078","ES-004","CP04"
"Simplify \(\frac{3^2}{3^{-1}}\).","3^2","Medium","QL-079","ES-004","CP04"
"Find the value of \(2^{-4} \times 2^6\).","1/8","Easy","QL-080","ES-004","CP04"
"Express the following with positive exponents: \(5^{-3}\).","1/8","Easy","QL-081","ES-004","CP04"
"Rewrite \(2^{-2} \times 2^5\) in simplest form.","3^2","Hard","QL-082","ES-004","CP04"
"Determine the value of \(10^{-2}\).","1/8","Easy","QL-083","ES-004","CP04"
"Simplify and find the answer: \(3^{-1} \times 3^4\).","3^2","Easy","QL-084","ES-004","CP04"
"The simplified form of \(7^{-2} \times 7^5\) is:","1/8","Medium","QL-085","ES-004","CP04"
"Simplify \(2^{-3}\).","3^2","Easy","QL-071","ES-004","CP04"
"Find the value of \(5^{-2}\).","1/8","Medium","QL-072","ES-004","CP04"
"Simplify \(3^4 \times 3^{-2}\).","3^2","Hard","QL-073","ES-004","CP04"
"What is the value of \(\frac{2^{-1}}{2^{-4}}\)?","1/8","Medium","QL-074","ES-004","CP04"
"Simplify \(7^3 \times 7^{-1}\).","3^2","Easy","QL-075","ES-004","CP04"
"Simplify \(16^{1/2}\).","4","Hard","QL-086","ES-005","CP05"
"Find the value of \(27^{1/3}\).","27","Medium","QL-087","ES-005","CP05"
"Simplify \(81^{1/2}\).","4","Easy","QL-088","ES-005","CP05"
"What is the value of \(64^{1/3}\)?","3","Medium","QL-089","ES-005","CP05"
"Simplify \(81^{3/4}\).","4","Medium","QL-090","ES-005","CP05"
"Find the value of \(32^{2/5}\).","3","Easy","QL-091","ES-005","CP05"
"Simplify \(125^{2/3}\).","3","Medium","QL-092","ES-005","CP05"
"What is the value of \(16^{3/2}\)?","27","Medium","QL-093","ES-005","CP05"
"Simplify \(49^{1/2}\).","4","Medium","QL-094","ES-005","CP05"
"Find the value of \(216^{1/3}\).","27","Easy","QL-095","ES-005","CP05"
"Express \(64^{1/2}\) in radical form and evaluate.","4","Medium","QL-096","ES-005","CP05"
"Find the value of the following fractional exponent: \(243^{1/5}\).","4","Easy","QL-097","ES-005","CP05"
"Rewrite \(32^{3/5}\) using roots and simplify.","3","Easy","QL-098","ES-005","CP05"
"Determine the value of \(625^{1/4}\).","27","Medium","QL-099","ES-005","CP05"
"Evaluate the following expression: \(27^{2/3}\).","3","Easy","QL-100","ES-005","CP05"
"Simplify \(16^{1/2}\).","4","Medium","QL-086","ES-005","CP05"
"Find the value of \(27^{1/3}\).","4","Hard","QL-087","ES-005","CP05"
"Simplify \(81^{1/2}\).","4","Medium","QL-088","ES-005","CP05"
"What is the value of \(64^{1/3}\)?","3","Easy","QL-089","ES-005","CP05"
"Simplify \(81^{3/4}\).","27","Easy","QL-090","ES-005","CP05"
"Find the value of \(32^{2/5}\).","27","Medium","QL-091","ES-005","CP05"
"Simplify \(125^{2/3}\).","27","Hard","QL-092","ES-005","CP05"
"What is the value of \(16^{3/2}\)?","27","Medium","QL-093","ES-005","CP05"
"Simplify \(49^{1/2}\).","4","Medium","QL-094","ES-005","CP05"
"Find the value of \(216^{1/3}\).","3","Medium","QL-095","ES-005","CP05"
"Express \(64^{1/2}\) in radical form and evaluate.","3","Hard","QL-096","ES-005","CP05"
"Find the value of the following fractional exponent: \(243^{1/5}\).","3","Easy","QL-097","ES-005","CP05"
"Rewrite \(32^{3/5}\) using roots and simplify.","4","Medium","QL-098","ES-005","CP05"
"Determine the value of \(625^{1/4}\).","27","Easy","QL-099","ES-005","CP05"
"Evaluate the following expression: \(27^{2/3}\).","4","Hard","QL-100","ES-005","CP05"
"Simplify \(16^{1/2}\).","3","Easy","QL-086","ES-005","CP05"
"Find the value of \(27^{1/3}\).","4","Easy","QL-087","ES-005","CP05"
"Simplify \(81^{1/2}\).","3","Hard","QL-088","ES-005","CP05"
"What is the value of \(64^{1/3}\)?","27","Easy","QL-089","ES-005","CP05"
"Simplify \(81^{3/4}\).","27","Easy","QL-090","ES-005","CP05"
"Find the value of \(32^{2/5}\).","3","Medium","QL-091","ES-005","CP05"
"Simplify \(125^{2/3}\).","3","Hard","QL-092","ES-005","CP05"
"What is the value of \(16^{3/2}\)?","4","Hard","QL-093","ES-005","CP05"
"Simplify \(49^{1/2}\).","4","Medium","QL-094","ES-005","CP05"
"Find the value of \(216^{1/3}\).","3","Hard","QL-095","ES-005","CP05"
"Express \(64^{1/2}\) in radical form and evaluate.","27","Easy","QL-096","ES-005","CP05"
"Find the value of the following fractional exponent: \(243^{1/5}\).","3","Medium","QL-097","ES-005","CP05"
"Rewrite \(32^{3/5}\) using roots and simplify.","3","Hard","QL-098","ES-005","CP05"
"Determine the value of \(625^{1/4}\).","27","Easy","QL-099","ES-005","CP05"
"Evaluate the following expression: \(27^{2/3}\).","3","Medium","QL-100","ES-005","CP05"
"Simplify \(16^{1/2}\).","27","Medium","QL-086","ES-005","CP05"
"Find the value of \(27^{1/3}\).","27","Easy","QL-087","ES-005","CP05"
"Simplify \(81^{1/2}\).","3","Medium","QL-088","ES-005","CP05"
"What is the value of \(64^{1/3}\)?","4","Medium","QL-089","ES-005","CP05"
"Simplify \(81^{3/4}\).","27","Easy","QL-090","ES-005","CP05"
"Find the value of \(32^{2/5}\).","27","Hard","QL-091","ES-005","CP05"
"Simplify \(125^{2/3}\).","27","Hard","QL-092","ES-005","CP05"
"What is the value of \(16^{3/2}\)?","4","Medium","QL-093","ES-005","CP05"
"Simplify \(49^{1/2}\).","27","Medium","QL-094","ES-005","CP05"
"Find the value of \(216^{1/3}\).","4","Easy","QL-095","ES-005","CP05"
"Express \(64^{1/2}\) in radical form and evaluate.","4","Medium","QL-096","ES-005","CP05"
"Find the value of the following fractional exponent: \(243^{1/5}\).","3","Medium","QL-097","ES-005","CP05"
"Rewrite \(32^{3/5}\) using roots and simplify.","4","Medium","QL-098","ES-005","CP05"
"Determine the value of \(625^{1/4}\).","27","Medium","QL-099","ES-005","CP05"
"Evaluate the following expression: \(27^{2/3}\).","4","Easy","QL-100","ES-005","CP05"
"Simplify \(16^{1/2}\).","3","Hard","QL-086","ES-005","CP05"
"Find the value of \(27^{1/3}\).","4","Easy","QL-087","ES-005","CP05"
"Simplify \(81^{1/2}\).","27","Hard","QL-088","ES-005","CP05"
"What is the value of \(64^{1/3}\)?","3","Easy","QL-089","ES-005","CP05"
"Simplify \(81^{3/4}\).","4","Medium","QL-090","ES-005","CP05"
"Find the value of \(32^{2/5}\).","4","Easy","QL-091","ES-005","CP05"
"Simplify \(125^{2/3}\).","4","Medium","QL-092","ES-005","CP05"
"What is the value of \(16^{3/2}\)?","4","Easy","QL-093","ES-005","CP05"
"Simplify \(49^{1/2}\).","4","Medium","QL-094","ES-005","CP05"
"Find the value of \(216^{1/3}\).","27","Hard","QL-095","ES-005","CP05"
"Express \(64^{1/2}\) in radical form and evaluate.","27","Medium","QL-096","ES-005","CP05"
"Find the value of the following fractional exponent: \(243^{1/5}\).","3","Easy","QL-097","ES-005","CP05"
"Rewrite \(32^{3/5}\) using roots and simplify.","3","Hard","QL-098","ES-005","CP05"
"Determine the value of \(625^{1/4}\).","3","Medium","QL-099","ES-005","CP05"
"Evaluate the following expression: \(27^{2/3}\).","27","Easy","QL-100","ES-005","CP05"
"Simplify \(16^{1/2}\).","27","Medium","QL-086","ES-005","CP05"
"Find the value of \(27^{1/3}\).","3","Medium","QL-087","ES-005","CP05"
"Simplify \(81^{1/2}\).","3","Easy","QL-088","ES-005","CP05"
"What is the value of \(64^{1/3}\)?","3","Hard","QL-089","ES-005","CP05"
"Simplify \(81^{3/4}\).","3","Medium","QL-090","ES-005","CP05"
"Find the value of \(32^{2/5}\).","4","Medium","QL-091","ES-005","CP05"
"Simplify \(125^{2/3}\).","4","Easy","QL-092","ES-005","CP05"
"What is the value of \(16^{3/2}\)?","4","Medium","QL-093","ES-005","CP05"
"Simplify \(49^{1/2}\).","27","Hard","QL-094","ES-005","CP05"
"Find the value of \(216^{1/3}\).","4","Easy","QL-095","ES-005","CP05"
"Express \(64^{1/2}\) in radical form and evaluate.","27","Easy","QL-096","ES-005","CP05"
"Find the value of the following fractional exponent: \(243^{1/5}\).","3","Easy","QL-097","ES-005","CP05"
"Rewrite \(32^{3/5}\) using roots and simplify.","4","Medium","QL-098","ES-005","CP05"
"Determine the value of \(625^{1/4}\).","3","Easy","QL-099","ES-005","CP05"
"Evaluate the following expression: \(27^{2/3}\).","4","Medium","QL-100","ES-005","CP05"
"Simplify \(16^{1/2}\).","27","Medium","QL-086","ES-005","CP05"
"Find the value of \(27^{1/3}\).","4","Easy","QL-087","ES-005","CP05"
"Simplify \(81^{1/2}\).","3","Medium","QL-088","ES-005","CP05"
"What is the value of \(64^{1/3}\)?","27","Medium","QL-089","ES-005","CP05"
"Simplify \(81^{3/4}\).","27","Hard","QL-090","ES-005","CP05"
"Find the value of \(32^{2/5}\).","27","Easy","QL-091","ES-005","CP05"
"Simplify \(125^{2/3}\).","3","Easy","QL-092","ES-005","CP05"
"What is the value of \(16^{3/2}\)?","3","Easy","QL-093","ES-005","CP05"
"Simplify \(49^{1/2}\).","3","Easy","QL-094","ES-005","CP05"
"Find the value of \(216^{1/3}\).","4","Medium","QL-095","ES-005","CP05"
"Express \(64^{1/2}\) in radical form and evaluate.","3","Easy","QL-096","ES-005","CP05"
"Find the value of the following fractional exponent: \(243^{1/5}\).","27","Medium","QL-097","ES-005","CP05"
"Rewrite \(32^{3/5}\) using roots and simplify.","27","Easy","QL-098","ES-005","CP05"
"Determine the value of \(625^{1/4}\).","27","Hard","QL-099","ES-005","CP05"
"Evaluate the following expression: \(27^{2/3}\).","27","Easy","QL-100","ES-005","CP05"
"Simplify \(16^{1/2}\).","3","Easy","QL-086","ES-005","CP05"
"Find the value of \(27^{1/3}\).","4","Easy","QL-087","ES-005","CP05"
"Simplify \(81^{1/2}\).","27","Easy","QL-088","ES-005","CP05"
"What is the value of \(64^{1/3}\)?","4","Hard","QL-089","ES-005","CP05"
"Simplify \(81^{3/4}\).","3","Medium","QL-090","ES-005","CP05"
"Find the value of \(32^{2/5}\).","27","Medium","QL-091","ES-005","CP05"
"Simplify \(125^{2/3}\).","4","Easy","QL-092","ES-005","CP05"
"What is the value of \(16^{3/2}\)?","3","Hard","QL-093","ES-005","CP05"
"Simplify \(49^{1/2}\).","27","Hard","QL-094","ES-005","CP05"
"Find the value of \(216^{1/3}\).","3","Easy","QL-095","ES-005","CP05"
"Express \(64^{1/2}\) in radical form and evaluate.","27","Easy","QL-096","ES-005","CP05"
"Find the value of the following fractional exponent: \(243^{1/5}\).","4","Easy","QL-097","ES-005","CP05"
"Rewrite \(32^{3/5}\) using roots and simplify.","27","Hard","QL-098","ES-005","CP05"
"Determine the value of \(625^{1/4}\).","3","Medium","QL-099","ES-005","CP05"
"Evaluate the following expression: \(27^{2/3}\).","3","Hard","QL-100","ES-005","CP05"
"Simplify \(16^{1/2}\).","27","Medium","QL-086","ES-005","CP05"
"Find the value of \(27^{1/3}\).","4","Hard","QL-087","ES-005","CP05"
"Simplify \(81^{1/2}\).","3","Easy","QL-088","ES-005","CP05"
"What is the value of \(64^{1/3}\)?","27","Medium","QL-089","ES-005","CP05"
"Simplify \(81^{3/4}\).","27","Medium","QL-090","ES-005","CP05"
"Find the value of \(32^{2/5}\).","4","Hard","QL-091","ES-005","CP05"
"Simplify \(125^{2/3}\).","4","Medium","QL-092","ES-005","CP05"
"What is the value of \(16^{3/2}\)?","4","Medium","QL-093","ES-005","CP05"
"Simplify \(49^{1/2}\).","3","Hard","QL-094","ES-005","CP05"
"Find the value of \(216^{1/3}\).","27","Medium","QL-095","ES-005","CP05"
"Express \(64^{1/2}\) in radical form and evaluate.","27","Hard","QL-096","ES-005","CP05"
"Find the value of the following fractional exponent: \(243^{1/5}\).","27","Easy","QL-097","ES-005","CP05"
"Rewrite \(32^{3/5}\) using roots and simplify.","3","Easy","QL-098","ES-005","CP05"
"Determine the value of \(625^{1/4}\).","3","Easy","QL-099","ES-005","CP05"
"Evaluate the following expression: \(27^{2/3}\).","4","Medium","QL-100","ES-005","CP05"
"Simplify \(16^{1/2}\).","3","Easy","QL-086","ES-005","CP05"
"Find the value of \(27^{1/3}\).","4","Hard","QL-087","ES-005","CP05"
"Simplify \(81^{1/2}\).","4","Easy","QL-088","ES-005","CP05"
"What is the value of \(64^{1/3}\)?","3","Medium","QL-089","ES-005","CP05"
"Simplify \(81^{3/4}\).","3","Easy","QL-090","ES-005","CP05"
"Find the value of \(32^{2/5}\).","27","Medium","QL-091","ES-005","CP05"
"Simplify \(125^{2/3}\).","3","Medium","QL-092","ES-005","CP05"
"What is the value of \(16^{3/2}\)?","3","Easy","QL-093","ES-005","CP05"
"Simplify \(49^{1/2}\).","4","Easy","QL-094","ES-005","CP05"
"Find the value of \(216^{1/3}\).","4","Easy","QL-095","ES-005","CP05"
"Express \(64^{1/2}\) in radical form and evaluate.","4","Easy","QL-096","ES-005","CP05"
"Find the value of the following fractional exponent: \(243^{1/5}\).","27","Easy","QL-097","ES-005","CP05"
"Rewrite \(32^{3/5}\) using roots and simplify.","27","Easy","QL-098","ES-005","CP05"
"Determine the value of \(625^{1/4}\).","27","Easy","QL-099","ES-005","CP05"
"Evaluate the following expression: \(27^{2/3}\).","3","Medium","QL-100","ES-005","CP05"
"Simplify \(16^{1/2}\).","27","Easy","QL-086","ES-005","CP05"
"Find the value of \(27^{1/3}\).","3","Easy","QL-087","ES-005","CP05"
"Simplify \(81^{1/2}\).","4","Easy","QL-088","ES-005","CP05"
"What is the value of \(64^{1/3}\)?","27","Hard","QL-089","ES-005","CP05"
"Simplify \(81^{3/4}\).","4","Medium","QL-090","ES-005","CP05"
"Find the value of \(32^{2/5}\).","4","Hard","QL-091","ES-005","CP05"
"Simplify \(125^{2/3}\).","4","Hard","QL-092","ES-005","CP05"
"What is the value of \(16^{3/2}\)?","3","Easy","QL-093","ES-005","CP05"
"Simplify \(49^{1/2}\).","4","Medium","QL-094","ES-005","CP05"
"Find the value of \(216^{1/3}\).","4","Medium","QL-095","ES-005","CP05"
"Express \(64^{1/2}\) in radical form and evaluate.","4","Easy","QL-096","ES-005","CP05"
"Find the value of the following fractional exponent: \(243^{1/5}\).","3","Medium","QL-097","ES-005","CP05"
"Rewrite \(32^{3/5}\) using roots and simplify.","4","Easy","QL-098","ES-005","CP05"
"Determine the value of \(625^{1/4}\).","3","Medium","QL-099","ES-005","CP05"
"Evaluate the following expression: \(27^{2/3}\).","27","Easy","QL-100","ES-005","CP05"
"Simplify \(16^{1/2}\).","27","Hard","QL-086","ES-005","CP05"
"Find the value of \(27^{1/3}\).","3","Easy","QL-087","ES-005","CP05"
"Simplify \(81^{1/2}\).","27","Hard","QL-088","ES-005","CP05"
"What is the value of \(64^{1/3}\)?","4","Medium","QL-089","ES-005","CP05"
"Simplify \(81^{3/4}\).","4","Hard","QL-090","ES-005","CP05"
"Find the value of \(32^{2/5}\).","27","Easy","QL-091","ES-005","CP05"
"Simplify \(125^{2/3}\).","27","Medium","QL-092","ES-005","CP05"
"What is the value of \(16^{3/2}\)?","27","Medium","QL-093","ES-005","CP05"
"Simplify \(49^{1/2}\).","4","Medium","QL-094","ES-005","CP05"
"Find the value of \(216^{1/3}\).","4","Easy","QL-095","ES-005","CP05"
"Express \(64^{1/2}\) in radical form and evaluate.","27","Hard","QL-096","ES-005","CP05"
"Find the value of the following fractional exponent: \(243^{1/5}\).","4","Medium","QL-097","ES-005","CP05"
"Rewrite \(32^{3/5}\) using roots and simplify.","4","Medium","QL-098","ES-005","CP05"
"Determine the value of \(625^{1/4}\).","3","Medium","QL-099","ES-005","CP05"
"Evaluate the following expression: \(27^{2/3}\).","3","Easy","QL-100","ES-005","CP05"
"Simplify \(16^{1/2}\).","4","Easy","QL-086","ES-005","CP05"
"Find the value of \(27^{1/3}\).","27","Medium","QL-087","ES-005","CP05"
"Simplify \(81^{1/2}\).","27","Easy","QL-088","ES-005","CP05"
"What is the value of \(64^{1/3}\)?","4","Medium","QL-089","ES-005","CP05"
"Simplify \(81^{3/4}\).","3","Medium","QL-090","ES-005","CP05"
"Find the value of \(32^{2/5}\).","27","Easy","QL-091","ES-005","CP05"
"Simplify \(125^{2/3}\).","27","Easy","QL-092","ES-005","CP05"
"What is the value of \(16^{3/2}\)?","27","Easy","QL-093","ES-005","CP05"
"Simplify \(49^{1/2}\).","27","Easy","QL-094","ES-005","CP05"
"Find the value of \(216^{1/3}\).","27","Hard","QL-095","ES-005","CP05"
"Express \(64^{1/2}\) in radical form and evaluate.","27","Hard","QL-096","ES-005","CP05"
"Find the value of the following fractional exponent: \(243^{1/5}\).","3","Medium","QL-097","ES-005","CP05"
"Rewrite \(32^{3/5}\) using roots and simplify.","27","Medium","QL-098","ES-005","CP05"
"Determine the value of \(625^{1/4}\).","27","Easy","QL-099","ES-005","CP05"
"Evaluate the following expression: \(27^{2/3}\).","27","Medium","QL-100","ES-005","CP05"
"Simplify \(16^{1/2}\).","3","Easy","QL-086","ES-005","CP05"
"Find the value of \(27^{1/3}\).","3","Easy","QL-087","ES-005","CP05"
"Simplify \(81^{1/2}\).","4","Easy","QL-088","ES-005","CP05"
"What is the value of \(64^{1/3}\)?","4","Hard","QL-089","ES-005","CP05"
"Simplify \(81^{3/4}\).","3","Hard","QL-090","ES-005","CP05"
"Find the value of \(32^{2/5}\).","27","Hard","QL-091","ES-005","CP05"
"Simplify \(125^{2/3}\).","4","Easy","QL-092","ES-005","CP05"
"What is the value of \(16^{3/2}\)?","4","Medium","QL-093","ES-005","CP05"
"Simplify \(49^{1/2}\).","3","Easy","QL-094","ES-005","CP05"
"Find the value of \(216^{1/3}\).","4","Easy","QL-095","ES-005","CP05"
"Express \(64^{1/2}\) in radical form and evaluate.","4","Easy","QL-096","ES-005","CP05"
"Find the value of the following fractional exponent: \(243^{1/5}\).","3","Medium","QL-097","ES-005","CP05"
"Rewrite \(32^{3/5}\) using roots and simplify.","4","Medium","QL-098","ES-005","CP05"
"Determine the value of \(625^{1/4}\).","4","Hard","QL-099","ES-005","CP05"
"Evaluate the following expression: \(27^{2/3}\).","3","Hard","QL-100","ES-005","CP05"
"Simplify \(16^{1/2}\).","27","Medium","QL-086","ES-005","CP05"
"Find the value of \(27^{1/3}\).","4","Medium","QL-087","ES-005","CP05"
"Simplify \(81^{1/2}\).","27","Easy","QL-088","ES-005","CP05"
"What is the value of \(64^{1/3}\)?","3","Easy","QL-089","ES-005","CP05"
"Simplify \(81^{3/4}\).","4","Medium","QL-090","ES-005","CP05"
"Find the value of \(32^{2/5}\).","4","Hard","QL-091","ES-005","CP05"
"Simplify \(125^{2/3}\).","3","Hard","QL-092","ES-005","CP05"
"What is the value of \(16^{3/2}\)?","27","Easy","QL-093","ES-005","CP05"
"Simplify \(49^{1/2}\).","4","Easy","QL-094","ES-005","CP05"
"Find the value of \(216^{1/3}\).","27","Medium","QL-095","ES-005","CP05"
"Express \(64^{1/2}\) in radical form and evaluate.","27","Hard","QL-096","ES-005","CP05"
"Find the value of the following fractional exponent: \(243^{1/5}\).","27","Easy","QL-097","ES-005","CP05"
"Rewrite \(32^{3/5}\) using roots and simplify.","3","Medium","QL-098","ES-005","CP05"
"Determine the value of \(625^{1/4}\).","4","Easy","QL-099","ES-005","CP05"
"Evaluate the following expression: \(27^{2/3}\).","3","Medium","QL-100","ES-005","CP05"
"Simplify \(16^{1/2}\).","27","Easy","QL-086","ES-005","CP05"
"Find the value of \(27^{1/3}\).","27","Hard","QL-087","ES-005","CP05"
"Simplify \(81^{1/2}\).","4","Medium","QL-088","ES-005","CP05"
"What is the value of \(64^{1/3}\)?","4","Easy","QL-089","ES-005","CP05"
"Simplify \(81^{3/4}\).","4","Easy","QL-090","ES-005","CP05"
"Find the value of \(32^{2/5}\).","27","Hard","QL-091","ES-005","CP05"
"Simplify \(125^{2/3}\).","27","Medium","QL-092","ES-005","CP05"
"What is the value of \(16^{3/2}\)?","27","Easy","QL-093","ES-005","CP05"
"Simplify \(49^{1/2}\).","3","Easy","QL-094","ES-005","CP05"
"Find the value of \(216^{1/3}\).","27","Easy","QL-095","ES-005","CP05"
"Express \(64^{1/2}\) in radical form and evaluate.","3","Easy","QL-096","ES-005","CP05"
"Find the value of the following fractional exponent: \(243^{1/5}\).","27","Hard","QL-097","ES-005","CP05"
"Rewrite \(32^{3/5}\) using roots and simplify.","27","Easy","QL-098","ES-005","CP05"
"Determine the value of \(625^{1/4}\).","4","Medium","QL-099","ES-005","CP05"
"Evaluate the following expression: \(27^{2/3}\).","3","Hard","QL-100","ES-005","CP05"
"Simplify \(16^{1/2}\).","3","Medium","QL-086","ES-005","CP05"
"Find the value of \(27^{1/3}\).","3","Medium","QL-087","ES-005","CP05"
"Simplify \(81^{1/2}\).","27","Easy","QL-088","ES-005","CP05"
"What is the value of \(64^{1/3}\)?","4","Easy","QL-089","ES-005","CP05"
"Simplify \(81^{3/4}\).","27","Hard","QL-090","ES-005","CP05"
"Find the value of \(32^{2/5}\).","3","Hard","QL-091","ES-005","CP05"
"Simplify \(125^{2/3}\).","4","Medium","QL-092","ES-005","CP05"
"What is the value of \(16^{3/2}\)?","4","Easy","QL-093","ES-005","CP05"
"Simplify \(49^{1/2}\).","27","Easy","QL-094","ES-005","CP05"
"Find the value of \(216^{1/3}\).","27","Easy","QL-095","ES-005","CP05"
"Express \(64^{1/2}\) in radical form and evaluate.","27","Easy","QL-096","ES-005","CP05"
"Find the value of the following fractional exponent: \(243^{1/5}\).","27","Medium","QL-097","ES-005","CP05"
"Rewrite \(32^{3/5}\) using roots and simplify.","4","Medium","QL-098","ES-005","CP05"
"Determine the value of \(625^{1/4}\).","4","Hard","QL-099","ES-005","CP05"
"Evaluate the following expression: \(27^{2/3}\).","27","Easy","QL-100","ES-005","CP05"
"Simplify \(16^{1/2}\).","4","Hard","QL-086","ES-005","CP05"
"Find the value of \(27^{1/3}\).","3","Easy","QL-087","ES-005","CP05"
"Simplify \(81^{1/2}\).","27","Medium","QL-088","ES-005","CP05"
"What is the value of \(64^{1/3}\)?","27","Medium","QL-089","ES-005","CP05"
"Simplify \(81^{3/4}\).","27","Medium","QL-090","ES-005","CP05"
"Find the value of \(32^{2/5}\).","27","Easy","QL-091","ES-005","CP05"
"Simplify \(125^{2/3}\).","3","Easy","QL-092","ES-005","CP05"
"What is the value of \(16^{3/2}\)?","3","Easy","QL-093","ES-005","CP05"
"Simplify \(49^{1/2}\).","4","Easy","QL-094","ES-005","CP05"
"Find the value of \(216^{1/3}\).","27","Hard","QL-095","ES-005","CP05"
"Express \(64^{1/2}\) in radical form and evaluate.","3","Easy","QL-096","ES-005","CP05"
"Find the value of the following fractional exponent: \(243^{1/5}\).","4","Hard","QL-097","ES-005","CP05"
"Rewrite \(32^{3/5}\) using roots and simplify.","3","Easy","QL-098","ES-005","CP05"
"Determine the value of \(625^{1/4}\).","3","Medium","QL-099","ES-005","CP05"
"Evaluate the following expression: \(27^{2/3}\).","4","Medium","QL-100","ES-005","CP05"
"Simplify \(16^{1/2}\).","3","Medium","QL-086","ES-005","CP05"
"Find the value of \(27^{1/3}\).","3","Hard","QL-087","ES-005","CP05"
"Simplify \(81^{1/2}\).","4","Easy","QL-088","ES-005","CP05"
"What is the value of \(64^{1/3}\)?","3","Easy","QL-089","ES-005","CP05"
"Simplify \(81^{3/4}\).","4","Medium","QL-090","ES-005","CP05"
"Find the value of \(32^{2/5}\).","3","Medium","QL-091","ES-005","CP05"
"Simplify \(125^{2/3}\).","3","Easy","QL-092","ES-005","CP05"
"What is the value of \(16^{3/2}\)?","3","Medium","QL-093","ES-005","CP05"
"Simplify \(49^{1/2}\).","3","Easy","QL-094","ES-005","CP05"
"Find the value of \(216^{1/3}\).","27","Medium","QL-095","ES-005","CP05"
"Express \(64^{1/2}\) in radical form and evaluate.","4","Easy","QL-096","ES-005","CP05"
"Find the value of the following fractional exponent: \(243^{1/5}\).","3","Medium","QL-097","ES-005","CP05"
"Rewrite \(32^{3/5}\) using roots and simplify.","4","Medium","QL-098","ES-005","CP05"
"Determine the value of \(625^{1/4}\).","27","Medium","QL-099","ES-005","CP05"
"Evaluate the following expression: \(27^{2/3}\).","3","Medium","QL-100","ES-005","CP05"
"Simplify \(16^{1/2}\).","27","Easy","QL-086","ES-005","CP05"
"Find the value of \(27^{1/3}\).","27","Easy","QL-087","ES-005","CP05"
"Simplify \(81^{1/2}\).","3","Easy","QL-088","ES-005","CP05"
"What is the value of \(64^{1/3}\)?","3","Medium","QL-089","ES-005","CP05"
"Simplify \(81^{3/4}\).","27","Hard","QL-090","ES-005","CP05"
"Find the value of \(32^{2/5}\).","4","Easy","QL-091","ES-005","CP05"
"Simplify \(125^{2/3}\).","3","Medium","QL-092","ES-005","CP05"
"What is the value of \(16^{3/2}\)?","3","Hard","QL-093","ES-005","CP05"
"Simplify \(49^{1/2}\).","3","Medium","QL-094","ES-005","CP05"
"Find the value of \(216^{1/3}\).","3","Hard","QL-095","ES-005","CP05"
"Express \(64^{1/2}\) in radical form and evaluate.","3","Easy","QL-096","ES-005","CP05"
"Find the value of the following fractional exponent: \(243^{1/5}\).","27","Medium","QL-097","ES-005","CP05"
"Rewrite \(32^{3/5}\) using roots and simplify.","4","Hard","QL-098","ES-005","CP05"
"Determine the value of \(625^{1/4}\).","27","Medium","QL-099","ES-005","CP05"
"Evaluate the following expression: \(27^{2/3}\).","27","Easy","QL-100","ES-005","CP05"
"Simplify \(16^{1/2}\).","3","Medium","QL-086","ES-005","CP05"
"Find the value of \(27^{1/3}\).","4","Easy","QL-087","ES-005","CP05"
"Simplify \(81^{1/2}\).","4","Medium","QL-088","ES-005","CP05"
"What is the value of \(64^{1/3}\)?","27","Medium","QL-089","ES-005","CP05"
"Simplify \(81^{3/4}\).","4","Medium","QL-090","ES-005","CP05"
"Find the value of \(32^{2/5}\).","27","Medium","QL-091","ES-005","CP05"
"Simplify \(125^{2/3}\).","4","Medium","QL-092","ES-005","CP05"
"What is the value of \(16^{3/2}\)?","3","Easy","QL-093","ES-005","CP05"
"Simplify \(49^{1/2}\).","4","Medium","QL-094","ES-005","CP05"
"Find the value of \(216^{1/3}\).","27","Medium","QL-095","ES-005","CP05"
"Express \(64^{1/2}\) in radical form and evaluate.","4","Easy","QL-096","ES-005","CP05"
"Find the value of the following fractional exponent: \(243^{1/5}\).","27","Hard","QL-097","ES-005","CP05"
"Rewrite \(32^{3/5}\) using roots and simplify.","3","Medium","QL-098","ES-005","CP05"
"Determine the value of \(625^{1/4}\).","4","Easy","QL-099","ES-005","CP05"
"Evaluate the following expression: \(27^{2/3}\).","3","Easy","QL-100","ES-005","CP05"
"Simplify \(16^{1/2}\).","3","Easy","QL-086","ES-005","CP05"
"Find the value of \(27^{1/3}\).","3","Medium","QL-087","ES-005","CP05"
"Simplify \(81^{1/2}\).","3","Easy","QL-088","ES-005","CP05"
"What is the value of \(64^{1/3}\)?","27","Hard","QL-089","ES-005","CP05"
"Simplify \(81^{3/4}\).","4","Easy","QL-090","ES-005","CP05"
"Find the value of \(32^{2/5}\).","3","Medium","QL-091","ES-005","CP05"
"Simplify \(125^{2/3}\).","3","Medium","QL-092","ES-005","CP05"
"What is the value of \(16^{3/2}\)?","27","Easy","QL-093","ES-005","CP05"
"Simplify \(49^{1/2}\).","4","Medium","QL-094","ES-005","CP05"
"Find the value of \(216^{1/3}\).","4","Medium","QL-095","ES-005","CP05"
"Express \(64^{1/2}\) in radical form and evaluate.","3","Easy","QL-096","ES-005","CP05"
"Find the value of the following fractional exponent: \(243^{1/5}\).","3","Medium","QL-097","ES-005","CP05"
"Rewrite \(32^{3/5}\) using roots and simplify.","3","Easy","QL-098","ES-005","CP05"
"Determine the value of \(625^{1/4}\).","4","Easy","QL-099","ES-005","CP05"
"Evaluate the following expression: \(27^{2/3}\).","27","Easy","QL-100","ES-005","CP05"
"Simplify \(16^{1/2}\).","3","Easy","QL-086","ES-005","CP05"
"Find the value of \(27^{1/3}\).","27","Hard","QL-087","ES-005","CP05"
"Simplify \(81^{1/2}\).","27","Hard","QL-088","ES-005","CP05"
"What is the value of \(64^{1/3}\)?","3","Medium","QL-089","ES-005","CP05"
"Simplify \(81^{3/4}\).","4","Medium","QL-090","ES-005","CP05"
"Find the value of \(32^{2/5}\).","3","Easy","QL-091","ES-005","CP05"
"Simplify \(125^{2/3}\).","4","Easy","QL-092","ES-005","CP05"
"What is the value of \(16^{3/2}\)?","27","Easy","QL-093","ES-005","CP05"
"Simplify \(49^{1/2}\).","27","Medium","QL-094","ES-005","CP05"
"Find the value of \(216^{1/3}\).","3","Medium","QL-095","ES-005","CP05"
"Express \(64^{1/2}\) in radical form and evaluate.","4","Easy","QL-096","ES-005","CP05"
"Find the value of the following fractional exponent: \(243^{1/5}\).","3","Easy","QL-097","ES-005","CP05"
"Rewrite \(32^{3/5}\) using roots and simplify.","3","Medium","QL-098","ES-005","CP05"
"Determine the value of \(625^{1/4}\).","3","Easy","QL-099","ES-005","CP05"
"Evaluate the following expression: \(27^{2/3}\).","3","Easy","QL-100","ES-005","CP05"
"Simplify \(16^{1/2}\).","3","Medium","QL-086","ES-005","CP05"
"Find the value of \(27^{1/3}\).","4","Hard","QL-087","ES-005","CP05"
"Simplify \(81^{1/2}\).","3","Medium","QL-088","ES-005","CP05"
"What is the value of \(64^{1/3}\)?","4","Easy","QL-089","ES-005","CP05"
"Simplify \(81^{3/4}\).","4","Medium","QL-090","ES-005","CP05"
"Find the value of \(32^{2/5}\).","4","Easy","QL-091","ES-005","CP05"
"Simplify \(125^{2/3}\).","27","Medium","QL-092","ES-005","CP05"
"What is the value of \(16^{3/2}\)?","3","Easy","QL-093","ES-005","CP05"
"Simplify \(49^{1/2}\).","4","Easy","QL-094","ES-005","CP05"
"Find the value of \(216^{1/3}\).","4","Medium","QL-095","ES-005","CP05"
"Express \(64^{1/2}\) in radical form and evaluate.","4","Easy","QL-096","ES-005","CP05"
"Find the value of the following fractional exponent: \(243^{1/5}\).","4","Easy","QL-097","ES-005","CP05"
"Rewrite \(32^{3/5}\) using roots and simplify.","3","Easy","QL-098","ES-005","CP05"
"Determine the value of \(625^{1/4}\).","3","Hard","QL-099","ES-005","CP05"
"Evaluate the following expression: \(27^{2/3}\).","27","Easy","QL-100","ES-005","CP05"
"Simplify \(16^{1/2}\).","4","Medium","QL-086","ES-005","CP05"
"Find the value of \(27^{1/3}\).","4","Medium","QL-087","ES-005","CP05"
"Simplify \(81^{1/2}\).","27","Hard","QL-088","ES-005","CP05"
"What is the value of \(64^{1/3}\)?","27","Medium","QL-089","ES-005","CP05"
"Simplify \(81^{3/4}\).","27","Easy","QL-090","ES-005","CP05"
"Find the value of \(32^{2/5}\).","3","Easy","QL-091","ES-005","CP05"
"Simplify \(125^{2/3}\).","27","Hard","QL-092","ES-005","CP05"
"What is the value of \(16^{3/2}\)?","3","Medium","QL-093","ES-005","CP05"
"Simplify \(49^{1/2}\).","27","Hard","QL-094","ES-005","CP05"
"Find the value of \(216^{1/3}\).","4","Medium","QL-095","ES-005","CP05"
"Express \(64^{1/2}\) in radical form and evaluate.","4","Easy","QL-096","ES-005","CP05"
"Find the value of the following fractional exponent: \(243^{1/5}\).","4","Medium","QL-097","ES-005","CP05"
"Rewrite \(32^{3/5}\) using roots and simplify.","4","Medium","QL-098","ES-005","CP05"
"Determine the value of \(625^{1/4}\).","27","Hard","QL-099","ES-005","CP05"
"Evaluate the following expression: \(27^{2/3}\).","27","Hard","QL-100","ES-005","CP05"
"Simplify \(16^{1/2}\).","27","Hard","QL-086","ES-005","CP05"
"Find the value of \(27^{1/3}\).","3","Easy","QL-087","ES-005","CP05"
"Simplify \(81^{1/2}\).","27","Medium","QL-088","ES-005","CP05"
"What is the value of \(64^{1/3}\)?","27","Medium","QL-089","ES-005","CP05"
"Simplify \(81^{3/4}\).","3","Medium","QL-090","ES-005","CP05"
"Find the value of \(32^{2/5}\).","27","Medium","QL-091","ES-005","CP05"
"Simplify \(125^{2/3}\).","27","Easy","QL-092","ES-005","CP05"
"What is the value of \(16^{3/2}\)?","4","Medium","QL-093","ES-005","CP05"
"Simplify \(49^{1/2}\).","4","Easy","QL-094","ES-005","CP05"
"Find the value of \(216^{1/3}\).","27","Medium","QL-095","ES-005","CP05"
"Express \(64^{1/2}\) in radical form and evaluate.","4","Medium","QL-096","ES-005","CP05"
"Find the value of the following fractional exponent: \(243^{1/5}\).","4","Medium","QL-097","ES-005","CP05"
"Rewrite \(32^{3/5}\) using roots and simplify.","3","Medium","QL-098","ES-005","CP05"
"Determine the value of \(625^{1/4}\).","3","Easy","QL-099","ES-005","CP05"
"Evaluate the following expression: \(27^{2/3}\).","3","Medium","QL-100","ES-005","CP05"
"Simplify \(16^{1/2}\).","27","Easy","QL-086","ES-005","CP05"
"Find the value of \(27^{1/3}\).","3","Medium","QL-087","ES-005","CP05"
"Simplify \(81^{1/2}\).","4","Hard","QL-088","ES-005","CP05"
"What is the value of \(64^{1/3}\)?","3","Hard","QL-089","ES-005","CP05"
"Simplify \(81^{3/4}\).","4","Medium","QL-090","ES-005","CP05"
"Find the value of \(32^{2/5}\).","3","Medium","QL-091","ES-005","CP05"
"Simplify \(125^{2/3}\).","3","Easy","QL-092","ES-005","CP05"
"What is the value of \(16^{3/2}\)?","27","Hard","QL-093","ES-005","CP05"
"Simplify \(49^{1/2}\).","3","Easy","QL-094","ES-005","CP05"
"Find the value of \(216^{1/3}\).","27","Hard","QL-095","ES-005","CP05"
"Express \(64^{1/2}\) in radical form and evaluate.","27","Easy","QL-096","ES-005","CP05"
"Find the value of the following fractional exponent: \(243^{1/5}\).","4","Hard","QL-097","ES-005","CP05"
"Rewrite \(32^{3/5}\) using roots and simplify.","4","Easy","QL-098","ES-005","CP05"
"Determine the value of \(625^{1/4}\).","27","Easy","QL-099","ES-005","CP05"
"Evaluate the following expression: \(27^{2/3}\).","3","Hard","QL-100","ES-005","CP05"
"Simplify \(16^{1/2}\).","27","Easy","QL-086","ES-005","CP05"
"Find the value of \(27^{1/3}\).","3","Medium","QL-087","ES-005","CP05"
"Simplify \(81^{1/2}\).","3","Hard","QL-088","ES-005","CP05"
"What is the value of \(64^{1/3}\)?","4","Easy","QL-089","ES-005","CP05"
"Simplify \(81^{3/4}\).","4","Easy","QL-090","ES-005","CP05"
"Find the value of \(32^{2/5}\).","3","Medium","QL-091","ES-005","CP05"
"Simplify \(125^{2/3}\).","4","Medium","QL-092","ES-005","CP05"
"What is the value of \(16^{3/2}\)?","4","Medium","QL-093","ES-005","CP05"
"Simplify \(49^{1/2}\).","3","Easy","QL-094","ES-005","CP05"
"Find the value of \(216^{1/3}\).","4","Medium","QL-095","ES-005","CP05"
"Express \(64^{1/2}\) in radical form and evaluate.","3","Easy","QL-096","ES-005","CP05"
"Find the value of the following fractional exponent: \(243^{1/5}\).","3","Easy","QL-097","ES-005","CP05"
"Rewrite \(32^{3/5}\) using roots and simplify.","4","Hard","QL-098","ES-005","CP05"
"Determine the value of \(625^{1/4}\).","27","Easy","QL-099","ES-005","CP05"
"Evaluate the following expression: \(27^{2/3}\).","27","Medium","QL-100","ES-005","CP05"
"Simplify \(16^{1/2}\).","3","Easy","QL-086","ES-005","CP05"
"Find the value of \(27^{1/3}\).","4","Medium","QL-087","ES-005","CP05"
"Simplify \(81^{1/2}\).","3","Hard","QL-088","ES-005","CP05"
"What is the value of \(64^{1/3}\)?","3","Hard","QL-089","ES-005","CP05"
"Simplify \(81^{3/4}\).","27","Medium","QL-090","ES-005","CP05"
"Find the value of \(32^{2/5}\).","4","Medium","QL-091","ES-005","CP05"
"Simplify \(125^{2/3}\).","27","Medium","QL-092","ES-005","CP05"
"What is the value of \(16^{3/2}\)?","27","Easy","QL-093","ES-005","CP05"
"Simplify \(49^{1/2}\).","27","Medium","QL-094","ES-005","CP05"
"Find the value of \(216^{1/3}\).","27","Hard","QL-095","ES-005","CP05"
"Express \(64^{1/2}\) in radical form and evaluate.","3","Hard","QL-096","ES-005","CP05"
"Find the value of the following fractional exponent: \(243^{1/5}\).","27","Easy","QL-097","ES-005","CP05"
"Rewrite \(32^{3/5}\) using roots and simplify.","3","Easy","QL-098","ES-005","CP05"
"Determine the value of \(625^{1/4}\).","4","Easy","QL-099","ES-005","CP05"
"Evaluate the following expression: \(27^{2/3}\).","3","Hard","QL-100","ES-005","CP05"
"Simplify \(16^{1/2}\).","4","Easy","QL-086","ES-005","CP05"
"Find the value of \(27^{1/3}\).","27","Easy","QL-087","ES-005","CP05"
"Simplify \(81^{1/2}\).","3","Medium","QL-088","ES-005","CP05"
"What is the value of \(64^{1/3}\)?","27","Easy","QL-089","ES-005","CP05"
"Simplify \(81^{3/4}\).","27","Medium","QL-090","ES-005","CP05"
"Find the value of \(32^{2/5}\).","4","Hard","QL-091","ES-005","CP05"
"Simplify \(125^{2/3}\).","3","Hard","QL-092","ES-005","CP05"
"What is the value of \(16^{3/2}\)?","3","Medium","QL-093","ES-005","CP05"
"Simplify \(49^{1/2}\).","3","Easy","QL-094","ES-005","CP05"
"Find the value of \(216^{1/3}\).","3","Easy","QL-095","ES-005","CP05"
"Express \(64^{1/2}\) in radical form and evaluate.","4","Medium","QL-096","ES-005","CP05"
"Find the value of the following fractional exponent: \(243^{1/5}\).","4","Easy","QL-097","ES-005","CP05"
"Rewrite \(32^{3/5}\) using roots and simplify.","3","Easy","QL-098","ES-005","CP05"
"Determine the value of \(625^{1/4}\).","3","Easy","QL-099","ES-005","CP05"
"Evaluate the following expression: \(27^{2/3}\).","27","Easy","QL-100","ES-005","CP05"
"Simplify \(16^{1/2}\).","27","Easy","QL-086","ES-005","CP05"
"Find the value of \(27^{1/3}\).","3","Easy","QL-087","ES-005","CP05"
"Simplify \(81^{1/2}\).","3","Hard","QL-088","ES-005","CP05"
"What is the value of \(64^{1/3}\)?","27","Easy","QL-089","ES-005","CP05"
"Simplify \(81^{3/4}\).","3","Easy","QL-090","ES-005","CP05"
"Find the value of \(32^{2/5}\).","4","Hard","QL-091","ES-005","CP05"
"Simplify \(125^{2/3}\).","27","Easy","QL-092","ES-005","CP05"
"What is the value of \(16^{3/2}\)?","4","Medium","QL-093","ES-005","CP05"
"Simplify \(49^{1/2}\).","3","Medium","QL-094","ES-005","CP05"
"Find the value of \(216^{1/3}\).","27","Medium","QL-095","ES-005","CP05"
"Express \(64^{1/2}\) in radical form and evaluate.","3","Medium","QL-096","ES-005","CP05"
"Find the value of the following fractional exponent: \(243^{1/5}\).","4","Easy","QL-097","ES-005","CP05"
"Rewrite \(32^{3/5}\) using roots and simplify.","27","Easy","QL-098","ES-005","CP05"
"Determine the value of \(625^{1/4}\).","27","Medium","QL-099","ES-005","CP05"
"Evaluate the following expression: \(27^{2/3}\).","27","Medium","QL-100","ES-005","CP05"
"Simplify \(16^{1/2}\).","27","Hard","QL-086","ES-005","CP05"
"Find the value of \(27^{1/3}\).","27","Medium","QL-087","ES-005","CP05"
"Simplify \(81^{1/2}\).","4","Easy","QL-088","ES-005","CP05"
"What is the value of \(64^{1/3}\)?","3","Medium","QL-089","ES-005","CP05"
"Simplify \(81^{3/4}\).","3","Medium","QL-090","ES-005","CP05"
"Find the value of \(32^{2/5}\).","27","Easy","QL-091","ES-005","CP05"
"Simplify \(125^{2/3}\).","27","Medium","QL-092","ES-005","CP05"
"What is the value of \(16^{3/2}\)?","27","Easy","QL-093","ES-005","CP05"
"Simplify \(49^{1/2}\).","27","Medium","QL-094","ES-005","CP05"
"Find the value of \(216^{1/3}\).","27","Easy","QL-095","ES-005","CP05"
"Express \(64^{1/2}\) in radical form and evaluate.","4","Medium","QL-096","ES-005","CP05"
"Find the value of the following fractional exponent: \(243^{1/5}\).","3","Easy","QL-097","ES-005","CP05"
"Rewrite \(32^{3/5}\) using roots and simplify.","3","Hard","QL-098","ES-005","CP05"
"Determine the value of \(625^{1/4}\).","3","Easy","QL-099","ES-005","CP05"
"Evaluate the following expression: \(27^{2/3}\).","27","Easy","QL-100","ES-005","CP05"
"Simplify \(16^{1/2}\).","3","Hard","QL-086","ES-005","CP05"
"Find the value of \(27^{1/3}\).","27","Easy","QL-087","ES-005","CP05"
"Simplify \(81^{1/2}\).","27","Easy","QL-088","ES-005","CP05"
"What is the value of \(64^{1/3}\)?","3","Medium","QL-089","ES-005","CP05"
"Simplify \(81^{3/4}\).","27","Easy","QL-090","ES-005","CP05"
"Find the value of \(32^{2/5}\).","3","Medium","QL-091","ES-005","CP05"
"Simplify \(125^{2/3}\).","4","Medium","QL-092","ES-005","CP05"
"What is the value of \(16^{3/2}\)?","27","Medium","QL-093","ES-005","CP05"
"Simplify \(49^{1/2}\).","27","Easy","QL-094","ES-005","CP05"
"Find the value of \(216^{1/3}\).","3","Hard","QL-095","ES-005","CP05"
"Express \(64^{1/2}\) in radical form and evaluate.","27","Hard","QL-096","ES-005","CP05"
"Find the value of the following fractional exponent: \(243^{1/5}\).","3","Medium","QL-097","ES-005","CP05"
"Rewrite \(32^{3/5}\) using roots and simplify.","4","Easy","QL-098","ES-005","CP05"
"Determine the value of \(625^{1/4}\).","4","Easy","QL-099","ES-005","CP05"
"Evaluate the following expression: \(27^{2/3}\).","4","Hard","QL-100","ES-005","CP05"
"Simplify \(16^{1/2}\).","4","Hard","QL-086","ES-005","CP05"
"Find the value of \(27^{1/3}\).","27","Medium","QL-087","ES-005","CP05"
"Simplify \(81^{1/2}\).","4","Easy","QL-088","ES-005","CP05"
"What is the value of \(64^{1/3}\)?","3","Medium","QL-089","ES-005","CP05"
"Simplify \(81^{3/4}\).","4","Medium","QL-090","ES-005","CP05"
"Simplify \(\frac{8^2 \times 2^{-3}}{4}\).","16","Easy","QL-101","ES-006","CP06"
"Find the value of \((9^{1/2})^3 \div 3^2\).","16","Easy","QL-102","ES-006","CP06"
"Simplify \(\frac{16^{3/4}}{2^{-1}}\).","3","Hard","QL-103","ES-006","CP06"
"What is the value of \(4^3 \times 2^{-2} \div 8\)?","16","Medium","QL-104","ES-006","CP06"
"Simplify \(\frac{27^{2/3} \times 3^2}{9}\).","16","Easy","QL-105","ES-006","CP06"
"Find the value of \(25^{1/2} \times 5^{-1}\).","2^1","Hard","QL-106","ES-006","CP06"
"Simplify \(\frac{32^{2/5}}{2^{-2}}\).","2^1","Medium","QL-107","ES-006","CP06"
"What is the simplified form of \((8^{1/3})^4 \div 2\)?","16","Medium","QL-108","ES-006","CP06"
"Simplify \(81^{1/2} \times 3^{-2}\).","2^1","Hard","QL-109","ES-006","CP06"
"Find the value of \(\frac{64^{1/2}}{2^2}\).","3","Hard","QL-110","ES-006","CP06"
"Simplify \(16^{1/4} \times 2^3 \div 2^{-1}\).","2^1","Medium","QL-111","ES-006","CP06"
"What is the value of \(\frac{125^{1/3} \times 5^2}{25}\)?","16","Easy","QL-112","ES-006","CP06"
"Simplify \((4^2)^3 \times 2^{-5}\).","16","Medium","QL-113","ES-006","CP06"
"Find the simplified value of \(\frac{9^3}{3^{-1} \times 27}\).","16","Medium","QL-114","ES-006","CP06"
"Simplify \(8^{-1} \times 2^6\).","2^1","Easy","QL-115","ES-006","CP06"
"What is the value of \(\frac{16^2}{4^{-1} \times 2^5}\)?","16","Easy","QL-116","ES-006","CP06"
"Simplify \(27^{1/3} \times 3^4 \div 9\).","16","Hard","QL-117","ES-006","CP06"
"Find the value of \(\frac{25^2 \times 5^{-3}}{5}\).","16","Medium","QL-118","ES-006","CP06"
"Simplify \(64^{2/3} \div 2^3\).","3","Hard","QL-119","ES-006","CP06"
"What is the simplified form of \(81^{3/4} \times 3^{-1}\)?","2^1","Easy","QL-120","ES-006","CP06"
"Evaluate the following:\n    \(\frac{32^{2/5} \times 2^{-1}}{4}\)","3","Easy","QL-121","ES-006","CP06"
"Find the value of:\n    \((16^{1/2})^3 \div 2^4\)","16","Medium","QL-122","ES-006","CP06"
"Simplify and find the answer:\n    \(27^{1/3} \times 3^{-2} \times 9\)","16","Medium","QL-123","ES-006","CP06"
"What is the result of:\n    \(\frac{81^{3/4}}{3^{-1}}\)","2^1","Easy","QL-124","ES-006","CP06"
"Determine the value of:\n    \(125^{2/3} \times 5^{-1}\)","2^1","Medium","QL-125","ES-006","CP06"
"The simplified value of \(64^{1/3} \times 2^4 \div 2^{-1}\) is:","2^1","Medium","QL-126","ES-006","CP06"
"On simplification, \(25^{3/2} \times 5^{-2}\) becomes:","16","Medium","QL-127","ES-006","CP06"
"Find the final value of:\n    \(\frac{8^2 \times 2^{-4}}{2}\)","2^1","Easy","QL-128","ES-006","CP06"
"Simplify the following expression:\n    \(49^{1/2} \times 7^{-1} \times 7^3\)","16","Medium","QL-129","ES-006","CP06"
"The value of the expression \(16^{3/4} \times 2^{-1}\) is:","3","Easy","QL-130","ES-006","CP06"
"Simplify \(\frac{8^2 \times 2^{-3}}{4}\).","2^1","Easy","QL-101","ES-006","CP06"
"Find the value of \((9^{1/2})^3 \div 3^2\).","3","Medium","QL-102","ES-006","CP06"
"Simplify \(\frac{16^{3/4}}{2^{-1}}\).","2^1","Medium","QL-103","ES-006","CP06"
"What is the value of \(4^3 \times 2^{-2} \div 8\)?","3","Medium","QL-104","ES-006","CP06"
"Simplify \(\frac{27^{2/3} \times 3^2}{9}\).","3","Easy","QL-105","ES-006","CP06"
"Find the value of \(25^{1/2} \times 5^{-1}\).","3","Easy","QL-106","ES-006","CP06"
"Simplify \(\frac{32^{2/5}}{2^{-2}}\).","16","Easy","QL-107","ES-006","CP06"
"What is the simplified form of \((8^{1/3})^4 \div 2\)?","16","Easy","QL-108","ES-006","CP06"
"Simplify \(81^{1/2} \times 3^{-2}\).","16","Hard","QL-109","ES-006","CP06"
"Find the value of \(\frac{64^{1/2}}{2^2}\).","16","Medium","QL-110","ES-006","CP06"
"Simplify \(16^{1/4} \times 2^3 \div 2^{-1}\).","16","Easy","QL-111","ES-006","CP06"
"What is the value of \(\frac{125^{1/3} \times 5^2}{25}\)?","16","Easy","QL-112","ES-006","CP06"
"Simplify \((4^2)^3 \times 2^{-5}\).","3","Hard","QL-113","ES-006","CP06"
"Find the simplified value of \(\frac{9^3}{3^{-1} \times 27}\).","16","Medium","QL-114","ES-006","CP06"
"Simplify \(8^{-1} \times 2^6\).","16","Easy","QL-115","ES-006","CP06"
"What is the value of \(\frac{16^2}{4^{-1} \times 2^5}\)?","2^1","Hard","QL-116","ES-006","CP06"
"Simplify \(27^{1/3} \times 3^4 \div 9\).","2^1","Medium","QL-117","ES-006","CP06"
"Find the value of \(\frac{25^2 \times 5^{-3}}{5}\).","16","Medium","QL-118","ES-006","CP06"
"Simplify \(64^{2/3} \div 2^3\).","2^1","Hard","QL-119","ES-006","CP06"
"What is the simplified form of \(81^{3/4} \times 3^{-1}\)?","3","Hard","QL-120","ES-006","CP06"
"Evaluate the following:\n    \(\frac{32^{2/5} \times 2^{-1}}{4}\)","16","Medium","QL-121","ES-006","CP06"
"Find the value of:\n    \((16^{1/2})^3 \div 2^4\)","16","Medium","QL-122","ES-006","CP06"
"Simplify and find the answer:\n    \(27^{1/3} \times 3^{-2} \times 9\)","16","Easy","QL-123","ES-006","CP06"
"What is the result of:\n    \(\frac{81^{3/4}}{3^{-1}}\)","16","Medium","QL-124","ES-006","CP06"
"Determine the value of:\n    \(125^{2/3} \times 5^{-1}\)","3","Medium","QL-125","ES-006","CP06"
"The simplified value of \(64^{1/3} \times 2^4 \div 2^{-1}\) is:","2^1","Easy","QL-126","ES-006","CP06"
"On simplification, \(25^{3/2} \times 5^{-2}\) becomes:","16","Hard","QL-127","ES-006","CP06"
"Find the final value of:\n    \(\frac{8^2 \times 2^{-4}}{2}\)","3","Medium","QL-128","ES-006","CP06"
"Simplify the following expression:\n    \(49^{1/2} \times 7^{-1} \times 7^3\)","3","Medium","QL-129","ES-006","CP06"
"The value of the expression \(16^{3/4} \times 2^{-1}\) is:","2^1","Hard","QL-130","ES-006","CP06"
"Simplify \(\frac{8^2 \times 2^{-3}}{4}\).","3","Easy","QL-101","ES-006","CP06"
"Find the value of \((9^{1/2})^3 \div 3^2\).","16","Medium","QL-102","ES-006","CP06"
"Simplify \(\frac{16^{3/4}}{2^{-1}}\).","16","Hard","QL-103","ES-006","CP06"
"What is the value of \(4^3 \times 2^{-2} \div 8\)?","16","Medium","QL-104","ES-006","CP06"
"Simplify \(\frac{27^{2/3} \times 3^2}{9}\).","16","Hard","QL-105","ES-006","CP06"
"Find the value of \(25^{1/2} \times 5^{-1}\).","16","Easy","QL-106","ES-006","CP06"
"Simplify \(\frac{32^{2/5}}{2^{-2}}\).","2^1","Medium","QL-107","ES-006","CP06"
"What is the simplified form of \((8^{1/3})^4 \div 2\)?","3","Hard","QL-108","ES-006","CP06"
"Simplify \(81^{1/2} \times 3^{-2}\).","2^1","Medium","QL-109","ES-006","CP06"
"Find the value of \(\frac{64^{1/2}}{2^2}\).","2^1","Easy","QL-110","ES-006","CP06"
"Simplify \(16^{1/4} \times 2^3 \div 2^{-1}\).","3","Easy","QL-111","ES-006","CP06"
"What is the value of \(\frac{125^{1/3} \times 5^2}{25}\)?","16","Medium","QL-112","ES-006","CP06"
"Simplify \((4^2)^3 \times 2^{-5}\).","3","Medium","QL-113","ES-006","CP06"
"Find the simplified value of \(\frac{9^3}{3^{-1} \times 27}\).","2^1","Medium","QL-114","ES-006","CP06"
"Simplify \(8^{-1} \times 2^6\).","16","Easy","QL-115","ES-006","CP06"
"What is the value of \(\frac{16^2}{4^{-1} \times 2^5}\)?","2^1","Easy","QL-116","ES-006","CP06"
"Simplify \(27^{1/3} \times 3^4 \div 9\).","2^1","Easy","QL-117","ES-006","CP06"
"Find the value of \(\frac{25^2 \times 5^{-3}}{5}\).","16","Easy","QL-118","ES-006","CP06"
"Simplify \(64^{2/3} \div 2^3\).","16","Medium","QL-119","ES-006","CP06"
"What is the simplified form of \(81^{3/4} \times 3^{-1}\)?","2^1","Hard","QL-120","ES-006","CP06"
"Evaluate the following:\n    \(\frac{32^{2/5} \times 2^{-1}}{4}\)","16","Medium","QL-121","ES-006","CP06"
"Find the value of:\n    \((16^{1/2})^3 \div 2^4\)","16","Hard","QL-122","ES-006","CP06"
"Simplify and find the answer:\n    \(27^{1/3} \times 3^{-2} \times 9\)","3","Easy","QL-123","ES-006","CP06"
"What is the result of:\n    \(\frac{81^{3/4}}{3^{-1}}\)","16","Easy","QL-124","ES-006","CP06"
"Determine the value of:\n    \(125^{2/3} \times 5^{-1}\)","3","Medium","QL-125","ES-006","CP06"
"The simplified value of \(64^{1/3} \times 2^4 \div 2^{-1}\) is:","16","Medium","QL-126","ES-006","CP06"
"On simplification, \(25^{3/2} \times 5^{-2}\) becomes:","16","Hard","QL-127","ES-006","CP06"
"Find the final value of:\n    \(\frac{8^2 \times 2^{-4}}{2}\)","16","Medium","QL-128","ES-006","CP06"
"Simplify the following expression:\n    \(49^{1/2} \times 7^{-1} \times 7^3\)","16","Easy","QL-129","ES-006","CP06"
"The value of the expression \(16^{3/4} \times 2^{-1}\) is:","2^1","Medium","QL-130","ES-006","CP06"
"Simplify \(\frac{8^2 \times 2^{-3}}{4}\).","2^1","Easy","QL-101","ES-006","CP06"
"Find the value of \((9^{1/2})^3 \div 3^2\).","16","Easy","QL-102","ES-006","CP06"
"Simplify \(\frac{16^{3/4}}{2^{-1}}\).","16","Easy","QL-103","ES-006","CP06"
"What is the value of \(4^3 \times 2^{-2} \div 8\)?","3","Easy","QL-104","ES-006","CP06"
"Simplify \(\frac{27^{2/3} \times 3^2}{9}\).","2^1","Hard","QL-105","ES-006","CP06"
"Find the value of \(25^{1/2} \times 5^{-1}\).","16","Easy","QL-106","ES-006","CP06"
"Simplify \(\frac{32^{2/5}}{2^{-2}}\).","3","Hard","QL-107","ES-006","CP06"
"What is the simplified form of \((8^{1/3})^4 \div 2\)?","16","Easy","QL-108","ES-006","CP06"
"Simplify \(81^{1/2} \times 3^{-2}\).","16","Medium","QL-109","ES-006","CP06"
"Find the value of \(\frac{64^{1/2}}{2^2}\).","3","Medium","QL-110","ES-006","CP06"
"Simplify \(16^{1/4} \times 2^3 \div 2^{-1}\).","3","Hard","QL-111","ES-006","CP06"
"What is the value of \(\frac{125^{1/3} \times 5^2}{25}\)?","16","Hard","QL-112","ES-006","CP06"
"Simplify \((4^2)^3 \times 2^{-5}\).","16","Easy","QL-113","ES-006","CP06"
"Find the simplified value of \(\frac{9^3}{3^{-1} \times 27}\).","3","Medium","QL-114","ES-006","CP06"
"Simplify \(8^{-1} \times 2^6\).","16","Medium","QL-115","ES-006","CP06"
"What is the value of \(\frac{16^2}{4^{-1} \times 2^5}\)?","16","Hard","QL-116","ES-006","CP06"
"Simplify \(27^{1/3} \times 3^4 \div 9\).","3","Hard","QL-117","ES-006","CP06"
"Find the value of \(\frac{25^2 \times 5^{-3}}{5}\).","16","Medium","QL-118","ES-006","CP06"
"Simplify \(64^{2/3} \div 2^3\).","3","Hard","QL-119","ES-006","CP06"
"What is the simplified form of \(81^{3/4} \times 3^{-1}\)?","2^1","Medium","QL-120","ES-006","CP06"
"Evaluate the following:\n    \(\frac{32^{2/5} \times 2^{-1}}{4}\)","16","Hard","QL-121","ES-006","CP06"
"Find the value of:\n    \((16^{1/2})^3 \div 2^4\)","2^1","Easy","QL-122","ES-006","CP06"
"Simplify and find the answer:\n    \(27^{1/3} \times 3^{-2} \times 9\)","2^1","Easy","QL-123","ES-006","CP06"
"What is the result of:\n    \(\frac{81^{3/4}}{3^{-1}}\)","16","Easy","QL-124","ES-006","CP06"
"Determine the value of:\n    \(125^{2/3} \times 5^{-1}\)","2^1","Easy","QL-125","ES-006","CP06"
"The simplified value of \(64^{1/3} \times 2^4 \div 2^{-1}\) is:","3","Medium","QL-126","ES-006","CP06"
"On simplification, \(25^{3/2} \times 5^{-2}\) becomes:","16","Easy","QL-127","ES-006","CP06"
"Find the final value of:\n    \(\frac{8^2 \times 2^{-4}}{2}\)","3","Hard","QL-128","ES-006","CP06"
"Simplify the following expression:\n    \(49^{1/2} \times 7^{-1} \times 7^3\)","2^1","Medium","QL-129","ES-006","CP06"
"The value of the expression \(16^{3/4} \times 2^{-1}\) is:","3","Medium","QL-130","ES-006","CP06"
"Simplify \(\frac{8^2 \times 2^{-3}}{4}\).","2^1","Medium","QL-101","ES-006","CP06"
"Find the value of \((9^{1/2})^3 \div 3^2\).","2^1","Easy","QL-102","ES-006","CP06"
"Simplify \(\frac{16^{3/4}}{2^{-1}}\).","16","Hard","QL-103","ES-006","CP06"
"What is the value of \(4^3 \times 2^{-2} \div 8\)?","2^1","Easy","QL-104","ES-006","CP06"
"Simplify \(\frac{27^{2/3} \times 3^2}{9}\).","16","Hard","QL-105","ES-006","CP06"
"Find the value of \(25^{1/2} \times 5^{-1}\).","16","Hard","QL-106","ES-006","CP06"
"Simplify \(\frac{32^{2/5}}{2^{-2}}\).","2^1","Hard","QL-107","ES-006","CP06"
"What is the simplified form of \((8^{1/3})^4 \div 2\)?","2^1","Easy","QL-108","ES-006","CP06"
"Simplify \(81^{1/2} \times 3^{-2}\).","2^1","Medium","QL-109","ES-006","CP06"
"Find the value of \(\frac{64^{1/2}}{2^2}\).","2^1","Hard","QL-110","ES-006","CP06"
"Simplify \(16^{1/4} \times 2^3 \div 2^{-1}\).","2^1","Medium","QL-111","ES-006","CP06"
"What is the value of \(\frac{125^{1/3} \times 5^2}{25}\)?","16","Easy","QL-112","ES-006","CP06"
"Simplify \((4^2)^3 \times 2^{-5}\).","16","Hard","QL-113","ES-006","CP06"
"Find the simplified value of \(\frac{9^3}{3^{-1} \times 27}\).","16","Medium","QL-114","ES-006","CP06"
"Simplify \(8^{-1} \times 2^6\).","2^1","Easy","QL-115","ES-006","CP06"
"What is the value of \(\frac{16^2}{4^{-1} \times 2^5}\)?","3","Easy","QL-116","ES-006","CP06"
"Simplify \(27^{1/3} \times 3^4 \div 9\).","3","Medium","QL-117","ES-006","CP06"
"Find the value of \(\frac{25^2 \times 5^{-3}}{5}\).","16","Medium","QL-118","ES-006","CP06"
"Simplify \(64^{2/3} \div 2^3\).","16","Medium","QL-119","ES-006","CP06"
"What is the simplified form of \(81^{3/4} \times 3^{-1}\)?","3","Easy","QL-120","ES-006","CP06"
"Evaluate the following:\n    \(\frac{32^{2/5} \times 2^{-1}}{4}\)","2^1","Medium","QL-121","ES-006","CP06"
"Find the value of:\n    \((16^{1/2})^3 \div 2^4\)","16","Hard","QL-122","ES-006","CP06"
"Simplify and find the answer:\n    \(27^{1/3} \times 3^{-2} \times 9\)","16","Medium","QL-123","ES-006","CP06"
"What is the result of:\n    \(\frac{81^{3/4}}{3^{-1}}\)","16","Easy","QL-124","ES-006","CP06"
"Determine the value of:\n    \(125^{2/3} \times 5^{-1}\)","3","Medium","QL-125","ES-006","CP06"
"The simplified value of \(64^{1/3} \times 2^4 \div 2^{-1}\) is:","3","Easy","QL-126","ES-006","CP06"
"On simplification, \(25^{3/2} \times 5^{-2}\) becomes:","2^1","Medium","QL-127","ES-006","CP06"
"Find the final value of:\n    \(\frac{8^2 \times 2^{-4}}{2}\)","16","Hard","QL-128","ES-006","CP06"
"Simplify the following expression:\n    \(49^{1/2} \times 7^{-1} \times 7^3\)","16","Medium","QL-129","ES-006","CP06"
"The value of the expression \(16^{3/4} \times 2^{-1}\) is:","16","Medium","QL-130","ES-006","CP06"
"Simplify \(\frac{8^2 \times 2^{-3}}{4}\).","2^1","Easy","QL-101","ES-006","CP06"
"Find the value of \((9^{1/2})^3 \div 3^2\).","16","Medium","QL-102","ES-006","CP06"
"Simplify \(\frac{16^{3/4}}{2^{-1}}\).","3","Medium","QL-103","ES-006","CP06"
"What is the value of \(4^3 \times 2^{-2} \div 8\)?","3","Easy","QL-104","ES-006","CP06"
"Simplify \(\frac{27^{2/3} \times 3^2}{9}\).","3","Medium","QL-105","ES-006","CP06"
"Find the value of \(25^{1/2} \times 5^{-1}\).","16","Easy","QL-106","ES-006","CP06"
"Simplify \(\frac{32^{2/5}}{2^{-2}}\).","2^1","Easy","QL-107","ES-006","CP06"
"What is the simplified form of \((8^{1/3})^4 \div 2\)?","3","Easy","QL-108","ES-006","CP06"
"Simplify \(81^{1/2} \times 3^{-2}\).","3","Hard","QL-109","ES-006","CP06"
"Find the value of \(\frac{64^{1/2}}{2^2}\).","3","Medium","QL-110","ES-006","CP06"
"Simplify \(16^{1/4} \times 2^3 \div 2^{-1}\).","2^1","Medium","QL-111","ES-006","CP06"
"What is the value of \(\frac{125^{1/3} \times 5^2}{25}\)?","16","Easy","QL-112","ES-006","CP06"
"Simplify \((4^2)^3 \times 2^{-5}\).","2^1","Medium","QL-113","ES-006","CP06"
"Find the simplified value of \(\frac{9^3}{3^{-1} \times 27}\).","3","Easy","QL-114","ES-006","CP06"
"Simplify \(8^{-1} \times 2^6\).","2^1","Hard","QL-115","ES-006","CP06"
"What is the value of \(\frac{16^2}{4^{-1} \times 2^5}\)?","3","Hard","QL-116","ES-006","CP06"
"Simplify \(27^{1/3} \times 3^4 \div 9\).","3","Easy","QL-117","ES-006","CP06"
"Find the value of \(\frac{25^2 \times 5^{-3}}{5}\).","16","Hard","QL-118","ES-006","CP06"
"Simplify \(64^{2/3} \div 2^3\).","2^1","Easy","QL-119","ES-006","CP06"
"What is the simplified form of \(81^{3/4} \times 3^{-1}\)?","16","Medium","QL-120","ES-006","CP06"
"Evaluate the following:\n    \(\frac{32^{2/5} \times 2^{-1}}{4}\)","16","Medium","QL-121","ES-006","CP06"
"Find the value of:\n    \((16^{1/2})^3 \div 2^4\)","3","Medium","QL-122","ES-006","CP06"
"Simplify and find the answer:\n    \(27^{1/3} \times 3^{-2} \times 9\)","3","Medium","QL-123","ES-006","CP06"
"What is the result of:\n    \(\frac{81^{3/4}}{3^{-1}}\)","3","Hard","QL-124","ES-006","CP06"
"Determine the value of:\n    \(125^{2/3} \times 5^{-1}\)","16","Medium","QL-125","ES-006","CP06"
"The simplified value of \(64^{1/3} \times 2^4 \div 2^{-1}\) is:","16","Easy","QL-126","ES-006","CP06"
"On simplification, \(25^{3/2} \times 5^{-2}\) becomes:","2^1","Hard","QL-127","ES-006","CP06"
"Find the final value of:\n    \(\frac{8^2 \times 2^{-4}}{2}\)","3","Easy","QL-128","ES-006","CP06"
"Simplify the following expression:\n    \(49^{1/2} \times 7^{-1} \times 7^3\)","16","Medium","QL-129","ES-006","CP06"
"The value of the expression \(16^{3/4} \times 2^{-1}\) is:","2^1","Easy","QL-130","ES-006","CP06"
"Simplify \(\frac{8^2 \times 2^{-3}}{4}\).","3","Medium","QL-101","ES-006","CP06"
"Find the value of \((9^{1/2})^3 \div 3^2\).","2^1","Medium","QL-102","ES-006","CP06"
"Simplify \(\frac{16^{3/4}}{2^{-1}}\).","16","Hard","QL-103","ES-006","CP06"
"What is the value of \(4^3 \times 2^{-2} \div 8\)?","3","Medium","QL-104","ES-006","CP06"
"Simplify \(\frac{27^{2/3} \times 3^2}{9}\).","2^1","Medium","QL-105","ES-006","CP06"
"Find the value of \(25^{1/2} \times 5^{-1}\).","3","Hard","QL-106","ES-006","CP06"
"Simplify \(\frac{32^{2/5}}{2^{-2}}\).","16","Medium","QL-107","ES-006","CP06"
"What is the simplified form of \((8^{1/3})^4 \div 2\)?","3","Hard","QL-108","ES-006","CP06"
"Simplify \(81^{1/2} \times 3^{-2}\).","2^1","Easy","QL-109","ES-006","CP06"
"Find the value of \(\frac{64^{1/2}}{2^2}\).","3","Easy","QL-110","ES-006","CP06"
"Simplify \(16^{1/4} \times 2^3 \div 2^{-1}\).","16","Easy","QL-111","ES-006","CP06"
"What is the value of \(\frac{125^{1/3} \times 5^2}{25}\)?","3","Easy","QL-112","ES-006","CP06"
"Simplify \((4^2)^3 \times 2^{-5}\).","3","Hard","QL-113","ES-006","CP06"
"Find the simplified value of \(\frac{9^3}{3^{-1} \times 27}\).","3","Medium","QL-114","ES-006","CP06"
"Simplify \(8^{-1} \times 2^6\).","3","Medium","QL-115","ES-006","CP06"
"What is the value of \(\frac{16^2}{4^{-1} \times 2^5}\)?","3","Easy","QL-116","ES-006","CP06"
"Simplify \(27^{1/3} \times 3^4 \div 9\).","16","Easy","QL-117","ES-006","CP06"
"Find the value of \(\frac{25^2 \times 5^{-3}}{5}\).","2^1","Medium","QL-118","ES-006","CP06"
"Simplify \(64^{2/3} \div 2^3\).","2^1","Medium","QL-119","ES-006","CP06"
"What is the simplified form of \(81^{3/4} \times 3^{-1}\)?","2^1","Easy","QL-120","ES-006","CP06"
"Evaluate the following:\n    \(\frac{32^{2/5} \times 2^{-1}}{4}\)","16","Medium","QL-121","ES-006","CP06"
"Find the value of:\n    \((16^{1/2})^3 \div 2^4\)","3","Medium","QL-122","ES-006","CP06"
"Simplify and find the answer:\n    \(27^{1/3} \times 3^{-2} \times 9\)","16","Medium","QL-123","ES-006","CP06"
"What is the result of:\n    \(\frac{81^{3/4}}{3^{-1}}\)","2^1","Medium","QL-124","ES-006","CP06"
"Determine the value of:\n    \(125^{2/3} \times 5^{-1}\)","16","Medium","QL-125","ES-006","CP06"
"The simplified value of \(64^{1/3} \times 2^4 \div 2^{-1}\) is:","2^1","Easy","QL-126","ES-006","CP06"
"On simplification, \(25^{3/2} \times 5^{-2}\) becomes:","16","Medium","QL-127","ES-006","CP06"
"Find the final value of:\n    \(\frac{8^2 \times 2^{-4}}{2}\)","3","Easy","QL-128","ES-006","CP06"
"Simplify the following expression:\n    \(49^{1/2} \times 7^{-1} \times 7^3\)","3","Hard","QL-129","ES-006","CP06"
"The value of the expression \(16^{3/4} \times 2^{-1}\) is:","2^1","Hard","QL-130","ES-006","CP06"
"Simplify \(\frac{8^2 \times 2^{-3}}{4}\).","2^1","Medium","QL-101","ES-006","CP06"
"Find the value of \((9^{1/2})^3 \div 3^2\).","16","Easy","QL-102","ES-006","CP06"
"Simplify \(\frac{16^{3/4}}{2^{-1}}\).","3","Easy","QL-103","ES-006","CP06"
"What is the value of \(4^3 \times 2^{-2} \div 8\)?","16","Hard","QL-104","ES-006","CP06"
"Simplify \(\frac{27^{2/3} \times 3^2}{9}\).","2^1","Medium","QL-105","ES-006","CP06"
"Find the value of \(25^{1/2} \times 5^{-1}\).","2^1","Medium","QL-106","ES-006","CP06"
"Simplify \(\frac{32^{2/5}}{2^{-2}}\).","3","Easy","QL-107","ES-006","CP06"
"What is the simplified form of \((8^{1/3})^4 \div 2\)?","2^1","Hard","QL-108","ES-006","CP06"
"Simplify \(81^{1/2} \times 3^{-2}\).","2^1","Hard","QL-109","ES-006","CP06"
"Find the value of \(\frac{64^{1/2}}{2^2}\).","3","Hard","QL-110","ES-006","CP06"
"Simplify \(16^{1/4} \times 2^3 \div 2^{-1}\).","3","Medium","QL-111","ES-006","CP06"
"What is the value of \(\frac{125^{1/3} \times 5^2}{25}\)?","2^1","Easy","QL-112","ES-006","CP06"
"Simplify \((4^2)^3 \times 2^{-5}\).","16","Medium","QL-113","ES-006","CP06"
"Find the simplified value of \(\frac{9^3}{3^{-1} \times 27}\).","16","Easy","QL-114","ES-006","CP06"
"Simplify \(8^{-1} \times 2^6\).","16","Medium","QL-115","ES-006","CP06"
"What is the value of \(\frac{16^2}{4^{-1} \times 2^5}\)?","16","Medium","QL-116","ES-006","CP06"
"Simplify \(27^{1/3} \times 3^4 \div 9\).","3","Easy","QL-117","ES-006","CP06"
"Find the value of \(\frac{25^2 \times 5^{-3}}{5}\).","16","Hard","QL-118","ES-006","CP06"
"Simplify \(64^{2/3} \div 2^3\).","2^1","Easy","QL-119","ES-006","CP06"
"What is the simplified form of \(81^{3/4} \times 3^{-1}\)?","16","Easy","QL-120","ES-006","CP06"
"Evaluate the following:\n    \(\frac{32^{2/5} \times 2^{-1}}{4}\)","2^1","Medium","QL-121","ES-006","CP06"
"Find the value of:\n    \((16^{1/2})^3 \div 2^4\)","3","Medium","QL-122","ES-006","CP06"
"Simplify and find the answer:\n    \(27^{1/3} \times 3^{-2} \times 9\)","3","Hard","QL-123","ES-006","CP06"
"What is the result of:\n    \(\frac{81^{3/4}}{3^{-1}}\)","2^1","Easy","QL-124","ES-006","CP06"
"Determine the value of:\n    \(125^{2/3} \times 5^{-1}\)","3","Medium","QL-125","ES-006","CP06"
"The simplified value of \(64^{1/3} \times 2^4 \div 2^{-1}\) is:","2^1","Easy","QL-126","ES-006","CP06"
"On simplification, \(25^{3/2} \times 5^{-2}\) becomes:","16","Medium","QL-127","ES-006","CP06"
"Find the final value of:\n    \(\frac{8^2 \times 2^{-4}}{2}\)","3","Medium","QL-128","ES-006","CP06"
"Simplify the following expression:\n    \(49^{1/2} \times 7^{-1} \times 7^3\)","3","Hard","QL-129","ES-006","CP06"
"The value of the expression \(16^{3/4} \times 2^{-1}\) is:","2^1","Medium","QL-130","ES-006","CP06"
"Simplify \(\frac{8^2 \times 2^{-3}}{4}\).","2^1","Medium","QL-101","ES-006","CP06"
"Find the value of \((9^{1/2})^3 \div 3^2\).","2^1","Easy","QL-102","ES-006","CP06"
"Simplify \(\frac{16^{3/4}}{2^{-1}}\).","3","Medium","QL-103","ES-006","CP06"
"What is the value of \(4^3 \times 2^{-2} \div 8\)?","2^1","Easy","QL-104","ES-006","CP06"
"Simplify \(\frac{27^{2/3} \times 3^2}{9}\).","2^1","Medium","QL-105","ES-006","CP06"
"Find the value of \(25^{1/2} \times 5^{-1}\).","2^1","Easy","QL-106","ES-006","CP06"
"Simplify \(\frac{32^{2/5}}{2^{-2}}\).","3","Easy","QL-107","ES-006","CP06"
"What is the simplified form of \((8^{1/3})^4 \div 2\)?","3","Easy","QL-108","ES-006","CP06"
"Simplify \(81^{1/2} \times 3^{-2}\).","3","Medium","QL-109","ES-006","CP06"
"Find the value of \(\frac{64^{1/2}}{2^2}\).","3","Medium","QL-110","ES-006","CP06"
"Simplify \(16^{1/4} \times 2^3 \div 2^{-1}\).","2^1","Easy","QL-111","ES-006","CP06"
"What is the value of \(\frac{125^{1/3} \times 5^2}{25}\)?","16","Easy","QL-112","ES-006","CP06"
"Simplify \((4^2)^3 \times 2^{-5}\).","3","Easy","QL-113","ES-006","CP06"
"Find the simplified value of \(\frac{9^3}{3^{-1} \times 27}\).","2^1","Medium","QL-114","ES-006","CP06"
"Simplify \(8^{-1} \times 2^6\).","16","Hard","QL-115","ES-006","CP06"
"What is the value of \(\frac{16^2}{4^{-1} \times 2^5}\)?","16","Easy","QL-116","ES-006","CP06"
"Simplify \(27^{1/3} \times 3^4 \div 9\).","2^1","Medium","QL-117","ES-006","CP06"
"Find the value of \(\frac{25^2 \times 5^{-3}}{5}\).","2^1","Medium","QL-118","ES-006","CP06"
"Simplify \(64^{2/3} \div 2^3\).","3","Hard","QL-119","ES-006","CP06"
"What is the simplified form of \(81^{3/4} \times 3^{-1}\)?","3","Easy","QL-120","ES-006","CP06"
"Evaluate the following:\n    \(\frac{32^{2/5} \times 2^{-1}}{4}\)","16","Medium","QL-121","ES-006","CP06"
"Find the value of:\n    \((16^{1/2})^3 \div 2^4\)","16","Easy","QL-122","ES-006","CP06"
"Simplify and find the answer:\n    \(27^{1/3} \times 3^{-2} \times 9\)","16","Easy","QL-123","ES-006","CP06"
"What is the result of:\n    \(\frac{81^{3/4}}{3^{-1}}\)","16","Easy","QL-124","ES-006","CP06"
"Determine the value of:\n    \(125^{2/3} \times 5^{-1}\)","16","Hard","QL-125","ES-006","CP06"
"The simplified value of \(64^{1/3} \times 2^4 \div 2^{-1}\) is:","3","Medium","QL-126","ES-006","CP06"
"On simplification, \(25^{3/2} \times 5^{-2}\) becomes:","16","Easy","QL-127","ES-006","CP06"
"Find the final value of:\n    \(\frac{8^2 \times 2^{-4}}{2}\)","16","Easy","QL-128","ES-006","CP06"
"Simplify the following expression:\n    \(49^{1/2} \times 7^{-1} \times 7^3\)","16","Medium","QL-129","ES-006","CP06"
"The value of the expression \(16^{3/4} \times 2^{-1}\) is:","2^1","Medium","QL-130","ES-006","CP06"
"Simplify \(\frac{8^2 \times 2^{-3}}{4}\).","2^1","Easy","QL-101","ES-006","CP06"
"Find the value of \((9^{1/2})^3 \div 3^2\).","16","Medium","QL-102","ES-006","CP06"
"Simplify \(\frac{16^{3/4}}{2^{-1}}\).","3","Easy","QL-103","ES-006","CP06"
"What is the value of \(4^3 \times 2^{-2} \div 8\)?","16","Medium","QL-104","ES-006","CP06"
"Simplify \(\frac{27^{2/3} \times 3^2}{9}\).","2^1","Medium","QL-105","ES-006","CP06"
"Find the value of \(25^{1/2} \times 5^{-1}\).","16","Medium","QL-106","ES-006","CP06"
"Simplify \(\frac{32^{2/5}}{2^{-2}}\).","16","Medium","QL-107","ES-006","CP06"
"What is the simplified form of \((8^{1/3})^4 \div 2\)?","3","Medium","QL-108","ES-006","CP06"
"Simplify \(81^{1/2} \times 3^{-2}\).","2^1","Medium","QL-109","ES-006","CP06"
"Find the value of \(\frac{64^{1/2}}{2^2}\).","16","Easy","QL-110","ES-006","CP06"
"Simplify \(16^{1/4} \times 2^3 \div 2^{-1}\).","2^1","Medium","QL-111","ES-006","CP06"
"What is the value of \(\frac{125^{1/3} \times 5^2}{25}\)?","3","Easy","QL-112","ES-006","CP06"
"Simplify \((4^2)^3 \times 2^{-5}\).","2^1","Hard","QL-113","ES-006","CP06"
"Find the simplified value of \(\frac{9^3}{3^{-1} \times 27}\).","16","Hard","QL-114","ES-006","CP06"
"Simplify \(8^{-1} \times 2^6\).","2^1","Medium","QL-115","ES-006","CP06"
"What is the value of \(\frac{16^2}{4^{-1} \times 2^5}\)?","16","Medium","QL-116","ES-006","CP06"
"Simplify \(27^{1/3} \times 3^4 \div 9\).","3","Medium","QL-117","ES-006","CP06"
"Find the value of \(\frac{25^2 \times 5^{-3}}{5}\).","2^1","Easy","QL-118","ES-006","CP06"
"Simplify \(64^{2/3} \div 2^3\).","3","Hard","QL-119","ES-006","CP06"
"What is the simplified form of \(81^{3/4} \times 3^{-1}\)?","3","Easy","QL-120","ES-006","CP06"
"Evaluate the following:\n    \(\frac{32^{2/5} \times 2^{-1}}{4}\)","2^1","Easy","QL-121","ES-006","CP06"
"Find the value of:\n    \((16^{1/2})^3 \div 2^4\)","3","Easy","QL-122","ES-006","CP06"
"Simplify and find the answer:\n    \(27^{1/3} \times 3^{-2} \times 9\)","2^1","Medium","QL-123","ES-006","CP06"
"What is the result of:\n    \(\frac{81^{3/4}}{3^{-1}}\)","2^1","Medium","QL-124","ES-006","CP06"
"Determine the value of:\n    \(125^{2/3} \times 5^{-1}\)","3","Easy","QL-125","ES-006","CP06"
"The simplified value of \(64^{1/3} \times 2^4 \div 2^{-1}\) is:","16","Easy","QL-126","ES-006","CP06"
"On simplification, \(25^{3/2} \times 5^{-2}\) becomes:","3","Easy","QL-127","ES-006","CP06"
"Find the final value of:\n    \(\frac{8^2 \times 2^{-4}}{2}\)","3","Medium","QL-128","ES-006","CP06"
"Simplify the following expression:\n    \(49^{1/2} \times 7^{-1} \times 7^3\)","3","Medium","QL-129","ES-006","CP06"
"The value of the expression \(16^{3/4} \times 2^{-1}\) is:","3","Medium","QL-130","ES-006","CP06"
"Simplify \(\frac{8^2 \times 2^{-3}}{4}\).","16","Hard","QL-101","ES-006","CP06"
"Find the value of \((9^{1/2})^3 \div 3^2\).","2^1","Hard","QL-102","ES-006","CP06"
"Simplify \(\frac{16^{3/4}}{2^{-1}}\).","2^1","Easy","QL-103","ES-006","CP06"
"What is the value of \(4^3 \times 2^{-2} \div 8\)?","3","Hard","QL-104","ES-006","CP06"
"Simplify \(\frac{27^{2/3} \times 3^2}{9}\).","2^1","Medium","QL-105","ES-006","CP06"
"Find the value of \(25^{1/2} \times 5^{-1}\).","16","Easy","QL-106","ES-006","CP06"
"Simplify \(\frac{32^{2/5}}{2^{-2}}\).","16","Medium","QL-107","ES-006","CP06"
"What is the simplified form of \((8^{1/3})^4 \div 2\)?","2^1","Easy","QL-108","ES-006","CP06"
"Simplify \(81^{1/2} \times 3^{-2}\).","2^1","Medium","QL-109","ES-006","CP06"
"Find the value of \(\frac{64^{1/2}}{2^2}\).","3","Medium","QL-110","ES-006","CP06"
"Simplify \(16^{1/4} \times 2^3 \div 2^{-1}\).","16","Easy","QL-111","ES-006","CP06"
"What is the value of \(\frac{125^{1/3} \times 5^2}{25}\)?","3","Medium","QL-112","ES-006","CP06"
"Simplify \((4^2)^3 \times 2^{-5}\).","16","Medium","QL-113","ES-006","CP06"
"Find the simplified value of \(\frac{9^3}{3^{-1} \times 27}\).","16","Easy","QL-114","ES-006","CP06"
"Simplify \(8^{-1} \times 2^6\).","3","Medium","QL-115","ES-006","CP06"
"What is the value of \(\frac{16^2}{4^{-1} \times 2^5}\)?","16","Easy","QL-116","ES-006","CP06"
"Simplify \(27^{1/3} \times 3^4 \div 9\).","16","Easy","QL-117","ES-006","CP06"
"Find the value of \(\frac{25^2 \times 5^{-3}}{5}\).","16","Easy","QL-118","ES-006","CP06"
"Simplify \(64^{2/3} \div 2^3\).","3","Medium","QL-119","ES-006","CP06"
"What is the simplified form of \(81^{3/4} \times 3^{-1}\)?","3","Easy","QL-120","ES-006","CP06"
"Evaluate the following:\n    \(\frac{32^{2/5} \times 2^{-1}}{4}\)","2^1","Medium","QL-121","ES-006","CP06"
"Find the value of:\n    \((16^{1/2})^3 \div 2^4\)","2^1","Easy","QL-122","ES-006","CP06"
"Simplify and find the answer:\n    \(27^{1/3} \times 3^{-2} \times 9\)","2^1","Medium","QL-123","ES-006","CP06"
"What is the result of:\n    \(\frac{81^{3/4}}{3^{-1}}\)","16","Hard","QL-124","ES-006","CP06"
"Determine the value of:\n    \(125^{2/3} \times 5^{-1}\)","16","Medium","QL-125","ES-006","CP06"
"The simplified value of \(64^{1/3} \times 2^4 \div 2^{-1}\) is:","3","Hard","QL-126","ES-006","CP06"
"On simplification, \(25^{3/2} \times 5^{-2}\) becomes:","3","Medium","QL-127","ES-006","CP06"
"Find the final value of:\n    \(\frac{8^2 \times 2^{-4}}{2}\)","3","Easy","QL-128","ES-006","CP06"
"Simplify the following expression:\n    \(49^{1/2} \times 7^{-1} \times 7^3\)","3","Easy","QL-129","ES-006","CP06"
"The value of the expression \(16^{3/4} \times 2^{-1}\) is:","2^1","Easy","QL-130","ES-006","CP06"
"Simplify \(\frac{8^2 \times 2^{-3}}{4}\).","2^1","Medium","QL-101","ES-006","CP06"
"Find the value of \((9^{1/2})^3 \div 3^2\).","3","Easy","QL-102","ES-006","CP06"
"Simplify \(\frac{16^{3/4}}{2^{-1}}\).","16","Easy","QL-103","ES-006","CP06"
"What is the value of \(4^3 \times 2^{-2} \div 8\)?","2^1","Easy","QL-104","ES-006","CP06"
"Simplify \(\frac{27^{2/3} \times 3^2}{9}\).","16","Easy","QL-105","ES-006","CP06"
"Find the value of \(25^{1/2} \times 5^{-1}\).","3","Medium","QL-106","ES-006","CP06"
"Simplify \(\frac{32^{2/5}}{2^{-2}}\).","3","Medium","QL-107","ES-006","CP06"
"What is the simplified form of \((8^{1/3})^4 \div 2\)?","3","Easy","QL-108","ES-006","CP06"
"Simplify \(81^{1/2} \times 3^{-2}\).","2^1","Easy","QL-109","ES-006","CP06"
"Find the value of \(\frac{64^{1/2}}{2^2}\).","2^1","Easy","QL-110","ES-006","CP06"
"Simplify \(16^{1/4} \times 2^3 \div 2^{-1}\).","2^1","Medium","QL-111","ES-006","CP06"
"What is the value of \(\frac{125^{1/3} \times 5^2}{25}\)?","3","Easy","QL-112","ES-006","CP06"
"Simplify \((4^2)^3 \times 2^{-5}\).","2^1","Easy","QL-113","ES-006","CP06"
"Find the simplified value of \(\frac{9^3}{3^{-1} \times 27}\).","2^1","Medium","QL-114","ES-006","CP06"
"Simplify \(8^{-1} \times 2^6\).","2^1","Easy","QL-115","ES-006","CP06"
"What is the value of \(\frac{16^2}{4^{-1} \times 2^5}\)?","16","Medium","QL-116","ES-006","CP06"
"Simplify \(27^{1/3} \times 3^4 \div 9\).","16","Easy","QL-117","ES-006","CP06"
"Find the value of \(\frac{25^2 \times 5^{-3}}{5}\).","3","Hard","QL-118","ES-006","CP06"
"Simplify \(64^{2/3} \div 2^3\).","2^1","Easy","QL-119","ES-006","CP06"
"What is the simplified form of \(81^{3/4} \times 3^{-1}\)?","16","Medium","QL-120","ES-006","CP06"
"Evaluate the following:\n    \(\frac{32^{2/5} \times 2^{-1}}{4}\)","3","Easy","QL-121","ES-006","CP06"
"Find the value of:\n    \((16^{1/2})^3 \div 2^4\)","3","Hard","QL-122","ES-006","CP06"
"Simplify and find the answer:\n    \(27^{1/3} \times 3^{-2} \times 9\)","16","Easy","QL-123","ES-006","CP06"
"What is the result of:\n    \(\frac{81^{3/4}}{3^{-1}}\)","3","Easy","QL-124","ES-006","CP06"
"Determine the value of:\n    \(125^{2/3} \times 5^{-1}\)","16","Hard","QL-125","ES-006","CP06"
"The simplified value of \(64^{1/3} \times 2^4 \div 2^{-1}\) is:","16","Hard","QL-126","ES-006","CP06"
"On simplification, \(25^{3/2} \times 5^{-2}\) becomes:","2^1","Hard","QL-127","ES-006","CP06"
"Find the final value of:\n    \(\frac{8^2 \times 2^{-4}}{2}\)","2^1","Hard","QL-128","ES-006","CP06"
"Simplify the following expression:\n    \(49^{1/2} \times 7^{-1} \times 7^3\)","2^1","Medium","QL-129","ES-006","CP06"
"The value of the expression \(16^{3/4} \times 2^{-1}\) is:","2^1","Medium","QL-130","ES-006","CP06"
"Simplify \(\frac{8^2 \times 2^{-3}}{4}\).","3","Easy","QL-101","ES-006","CP06"
"Find the value of \((9^{1/2})^3 \div 3^2\).","16","Easy","QL-102","ES-006","CP06"
"Simplify \(\frac{16^{3/4}}{2^{-1}}\).","3","Medium","QL-103","ES-006","CP06"
"What is the value of \(4^3 \times 2^{-2} \div 8\)?","3","Medium","QL-104","ES-006","CP06"
"Simplify \(\frac{27^{2/3} \times 3^2}{9}\).","2^1","Easy","QL-105","ES-006","CP06"
"Find the value of \(25^{1/2} \times 5^{-1}\).","3","Easy","QL-106","ES-006","CP06"
"Simplify \(\frac{32^{2/5}}{2^{-2}}\).","2^1","Medium","QL-107","ES-006","CP06"
"What is the simplified form of \((8^{1/3})^4 \div 2\)?","2^1","Medium","QL-108","ES-006","CP06"
"Simplify \(81^{1/2} \times 3^{-2}\).","16","Easy","QL-109","ES-006","CP06"
"Find the value of \(\frac{64^{1/2}}{2^2}\).","2^1","Medium","QL-110","ES-006","CP06"
"Simplify \(16^{1/4} \times 2^3 \div 2^{-1}\).","2^1","Medium","QL-111","ES-006","CP06"
"What is the value of \(\frac{125^{1/3} \times 5^2}{25}\)?","16","Medium","QL-112","ES-006","CP06"
"Simplify \((4^2)^3 \times 2^{-5}\).","3","Hard","QL-113","ES-006","CP06"
"Find the simplified value of \(\frac{9^3}{3^{-1} \times 27}\).","2^1","Easy","QL-114","ES-006","CP06"
"Simplify \(8^{-1} \times 2^6\).","2^1","Medium","QL-115","ES-006","CP06"
"What is the value of \(\frac{16^2}{4^{-1} \times 2^5}\)?","3","Easy","QL-116","ES-006","CP06"
"Simplify \(27^{1/3} \times 3^4 \div 9\).","2^1","Hard","QL-117","ES-006","CP06"
"Find the value of \(\frac{25^2 \times 5^{-3}}{5}\).","16","Hard","QL-118","ES-006","CP06"
"Simplify \(64^{2/3} \div 2^3\).","16","Hard","QL-119","ES-006","CP06"
"What is the simplified form of \(81^{3/4} \times 3^{-1}\)?","2^1","Easy","QL-120","ES-006","CP06"
"Evaluate the following:\n    \(\frac{32^{2/5} \times 2^{-1}}{4}\)","2^1","Easy","QL-121","ES-006","CP06"
"Find the value of:\n    \((16^{1/2})^3 \div 2^4\)","16","Medium","QL-122","ES-006","CP06"
"Simplify and find the answer:\n    \(27^{1/3} \times 3^{-2} \times 9\)","2^1","Hard","QL-123","ES-006","CP06"
"What is the result of:\n    \(\frac{81^{3/4}}{3^{-1}}\)","2^1","Hard","QL-124","ES-006","CP06"
"Determine the value of:\n    \(125^{2/3} \times 5^{-1}\)","2^1","Medium","QL-125","ES-006","CP06"
"The simplified value of \(64^{1/3} \times 2^4 \div 2^{-1}\) is:","2^1","Easy","QL-126","ES-006","CP06"
"On simplification, \(25^{3/2} \times 5^{-2}\) becomes:","3","Medium","QL-127","ES-006","CP06"
"Find the final value of:\n    \(\frac{8^2 \times 2^{-4}}{2}\)","2^1","Hard","QL-128","ES-006","CP06"
"Simplify the following expression:\n    \(49^{1/2} \times 7^{-1} \times 7^3\)","16","Hard","QL-129","ES-006","CP06"
"The value of the expression \(16^{3/4} \times 2^{-1}\) is:","16","Hard","QL-130","ES-006","CP06"
"Simplify \(\frac{8^2 \times 2^{-3}}{4}\).","2^1","Easy","QL-101","ES-006","CP06"
"Find the value of \((9^{1/2})^3 \div 3^2\).","16","Medium","QL-102","ES-006","CP06"
"Simplify \(\frac{16^{3/4}}{2^{-1}}\).","3","Easy","QL-103","ES-006","CP06"
"What is the value of \(4^3 \times 2^{-2} \div 8\)?","16","Medium","QL-104","ES-006","CP06"
"Simplify \(\frac{27^{2/3} \times 3^2}{9}\).","3","Hard","QL-105","ES-006","CP06"
"Find the value of \(25^{1/2} \times 5^{-1}\).","2^1","Easy","QL-106","ES-006","CP06"
"Simplify \(\frac{32^{2/5}}{2^{-2}}\).","16","Medium","QL-107","ES-006","CP06"
"What is the simplified form of \((8^{1/3})^4 \div 2\)?","3","Hard","QL-108","ES-006","CP06"
"Simplify \(81^{1/2} \times 3^{-2}\).","3","Medium","QL-109","ES-006","CP06"
"Find the value of \(\frac{64^{1/2}}{2^2}\).","2^1","Easy","QL-110","ES-006","CP06"
"Simplify \(16^{1/4} \times 2^3 \div 2^{-1}\).","2^1","Medium","QL-111","ES-006","CP06"
"What is the value of \(\frac{125^{1/3} \times 5^2}{25}\)?","2^1","Easy","QL-112","ES-006","CP06"
"Simplify \((4^2)^3 \times 2^{-5}\).","3","Easy","QL-113","ES-006","CP06"
"Find the simplified value of \(\frac{9^3}{3^{-1} \times 27}\).","2^1","Medium","QL-114","ES-006","CP06"
"Simplify \(8^{-1} \times 2^6\).","3","Easy","QL-115","ES-006","CP06"
"What is the value of \(\frac{16^2}{4^{-1} \times 2^5}\)?","16","Easy","QL-116","ES-006","CP06"
"Simplify \(27^{1/3} \times 3^4 \div 9\).","16","Medium","QL-117","ES-006","CP06"
"Find the value of \(\frac{25^2 \times 5^{-3}}{5}\).","3","Easy","QL-118","ES-006","CP06"
"Simplify \(64^{2/3} \div 2^3\).","3","Medium","QL-119","ES-006","CP06"
"What is the simplified form of \(81^{3/4} \times 3^{-1}\)?","16","Medium","QL-120","ES-006","CP06"
"Evaluate the following:\n    \(\frac{32^{2/5} \times 2^{-1}}{4}\)","3","Medium","QL-121","ES-006","CP06"
"Find the value of:\n    \((16^{1/2})^3 \div 2^4\)","2^1","Hard","QL-122","ES-006","CP06"
"Simplify and find the answer:\n    \(27^{1/3} \times 3^{-2} \times 9\)","2^1","Easy","QL-123","ES-006","CP06"
"What is the result of:\n    \(\frac{81^{3/4}}{3^{-1}}\)","2^1","Easy","QL-124","ES-006","CP06"
"Determine the value of:\n    \(125^{2/3} \times 5^{-1}\)","3","Hard","QL-125","ES-006","CP06"
"The simplified value of \(64^{1/3} \times 2^4 \div 2^{-1}\) is:","2^1","Easy","QL-126","ES-006","CP06"
"On simplification, \(25^{3/2} \times 5^{-2}\) becomes:","2^1","Medium","QL-127","ES-006","CP06"
"Find the final value of:\n    \(\frac{8^2 \times 2^{-4}}{2}\)","2^1","Medium","QL-128","ES-006","CP06"
"Simplify the following expression:\n    \(49^{1/2} \times 7^{-1} \times 7^3\)","16","Medium","QL-129","ES-006","CP06"
"The value of the expression \(16^{3/4} \times 2^{-1}\) is:","3","Hard","QL-130","ES-006","CP06"
"Simplify \(\frac{8^2 \times 2^{-3}}{4}\).","16","Easy","QL-101","ES-006","CP06"
"Find the value of \((9^{1/2})^3 \div 3^2\).","2^1","Easy","QL-102","ES-006","CP06"
"Simplify \(\frac{16^{3/4}}{2^{-1}}\).","2^1","Easy","QL-103","ES-006","CP06"
"What is the value of \(4^3 \times 2^{-2} \div 8\)?","3","Medium","QL-104","ES-006","CP06"
"Simplify \(\frac{27^{2/3} \times 3^2}{9}\).","3","Easy","QL-105","ES-006","CP06"
"Find the value of \(25^{1/2} \times 5^{-1}\).","3","Medium","QL-106","ES-006","CP06"
"Simplify \(\frac{32^{2/5}}{2^{-2}}\).","2^1","Medium","QL-107","ES-006","CP06"
"What is the simplified form of \((8^{1/3})^4 \div 2\)?","3","Hard","QL-108","ES-006","CP06"
"Simplify \(81^{1/2} \times 3^{-2}\).","2^1","Easy","QL-109","ES-006","CP06"
"Find the value of \(\frac{64^{1/2}}{2^2}\).","16","Easy","QL-110","ES-006","CP06"
"Simplify \(16^{1/4} \times 2^3 \div 2^{-1}\).","3","Hard","QL-111","ES-006","CP06"
"What is the value of \(\frac{125^{1/3} \times 5^2}{25}\)?","16","Easy","QL-112","ES-006","CP06"
"Simplify \((4^2)^3 \times 2^{-5}\).","3","Medium","QL-113","ES-006","CP06"
"Find the simplified value of \(\frac{9^3}{3^{-1} \times 27}\).","16","Easy","QL-114","ES-006","CP06"
"Simplify \(8^{-1} \times 2^6\).","16","Hard","QL-115","ES-006","CP06"
"What is the value of \(\frac{16^2}{4^{-1} \times 2^5}\)?","16","Easy","QL-116","ES-006","CP06"
"Simplify \(27^{1/3} \times 3^4 \div 9\).","2^1","Hard","QL-117","ES-006","CP06"
"Find the value of \(\frac{25^2 \times 5^{-3}}{5}\).","2^1","Hard","QL-118","ES-006","CP06"
"Simplify \(64^{2/3} \div 2^3\).","2^1","Medium","QL-119","ES-006","CP06"
"What is the simplified form of \(81^{3/4} \times 3^{-1}\)?","2^1","Medium","QL-120","ES-006","CP06"
"Evaluate the following:\n    \(\frac{32^{2/5} \times 2^{-1}}{4}\)","2^1","Hard","QL-121","ES-006","CP06"
"Find the value of:\n    \((16^{1/2})^3 \div 2^4\)","2^1","Hard","QL-122","ES-006","CP06"
"Simplify and find the answer:\n    \(27^{1/3} \times 3^{-2} \times 9\)","16","Medium","QL-123","ES-006","CP06"
"What is the result of:\n    \(\frac{81^{3/4}}{3^{-1}}\)","2^1","Easy","QL-124","ES-006","CP06"
"Determine the value of:\n    \(125^{2/3} \times 5^{-1}\)","2^1","Easy","QL-125","ES-006","CP06"
"The simplified value of \(64^{1/3} \times 2^4 \div 2^{-1}\) is:","3","Medium","QL-126","ES-006","CP06"
"On simplification, \(25^{3/2} \times 5^{-2}\) becomes:","3","Easy","QL-127","ES-006","CP06"
"Find the final value of:\n    \(\frac{8^2 \times 2^{-4}}{2}\)","2^1","Medium","QL-128","ES-006","CP06"
"Simplify the following expression:\n    \(49^{1/2} \times 7^{-1} \times 7^3\)","3","Medium","QL-129","ES-006","CP06"
"The value of the expression \(16^{3/4} \times 2^{-1}\) is:","16","Medium","QL-130","ES-006","CP06"
"Simplify \(\frac{8^2 \times 2^{-3}}{4}\).","2^1","Easy","QL-101","ES-006","CP06"
"Find the value of \((9^{1/2})^3 \div 3^2\).","2^1","Easy","QL-102","ES-006","CP06"
"Simplify \(\frac{16^{3/4}}{2^{-1}}\).","2^1","Hard","QL-103","ES-006","CP06"
"What is the value of \(4^3 \times 2^{-2} \div 8\)?","2^1","Easy","QL-104","ES-006","CP06"
"Simplify \(\frac{27^{2/3} \times 3^2}{9}\).","16","Easy","QL-105","ES-006","CP06"
"Find the value of \(25^{1/2} \times 5^{-1}\).","3","Hard","QL-106","ES-006","CP06"
"Simplify \(\frac{32^{2/5}}{2^{-2}}\).","2^1","Medium","QL-107","ES-006","CP06"
"What is the simplified form of \((8^{1/3})^4 \div 2\)?","16","Easy","QL-108","ES-006","CP06"
"Simplify \(81^{1/2} \times 3^{-2}\).","16","Easy","QL-109","ES-006","CP06"
"Find the value of \(\frac{64^{1/2}}{2^2}\).","3","Medium","QL-110","ES-006","CP06"
"Simplify \(16^{1/4} \times 2^3 \div 2^{-1}\).","16","Hard","QL-111","ES-006","CP06"
"What is the value of \(\frac{125^{1/3} \times 5^2}{25}\)?","2^1","Easy","QL-112","ES-006","CP06"
"Simplify \((4^2)^3 \times 2^{-5}\).","2^1","Medium","QL-113","ES-006","CP06"
"Find the simplified value of \(\frac{9^3}{3^{-1} \times 27}\).","2^1","Easy","QL-114","ES-006","CP06"
"Simplify \(8^{-1} \times 2^6\).","2^1","Medium","QL-115","ES-006","CP06"
"What is the value of \(\frac{16^2}{4^{-1} \times 2^5}\)?","2^1","Hard","QL-116","ES-006","CP06"
"Simplify \(27^{1/3} \times 3^4 \div 9\).","3","Medium","QL-117","ES-006","CP06"
"Find the value of \(\frac{25^2 \times 5^{-3}}{5}\).","16","Medium","QL-118","ES-006","CP06"
"Simplify \(64^{2/3} \div 2^3\).","3","Medium","QL-119","ES-006","CP06"
"What is the simplified form of \(81^{3/4} \times 3^{-1}\)?","3","Easy","QL-120","ES-006","CP06"
"Evaluate the following:\n    \(\frac{32^{2/5} \times 2^{-1}}{4}\)","16","Medium","QL-121","ES-006","CP06"
"Find the value of:\n    \((16^{1/2})^3 \div 2^4\)","2^1","Easy","QL-122","ES-006","CP06"
"Simplify and find the answer:\n    \(27^{1/3} \times 3^{-2} \times 9\)","16","Medium","QL-123","ES-006","CP06"
"What is the result of:\n    \(\frac{81^{3/4}}{3^{-1}}\)","3","Easy","QL-124","ES-006","CP06"
"Determine the value of:\n    \(125^{2/3} \times 5^{-1}\)","2^1","Easy","QL-125","ES-006","CP06"
"The simplified value of \(64^{1/3} \times 2^4 \div 2^{-1}\) is:","3","Hard","QL-126","ES-006","CP06"
"On simplification, \(25^{3/2} \times 5^{-2}\) becomes:","3","Hard","QL-127","ES-006","CP06"
"Find the final value of:\n    \(\frac{8^2 \times 2^{-4}}{2}\)","2^1","Hard","QL-128","ES-006","CP06"
"Simplify the following expression:\n    \(49^{1/2} \times 7^{-1} \times 7^3\)","2^1","Easy","QL-129","ES-006","CP06"
"The value of the expression \(16^{3/4} \times 2^{-1}\) is:","3","Medium","QL-130","ES-006","CP06"
"Simplify \(\frac{8^2 \times 2^{-3}}{4}\).","2^1","Easy","QL-101","ES-006","CP06"
"Find the value of \((9^{1/2})^3 \div 3^2\).","2^1","Medium","QL-102","ES-006","CP06"
"Simplify \(\frac{16^{3/4}}{2^{-1}}\).","16","Easy","QL-103","ES-006","CP06"
"What is the value of \(4^3 \times 2^{-2} \div 8\)?","2^1","Hard","QL-104","ES-006","CP06"
"Simplify \(\frac{27^{2/3} \times 3^2}{9}\).","16","Easy","QL-105","ES-006","CP06"
"Find the value of \(25^{1/2} \times 5^{-1}\).","2^1","Easy","QL-106","ES-006","CP06"
"Simplify \(\frac{32^{2/5}}{2^{-2}}\).","2^1","Medium","QL-107","ES-006","CP06"
"What is the simplified form of \((8^{1/3})^4 \div 2\)?","2^1","Easy","QL-108","ES-006","CP06"
"Simplify \(81^{1/2} \times 3^{-2}\).","2^1","Hard","QL-109","ES-006","CP06"
"Find the value of \(\frac{64^{1/2}}{2^2}\).","3","Easy","QL-110","ES-006","CP06"
"Simplify \(16^{1/4} \times 2^3 \div 2^{-1}\).","3","Easy","QL-111","ES-006","CP06"
"What is the value of \(\frac{125^{1/3} \times 5^2}{25}\)?","2^1","Hard","QL-112","ES-006","CP06"
"Simplify \((4^2)^3 \times 2^{-5}\).","2^1","Hard","QL-113","ES-006","CP06"
"Find the simplified value of \(\frac{9^3}{3^{-1} \times 27}\).","16","Hard","QL-114","ES-006","CP06"
"Simplify \(8^{-1} \times 2^6\).","3","Medium","QL-115","ES-006","CP06"
"What is the value of \(\frac{16^2}{4^{-1} \times 2^5}\)?","2^1","Easy","QL-116","ES-006","CP06"
"Simplify \(27^{1/3} \times 3^4 \div 9\).","16","Medium","QL-117","ES-006","CP06"
"Find the value of \(\frac{25^2 \times 5^{-3}}{5}\).","2^1","Easy","QL-118","ES-006","CP06"
"Simplify \(64^{2/3} \div 2^3\).","2^1","Easy","QL-119","ES-006","CP06"
"What is the simplified form of \(81^{3/4} \times 3^{-1}\)?","16","Easy","QL-120","ES-006","CP06"
"Which is greater, \(2^{10}\) or \(4^5\)?","2^13","Easy","QL-131","ES-007","CP07"
"Compare \(3^6\) and \(9^3\).","4^3, 8^2, 2^8","Easy","QL-132","ES-007","CP07"
"Arrange \(2^8\), \(4^3\), and \(8^2\) in increasing order.","equal","Easy","QL-133","ES-007","CP07"
"Which is smaller, \(5^4\) or \(25^2\)?","9^4","Medium","QL-134","ES-007","CP07"
"Compare \(8^5\) and \(32^3\).","2^13","Easy","QL-135","ES-007","CP07"
"Arrange \(3^4\), \(9^2\), and \(27\) in decreasing order.","4^3, 8^2, 2^8","Easy","QL-136","ES-007","CP07"
"Which is greater, \(16^3\) or \(8^4\)?","equal","Medium","QL-137","ES-007","CP07"
"Compare \(4^7\) and \(2^{13}\).","9^4","Medium","QL-138","ES-007","CP07"
"Arrange \(5^3\), \(25^2\), and \(125\) in increasing order.","2^13","Hard","QL-139","ES-007","CP07"
"Which is smaller, \(9^4\) or \(27^3\)?","4^3, 8^2, 2^8","Easy","QL-140","ES-007","CP07"
"Compare \(32^2\) and \(2^9\).","4^3, 8^2, 2^8","Medium","QL-141","ES-007","CP07"
"Arrange \(2^{12}\), \(4^5\), and \(16^3\) in decreasing order.","2^13","Medium","QL-142","ES-007","CP07"
"Which is greater, \(25^3\) or \(5^8\)?","9^4","Hard","QL-143","ES-007","CP07"
"Compare \(81^2\) and \(3^9\).","equal","Hard","QL-144","ES-007","CP07"
"Arrange \(8^3\), \(4^5\), and \(2^{11}\) in increasing order.","4^3, 8^2, 2^8","Medium","QL-145","ES-007","CP07"
"Which is smaller, \(64^2\) or \(8^5\)?","2^13","Medium","QL-146","ES-007","CP07"
"Compare \(27^2\) and \(3^7\).","9^4","Easy","QL-147","ES-007","CP07"
"Arrange \(16^2\), \(4^4\), and \(2^9\) in decreasing order.","equal","Medium","QL-148","ES-007","CP07"
"Which is greater, \(125^2\) or \(5^7\)?","4^3, 8^2, 2^8","Hard","QL-149","ES-007","CP07"
"Compare \(49^3\) and \(7^7\).","2^13","Hard","QL-150","ES-007","CP07"
"Identify the largest expression among \(2^{12}\), \(4^5\), and \(8^3\).","2^13","Hard","QL-151","ES-007","CP07"
"Identify the smallest expression among \(3^8\), \(9^3\), and \(27^2\).","4^3, 8^2, 2^8","Easy","QL-152","ES-007","CP07"
"Choose the correct increasing order of \(5^4\), \(25^2\), and \(125^2\).","equal","Medium","QL-153","ES-007","CP07"
"Choose the correct decreasing order of \(2^{15}\), \(4^7\), and \(8^5\).","9^4","Easy","QL-154","ES-007","CP07"
"Which expression has the highest value: \(16^3\), \(8^4\), or \(2^{13}\)?","2^13","Easy","QL-155","ES-007","CP07"
"Which expression has the lowest value: \(9^4\), \(27^3\), or \(3^{10}\)?","4^3, 8^2, 2^8","Medium","QL-156","ES-007","CP07"
"Select the greatest among the following: \(4^6\), \(8^4\), \(2^{13}\).","equal","Medium","QL-157","ES-007","CP07"
"Select the least among the following: \(25^3\), \(5^8\), \(125^2\).","9^4","Easy","QL-158","ES-007","CP07"
"Arrange \(3^9\), \(9^4\), and \(27^3\) from greatest to least.","2^13","Medium","QL-159","ES-007","CP07"
"Arrange \(2^{14}\), \(4^6\), and \(16^3\) from least to greatest.","4^3, 8^2, 2^8","Easy","QL-160","ES-007","CP07"
"Which has the greatest value: \(2^{16}\), \(4^7\), or \(8^5\)?","9^4","Easy","QL-161","ES-007","CP07"
"Which has the least value: \(3^{10}\), \(9^4\), or \(27^3\)?","equal","Medium","QL-162","ES-007","CP07"
"Choose the greatest among the following: \(5^6\), \(25^3\), \(125^2\).","4^3, 8^2, 2^8","Hard","QL-163","ES-007","CP07"
"Choose the least among the following: \(4^8\), \(8^5\), \(2^{17}\).","2^13","Medium","QL-164","ES-007","CP07"
"Arrange the following expressions correctly: \(7^4\), \(49^2\), \(343\).","9^4","Hard","QL-165","ES-007","CP07"
"Which is greater, \(2^{10}\) or \(4^5\)?","equal","Hard","QL-131","ES-007","CP07"
"Compare \(3^6\) and \(9^3\).","4^3, 8^2, 2^8","Hard","QL-132","ES-007","CP07"
"Arrange \(2^8\), \(4^3\), and \(8^2\) in increasing order.","2^13","Hard","QL-133","ES-007","CP07"
"Which is smaller, \(5^4\) or \(25^2\)?","9^4","Medium","QL-134","ES-007","CP07"
"Compare \(8^5\) and \(32^3\).","equal","Medium","QL-135","ES-007","CP07"
"Arrange \(3^4\), \(9^2\), and \(27\) in decreasing order.","equal","Medium","QL-136","ES-007","CP07"
"Which is greater, \(16^3\) or \(8^4\)?","9^4","Medium","QL-137","ES-007","CP07"
"Compare \(4^7\) and \(2^{13}\).","2^13","Medium","QL-138","ES-007","CP07"
"Arrange \(5^3\), \(25^2\), and \(125\) in increasing order.","4^3, 8^2, 2^8","Easy","QL-139","ES-007","CP07"
"Which is smaller, \(9^4\) or \(27^3\)?","equal","Easy","QL-140","ES-007","CP07"
"Compare \(32^2\) and \(2^9\).","9^4","Medium","QL-141","ES-007","CP07"
"Arrange \(2^{12}\), \(4^5\), and \(16^3\) in decreasing order.","2^13","Medium","QL-142","ES-007","CP07"
"Which is greater, \(25^3\) or \(5^8\)?","4^3, 8^2, 2^8","Easy","QL-143","ES-007","CP07"
"Compare \(81^2\) and \(3^9\).","equal","Easy","QL-144","ES-007","CP07"
"Arrange \(8^3\), \(4^5\), and \(2^{11}\) in increasing order.","9^4","Hard","QL-145","ES-007","CP07"
"Which is smaller, \(64^2\) or \(8^5\)?","4^3, 8^2, 2^8","Medium","QL-146","ES-007","CP07"
"Compare \(27^2\) and \(3^7\).","2^13","Medium","QL-147","ES-007","CP07"
"Arrange \(16^2\), \(4^4\), and \(2^9\) in decreasing order.","9^4","Medium","QL-148","ES-007","CP07"
"Which is greater, \(125^2\) or \(5^7\)?","equal","Easy","QL-149","ES-007","CP07"
"Compare \(49^3\) and \(7^7\).","4^3, 8^2, 2^8","Medium","QL-150","ES-007","CP07"
"Identify the largest expression among \(2^{12}\), \(4^5\), and \(8^3\).","2^13","Easy","QL-151","ES-007","CP07"
"Identify the smallest expression among \(3^8\), \(9^3\), and \(27^2\).","9^4","Hard","QL-152","ES-007","CP07"
"Choose the correct increasing order of \(5^4\), \(25^2\), and \(125^2\).","equal","Easy","QL-153","ES-007","CP07"
"Choose the correct decreasing order of \(2^{15}\), \(4^7\), and \(8^5\).","4^3, 8^2, 2^8","Medium","QL-154","ES-007","CP07"
"Which expression has the highest value: \(16^3\), \(8^4\), or \(2^{13}\)?","2^13","Easy","QL-155","ES-007","CP07"
"Which expression has the lowest value: \(9^4\), \(27^3\), or \(3^{10}\)?","2^13","Medium","QL-156","ES-007","CP07"
"Select the greatest among the following: \(4^6\), \(8^4\), \(2^{13}\).","4^3, 8^2, 2^8","Medium","QL-157","ES-007","CP07"
"Select the least among the following: \(25^3\), \(5^8\), \(125^2\).","equal","Medium","QL-158","ES-007","CP07"
"Arrange \(3^9\), \(9^4\), and \(27^3\) from greatest to least.","9^4","Hard","QL-159","ES-007","CP07"
"Arrange \(2^{14}\), \(4^6\), and \(16^3\) from least to greatest.","2^13","Medium","QL-160","ES-007","CP07"
"Which has the greatest value: \(2^{16}\), \(4^7\), or \(8^5\)?","4^3, 8^2, 2^8","Hard","QL-161","ES-007","CP07"
"Which has the least value: \(3^{10}\), \(9^4\), or \(27^3\)?","equal","Medium","QL-162","ES-007","CP07"
"Choose the greatest among the following: \(5^6\), \(25^3\), \(125^2\).","9^4","Hard","QL-163","ES-007","CP07"
"Choose the least among the following: \(4^8\), \(8^5\), \(2^{17}\).","2^13","Hard","QL-164","ES-007","CP07"
"Arrange the following expressions correctly: \(7^4\), \(49^2\), \(343\).","4^3, 8^2, 2^8","Easy","QL-165","ES-007","CP07"
"Which is greater, \(2^{10}\) or \(4^5\)?","9^4","Easy","QL-131","ES-007","CP07"
"Compare \(3^6\) and \(9^3\).","equal","Easy","QL-132","ES-007","CP07"
"Arrange \(2^8\), \(4^3\), and \(8^2\) in increasing order.","4^3, 8^2, 2^8","Medium","QL-133","ES-007","CP07"
"Which is smaller, \(5^4\) or \(25^2\)?","2^13","Easy","QL-134","ES-007","CP07"
"Compare \(8^5\) and \(32^3\).","9^4","Medium","QL-135","ES-007","CP07"
"Arrange \(3^4\), \(9^2\), and \(27\) in decreasing order.","equal","Easy","QL-136","ES-007","CP07"
"Which is greater, \(16^3\) or \(8^4\)?","4^3, 8^2, 2^8","Medium","QL-137","ES-007","CP07"
"Compare \(4^7\) and \(2^{13}\).","2^13","Hard","QL-138","ES-007","CP07"
"Arrange \(5^3\), \(25^2\), and \(125\) in increasing order.","9^4","Hard","QL-139","ES-007","CP07"
"Which is smaller, \(9^4\) or \(27^3\)?","equal","Easy","QL-140","ES-007","CP07"
"Compare \(32^2\) and \(2^9\).","equal","Medium","QL-141","ES-007","CP07"
"Arrange \(2^{12}\), \(4^5\), and \(16^3\) in decreasing order.","9^4","Easy","QL-142","ES-007","CP07"
"Which is greater, \(25^3\) or \(5^8\)?","2^13","Medium","QL-143","ES-007","CP07"
"Compare \(81^2\) and \(3^9\).","4^3, 8^2, 2^8","Easy","QL-144","ES-007","CP07"
"Arrange \(8^3\), \(4^5\), and \(2^{11}\) in increasing order.","equal","Easy","QL-145","ES-007","CP07"
"Which is smaller, \(64^2\) or \(8^5\)?","9^4","Medium","QL-146","ES-007","CP07"
"Compare \(27^2\) and \(3^7\).","2^13","Hard","QL-147","ES-007","CP07"
"Arrange \(16^2\), \(4^4\), and \(2^9\) in decreasing order.","4^3, 8^2, 2^8","Hard","QL-148","ES-007","CP07"
"Which is greater, \(125^2\) or \(5^7\)?","equal","Hard","QL-149","ES-007","CP07"
"Compare \(49^3\) and \(7^7\).","9^4","Easy","QL-150","ES-007","CP07"
"Identify the largest expression among \(2^{12}\), \(4^5\), and \(8^3\).","4^3, 8^2, 2^8","Medium","QL-151","ES-007","CP07"
"Identify the smallest expression among \(3^8\), \(9^3\), and \(27^2\).","2^13","Easy","QL-152","ES-007","CP07"
"Choose the correct increasing order of \(5^4\), \(25^2\), and \(125^2\).","9^4","Easy","QL-153","ES-007","CP07"
"Choose the correct decreasing order of \(2^{15}\), \(4^7\), and \(8^5\).","equal","Medium","QL-154","ES-007","CP07"
"Which expression has the highest value: \(16^3\), \(8^4\), or \(2^{13}\)?","4^3, 8^2, 2^8","Easy","QL-155","ES-007","CP07"
"Which expression has the lowest value: \(9^4\), \(27^3\), or \(3^{10}\)?","2^13","Hard","QL-156","ES-007","CP07"
"Select the greatest among the following: \(4^6\), \(8^4\), \(2^{13}\).","9^4","Easy","QL-157","ES-007","CP07"
"Select the least among the following: \(25^3\), \(5^8\), \(125^2\).","equal","Medium","QL-158","ES-007","CP07"
"Arrange \(3^9\), \(9^4\), and \(27^3\) from greatest to least.","4^3, 8^2, 2^8","Easy","QL-159","ES-007","CP07"
"Arrange \(2^{14}\), \(4^6\), and \(16^3\) from least to greatest.","2^13","Easy","QL-160","ES-007","CP07"
"Which has the greatest value: \(2^{16}\), \(4^7\), or \(8^5\)?","4^3, 8^2, 2^8","Hard","QL-161","ES-007","CP07"
"Which has the least value: \(3^{10}\), \(9^4\), or \(27^3\)?","2^13","Easy","QL-162","ES-007","CP07"
"Choose the greatest among the following: \(5^6\), \(25^3\), \(125^2\).","9^4","Medium","QL-163","ES-007","CP07"
"Choose the least among the following: \(4^8\), \(8^5\), \(2^{17}\).","equal","Medium","QL-164","ES-007","CP07"
"Arrange the following expressions correctly: \(7^4\), \(49^2\), \(343\).","4^3, 8^2, 2^8","Hard","QL-165","ES-007","CP07"
"Which is greater, \(2^{10}\) or \(4^5\)?","2^13","Hard","QL-131","ES-007","CP07"
"Compare \(3^6\) and \(9^3\).","9^4","Easy","QL-132","ES-007","CP07"
"Arrange \(2^8\), \(4^3\), and \(8^2\) in increasing order.","equal","Hard","QL-133","ES-007","CP07"
"Which is smaller, \(5^4\) or \(25^2\)?","4^3, 8^2, 2^8","Medium","QL-134","ES-007","CP07"
"Compare \(8^5\) and \(32^3\).","2^13","Hard","QL-135","ES-007","CP07"
"Arrange \(3^4\), \(9^2\), and \(27\) in decreasing order.","equal","Medium","QL-136","ES-007","CP07"
"Which is greater, \(16^3\) or \(8^4\)?","9^4","Medium","QL-137","ES-007","CP07"
"Compare \(4^7\) and \(2^{13}\).","2^13","Medium","QL-138","ES-007","CP07"
"Arrange \(5^3\), \(25^2\), and \(125\) in increasing order.","4^3, 8^2, 2^8","Medium","QL-139","ES-007","CP07"
"Which is smaller, \(9^4\) or \(27^3\)?","equal","Easy","QL-140","ES-007","CP07"
"Compare \(32^2\) and \(2^9\).","9^4","Medium","QL-141","ES-007","CP07"
"Arrange \(2^{12}\), \(4^5\), and \(16^3\) in decreasing order.","2^13","Easy","QL-142","ES-007","CP07"
"Which is greater, \(25^3\) or \(5^8\)?","4^3, 8^2, 2^8","Medium","QL-143","ES-007","CP07"
"Compare \(81^2\) and \(3^9\).","equal","Hard","QL-144","ES-007","CP07"
"Arrange \(8^3\), \(4^5\), and \(2^{11}\) in increasing order.","9^4","Medium","QL-145","ES-007","CP07"
"Which is smaller, \(64^2\) or \(8^5\)?","9^4","Medium","QL-146","ES-007","CP07"
"Compare \(27^2\) and \(3^7\).","equal","Easy","QL-147","ES-007","CP07"
"Arrange \(16^2\), \(4^4\), and \(2^9\) in decreasing order.","4^3, 8^2, 2^8","Hard","QL-148","ES-007","CP07"
"Which is greater, \(125^2\) or \(5^7\)?","2^13","Easy","QL-149","ES-007","CP07"
"Compare \(49^3\) and \(7^7\).","9^4","Medium","QL-150","ES-007","CP07"
"Identify the largest expression among \(2^{12}\), \(4^5\), and \(8^3\).","equal","Easy","QL-151","ES-007","CP07"
"Identify the smallest expression among \(3^8\), \(9^3\), and \(27^2\).","4^3, 8^2, 2^8","Medium","QL-152","ES-007","CP07"
"Choose the correct increasing order of \(5^4\), \(25^2\), and \(125^2\).","2^13","Hard","QL-153","ES-007","CP07"
"Choose the correct decreasing order of \(2^{15}\), \(4^7\), and \(8^5\).","9^4","Medium","QL-154","ES-007","CP07"
"Which expression has the highest value: \(16^3\), \(8^4\), or \(2^{13}\)?","equal","Hard","QL-155","ES-007","CP07"
"Which expression has the lowest value: \(9^4\), \(27^3\), or \(3^{10}\)?","2^13","Hard","QL-156","ES-007","CP07"
"Select the greatest among the following: \(4^6\), \(8^4\), \(2^{13}\).","4^3, 8^2, 2^8","Hard","QL-157","ES-007","CP07"
"Select the least among the following: \(25^3\), \(5^8\), \(125^2\).","equal","Medium","QL-158","ES-007","CP07"
"Arrange \(3^9\), \(9^4\), and \(27^3\) from greatest to least.","9^4","Medium","QL-159","ES-007","CP07"
"Arrange \(2^{14}\), \(4^6\), and \(16^3\) from least to greatest.","2^13","Easy","QL-160","ES-007","CP07"
"Which has the greatest value: \(2^{16}\), \(4^7\), or \(8^5\)?","4^3, 8^2, 2^8","Easy","QL-161","ES-007","CP07"
"Which has the least value: \(3^{10}\), \(9^4\), or \(27^3\)?","equal","Hard","QL-162","ES-007","CP07"
"Choose the greatest among the following: \(5^6\), \(25^3\), \(125^2\).","9^4","Easy","QL-163","ES-007","CP07"
"Choose the least among the following: \(4^8\), \(8^5\), \(2^{17}\).","2^13","Medium","QL-164","ES-007","CP07"
"Arrange the following expressions correctly: \(7^4\), \(49^2\), \(343\).","4^3, 8^2, 2^8","Medium","QL-165","ES-007","CP07"
"Which is greater, \(2^{10}\) or \(4^5\)?","4^3, 8^2, 2^8","Easy","QL-131","ES-007","CP07"
"Compare \(3^6\) and \(9^3\).","2^13","Hard","QL-132","ES-007","CP07"
"Arrange \(2^8\), \(4^3\), and \(8^2\) in increasing order.","9^4","Medium","QL-133","ES-007","CP07"
"Which is smaller, \(5^4\) or \(25^2\)?","equal","Medium","QL-134","ES-007","CP07"
"Compare \(8^5\) and \(32^3\).","4^3, 8^2, 2^8","Easy","QL-135","ES-007","CP07"
"Arrange \(3^4\), \(9^2\), and \(27\) in decreasing order.","2^13","Easy","QL-136","ES-007","CP07"
"Which is greater, \(16^3\) or \(8^4\)?","9^4","Easy","QL-137","ES-007","CP07"
"Compare \(4^7\) and \(2^{13}\).","equal","Medium","QL-138","ES-007","CP07"
"Arrange \(5^3\), \(25^2\), and \(125\) in increasing order.","4^3, 8^2, 2^8","Medium","QL-139","ES-007","CP07"
"Which is smaller, \(9^4\) or \(27^3\)?","2^13","Easy","QL-140","ES-007","CP07"
"Compare \(32^2\) and \(2^9\).","equal","Easy","QL-141","ES-007","CP07"
"Arrange \(2^{12}\), \(4^5\), and \(16^3\) in decreasing order.","9^4","Medium","QL-142","ES-007","CP07"
"Which is greater, \(25^3\) or \(5^8\)?","2^13","Hard","QL-143","ES-007","CP07"
"Compare \(81^2\) and \(3^9\).","4^3, 8^2, 2^8","Medium","QL-144","ES-007","CP07"
"Arrange \(8^3\), \(4^5\), and \(2^{11}\) in increasing order.","equal","Easy","QL-145","ES-007","CP07"
"Which is smaller, \(64^2\) or \(8^5\)?","9^4","Easy","QL-146","ES-007","CP07"
"Compare \(27^2\) and \(3^7\).","2^13","Easy","QL-147","ES-007","CP07"
"Arrange \(16^2\), \(4^4\), and \(2^9\) in decreasing order.","4^3, 8^2, 2^8","Hard","QL-148","ES-007","CP07"
"Which is greater, \(125^2\) or \(5^7\)?","equal","Easy","QL-149","ES-007","CP07"
"Compare \(49^3\) and \(7^7\).","9^4","Easy","QL-150","ES-007","CP07"
"Identify the largest expression among \(2^{12}\), \(4^5\), and \(8^3\).","9^4","Hard","QL-151","ES-007","CP07"
"Identify the smallest expression among \(3^8\), \(9^3\), and \(27^2\).","equal","Easy","QL-152","ES-007","CP07"
"Choose the correct increasing order of \(5^4\), \(25^2\), and \(125^2\).","4^3, 8^2, 2^8","Medium","QL-153","ES-007","CP07"
"Choose the correct decreasing order of \(2^{15}\), \(4^7\), and \(8^5\).","2^13","Medium","QL-154","ES-007","CP07"
"Which expression has the highest value: \(16^3\), \(8^4\), or \(2^{13}\)?","9^4","Hard","QL-155","ES-007","CP07"
"Which expression has the lowest value: \(9^4\), \(27^3\), or \(3^{10}\)?","equal","Easy","QL-156","ES-007","CP07"
"Select the greatest among the following: \(4^6\), \(8^4\), \(2^{13}\).","4^3, 8^2, 2^8","Easy","QL-157","ES-007","CP07"
"Select the least among the following: \(25^3\), \(5^8\), \(125^2\).","2^13","Medium","QL-158","ES-007","CP07"
"Arrange \(3^9\), \(9^4\), and \(27^3\) from greatest to least.","9^4","Medium","QL-159","ES-007","CP07"
"Arrange \(2^{14}\), \(4^6\), and \(16^3\) from least to greatest.","equal","Medium","QL-160","ES-007","CP07"
"Which has the greatest value: \(2^{16}\), \(4^7\), or \(8^5\)?","2^13","Easy","QL-161","ES-007","CP07"
"Which has the least value: \(3^{10}\), \(9^4\), or \(27^3\)?","4^3, 8^2, 2^8","Medium","QL-162","ES-007","CP07"
"Choose the greatest among the following: \(5^6\), \(25^3\), \(125^2\).","equal","Hard","QL-163","ES-007","CP07"
"Choose the least among the following: \(4^8\), \(8^5\), \(2^{17}\).","9^4","Medium","QL-164","ES-007","CP07"
"Arrange the following expressions correctly: \(7^4\), \(49^2\), \(343\).","2^13","Medium","QL-165","ES-007","CP07"
"Which is greater, \(2^{10}\) or \(4^5\)?","4^3, 8^2, 2^8","Medium","QL-131","ES-007","CP07"
"Compare \(3^6\) and \(9^3\).","equal","Medium","QL-132","ES-007","CP07"
"Arrange \(2^8\), \(4^3\), and \(8^2\) in increasing order.","9^4","Easy","QL-133","ES-007","CP07"
"Which is smaller, \(5^4\) or \(25^2\)?","2^13","Easy","QL-134","ES-007","CP07"
"Compare \(8^5\) and \(32^3\).","4^3, 8^2, 2^8","Easy","QL-135","ES-007","CP07"
"Arrange \(3^4\), \(9^2\), and \(27\) in decreasing order.","4^3, 8^2, 2^8","Easy","QL-136","ES-007","CP07"
"Which is greater, \(16^3\) or \(8^4\)?","2^13","Hard","QL-137","ES-007","CP07"
"Compare \(4^7\) and \(2^{13}\).","9^4","Medium","QL-138","ES-007","CP07"
"Arrange \(5^3\), \(25^2\), and \(125\) in increasing order.","equal","Easy","QL-139","ES-007","CP07"
"Which is smaller, \(9^4\) or \(27^3\)?","4^3, 8^2, 2^8","Medium","QL-140","ES-007","CP07"
"Compare \(32^2\) and \(2^9\).","2^13","Medium","QL-141","ES-007","CP07"
"Arrange \(2^{12}\), \(4^5\), and \(16^3\) in decreasing order.","9^4","Easy","QL-142","ES-007","CP07"
"Which is greater, \(25^3\) or \(5^8\)?","equal","Medium","QL-143","ES-007","CP07"
"Compare \(81^2\) and \(3^9\).","4^3, 8^2, 2^8","Easy","QL-144","ES-007","CP07"
"Arrange \(8^3\), \(4^5\), and \(2^{11}\) in increasing order.","2^13","Easy","QL-145","ES-007","CP07"
"Which is smaller, \(64^2\) or \(8^5\)?","equal","Hard","QL-146","ES-007","CP07"
"Compare \(27^2\) and \(3^7\).","9^4","Easy","QL-147","ES-007","CP07"
"Arrange \(16^2\), \(4^4\), and \(2^9\) in decreasing order.","2^13","Hard","QL-148","ES-007","CP07"
"Which is greater, \(125^2\) or \(5^7\)?","4^3, 8^2, 2^8","Hard","QL-149","ES-007","CP07"
"Compare \(49^3\) and \(7^7\).","equal","Medium","QL-150","ES-007","CP07"
"Identify the largest expression among \(2^{12}\), \(4^5\), and \(8^3\).","9^4","Medium","QL-151","ES-007","CP07"
"Identify the smallest expression among \(3^8\), \(9^3\), and \(27^2\).","2^13","Easy","QL-152","ES-007","CP07"
"Choose the correct increasing order of \(5^4\), \(25^2\), and \(125^2\).","4^3, 8^2, 2^8","Easy","QL-153","ES-007","CP07"
"Choose the correct decreasing order of \(2^{15}\), \(4^7\), and \(8^5\).","equal","Easy","QL-154","ES-007","CP07"
"Which expression has the highest value: \(16^3\), \(8^4\), or \(2^{13}\)?","9^4","Medium","QL-155","ES-007","CP07"
"Which expression has the lowest value: \(9^4\), \(27^3\), or \(3^{10}\)?","equal","Medium","QL-156","ES-007","CP07"
"Select the greatest among the following: \(4^6\), \(8^4\), \(2^{13}\).","9^4","Easy","QL-157","ES-007","CP07"
"Select the least among the following: \(25^3\), \(5^8\), \(125^2\).","2^13","Medium","QL-158","ES-007","CP07"
"Arrange \(3^9\), \(9^4\), and \(27^3\) from greatest to least.","4^3, 8^2, 2^8","Easy","QL-159","ES-007","CP07"
"Arrange \(2^{14}\), \(4^6\), and \(16^3\) from least to greatest.","equal","Hard","QL-160","ES-007","CP07"
"Which has the greatest value: \(2^{16}\), \(4^7\), or \(8^5\)?","9^4","Easy","QL-161","ES-007","CP07"
"Which has the least value: \(3^{10}\), \(9^4\), or \(27^3\)?","2^13","Hard","QL-162","ES-007","CP07"
"Choose the greatest among the following: \(5^6\), \(25^3\), \(125^2\).","4^3, 8^2, 2^8","Easy","QL-163","ES-007","CP07"
"Choose the least among the following: \(4^8\), \(8^5\), \(2^{17}\).","equal","Easy","QL-164","ES-007","CP07"
"Arrange the following expressions correctly: \(7^4\), \(49^2\), \(343\).","9^4","Easy","QL-165","ES-007","CP07"
"Which is greater, \(2^{10}\) or \(4^5\)?","4^3, 8^2, 2^8","Easy","QL-131","ES-007","CP07"
"Compare \(3^6\) and \(9^3\).","2^13","Easy","QL-132","ES-007","CP07"
"Arrange \(2^8\), \(4^3\), and \(8^2\) in increasing order.","9^4","Hard","QL-133","ES-007","CP07"
"Which is smaller, \(5^4\) or \(25^2\)?","equal","Easy","QL-134","ES-007","CP07"
"Compare \(8^5\) and \(32^3\).","4^3, 8^2, 2^8","Hard","QL-135","ES-007","CP07"
"Arrange \(3^4\), \(9^2\), and \(27\) in decreasing order.","2^13","Medium","QL-136","ES-007","CP07"
"Which is greater, \(16^3\) or \(8^4\)?","9^4","Easy","QL-137","ES-007","CP07"
"Compare \(4^7\) and \(2^{13}\).","equal","Hard","QL-138","ES-007","CP07"
"Arrange \(5^3\), \(25^2\), and \(125\) in increasing order.","4^3, 8^2, 2^8","Medium","QL-139","ES-007","CP07"
"Which is smaller, \(9^4\) or \(27^3\)?","2^13","Medium","QL-140","ES-007","CP07"
"Compare \(32^2\) and \(2^9\).","2^13","Medium","QL-141","ES-007","CP07"
"Arrange \(2^{12}\), \(4^5\), and \(16^3\) in decreasing order.","4^3, 8^2, 2^8","Medium","QL-142","ES-007","CP07"
"Which is greater, \(25^3\) or \(5^8\)?","equal","Easy","QL-143","ES-007","CP07"
"Compare \(81^2\) and \(3^9\).","9^4","Medium","QL-144","ES-007","CP07"
"Arrange \(8^3\), \(4^5\), and \(2^{11}\) in increasing order.","2^13","Easy","QL-145","ES-007","CP07"
"Which is smaller, \(64^2\) or \(8^5\)?","4^3, 8^2, 2^8","Medium","QL-146","ES-007","CP07"
"Compare \(27^2\) and \(3^7\).","equal","Hard","QL-147","ES-007","CP07"
"Arrange \(16^2\), \(4^4\), and \(2^9\) in decreasing order.","9^4","Easy","QL-148","ES-007","CP07"
"Which is greater, \(125^2\) or \(5^7\)?","2^13","Medium","QL-149","ES-007","CP07"
"Compare \(49^3\) and \(7^7\).","4^3, 8^2, 2^8","Easy","QL-150","ES-007","CP07"
"Identify the largest expression among \(2^{12}\), \(4^5\), and \(8^3\).","9^4","Easy","QL-151","ES-007","CP07"
"Identify the smallest expression among \(3^8\), \(9^3\), and \(27^2\).","equal","Medium","QL-152","ES-007","CP07"
"Choose the correct increasing order of \(5^4\), \(25^2\), and \(125^2\).","4^3, 8^2, 2^8","Medium","QL-153","ES-007","CP07"
"Choose the correct decreasing order of \(2^{15}\), \(4^7\), and \(8^5\).","2^13","Medium","QL-154","ES-007","CP07"
"Which expression has the highest value: \(16^3\), \(8^4\), or \(2^{13}\)?","9^4","Hard","QL-155","ES-007","CP07"
"Which expression has the lowest value: \(9^4\), \(27^3\), or \(3^{10}\)?","equal","Hard","QL-156","ES-007","CP07"
"Select the greatest among the following: \(4^6\), \(8^4\), \(2^{13}\).","4^3, 8^2, 2^8","Medium","QL-157","ES-007","CP07"
"Select the least among the following: \(25^3\), \(5^8\), \(125^2\).","2^13","Medium","QL-158","ES-007","CP07"
"Arrange \(3^9\), \(9^4\), and \(27^3\) from greatest to least.","9^4","Easy","QL-159","ES-007","CP07"
"Arrange \(2^{14}\), \(4^6\), and \(16^3\) from least to greatest.","equal","Easy","QL-160","ES-007","CP07"
"Which has the greatest value: \(2^{16}\), \(4^7\), or \(8^5\)?","equal","Easy","QL-161","ES-007","CP07"
"Which has the least value: \(3^{10}\), \(9^4\), or \(27^3\)?","9^4","Hard","QL-162","ES-007","CP07"
"Choose the greatest among the following: \(5^6\), \(25^3\), \(125^2\).","2^13","Easy","QL-163","ES-007","CP07"
"Choose the least among the following: \(4^8\), \(8^5\), \(2^{17}\).","4^3, 8^2, 2^8","Easy","QL-164","ES-007","CP07"
"Arrange the following expressions correctly: \(7^4\), \(49^2\), \(343\).","equal","Easy","QL-165","ES-007","CP07"
"Which is greater, \(2^{10}\) or \(4^5\)?","9^4","Hard","QL-131","ES-007","CP07"
"Compare \(3^6\) and \(9^3\).","2^13","Medium","QL-132","ES-007","CP07"
"Arrange \(2^8\), \(4^3\), and \(8^2\) in increasing order.","4^3, 8^2, 2^8","Easy","QL-133","ES-007","CP07"
"Which is smaller, \(5^4\) or \(25^2\)?","equal","Medium","QL-134","ES-007","CP07"
"Compare \(8^5\) and \(32^3\).","9^4","Easy","QL-135","ES-007","CP07"
"Arrange \(3^4\), \(9^2\), and \(27\) in decreasing order.","4^3, 8^2, 2^8","Hard","QL-136","ES-007","CP07"
"Which is greater, \(16^3\) or \(8^4\)?","2^13","Medium","QL-137","ES-007","CP07"
"Compare \(4^7\) and \(2^{13}\).","9^4","Easy","QL-138","ES-007","CP07"
"Arrange \(5^3\), \(25^2\), and \(125\) in increasing order.","equal","Medium","QL-139","ES-007","CP07"
"Which is smaller, \(9^4\) or \(27^3\)?","4^3, 8^2, 2^8","Medium","QL-140","ES-007","CP07"
"Compare \(32^2\) and \(2^9\).","2^13","Medium","QL-141","ES-007","CP07"
"Arrange \(2^{12}\), \(4^5\), and \(16^3\) in decreasing order.","9^4","Medium","QL-142","ES-007","CP07"
"Which is greater, \(25^3\) or \(5^8\)?","equal","Hard","QL-143","ES-007","CP07"
"Compare \(81^2\) and \(3^9\).","4^3, 8^2, 2^8","Medium","QL-144","ES-007","CP07"
"Arrange \(8^3\), \(4^5\), and \(2^{11}\) in increasing order.","2^13","Hard","QL-145","ES-007","CP07"
"Which is smaller, \(64^2\) or \(8^5\)?","2^13","Medium","QL-146","ES-007","CP07"
"Compare \(27^2\) and \(3^7\).","4^3, 8^2, 2^8","Hard","QL-147","ES-007","CP07"
"Arrange \(16^2\), \(4^4\), and \(2^9\) in decreasing order.","equal","Medium","QL-148","ES-007","CP07"
"Which is greater, \(125^2\) or \(5^7\)?","9^4","Easy","QL-149","ES-007","CP07"
"Compare \(49^3\) and \(7^7\).","2^13","Medium","QL-150","ES-007","CP07"
"Identify the largest expression among \(2^{12}\), \(4^5\), and \(8^3\).","4^3, 8^2, 2^8","Easy","QL-151","ES-007","CP07"
"Identify the smallest expression among \(3^8\), \(9^3\), and \(27^2\).","equal","Easy","QL-152","ES-007","CP07"
"Choose the correct increasing order of \(5^4\), \(25^2\), and \(125^2\).","9^4","Medium","QL-153","ES-007","CP07"
"Choose the correct decreasing order of \(2^{15}\), \(4^7\), and \(8^5\).","2^13","Medium","QL-154","ES-007","CP07"
"Which expression has the highest value: \(16^3\), \(8^4\), or \(2^{13}\)?","4^3, 8^2, 2^8","Medium","QL-155","ES-007","CP07"
"Which expression has the lowest value: \(9^4\), \(27^3\), or \(3^{10}\)?","9^4","Easy","QL-156","ES-007","CP07"
"Select the greatest among the following: \(4^6\), \(8^4\), \(2^{13}\).","equal","Hard","QL-157","ES-007","CP07"
"Select the least among the following: \(25^3\), \(5^8\), \(125^2\).","4^3, 8^2, 2^8","Medium","QL-158","ES-007","CP07"
"Arrange \(3^9\), \(9^4\), and \(27^3\) from greatest to least.","2^13","Hard","QL-159","ES-007","CP07"
"Arrange \(2^{14}\), \(4^6\), and \(16^3\) from least to greatest.","9^4","Easy","QL-160","ES-007","CP07"
"Which has the greatest value: \(2^{16}\), \(4^7\), or \(8^5\)?","equal","Medium","QL-161","ES-007","CP07"
"Which has the least value: \(3^{10}\), \(9^4\), or \(27^3\)?","4^3, 8^2, 2^8","Easy","QL-162","ES-007","CP07"
"Choose the greatest among the following: \(5^6\), \(25^3\), \(125^2\).","2^13","Medium","QL-163","ES-007","CP07"
"Choose the least among the following: \(4^8\), \(8^5\), \(2^{17}\).","9^4","Easy","QL-164","ES-007","CP07"
"Arrange the following expressions correctly: \(7^4\), \(49^2\), \(343\).","equal","Medium","QL-165","ES-007","CP07"
"Which is greater, \(2^{10}\) or \(4^5\)?","equal","Easy","QL-131","ES-007","CP07"
"Compare \(3^6\) and \(9^3\).","9^4","Hard","QL-132","ES-007","CP07"
"Arrange \(2^8\), \(4^3\), and \(8^2\) in increasing order.","2^13","Easy","QL-133","ES-007","CP07"
"Which is smaller, \(5^4\) or \(25^2\)?","4^3, 8^2, 2^8","Medium","QL-134","ES-007","CP07"
"Compare \(8^5\) and \(32^3\).","equal","Hard","QL-135","ES-007","CP07"
"Arrange \(3^4\), \(9^2\), and \(27\) in decreasing order.","9^4","Medium","QL-136","ES-007","CP07"
"Which is greater, \(16^3\) or \(8^4\)?","2^13","Medium","QL-137","ES-007","CP07"
"Compare \(4^7\) and \(2^{13}\).","4^3, 8^2, 2^8","Medium","QL-138","ES-007","CP07"
"Arrange \(5^3\), \(25^2\), and \(125\) in increasing order.","equal","Easy","QL-139","ES-007","CP07"
"Which is smaller, \(9^4\) or \(27^3\)?","9^4","Medium","QL-140","ES-007","CP07"
"Compare \(32^2\) and \(2^9\).","4^3, 8^2, 2^8","Medium","QL-141","ES-007","CP07"
"Arrange \(2^{12}\), \(4^5\), and \(16^3\) in decreasing order.","2^13","Medium","QL-142","ES-007","CP07"
"Which is greater, \(25^3\) or \(5^8\)?","9^4","Hard","QL-143","ES-007","CP07"
"Compare \(81^2\) and \(3^9\).","equal","Medium","QL-144","ES-007","CP07"
"Arrange \(8^3\), \(4^5\), and \(2^{11}\) in increasing order.","4^3, 8^2, 2^8","Medium","QL-145","ES-007","CP07"
"Which is smaller, \(64^2\) or \(8^5\)?","2^13","Medium","QL-146","ES-007","CP07"
"Compare \(27^2\) and \(3^7\).","9^4","Easy","QL-147","ES-007","CP07"
"Arrange \(16^2\), \(4^4\), and \(2^9\) in decreasing order.","equal","Hard","QL-148","ES-007","CP07"
"Which is greater, \(125^2\) or \(5^7\)?","4^3, 8^2, 2^8","Easy","QL-149","ES-007","CP07"
"Compare \(49^3\) and \(7^7\).","2^13","Medium","QL-150","ES-007","CP07"
"Identify the largest expression among \(2^{12}\), \(4^5\), and \(8^3\).","9^4","Easy","QL-151","ES-007","CP07"
"Identify the smallest expression among \(3^8\), \(9^3\), and \(27^2\).","equal","Hard","QL-152","ES-007","CP07"
"Choose the correct increasing order of \(5^4\), \(25^2\), and \(125^2\).","4^3, 8^2, 2^8","Easy","QL-153","ES-007","CP07"
"Choose the correct decreasing order of \(2^{15}\), \(4^7\), and \(8^5\).","2^13","Easy","QL-154","ES-007","CP07"
"Which expression has the highest value: \(16^3\), \(8^4\), or \(2^{13}\)?","9^4","Medium","QL-155","ES-007","CP07"
"Which expression has the lowest value: \(9^4\), \(27^3\), or \(3^{10}\)?","equal","Medium","QL-156","ES-007","CP07"
"Select the greatest among the following: \(4^6\), \(8^4\), \(2^{13}\).","4^3, 8^2, 2^8","Hard","QL-157","ES-007","CP07"
"Select the least among the following: \(25^3\), \(5^8\), \(125^2\).","2^13","Hard","QL-158","ES-007","CP07"
"Arrange \(3^9\), \(9^4\), and \(27^3\) from greatest to least.","9^4","Medium","QL-159","ES-007","CP07"
"Arrange \(2^{14}\), \(4^6\), and \(16^3\) from least to greatest.","equal","Easy","QL-160","ES-007","CP07"
"Which has the greatest value: \(2^{16}\), \(4^7\), or \(8^5\)?","2^13","Easy","QL-161","ES-007","CP07"
"Which has the least value: \(3^{10}\), \(9^4\), or \(27^3\)?","4^3, 8^2, 2^8","Hard","QL-162","ES-007","CP07"
"Choose the greatest among the following: \(5^6\), \(25^3\), \(125^2\).","equal","Easy","QL-163","ES-007","CP07"
"Choose the least among the following: \(4^8\), \(8^5\), \(2^{17}\).","9^4","Medium","QL-164","ES-007","CP07"
"Arrange the following expressions correctly: \(7^4\), \(49^2\), \(343\).","2^13","Medium","QL-165","ES-007","CP07"
"Which is greater, \(2^{10}\) or \(4^5\)?","4^3, 8^2, 2^8","Medium","QL-131","ES-007","CP07"
"Compare \(3^6\) and \(9^3\).","equal","Hard","QL-132","ES-007","CP07"
"Arrange \(2^8\), \(4^3\), and \(8^2\) in increasing order.","9^4","Easy","QL-133","ES-007","CP07"
"Which is smaller, \(5^4\) or \(25^2\)?","2^13","Hard","QL-134","ES-007","CP07"
"Compare \(8^5\) and \(32^3\).","4^3, 8^2, 2^8","Easy","QL-135","ES-007","CP07"
"Arrange \(3^4\), \(9^2\), and \(27\) in decreasing order.","4^3, 8^2, 2^8","Easy","QL-136","ES-007","CP07"
"Which is greater, \(16^3\) or \(8^4\)?","2^13","Easy","QL-137","ES-007","CP07"
"Compare \(4^7\) and \(2^{13}\).","9^4","Easy","QL-138","ES-007","CP07"
"Arrange \(5^3\), \(25^2\), and \(125\) in increasing order.","equal","Medium","QL-139","ES-007","CP07"
"Which is smaller, \(9^4\) or \(27^3\)?","4^3, 8^2, 2^8","Medium","QL-140","ES-007","CP07"
"Compare \(32^2\) and \(2^9\).","2^13","Easy","QL-141","ES-007","CP07"
"Arrange \(2^{12}\), \(4^5\), and \(16^3\) in decreasing order.","9^4","Medium","QL-142","ES-007","CP07"
"Which is greater, \(25^3\) or \(5^8\)?","equal","Easy","QL-143","ES-007","CP07"
"Compare \(81^2\) and \(3^9\).","4^3, 8^2, 2^8","Medium","QL-144","ES-007","CP07"
"Arrange \(8^3\), \(4^5\), and \(2^{11}\) in increasing order.","2^13","Hard","QL-145","ES-007","CP07"
"Which is smaller, \(64^2\) or \(8^5\)?","equal","Hard","QL-146","ES-007","CP07"
"Compare \(27^2\) and \(3^7\).","9^4","Medium","QL-147","ES-007","CP07"
"Arrange \(16^2\), \(4^4\), and \(2^9\) in decreasing order.","2^13","Easy","QL-148","ES-007","CP07"
"Which is greater, \(125^2\) or \(5^7\)?","4^3, 8^2, 2^8","Medium","QL-149","ES-007","CP07"
"Compare \(49^3\) and \(7^7\).","equal","Easy","QL-150","ES-007","CP07"
"Identify the largest expression among \(2^{12}\), \(4^5\), and \(8^3\).","9^4","Hard","QL-151","ES-007","CP07"
"Identify the smallest expression among \(3^8\), \(9^3\), and \(27^2\).","2^13","Medium","QL-152","ES-007","CP07"
"Choose the correct increasing order of \(5^4\), \(25^2\), and \(125^2\).","4^3, 8^2, 2^8","Easy","QL-153","ES-007","CP07"
"Choose the correct decreasing order of \(2^{15}\), \(4^7\), and \(8^5\).","equal","Medium","QL-154","ES-007","CP07"
"Which expression has the highest value: \(16^3\), \(8^4\), or \(2^{13}\)?","9^4","Medium","QL-155","ES-007","CP07"
"Which expression has the lowest value: \(9^4\), \(27^3\), or \(3^{10}\)?","9^4","Hard","QL-156","ES-007","CP07"
"Select the greatest among the following: \(4^6\), \(8^4\), \(2^{13}\).","equal","Easy","QL-157","ES-007","CP07"
"Select the least among the following: \(25^3\), \(5^8\), \(125^2\).","4^3, 8^2, 2^8","Easy","QL-158","ES-007","CP07"
"Arrange \(3^9\), \(9^4\), and \(27^3\) from greatest to least.","2^13","Medium","QL-159","ES-007","CP07"
"Arrange \(2^{14}\), \(4^6\), and \(16^3\) from least to greatest.","9^4","Hard","QL-160","ES-007","CP07"
"Which has the greatest value: \(2^{16}\), \(4^7\), or \(8^5\)?","equal","Easy","QL-161","ES-007","CP07"
"Which has the least value: \(3^{10}\), \(9^4\), or \(27^3\)?","4^3, 8^2, 2^8","Medium","QL-162","ES-007","CP07"
"Choose the greatest among the following: \(5^6\), \(25^3\), \(125^2\).","2^13","Medium","QL-163","ES-007","CP07"
"Choose the least among the following: \(4^8\), \(8^5\), \(2^{17}\).","9^4","Medium","QL-164","ES-007","CP07"
"Arrange the following expressions correctly: \(7^4\), \(49^2\), \(343\).","equal","Easy","QL-165","ES-007","CP07"
"Which is greater, \(2^{10}\) or \(4^5\)?","2^13","Medium","QL-131","ES-007","CP07"
"Compare \(3^6\) and \(9^3\).","4^3, 8^2, 2^8","Medium","QL-132","ES-007","CP07"
"Arrange \(2^8\), \(4^3\), and \(8^2\) in increasing order.","equal","Medium","QL-133","ES-007","CP07"
"Which is smaller, \(5^4\) or \(25^2\)?","9^4","Easy","QL-134","ES-007","CP07"
"Compare \(8^5\) and \(32^3\).","2^13","Easy","QL-135","ES-007","CP07"
"Arrange \(3^4\), \(9^2\), and \(27\) in decreasing order.","4^3, 8^2, 2^8","Medium","QL-136","ES-007","CP07"
"Which is greater, \(16^3\) or \(8^4\)?","equal","Easy","QL-137","ES-007","CP07"
"Compare \(4^7\) and \(2^{13}\).","9^4","Medium","QL-138","ES-007","CP07"
"Arrange \(5^3\), \(25^2\), and \(125\) in increasing order.","2^13","Easy","QL-139","ES-007","CP07"
"Which is smaller, \(9^4\) or \(27^3\)?","4^3, 8^2, 2^8","Easy","QL-140","ES-007","CP07"
"Compare \(32^2\) and \(2^9\).","4^3, 8^2, 2^8","Hard","QL-141","ES-007","CP07"
"Arrange \(2^{12}\), \(4^5\), and \(16^3\) in decreasing order.","2^13","Easy","QL-142","ES-007","CP07"
"Which is greater, \(25^3\) or \(5^8\)?","9^4","Medium","QL-143","ES-007","CP07"
"Compare \(81^2\) and \(3^9\).","equal","Hard","QL-144","ES-007","CP07"
"Arrange \(8^3\), \(4^5\), and \(2^{11}\) in increasing order.","4^3, 8^2, 2^8","Medium","QL-145","ES-007","CP07"
"Which is smaller, \(64^2\) or \(8^5\)?","2^13","Easy","QL-146","ES-007","CP07"
"Compare \(27^2\) and \(3^7\).","9^4","Medium","QL-147","ES-007","CP07"
"Arrange \(16^2\), \(4^4\), and \(2^9\) in decreasing order.","equal","Medium","QL-148","ES-007","CP07"
"Which is greater, \(125^2\) or \(5^7\)?","4^3, 8^2, 2^8","Easy","QL-149","ES-007","CP07"
"Compare \(49^3\) and \(7^7\).","2^13","Easy","QL-150","ES-007","CP07"
"Identify the largest expression among \(2^{12}\), \(4^5\), and \(8^3\).","equal","Easy","QL-151","ES-007","CP07"
"Identify the smallest expression among \(3^8\), \(9^3\), and \(27^2\).","9^4","Easy","QL-152","ES-007","CP07"
"Choose the correct increasing order of \(5^4\), \(25^2\), and \(125^2\).","2^13","Easy","QL-153","ES-007","CP07"
"Choose the correct decreasing order of \(2^{15}\), \(4^7\), and \(8^5\).","4^3, 8^2, 2^8","Hard","QL-154","ES-007","CP07"
"Which expression has the highest value: \(16^3\), \(8^4\), or \(2^{13}\)?","equal","Easy","QL-155","ES-007","CP07"
"Which expression has the lowest value: \(9^4\), \(27^3\), or \(3^{10}\)?","9^4","Medium","QL-156","ES-007","CP07"
"Select the greatest among the following: \(4^6\), \(8^4\), \(2^{13}\).","2^13","Hard","QL-157","ES-007","CP07"
"Select the least among the following: \(25^3\), \(5^8\), \(125^2\).","4^3, 8^2, 2^8","Medium","QL-158","ES-007","CP07"
"Arrange \(3^9\), \(9^4\), and \(27^3\) from greatest to least.","equal","Hard","QL-159","ES-007","CP07"
"Arrange \(2^{14}\), \(4^6\), and \(16^3\) from least to greatest.","9^4","Medium","QL-160","ES-007","CP07"
"Which has the greatest value: \(2^{16}\), \(4^7\), or \(8^5\)?","9^4","Easy","QL-161","ES-007","CP07"
"Which has the least value: \(3^{10}\), \(9^4\), or \(27^3\)?","equal","Hard","QL-162","ES-007","CP07"
"Choose the greatest among the following: \(5^6\), \(25^3\), \(125^2\).","4^3, 8^2, 2^8","Medium","QL-163","ES-007","CP07"
"Choose the least among the following: \(4^8\), \(8^5\), \(2^{17}\).","2^13","Easy","QL-164","ES-007","CP07"
"Arrange the following expressions correctly: \(7^4\), \(49^2\), \(343\).","9^4","Hard","QL-165","ES-007","CP07"
"Which is greater, \(2^{10}\) or \(4^5\)?","equal","Easy","QL-131","ES-007","CP07"
"Compare \(3^6\) and \(9^3\).","4^3, 8^2, 2^8","Medium","QL-132","ES-007","CP07"
"Arrange \(2^8\), \(4^3\), and \(8^2\) in increasing order.","2^13","Easy","QL-133","ES-007","CP07"
"Which is smaller, \(5^4\) or \(25^2\)?","9^4","Medium","QL-134","ES-007","CP07"
"Compare \(8^5\) and \(32^3\).","equal","Hard","QL-135","ES-007","CP07"
"Arrange \(3^4\), \(9^2\), and \(27\) in decreasing order.","2^13","Easy","QL-136","ES-007","CP07"
"Which is greater, \(16^3\) or \(8^4\)?","4^3, 8^2, 2^8","Medium","QL-137","ES-007","CP07"
"Compare \(4^7\) and \(2^{13}\).","equal","Easy","QL-138","ES-007","CP07"
"Arrange \(5^3\), \(25^2\), and \(125\) in increasing order.","9^4","Medium","QL-139","ES-007","CP07"
"Which is smaller, \(9^4\) or \(27^3\)?","2^13","Easy","QL-140","ES-007","CP07"
"Compare \(32^2\) and \(2^9\).","4^3, 8^2, 2^8","Easy","QL-141","ES-007","CP07"
"Arrange \(2^{12}\), \(4^5\), and \(16^3\) in decreasing order.","equal","Medium","QL-142","ES-007","CP07"
"Which is greater, \(25^3\) or \(5^8\)?","9^4","Easy","QL-143","ES-007","CP07"
"Compare \(81^2\) and \(3^9\).","2^13","Medium","QL-144","ES-007","CP07"
"Arrange \(8^3\), \(4^5\), and \(2^{11}\) in increasing order.","4^3, 8^2, 2^8","Hard","QL-145","ES-007","CP07"
"Which is smaller, \(64^2\) or \(8^5\)?","2^13","Medium","QL-146","ES-007","CP07"
"Compare \(27^2\) and \(3^7\).","4^3, 8^2, 2^8","Medium","QL-147","ES-007","CP07"
"Arrange \(16^2\), \(4^4\), and \(2^9\) in decreasing order.","equal","Medium","QL-148","ES-007","CP07"
"Which is greater, \(125^2\) or \(5^7\)?","9^4","Easy","QL-149","ES-007","CP07"
"Compare \(49^3\) and \(7^7\).","2^13","Hard","QL-150","ES-007","CP07"
"Identify the largest expression among \(2^{12}\), \(4^5\), and \(8^3\).","4^3, 8^2, 2^8","Easy","QL-151","ES-007","CP07"
"Identify the smallest expression among \(3^8\), \(9^3\), and \(27^2\).","equal","Easy","QL-152","ES-007","CP07"
"Choose the correct increasing order of \(5^4\), \(25^2\), and \(125^2\).","9^4","Medium","QL-153","ES-007","CP07"
"Choose the correct decreasing order of \(2^{15}\), \(4^7\), and \(8^5\).","2^13","Hard","QL-154","ES-007","CP07"
"Which expression has the highest value: \(16^3\), \(8^4\), or \(2^{13}\)?","4^3, 8^2, 2^8","Hard","QL-155","ES-007","CP07"
"Which expression has the lowest value: \(9^4\), \(27^3\), or \(3^{10}\)?","9^4","Medium","QL-156","ES-007","CP07"
"Select the greatest among the following: \(4^6\), \(8^4\), \(2^{13}\).","equal","Hard","QL-157","ES-007","CP07"
"Select the least among the following: \(25^3\), \(5^8\), \(125^2\).","4^3, 8^2, 2^8","Medium","QL-158","ES-007","CP07"
"Arrange \(3^9\), \(9^4\), and \(27^3\) from greatest to least.","2^13","Easy","QL-159","ES-007","CP07"
"Arrange \(2^{14}\), \(4^6\), and \(16^3\) from least to greatest.","9^4","Easy","QL-160","ES-007","CP07"
"Which has the greatest value: \(2^{16}\), \(4^7\), or \(8^5\)?","equal","Easy","QL-161","ES-007","CP07"
"Which has the least value: \(3^{10}\), \(9^4\), or \(27^3\)?","4^3, 8^2, 2^8","Medium","QL-162","ES-007","CP07"
"Choose the greatest among the following: \(5^6\), \(25^3\), \(125^2\).","2^13","Easy","QL-163","ES-007","CP07"
"Choose the least among the following: \(4^8\), \(8^5\), \(2^{17}\).","9^4","Easy","QL-164","ES-007","CP07"
"Arrange the following expressions correctly: \(7^4\), \(49^2\), \(343\).","equal","Easy","QL-165","ES-007","CP07"
"Which is greater, \(2^{10}\) or \(4^5\)?","equal","Easy","QL-131","ES-007","CP07"
"Compare \(3^6\) and \(9^3\).","9^4","Hard","QL-132","ES-007","CP07"
"Arrange \(2^8\), \(4^3\), and \(8^2\) in increasing order.","2^13","Easy","QL-133","ES-007","CP07"
"Which is smaller, \(5^4\) or \(25^2\)?","4^3, 8^2, 2^8","Hard","QL-134","ES-007","CP07"
"Compare \(8^5\) and \(32^3\).","equal","Medium","QL-135","ES-007","CP07"
"Arrange \(3^4\), \(9^2\), and \(27\) in decreasing order.","9^4","Easy","QL-136","ES-007","CP07"
"Which is greater, \(16^3\) or \(8^4\)?","2^13","Medium","QL-137","ES-007","CP07"
"Compare \(4^7\) and \(2^{13}\).","4^3, 8^2, 2^8","Hard","QL-138","ES-007","CP07"
"Arrange \(5^3\), \(25^2\), and \(125\) in increasing order.","equal","Medium","QL-139","ES-007","CP07"
"Which is smaller, \(9^4\) or \(27^3\)?","9^4","Medium","QL-140","ES-007","CP07"
"Compare \(32^2\) and \(2^9\).","4^3, 8^2, 2^8","Easy","QL-141","ES-007","CP07"
"Arrange \(2^{12}\), \(4^5\), and \(16^3\) in decreasing order.","2^13","Hard","QL-142","ES-007","CP07"
"Which is greater, \(25^3\) or \(5^8\)?","9^4","Medium","QL-143","ES-007","CP07"
"Compare \(81^2\) and \(3^9\).","equal","Hard","QL-144","ES-007","CP07"
"Arrange \(8^3\), \(4^5\), and \(2^{11}\) in increasing order.","4^3, 8^2, 2^8","Medium","QL-145","ES-007","CP07"
"Which is smaller, \(64^2\) or \(8^5\)?","2^13","Easy","QL-146","ES-007","CP07"
"Compare \(27^2\) and \(3^7\).","9^4","Medium","QL-147","ES-007","CP07"
"Arrange \(16^2\), \(4^4\), and \(2^9\) in decreasing order.","equal","Easy","QL-148","ES-007","CP07"
"Which is greater, \(125^2\) or \(5^7\)?","4^3, 8^2, 2^8","Hard","QL-149","ES-007","CP07"
"Compare \(49^3\) and \(7^7\).","2^13","Easy","QL-150","ES-007","CP07"
"Identify the largest expression among \(2^{12}\), \(4^5\), and \(8^3\).","2^13","Hard","QL-151","ES-007","CP07"
"Identify the smallest expression among \(3^8\), \(9^3\), and \(27^2\).","4^3, 8^2, 2^8","Easy","QL-152","ES-007","CP07"
"Choose the correct increasing order of \(5^4\), \(25^2\), and \(125^2\).","equal","Easy","QL-153","ES-007","CP07"
"Choose the correct decreasing order of \(2^{15}\), \(4^7\), and \(8^5\).","9^4","Easy","QL-154","ES-007","CP07"
"Which expression has the highest value: \(16^3\), \(8^4\), or \(2^{13}\)?","2^13","Easy","QL-155","ES-007","CP07"
"Which expression has the lowest value: \(9^4\), \(27^3\), or \(3^{10}\)?","4^3, 8^2, 2^8","Easy","QL-156","ES-007","CP07"
"Select the greatest among the following: \(4^6\), \(8^4\), \(2^{13}\).","equal","Medium","QL-157","ES-007","CP07"
"Select the least among the following: \(25^3\), \(5^8\), \(125^2\).","9^4","Easy","QL-158","ES-007","CP07"
"Arrange \(3^9\), \(9^4\), and \(27^3\) from greatest to least.","2^13","Hard","QL-159","ES-007","CP07"
"Arrange \(2^{14}\), \(4^6\), and \(16^3\) from least to greatest.","4^3, 8^2, 2^8","Easy","QL-160","ES-007","CP07"
"Which has the greatest value: \(2^{16}\), \(4^7\), or \(8^5\)?","9^4","Medium","QL-161","ES-007","CP07"
"Which has the least value: \(3^{10}\), \(9^4\), or \(27^3\)?","equal","Hard","QL-162","ES-007","CP07"
"Choose the greatest among the following: \(5^6\), \(25^3\), \(125^2\).","4^3, 8^2, 2^8","Medium","QL-163","ES-007","CP07"
"Choose the least among the following: \(4^8\), \(8^5\), \(2^{17}\).","2^13","Easy","QL-164","ES-007","CP07"
"Arrange the following expressions correctly: \(7^4\), \(49^2\), \(343\).","9^4","Easy","QL-165","ES-007","CP07"
"Which is greater, \(2^{10}\) or \(4^5\)?","equal","Medium","QL-131","ES-007","CP07"
"Compare \(3^6\) and \(9^3\).","4^3, 8^2, 2^8","Easy","QL-132","ES-007","CP07"
"Arrange \(2^8\), \(4^3\), and \(8^2\) in increasing order.","2^13","Medium","QL-133","ES-007","CP07"
"Which is smaller, \(5^4\) or \(25^2\)?","9^4","Easy","QL-134","ES-007","CP07"
"Compare \(8^5\) and \(32^3\).","equal","Medium","QL-135","ES-007","CP07"
"Arrange \(3^4\), \(9^2\), and \(27\) in decreasing order.","equal","Easy","QL-136","ES-007","CP07"
"Which is greater, \(16^3\) or \(8^4\)?","9^4","Easy","QL-137","ES-007","CP07"
"Compare \(4^7\) and \(2^{13}\).","2^13","Easy","QL-138","ES-007","CP07"
"Arrange \(5^3\), \(25^2\), and \(125\) in increasing order.","4^3, 8^2, 2^8","Medium","QL-139","ES-007","CP07"
"Which is smaller, \(9^4\) or \(27^3\)?","equal","Medium","QL-140","ES-007","CP07"
"Compare \(32^2\) and \(2^9\).","9^4","Medium","QL-141","ES-007","CP07"
"Arrange \(2^{12}\), \(4^5\), and \(16^3\) in decreasing order.","2^13","Easy","QL-142","ES-007","CP07"
"Which is greater, \(25^3\) or \(5^8\)?","4^3, 8^2, 2^8","Medium","QL-143","ES-007","CP07"
"Compare \(81^2\) and \(3^9\).","equal","Easy","QL-144","ES-007","CP07"
"Arrange \(8^3\), \(4^5\), and \(2^{11}\) in increasing order.","9^4","Medium","QL-145","ES-007","CP07"
"Which is smaller, \(64^2\) or \(8^5\)?","4^3, 8^2, 2^8","Medium","QL-146","ES-007","CP07"
"Compare \(27^2\) and \(3^7\).","2^13","Easy","QL-147","ES-007","CP07"
"Arrange \(16^2\), \(4^4\), and \(2^9\) in decreasing order.","9^4","Medium","QL-148","ES-007","CP07"
"Which is greater, \(125^2\) or \(5^7\)?","equal","Medium","QL-149","ES-007","CP07"
"Compare \(49^3\) and \(7^7\).","4^3, 8^2, 2^8","Medium","QL-150","ES-007","CP07"
"Identify the largest expression among \(2^{12}\), \(4^5\), and \(8^3\).","2^13","Easy","QL-151","ES-007","CP07"
"Identify the smallest expression among \(3^8\), \(9^3\), and \(27^2\).","9^4","Medium","QL-152","ES-007","CP07"
"Choose the correct increasing order of \(5^4\), \(25^2\), and \(125^2\).","equal","Medium","QL-153","ES-007","CP07"
"Choose the correct decreasing order of \(2^{15}\), \(4^7\), and \(8^5\).","4^3, 8^2, 2^8","Easy","QL-154","ES-007","CP07"
"Which expression has the highest value: \(16^3\), \(8^4\), or \(2^{13}\)?","2^13","Hard","QL-155","ES-007","CP07"
"Which expression has the lowest value: \(9^4\), \(27^3\), or \(3^{10}\)?","2^13","Medium","QL-156","ES-007","CP07"
"Select the greatest among the following: \(4^6\), \(8^4\), \(2^{13}\).","4^3, 8^2, 2^8","Medium","QL-157","ES-007","CP07"
"Select the least among the following: \(25^3\), \(5^8\), \(125^2\).","equal","Medium","QL-158","ES-007","CP07"
"Arrange \(3^9\), \(9^4\), and \(27^3\) from greatest to least.","9^4","Easy","QL-159","ES-007","CP07"
"Arrange \(2^{14}\), \(4^6\), and \(16^3\) from least to greatest.","2^13","Easy","QL-160","ES-007","CP07"
"Which has the greatest value: \(2^{16}\), \(4^7\), or \(8^5\)?","4^3, 8^2, 2^8","Hard","QL-161","ES-007","CP07"
"Which has the least value: \(3^{10}\), \(9^4\), or \(27^3\)?","equal","Easy","QL-162","ES-007","CP07"
"Choose the greatest among the following: \(5^6\), \(25^3\), \(125^2\).","9^4","Medium","QL-163","ES-007","CP07"
"Choose the least among the following: \(4^8\), \(8^5\), \(2^{17}\).","2^13","Easy","QL-164","ES-007","CP07"
"Arrange the following expressions correctly: \(7^4\), \(49^2\), \(343\).","4^3, 8^2, 2^8","Medium","QL-165","ES-007","CP07"
"Which is greater, \(2^{10}\) or \(4^5\)?","9^4","Medium","QL-131","ES-007","CP07"
"Compare \(3^6\) and \(9^3\).","equal","Medium","QL-132","ES-007","CP07"
"Arrange \(2^8\), \(4^3\), and \(8^2\) in increasing order.","4^3, 8^2, 2^8","Hard","QL-133","ES-007","CP07"
"Which is smaller, \(5^4\) or \(25^2\)?","2^13","Hard","QL-134","ES-007","CP07"
"Compare \(8^5\) and \(32^3\).","9^4","Easy","QL-135","ES-007","CP07"
"Arrange \(3^4\), \(9^2\), and \(27\) in decreasing order.","equal","Hard","QL-136","ES-007","CP07"
"Which is greater, \(16^3\) or \(8^4\)?","4^3, 8^2, 2^8","Easy","QL-137","ES-007","CP07"
"Compare \(4^7\) and \(2^{13}\).","2^13","Easy","QL-138","ES-007","CP07"
"Arrange \(5^3\), \(25^2\), and \(125\) in increasing order.","9^4","Easy","QL-139","ES-007","CP07"
"Which is smaller, \(9^4\) or \(27^3\)?","equal","Medium","QL-140","ES-007","CP07"
"If \(2^x=8\), find \(2^{x+2}\).","625","Easy","QL-166","ES-008","CP09"
"If \(3^a=9\), find \(3^{a-1}\).","32","Hard","QL-167","ES-008","CP09"
"If \(5^x=25\), find \(5^{2x}\).","32","Easy","QL-168","ES-008","CP09"
"If \(2^m=16\), find \(2^{m-1}\).","32","Easy","QL-169","ES-008","CP09"
"If \(7^p=49\), find \(7^{p+1}\).","3","Hard","QL-170","ES-008","CP09"
"If \(3^n=27\), find \(3^{n+2}\).","32","Easy","QL-171","ES-008","CP09"
"If \(5^a=125\), find \(5^{a-2}\).","3","Medium","QL-172","ES-008","CP09"
"If \(2^r=32\), find \(2^{2r}\).","3","Hard","QL-173","ES-008","CP09"
"If \(11^x=121\), find \(11^{x-1}\).","32","Easy","QL-174","ES-008","CP09"
"If \(4^m=64\), find \(4^{m+1}\).","3","Easy","QL-175","ES-008","CP09"
"If \(3^p=81\), find \(3^{p/2}\).","32","Easy","QL-176","ES-008","CP09"
"If \(2^a=4\), find \(2^{a+5}\).","3","Hard","QL-177","ES-008","CP09"
"If \(5^n=625\), find \(5^{n-3}\).","3","Medium","QL-178","ES-008","CP09"
"If \(9^x=81\), find \(9^{x+1}\).","3","Medium","QL-179","ES-008","CP09"
"If \(2^k=64\), find \(2^{k-4}\).","625","Hard","QL-180","ES-008","CP09"
"Given that \(2^x=16\), evaluate \(2^{x+3}\).","3","Easy","QL-181","ES-008","CP09"
"Using the given relation \(3^a=27\), determine \(3^{a-2}\).","3","Medium","QL-182","ES-008","CP09"
"If \(5^m=125\), the value of \(5^{m+1}\) is:","625","Medium","QL-183","ES-008","CP09"
"If \(7^p=49\), find the required value of \(7^{p+2}\) without solving for \(p\).","32","Medium","QL-184","ES-008","CP09"
"Using the given information \(2^r=32\), find \(2^{r-3}\).","32","Medium","QL-185","ES-008","CP09"
"If \(3^n=81\), evaluate the expression \(3^{2n}\) using the given power relation.","625","Hard","QL-186","ES-008","CP09"
"If \(11^x=121\), determine the value of \(11^{x+2}\) directly from the given relation.","32","Medium","QL-187","ES-008","CP09"
"If \(5^a=25\), find the answer using substitution for \(5^{a+3}\).","3","Easy","QL-188","ES-008","CP09"
"If \(4^m=16\), the required value of \(4^{m+2}\) is:","3","Easy","QL-189","ES-008","CP09"
"If \(2^k=8\), simplify \(2^{k+4}\) using the given exponential relation.","32","Easy","QL-190","ES-008","CP09"
"If \(2^x=8\), find \(2^{x+2}\).","32","Medium","QL-166","ES-008","CP09"
"If \(3^a=9\), find \(3^{a-1}\).","625","Easy","QL-167","ES-008","CP09"
"If \(5^x=25\), find \(5^{2x}\).","3","Easy","QL-168","ES-008","CP09"
"If \(2^m=16\), find \(2^{m-1}\).","3","Hard","QL-169","ES-008","CP09"
"If \(7^p=49\), find \(7^{p+1}\).","625","Medium","QL-170","ES-008","CP09"
"If \(3^n=27\), find \(3^{n+2}\).","625","Medium","QL-171","ES-008","CP09"
"If \(5^a=125\), find \(5^{a-2}\).","625","Medium","QL-172","ES-008","CP09"
"If \(2^r=32\), find \(2^{2r}\).","32","Medium","QL-173","ES-008","CP09"
"If \(11^x=121\), find \(11^{x-1}\).","3","Medium","QL-174","ES-008","CP09"
"If \(4^m=64\), find \(4^{m+1}\).","625","Hard","QL-175","ES-008","CP09"
"If \(3^p=81\), find \(3^{p/2}\).","3","Medium","QL-176","ES-008","CP09"
"If \(2^a=4\), find \(2^{a+5}\).","625","Hard","QL-177","ES-008","CP09"
"If \(5^n=625\), find \(5^{n-3}\).","3","Easy","QL-178","ES-008","CP09"
"If \(9^x=81\), find \(9^{x+1}\).","3","Medium","QL-179","ES-008","CP09"
"If \(2^k=64\), find \(2^{k-4}\).","625","Easy","QL-180","ES-008","CP09"
"Given that \(2^x=16\), evaluate \(2^{x+3}\).","3","Hard","QL-181","ES-008","CP09"
"Using the given relation \(3^a=27\), determine \(3^{a-2}\).","32","Easy","QL-182","ES-008","CP09"
"If \(5^m=125\), the value of \(5^{m+1}\) is:","32","Hard","QL-183","ES-008","CP09"
"If \(7^p=49\), find the required value of \(7^{p+2}\) without solving for \(p\).","625","Medium","QL-184","ES-008","CP09"
"Using the given information \(2^r=32\), find \(2^{r-3}\).","32","Easy","QL-185","ES-008","CP09"
"If \(3^n=81\), evaluate the expression \(3^{2n}\) using the given power relation.","3","Easy","QL-186","ES-008","CP09"
"If \(11^x=121\), determine the value of \(11^{x+2}\) directly from the given relation.","32","Medium","QL-187","ES-008","CP09"
"If \(5^a=25\), find the answer using substitution for \(5^{a+3}\).","32","Easy","QL-188","ES-008","CP09"
"If \(4^m=16\), the required value of \(4^{m+2}\) is:","3","Easy","QL-189","ES-008","CP09"
"If \(2^k=8\), simplify \(2^{k+4}\) using the given exponential relation.","625","Medium","QL-190","ES-008","CP09"
"If \(2^x=8\), find \(2^{x+2}\).","32","Medium","QL-166","ES-008","CP09"
"If \(3^a=9\), find \(3^{a-1}\).","3","Medium","QL-167","ES-008","CP09"
"If \(5^x=25\), find \(5^{2x}\).","3","Easy","QL-168","ES-008","CP09"
"If \(2^m=16\), find \(2^{m-1}\).","3","Easy","QL-169","ES-008","CP09"
"If \(7^p=49\), find \(7^{p+1}\).","3","Medium","QL-170","ES-008","CP09"
"If \(3^n=27\), find \(3^{n+2}\).","3","Easy","QL-171","ES-008","CP09"
"If \(5^a=125\), find \(5^{a-2}\).","32","Hard","QL-172","ES-008","CP09"
"If \(2^r=32\), find \(2^{2r}\).","3","Hard","QL-173","ES-008","CP09"
"If \(11^x=121\), find \(11^{x-1}\).","3","Medium","QL-174","ES-008","CP09"
"If \(4^m=64\), find \(4^{m+1}\).","3","Easy","QL-175","ES-008","CP09"
"If \(3^p=81\), find \(3^{p/2}\).","32","Easy","QL-176","ES-008","CP09"
"If \(2^a=4\), find \(2^{a+5}\).","3","Hard","QL-177","ES-008","CP09"
"If \(5^n=625\), find \(5^{n-3}\).","625","Easy","QL-178","ES-008","CP09"
"If \(9^x=81\), find \(9^{x+1}\).","32","Medium","QL-179","ES-008","CP09"
"If \(2^k=64\), find \(2^{k-4}\).","3","Hard","QL-180","ES-008","CP09"
"Given that \(2^x=16\), evaluate \(2^{x+3}\).","32","Easy","QL-181","ES-008","CP09"
"Using the given relation \(3^a=27\), determine \(3^{a-2}\).","32","Medium","QL-182","ES-008","CP09"
"If \(5^m=125\), the value of \(5^{m+1}\) is:","32","Medium","QL-183","ES-008","CP09"
"If \(7^p=49\), find the required value of \(7^{p+2}\) without solving for \(p\).","32","Medium","QL-184","ES-008","CP09"
"Using the given information \(2^r=32\), find \(2^{r-3}\).","32","Hard","QL-185","ES-008","CP09"
"If \(3^n=81\), evaluate the expression \(3^{2n}\) using the given power relation.","3","Medium","QL-186","ES-008","CP09"
"If \(11^x=121\), determine the value of \(11^{x+2}\) directly from the given relation.","625","Hard","QL-187","ES-008","CP09"
"If \(5^a=25\), find the answer using substitution for \(5^{a+3}\).","32","Easy","QL-188","ES-008","CP09"
"If \(4^m=16\), the required value of \(4^{m+2}\) is:","32","Easy","QL-189","ES-008","CP09"
"If \(2^k=8\), simplify \(2^{k+4}\) using the given exponential relation.","625","Medium","QL-190","ES-008","CP09"
"If \(2^x=8\), find \(2^{x+2}\).","3","Medium","QL-166","ES-008","CP09"
"If \(3^a=9\), find \(3^{a-1}\).","3","Easy","QL-167","ES-008","CP09"
"If \(5^x=25\), find \(5^{2x}\).","32","Easy","QL-168","ES-008","CP09"
"If \(2^m=16\), find \(2^{m-1}\).","32","Hard","QL-169","ES-008","CP09"
"If \(7^p=49\), find \(7^{p+1}\).","625","Hard","QL-170","ES-008","CP09"
"If \(3^n=27\), find \(3^{n+2}\).","625","Easy","QL-171","ES-008","CP09"
"If \(5^a=125\), find \(5^{a-2}\).","32","Easy","QL-172","ES-008","CP09"
"If \(2^r=32\), find \(2^{2r}\).","3","Easy","QL-173","ES-008","CP09"
"If \(11^x=121\), find \(11^{x-1}\).","625","Medium","QL-174","ES-008","CP09"
"If \(4^m=64\), find \(4^{m+1}\).","3","Easy","QL-175","ES-008","CP09"
"If \(3^p=81\), find \(3^{p/2}\).","32","Medium","QL-176","ES-008","CP09"
"If \(2^a=4\), find \(2^{a+5}\).","625","Easy","QL-177","ES-008","CP09"
"If \(5^n=625\), find \(5^{n-3}\).","625","Medium","QL-178","ES-008","CP09"
"If \(9^x=81\), find \(9^{x+1}\).","32","Medium","QL-179","ES-008","CP09"
"If \(2^k=64\), find \(2^{k-4}\).","3","Medium","QL-180","ES-008","CP09"
"Given that \(2^x=16\), evaluate \(2^{x+3}\).","625","Hard","QL-181","ES-008","CP09"
"Using the given relation \(3^a=27\), determine \(3^{a-2}\).","3","Medium","QL-182","ES-008","CP09"
"If \(5^m=125\), the value of \(5^{m+1}\) is:","3","Medium","QL-183","ES-008","CP09"
"If \(7^p=49\), find the required value of \(7^{p+2}\) without solving for \(p\).","625","Easy","QL-184","ES-008","CP09"
"Using the given information \(2^r=32\), find \(2^{r-3}\).","3","Easy","QL-185","ES-008","CP09"
"If \(3^n=81\), evaluate the expression \(3^{2n}\) using the given power relation.","625","Hard","QL-186","ES-008","CP09"
"If \(11^x=121\), determine the value of \(11^{x+2}\) directly from the given relation.","625","Medium","QL-187","ES-008","CP09"
"If \(5^a=25\), find the answer using substitution for \(5^{a+3}\).","3","Medium","QL-188","ES-008","CP09"
"If \(4^m=16\), the required value of \(4^{m+2}\) is:","625","Medium","QL-189","ES-008","CP09"
"If \(2^k=8\), simplify \(2^{k+4}\) using the given exponential relation.","625","Hard","QL-190","ES-008","CP09"
"If \(2^x=8\), find \(2^{x+2}\).","3","Easy","QL-166","ES-008","CP09"
"If \(3^a=9\), find \(3^{a-1}\).","625","Medium","QL-167","ES-008","CP09"
"If \(5^x=25\), find \(5^{2x}\).","625","Medium","QL-168","ES-008","CP09"
"If \(2^m=16\), find \(2^{m-1}\).","32","Hard","QL-169","ES-008","CP09"
"If \(7^p=49\), find \(7^{p+1}\).","32","Medium","QL-170","ES-008","CP09"
"If \(3^n=27\), find \(3^{n+2}\).","32","Medium","QL-171","ES-008","CP09"
"If \(5^a=125\), find \(5^{a-2}\).","625","Medium","QL-172","ES-008","CP09"
"If \(2^r=32\), find \(2^{2r}\).","32","Easy","QL-173","ES-008","CP09"
"If \(11^x=121\), find \(11^{x-1}\).","3","Medium","QL-174","ES-008","CP09"
"If \(4^m=64\), find \(4^{m+1}\).","3","Easy","QL-175","ES-008","CP09"
"If \(3^p=81\), find \(3^{p/2}\).","625","Easy","QL-176","ES-008","CP09"
"If \(2^a=4\), find \(2^{a+5}\).","32","Medium","QL-177","ES-008","CP09"
"If \(5^n=625\), find \(5^{n-3}\).","32","Medium","QL-178","ES-008","CP09"
"If \(9^x=81\), find \(9^{x+1}\).","3","Medium","QL-179","ES-008","CP09"
"If \(2^k=64\), find \(2^{k-4}\).","3","Easy","QL-180","ES-008","CP09"
"Given that \(2^x=16\), evaluate \(2^{x+3}\).","3","Easy","QL-181","ES-008","CP09"
"Using the given relation \(3^a=27\), determine \(3^{a-2}\).","625","Easy","QL-182","ES-008","CP09"
"If \(5^m=125\), the value of \(5^{m+1}\) is:","625","Easy","QL-183","ES-008","CP09"
"If \(7^p=49\), find the required value of \(7^{p+2}\) without solving for \(p\).","625","Hard","QL-184","ES-008","CP09"
"Using the given information \(2^r=32\), find \(2^{r-3}\).","625","Medium","QL-185","ES-008","CP09"
"If \(3^n=81\), evaluate the expression \(3^{2n}\) using the given power relation.","625","Easy","QL-186","ES-008","CP09"
"If \(11^x=121\), determine the value of \(11^{x+2}\) directly from the given relation.","625","Medium","QL-187","ES-008","CP09"
"If \(5^a=25\), find the answer using substitution for \(5^{a+3}\).","32","Easy","QL-188","ES-008","CP09"
"If \(4^m=16\), the required value of \(4^{m+2}\) is:","625","Hard","QL-189","ES-008","CP09"
"If \(2^k=8\), simplify \(2^{k+4}\) using the given exponential relation.","32","Easy","QL-190","ES-008","CP09"
"If \(2^x=8\), find \(2^{x+2}\).","3","Easy","QL-166","ES-008","CP09"
"If \(3^a=9\), find \(3^{a-1}\).","3","Easy","QL-167","ES-008","CP09"
"If \(5^x=25\), find \(5^{2x}\).","625","Medium","QL-168","ES-008","CP09"
"If \(2^m=16\), find \(2^{m-1}\).","32","Hard","QL-169","ES-008","CP09"
"If \(7^p=49\), find \(7^{p+1}\).","3","Hard","QL-170","ES-008","CP09"
"If \(3^n=27\), find \(3^{n+2}\).","32","Medium","QL-171","ES-008","CP09"
"If \(5^a=125\), find \(5^{a-2}\).","625","Easy","QL-172","ES-008","CP09"
"If \(2^r=32\), find \(2^{2r}\).","625","Medium","QL-173","ES-008","CP09"
"If \(11^x=121\), find \(11^{x-1}\).","3","Medium","QL-174","ES-008","CP09"
"If \(4^m=64\), find \(4^{m+1}\).","625","Easy","QL-175","ES-008","CP09"
"If \(3^p=81\), find \(3^{p/2}\).","3","Easy","QL-176","ES-008","CP09"
"If \(2^a=4\), find \(2^{a+5}\).","625","Hard","QL-177","ES-008","CP09"
"If \(5^n=625\), find \(5^{n-3}\).","625","Medium","QL-178","ES-008","CP09"
"If \(9^x=81\), find \(9^{x+1}\).","3","Hard","QL-179","ES-008","CP09"
"If \(2^k=64\), find \(2^{k-4}\).","32","Easy","QL-180","ES-008","CP09"
"Given that \(2^x=16\), evaluate \(2^{x+3}\).","3","Easy","QL-181","ES-008","CP09"
"Using the given relation \(3^a=27\), determine \(3^{a-2}\).","625","Medium","QL-182","ES-008","CP09"
"If \(5^m=125\), the value of \(5^{m+1}\) is:","625","Hard","QL-183","ES-008","CP09"
"If \(7^p=49\), find the required value of \(7^{p+2}\) without solving for \(p\).","625","Medium","QL-184","ES-008","CP09"
"Using the given information \(2^r=32\), find \(2^{r-3}\).","3","Medium","QL-185","ES-008","CP09"
"If \(3^n=81\), evaluate the expression \(3^{2n}\) using the given power relation.","3","Easy","QL-186","ES-008","CP09"
"If \(11^x=121\), determine the value of \(11^{x+2}\) directly from the given relation.","625","Medium","QL-187","ES-008","CP09"
"If \(5^a=25\), find the answer using substitution for \(5^{a+3}\).","3","Hard","QL-188","ES-008","CP09"
"If \(4^m=16\), the required value of \(4^{m+2}\) is:","32","Medium","QL-189","ES-008","CP09"
"If \(2^k=8\), simplify \(2^{k+4}\) using the given exponential relation.","32","Easy","QL-190","ES-008","CP09"
"If \(2^x=8\), find \(2^{x+2}\).","3","Easy","QL-166","ES-008","CP09"
"If \(3^a=9\), find \(3^{a-1}\).","3","Medium","QL-167","ES-008","CP09"
"If \(5^x=25\), find \(5^{2x}\).","3","Medium","QL-168","ES-008","CP09"
"If \(2^m=16\), find \(2^{m-1}\).","32","Medium","QL-169","ES-008","CP09"
"If \(7^p=49\), find \(7^{p+1}\).","3","Easy","QL-170","ES-008","CP09"
"If \(3^n=27\), find \(3^{n+2}\).","625","Easy","QL-171","ES-008","CP09"
"If \(5^a=125\), find \(5^{a-2}\).","32","Easy","QL-172","ES-008","CP09"
"If \(2^r=32\), find \(2^{2r}\).","3","Easy","QL-173","ES-008","CP09"
"If \(11^x=121\), find \(11^{x-1}\).","3","Medium","QL-174","ES-008","CP09"
"If \(4^m=64\), find \(4^{m+1}\).","625","Hard","QL-175","ES-008","CP09"
"If \(3^p=81\), find \(3^{p/2}\).","625","Easy","QL-176","ES-008","CP09"
"If \(2^a=4\), find \(2^{a+5}\).","625","Easy","QL-177","ES-008","CP09"
"If \(5^n=625\), find \(5^{n-3}\).","3","Hard","QL-178","ES-008","CP09"
"If \(9^x=81\), find \(9^{x+1}\).","625","Medium","QL-179","ES-008","CP09"
"If \(2^k=64\), find \(2^{k-4}\).","3","Easy","QL-180","ES-008","CP09"
"Given that \(2^x=16\), evaluate \(2^{x+3}\).","32","Hard","QL-181","ES-008","CP09"
"Using the given relation \(3^a=27\), determine \(3^{a-2}\).","625","Medium","QL-182","ES-008","CP09"
"If \(5^m=125\), the value of \(5^{m+1}\) is:","625","Medium","QL-183","ES-008","CP09"
"If \(7^p=49\), find the required value of \(7^{p+2}\) without solving for \(p\).","625","Hard","QL-184","ES-008","CP09"
"Using the given information \(2^r=32\), find \(2^{r-3}\).","3","Hard","QL-185","ES-008","CP09"
"If \(3^n=81\), evaluate the expression \(3^{2n}\) using the given power relation.","625","Medium","QL-186","ES-008","CP09"
"If \(11^x=121\), determine the value of \(11^{x+2}\) directly from the given relation.","625","Medium","QL-187","ES-008","CP09"
"If \(5^a=25\), find the answer using substitution for \(5^{a+3}\).","625","Easy","QL-188","ES-008","CP09"
"If \(4^m=16\), the required value of \(4^{m+2}\) is:","3","Medium","QL-189","ES-008","CP09"
"If \(2^k=8\), simplify \(2^{k+4}\) using the given exponential relation.","3","Medium","QL-190","ES-008","CP09"
"If \(2^x=8\), find \(2^{x+2}\).","32","Easy","QL-166","ES-008","CP09"
"If \(3^a=9\), find \(3^{a-1}\).","625","Hard","QL-167","ES-008","CP09"
"If \(5^x=25\), find \(5^{2x}\).","3","Medium","QL-168","ES-008","CP09"
"If \(2^m=16\), find \(2^{m-1}\).","3","Medium","QL-169","ES-008","CP09"
"If \(7^p=49\), find \(7^{p+1}\).","32","Hard","QL-170","ES-008","CP09"
"If \(3^n=27\), find \(3^{n+2}\).","32","Easy","QL-171","ES-008","CP09"
"If \(5^a=125\), find \(5^{a-2}\).","32","Medium","QL-172","ES-008","CP09"
"If \(2^r=32\), find \(2^{2r}\).","3","Medium","QL-173","ES-008","CP09"
"If \(11^x=121\), find \(11^{x-1}\).","3","Hard","QL-174","ES-008","CP09"
"If \(4^m=64\), find \(4^{m+1}\).","32","Easy","QL-175","ES-008","CP09"
"If \(3^p=81\), find \(3^{p/2}\).","32","Hard","QL-176","ES-008","CP09"
"If \(2^a=4\), find \(2^{a+5}\).","3","Easy","QL-177","ES-008","CP09"
"If \(5^n=625\), find \(5^{n-3}\).","32","Medium","QL-178","ES-008","CP09"
"If \(9^x=81\), find \(9^{x+1}\).","32","Medium","QL-179","ES-008","CP09"
"If \(2^k=64\), find \(2^{k-4}\).","625","Medium","QL-180","ES-008","CP09"
"Given that \(2^x=16\), evaluate \(2^{x+3}\).","625","Medium","QL-181","ES-008","CP09"
"Using the given relation \(3^a=27\), determine \(3^{a-2}\).","625","Medium","QL-182","ES-008","CP09"
"If \(5^m=125\), the value of \(5^{m+1}\) is:","32","Easy","QL-183","ES-008","CP09"
"If \(7^p=49\), find the required value of \(7^{p+2}\) without solving for \(p\).","32","Easy","QL-184","ES-008","CP09"
"Using the given information \(2^r=32\), find \(2^{r-3}\).","32","Hard","QL-185","ES-008","CP09"
"If \(3^n=81\), evaluate the expression \(3^{2n}\) using the given power relation.","625","Hard","QL-186","ES-008","CP09"
"If \(11^x=121\), determine the value of \(11^{x+2}\) directly from the given relation.","3","Medium","QL-187","ES-008","CP09"
"If \(5^a=25\), find the answer using substitution for \(5^{a+3}\).","32","Easy","QL-188","ES-008","CP09"
"If \(4^m=16\), the required value of \(4^{m+2}\) is:","32","Easy","QL-189","ES-008","CP09"
"If \(2^k=8\), simplify \(2^{k+4}\) using the given exponential relation.","625","Easy","QL-190","ES-008","CP09"
"If \(2^x=8\), find \(2^{x+2}\).","625","Easy","QL-166","ES-008","CP09"
"If \(3^a=9\), find \(3^{a-1}\).","625","Hard","QL-167","ES-008","CP09"
"If \(5^x=25\), find \(5^{2x}\).","3","Hard","QL-168","ES-008","CP09"
"If \(2^m=16\), find \(2^{m-1}\).","3","Easy","QL-169","ES-008","CP09"
"If \(7^p=49\), find \(7^{p+1}\).","3","Hard","QL-170","ES-008","CP09"
"If \(3^n=27\), find \(3^{n+2}\).","32","Easy","QL-171","ES-008","CP09"
"If \(5^a=125\), find \(5^{a-2}\).","625","Hard","QL-172","ES-008","CP09"
"If \(2^r=32\), find \(2^{2r}\).","3","Easy","QL-173","ES-008","CP09"
"If \(11^x=121\), find \(11^{x-1}\).","32","Easy","QL-174","ES-008","CP09"
"If \(4^m=64\), find \(4^{m+1}\).","3","Medium","QL-175","ES-008","CP09"
"If \(3^p=81\), find \(3^{p/2}\).","625","Medium","QL-176","ES-008","CP09"
"If \(2^a=4\), find \(2^{a+5}\).","3","Medium","QL-177","ES-008","CP09"
"If \(5^n=625\), find \(5^{n-3}\).","3","Easy","QL-178","ES-008","CP09"
"If \(9^x=81\), find \(9^{x+1}\).","625","Medium","QL-179","ES-008","CP09"
"If \(2^k=64\), find \(2^{k-4}\).","3","Hard","QL-180","ES-008","CP09"
"Given that \(2^x=16\), evaluate \(2^{x+3}\).","625","Medium","QL-181","ES-008","CP09"
"Using the given relation \(3^a=27\), determine \(3^{a-2}\).","625","Easy","QL-182","ES-008","CP09"
"If \(5^m=125\), the value of \(5^{m+1}\) is:","3","Easy","QL-183","ES-008","CP09"
"If \(7^p=49\), find the required value of \(7^{p+2}\) without solving for \(p\).","625","Easy","QL-184","ES-008","CP09"
"Using the given information \(2^r=32\), find \(2^{r-3}\).","625","Medium","QL-185","ES-008","CP09"
"If \(3^n=81\), evaluate the expression \(3^{2n}\) using the given power relation.","32","Hard","QL-186","ES-008","CP09"
"If \(11^x=121\), determine the value of \(11^{x+2}\) directly from the given relation.","3","Hard","QL-187","ES-008","CP09"
"If \(5^a=25\), find the answer using substitution for \(5^{a+3}\).","32","Easy","QL-188","ES-008","CP09"
"If \(4^m=16\), the required value of \(4^{m+2}\) is:","32","Medium","QL-189","ES-008","CP09"
"If \(2^k=8\), simplify \(2^{k+4}\) using the given exponential relation.","32","Medium","QL-190","ES-008","CP09"
"If \(2^x=8\), find \(2^{x+2}\).","3","Easy","QL-166","ES-008","CP09"
"If \(3^a=9\), find \(3^{a-1}\).","32","Easy","QL-167","ES-008","CP09"
"If \(5^x=25\), find \(5^{2x}\).","3","Medium","QL-168","ES-008","CP09"
"If \(2^m=16\), find \(2^{m-1}\).","625","Medium","QL-169","ES-008","CP09"
"If \(7^p=49\), find \(7^{p+1}\).","625","Easy","QL-170","ES-008","CP09"
"If \(3^n=27\), find \(3^{n+2}\).","32","Easy","QL-171","ES-008","CP09"
"If \(5^a=125\), find \(5^{a-2}\).","3","Easy","QL-172","ES-008","CP09"
"If \(2^r=32\), find \(2^{2r}\).","625","Easy","QL-173","ES-008","CP09"
"If \(11^x=121\), find \(11^{x-1}\).","625","Medium","QL-174","ES-008","CP09"
"If \(4^m=64\), find \(4^{m+1}\).","32","Hard","QL-175","ES-008","CP09"
"If \(3^p=81\), find \(3^{p/2}\).","32","Medium","QL-176","ES-008","CP09"
"If \(2^a=4\), find \(2^{a+5}\).","625","Easy","QL-177","ES-008","CP09"
"If \(5^n=625\), find \(5^{n-3}\).","3","Medium","QL-178","ES-008","CP09"
"If \(9^x=81\), find \(9^{x+1}\).","625","Easy","QL-179","ES-008","CP09"
"If \(2^k=64\), find \(2^{k-4}\).","625","Medium","QL-180","ES-008","CP09"
"Given that \(2^x=16\), evaluate \(2^{x+3}\).","32","Easy","QL-181","ES-008","CP09"
"Using the given relation \(3^a=27\), determine \(3^{a-2}\).","3","Medium","QL-182","ES-008","CP09"
"If \(5^m=125\), the value of \(5^{m+1}\) is:","625","Hard","QL-183","ES-008","CP09"
"If \(7^p=49\), find the required value of \(7^{p+2}\) without solving for \(p\).","3","Medium","QL-184","ES-008","CP09"
"Using the given information \(2^r=32\), find \(2^{r-3}\).","3","Medium","QL-185","ES-008","CP09"
"If \(3^n=81\), evaluate the expression \(3^{2n}\) using the given power relation.","32","Easy","QL-186","ES-008","CP09"
"If \(11^x=121\), determine the value of \(11^{x+2}\) directly from the given relation.","625","Easy","QL-187","ES-008","CP09"
"If \(5^a=25\), find the answer using substitution for \(5^{a+3}\).","625","Medium","QL-188","ES-008","CP09"
"If \(4^m=16\), the required value of \(4^{m+2}\) is:","625","Easy","QL-189","ES-008","CP09"
"If \(2^k=8\), simplify \(2^{k+4}\) using the given exponential relation.","625","Medium","QL-190","ES-008","CP09"
"If \(2^x=8\), find \(2^{x+2}\).","32","Medium","QL-166","ES-008","CP09"
"If \(3^a=9\), find \(3^{a-1}\).","3","Easy","QL-167","ES-008","CP09"
"If \(5^x=25\), find \(5^{2x}\).","32","Easy","QL-168","ES-008","CP09"
"If \(2^m=16\), find \(2^{m-1}\).","625","Easy","QL-169","ES-008","CP09"
"If \(7^p=49\), find \(7^{p+1}\).","32","Easy","QL-170","ES-008","CP09"
"If \(3^n=27\), find \(3^{n+2}\).","3","Easy","QL-171","ES-008","CP09"
"If \(5^a=125\), find \(5^{a-2}\).","625","Easy","QL-172","ES-008","CP09"
"If \(2^r=32\), find \(2^{2r}\).","32","Easy","QL-173","ES-008","CP09"
"If \(11^x=121\), find \(11^{x-1}\).","32","Hard","QL-174","ES-008","CP09"
"If \(4^m=64\), find \(4^{m+1}\).","3","Easy","QL-175","ES-008","CP09"
"If \(3^p=81\), find \(3^{p/2}\).","3","Medium","QL-176","ES-008","CP09"
"If \(2^a=4\), find \(2^{a+5}\).","3","Hard","QL-177","ES-008","CP09"
"If \(5^n=625\), find \(5^{n-3}\).","32","Easy","QL-178","ES-008","CP09"
"If \(9^x=81\), find \(9^{x+1}\).","3","Easy","QL-179","ES-008","CP09"
"If \(2^k=64\), find \(2^{k-4}\).","32","Easy","QL-180","ES-008","CP09"
"Given that \(2^x=16\), evaluate \(2^{x+3}\).","3","Medium","QL-181","ES-008","CP09"
"Using the given relation \(3^a=27\), determine \(3^{a-2}\).","3","Medium","QL-182","ES-008","CP09"
"If \(5^m=125\), the value of \(5^{m+1}\) is:","3","Easy","QL-183","ES-008","CP09"
"If \(7^p=49\), find the required value of \(7^{p+2}\) without solving for \(p\).","32","Medium","QL-184","ES-008","CP09"
"Using the given information \(2^r=32\), find \(2^{r-3}\).","625","Medium","QL-185","ES-008","CP09"
"If \(3^n=81\), evaluate the expression \(3^{2n}\) using the given power relation.","32","Easy","QL-186","ES-008","CP09"
"If \(11^x=121\), determine the value of \(11^{x+2}\) directly from the given relation.","3","Hard","QL-187","ES-008","CP09"
"If \(5^a=25\), find the answer using substitution for \(5^{a+3}\).","3","Easy","QL-188","ES-008","CP09"
"If \(4^m=16\), the required value of \(4^{m+2}\) is:","625","Easy","QL-189","ES-008","CP09"
"If \(2^k=8\), simplify \(2^{k+4}\) using the given exponential relation.","32","Easy","QL-190","ES-008","CP09"
"If \(2^x=8\), find \(2^{x+2}\).","625","Hard","QL-166","ES-008","CP09"
"If \(3^a=9\), find \(3^{a-1}\).","625","Medium","QL-167","ES-008","CP09"
"If \(5^x=25\), find \(5^{2x}\).","625","Easy","QL-168","ES-008","CP09"
"If \(2^m=16\), find \(2^{m-1}\).","625","Easy","QL-169","ES-008","CP09"
"If \(7^p=49\), find \(7^{p+1}\).","625","Easy","QL-170","ES-008","CP09"
"If \(3^n=27\), find \(3^{n+2}\).","3","Easy","QL-171","ES-008","CP09"
"If \(5^a=125\), find \(5^{a-2}\).","32","Medium","QL-172","ES-008","CP09"
"If \(2^r=32\), find \(2^{2r}\).","32","Medium","QL-173","ES-008","CP09"
"If \(11^x=121\), find \(11^{x-1}\).","625","Medium","QL-174","ES-008","CP09"
"If \(4^m=64\), find \(4^{m+1}\).","3","Easy","QL-175","ES-008","CP09"
"If \(3^p=81\), find \(3^{p/2}\).","32","Hard","QL-176","ES-008","CP09"
"If \(2^a=4\), find \(2^{a+5}\).","3","Medium","QL-177","ES-008","CP09"
"If \(5^n=625\), find \(5^{n-3}\).","3","Medium","QL-178","ES-008","CP09"
"If \(9^x=81\), find \(9^{x+1}\).","32","Hard","QL-179","ES-008","CP09"
"If \(2^k=64\), find \(2^{k-4}\).","625","Easy","QL-180","ES-008","CP09"
"Given that \(2^x=16\), evaluate \(2^{x+3}\).","32","Hard","QL-181","ES-008","CP09"
"Using the given relation \(3^a=27\), determine \(3^{a-2}\).","3","Medium","QL-182","ES-008","CP09"
"If \(5^m=125\), the value of \(5^{m+1}\) is:","3","Medium","QL-183","ES-008","CP09"
"If \(7^p=49\), find the required value of \(7^{p+2}\) without solving for \(p\).","3","Easy","QL-184","ES-008","CP09"
"Using the given information \(2^r=32\), find \(2^{r-3}\).","3","Medium","QL-185","ES-008","CP09"
"If \(3^n=81\), evaluate the expression \(3^{2n}\) using the given power relation.","3","Hard","QL-186","ES-008","CP09"
"If \(11^x=121\), determine the value of \(11^{x+2}\) directly from the given relation.","3","Medium","QL-187","ES-008","CP09"
"If \(5^a=25\), find the answer using substitution for \(5^{a+3}\).","625","Easy","QL-188","ES-008","CP09"
"If \(4^m=16\), the required value of \(4^{m+2}\) is:","32","Medium","QL-189","ES-008","CP09"
"If \(2^k=8\), simplify \(2^{k+4}\) using the given exponential relation.","32","Medium","QL-190","ES-008","CP09"
"If \(2^x=8\), find \(2^{x+2}\).","3","Easy","QL-166","ES-008","CP09"
"If \(3^a=9\), find \(3^{a-1}\).","3","Hard","QL-167","ES-008","CP09"
"If \(5^x=25\), find \(5^{2x}\).","625","Easy","QL-168","ES-008","CP09"
"If \(2^m=16\), find \(2^{m-1}\).","3","Easy","QL-169","ES-008","CP09"
"If \(7^p=49\), find \(7^{p+1}\).","625","Easy","QL-170","ES-008","CP09"
"If \(3^n=27\), find \(3^{n+2}\).","625","Hard","QL-171","ES-008","CP09"
"If \(5^a=125\), find \(5^{a-2}\).","32","Hard","QL-172","ES-008","CP09"
"If \(2^r=32\), find \(2^{2r}\).","32","Hard","QL-173","ES-008","CP09"
"If \(11^x=121\), find \(11^{x-1}\).","32","Medium","QL-174","ES-008","CP09"
"If \(4^m=64\), find \(4^{m+1}\).","32","Medium","QL-175","ES-008","CP09"
"If \(3^p=81\), find \(3^{p/2}\).","32","Medium","QL-176","ES-008","CP09"
"If \(2^a=4\), find \(2^{a+5}\).","3","Easy","QL-177","ES-008","CP09"
"If \(5^n=625\), find \(5^{n-3}\).","32","Easy","QL-178","ES-008","CP09"
"If \(9^x=81\), find \(9^{x+1}\).","32","Medium","QL-179","ES-008","CP09"
"If \(2^k=64\), find \(2^{k-4}\).","32","Easy","QL-180","ES-008","CP09"
"Given that \(2^x=16\), evaluate \(2^{x+3}\).","625","Medium","QL-181","ES-008","CP09"
"Using the given relation \(3^a=27\), determine \(3^{a-2}\).","625","Easy","QL-182","ES-008","CP09"
"If \(5^m=125\), the value of \(5^{m+1}\) is:","3","Easy","QL-183","ES-008","CP09"
"If \(7^p=49\), find the required value of \(7^{p+2}\) without solving for \(p\).","32","Medium","QL-184","ES-008","CP09"
"Using the given information \(2^r=32\), find \(2^{r-3}\).","625","Hard","QL-185","ES-008","CP09"
"If \(3^n=81\), evaluate the expression \(3^{2n}\) using the given power relation.","32","Medium","QL-186","ES-008","CP09"
"If \(11^x=121\), determine the value of \(11^{x+2}\) directly from the given relation.","625","Hard","QL-187","ES-008","CP09"
"If \(5^a=25\), find the answer using substitution for \(5^{a+3}\).","3","Hard","QL-188","ES-008","CP09"
"If \(4^m=16\), the required value of \(4^{m+2}\) is:","32","Medium","QL-189","ES-008","CP09"
"If \(2^k=8\), simplify \(2^{k+4}\) using the given exponential relation.","32","Medium","QL-190","ES-008","CP09"
"If \(2^x=8\), find \(2^{x+2}\).","3","Easy","QL-166","ES-008","CP09"
"If \(3^a=9\), find \(3^{a-1}\).","32","Hard","QL-167","ES-008","CP09"
"If \(5^x=25\), find \(5^{2x}\).","625","Hard","QL-168","ES-008","CP09"
"If \(2^m=16\), find \(2^{m-1}\).","625","Easy","QL-169","ES-008","CP09"
"If \(7^p=49\), find \(7^{p+1}\).","3","Easy","QL-170","ES-008","CP09"
"If \(3^n=27\), find \(3^{n+2}\).","3","Easy","QL-171","ES-008","CP09"
"If \(5^a=125\), find \(5^{a-2}\).","625","Medium","QL-172","ES-008","CP09"
"If \(2^r=32\), find \(2^{2r}\).","3","Medium","QL-173","ES-008","CP09"
"If \(11^x=121\), find \(11^{x-1}\).","3","Hard","QL-174","ES-008","CP09"
"If \(4^m=64\), find \(4^{m+1}\).","32","Easy","QL-175","ES-008","CP09"
"If \(3^p=81\), find \(3^{p/2}\).","3","Easy","QL-176","ES-008","CP09"
"If \(2^a=4\), find \(2^{a+5}\).","32","Medium","QL-177","ES-008","CP09"
"If \(5^n=625\), find \(5^{n-3}\).","32","Medium","QL-178","ES-008","CP09"
"If \(9^x=81\), find \(9^{x+1}\).","625","Easy","QL-179","ES-008","CP09"
"If \(2^k=64\), find \(2^{k-4}\).","3","Medium","QL-180","ES-008","CP09"
"Given that \(2^x=16\), evaluate \(2^{x+3}\).","625","Easy","QL-181","ES-008","CP09"
"Using the given relation \(3^a=27\), determine \(3^{a-2}\).","3","Medium","QL-182","ES-008","CP09"
"If \(5^m=125\), the value of \(5^{m+1}\) is:","625","Medium","QL-183","ES-008","CP09"
"If \(7^p=49\), find the required value of \(7^{p+2}\) without solving for \(p\).","625","Easy","QL-184","ES-008","CP09"
"Using the given information \(2^r=32\), find \(2^{r-3}\).","625","Medium","QL-185","ES-008","CP09"
"If \(3^n=81\), evaluate the expression \(3^{2n}\) using the given power relation.","625","Easy","QL-186","ES-008","CP09"
"If \(11^x=121\), determine the value of \(11^{x+2}\) directly from the given relation.","625","Easy","QL-187","ES-008","CP09"
"If \(5^a=25\), find the answer using substitution for \(5^{a+3}\).","625","Easy","QL-188","ES-008","CP09"
"If \(4^m=16\), the required value of \(4^{m+2}\) is:","3","Medium","QL-189","ES-008","CP09"
"If \(2^k=8\), simplify \(2^{k+4}\) using the given exponential relation.","3","Easy","QL-190","ES-008","CP09"
"If \(2^x=8\), find \(2^{x+2}\).","625","Easy","QL-166","ES-008","CP09"
"If \(3^a=9\), find \(3^{a-1}\).","32","Hard","QL-167","ES-008","CP09"
"If \(5^x=25\), find \(5^{2x}\).","32","Easy","QL-168","ES-008","CP09"
"If \(2^m=16\), find \(2^{m-1}\).","3","Hard","QL-169","ES-008","CP09"
"If \(7^p=49\), find \(7^{p+1}\).","32","Medium","QL-170","ES-008","CP09"
"If \(3^n=27\), find \(3^{n+2}\).","625","Easy","QL-171","ES-008","CP09"
"If \(5^a=125\), find \(5^{a-2}\).","32","Medium","QL-172","ES-008","CP09"
"If \(2^r=32\), find \(2^{2r}\).","32","Easy","QL-173","ES-008","CP09"
"If \(11^x=121\), find \(11^{x-1}\).","32","Medium","QL-174","ES-008","CP09"
"If \(4^m=64\), find \(4^{m+1}\).","625","Medium","QL-175","ES-008","CP09"
"If \(3^p=81\), find \(3^{p/2}\).","32","Hard","QL-176","ES-008","CP09"
"If \(2^a=4\), find \(2^{a+5}\).","3","Easy","QL-177","ES-008","CP09"
"If \(5^n=625\), find \(5^{n-3}\).","625","Easy","QL-178","ES-008","CP09"
"If \(9^x=81\), find \(9^{x+1}\).","32","Easy","QL-179","ES-008","CP09"
"If \(2^k=64\), find \(2^{k-4}\).","625","Easy","QL-180","ES-008","CP09"
"Given that \(2^x=16\), evaluate \(2^{x+3}\).","3","Medium","QL-181","ES-008","CP09"
"Using the given relation \(3^a=27\), determine \(3^{a-2}\).","3","Medium","QL-182","ES-008","CP09"
"If \(5^m=125\), the value of \(5^{m+1}\) is:","3","Medium","QL-183","ES-008","CP09"
"If \(7^p=49\), find the required value of \(7^{p+2}\) without solving for \(p\).","32","Easy","QL-184","ES-008","CP09"
"Using the given information \(2^r=32\), find \(2^{r-3}\).","32","Easy","QL-185","ES-008","CP09"
"If \(3^n=81\), evaluate the expression \(3^{2n}\) using the given power relation.","3","Medium","QL-186","ES-008","CP09"
"If \(11^x=121\), determine the value of \(11^{x+2}\) directly from the given relation.","32","Easy","QL-187","ES-008","CP09"
"If \(5^a=25\), find the answer using substitution for \(5^{a+3}\).","32","Medium","QL-188","ES-008","CP09"
"If \(4^m=16\), the required value of \(4^{m+2}\) is:","625","Easy","QL-189","ES-008","CP09"
"If \(2^k=8\), simplify \(2^{k+4}\) using the given exponential relation.","625","Medium","QL-190","ES-008","CP09"
"If \(2^x=8\), find \(2^{x+2}\).","3","Hard","QL-166","ES-008","CP09"
"If \(3^a=9\), find \(3^{a-1}\).","625","Medium","QL-167","ES-008","CP09"
"If \(5^x=25\), find \(5^{2x}\).","3","Easy","QL-168","ES-008","CP09"
"If \(2^m=16\), find \(2^{m-1}\).","3","Easy","QL-169","ES-008","CP09"
"If \(7^p=49\), find \(7^{p+1}\).","32","Easy","QL-170","ES-008","CP09"
"If \(3^n=27\), find \(3^{n+2}\).","32","Medium","QL-171","ES-008","CP09"
"If \(5^a=125\), find \(5^{a-2}\).","32","Easy","QL-172","ES-008","CP09"
"If \(2^r=32\), find \(2^{2r}\).","625","Hard","QL-173","ES-008","CP09"
"If \(11^x=121\), find \(11^{x-1}\).","3","Easy","QL-174","ES-008","CP09"
"If \(4^m=64\), find \(4^{m+1}\).","32","Medium","QL-175","ES-008","CP09"
"If \(3^p=81\), find \(3^{p/2}\).","3","Medium","QL-176","ES-008","CP09"
"If \(2^a=4\), find \(2^{a+5}\).","625","Medium","QL-177","ES-008","CP09"
"If \(5^n=625\), find \(5^{n-3}\).","625","Easy","QL-178","ES-008","CP09"
"If \(9^x=81\), find \(9^{x+1}\).","3","Hard","QL-179","ES-008","CP09"
"If \(2^k=64\), find \(2^{k-4}\).","3","Easy","QL-180","ES-008","CP09"
"Given that \(2^x=16\), evaluate \(2^{x+3}\).","32","Hard","QL-181","ES-008","CP09"
"Using the given relation \(3^a=27\), determine \(3^{a-2}\).","625","Easy","QL-182","ES-008","CP09"
"If \(5^m=125\), the value of \(5^{m+1}\) is:","32","Medium","QL-183","ES-008","CP09"
"If \(7^p=49\), find the required value of \(7^{p+2}\) without solving for \(p\).","32","Easy","QL-184","ES-008","CP09"
"Using the given information \(2^r=32\), find \(2^{r-3}\).","32","Easy","QL-185","ES-008","CP09"
"If \(3^n=81\), evaluate the expression \(3^{2n}\) using the given power relation.","32","Medium","QL-186","ES-008","CP09"
"If \(11^x=121\), determine the value of \(11^{x+2}\) directly from the given relation.","32","Easy","QL-187","ES-008","CP09"
"If \(5^a=25\), find the answer using substitution for \(5^{a+3}\).","625","Easy","QL-188","ES-008","CP09"
"If \(4^m=16\), the required value of \(4^{m+2}\) is:","32","Easy","QL-189","ES-008","CP09"
"If \(2^k=8\), simplify \(2^{k+4}\) using the given exponential relation.","32","Easy","QL-190","ES-008","CP09"
"If \(2^x=8\), find \(2^{x+2}\).","3","Hard","QL-166","ES-008","CP09"
"If \(3^a=9\), find \(3^{a-1}\).","32","Easy","QL-167","ES-008","CP09"
"If \(5^x=25\), find \(5^{2x}\).","32","Easy","QL-168","ES-008","CP09"
"If \(2^m=16\), find \(2^{m-1}\).","625","Easy","QL-169","ES-008","CP09"
"If \(7^p=49\), find \(7^{p+1}\).","32","Medium","QL-170","ES-008","CP09"
"If \(3^n=27\), find \(3^{n+2}\).","32","Medium","QL-171","ES-008","CP09"
"If \(5^a=125\), find \(5^{a-2}\).","625","Hard","QL-172","ES-008","CP09"
"If \(2^r=32\), find \(2^{2r}\).","625","Hard","QL-173","ES-008","CP09"
"If \(11^x=121\), find \(11^{x-1}\).","3","Easy","QL-174","ES-008","CP09"
"If \(4^m=64\), find \(4^{m+1}\).","625","Medium","QL-175","ES-008","CP09"
"If \(3^p=81\), find \(3^{p/2}\).","3","Hard","QL-176","ES-008","CP09"
"If \(2^a=4\), find \(2^{a+5}\).","3","Easy","QL-177","ES-008","CP09"
"If \(5^n=625\), find \(5^{n-3}\).","32","Easy","QL-178","ES-008","CP09"
"If \(9^x=81\), find \(9^{x+1}\).","32","Hard","QL-179","ES-008","CP09"
"If \(2^k=64\), find \(2^{k-4}\).","3","Easy","QL-180","ES-008","CP09"
"Given that \(2^x=16\), evaluate \(2^{x+3}\).","32","Hard","QL-181","ES-008","CP09"
"Using the given relation \(3^a=27\), determine \(3^{a-2}\).","32","Medium","QL-182","ES-008","CP09"
"If \(5^m=125\), the value of \(5^{m+1}\) is:","32","Easy","QL-183","ES-008","CP09"
"If \(7^p=49\), find the required value of \(7^{p+2}\) without solving for \(p\).","625","Medium","QL-184","ES-008","CP09"
"Using the given information \(2^r=32\), find \(2^{r-3}\).","625","Easy","QL-185","ES-008","CP09"
"If \(3^n=81\), evaluate the expression \(3^{2n}\) using the given power relation.","625","Easy","QL-186","ES-008","CP09"
"If \(11^x=121\), determine the value of \(11^{x+2}\) directly from the given relation.","3","Hard","QL-187","ES-008","CP09"
"If \(5^a=25\), find the answer using substitution for \(5^{a+3}\).","625","Medium","QL-188","ES-008","CP09"
"If \(4^m=16\), the required value of \(4^{m+2}\) is:","625","Medium","QL-189","ES-008","CP09"
"If \(2^k=8\), simplify \(2^{k+4}\) using the given exponential relation.","625","Easy","QL-190","ES-008","CP09"
"If \(2^x=8\), find \(2^{x+2}\).","3","Medium","QL-166","ES-008","CP09"
"If \(3^a=9\), find \(3^{a-1}\).","3","Medium","QL-167","ES-008","CP09"
"If \(5^x=25\), find \(5^{2x}\).","32","Medium","QL-168","ES-008","CP09"
"If \(2^m=16\), find \(2^{m-1}\).","625","Easy","QL-169","ES-008","CP09"
"If \(7^p=49\), find \(7^{p+1}\).","3","Easy","QL-170","ES-008","CP09"
"If \(3^n=27\), find \(3^{n+2}\).","625","Medium","QL-171","ES-008","CP09"
"If \(5^a=125\), find \(5^{a-2}\).","625","Hard","QL-172","ES-008","CP09"
"If \(2^r=32\), find \(2^{2r}\).","3","Medium","QL-173","ES-008","CP09"
"If \(11^x=121\), find \(11^{x-1}\).","32","Easy","QL-174","ES-008","CP09"
"If \(4^m=64\), find \(4^{m+1}\).","3","Hard","QL-175","ES-008","CP09"
"If \(3^p=81\), find \(3^{p/2}\).","625","Medium","QL-176","ES-008","CP09"
"If \(2^a=4\), find \(2^{a+5}\).","625","Medium","QL-177","ES-008","CP09"
"If \(5^n=625\), find \(5^{n-3}\).","625","Easy","QL-178","ES-008","CP09"
"If \(9^x=81\), find \(9^{x+1}\).","625","Medium","QL-179","ES-008","CP09"
"If \(2^k=64\), find \(2^{k-4}\).","3","Easy","QL-180","ES-008","CP09"
"Given that \(2^x=16\), evaluate \(2^{x+3}\).","3","Easy","QL-181","ES-008","CP09"
"Using the given relation \(3^a=27\), determine \(3^{a-2}\).","625","Hard","QL-182","ES-008","CP09"
"If \(5^m=125\), the value of \(5^{m+1}\) is:","32","Medium","QL-183","ES-008","CP09"
"If \(7^p=49\), find the required value of \(7^{p+2}\) without solving for \(p\).","625","Easy","QL-184","ES-008","CP09"
"Using the given information \(2^r=32\), find \(2^{r-3}\).","3","Hard","QL-185","ES-008","CP09"
"If \(3^n=81\), evaluate the expression \(3^{2n}\) using the given power relation.","32","Medium","QL-186","ES-008","CP09"
"If \(11^x=121\), determine the value of \(11^{x+2}\) directly from the given relation.","32","Easy","QL-187","ES-008","CP09"
"If \(5^a=25\), find the answer using substitution for \(5^{a+3}\).","32","Medium","QL-188","ES-008","CP09"
"If \(4^m=16\), the required value of \(4^{m+2}\) is:","625","Hard","QL-189","ES-008","CP09"
"If \(2^k=8\), simplify \(2^{k+4}\) using the given exponential relation.","32","Medium","QL-190","ES-008","CP09"
"If \(2^x=8\), find \(2^{x+2}\).","625","Easy","QL-166","ES-008","CP09"
"If \(3^a=9\), find \(3^{a-1}\).","625","Medium","QL-167","ES-008","CP09"
"If \(5^x=25\), find \(5^{2x}\).","3","Easy","QL-168","ES-008","CP09"
"If \(2^m=16\), find \(2^{m-1}\).","625","Medium","QL-169","ES-008","CP09"
"If \(7^p=49\), find \(7^{p+1}\).","625","Hard","QL-170","ES-008","CP09"
"If \(3^n=27\), find \(3^{n+2}\).","3","Easy","QL-171","ES-008","CP09"
"If \(5^a=125\), find \(5^{a-2}\).","3","Hard","QL-172","ES-008","CP09"
"If \(2^r=32\), find \(2^{2r}\).","3","Easy","QL-173","ES-008","CP09"
"If \(11^x=121\), find \(11^{x-1}\).","32","Medium","QL-174","ES-008","CP09"
"If \(4^m=64\), find \(4^{m+1}\).","625","Hard","QL-175","ES-008","CP09"
"If \(3^p=81\), find \(3^{p/2}\).","625","Medium","QL-176","ES-008","CP09"
"If \(2^a=4\), find \(2^{a+5}\).","3","Medium","QL-177","ES-008","CP09"
"If \(5^n=625\), find \(5^{n-3}\).","32","Hard","QL-178","ES-008","CP09"
"If \(9^x=81\), find \(9^{x+1}\).","625","Easy","QL-179","ES-008","CP09"
"If \(2^k=64\), find \(2^{k-4}\).","625","Easy","QL-180","ES-008","CP09"
"Given that \(2^x=16\), evaluate \(2^{x+3}\).","625","Hard","QL-181","ES-008","CP09"
"Using the given relation \(3^a=27\), determine \(3^{a-2}\).","625","Easy","QL-182","ES-008","CP09"
"If \(5^m=125\), the value of \(5^{m+1}\) is:","3","Medium","QL-183","ES-008","CP09"
"If \(7^p=49\), find the required value of \(7^{p+2}\) without solving for \(p\).","3","Easy","QL-184","ES-008","CP09"
"Using the given information \(2^r=32\), find \(2^{r-3}\).","3","Medium","QL-185","ES-008","CP09"
"If \(3^n=81\), evaluate the expression \(3^{2n}\) using the given power relation.","3","Medium","QL-186","ES-008","CP09"
"If \(11^x=121\), determine the value of \(11^{x+2}\) directly from the given relation.","3","Medium","QL-187","ES-008","CP09"
"If \(5^a=25\), find the answer using substitution for \(5^{a+3}\).","625","Hard","QL-188","ES-008","CP09"
"If \(4^m=16\), the required value of \(4^{m+2}\) is:","625","Hard","QL-189","ES-008","CP09"
"If \(2^k=8\), simplify \(2^{k+4}\) using the given exponential relation.","3","Easy","QL-190","ES-008","CP09"
"If \(2^x=8\), find \(2^{x+2}\).","3","Hard","QL-166","ES-008","CP09"
"If \(3^a=9\), find \(3^{a-1}\).","32","Easy","QL-167","ES-008","CP09"
"If \(5^x=25\), find \(5^{2x}\).","3","Easy","QL-168","ES-008","CP09"
"If \(2^m=16\), find \(2^{m-1}\).","3","Easy","QL-169","ES-008","CP09"
"If \(7^p=49\), find \(7^{p+1}\).","625","Medium","QL-170","ES-008","CP09"
"If \(3^n=27\), find \(3^{n+2}\).","625","Easy","QL-171","ES-008","CP09"
"If \(5^a=125\), find \(5^{a-2}\).","625","Easy","QL-172","ES-008","CP09"
"If \(2^r=32\), find \(2^{2r}\).","3","Medium","QL-173","ES-008","CP09"
"If \(11^x=121\), find \(11^{x-1}\).","3","Medium","QL-174","ES-008","CP09"
"If \(4^m=64\), find \(4^{m+1}\).","32","Hard","QL-175","ES-008","CP09"
"If \(3^p=81\), find \(3^{p/2}\).","3","Medium","QL-176","ES-008","CP09"
"If \(2^a=4\), find \(2^{a+5}\).","625","Easy","QL-177","ES-008","CP09"
"If \(5^n=625\), find \(5^{n-3}\).","32","Medium","QL-178","ES-008","CP09"
"If \(9^x=81\), find \(9^{x+1}\).","3","Easy","QL-179","ES-008","CP09"
"If \(2^k=64\), find \(2^{k-4}\).","3","Medium","QL-180","ES-008","CP09"
"Given that \(2^x=16\), evaluate \(2^{x+3}\).","625","Medium","QL-181","ES-008","CP09"
"Using the given relation \(3^a=27\), determine \(3^{a-2}\).","32","Easy","QL-182","ES-008","CP09"
"If \(5^m=125\), the value of \(5^{m+1}\) is:","3","Medium","QL-183","ES-008","CP09"
"If \(7^p=49\), find the required value of \(7^{p+2}\) without solving for \(p\).","625","Medium","QL-184","ES-008","CP09"
"Using the given information \(2^r=32\), find \(2^{r-3}\).","625","Hard","QL-185","ES-008","CP09"
"If \(3^n=81\), evaluate the expression \(3^{2n}\) using the given power relation.","32","Easy","QL-186","ES-008","CP09"
"If \(11^x=121\), determine the value of \(11^{x+2}\) directly from the given relation.","625","Medium","QL-187","ES-008","CP09"
"If \(5^a=25\), find the answer using substitution for \(5^{a+3}\).","32","Hard","QL-188","ES-008","CP09"
"If \(4^m=16\), the required value of \(4^{m+2}\) is:","3","Easy","QL-189","ES-008","CP09"
"If \(2^k=8\), simplify \(2^{k+4}\) using the given exponential relation.","3","Hard","QL-190","ES-008","CP09"
