question,answer,difficulty,questionLanguageId,explanationId,canonicalProblemId
The number 42 contains how many digits?,2,Medium,QL-008,ES-001,CP-001
Count the digits in 1000.,4,Easy,QL-003,ES-001,CP-001
How many digits are there in 100000?,6,Medium,QL-002,ES-001,CP-001
Calculate the digit count of 7.,1,Easy,QL-009,ES-001,CP-001
What is the total number of digits in 42?,2,Easy,QL-012,ES-001,CP-001
Find the total number of digits in 1001.,4,Medium,QL-007,ES-001,CP-001
How many digits are there in 42?,2,Medium,QL-002,ES-001,CP-001
Find the number of digits in 123456.,6,Medium,QL-001,ES-001,CP-001
What is the digit count of 100000?,6,Medium,QL-004,ES-001,CP-001
Find the total number of digits in 99999.,5,Easy,QL-007,ES-001,CP-001
Find the number of digits in 1001.,4,Medium,QL-001,ES-001,CP-001
How many digits are there in 999?,3,Easy,QL-002,ES-001,CP-001
Find the total number of digits in 1001.,4,Medium,QL-007,ES-001,CP-001
The number 1000000003 contains how many digits?,10,Easy,QL-008,ES-001,CP-001
Calculate the digit count of 1000.,4,Easy,QL-009,ES-001,CP-001
Identify the number of digits in 999.,3,Hard,QL-010,ES-001,CP-001
Find the total number of digits in 123456.,6,Hard,QL-007,ES-001,CP-001
What is the total number of digits in 100001?,6,Hard,QL-012,ES-001,CP-001
Find the number of digits in 123456.,6,Easy,QL-001,ES-001,CP-001
How many digits are there in 100001?,6,Medium,QL-002,ES-001,CP-001
How many digits are there in 100000?,6,Hard,QL-002,ES-001,CP-001
Find the number of digits in 123456.,6,Hard,QL-001,ES-001,CP-001
The number 42 contains how many digits?,2,Medium,QL-008,ES-001,CP-001
Find the total number of digits in 123456.,6,Easy,QL-007,ES-001,CP-001
Identify the number of digits in 1000000003.,10,Easy,QL-010,ES-001,CP-001
Determine the number of digits in 7.,1,Medium,QL-005,ES-001,CP-001
What is the digit count of 100000?,6,Easy,QL-004,ES-001,CP-001
Find how many digits are present in 1000.,4,Medium,QL-011,ES-001,CP-001
How many digits does 100001 contain?,6,Medium,QL-006,ES-001,CP-001
Find the number of digits in 123456.,6,Medium,QL-001,ES-001,CP-001
Find how many digits are present in 123456.,6,Easy,QL-011,ES-001,CP-001
What is the total number of digits in 1000000003?,10,Easy,QL-012,ES-001,CP-001
Determine the number of digits in 99999.,5,Medium,QL-005,ES-001,CP-001
Identify the number of digits in 999.,3,Easy,QL-010,ES-001,CP-001
Find how many digits are present in 1000.,4,Easy,QL-011,ES-001,CP-001
What is the digit count of 100000?,6,Hard,QL-004,ES-001,CP-001
Find the number of digits in 123456.,6,Medium,QL-001,ES-001,CP-001
How many digits are there in 100000?,6,Easy,QL-002,ES-001,CP-001
Find how many digits are present in 7.,1,Easy,QL-011,ES-001,CP-001
What is the digit count of 100000?,6,Medium,QL-004,ES-001,CP-001
The number 42 contains how many digits?,2,Easy,QL-008,ES-001,CP-001
Count the digits in 99999.,5,Easy,QL-003,ES-001,CP-001
Identify the number of digits in 42.,2,Easy,QL-010,ES-001,CP-001
Calculate the digit count of 1001.,4,Medium,QL-009,ES-001,CP-001
What is the digit count of 100000?,6,Easy,QL-004,ES-001,CP-001
Find the total number of digits in 1001.,4,Easy,QL-007,ES-001,CP-001
How many digits does 100001 contain?,6,Medium,QL-006,ES-001,CP-001
Calculate the digit count of 123456.,6,Hard,QL-009,ES-001,CP-001
The number 1000000003 contains how many digits?,10,Easy,QL-008,ES-001,CP-001
Find the total number of digits in 1001.,4,Easy,QL-007,ES-001,CP-001
Calculate the digit count of 1000.,4,Hard,QL-009,ES-001,CP-001
How many digits does 999 contain?,3,Easy,QL-006,ES-001,CP-001
Count the digits in 7.,1,Easy,QL-003,ES-001,CP-001
The number 42 contains how many digits?,2,Easy,QL-008,ES-001,CP-001
Determine the number of digits in 1001.,4,Hard,QL-005,ES-001,CP-001
Identify the number of digits in 42.,2,Easy,QL-010,ES-001,CP-001
Find how many digits are present in 1000.,4,Hard,QL-011,ES-001,CP-001
The number 1000000003 contains how many digits?,10,Hard,QL-008,ES-001,CP-001
Calculate the digit count of 7.,1,Medium,QL-009,ES-001,CP-001
How many digits does 100001 contain?,6,Medium,QL-006,ES-001,CP-001
Identify the number of digits in 42.,2,Medium,QL-010,ES-001,CP-001
Calculate the digit count of 1001.,4,Easy,QL-009,ES-001,CP-001
What is the digit count of 999?,3,Easy,QL-004,ES-001,CP-001
Find how many digits are present in 1001.,4,Medium,QL-011,ES-001,CP-001
How many digits does 100000 contain?,6,Easy,QL-006,ES-001,CP-001
Find the number of digits in 1000.,4,Easy,QL-001,ES-001,CP-001
The number 999 contains how many digits?,3,Medium,QL-008,ES-001,CP-001
Count the digits in 1000.,4,Easy,QL-003,ES-001,CP-001
How many digits does 42 contain?,2,Medium,QL-006,ES-001,CP-001
Calculate the digit count of 1000.,4,Medium,QL-009,ES-001,CP-001
Count the digits in 99999.,5,Easy,QL-003,ES-001,CP-001
What is the total number of digits in 42?,2,Medium,QL-012,ES-001,CP-001
Determine the number of digits in 99999.,5,Easy,QL-005,ES-001,CP-001
Identify the number of digits in 100000.,6,Easy,QL-010,ES-001,CP-001
Find how many digits are present in 7.,1,Hard,QL-011,ES-001,CP-001
The number 999 contains how many digits?,3,Easy,QL-008,ES-001,CP-001
Calculate the digit count of 1000.,4,Medium,QL-009,ES-001,CP-001
How many digits does 100001 contain?,6,Medium,QL-006,ES-001,CP-001
Find how many digits are present in 1001.,4,Medium,QL-011,ES-001,CP-001
What is the digit count of 42?,2,Hard,QL-004,ES-001,CP-001
The number 100001 contains how many digits?,6,Easy,QL-008,ES-001,CP-001
Find the total number of digits in 7.,1,Medium,QL-007,ES-001,CP-001
Identify the number of digits in 100001.,6,Easy,QL-010,ES-001,CP-001
Find the number of digits in 7.,1,Hard,QL-001,ES-001,CP-001
What is the total number of digits in 1000000003?,10,Easy,QL-012,ES-001,CP-001
Find how many digits are present in 123456.,6,Medium,QL-011,ES-001,CP-001
How many digits are there in 1000000003?,10,Medium,QL-002,ES-001,CP-001
Determine the number of digits in 7.,1,Easy,QL-005,ES-001,CP-001
The number 1000000003 contains how many digits?,10,Easy,QL-008,ES-001,CP-001
Count the digits in 99999.,5,Easy,QL-003,ES-001,CP-001
Find the number of digits in 1001.,4,Medium,QL-001,ES-001,CP-001
How many digits does 1000000003 contain?,10,Hard,QL-006,ES-001,CP-001
Find the total number of digits in 7.,1,Medium,QL-007,ES-001,CP-001
What is the total number of digits in 1000000003?,10,Easy,QL-012,ES-001,CP-001
Determine the number of digits in 99999.,5,Hard,QL-005,ES-001,CP-001
How many digits does 1000000003 contain?,10,Hard,QL-006,ES-001,CP-001
Find how many digits are present in 99999.,5,Easy,QL-011,ES-001,CP-001
What is the digit count of 100000?,6,Medium,QL-004,ES-001,CP-001
Calculate the digit count of 99999.,5,Medium,QL-009,ES-001,CP-001
How many digits does 1000000003 contain?,10,Medium,QL-006,ES-001,CP-001
Count the digits in 99999.,5,Medium,QL-003,ES-001,CP-001
What is the digit count of 1000000003?,10,Easy,QL-004,ES-001,CP-001
Determine the number of digits in 123456.,6,Medium,QL-005,ES-001,CP-001
How many digits are there in 42?,2,Medium,QL-002,ES-001,CP-001
Find the total number of digits in 123456.,6,Hard,QL-007,ES-001,CP-001
The number 100001 contains how many digits?,6,Hard,QL-008,ES-001,CP-001
Find the number of digits in 1001.,4,Medium,QL-001,ES-001,CP-001
How many digits does 1000000003 contain?,10,Medium,QL-006,ES-001,CP-001
Find how many digits are present in 1000.,4,Easy,QL-011,ES-001,CP-001
What is the digit count of 100000?,6,Easy,QL-004,ES-001,CP-001
Identify the number of digits in 42.,2,Easy,QL-010,ES-001,CP-001
Calculate the digit count of 99999.,5,Easy,QL-009,ES-001,CP-001
What is the total number of digits in 100000?,6,Hard,QL-012,ES-001,CP-001
Find how many digits are present in 1001.,4,Medium,QL-011,ES-001,CP-001
How many digits are there in 42?,2,Easy,QL-002,ES-001,CP-001
Calculate the digit count of 7.,1,Medium,QL-009,ES-001,CP-001
What is the digit count of 100000?,6,Hard,QL-004,ES-001,CP-001
Find the total number of digits in 123456.,6,Easy,QL-007,ES-001,CP-001
Identify the number of digits in 100000.,6,Medium,QL-010,ES-001,CP-001
Find the number of digits in 99999.,5,Easy,QL-001,ES-001,CP-001
Calculate the digit count of 123456.,6,Medium,QL-009,ES-001,CP-001
How many digits does 100001 contain?,6,Hard,QL-006,ES-001,CP-001
Count the digits in 99999.,5,Medium,QL-003,ES-001,CP-001
What is the total number of digits in 1000000003?,10,Easy,QL-012,ES-001,CP-001
Determine the number of digits in 123456.,6,Hard,QL-005,ES-001,CP-001
Identify the number of digits in 42.,2,Medium,QL-010,ES-001,CP-001
Find the total number of digits in 7.,1,Hard,QL-007,ES-001,CP-001
The number 42 contains how many digits?,2,Hard,QL-008,ES-001,CP-001
Determine the number of digits in 1001.,4,Easy,QL-005,ES-001,CP-001
How many digits does 999 contain?,3,Medium,QL-006,ES-001,CP-001
What is the digit count of 100000?,6,Medium,QL-004,ES-001,CP-001
Find how many digits are present in 1000.,4,Easy,QL-011,ES-001,CP-001
Identify the number of digits in 100000.,6,Easy,QL-010,ES-001,CP-001
Determine the number of digits in 1001.,4,Medium,QL-005,ES-001,CP-001
What is the digit count of 100001?,6,Easy,QL-004,ES-001,CP-001
Count the digits in 7.,1,Medium,QL-003,ES-001,CP-001
How many digits are there in 1000000003?,10,Hard,QL-002,ES-001,CP-001
Find the number of digits in 1001.,4,Medium,QL-001,ES-001,CP-001
The number 100000 contains how many digits?,6,Easy,QL-008,ES-001,CP-001
Find the total number of digits in 7.,1,Medium,QL-007,ES-001,CP-001
Count the digits in 1001.,4,Hard,QL-003,ES-001,CP-001
The number 42 contains how many digits?,2,Easy,QL-008,ES-001,CP-001
Determine the number of digits in 1001.,4,Hard,QL-005,ES-001,CP-001
How many digits does 999 contain?,3,Medium,QL-006,ES-001,CP-001
Find how many digits are present in 1000.,4,Medium,QL-011,ES-001,CP-001
What is the digit count of 42?,2,Easy,QL-004,ES-001,CP-001
Find the number of digits in 99999.,5,Medium,QL-001,ES-001,CP-001
Identify the number of digits in 42.,2,Easy,QL-010,ES-001,CP-001
Find the total number of digits in 99999.,5,Medium,QL-007,ES-001,CP-001
The number 999 contains how many digits?,3,Easy,QL-008,ES-001,CP-001
How many digits does 100000 contain?,6,Hard,QL-006,ES-001,CP-001
Calculate the digit count of 7.,1,Easy,QL-009,ES-001,CP-001
What is the total number of digits in 100000?,6,Hard,QL-012,ES-001,CP-001
Find the total number of digits in 99999.,5,Medium,QL-007,ES-001,CP-001
How many digits does 1000000003 contain?,10,Easy,QL-006,ES-001,CP-001
Calculate the digit count of 7.,1,Medium,QL-009,ES-001,CP-001
What is the digit count of 42?,2,Hard,QL-004,ES-001,CP-001
Count the digits in 1001.,4,Medium,QL-003,ES-001,CP-001
Identify the number of digits in 42.,2,Hard,QL-010,ES-001,CP-001
Determine the number of digits in 1001.,4,Hard,QL-005,ES-001,CP-001
Determine the number of digits in 99999.,5,Easy,QL-005,ES-001,CP-001
Identify the number of digits in 100000.,6,Medium,QL-010,ES-001,CP-001
Find the total number of digits in 1001.,4,Hard,QL-007,ES-001,CP-001
The number 100000 contains how many digits?,6,Easy,QL-008,ES-001,CP-001
Find the number of digits in 1000.,4,Medium,QL-001,ES-001,CP-001
Identify the number of digits in 1000000003.,10,Medium,QL-010,ES-001,CP-001
Count the digits in 99999.,5,Easy,QL-003,ES-001,CP-001
What is the total number of digits in 999?,3,Medium,QL-012,ES-001,CP-001
Calculate the digit count of 1001.,4,Medium,QL-009,ES-001,CP-001
Identify the number of digits in 42.,2,Easy,QL-010,ES-001,CP-001
What is the total number of digits in 1000000003?,10,Hard,QL-012,ES-001,CP-001
Count the digits in 123456.,6,Hard,QL-003,ES-001,CP-001
Identify the number of digits in 100000.,6,Medium,QL-010,ES-001,CP-001
Determine the number of digits in 7.,1,Medium,QL-005,ES-001,CP-001
The number 100000 contains how many digits?,6,Easy,QL-008,ES-001,CP-001
Find how many digits are present in 123456.,6,Medium,QL-011,ES-001,CP-001
How many digits does 999 contain?,3,Medium,QL-006,ES-001,CP-001
Calculate the digit count of 1001.,4,Medium,QL-009,ES-001,CP-001
What is the digit count of 999?,3,Medium,QL-004,ES-001,CP-001
Find how many digits are present in 1001.,4,Easy,QL-011,ES-001,CP-001
Count the digits in 99999.,5,Medium,QL-003,ES-001,CP-001
The number 100000 contains how many digits?,6,Easy,QL-008,ES-001,CP-001
Find the number of digits in 99999.,5,Hard,QL-001,ES-001,CP-001
Identify the number of digits in 100000.,6,Easy,QL-010,ES-001,CP-001
Find how many digits are present in 7.,1,Medium,QL-011,ES-001,CP-001
What is the total number of digits in 42?,2,Easy,QL-012,ES-001,CP-001
Determine the number of digits in 123456.,6,Easy,QL-005,ES-001,CP-001
How many digits are there in 42?,2,Medium,QL-002,ES-001,CP-001
Count the digits in 1001.,4,Easy,QL-003,ES-001,CP-001
The number 42 contains how many digits?,2,Easy,QL-008,ES-001,CP-001
How many digits does 999 contain?,3,Hard,QL-006,ES-001,CP-001
Calculate the digit count of 1001.,4,Hard,QL-009,ES-001,CP-001
What is the total number of digits in 999?,3,Hard,QL-012,ES-001,CP-001
Count the digits in 1000.,4,Easy,QL-003,ES-001,CP-001
How many digits are there in 1000000003?,10,Easy,QL-002,ES-001,CP-001
Find the number of digits in 1001.,4,Medium,QL-001,ES-001,CP-001
The number 100000 contains how many digits?,6,Easy,QL-008,ES-001,CP-001
Find the total number of digits in 123456.,6,Medium,QL-007,ES-001,CP-001
Identify the number of digits in 100001.,6,Easy,QL-010,ES-001,CP-001
Calculate the digit count of 99999.,5,Medium,QL-009,ES-001,CP-001
How many digits does 100000 contain?,6,Easy,QL-006,ES-001,CP-001
Determine the number of digits in 123456.,6,Hard,QL-005,ES-001,CP-001
What is the total number of digits in 100000?,6,Medium,QL-012,ES-001,CP-001
Find the total number of digits in 123456.,6,Easy,QL-007,ES-001,CP-001
How many digits are there in 1000000003?,10,Medium,QL-002,ES-001,CP-001
Calculate the digit count of 7.,1,Medium,QL-009,ES-001,CP-001
What is the digit count of 42?,2,Easy,QL-004,ES-001,CP-001
Find how many digits are present in 1001.,4,Medium,QL-011,ES-001,CP-001
How many digits are there in 100000?,6,Easy,QL-002,ES-001,CP-001
Determine the number of digits in 7.,1,Easy,QL-005,ES-001,CP-001
Find how many digits are present in 7.,1,Hard,QL-011,ES-001,CP-001
The number 100000 contains how many digits?,6,Easy,QL-008,ES-001,CP-001
Find the number of digits in 1000.,4,Medium,QL-001,ES-001,CP-001
How many digits does 1000000003 contain?,10,Medium,QL-006,ES-001,CP-001
Find the total number of digits in 1001.,4,Easy,QL-007,ES-001,CP-001
What is the digit count of 100000?,6,Medium,QL-004,ES-001,CP-001
Determine the number of digits in 1001.,4,Easy,QL-005,ES-001,CP-001
How many digits does 999 contain?,3,Hard,QL-006,ES-001,CP-001
Find the total number of digits in 123456.,6,Easy,QL-007,ES-001,CP-001
What is the total number of digits in 100000?,6,Medium,QL-012,ES-001,CP-001
The number 100000 contains how many digits?,6,Medium,QL-008,ES-001,CP-001
Find how many digits are present in 1000.,4,Hard,QL-011,ES-001,CP-001
How many digits does 100000 contain?,6,Medium,QL-006,ES-001,CP-001
Determine the number of digits in 123456.,6,Easy,QL-005,ES-001,CP-001
What is the total number of digits in 100001?,6,Hard,QL-012,ES-001,CP-001
Count the digits in 123456.,6,Hard,QL-003,ES-001,CP-001
How many digits are there in 999?,3,Hard,QL-002,ES-001,CP-001
Determine the number of digits in 99999.,5,Easy,QL-005,ES-001,CP-001
What is the digit count of 100001?,6,Medium,QL-004,ES-001,CP-001
Find the total number of digits in 123456.,6,Medium,QL-007,ES-001,CP-001
Determine the number of digits in 7.,1,Easy,QL-005,ES-001,CP-001
How many digits are there in 42?,2,Medium,QL-002,ES-001,CP-001
Find how many digits are present in 1001.,4,Hard,QL-011,ES-001,CP-001
What is the digit count of 100000?,6,Medium,QL-004,ES-001,CP-001
Find the number of digits in 123456.,6,Medium,QL-001,ES-001,CP-001
How many digits does 100000 contain?,6,Medium,QL-006,ES-001,CP-001
Find the total number of digits in 7.,1,Easy,QL-007,ES-001,CP-001
What is the digit count of 100001?,6,Easy,QL-004,ES-001,CP-001
Determine the number of digits in 1001.,4,Easy,QL-005,ES-001,CP-001
How many digits are there in 999?,3,Hard,QL-002,ES-001,CP-001
Identify the number of digits in 1000000003.,10,Medium,QL-010,ES-001,CP-001
Calculate the digit count of 99999.,5,Easy,QL-009,ES-001,CP-001
The number 100000 contains how many digits?,6,Easy,QL-008,ES-001,CP-001
Count the digits in 99999.,5,Medium,QL-003,ES-001,CP-001
How many digits does 100001 contain?,6,Medium,QL-006,ES-001,CP-001
Determine the number of digits in 123456.,6,Easy,QL-005,ES-001,CP-001
What is the total number of digits in 1000000003?,10,Medium,QL-012,ES-001,CP-001
Find how many digits are present in 7.,1,Hard,QL-011,ES-001,CP-001
How many digits are there in 999?,3,Easy,QL-002,ES-001,CP-001
Calculate the digit count of 99999.,5,Easy,QL-009,ES-001,CP-001
Find how many digits are present in 99999.,5,Hard,QL-011,ES-001,CP-001
The number 999 contains how many digits?,3,Medium,QL-008,ES-001,CP-001
Find the number of digits in 1000.,4,Easy,QL-001,ES-001,CP-001
How many digits does 42 contain?,2,Hard,QL-006,ES-001,CP-001
Find the total number of digits in 7.,1,Medium,QL-007,ES-001,CP-001
What is the total number of digits in 1000000003?,10,Medium,QL-012,ES-001,CP-001
Find the number of digits in 99999.,5,Easy,QL-001,ES-001,CP-001
Identify the number of digits in 1000000003.,10,Medium,QL-010,ES-001,CP-001
Find the total number of digits in 1001.,4,Medium,QL-007,ES-001,CP-001
What is the digit count of 1000000003?,10,Easy,QL-004,ES-001,CP-001
What is the total number of digits in 1000000003?,10,Easy,QL-012,ES-001,CP-001
Find how many digits are present in 1001.,4,Medium,QL-011,ES-001,CP-001
How many digits are there in 999?,3,Easy,QL-002,ES-001,CP-001
Find the number of digits in 1001.,4,Medium,QL-001,ES-001,CP-001
What is the digit count of 42?,2,Easy,QL-004,ES-001,CP-001
Find the total number of digits in 7.,1,Easy,QL-007,ES-001,CP-001
Identify the number of digits in 100000.,6,Hard,QL-010,ES-001,CP-001
Find the number of digits in 1001.,4,Easy,QL-001,ES-001,CP-001
The number 1000000003 contains how many digits?,10,Hard,QL-008,ES-001,CP-001
Count the digits in 7.,1,Medium,QL-003,ES-001,CP-001
Calculate the digit count of 123456.,6,Easy,QL-009,ES-001,CP-001
Identify the number of digits in 42.,2,Medium,QL-010,ES-001,CP-001
Count the digits in 123456.,6,Hard,QL-003,ES-001,CP-001
What is the digit count of 100001?,6,Medium,QL-004,ES-001,CP-001
Determine the number of digits in 7.,1,Medium,QL-005,ES-001,CP-001
How many digits does 100000 contain?,6,Medium,QL-006,ES-001,CP-001
Count the digits in 99999.,5,Medium,QL-003,ES-001,CP-001
The number 42 contains how many digits?,2,Easy,QL-008,ES-001,CP-001
Calculate the digit count of 1000.,4,Hard,QL-009,ES-001,CP-001
Identify the number of digits in 999.,3,Easy,QL-010,ES-001,CP-001
Identify the number of digits in 42.,2,Hard,QL-010,ES-001,CP-001
Find the number of digits in 1001.,4,Easy,QL-001,ES-001,CP-001
What is the total number of digits in 100000?,6,Medium,QL-012,ES-001,CP-001
Find how many digits are present in 123456.,6,Easy,QL-011,ES-001,CP-001
Identify the number of digits in 100001.,6,Medium,QL-010,ES-001,CP-001
Calculate the digit count of 7.,1,Medium,QL-009,ES-001,CP-001
What is the digit count of 1000000003?,10,Easy,QL-004,ES-001,CP-001
Find the total number of digits in 1001.,4,Hard,QL-007,ES-001,CP-001
How many digits does 1000000003 contain?,10,Easy,QL-006,ES-001,CP-001
Find the number of digits in 7.,1,Hard,QL-001,ES-001,CP-001
Find how many digits are present in 123456.,6,Medium,QL-011,ES-001,CP-001
The number 100001 contains how many digits?,6,Easy,QL-008,ES-001,CP-001
Determine the number of digits in 1000.,4,Easy,QL-005,ES-001,CP-001
How many digits are there in 100001?,6,Easy,QL-002,ES-001,CP-001
Find the total number of digits in 1001.,4,Easy,QL-007,ES-001,CP-001
What is the digit count of 999?,3,Medium,QL-004,ES-001,CP-001
Calculate the digit count of 7.,1,Easy,QL-009,ES-001,CP-001
Identify the number of digits in 42.,2,Medium,QL-010,ES-001,CP-001
Count the digits in 1000.,4,Medium,QL-003,ES-001,CP-001
The number 100000 contains how many digits?,6,Medium,QL-008,ES-001,CP-001
Find the number of digits in 7.,1,Medium,QL-001,ES-001,CP-001
How many digits are there in 100000?,6,Medium,QL-002,ES-001,CP-001
Count the digits in 123456.,6,Easy,QL-003,ES-001,CP-001
What is the digit count of 100000?,6,Medium,QL-004,ES-001,CP-001
Determine the number of digits in 1000.,4,Easy,QL-005,ES-001,CP-001
How many digits are there in 999?,3,Easy,QL-002,ES-001,CP-001
Find how many digits are present in 7.,1,Hard,QL-011,ES-001,CP-001
What is the total number of digits in 1000000003?,10,Hard,QL-012,ES-001,CP-001
Determine the number of digits in 123456.,6,Easy,QL-005,ES-001,CP-001
How many digits does 100000 contain?,6,Medium,QL-006,ES-001,CP-001
The number 100001 contains how many digits?,6,Hard,QL-008,ES-001,CP-001
Count the digits in 7.,1,Medium,QL-003,ES-001,CP-001
Identify the number of digits in 100001.,6,Medium,QL-010,ES-001,CP-001
Determine the number of digits in 1001.,4,Easy,QL-005,ES-001,CP-001
What is the total number of digits in 1000000003?,10,Medium,QL-012,ES-001,CP-001
Find how many digits are present in 123456.,6,Easy,QL-011,ES-001,CP-001
How many digits are there in 999?,3,Easy,QL-002,ES-001,CP-001
Determine the number of digits in 123456.,6,Medium,QL-005,ES-001,CP-001
What is the digit count of 100001?,6,Medium,QL-004,ES-001,CP-001
Count the digits in 7.,1,Medium,QL-003,ES-001,CP-001
Find how many digits are present in 7.,1,Medium,QL-011,ES-001,CP-001
The number 100001 contains how many digits?,6,Hard,QL-008,ES-001,CP-001
Find the number of digits in 1000.,4,Medium,QL-001,ES-001,CP-001
How many digits are there in 999?,3,Hard,QL-002,ES-001,CP-001
Count the digits in 1001.,4,Hard,QL-003,ES-001,CP-001
What is the total number of digits in 1000000003?,10,Medium,QL-012,ES-001,CP-001
Find the number of digits in 99999.,5,Medium,QL-001,ES-001,CP-001
How many digits does 1000000003 contain?,10,Medium,QL-006,ES-001,CP-001
Find the total number of digits in 99999.,5,Medium,QL-007,ES-001,CP-001
The number 999 contains how many digits?,3,Medium,QL-008,ES-001,CP-001
Identify the number of digits in 999.,3,Hard,QL-010,ES-001,CP-001
Calculate the digit count of 123456.,6,Medium,QL-009,ES-001,CP-001
What is the total number of digits in 42?,2,Easy,QL-012,ES-001,CP-001
Find how many digits are present in 1001.,4,Medium,QL-011,ES-001,CP-001
How many digits does 1000000003 contain?,10,Easy,QL-006,ES-001,CP-001
Calculate the digit count of 99999.,5,Medium,QL-009,ES-001,CP-001
What is the total number of digits in 1000000003?,10,Medium,QL-012,ES-001,CP-001
Find the total number of digits in 7.,1,Easy,QL-007,ES-001,CP-001
How many digits are there in 100000?,6,Medium,QL-002,ES-001,CP-001
Determine the number of digits in 1001.,4,Medium,QL-005,ES-001,CP-001
Find the number of digits in 1000.,4,Easy,QL-001,ES-001,CP-001
Identify the number of digits in 1000000003.,10,Medium,QL-010,ES-001,CP-001
Count the digits in 1001.,4,Medium,QL-003,ES-001,CP-001
The number 1000000003 contains how many digits?,10,Easy,QL-008,ES-001,CP-001
Calculate the digit count of 7.,1,Hard,QL-009,ES-001,CP-001
How many digits does 1000000003 contain?,10,Hard,QL-006,ES-001,CP-001
Find how many digits are present in 1000.,4,Easy,QL-011,ES-001,CP-001
What is the digit count of 1000000003?,10,Easy,QL-004,ES-001,CP-001
Calculate the digit count of 99999.,5,Easy,QL-009,ES-001,CP-001
Identify the number of digits in 100000.,6,Easy,QL-010,ES-001,CP-001
The number 100000 contains how many digits?,6,Hard,QL-008,ES-001,CP-001
Find the total number of digits in 1001.,4,Hard,QL-007,ES-001,CP-001
Identify the number of digits in 100000.,6,Medium,QL-010,ES-001,CP-001
Determine the number of digits in 123456.,6,Hard,QL-005,ES-001,CP-001
What is the digit count of 100001?,6,Easy,QL-004,ES-001,CP-001
Count the digits in 1000.,4,Medium,QL-003,ES-001,CP-001
How many digits does 100001 contain?,6,Hard,QL-006,ES-001,CP-001
Calculate the digit count of 99999.,5,Medium,QL-009,ES-001,CP-001
What is the digit count of 999?,3,Easy,QL-004,ES-001,CP-001
Find how many digits are present in 99999.,5,Easy,QL-011,ES-001,CP-001
Count the digits in 99999.,5,Hard,QL-003,ES-001,CP-001
What is the digit count of 100001?,6,Easy,QL-004,ES-001,CP-001
Find the number of digits in 7.,1,Easy,QL-001,ES-001,CP-001
How many digits does 100001 contain?,6,Medium,QL-006,ES-001,CP-001
Find how many digits are present in 7.,1,Easy,QL-011,ES-001,CP-001
The number 100000 contains how many digits?,6,Medium,QL-008,ES-001,CP-001
Calculate the digit count of 1001.,4,Medium,QL-009,ES-001,CP-001
How many digits are there in 999?,3,Medium,QL-002,ES-001,CP-001
Find how many digits are present in 1000.,4,Easy,QL-011,ES-001,CP-001
What is the digit count of 100000?,6,Hard,QL-004,ES-001,CP-001
Identify the number of digits in 1000000003.,10,Hard,QL-010,ES-001,CP-001
Calculate the digit count of 1001.,4,Medium,QL-009,ES-001,CP-001
What is the digit count of 100000?,6,Easy,QL-004,ES-001,CP-001
Count the digits in 7.,1,Easy,QL-003,ES-001,CP-001
How many digits are there in 100000?,6,Hard,QL-002,ES-001,CP-001
Find the number of digits in 99999.,5,Medium,QL-001,ES-001,CP-001
What is the total number of digits in 100000?,6,Medium,QL-012,ES-001,CP-001
Find the total number of digits in 123456.,6,Easy,QL-007,ES-001,CP-001
How many digits are there in 100000?,6,Medium,QL-002,ES-001,CP-001
Determine the number of digits in 123456.,6,Medium,QL-005,ES-001,CP-001
Determine the number of digits in 1000.,4,Medium,QL-005,ES-001,CP-001
Identify the number of digits in 100001.,6,Easy,QL-010,ES-001,CP-001
Count the digits in 1001.,4,Easy,QL-003,ES-001,CP-001
What is the digit count of 100001?,6,Medium,QL-004,ES-001,CP-001
Determine the number of digits in 99999.,5,Medium,QL-005,ES-001,CP-001
How many digits does 42 contain?,2,Hard,QL-006,ES-001,CP-001
Find the total number of digits in 123456.,6,Medium,QL-007,ES-001,CP-001
What is the digit count of 100000?,6,Easy,QL-004,ES-001,CP-001
Find the number of digits in 123456.,6,Easy,QL-001,ES-001,CP-001
Identify the number of digits in 42.,2,Medium,QL-010,ES-001,CP-001
The number 100001 contains how many digits?,6,Easy,QL-008,ES-001,CP-001
Count the digits in 123456.,6,Medium,QL-003,ES-001,CP-001
Identify the number of digits in 1000000003.,10,Easy,QL-010,ES-001,CP-001
Determine the number of digits in 7.,1,Medium,QL-005,ES-001,CP-001
What is the total number of digits in 1000000003?,10,Easy,QL-012,ES-001,CP-001
Find the total number of digits in 99999.,5,Medium,QL-007,ES-001,CP-001
Identify the number of digits in 1000000003.,10,Easy,QL-010,ES-001,CP-001
Calculate the digit count of 1000.,4,Medium,QL-009,ES-001,CP-001
What is the digit count of 1000000003?,10,Easy,QL-004,ES-001,CP-001
Count the digits in 123456.,6,Easy,QL-003,ES-001,CP-001
What is the total number of digits in 100001?,6,Easy,QL-012,ES-001,CP-001
Count the digits in 123456.,6,Easy,QL-003,ES-001,CP-001
How many digits does 100001 contain?,6,Hard,QL-006,ES-001,CP-001
Calculate the digit count of 1000.,4,Easy,QL-009,ES-001,CP-001
The number 999 contains how many digits?,3,Easy,QL-008,ES-001,CP-001
Find how many digits are present in 1001.,4,Medium,QL-011,ES-001,CP-001
How many digits are there in 42?,2,Easy,QL-002,ES-001,CP-001
Find the number of digits in 7.,1,Hard,QL-001,ES-001,CP-001
What is the total number of digits in 100000?,6,Easy,QL-012,ES-001,CP-001
Find the total number of digits in 1000.,4,Medium,QL-007,ES-001,CP-001
Determine the number of digits in 1001.,4,Easy,QL-005,ES-001,CP-001
How many digits are there in 999?,3,Hard,QL-002,ES-001,CP-001
Find how many digits are present in 99999.,5,Medium,QL-011,ES-001,CP-001
What is the total number of digits in 999?,3,Medium,QL-012,ES-001,CP-001
Find the number of digits in 1001.,4,Easy,QL-001,ES-001,CP-001
Identify the number of digits in 999.,3,Easy,QL-010,ES-001,CP-001
Find the total number of digits in 1001.,4,Medium,QL-007,ES-001,CP-001
The number 999 contains how many digits?,3,Medium,QL-008,ES-001,CP-001
Determine the number of digits in 7.,1,Easy,QL-005,ES-001,CP-001
How many digits does 100001 contain?,6,Easy,QL-006,ES-001,CP-001
How many digits does 999 contain?,3,Easy,QL-006,ES-001,CP-001
Find the number of digits in 99999.,5,Medium,QL-001,ES-001,CP-001
What is the total number of digits in 100001?,6,Easy,QL-012,ES-001,CP-001
Find the total number of digits in 1001.,4,Medium,QL-007,ES-001,CP-001
How many digits does 100001 contain?,6,Easy,QL-006,ES-001,CP-001
Determine the number of digits in 1000.,4,Hard,QL-005,ES-001,CP-001
What is the digit count of 1000000003?,10,Medium,QL-004,ES-001,CP-001
Find how many digits are present in 1000.,4,Easy,QL-011,ES-001,CP-001
Identify the number of digits in 100001.,6,Hard,QL-010,ES-001,CP-001
Calculate the digit count of 1000.,4,Medium,QL-009,ES-001,CP-001
Find how many digits are present in 1000.,4,Easy,QL-011,ES-001,CP-001
The number 42 contains how many digits?,2,Easy,QL-008,ES-001,CP-001
Determine the number of digits in 123456.,6,Medium,QL-005,ES-001,CP-001
How many digits are there in 999?,3,Hard,QL-002,ES-001,CP-001
Find the total number of digits in 123456.,6,Easy,QL-007,ES-001,CP-001
What is the total number of digits in 100001?,6,Medium,QL-012,ES-001,CP-001
Find the number of digits in 99999.,5,Hard,QL-001,ES-001,CP-001
Identify the number of digits in 42.,2,Hard,QL-010,ES-001,CP-001
Count the digits in 1001.,4,Easy,QL-003,ES-001,CP-001
What is the total number of digits in 100001?,6,Easy,QL-012,ES-001,CP-001
What is the total number of digits in 42?,2,Easy,QL-012,ES-001,CP-001
Find the total number of digits in 1001.,4,Medium,QL-007,ES-001,CP-001
How many digits does 999 contain?,3,Hard,QL-006,ES-001,CP-001
Calculate the digit count of 99999.,5,Medium,QL-009,ES-001,CP-001
What is the digit count of 999?,3,Hard,QL-004,ES-001,CP-001
Find the total number of digits in 1000.,4,Medium,QL-007,ES-001,CP-001
How many digits does 100000 contain?,6,Medium,QL-006,ES-001,CP-001
Calculate the digit count of 99999.,5,Medium,QL-009,ES-001,CP-001
The number 42 contains how many digits?,2,Hard,QL-008,ES-001,CP-001
Find how many digits are present in 123456.,6,Hard,QL-011,ES-001,CP-001
Calculate the digit count of 123456.,6,Medium,QL-009,ES-001,CP-001
Identify the number of digits in 100001.,6,Medium,QL-010,ES-001,CP-001
Find how many digits are present in 99999.,5,Medium,QL-011,ES-001,CP-001
The number 100001 contains how many digits?,6,Hard,QL-008,ES-001,CP-001
Calculate the digit count of 1001.,4,Medium,QL-009,ES-001,CP-001
How many digits does 42 contain?,2,Medium,QL-006,ES-001,CP-001
Count the digits in 123456.,6,Easy,QL-003,ES-001,CP-001
The number 999 contains how many digits?,3,Easy,QL-008,ES-001,CP-001
Calculate the digit count of 1000.,4,Easy,QL-009,ES-001,CP-001
Identify the number of digits in 100001.,6,Medium,QL-010,ES-001,CP-001
How many digits does 100000 contain?,6,Easy,QL-006,ES-001,CP-001
Determine the number of digits in 1000.,4,Medium,QL-005,ES-001,CP-001
What is the digit count of 1000000003?,10,Medium,QL-004,ES-001,CP-001
Find the total number of digits in 99999.,5,Medium,QL-007,ES-001,CP-001
Identify the number of digits in 999.,3,Medium,QL-010,ES-001,CP-001
Determine the number of digits in 7.,1,Hard,QL-005,ES-001,CP-001
What is the digit count of 999?,3,Hard,QL-004,ES-001,CP-001
Count the digits in 123456.,6,Medium,QL-003,ES-001,CP-001
How many digits does 100001 contain?,6,Hard,QL-006,ES-001,CP-001
Find the number of digits in 99999.,5,Hard,QL-001,ES-001,CP-001
Count the digits in 123456.,6,Medium,QL-003,ES-001,CP-001
What is the digit count of 42?,2,Easy,QL-004,ES-001,CP-001
Calculate the digit count of 1001.,4,Medium,QL-009,ES-001,CP-001
Identify the number of digits in 100000.,6,Easy,QL-010,ES-001,CP-001
Find the total number of digits in 99999.,5,Easy,QL-007,ES-001,CP-001
The number 999 contains how many digits?,3,Hard,QL-008,ES-001,CP-001
Determine the number of digits in 7.,1,Hard,QL-005,ES-001,CP-001
Identify the number of digits in 999.,3,Hard,QL-010,ES-001,CP-001
Count the digits in 1000.,4,Hard,QL-003,ES-001,CP-001
What is the digit count of 42?,2,Medium,QL-004,ES-001,CP-001
What is the total number of digits in 999?,3,Easy,QL-012,ES-001,CP-001
Count the digits in 7.,1,Medium,QL-003,ES-001,CP-001
How many digits are there in 999?,3,Easy,QL-002,ES-001,CP-001
Find the number of digits in 1001.,4,Easy,QL-001,ES-001,CP-001
What is the digit count of 999?,3,Easy,QL-004,ES-001,CP-001
Find the total number of digits in 1001.,4,Easy,QL-007,ES-001,CP-001
How many digits are there in 100001?,6,Easy,QL-002,ES-001,CP-001
Calculate the digit count of 99999.,5,Medium,QL-009,ES-001,CP-001
The number 42 contains how many digits?,2,Easy,QL-008,ES-001,CP-001
Find the total number of digits in 1000.,4,Medium,QL-007,ES-001,CP-001
Find the number of digits in 7.,1,Medium,QL-001,ES-001,CP-001
How many digits does 100000 contain?,6,Medium,QL-006,ES-001,CP-001
Find how many digits are present in 1001.,4,Hard,QL-011,ES-001,CP-001
The number 100000 contains how many digits?,6,Easy,QL-008,ES-001,CP-001
Determine the number of digits in 7.,1,Medium,QL-005,ES-001,CP-001
How many digits are there in 999?,3,Medium,QL-002,ES-001,CP-001
Find the total number of digits in 1001.,4,Hard,QL-007,ES-001,CP-001
What is the digit count of 42?,2,Easy,QL-004,ES-001,CP-001
Find the number of digits in 7.,1,Hard,QL-001,ES-001,CP-001
How many digits are there in 999?,3,Easy,QL-002,ES-001,CP-001
Find the total number of digits in 5^7.,5,Easy,QL-021,ES-002,CP-002
What is the total digit count of 3^6?,3,Easy,QL-025,ES-002,CP-002
How many digits are there in 2^5?,2,Easy,QL-014,ES-002,CP-002
Count the digits in 5^9054.,6329,Hard,QL-027,ES-002,CP-002
Find how many digits are present in 2^85.,26,Medium,QL-018,ES-002,CP-002
How many digits are there in 7^10?,9,Easy,QL-014,ES-002,CP-002
Find the number of digits in 5^9603.,6713,Hard,QL-013,ES-002,CP-002
Count the digits in 7^4274.,3612,Hard,QL-027,ES-002,CP-002
Count the digits in 5^5249.,3669,Hard,QL-027,ES-002,CP-002
Count the digits in 12^24.,26,Medium,QL-027,ES-002,CP-002
Find the number of digits in 99^78.,156,Medium,QL-013,ES-002,CP-002
What is the number of digits in 99^9?,18,Easy,QL-017,ES-002,CP-002
Count the digits in 99^100.,200,Medium,QL-027,ES-002,CP-002
Count the digits in 2^93.,28,Medium,QL-027,ES-002,CP-002
Determine how many digits occur in 10^92.,93,Medium,QL-024,ES-002,CP-002
Identify the digit count of 2^39.,12,Medium,QL-020,ES-002,CP-002
Find the digit length of 3^14.,7,Medium,QL-026,ES-002,CP-002
Find the number of digits in 10^7391.,7392,Hard,QL-013,ES-002,CP-002
What is the total digit count of 5^86?,61,Medium,QL-025,ES-002,CP-002
What is the total digit count of 10^6?,7,Easy,QL-025,ES-002,CP-002
Count the digits in 5^4521.,3161,Hard,QL-027,ES-002,CP-002
Calculate the number of digits in 10^46.,47,Medium,QL-016,ES-002,CP-002
What is the total digit count of 7^43?,37,Medium,QL-025,ES-002,CP-002
Determine how many digits occur in 7^58.,50,Medium,QL-024,ES-002,CP-002
Find the number of digits in 10^89.,90,Medium,QL-013,ES-002,CP-002
Find the digit length of 5^980.,685,Hard,QL-026,ES-002,CP-002
What is the total digit count of 7^2?,2,Easy,QL-025,ES-002,CP-002
Calculate the total digits in 3^5.,3,Easy,QL-023,ES-002,CP-002
What is the total digit count of 12^4?,5,Easy,QL-025,ES-002,CP-002
Find the total number of digits in 99^4.,8,Easy,QL-021,ES-002,CP-002
How many digits are there in 99^10?,20,Easy,QL-014,ES-002,CP-002
What is the number of digits in 5^31?,22,Medium,QL-017,ES-002,CP-002
Find the digit length of 99^10.,20,Easy,QL-026,ES-002,CP-002
Determine how many digits occur in 99^8.,16,Easy,QL-024,ES-002,CP-002
Find the number of digits in 2^54.,17,Medium,QL-013,ES-002,CP-002
Count the digits in 5^6387.,4465,Hard,QL-027,ES-002,CP-002
Find how many digits are present in 99^9.,18,Easy,QL-018,ES-002,CP-002
Identify the digit count of 12^10.,11,Easy,QL-020,ES-002,CP-002
Count the digits in 7^8230.,6956,Hard,QL-027,ES-002,CP-002
Determine how many digits occur in 12^6.,7,Easy,QL-024,ES-002,CP-002
Calculate the total digits in 99^9907.,19771,Hard,QL-023,ES-002,CP-002
Determine how many digits occur in 10^20.,21,Medium,QL-024,ES-002,CP-002
Calculate the number of digits in 3^1757.,839,Hard,QL-016,ES-002,CP-002
How many digits are there in 7^2?,2,Easy,QL-014,ES-002,CP-002
Find the number of digits in 99^11.,22,Medium,QL-013,ES-002,CP-002
What is the total digit count of 7^8?,7,Easy,QL-025,ES-002,CP-002
The value 5^6 contains how many digits?,5,Easy,QL-019,ES-002,CP-002
How many digits does 5^3 have?,3,Easy,QL-022,ES-002,CP-002
Find how many digits are present in 3^57.,28,Medium,QL-018,ES-002,CP-002
The value 99^6 contains how many digits?,12,Easy,QL-019,ES-002,CP-002
Count the digits in 5^5.,4,Easy,QL-027,ES-002,CP-002
Find the number of digits in 12^5.,6,Easy,QL-013,ES-002,CP-002
Calculate the total digits in 10^70.,71,Medium,QL-023,ES-002,CP-002
Identify the digit count of 12^4.,5,Easy,QL-020,ES-002,CP-002
Calculate the total digits in 12^4.,5,Easy,QL-023,ES-002,CP-002
How many digits are there in 5^10?,7,Easy,QL-014,ES-002,CP-002
How many digits does 7^62 have?,53,Medium,QL-022,ES-002,CP-002
The value 3^59 contains how many digits?,29,Medium,QL-019,ES-002,CP-002
How many digits does 3^8616 have?,4111,Hard,QL-022,ES-002,CP-002
Find how many digits are present in 5^10.,7,Easy,QL-018,ES-002,CP-002
Find the digit length of 12^6.,7,Easy,QL-026,ES-002,CP-002
Determine how many digits occur in 7^48.,41,Medium,QL-024,ES-002,CP-002
How many digits does 12^85 have?,92,Medium,QL-022,ES-002,CP-002
Find the total number of digits in 2^2458.,740,Hard,QL-021,ES-002,CP-002
Count the digits in 3^89.,43,Medium,QL-027,ES-002,CP-002
How many digits are there in 12^24?,26,Medium,QL-014,ES-002,CP-002
Calculate the total digits in 10^5287.,5288,Hard,QL-023,ES-002,CP-002
How many digits does 5^60 have?,42,Medium,QL-022,ES-002,CP-002
Identify the digit count of 10^4.,5,Easy,QL-020,ES-002,CP-002
What is the number of digits in 12^84?,91,Medium,QL-017,ES-002,CP-002
Find the number of digits in 2^72.,22,Medium,QL-013,ES-002,CP-002
Calculate the number of digits in 99^23.,46,Medium,QL-016,ES-002,CP-002
Find how many digits are present in 5^76.,54,Medium,QL-018,ES-002,CP-002
How many digits does 10^83 have?,84,Medium,QL-022,ES-002,CP-002
Calculate the number of digits in 10^9846.,9847,Hard,QL-016,ES-002,CP-002
What is the number of digits in 7^4?,4,Easy,QL-017,ES-002,CP-002
Find the digit length of 7^9144.,7728,Hard,QL-026,ES-002,CP-002
Calculate the total digits in 99^61.,122,Medium,QL-023,ES-002,CP-002
Find the digit length of 5^90.,63,Medium,QL-026,ES-002,CP-002
Determine how many digits occur in 12^8.,9,Easy,QL-024,ES-002,CP-002
Find how many digits are present in 7^3871.,3272,Hard,QL-018,ES-002,CP-002
Calculate the number of digits in 12^34.,37,Medium,QL-016,ES-002,CP-002
What is the total digit count of 12^59?,64,Medium,QL-025,ES-002,CP-002
How many digits are there in 2^36?,11,Medium,QL-014,ES-002,CP-002
What is the number of digits in 12^23?,25,Medium,QL-017,ES-002,CP-002
Calculate the number of digits in 5^44.,31,Medium,QL-016,ES-002,CP-002
Find the total number of digits in 7^7.,6,Easy,QL-021,ES-002,CP-002
What is the number of digits in 5^22?,16,Medium,QL-017,ES-002,CP-002
What is the total digit count of 7^10?,9,Easy,QL-025,ES-002,CP-002
Find the digit length of 99^7302.,14573,Hard,QL-026,ES-002,CP-002
How many digits does 3^92 have?,44,Medium,QL-022,ES-002,CP-002
Determine how many digits occur in 7^6.,6,Easy,QL-024,ES-002,CP-002
The value 5^54 contains how many digits?,38,Medium,QL-019,ES-002,CP-002
Determine the digit count of 2^7.,3,Easy,QL-015,ES-002,CP-002
Find the digit length of 7^2.,2,Easy,QL-026,ES-002,CP-002
How many digits are there in 2^6?,2,Easy,QL-014,ES-002,CP-002
Identify the digit count of 7^16.,14,Medium,QL-020,ES-002,CP-002
What is the number of digits in 2^45?,14,Medium,QL-017,ES-002,CP-002
Determine the digit count of 99^10.,20,Easy,QL-015,ES-002,CP-002
Find how many digits are present in 7^33.,28,Medium,QL-018,ES-002,CP-002
What is the number of digits in 3^3088?,1474,Hard,QL-017,ES-002,CP-002
Find how many digits are present in 3^3513.,1677,Hard,QL-018,ES-002,CP-002
Find the number of digits in 7^46.,39,Medium,QL-013,ES-002,CP-002
What is the total digit count of 2^7?,3,Easy,QL-025,ES-002,CP-002
How many digits are there in 2^7?,3,Easy,QL-014,ES-002,CP-002
The value 3^9 contains how many digits?,5,Easy,QL-019,ES-002,CP-002
Count the digits in 10^52.,53,Medium,QL-027,ES-002,CP-002
Determine how many digits occur in 12^49.,53,Medium,QL-024,ES-002,CP-002
Count the digits in 12^7272.,7848,Hard,QL-027,ES-002,CP-002
Calculate the total digits in 99^4.,8,Easy,QL-023,ES-002,CP-002
Find the number of digits in 5^8563.,5986,Hard,QL-013,ES-002,CP-002
How many digits are there in 2^100?,31,Medium,QL-014,ES-002,CP-002
Find the total number of digits in 12^413.,446,Hard,QL-021,ES-002,CP-002
The value 99^10 contains how many digits?,20,Easy,QL-019,ES-002,CP-002
Find how many digits are present in 5^77.,54,Medium,QL-018,ES-002,CP-002
Determine the digit count of 99^2.,4,Easy,QL-015,ES-002,CP-002
Determine how many digits occur in 99^9.,18,Easy,QL-024,ES-002,CP-002
Count the digits in 3^6.,3,Easy,QL-027,ES-002,CP-002
Calculate the total digits in 5^33.,24,Medium,QL-023,ES-002,CP-002
What is the total digit count of 5^5?,4,Easy,QL-025,ES-002,CP-002
Find how many digits are present in 10^62.,63,Medium,QL-018,ES-002,CP-002
Find the total number of digits in 5^13.,10,Medium,QL-021,ES-002,CP-002
Calculate the total digits in 3^66.,32,Medium,QL-023,ES-002,CP-002
Count the digits in 2^73.,22,Medium,QL-027,ES-002,CP-002
Find the total number of digits in 7^8502.,7186,Hard,QL-021,ES-002,CP-002
How many digits does 10^7 have?,8,Easy,QL-022,ES-002,CP-002
Calculate the number of digits in 99^7800.,15566,Hard,QL-016,ES-002,CP-002
Find the number of digits in 5^51.,36,Medium,QL-013,ES-002,CP-002
Calculate the number of digits in 3^66.,32,Medium,QL-016,ES-002,CP-002
How many digits are there in 3^7?,4,Easy,QL-014,ES-002,CP-002
Calculate the number of digits in 2^5.,2,Easy,QL-016,ES-002,CP-002
How many digits are there in 99^24?,48,Medium,QL-014,ES-002,CP-002
Count the digits in 2^7.,3,Easy,QL-027,ES-002,CP-002
Find the digit length of 10^3818.,3819,Hard,QL-026,ES-002,CP-002
What is the number of digits in 12^65?,71,Medium,QL-017,ES-002,CP-002
The value 3^14 contains how many digits?,7,Medium,QL-019,ES-002,CP-002
Find the number of digits in 2^3943.,1187,Hard,QL-013,ES-002,CP-002
Count the digits in 3^36.,18,Medium,QL-027,ES-002,CP-002
What is the total digit count of 7^7?,6,Easy,QL-025,ES-002,CP-002
How many digits does 2^2 have?,1,Easy,QL-022,ES-002,CP-002
Find how many digits are present in 5^68.,48,Medium,QL-018,ES-002,CP-002
How many digits does 7^3 have?,3,Easy,QL-022,ES-002,CP-002
What is the number of digits in 5^90?,63,Medium,QL-017,ES-002,CP-002
What is the number of digits in 10^69?,70,Medium,QL-017,ES-002,CP-002
How many digits are there in 2^68?,21,Medium,QL-014,ES-002,CP-002
What is the total digit count of 10^15?,16,Medium,QL-025,ES-002,CP-002
Calculate the number of digits in 12^8.,9,Easy,QL-016,ES-002,CP-002
Find how many digits are present in 7^6047.,5111,Hard,QL-018,ES-002,CP-002
Calculate the number of digits in 3^62.,30,Medium,QL-016,ES-002,CP-002
Calculate the number of digits in 7^5.,5,Easy,QL-016,ES-002,CP-002
Calculate the number of digits in 3^9.,5,Easy,QL-016,ES-002,CP-002
Calculate the number of digits in 10^54.,55,Medium,QL-016,ES-002,CP-002
The value 99^95 contains how many digits?,190,Medium,QL-019,ES-002,CP-002
Calculate the total digits in 7^2040.,1725,Hard,QL-023,ES-002,CP-002
Find the digit length of 3^4.,2,Easy,QL-026,ES-002,CP-002
How many digits are there in 99^7?,14,Easy,QL-014,ES-002,CP-002
The value 10^27 contains how many digits?,28,Medium,QL-019,ES-002,CP-002
Calculate the number of digits in 99^8.,16,Easy,QL-016,ES-002,CP-002
Find the total number of digits in 12^39.,43,Medium,QL-021,ES-002,CP-002
Determine how many digits occur in 5^3790.,2650,Hard,QL-024,ES-002,CP-002
Identify the digit count of 7^9.,8,Easy,QL-020,ES-002,CP-002
How many digits does 3^21 have?,11,Medium,QL-022,ES-002,CP-002
Calculate the number of digits in 5^4.,3,Easy,QL-016,ES-002,CP-002
How many digits are there in 5^2?,2,Easy,QL-014,ES-002,CP-002
Find how many digits are present in 10^30.,31,Medium,QL-018,ES-002,CP-002
What is the number of digits in 99^5043?,10064,Hard,QL-017,ES-002,CP-002
Calculate the total digits in 7^3.,3,Easy,QL-023,ES-002,CP-002
What is the total digit count of 2^9597?,2889,Hard,QL-025,ES-002,CP-002
What is the number of digits in 99^9590?,19139,Hard,QL-017,ES-002,CP-002
How many digits are there in 3^5?,3,Easy,QL-014,ES-002,CP-002
What is the number of digits in 3^5881?,2806,Hard,QL-017,ES-002,CP-002
Find the total number of digits in 2^22.,7,Medium,QL-021,ES-002,CP-002
Determine the digit count of 10^19.,20,Medium,QL-015,ES-002,CP-002
How many digits are there in 99^34?,68,Medium,QL-014,ES-002,CP-002
Find how many digits are present in 7^65.,55,Medium,QL-018,ES-002,CP-002
Calculate the number of digits in 99^9636.,19230,Hard,QL-016,ES-002,CP-002
Calculate the number of digits in 99^10.,20,Easy,QL-016,ES-002,CP-002
Find the number of digits in 5^4466.,3122,Hard,QL-013,ES-002,CP-002
Determine the digit count of 2^7.,3,Easy,QL-015,ES-002,CP-002
Find the digit length of 7^7.,6,Easy,QL-026,ES-002,CP-002
Determine how many digits occur in 12^34.,37,Medium,QL-024,ES-002,CP-002
How many digits does 3^9825 have?,4688,Hard,QL-022,ES-002,CP-002
What is the number of digits in 5^70?,49,Medium,QL-017,ES-002,CP-002
What is the number of digits in 10^3127?,3128,Hard,QL-017,ES-002,CP-002
Find how many digits are present in 5^44.,31,Medium,QL-018,ES-002,CP-002
Identify the digit count of 10^7.,8,Easy,QL-020,ES-002,CP-002
Calculate the number of digits in 2^298.,90,Hard,QL-016,ES-002,CP-002
Calculate the number of digits in 12^81.,88,Medium,QL-016,ES-002,CP-002
What is the number of digits in 3^10?,5,Easy,QL-017,ES-002,CP-002
What is the number of digits in 12^2?,3,Easy,QL-017,ES-002,CP-002
Find the total number of digits in 10^5.,6,Easy,QL-021,ES-002,CP-002
What is the number of digits in 10^7722?,7723,Hard,QL-017,ES-002,CP-002
Find the digit length of 3^9.,5,Easy,QL-026,ES-002,CP-002
Find the digit length of 10^78.,79,Medium,QL-026,ES-002,CP-002
Calculate the total digits in 99^4.,8,Easy,QL-023,ES-002,CP-002
Find how many digits are present in 12^90.,98,Medium,QL-018,ES-002,CP-002
Find the number of digits in 5^6.,5,Easy,QL-013,ES-002,CP-002
What is the number of digits in 2^6456?,1944,Hard,QL-017,ES-002,CP-002
Find the number of digits in 3^69.,33,Medium,QL-013,ES-002,CP-002
What is the number of digits in 7^1282?,1084,Hard,QL-017,ES-002,CP-002
How many digits does 5^183 have?,128,Hard,QL-022,ES-002,CP-002
What is the number of digits in 2^2?,1,Easy,QL-017,ES-002,CP-002
Count the digits in 99^6753.,13477,Hard,QL-027,ES-002,CP-002
Calculate the number of digits in 12^66.,72,Medium,QL-016,ES-002,CP-002
Identify the digit count of 7^2219.,1876,Hard,QL-020,ES-002,CP-002
Calculate the number of digits in 2^86.,26,Medium,QL-016,ES-002,CP-002
What is the total digit count of 5^97?,68,Medium,QL-025,ES-002,CP-002
What is the total digit count of 7^4?,4,Easy,QL-025,ES-002,CP-002
Find the number of digits in 3^97.,47,Medium,QL-013,ES-002,CP-002
What is the number of digits in 7^10?,9,Easy,QL-017,ES-002,CP-002
Determine the digit count of 2^900.,271,Hard,QL-015,ES-002,CP-002
Determine the digit count of 2^93.,28,Medium,QL-015,ES-002,CP-002
Count the digits in 99^7.,14,Easy,QL-027,ES-002,CP-002
What is the total digit count of 3^69?,33,Medium,QL-025,ES-002,CP-002
Find how many digits are present in 12^50.,54,Medium,QL-018,ES-002,CP-002
Find how many digits are present in 7^59.,50,Medium,QL-018,ES-002,CP-002
Find the number of digits in 5^10046.,7022,Hard,QL-013,ES-002,CP-002
What is the total digit count of 3^75?,36,Medium,QL-025,ES-002,CP-002
The value 3^2 contains how many digits?,1,Easy,QL-019,ES-002,CP-002
Calculate the total digits in 2^5893.,1774,Hard,QL-023,ES-002,CP-002
Calculate the total digits in 10^5.,6,Easy,QL-023,ES-002,CP-002
Find the digit length of 3^64.,31,Medium,QL-026,ES-002,CP-002
What is the number of digits in 12^2?,3,Easy,QL-017,ES-002,CP-002
Identify the digit count of 7^4.,4,Easy,QL-020,ES-002,CP-002
How many digits does 10^2461 have?,2462,Hard,QL-022,ES-002,CP-002
How many digits does 2^1972 have?,594,Hard,QL-022,ES-002,CP-002
Determine the digit count of 99^10.,20,Easy,QL-015,ES-002,CP-002
Determine the digit count of 3^24.,12,Medium,QL-015,ES-002,CP-002
Determine the digit count of 99^99.,198,Medium,QL-015,ES-002,CP-002
The value 2^5 contains how many digits?,2,Easy,QL-019,ES-002,CP-002
Count the digits in 12^6.,7,Easy,QL-027,ES-002,CP-002
Determine the digit count of 2^6975.,2100,Hard,QL-015,ES-002,CP-002
Identify the digit count of 10^80.,81,Medium,QL-020,ES-002,CP-002
What is the number of digits in 3^27?,13,Medium,QL-017,ES-002,CP-002
Find the digit length of 5^10.,7,Easy,QL-026,ES-002,CP-002
How many digits are there in 2^2179?,656,Hard,QL-014,ES-002,CP-002
Find how many digits are present in 2^46.,14,Medium,QL-018,ES-002,CP-002
Find how many digits are present in 3^49.,24,Medium,QL-018,ES-002,CP-002
The value 2^86 contains how many digits?,26,Medium,QL-019,ES-002,CP-002
What is the number of digits in 5^9?,7,Easy,QL-017,ES-002,CP-002
Determine how many digits occur in 10^45.,46,Medium,QL-024,ES-002,CP-002
How many digits does 99^3 have?,6,Easy,QL-022,ES-002,CP-002
How many digits are there in 5^15?,11,Medium,QL-014,ES-002,CP-002
How many digits are there in 10^26?,27,Medium,QL-014,ES-002,CP-002
What is the total digit count of 12^495?,535,Hard,QL-025,ES-002,CP-002
Calculate the total digits in 2^1150.,347,Hard,QL-023,ES-002,CP-002
Find the number of digits in 12^83.,90,Medium,QL-013,ES-002,CP-002
Determine the digit count of 2^60.,19,Medium,QL-015,ES-002,CP-002
Count the digits in 2^27.,9,Medium,QL-027,ES-002,CP-002
Find the number of digits in 10^9.,10,Easy,QL-013,ES-002,CP-002
Find the number of digits in 10^3.,4,Easy,QL-013,ES-002,CP-002
Determine how many digits occur in 2^8.,3,Easy,QL-024,ES-002,CP-002
Determine the digit count of 3^5710.,2725,Hard,QL-015,ES-002,CP-002
What is the number of digits in 10^11?,12,Medium,QL-017,ES-002,CP-002
What is the number of digits in 3^7?,4,Easy,QL-017,ES-002,CP-002
Find the total number of digits in 99^55.,110,Medium,QL-021,ES-002,CP-002
Calculate the number of digits in 3^2.,1,Easy,QL-016,ES-002,CP-002
Calculate the number of digits in 2^8.,3,Easy,QL-016,ES-002,CP-002
Calculate the number of digits in 2^84.,26,Medium,QL-016,ES-002,CP-002
Calculate the number of digits in 2^5.,2,Easy,QL-016,ES-002,CP-002
Determine how many digits occur in 10^81.,82,Medium,QL-024,ES-002,CP-002
Find the total number of digits in 12^5.,6,Easy,QL-021,ES-002,CP-002
Determine the digit count of 10^55.,56,Medium,QL-015,ES-002,CP-002
The value 99^3 contains how many digits?,6,Easy,QL-019,ES-002,CP-002
How many digits are there in 12^4481?,4836,Hard,QL-014,ES-002,CP-002
What is the total digit count of 99^3368?,6722,Hard,QL-025,ES-002,CP-002
Calculate the number of digits in 12^8.,9,Easy,QL-016,ES-002,CP-002
Identify the digit count of 99^9766.,19490,Hard,QL-020,ES-002,CP-002
What is the number of digits in 99^9?,18,Easy,QL-017,ES-002,CP-002
Determine the digit count of 5^40.,28,Medium,QL-015,ES-002,CP-002
Find the number of digits in 5^18.,13,Medium,QL-013,ES-002,CP-002
Find the digit length of 5^87.,61,Medium,QL-026,ES-002,CP-002
Calculate the number of digits in 10^9.,10,Easy,QL-016,ES-002,CP-002
How many digits are there in 12^8373?,9036,Hard,QL-014,ES-002,CP-002
Calculate the number of digits in 7^50.,43,Medium,QL-016,ES-002,CP-002
Find the number of digits in 12^79.,86,Medium,QL-013,ES-002,CP-002
What is the number of digits in 5^6?,5,Easy,QL-017,ES-002,CP-002
Find the number of digits in 7^61.,52,Medium,QL-013,ES-002,CP-002
What is the number of digits in 2^10?,4,Easy,QL-017,ES-002,CP-002
Calculate the number of digits in 5^27.,19,Medium,QL-016,ES-002,CP-002
How many digits are there in 5^95?,67,Medium,QL-014,ES-002,CP-002
What is the number of digits in 99^9230?,18420,Hard,QL-017,ES-002,CP-002
How many digits does 10^93 have?,94,Medium,QL-022,ES-002,CP-002
How many digits does 2^70 have?,22,Medium,QL-022,ES-002,CP-002
How many digits are there in 5^13?,10,Medium,QL-014,ES-002,CP-002
Calculate the number of digits in 5^9.,7,Easy,QL-016,ES-002,CP-002
The value 10^23 contains how many digits?,24,Medium,QL-019,ES-002,CP-002
The value 10^7380 contains how many digits?,7381,Hard,QL-019,ES-002,CP-002
How many digits does 2^31 have?,10,Medium,QL-022,ES-002,CP-002
How many digits does 10^4 have?,5,Easy,QL-022,ES-002,CP-002
Calculate the number of digits in 7^50.,43,Medium,QL-016,ES-002,CP-002
Identify the digit count of 3^9221.,4400,Hard,QL-020,ES-002,CP-002
Determine the digit count of 7^4.,4,Easy,QL-015,ES-002,CP-002
Find the digit length of 7^19.,17,Medium,QL-026,ES-002,CP-002
Calculate the total digits in 10^7.,8,Easy,QL-023,ES-002,CP-002
The value 7^43 contains how many digits?,37,Medium,QL-019,ES-002,CP-002
Calculate the number of digits in 2^6.,2,Easy,QL-016,ES-002,CP-002
Calculate the number of digits in 5^6.,5,Easy,QL-016,ES-002,CP-002
Find the digit length of 10^8452.,8453,Hard,QL-026,ES-002,CP-002
Find the digit length of 2^1645.,496,Hard,QL-026,ES-002,CP-002
Find the total number of digits in 12^9502.,10255,Hard,QL-021,ES-002,CP-002
Identify the digit count of 3^2.,1,Easy,QL-020,ES-002,CP-002
How many digits are there in 12^60?,65,Medium,QL-014,ES-002,CP-002
How many digits are there in 7^7?,6,Easy,QL-014,ES-002,CP-002
How many digits does 5^4722 have?,3301,Hard,QL-022,ES-002,CP-002
Find how many digits are present in 2^19.,6,Medium,QL-018,ES-002,CP-002
Calculate the total digits in 2^90.,28,Medium,QL-023,ES-002,CP-002
What is the total digit count of 7^77?,66,Medium,QL-025,ES-002,CP-002
Find the number of digits in 2^52.,16,Medium,QL-013,ES-002,CP-002
How many digits are there in 7^6?,6,Easy,QL-014,ES-002,CP-002
The value 2^2 contains how many digits?,1,Easy,QL-019,ES-002,CP-002
What is the number of digits in 3^2?,1,Easy,QL-017,ES-002,CP-002
Find the digit length of 2^5.,2,Easy,QL-026,ES-002,CP-002
How many digits are there in 7^62?,53,Medium,QL-014,ES-002,CP-002
Identify the digit count of 2^79.,24,Medium,QL-020,ES-002,CP-002
How many digits are there in 2^46?,14,Medium,QL-014,ES-002,CP-002
What is the total digit count of 10^7795?,7796,Hard,QL-025,ES-002,CP-002
Find the number of digits in 99^5.,10,Easy,QL-013,ES-002,CP-002
Determine how many digits occur in 3^65.,32,Medium,QL-024,ES-002,CP-002
Find the number of digits in 10^6.,7,Easy,QL-013,ES-002,CP-002
Identify the digit count of 3^62.,30,Medium,QL-020,ES-002,CP-002
How many digits does 10^9 have?,10,Easy,QL-022,ES-002,CP-002
Determine the digit count of 7^26.,22,Medium,QL-015,ES-002,CP-002
Find the number of digits in 5^7.,5,Easy,QL-013,ES-002,CP-002
Count the digits in 3^18.,9,Medium,QL-027,ES-002,CP-002
What is the total digit count of 3^43?,21,Medium,QL-025,ES-002,CP-002
Calculate the number of digits in 99^18.,36,Medium,QL-016,ES-002,CP-002
Find how many digits are present in 12^5023.,5421,Hard,QL-018,ES-002,CP-002
How many digits are there in 10^6828?,6829,Hard,QL-014,ES-002,CP-002
Find the digit length of 12^45.,49,Medium,QL-026,ES-002,CP-002
How many digits are there in 99^93?,186,Medium,QL-014,ES-002,CP-002
Determine the digit count of 12^10.,11,Easy,QL-015,ES-002,CP-002
Identify the digit count of 7^4.,4,Easy,QL-020,ES-002,CP-002
Identify the digit count of 7^20.,17,Medium,QL-020,ES-002,CP-002
Find the number of digits in 10^95.,96,Medium,QL-013,ES-002,CP-002
How many digits are there in 5^4?,3,Easy,QL-014,ES-002,CP-002
The value 99^341 contains how many digits?,681,Hard,QL-019,ES-002,CP-002
The value 12^9 contains how many digits?,10,Easy,QL-019,ES-002,CP-002
How many digits does 99^23 have?,46,Medium,QL-022,ES-002,CP-002
Identify the digit count of 2^1966.,592,Hard,QL-020,ES-002,CP-002
Find how many digits are present in 99^8.,16,Easy,QL-018,ES-002,CP-002
Calculate the number of digits in 7^53.,45,Medium,QL-016,ES-002,CP-002
Find the total number of digits in 12^5164.,5573,Hard,QL-021,ES-002,CP-002
What is the total digit count of 2^65?,20,Medium,QL-025,ES-002,CP-002
The value 99^78 contains how many digits?,156,Medium,QL-019,ES-002,CP-002
What is the number of digits in 2^6?,2,Easy,QL-017,ES-002,CP-002
Determine the digit count of 2^4792.,1443,Hard,QL-015,ES-002,CP-002
Find the digit length of 2^4897.,1475,Hard,QL-026,ES-002,CP-002
Find the digit length of 3^2.,1,Easy,QL-026,ES-002,CP-002
How many digits are there in 99^71?,142,Medium,QL-014,ES-002,CP-002
Calculate the number of digits in 7^23.,20,Medium,QL-016,ES-002,CP-002
Count the digits in 5^4.,3,Easy,QL-027,ES-002,CP-002
How many digits does 12^4 have?,5,Easy,QL-022,ES-002,CP-002
Find the digit length of 5^3.,3,Easy,QL-026,ES-002,CP-002
Determine the digit count of 5^91.,64,Medium,QL-015,ES-002,CP-002
The value 99^6 contains how many digits?,12,Easy,QL-019,ES-002,CP-002
Count the digits in 12^9.,10,Easy,QL-027,ES-002,CP-002
Count the digits in 7^2230.,1885,Hard,QL-027,ES-002,CP-002
How many digits does 7^87 have?,74,Medium,QL-022,ES-002,CP-002
How many digits does 99^74 have?,148,Medium,QL-022,ES-002,CP-002
Find how many digits are present in 7^6.,6,Easy,QL-018,ES-002,CP-002
Find how many digits are present in 99^51.,102,Medium,QL-018,ES-002,CP-002
Find the number of digits in 3^9822.,4687,Hard,QL-013,ES-002,CP-002
What is the total digit count of 12^67?,73,Medium,QL-025,ES-002,CP-002
Determine the digit count of 99^7972.,15910,Hard,QL-015,ES-002,CP-002
Determine the digit count of 99^4.,8,Easy,QL-015,ES-002,CP-002
Count the digits in 12^2802.,3024,Hard,QL-027,ES-002,CP-002
What is the total digit count of 12^61?,66,Medium,QL-025,ES-002,CP-002
Count the digits in 5^9.,7,Easy,QL-027,ES-002,CP-002
What is the total digit count of 3^47?,23,Medium,QL-025,ES-002,CP-002
How many digits are there in 12^8?,9,Easy,QL-014,ES-002,CP-002
Find how many digits are present in 3^78.,38,Medium,QL-018,ES-002,CP-002
Find the total number of digits in 99^57.,114,Medium,QL-021,ES-002,CP-002
The value 10^56 contains how many digits?,57,Medium,QL-019,ES-002,CP-002
Determine the digit count of 12^9.,10,Easy,QL-015,ES-002,CP-002
What is the number of digits in 3^3022?,1442,Hard,QL-017,ES-002,CP-002
Determine how many digits occur in 10^5.,6,Easy,QL-024,ES-002,CP-002
Determine how many digits occur in 3^8.,4,Easy,QL-024,ES-002,CP-002
Calculate the total digits in 10^57.,58,Medium,QL-023,ES-002,CP-002
How many digits does 7^9 have?,8,Easy,QL-022,ES-002,CP-002
Find the digit length of 99^3.,6,Easy,QL-026,ES-002,CP-002
Count the digits in 7^57.,49,Medium,QL-027,ES-002,CP-002
Find the total number of digits in 5^9.,7,Easy,QL-021,ES-002,CP-002
Find how many digits are present in 3^1761.,841,Hard,QL-018,ES-002,CP-002
Calculate the total digits in 7^218.,185,Hard,QL-023,ES-002,CP-002
Find the digit length of 3^2379.,1136,Hard,QL-026,ES-002,CP-002
Find the number of digits in 12^3.,4,Easy,QL-013,ES-002,CP-002
What is the number of digits in 10^8629?,8630,Hard,QL-017,ES-002,CP-002
How many digits does 3^5486 have?,2618,Hard,QL-022,ES-002,CP-002
The value 12^31 contains how many digits?,34,Medium,QL-019,ES-002,CP-002
How many digits does 2^7 have?,3,Easy,QL-022,ES-002,CP-002
Determine how many digits occur in 12^5.,6,Easy,QL-024,ES-002,CP-002
Find how many digits are present in 10^4.,5,Easy,QL-018,ES-002,CP-002
What is the number of digits in 12^4246?,4583,Hard,QL-017,ES-002,CP-002
Find the total number of digits in 10^5.,6,Easy,QL-021,ES-002,CP-002
The value 5^74 contains how many digits?,52,Medium,QL-019,ES-002,CP-002
What is the number of digits in 10^21?,22,Medium,QL-017,ES-002,CP-002
Calculate the number of digits in 7^9.,8,Easy,QL-016,ES-002,CP-002
Find how many digits are present in 10^63.,64,Medium,QL-018,ES-002,CP-002
Find how many digits are present in 3^80.,39,Medium,QL-018,ES-002,CP-002
Find the digit length of 12^47.,51,Medium,QL-026,ES-002,CP-002
How many digits does 10^6 have?,7,Easy,QL-022,ES-002,CP-002
Find how many digits are present in 99^6.,12,Easy,QL-018,ES-002,CP-002
Find the total number of digits in 99^9.,18,Easy,QL-021,ES-002,CP-002
Find the digit length of 99^39.,78,Medium,QL-026,ES-002,CP-002
Determine the digit count of 7^3.,3,Easy,QL-015,ES-002,CP-002
Calculate the total digits in 99^2.,4,Easy,QL-023,ES-002,CP-002
How many digits does 10^74 have?,75,Medium,QL-022,ES-002,CP-002
Find how many digits are present in 10^21.,22,Medium,QL-018,ES-002,CP-002
What is the number of digits in 2^98?,30,Medium,QL-017,ES-002,CP-002
How many digits are there in 7^170?,144,Hard,QL-014,ES-002,CP-002
Count the digits in 12^10.,11,Easy,QL-027,ES-002,CP-002
Calculate the number of digits in 99^88.,176,Medium,QL-016,ES-002,CP-002
Find the total number of digits in 5^89.,63,Medium,QL-021,ES-002,CP-002
Determine the digit count of 2^8.,3,Easy,QL-015,ES-002,CP-002
Find the number of digits in 5^2487.,1739,Hard,QL-013,ES-002,CP-002
Find the digit length of 12^16.,18,Medium,QL-026,ES-002,CP-002
How many digits does 12^25 have?,27,Medium,QL-022,ES-002,CP-002
How many digits does 5^7906 have?,5527,Hard,QL-022,ES-002,CP-002
Determine how many digits occur in 2^95.,29,Medium,QL-024,ES-002,CP-002
What is the total digit count of 3^5?,3,Easy,QL-025,ES-002,CP-002
Find the number of digits in 7^26.,22,Medium,QL-013,ES-002,CP-002
Calculate the number of digits in 2^5.,2,Easy,QL-016,ES-002,CP-002
How many digits are there in 3^4?,2,Easy,QL-014,ES-002,CP-002
Find the digit length of 99^9135.,18231,Hard,QL-026,ES-002,CP-002
Find the number of digits in 5^16.,12,Medium,QL-013,ES-002,CP-002
Identify the digit count of 2^2.,1,Easy,QL-020,ES-002,CP-002
Identify the digit count of 5^10.,7,Easy,QL-020,ES-002,CP-002
The value 2^9 contains how many digits?,3,Easy,QL-019,ES-002,CP-002
Find how many digits are present in 12^7978.,8610,Hard,QL-018,ES-002,CP-002
How many digits are there in 12^8?,9,Easy,QL-014,ES-002,CP-002
How many digits are there in 7^8?,7,Easy,QL-014,ES-002,CP-002
Determine how many digits occur in 5^66.,47,Medium,QL-024,ES-002,CP-002
Identify the digit count of 3^10.,5,Easy,QL-020,ES-002,CP-002
What is the total digit count of 2^80?,25,Medium,QL-025,ES-002,CP-002
Find the digit length of 2^6.,2,Easy,QL-026,ES-002,CP-002
Calculate the total digits in 99^100.,200,Medium,QL-023,ES-002,CP-002
Find the total number of digits in 3^9.,5,Easy,QL-021,ES-002,CP-002
Calculate the total digits in 10^1960.,1961,Hard,QL-023,ES-002,CP-002
Identify the digit count of 7^71.,61,Medium,QL-020,ES-002,CP-002
How many digits are there in 12^4?,5,Easy,QL-014,ES-002,CP-002
Find the number of digits in 5^8.,6,Easy,QL-013,ES-002,CP-002
Find the total number of digits in 12^7.,8,Easy,QL-021,ES-002,CP-002
What is the total digit count of 10^100?,101,Medium,QL-025,ES-002,CP-002
Determine the digit count of 5^13.,10,Medium,QL-015,ES-002,CP-002
What is the total digit count of 12^7?,8,Easy,QL-025,ES-002,CP-002
Identify the digit count of 3^13.,7,Medium,QL-020,ES-002,CP-002
Calculate the total digits in 2^5442.,1639,Hard,QL-023,ES-002,CP-002
The value 7^4 contains how many digits?,4,Easy,QL-019,ES-002,CP-002
Calculate the total digits in 3^616.,294,Hard,QL-023,ES-002,CP-002
What is the number of digits in 99^50?,100,Medium,QL-017,ES-002,CP-002
Determine the digit count of 5^8319.,5815,Hard,QL-015,ES-002,CP-002
Determine how many digits occur in 99^3.,6,Easy,QL-024,ES-002,CP-002
Determine how many digits occur in 12^4.,5,Easy,QL-024,ES-002,CP-002
What is the number of digits in 99^46?,92,Medium,QL-017,ES-002,CP-002
How many digits are there in 5^3?,3,Easy,QL-014,ES-002,CP-002
The value 12^24 contains how many digits?,26,Medium,QL-019,ES-002,CP-002
Find the total number of digits in 10^25.,26,Medium,QL-021,ES-002,CP-002
Calculate the total digits in 5^90.,63,Medium,QL-023,ES-002,CP-002
Determine how many digits occur in 12^7287.,7864,Hard,QL-024,ES-002,CP-002
What is the total digit count of 7^41?,35,Medium,QL-025,ES-002,CP-002
Find the digit length of 99^3.,6,Easy,QL-026,ES-002,CP-002
Calculate the number of digits in 12^4849.,5233,Hard,QL-016,ES-002,CP-002
Calculate the number of digits in 10^44.,45,Medium,QL-016,ES-002,CP-002
Calculate the total digits in 2^7.,3,Easy,QL-023,ES-002,CP-002
What is the total digit count of 10^10?,11,Easy,QL-025,ES-002,CP-002
Determine the digit count of 7^75.,64,Medium,QL-015,ES-002,CP-002
Determine the digit count of 3^2412.,1151,Hard,QL-015,ES-002,CP-002
Find how many digits are present in 7^7.,6,Easy,QL-018,ES-002,CP-002
Determine the digit count of 12^74.,80,Medium,QL-015,ES-002,CP-002
Determine the digit count of 7^5.,5,Easy,QL-015,ES-002,CP-002
What is the number of digits in 3^6?,3,Easy,QL-017,ES-002,CP-002
What is the total digit count of 12^50?,54,Medium,QL-025,ES-002,CP-002
Determine how many digits occur in 99^1907.,3806,Hard,QL-024,ES-002,CP-002
Calculate the total digits in 5^6.,5,Easy,QL-023,ES-002,CP-002
Identify the digit count of 7^9.,8,Easy,QL-020,ES-002,CP-002
Find the digit length of 7^2.,2,Easy,QL-026,ES-002,CP-002
How many digits are there in 99^41?,82,Medium,QL-014,ES-002,CP-002
Determine how many digits occur in 2^36.,11,Medium,QL-024,ES-002,CP-002
How many digits does 3^6 have?,3,Easy,QL-022,ES-002,CP-002
Find how many digits are present in 10^3.,4,Easy,QL-018,ES-002,CP-002
How many digits are there in 99^18?,36,Medium,QL-014,ES-002,CP-002
Find the number of digits in 2^33.,10,Medium,QL-013,ES-002,CP-002
Find the number of digits in 99^40.,80,Medium,QL-013,ES-002,CP-002
How many digits does 2^69 have?,21,Medium,QL-022,ES-002,CP-002
Find the digit length of 12^32.,35,Medium,QL-026,ES-002,CP-002
Determine the digit count of 10^9391.,9392,Hard,QL-015,ES-002,CP-002
Count the digits in 3^44.,21,Medium,QL-027,ES-002,CP-002
Count the digits in 10^9.,10,Easy,QL-027,ES-002,CP-002
Count the digits in 5^26.,19,Medium,QL-027,ES-002,CP-002
What is the total digit count of 99^8?,16,Easy,QL-025,ES-002,CP-002
Count the digits in 7^5.,5,Easy,QL-027,ES-002,CP-002
Count the digits in 5^2980.,2083,Hard,QL-027,ES-002,CP-002
Determine the digit count of 10^29.,30,Medium,QL-015,ES-002,CP-002
Find the digit length of 7^88.,75,Medium,QL-026,ES-002,CP-002
Find the digit length of 7^73.,62,Medium,QL-026,ES-002,CP-002
Find how many digits are present in 12^76.,83,Medium,QL-018,ES-002,CP-002
How many digits are there in 5^6521?,4558,Hard,QL-014,ES-002,CP-002
Calculate the number of digits in 99^50.,100,Medium,QL-016,ES-002,CP-002
Count the digits in 10^8.,9,Easy,QL-027,ES-002,CP-002
How many digits are there in 760 x 657 x 554 x 451 x 175?,14,Easy,QL-029,ES-003,CP-003
Find the number of digits in the product 449 x 552.,6,Easy,QL-028,ES-003,CP-003
Calculate the number of digits in 173 x 70 x 379.,7,Easy,QL-031,ES-003,CP-003
Determine the digit count of 958 x 64 x 752 x 855.,11,Hard,QL-030,ES-003,CP-003
How many digits are there in 799 x 696 x 593 x 490 x 387?,14,Hard,QL-029,ES-003,CP-003
Find the total digits in 410 x 513.,6,Hard,QL-032,ES-003,CP-003
Calculate the digit length of 747 x 644 x 953.,9,Medium,QL-039,ES-003,CP-003
Determine the total digit count of 812 x 915 x 606 x 709.,12,Medium,QL-038,ES-003,CP-003
What is the digit count of 730 x 627 x 524 x 421 x 145?,14,Easy,QL-033,ES-003,CP-003
Find the total digits in 885 x 988.,6,Medium,QL-032,ES-003,CP-003
Determine the digit count of 4 x 107 x 795 x 898.,9,Easy,QL-030,ES-003,CP-003
Identify the number of digits in 926 x 823 x 135.,9,Medium,QL-035,ES-003,CP-003
The product 816 x 919 contains how many digits?,6,Medium,QL-036,ES-003,CP-003
What is the digit count of 201 x 98 x 992 x 889 x 613?,14,Medium,QL-033,ES-003,CP-003
Count the digits in the product 81 x 184 x 872 x 975.,11,Hard,QL-034,ES-003,CP-003
Calculate the number of digits in 615 x 512 x 821.,9,Easy,QL-031,ES-003,CP-003
Find the number of digits in the product 269 x 372.,6,Easy,QL-028,ES-003,CP-003
Find how many digits are present in 61 x 955 x 852 x 749 x 646.,14,Medium,QL-037,ES-003,CP-003
Determine the digit count of 510 x 613 x 304 x 407.,11,Easy,QL-030,ES-003,CP-003
Calculate the number of digits in 658 x 555 x 864.,9,Easy,QL-031,ES-003,CP-003
Calculate the number of digits in 363 x 260 x 569.,8,Easy,QL-031,ES-003,CP-003
Count the digits in the product 142 x 245 x 933 x 39.,10,Medium,QL-034,ES-003,CP-003
Find how many digits are present in 661 x 558 x 455 x 352 x 76.,13,Hard,QL-037,ES-003,CP-003
The product 902 x 8 contains how many digits?,4,Medium,QL-036,ES-003,CP-003
Identify the number of digits in 709 x 606 x 915.,9,Medium,QL-035,ES-003,CP-003
Determine the total digit count of 836 x 939 x 630 x 733.,12,Hard,QL-038,ES-003,CP-003
How many digits are there in 97 x 991 x 888 x 785 x 682?,14,Medium,QL-029,ES-003,CP-003
Find the total digits in 822 x 925.,6,Medium,QL-032,ES-003,CP-003
Calculate the number of digits in 547 x 444 x 753.,9,Medium,QL-031,ES-003,CP-003
Determine the digit count of 516 x 619 x 310 x 413.,11,Medium,QL-030,ES-003,CP-003
The product 556 x 659 contains how many digits?,6,Medium,QL-036,ES-003,CP-003
What is the digit count of 809 x 706 x 603 x 500 x 224?,14,Hard,QL-033,ES-003,CP-003
Determine the digit count of 69 x 172 x 860 x 963.,10,Easy,QL-030,ES-003,CP-003
Calculate the number of digits in 146 x 43 x 352.,7,Easy,QL-031,ES-003,CP-003
Find the number of digits in the product 710 x 813.,6,Easy,QL-028,ES-003,CP-003
Find how many digits are present in 770 x 667 x 564 x 461 x 358.,14,Medium,QL-037,ES-003,CP-003
Count the digits in the product 162 x 265 x 953 x 59.,10,Medium,QL-034,ES-003,CP-003
Identify the number of digits in 810 x 707 x 19.,8,Easy,QL-035,ES-003,CP-003
Find the number of digits in the product 133 x 236.,5,Medium,QL-028,ES-003,CP-003
How many digits are there in 451 x 348 x 245 x 142 x 863?,13,Easy,QL-029,ES-003,CP-003
Find how many digits are present in 647 x 544 x 441 x 338 x 62.,13,Medium,QL-037,ES-003,CP-003
The product 305 x 408 contains how many digits?,6,Medium,QL-036,ES-003,CP-003
Calculate the digit length of 29 x 923 x 235.,7,Medium,QL-039,ES-003,CP-003
Determine the total digit count of 814 x 917 x 608 x 711.,12,Easy,QL-038,ES-003,CP-003
What is the digit count of 686 x 583 x 480 x 377 x 274?,14,Easy,QL-033,ES-003,CP-003
The product 297 x 400 contains how many digits?,6,Easy,QL-036,ES-003,CP-003
Identify the number of digits in 603 x 500 x 809.,9,Hard,QL-035,ES-003,CP-003
Determine the digit count of 699 x 802 x 493 x 596.,12,Hard,QL-030,ES-003,CP-003
Find how many digits are present in 586 x 483 x 380 x 277 x 998.,14,Medium,QL-037,ES-003,CP-003
Find the number of digits in the product 772 x 875.,6,Easy,QL-028,ES-003,CP-003
Count the digits in the product 500 x 603 x 294 x 397.,11,Medium,QL-034,ES-003,CP-003
Calculate the number of digits in 115 x 12 x 321.,6,Easy,QL-031,ES-003,CP-003
Find the total digits in 710 x 813.,6,Medium,QL-032,ES-003,CP-003
What is the digit count of 518 x 415 x 312 x 209 x 106?,13,Hard,QL-033,ES-003,CP-003
Determine the digit count of 407 x 510 x 201 x 304.,11,Easy,QL-030,ES-003,CP-003
Calculate the number of digits in 853 x 750 x 62.,8,Medium,QL-031,ES-003,CP-003
Find the total digits in 726 x 829.,6,Medium,QL-032,ES-003,CP-003
How many digits are there in 194 x 91 x 985 x 882 x 606?,13,Easy,QL-029,ES-003,CP-003
Count the digits in the product 965 x 71 x 759 x 862.,11,Easy,QL-034,ES-003,CP-003
Calculate the number of digits in 331 x 228 x 537.,8,Medium,QL-031,ES-003,CP-003
Identify the number of digits in 371 x 268 x 577.,8,Easy,QL-035,ES-003,CP-003
Determine the total digit count of 834 x 937 x 628 x 731.,12,Hard,QL-038,ES-003,CP-003
How many digits are there in 814 x 711 x 608 x 505 x 402?,14,Medium,QL-029,ES-003,CP-003
The product 25 x 128 contains how many digits?,4,Easy,QL-036,ES-003,CP-003
Calculate the digit length of 682 x 579 x 888.,9,Medium,QL-039,ES-003,CP-003
Count the digits in the product 757 x 860 x 551 x 654.,12,Easy,QL-034,ES-003,CP-003
Find how many digits are present in 985 x 882 x 779 x 676 x 400.,15,Medium,QL-037,ES-003,CP-003
Find the number of digits in the product 572 x 675.,6,Medium,QL-028,ES-003,CP-003
Calculate the digit length of 563 x 460 x 769.,9,Hard,QL-039,ES-003,CP-003
Count the digits in the product 656 x 759 x 450 x 553.,12,Easy,QL-034,ES-003,CP-003
The product 124 x 227 contains how many digits?,5,Medium,QL-036,ES-003,CP-003
What is the digit count of 161 x 58 x 952 x 849 x 746?,13,Easy,QL-033,ES-003,CP-003
Count the digits in the product 208 x 311 x 2 x 105.,8,Medium,QL-034,ES-003,CP-003
Calculate the number of digits in 831 x 728 x 40.,8,Medium,QL-031,ES-003,CP-003
The product 457 x 560 contains how many digits?,6,Easy,QL-036,ES-003,CP-003
What is the digit count of 917 x 814 x 711 x 608 x 332?,15,Hard,QL-033,ES-003,CP-003
Count the digits in the product 698 x 801 x 492 x 595.,12,Medium,QL-034,ES-003,CP-003
Calculate the digit length of 611 x 508 x 817.,9,Hard,QL-039,ES-003,CP-003
Find the number of digits in the product 149 x 252.,5,Medium,QL-028,ES-003,CP-003
What is the digit count of 293 x 190 x 87 x 981 x 878?,13,Hard,QL-033,ES-003,CP-003
How many digits are there in 526 x 423 x 320 x 217 x 114?,13,Medium,QL-029,ES-003,CP-003
Find the total digits in 466 x 569.,6,Easy,QL-032,ES-003,CP-003
Calculate the number of digits in 566 x 463 x 772.,9,Easy,QL-031,ES-003,CP-003
Determine the total digit count of 915 x 21 x 709 x 812.,11,Medium,QL-038,ES-003,CP-003
Find how many digits are present in 565 x 462 x 359 x 256 x 11.,12,Easy,QL-037,ES-003,CP-003
Find the number of digits in the product 343 x 446.,6,Hard,QL-028,ES-003,CP-003
Identify the number of digits in 899 x 796 x 108.,8,Easy,QL-035,ES-003,CP-003
Count the digits in the product 822 x 925 x 616 x 719.,12,Medium,QL-034,ES-003,CP-003
What is the digit count of 881 x 778 x 675 x 572 x 469?,15,Easy,QL-033,ES-003,CP-003
Find the total digits in 23 x 126.,4,Easy,QL-032,ES-003,CP-003
Count the digits in the product 23 x 126 x 814 x 917.,10,Medium,QL-034,ES-003,CP-003
Calculate the digit length of 751 x 648 x 957.,9,Easy,QL-039,ES-003,CP-003
Find the number of digits in the product 552 x 655.,6,Medium,QL-028,ES-003,CP-003
What is the digit count of 52 x 946 x 843 x 740 x 464?,14,Hard,QL-033,ES-003,CP-003
Determine the digit count of 720 x 823 x 514 x 617.,12,Easy,QL-030,ES-003,CP-003
Calculate the number of digits in 680 x 577 x 886.,9,Medium,QL-031,ES-003,CP-003
The product 562 x 665 contains how many digits?,6,Hard,QL-036,ES-003,CP-003
Find how many digits are present in 692 x 589 x 486 x 383 x 280.,14,Hard,QL-037,ES-003,CP-003
Determine the total digit count of 548 x 651 x 342 x 445.,11,Medium,QL-038,ES-003,CP-003
Calculate the digit length of 521 x 418 x 727.,9,Easy,QL-039,ES-003,CP-003
The product 896 x 2 contains how many digits?,4,Easy,QL-036,ES-003,CP-003
How many digits are there in 395 x 292 x 189 x 86 x 807?,13,Hard,QL-029,ES-003,CP-003
Determine the digit count of 577 x 680 x 371 x 474.,11,Hard,QL-030,ES-003,CP-003
Identify the number of digits in 57 x 951 x 263.,8,Easy,QL-035,ES-003,CP-003
Find the total digits in 880 x 983.,6,Easy,QL-032,ES-003,CP-003
What is the digit count of 688 x 585 x 482 x 379 x 276?,14,Medium,QL-033,ES-003,CP-003
Count the digits in the product 670 x 773 x 464 x 567.,12,Easy,QL-034,ES-003,CP-003
Identify the number of digits in 285 x 182 x 491.,8,Hard,QL-035,ES-003,CP-003
Find the number of digits in the product 92 x 195.,5,Easy,QL-028,ES-003,CP-003
How many digits are there in 667 x 564 x 461 x 358 x 82?,13,Easy,QL-029,ES-003,CP-003
Identify the number of digits in 796 x 693 x 5.,7,Hard,QL-035,ES-003,CP-003
Determine the digit count of 774 x 877 x 568 x 671.,12,Easy,QL-030,ES-003,CP-003
How many digits are there in 448 x 345 x 242 x 139 x 860?,13,Medium,QL-029,ES-003,CP-003
Find the total digits in 689 x 792.,6,Easy,QL-032,ES-003,CP-003
Calculate the digit length of 13 x 907 x 219.,7,Medium,QL-039,ES-003,CP-003
Count the digits in the product 655 x 758 x 449 x 552.,12,Medium,QL-034,ES-003,CP-003
Find how many digits are present in 59 x 953 x 850 x 747 x 644.,14,Easy,QL-037,ES-003,CP-003
The product 344 x 447 contains how many digits?,6,Medium,QL-036,ES-003,CP-003
Calculate the number of digits in 509 x 406 x 715.,9,Hard,QL-031,ES-003,CP-003
Count the digits in the product 423 x 526 x 217 x 320.,11,Medium,QL-034,ES-003,CP-003
Determine the total digit count of 799 x 902 x 593 x 696.,12,Medium,QL-038,ES-003,CP-003
Calculate the number of digits in 43 x 937 x 249.,8,Medium,QL-031,ES-003,CP-003
Find the number of digits in the product 303 x 406.,6,Easy,QL-028,ES-003,CP-003
What is the digit count of 621 x 518 x 415 x 312 x 36?,13,Medium,QL-033,ES-003,CP-003
Determine the digit count of 521 x 624 x 315 x 418.,11,Hard,QL-030,ES-003,CP-003
Calculate the number of digits in 69 x 963 x 275.,8,Medium,QL-031,ES-003,CP-003
Find the number of digits in the product 437 x 540.,6,Medium,QL-028,ES-003,CP-003
How many digits are there in 298 x 195 x 92 x 986 x 883?,13,Medium,QL-029,ES-003,CP-003
Determine the digit count of 239 x 342 x 33 x 136.,9,Hard,QL-030,ES-003,CP-003
Calculate the number of digits in 316 x 213 x 522.,8,Medium,QL-031,ES-003,CP-003
What is the digit count of 588 x 485 x 382 x 279 x 176?,13,Medium,QL-033,ES-003,CP-003
Find the total digits in 88 x 191.,5,Hard,QL-032,ES-003,CP-003
Identify the number of digits in 32 x 926 x 238.,7,Medium,QL-035,ES-003,CP-003
Determine the digit count of 61 x 164 x 852 x 955.,10,Hard,QL-030,ES-003,CP-003
Find how many digits are present in 150 x 47 x 941 x 838 x 562.,13,Easy,QL-037,ES-003,CP-003
The product 718 x 821 contains how many digits?,6,Medium,QL-036,ES-003,CP-003
Calculate the number of digits in 717 x 614 x 923.,9,Easy,QL-031,ES-003,CP-003
Determine the digit count of 686 x 789 x 480 x 583.,12,Easy,QL-030,ES-003,CP-003
How many digits are there in 298 x 195 x 92 x 986 x 883?,13,Easy,QL-029,ES-003,CP-003
The product 992 x 98 contains how many digits?,5,Easy,QL-036,ES-003,CP-003
The product 298 x 401 contains how many digits?,6,Easy,QL-036,ES-003,CP-003
How many digits are there in 433 x 330 x 227 x 124 x 21?,11,Easy,QL-029,ES-003,CP-003
Count the digits in the product 258 x 361 x 52 x 155.,9,Medium,QL-034,ES-003,CP-003
Calculate the number of digits in 148 x 45 x 354.,7,Medium,QL-031,ES-003,CP-003
Find the number of digits in the product 379 x 482.,6,Easy,QL-028,ES-003,CP-003
Find how many digits are present in 643 x 540 x 437 x 334 x 58.,13,Easy,QL-037,ES-003,CP-003
Determine the total digit count of 718 x 821 x 512 x 615.,12,Easy,QL-038,ES-003,CP-003
Calculate the digit length of 691 x 588 x 897.,9,Medium,QL-039,ES-003,CP-003
The product 732 x 835 contains how many digits?,6,Medium,QL-036,ES-003,CP-003
Find how many digits are present in 893 x 790 x 687 x 584 x 481.,15,Medium,QL-037,ES-003,CP-003
Identify the number of digits in 822 x 719 x 31.,8,Medium,QL-035,ES-003,CP-003
Determine the total digit count of 308 x 411 x 102 x 205.,10,Easy,QL-038,ES-003,CP-003
Find how many digits are present in 54 x 948 x 845 x 742 x 639.,14,Medium,QL-037,ES-003,CP-003
The product 193 x 296 contains how many digits?,5,Medium,QL-036,ES-003,CP-003
Calculate the digit length of 827 x 724 x 36.,8,Medium,QL-039,ES-003,CP-003
Determine the digit count of 555 x 658 x 349 x 452.,11,Medium,QL-030,ES-003,CP-003
Find how many digits are present in 408 x 305 x 202 x 99 x 820.,13,Medium,QL-037,ES-003,CP-003
Find the total digits in 90 x 193.,5,Easy,QL-032,ES-003,CP-003
Calculate the number of digits in 767 x 664 x 973.,9,Hard,QL-031,ES-003,CP-003
Determine the total digit count of 119 x 222 x 910 x 16.,9,Easy,QL-038,ES-003,CP-003
Determine the total digit count of 761 x 864 x 555 x 658.,12,Easy,QL-038,ES-003,CP-003
Calculate the number of digits in 571 x 468 x 777.,9,Medium,QL-031,ES-003,CP-003
The product 279 x 382 contains how many digits?,6,Hard,QL-036,ES-003,CP-003
How many digits are there in 56 x 950 x 847 x 744 x 641?,14,Hard,QL-029,ES-003,CP-003
Count the digits in the product 434 x 537 x 228 x 331.,11,Medium,QL-034,ES-003,CP-003
Calculate the digit length of 547 x 444 x 753.,9,Hard,QL-039,ES-003,CP-003
Find the total digits in 310 x 413.,6,Easy,QL-032,ES-003,CP-003
What is the digit count of 155 x 52 x 946 x 843 x 567?,13,Medium,QL-033,ES-003,CP-003
Determine the total digit count of 237 x 340 x 31 x 134.,9,Hard,QL-038,ES-003,CP-003
Calculate the number of digits in 172 x 69 x 378.,7,Hard,QL-031,ES-003,CP-003
Find how many digits are present in 158 x 55 x 949 x 846 x 570.,13,Easy,QL-037,ES-003,CP-003
Find the total digits in 742 x 845.,6,Easy,QL-032,ES-003,CP-003
Calculate the number of digits in 852 x 749 x 61.,8,Easy,QL-031,ES-003,CP-003
Count the digits in the product 958 x 64 x 752 x 855.,11,Medium,QL-034,ES-003,CP-003
How many digits are there in 18 x 912 x 809 x 706 x 603?,13,Easy,QL-029,ES-003,CP-003
The product 195 x 329 contains how many digits?,5,Hard,QL-036,ES-003,CP-003
Calculate the digit length of 572 x 469 x 778.,9,Medium,QL-039,ES-003,CP-003
Determine the total digit count of 7 x 110 x 798 x 901.,9,Medium,QL-038,ES-003,CP-003
What is the digit count of 48 x 942 x 839 x 736 x 460?,14,Hard,QL-033,ES-003,CP-003
Find the number of digits in the product 378 x 481.,6,Easy,QL-028,ES-003,CP-003
Find the total digits in 262 x 365.,5,Easy,QL-032,ES-003,CP-003
What is the digit count of 573 x 470 x 367 x 264 x 985?,14,Easy,QL-033,ES-003,CP-003
Count the digits in the product 771 x 874 x 565 x 668.,12,Hard,QL-034,ES-003,CP-003
Calculate the number of digits in 952 x 849 x 161.,9,Easy,QL-031,ES-003,CP-003
Find the total digits in 223 x 326.,5,Hard,QL-032,ES-003,CP-003
How many digits are there in 612 x 509 x 406 x 303 x 200?,13,Hard,QL-029,ES-003,CP-003
Determine the total digit count of 625 x 728 x 419 x 522.,11,Medium,QL-038,ES-003,CP-003
Calculate the number of digits in 560 x 457 x 766.,9,Medium,QL-031,ES-003,CP-003
Find the total digits in 698 x 801.,6,Hard,QL-032,ES-003,CP-003
What is the digit count of 543 x 440 x 337 x 234 x 955?,14,Easy,QL-033,ES-003,CP-003
Identify the number of digits in 537 x 434 x 743.,9,Medium,QL-035,ES-003,CP-003
Determine the digit count of 624 x 727 x 418 x 521.,11,Easy,QL-030,ES-003,CP-003
How many digits are there in 874 x 771 x 668 x 565 x 289?,14,Medium,QL-029,ES-003,CP-003
Find the total digits in 414 x 517.,6,Hard,QL-032,ES-003,CP-003
Calculate the digit length of 757 x 654 x 963.,9,Medium,QL-039,ES-003,CP-003
Determine the digit count of 165 x 268 x 956 x 62.,10,Easy,QL-030,ES-003,CP-003
How many digits are there in 118 x 15 x 909 x 806 x 703?,12,Hard,QL-029,ES-003,CP-003
Find the total digits in 50 x 153.,4,Easy,QL-032,ES-003,CP-003
Calculate the number of digits in 321 x 218 x 527.,8,Medium,QL-031,ES-003,CP-003
Count the digits in the product 40 x 143 x 831 x 934.,10,Easy,QL-034,ES-003,CP-003
Calculate the digit length of 650 x 547 x 856.,9,Hard,QL-039,ES-003,CP-003
Determine the total digit count of 438 x 541 x 232 x 335.,11,Medium,QL-038,ES-003,CP-003
Find how many digits are present in 271 x 168 x 65 x 959 x 683.,13,Medium,QL-037,ES-003,CP-003
The product 926 x 32 contains how many digits?,5,Medium,QL-036,ES-003,CP-003
Identify the number of digits in 227 x 124 x 433.,8,Easy,QL-035,ES-003,CP-003
Determine the digit count of 323 x 426 x 117 x 220.,10,Easy,QL-030,ES-003,CP-003
What is the digit count of 279 x 176 x 73 x 967 x 864?,13,Medium,QL-033,ES-003,CP-003
The product 887 x 990 contains how many digits?,6,Medium,QL-036,ES-003,CP-003
Identify the number of digits in 602 x 499 x 808.,9,Easy,QL-035,ES-003,CP-003
Determine the total digit count of 489 x 592 x 283 x 386.,11,Medium,QL-038,ES-003,CP-003
Find the number of digits in the product 667 x 770.,6,Medium,QL-028,ES-003,CP-003
Find how many digits are present in 53 x 947 x 844 x 741 x 465.,14,Medium,QL-037,ES-003,CP-003
Determine the total digit count of 509 x 612 x 272 x 406.,11,Hard,QL-038,ES-003,CP-003
Calculate the digit length of 564 x 461 x 770.,9,Easy,QL-039,ES-003,CP-003
The product 253 x 356 contains how many digits?,5,Easy,QL-036,ES-003,CP-003
Find how many digits are present in 101 x 995 x 892 x 789 x 686.,14,Easy,QL-037,ES-003,CP-003
Determine the digit count of 606 x 709 x 400 x 503.,11,Medium,QL-030,ES-003,CP-003
Calculate the number of digits in 326 x 223 x 532.,8,Hard,QL-031,ES-003,CP-003
Find the number of digits in the product 744 x 847.,6,Medium,QL-028,ES-003,CP-003
What is the digit count of 503 x 400 x 297 x 194 x 915?,14,Hard,QL-033,ES-003,CP-003
How many digits are there in 718 x 615 x 512 x 409 x 306?,14,Hard,QL-029,ES-003,CP-003
Find the total digits in 446 x 549.,6,Hard,QL-032,ES-003,CP-003
Identify the number of digits in 333 x 230 x 539.,8,Hard,QL-035,ES-003,CP-003
Determine the total digit count of 460 x 563 x 254 x 357.,11,Easy,QL-038,ES-003,CP-003
Find how many digits are present in 254 x 151 x 48 x 942 x 697.,13,Easy,QL-037,ES-003,CP-003
The product 526 x 629 contains how many digits?,6,Medium,QL-036,ES-003,CP-003
Calculate the number of digits in 984 x 881 x 193.,9,Easy,QL-031,ES-003,CP-003
Count the digits in the product 732 x 835 x 526 x 629.,12,Medium,QL-034,ES-003,CP-003
What is the digit count of 11 x 905 x 802 x 699 x 596?,13,Easy,QL-033,ES-003,CP-003
Find the total digits in 539 x 642.,6,Medium,QL-032,ES-003,CP-003
Determine the digit count of 690 x 793 x 484 x 587.,12,Medium,QL-030,ES-003,CP-003
Calculate the number of digits in 736 x 633 x 942.,9,Easy,QL-031,ES-003,CP-003
The product 180 x 283 contains how many digits?,5,Hard,QL-036,ES-003,CP-003
What is the digit count of 433 x 330 x 227 x 124 x 845?,13,Easy,QL-033,ES-003,CP-003
Count the digits in the product 783 x 886 x 577 x 680.,12,Medium,QL-034,ES-003,CP-003
Identify the number of digits in 434 x 331 x 640.,8,Medium,QL-035,ES-003,CP-003
Find the number of digits in the product 334 x 437.,6,Easy,QL-028,ES-003,CP-003
Find how many digits are present in 394 x 291 x 188 x 85 x 979.,13,Medium,QL-037,ES-003,CP-003
Determine the total digit count of 253 x 356 x 47 x 150.,9,Easy,QL-038,ES-003,CP-003
Calculate the number of digits in 494 x 391 x 700.,9,Easy,QL-031,ES-003,CP-003
Calculate the number of digits in 190 x 87 x 396.,7,Medium,QL-031,ES-003,CP-003
Determine the total digit count of 539 x 642 x 333 x 436.,11,Hard,QL-038,ES-003,CP-003
How many digits are there in 150 x 47 x 941 x 838 x 735?,13,Hard,QL-029,ES-003,CP-003
Find the total digits in 90 x 193.,5,Easy,QL-032,ES-003,CP-003
Identify the number of digits in 523 x 420 x 729.,9,Medium,QL-035,ES-003,CP-003
Count the digits in the product 446 x 549 x 240 x 343.,11,Medium,QL-034,ES-003,CP-003
Find how many digits are present in 189 x 86 x 980 x 877 x 601.,13,Easy,QL-037,ES-003,CP-003
Find the number of digits in the product 933 x 39.,5,Easy,QL-028,ES-003,CP-003
Identify the number of digits in 276 x 173 x 482.,8,Easy,QL-035,ES-003,CP-003
Count the digits in the product 728 x 831 x 522 x 625.,12,Medium,QL-034,ES-003,CP-003
The product 186 x 289 contains how many digits?,5,Easy,QL-036,ES-003,CP-003
Find how many digits are present in 316 x 213 x 110 x 7 x 901.,11,Easy,QL-037,ES-003,CP-003
Determine the digit count of 344 x 447 x 138 x 241.,10,Easy,QL-030,ES-003,CP-003
Calculate the number of digits in 273 x 170 x 479.,8,Medium,QL-031,ES-003,CP-003
Find the number of digits in the product 176 x 279.,5,Medium,QL-028,ES-003,CP-003
What is the digit count of 642 x 539 x 436 x 333 x 88?,13,Easy,QL-033,ES-003,CP-003
Count the digits in the product 644 x 747 x 438 x 541.,12,Medium,QL-034,ES-003,CP-003
Calculate the digit length of 375 x 272 x 581.,8,Easy,QL-039,ES-003,CP-003
The product 749 x 852 contains how many digits?,6,Medium,QL-036,ES-003,CP-003
How many digits are there in 853 x 750 x 647 x 544 x 441?,14,Hard,QL-029,ES-003,CP-003
What is the digit count of 499 x 396 x 293 x 190 x 911?,14,Medium,QL-033,ES-003,CP-003
Find the number of digits in the product 829 x 932.,6,Hard,QL-028,ES-003,CP-003
Identify the number of digits in 38 x 932 x 244.,7,Easy,QL-035,ES-003,CP-003
Count the digits in the product 887 x 990 x 681 x 784.,12,Medium,QL-034,ES-003,CP-003
Find how many digits are present in 722 x 619 x 516 x 413 x 310.,14,Easy,QL-037,ES-003,CP-003
The product 182 x 285 contains how many digits?,5,Medium,QL-036,ES-003,CP-003
Calculate the digit length of 187 x 84 x 393.,7,Easy,QL-039,ES-003,CP-003
Count the digits in the product 280 x 383 x 74 x 177.,10,Easy,QL-034,ES-003,CP-003
Find how many digits are present in 609 x 506 x 403 x 300 x 24.,12,Hard,QL-037,ES-003,CP-003
Find the number of digits in the product 196 x 299.,5,Hard,QL-028,ES-003,CP-003
Count the digits in the product 829 x 932 x 623 x 726.,12,Medium,QL-034,ES-003,CP-003
Calculate the number of digits in 455 x 352 x 661.,9,Hard,QL-031,ES-003,CP-003
The product 714 x 817 contains how many digits?,6,Medium,QL-036,ES-003,CP-003
What is the digit count of 782 x 679 x 576 x 473 x 370?,14,Medium,QL-033,ES-003,CP-003
Count the digits in the product 291 x 394 x 85 x 188.,10,Medium,QL-034,ES-003,CP-003
Calculate the digit length of 235 x 132 x 441.,8,Easy,QL-039,ES-003,CP-003
The product 81 x 184 contains how many digits?,5,Medium,QL-036,ES-003,CP-003
What is the digit count of 541 x 438 x 335 x 232 x 953?,14,Easy,QL-033,ES-003,CP-003
Determine the digit count of 848 x 951 x 642 x 745.,12,Medium,QL-030,ES-003,CP-003
Calculate the digit length of 426 x 323 x 632.,8,Easy,QL-039,ES-003,CP-003
Calculate the digit length of 721 x 618 x 927.,9,Medium,QL-039,ES-003,CP-003
Determine the total digit count of 275 x 378 x 38 x 141.,9,Medium,QL-038,ES-003,CP-003
What is the digit count of 62 x 956 x 853 x 750 x 474?,14,Easy,QL-033,ES-003,CP-003
Find the number of digits in the product 563 x 666.,6,Hard,QL-028,ES-003,CP-003
Calculate the digit length of 980 x 877 x 189.,9,Medium,QL-039,ES-003,CP-003
Determine the digit count of 368 x 471 x 162 x 265.,10,Medium,QL-030,ES-003,CP-003
Find how many digits are present in 355 x 252 x 149 x 46 x 940.,12,Easy,QL-037,ES-003,CP-003
The product 547 x 650 contains how many digits?,6,Medium,QL-036,ES-003,CP-003
Calculate the number of digits in 284 x 181 x 490.,8,Easy,QL-031,ES-003,CP-003
Determine the digit count of 561 x 664 x 355 x 458.,11,Medium,QL-030,ES-003,CP-003
Find the total digits in 739 x 842.,6,Medium,QL-032,ES-003,CP-003
What is the digit count of 498 x 395 x 292 x 189 x 910?,13,Easy,QL-033,ES-003,CP-003
Determine the total digit count of 976 x 82 x 770 x 873.,11,Medium,QL-038,ES-003,CP-003
Calculate the digit length of 231 x 128 x 437.,8,Easy,QL-039,ES-003,CP-003
Find the number of digits in the product 690 x 793.,6,Hard,QL-028,ES-003,CP-003
What is the digit count of 962 x 859 x 756 x 653 x 550?,15,Hard,QL-033,ES-003,CP-003
Determine the digit count of 673 x 776 x 467 x 570.,12,Easy,QL-030,ES-003,CP-003
Calculate the number of digits in 546 x 443 x 752.,9,Hard,QL-031,ES-003,CP-003
Find the number of digits in the product 416 x 519.,6,Easy,QL-028,ES-003,CP-003
How many digits are there in 845 x 742 x 639 x 536 x 260?,14,Medium,QL-029,ES-003,CP-003
Determine the digit count of 922 x 28 x 716 x 819.,11,Easy,QL-030,ES-003,CP-003
Calculate the number of digits in 944 x 841 x 153.,9,Hard,QL-031,ES-003,CP-003
Find the total digits in 837 x 940.,6,Easy,QL-032,ES-003,CP-003
Find how many digits are present in 627 x 524 x 421 x 318 x 42.,13,Medium,QL-037,ES-003,CP-003
Count the digits in the product 803 x 906 x 597 x 700.,12,Medium,QL-034,ES-003,CP-003
Calculate the digit length of 192 x 89 x 398.,7,Medium,QL-039,ES-003,CP-003
The product 492 x 595 contains how many digits?,6,Medium,QL-036,ES-003,CP-003
Find how many digits are present in 238 x 135 x 32 x 926 x 823.,12,Hard,QL-037,ES-003,CP-003
Determine the digit count of 602 x 705 x 396 x 499.,11,Medium,QL-030,ES-003,CP-003
Calculate the number of digits in 688 x 585 x 894.,9,Hard,QL-031,ES-003,CP-003
How many digits are there in 235 x 132 x 29 x 923 x 820?,12,Hard,QL-029,ES-003,CP-003
The product 427 x 530 contains how many digits?,6,Hard,QL-036,ES-003,CP-003
Calculate the number of digits in 750 x 647 x 956.,9,Medium,QL-031,ES-003,CP-003
Count the digits in the product 940 x 46 x 734 x 837.,11,Hard,QL-034,ES-003,CP-003
How many digits are there in 303 x 200 x 97 x 991 x 715?,13,Medium,QL-029,ES-003,CP-003
Find the total digits in 489 x 592.,6,Easy,QL-032,ES-003,CP-003
Calculate the digit length of 726 x 623 x 932.,9,Hard,QL-039,ES-003,CP-003
Determine the digit count of 613 x 716 x 407 x 510.,11,Medium,QL-030,ES-003,CP-003
Find how many digits are present in 403 x 300 x 197 x 94 x 988.,13,Easy,QL-037,ES-003,CP-003
Find the number of digits in the product 14 x 117.,4,Easy,QL-028,ES-003,CP-003
Find the number of digits in the product 921 x 27.,5,Easy,QL-028,ES-003,CP-003
Find how many digits are present in 337 x 234 x 131 x 28 x 749.,12,Easy,QL-037,ES-003,CP-003
Count the digits in the product 109 x 212 x 900 x 6.,9,Medium,QL-034,ES-003,CP-003
Calculate the digit length of 34 x 928 x 240.,7,Easy,QL-039,ES-003,CP-003
Find the total digits in 374 x 477.,6,Hard,QL-032,ES-003,CP-003
How many digits are there in 166 x 63 x 957 x 854 x 751?,13,Easy,QL-029,ES-003,CP-003
Determine the total digit count of 186 x 289 x 977 x 83.,10,Medium,QL-038,ES-003,CP-003
Identify the number of digits in 720 x 617 x 926.,9,Medium,QL-035,ES-003,CP-003
The product 526 x 629 contains how many digits?,6,Easy,QL-036,ES-003,CP-003
What is the digit count of 227 x 124 x 21 x 915 x 639?,12,Hard,QL-033,ES-003,CP-003
Identify the number of digits in 870 x 767 x 79.,8,Medium,QL-035,ES-003,CP-003
Determine the total digit count of 897 x 3 x 691 x 794.,10,Easy,QL-038,ES-003,CP-003
What is the digit count of 791 x 688 x 585 x 482 x 206?,14,Easy,QL-033,ES-003,CP-003
The product 527 x 630 contains how many digits?,6,Easy,QL-036,ES-003,CP-003
Calculate the digit length of 327 x 224 x 533.,8,Medium,QL-039,ES-003,CP-003
Determine the digit count of 437 x 540 x 231 x 334.,11,Medium,QL-030,ES-003,CP-003
How many digits are there in 581 x 478 x 375 x 272 x 169?,13,Easy,QL-029,ES-003,CP-003
Find the total digits in 477 x 580.,6,Easy,QL-032,ES-003,CP-003
Calculate the digit length of 103 x 997 x 309.,8,Medium,QL-039,ES-003,CP-003
Count the digits in the product 372 x 475 x 166 x 269.,10,Hard,QL-034,ES-003,CP-003
Count the digits in the product 456 x 559 x 250 x 353.,11,Hard,QL-034,ES-003,CP-003
Identify the number of digits in 4 x 898 x 210.,6,Medium,QL-035,ES-003,CP-003
Find the total digits in 372 x 475.,6,Medium,QL-032,ES-003,CP-003
What is the digit count of 233 x 130 x 27 x 921 x 818?,12,Medium,QL-033,ES-003,CP-003
Determine the digit count of 734 x 837 x 528 x 631.,12,Medium,QL-030,ES-003,CP-003
Identify the number of digits in 975 x 872 x 184.,9,Medium,QL-035,ES-003,CP-003
Find the total digits in 238 x 341.,5,Easy,QL-032,ES-003,CP-003
What is the digit count of 556 x 453 x 350 x 247 x 968?,14,Medium,QL-033,ES-003,CP-003
Determine the total digit count of 267 x 370 x 61 x 164.,9,Easy,QL-038,ES-003,CP-003
Calculate the digit length of 915 x 812 x 124.,8,Hard,QL-039,ES-003,CP-003
How many digits are there in 766 x 663 x 560 x 457 x 181?,14,Medium,QL-029,ES-003,CP-003
Find the number of digits in the product 10 x 113.,4,Easy,QL-028,ES-003,CP-003
Identify the number of digits in 499 x 396 x 705.,9,Medium,QL-035,ES-003,CP-003
Determine the total digit count of 247 x 350 x 41 x 144.,9,Easy,QL-038,ES-003,CP-003
What is the digit count of 233 x 130 x 27 x 921 x 818?,12,Easy,QL-033,ES-003,CP-003
The product 927 x 33 contains how many digits?,5,Easy,QL-036,ES-003,CP-003
Calculate the digit length of 814 x 711 x 23.,8,Easy,QL-039,ES-003,CP-003
Determine the digit count of 941 x 47 x 735 x 838.,11,Medium,QL-030,ES-003,CP-003
How many digits are there in 85 x 979 x 876 x 773 x 497?,14,Easy,QL-029,ES-003,CP-003
Find the number of digits in the product 653 x 756.,6,Medium,QL-028,ES-003,CP-003
The product 815 x 918 contains how many digits?,6,Easy,QL-036,ES-003,CP-003
Find how many digits are present in 623 x 520 x 417 x 314 x 211.,13,Medium,QL-037,ES-003,CP-003
Determine the total digit count of 605 x 708 x 399 x 502.,11,Easy,QL-038,ES-003,CP-003
Identify the number of digits in 220 x 117 x 426.,8,Hard,QL-035,ES-003,CP-003
The product 831 x 934 contains how many digits?,6,Easy,QL-036,ES-003,CP-003
What is the digit count of 330 x 227 x 124 x 987 x 742?,13,Hard,QL-033,ES-003,CP-003
Count the digits in the product 512 x 615 x 306 x 409.,11,Hard,QL-034,ES-003,CP-003
Identify the number of digits in 989 x 886 x 198.,9,Easy,QL-035,ES-003,CP-003
Find the total digits in 892 x 995.,6,Easy,QL-032,ES-003,CP-003
How many digits are there in 176 x 73 x 967 x 864 x 761?,13,Easy,QL-029,ES-003,CP-003
Calculate the number of digits in 945 x 842 x 154.,9,Hard,QL-031,ES-003,CP-003
Determine the total digit count of 590 x 693 x 384 x 487.,11,Medium,QL-038,ES-003,CP-003
How many digits are there in 991 x 888 x 785 x 682 x 579?,15,Easy,QL-029,ES-003,CP-003
Find the number of digits in the product 279 x 382.,6,Medium,QL-028,ES-003,CP-003
Calculate the digit length of 731 x 628 x 937.,9,Hard,QL-039,ES-003,CP-003
Count the digits in the product 709 x 812 x 503 x 606.,12,Easy,QL-034,ES-003,CP-003
What is the digit count of 383 x 280 x 177 x 74 x 795?,13,Medium,QL-033,ES-003,CP-003
The product 624 x 727 contains how many digits?,6,Easy,QL-036,ES-003,CP-003
Calculate the digit length of 206 x 103 x 412.,7,Medium,QL-039,ES-003,CP-003
Determine the digit count of 486 x 589 x 280 x 383.,11,Easy,QL-030,ES-003,CP-003
Determine the digit count of 289 x 392 x 83 x 186.,10,Hard,QL-030,ES-003,CP-003
Calculate the number of digits in 12 x 906 x 218.,7,Medium,QL-031,ES-003,CP-003
Find the total digits in 484 x 587.,6,Hard,QL-032,ES-003,CP-003
What is the digit count of 62 x 956 x 853 x 750 x 474?,14,Easy,QL-033,ES-003,CP-003
Determine the total digit count of 530 x 633 x 324 x 427.,11,Medium,QL-038,ES-003,CP-003
Identify the number of digits in 924 x 821 x 133.,9,Easy,QL-035,ES-003,CP-003
Find the total digits in 352 x 455.,6,Easy,QL-032,ES-003,CP-003
How many digits are there in 633 x 530 x 427 x 324 x 221?,14,Easy,QL-029,ES-003,CP-003
Count the digits in the product 969 x 75 x 763 x 866.,11,Medium,QL-034,ES-003,CP-003
Calculate the digit length of 449 x 346 x 655.,9,Easy,QL-039,ES-003,CP-003
Find how many digits are present in 438 x 335 x 232 x 129 x 26.,12,Easy,QL-037,ES-003,CP-003
Find the total digits in 590 x 693.,6,Easy,QL-032,ES-003,CP-003
Calculate the digit length of 663 x 560 x 869.,9,Medium,QL-039,ES-003,CP-003
Determine the digit count of 943 x 49 x 737 x 840.,11,Easy,QL-030,ES-003,CP-003
Find how many digits are present in 390 x 287 x 184 x 81 x 833.,13,Easy,QL-037,ES-003,CP-003
The product 7 x 110 contains how many digits?,3,Easy,QL-036,ES-003,CP-003
Identify the number of digits in 901 x 798 x 110.,8,Medium,QL-035,ES-003,CP-003
Determine the total digit count of 846 x 949 x 640 x 743.,12,Medium,QL-038,ES-003,CP-003
How many digits are there in 451 x 348 x 245 x 142 x 39?,12,Hard,QL-029,ES-003,CP-003
Find the number of digits in the product 736 x 839.,6,Easy,QL-028,ES-003,CP-003
What is the digit count of 237 x 134 x 31 x 925 x 822?,12,Easy,QL-033,ES-003,CP-003
Find the number of digits in the product 133 x 236.,5,Hard,QL-028,ES-003,CP-003
Identify the number of digits in 980 x 877 x 189.,9,Medium,QL-035,ES-003,CP-003
Count the digits in the product 93 x 196 x 884 x 987.,11,Medium,QL-034,ES-003,CP-003
How many digits are there in 447 x 344 x 241 x 138 x 859?,13,Easy,QL-029,ES-003,CP-003
Find the total digits in 183 x 286.,5,Easy,QL-032,ES-003,CP-003
Calculate the number of digits in 526 x 423 x 732.,9,Medium,QL-031,ES-003,CP-003
Determine the digit count of 553 x 656 x 347 x 450.,11,Easy,QL-030,ES-003,CP-003
How many digits are there in 697 x 594 x 491 x 388 x 285?,14,Medium,QL-029,ES-003,CP-003
Find the number of digits in the product 536 x 639.,6,Easy,QL-028,ES-003,CP-003
Determine the total digit count of 762 x 865 x 556 x 659.,12,Medium,QL-038,ES-003,CP-003
Identify the number of digits in 687 x 584 x 893.,9,Easy,QL-035,ES-003,CP-003
The product 577 x 680 contains how many digits?,6,Easy,QL-036,ES-003,CP-003
How many digits are there in 990 x 887 x 784 x 681 x 405?,15,Easy,QL-029,ES-003,CP-003
Determine the digit count of 839 x 942 x 633 x 736.,12,Medium,QL-030,ES-003,CP-003
Calculate the number of digits in 376 x 273 x 582.,8,Medium,QL-031,ES-003,CP-003
Find the number of digits in the product 30 x 133.,4,Hard,QL-028,ES-003,CP-003
What is the digit count of 819 x 716 x 613 x 510 x 407?,14,Easy,QL-033,ES-003,CP-003
Determine the digit count of 271 x 374 x 65 x 168.,10,Medium,QL-030,ES-003,CP-003
Calculate the digit length of 419 x 316 x 625.,8,Medium,QL-039,ES-003,CP-003
Calculate the number of digits in 155 x 52 x 361.,7,Medium,QL-031,ES-003,CP-003
Determine the digit count of 900 x 6 x 694 x 797.,10,Easy,QL-030,ES-003,CP-003
What is the digit count of 422 x 319 x 216 x 113 x 834?,13,Medium,QL-033,ES-003,CP-003
The product 663 x 766 contains how many digits?,6,Easy,QL-036,ES-003,CP-003
Identify the number of digits in 470 x 367 x 676.,9,Easy,QL-035,ES-003,CP-003
Count the digits in the product 597 x 700 x 391 x 494.,11,Medium,QL-034,ES-003,CP-003
Find how many digits are present in 855 x 752 x 649 x 546 x 443.,15,Easy,QL-037,ES-003,CP-003
Find the total digits in 583 x 686.,6,Easy,QL-032,ES-003,CP-003
Calculate the digit length of 308 x 205 x 514.,8,Easy,QL-039,ES-003,CP-003
Determine the total digit count of 277 x 380 x 71 x 174.,10,Easy,QL-038,ES-003,CP-003
The product 317 x 420 contains how many digits?,6,Easy,QL-036,ES-003,CP-003
How many digits are there in 570 x 467 x 364 x 261 x 982?,14,Medium,QL-029,ES-003,CP-003
Determine the total digit count of 827 x 930 x 621 x 724.,12,Hard,QL-038,ES-003,CP-003
Calculate the number of digits in 904 x 801 x 113.,8,Medium,QL-031,ES-003,CP-003
Find the number of digits in the product 471 x 574.,6,Medium,QL-028,ES-003,CP-003
Find how many digits are present in 531 x 428 x 325 x 222 x 119.,13,Easy,QL-037,ES-003,CP-003
Determine the digit count of 920 x 26 x 714 x 817.,11,Easy,QL-030,ES-003,CP-003
Identify the number of digits in 571 x 468 x 777.,9,Medium,QL-035,ES-003,CP-003
The product 891 x 994 contains how many digits?,6,Easy,QL-036,ES-003,CP-003
How many digits are there in 212 x 109 x 6 x 900 x 624?,11,Medium,QL-029,ES-003,CP-003
What is the digit count of 408 x 305 x 202 x 99 x 820?,13,Easy,QL-033,ES-003,CP-003
The product 66 x 169 contains how many digits?,5,Easy,QL-036,ES-003,CP-003
Identify the number of digits in 787 x 684 x 993.,9,Easy,QL-035,ES-003,CP-003
Determine the total digit count of 575 x 678 x 369 x 472.,11,Hard,QL-038,ES-003,CP-003
What is the digit count of 447 x 344 x 241 x 138 x 35?,12,Hard,QL-033,ES-003,CP-003
The product 58 x 161 contains how many digits?,4,Hard,QL-036,ES-003,CP-003
Identify the number of digits in 364 x 261 x 570.,8,Medium,QL-035,ES-003,CP-003
Determine the digit count of 460 x 563 x 254 x 357.,11,Medium,QL-030,ES-003,CP-003
Find how many digits are present in 347 x 244 x 141 x 38 x 759.,12,Easy,QL-037,ES-003,CP-003
The product 533 x 636 contains how many digits?,6,Hard,QL-036,ES-003,CP-003
Count the digits in the product 261 x 364 x 55 x 158.,9,Easy,QL-034,ES-003,CP-003
Calculate the number of digits in 873 x 770 x 82.,8,Hard,QL-031,ES-003,CP-003
Find the number of digits in the product 471 x 574.,6,Easy,QL-028,ES-003,CP-003
How many digits are there in 279 x 176 x 73 x 967 x 864?,13,Medium,QL-029,ES-003,CP-003
Determine the total digit count of 168 x 271 x 959 x 65.,10,Hard,QL-038,ES-003,CP-003
Calculate the number of digits in 614 x 511 x 820.,9,Easy,QL-031,ES-003,CP-003
Find the total digits in 487 x 590.,6,Easy,QL-032,ES-003,CP-003
Find how many digits are present in 952 x 849 x 746 x 643 x 367.,15,Hard,QL-037,ES-003,CP-003
Determine the digit count of 726 x 829 x 520 x 623.,12,Medium,QL-030,ES-003,CP-003
Calculate the digit length of 92 x 986 x 298.,8,Easy,QL-039,ES-003,CP-003
Identify the number of digits in 163 x 60 x 369.,7,Medium,QL-035,ES-003,CP-003
Determine the total digit count of 595 x 698 x 389 x 492.,11,Medium,QL-038,ES-003,CP-003
How many digits are there in 575 x 472 x 369 x 266 x 163?,13,Easy,QL-029,ES-003,CP-003
Find the total digits in 783 x 886.,6,Hard,QL-032,ES-003,CP-003
Calculate the digit length of 443 x 340 x 649.,8,Easy,QL-039,ES-003,CP-003
Determine the digit count of 518 x 621 x 312 x 415.,11,Medium,QL-030,ES-003,CP-003
Find how many digits are present in 746 x 643 x 540 x 437 x 161.,14,Easy,QL-037,ES-003,CP-003
Find the number of digits in the product 333 x 436.,6,Easy,QL-028,ES-003,CP-003
Calculate the digit length of 324 x 221 x 530.,8,Medium,QL-039,ES-003,CP-003
Determine the digit count of 417 x 520 x 211 x 314.,11,Medium,QL-030,ES-003,CP-003
The product 882 x 985 contains how many digits?,6,Easy,QL-036,ES-003,CP-003
What is the digit count of 919 x 816 x 713 x 610 x 507?,15,Hard,QL-033,ES-003,CP-003
Count the digits in the product 966 x 72 x 760 x 863.,11,Easy,QL-034,ES-003,CP-003
Calculate the number of digits in 592 x 489 x 798.,9,Easy,QL-031,ES-003,CP-003
The product 218 x 321 contains how many digits?,5,Hard,QL-036,ES-003,CP-003
What is the digit count of 678 x 575 x 472 x 369 x 93?,13,Easy,QL-033,ES-003,CP-003
Count the digits in the product 459 x 562 x 253 x 356.,11,Easy,QL-034,ES-003,CP-003
Calculate the digit length of 372 x 269 x 578.,8,Medium,QL-039,ES-003,CP-003
The product 907 x 13 contains how many digits?,5,Easy,QL-036,ES-003,CP-003
What is the digit count of 54 x 948 x 845 x 742 x 639?,14,Medium,QL-033,ES-003,CP-003
How many digits are there in 287 x 184 x 81 x 975 x 872?,13,Easy,QL-029,ES-003,CP-003
Find the total digits in 258 x 361.,5,Medium,QL-032,ES-003,CP-003
Calculate the digit length of 358 x 255 x 564.,8,Hard,QL-039,ES-003,CP-003
Determine the total digit count of 676 x 779 x 470 x 573.,12,Easy,QL-038,ES-003,CP-003
Find how many digits are present in 357 x 254 x 151 x 48 x 769.,12,Medium,QL-037,ES-003,CP-003
Find the number of digits in the product 104 x 207.,5,Medium,QL-028,ES-003,CP-003
Identify the number of digits in 660 x 557 x 866.,9,Hard,QL-035,ES-003,CP-003
Count the digits in the product 583 x 686 x 377 x 480.,11,Easy,QL-034,ES-003,CP-003
What is the digit count of 642 x 539 x 436 x 333 x 230?,14,Medium,QL-033,ES-003,CP-003
Find the total digits in 781 x 884.,6,Medium,QL-032,ES-003,CP-003
Count the digits in the product 781 x 884 x 575 x 678.,12,Hard,QL-034,ES-003,CP-003
Calculate the digit length of 543 x 440 x 749.,9,Medium,QL-039,ES-003,CP-003
Find the number of digits in the product 313 x 416.,6,Easy,QL-028,ES-003,CP-003
What is the digit count of 810 x 707 x 604 x 501 x 225?,14,Medium,QL-033,ES-003,CP-003
Determine the total digit count of 481 x 584 x 275 x 378.,11,Medium,QL-038,ES-003,CP-003
Calculate the number of digits in 441 x 338 x 647.,8,Easy,QL-031,ES-003,CP-003
Find the total digits in 323 x 426.,6,Medium,QL-032,ES-003,CP-003
What is the digit count of 484 x 381 x 278 x 175 x 41?,12,Medium,QL-033,ES-003,CP-003
Determine the total digit count of 309 x 412 x 103 x 206.,10,Easy,QL-038,ES-003,CP-003
Identify the number of digits in 282 x 179 x 488.,8,Medium,QL-035,ES-003,CP-003
A number contains exactly 26 digits. What is the smallest such number?,10000000000000000000000000,Easy,QL-069,ES-004,CP-004
Identify the greatest 29-digit number.,99999999999999999999999999999,Medium,QL-074,ES-004,CP-004
Find the least number having 8 digits.,10000000,Easy,QL-071,ES-004,CP-004
Determine the largest 27-digit number.,999999999999999999999999999,Hard,QL-045,ES-004,CP-004
The smallest 6-digit number is:,100000,Easy,QL-065,ES-004,CP-004
Identify the greatest 1-digit number.,9,Easy,QL-074,ES-004,CP-004
Which is the smallest 28-digit number?,1000000000000000000000000000,Medium,QL-067,ES-004,CP-004
Calculate the largest 15-digit number.,999999999999999,Hard,QL-049,ES-004,CP-004
Identify the smallest 26-digit number.,10000000000000000000000000,Medium,QL-046,ES-004,CP-004
Identify the greatest 5-digit number.,99999,Medium,QL-074,ES-004,CP-004
What is the largest 37-digit number?,9999999999999999999999999999999999999,Easy,QL-043,ES-004,CP-004
What is the smallest 10-digit number?,1000000000,Medium,QL-042,ES-004,CP-004
Find the greatest number having 19 digits.,9999999999999999999,Easy,QL-072,ES-004,CP-004
Which is the smallest 24-digit number?,100000000000000000000000,Medium,QL-067,ES-004,CP-004
Identify the greatest 25-digit number.,9999999999999999999999999,Easy,QL-074,ES-004,CP-004
Identify the least 30-digit number.,100000000000000000000000000000,Medium,QL-073,ES-004,CP-004
Find the greatest number having 31 digits.,9999999999999999999999999999999,Easy,QL-072,ES-004,CP-004
Calculate the smallest 4-digit number.,1000,Medium,QL-048,ES-004,CP-004
Identify the largest 13-digit number.,9999999999999,Easy,QL-047,ES-004,CP-004
A number contains exactly 34 digits. What is the smallest such number?,1000000000000000000000000000000000,Hard,QL-069,ES-004,CP-004
Identify the least 26-digit number.,10000000000000000000000000,Hard,QL-073,ES-004,CP-004
Identify the largest 37-digit number.,9999999999999999999999999999999999999,Hard,QL-047,ES-004,CP-004
Calculate the smallest 8-digit number.,10000000,Medium,QL-048,ES-004,CP-004
Calculate the largest 19-digit number.,9999999999999999999,Hard,QL-049,ES-004,CP-004
A number contains exactly 6 digits. What is the smallest such number?,100000,Easy,QL-069,ES-004,CP-004
Identify the largest 17-digit number.,99999999999999999,Medium,QL-047,ES-004,CP-004
Find the least number having 12 digits.,100000000000,Hard,QL-071,ES-004,CP-004
Determine the largest 31-digit number.,9999999999999999999999999999999,Hard,QL-045,ES-004,CP-004
The smallest 2-digit number is:,10,Easy,QL-065,ES-004,CP-004
The largest 21-digit number is:,999999999999999999999,Easy,QL-066,ES-004,CP-004
Find the greatest number having 31 digits.,9999999999999999999999999999999,Easy,QL-072,ES-004,CP-004
Calculate the smallest 36-digit number.,100000000000000000000000000000000000,Easy,QL-048,ES-004,CP-004
A number contains exactly 17 digits. What is the largest such number?,99999999999999999,Hard,QL-070,ES-004,CP-004
Identify the smallest 30-digit number.,100000000000000000000000000000,Easy,QL-046,ES-004,CP-004
Find the greatest number having 27 digits.,999999999999999999999999999,Easy,QL-072,ES-004,CP-004
Determine the smallest 16-digit number.,1000000000000000,Hard,QL-044,ES-004,CP-004
Identify the greatest 37-digit number.,9999999999999999999999999999999999999,Easy,QL-074,ES-004,CP-004
Identify the smallest 34-digit number.,1000000000000000000000000000000000,Medium,QL-046,ES-004,CP-004
Find the greatest number having 31 digits.,9999999999999999999999999999999,Medium,QL-072,ES-004,CP-004
Find the least number having 28 digits.,1000000000000000000000000000,Medium,QL-071,ES-004,CP-004
Determine the smallest 4-digit number.,1000,Easy,QL-044,ES-004,CP-004
Find the largest 39-digit number.,999999999999999999999999999999999999999,Medium,QL-041,ES-004,CP-004
What is the smallest 22-digit number?,1000000000000000000000,Medium,QL-042,ES-004,CP-004
Identify the greatest 17-digit number.,99999999999999999,Hard,QL-074,ES-004,CP-004
Find the smallest 16-digit number.,1000000000000000,Medium,QL-040,ES-004,CP-004
Determine the largest 3-digit number.,999,Medium,QL-045,ES-004,CP-004
The smallest 34-digit number is:,1000000000000000000000000000000000,Medium,QL-065,ES-004,CP-004
What is the largest 21-digit number?,999999999999999999999,Hard,QL-043,ES-004,CP-004
Calculate the smallest 12-digit number.,100000000000,Medium,QL-048,ES-004,CP-004
Find the greatest number having 31 digits.,9999999999999999999999999999999,Medium,QL-072,ES-004,CP-004
The largest 1-digit number is:,9,Hard,QL-066,ES-004,CP-004
Identify the least 30-digit number.,100000000000000000000000000000,Easy,QL-073,ES-004,CP-004
Calculate the largest 15-digit number.,999999999999999,Easy,QL-049,ES-004,CP-004
Find the smallest 12-digit number.,100000000000,Easy,QL-040,ES-004,CP-004
Identify the largest 21-digit number.,999999999999999999999,Hard,QL-047,ES-004,CP-004
What is the smallest 10-digit number?,1000000000,Hard,QL-042,ES-004,CP-004
Which is the largest 3-digit number?,999,Easy,QL-068,ES-004,CP-004
Which is the smallest 32-digit number?,10000000000000000000000000000000,Medium,QL-067,ES-004,CP-004
Identify the largest 17-digit number.,99999999999999999,Easy,QL-047,ES-004,CP-004
The smallest 22-digit number is:,1000000000000000000000,Medium,QL-065,ES-004,CP-004
Identify the least 30-digit number.,100000000000000000000000000000,Easy,QL-073,ES-004,CP-004
Identify the largest 1-digit number.,9,Hard,QL-047,ES-004,CP-004
Which is the smallest 28-digit number?,1000000000000000000000000000,Easy,QL-067,ES-004,CP-004
Calculate the largest 7-digit number.,9999999,Easy,QL-049,ES-004,CP-004
What is the smallest 10-digit number?,1000000000,Medium,QL-042,ES-004,CP-004
The largest 21-digit number is:,999999999999999999999,Easy,QL-066,ES-004,CP-004
Find the least number having 8 digits.,10000000,Medium,QL-071,ES-004,CP-004
Calculate the largest 27-digit number.,999999999999999999999999999,Hard,QL-049,ES-004,CP-004
A number contains exactly 30 digits. What is the smallest such number?,100000000000000000000000000000,Easy,QL-069,ES-004,CP-004
The largest 25-digit number is:,9999999999999999999999999,Easy,QL-066,ES-004,CP-004
Which is the largest 27-digit number?,999999999999999999999999999,Medium,QL-068,ES-004,CP-004
Determine the smallest 8-digit number.,10000000,Medium,QL-044,ES-004,CP-004
Identify the largest 29-digit number.,99999999999999999999999999999,Easy,QL-047,ES-004,CP-004
What is the smallest 26-digit number?,10000000000000000000000000,Hard,QL-042,ES-004,CP-004
Find the greatest number having 15 digits.,999999999999999,Medium,QL-072,ES-004,CP-004
Find the smallest 28-digit number.,1000000000000000000000000000,Easy,QL-040,ES-004,CP-004
Identify the largest 1-digit number.,9,Hard,QL-047,ES-004,CP-004
Identify the least 6-digit number.,100000,Hard,QL-073,ES-004,CP-004
Which is the largest 3-digit number?,999,Easy,QL-068,ES-004,CP-004
Which is the smallest 16-digit number?,1000000000000000,Medium,QL-067,ES-004,CP-004
Which is the smallest 40-digit number?,1000000000000000000000000000000000000000,Medium,QL-067,ES-004,CP-004
Determine the largest 3-digit number.,999,Medium,QL-045,ES-004,CP-004
The smallest 10-digit number is:,1000000000,Easy,QL-065,ES-004,CP-004
What is the largest 37-digit number?,9999999999999999999999999999999999999,Medium,QL-043,ES-004,CP-004
Find the smallest 12-digit number.,100000000000,Easy,QL-040,ES-004,CP-004
Determine the largest 23-digit number.,99999999999999999999999,Easy,QL-045,ES-004,CP-004
Identify the smallest 14-digit number.,10000000000000,Hard,QL-046,ES-004,CP-004
What is the largest 9-digit number?,999999999,Hard,QL-043,ES-004,CP-004
Calculate the smallest 32-digit number.,10000000000000000000000000000000,Easy,QL-048,ES-004,CP-004
Find the largest 11-digit number.,99999999999,Medium,QL-041,ES-004,CP-004
What is the largest 29-digit number?,99999999999999999999999999999,Hard,QL-043,ES-004,CP-004
Identify the smallest 26-digit number.,10000000000000000000000000,Medium,QL-046,ES-004,CP-004
Find the largest 11-digit number.,99999999999,Medium,QL-041,ES-004,CP-004
Find the least number having 16 digits.,1000000000000000,Easy,QL-071,ES-004,CP-004
Identify the greatest 9-digit number.,999999999,Medium,QL-074,ES-004,CP-004
Identify the smallest 22-digit number.,1000000000000000000000,Easy,QL-046,ES-004,CP-004
Calculate the largest 39-digit number.,999999999999999999999999999999999999999,Easy,QL-049,ES-004,CP-004
Determine the smallest 4-digit number.,1000,Medium,QL-044,ES-004,CP-004
A number contains exactly 37 digits. What is the largest such number?,9999999999999999999999999999999999999,Medium,QL-070,ES-004,CP-004
Identify the least 34-digit number.,1000000000000000000000000000000000,Medium,QL-073,ES-004,CP-004
The largest 5-digit number is:,99999,Easy,QL-066,ES-004,CP-004
Identify the smallest 2-digit number.,10,Medium,QL-046,ES-004,CP-004
Which is the largest 3-digit number?,999,Easy,QL-068,ES-004,CP-004
Calculate the smallest 24-digit number.,100000000000000000000000,Easy,QL-048,ES-004,CP-004
The largest 17-digit number is:,99999999999999999,Medium,QL-066,ES-004,CP-004
Identify the least 22-digit number.,1000000000000000000000,Medium,QL-073,ES-004,CP-004
Find the greatest number having 31 digits.,9999999999999999999999999999999,Easy,QL-072,ES-004,CP-004
Determine the smallest 4-digit number.,1000,Hard,QL-044,ES-004,CP-004
The largest 21-digit number is:,999999999999999999999,Medium,QL-066,ES-004,CP-004
Identify the least 2-digit number.,10,Hard,QL-073,ES-004,CP-004
Find the least number having 32 digits.,10000000000000000000000000000000,Hard,QL-071,ES-004,CP-004
Find the largest 27-digit number.,999999999999999999999999999,Easy,QL-041,ES-004,CP-004
Identify the smallest 18-digit number.,100000000000000000,Easy,QL-046,ES-004,CP-004
What is the largest 21-digit number?,999999999999999999999,Medium,QL-043,ES-004,CP-004
Determine the smallest 36-digit number.,100000000000000000000000000000000000,Easy,QL-044,ES-004,CP-004
Calculate the largest 31-digit number.,9999999999999999999999999999999,Hard,QL-049,ES-004,CP-004
Identify the smallest 14-digit number.,10000000000000,Easy,QL-046,ES-004,CP-004
Identify the greatest 25-digit number.,9999999999999999999999999,Easy,QL-074,ES-004,CP-004
Determine the smallest 24-digit number.,100000000000000000000000,Easy,QL-044,ES-004,CP-004
Determine the largest 11-digit number.,99999999999,Medium,QL-045,ES-004,CP-004
Find the greatest number having 7 digits.,9999999,Easy,QL-072,ES-004,CP-004
Calculate the smallest 20-digit number.,10000000000000000000,Medium,QL-048,ES-004,CP-004
What is the largest 1-digit number?,9,Medium,QL-043,ES-004,CP-004
Identify the least 6-digit number.,100000,Medium,QL-073,ES-004,CP-004
Find the largest 35-digit number.,99999999999999999999999999999999999,Medium,QL-041,ES-004,CP-004
Find the least number having 40 digits.,1000000000000000000000000000000000000000,Easy,QL-071,ES-004,CP-004
Identify the largest 37-digit number.,9999999999999999999999999999999999999,Hard,QL-047,ES-004,CP-004
Identify the smallest 26-digit number.,10000000000000000000000000,Easy,QL-046,ES-004,CP-004
Find the largest 7-digit number.,9999999,Easy,QL-041,ES-004,CP-004
Calculate the smallest 4-digit number.,1000,Easy,QL-048,ES-004,CP-004
What is the smallest 10-digit number?,1000000000,Hard,QL-042,ES-004,CP-004
Identify the greatest 5-digit number.,99999,Easy,QL-074,ES-004,CP-004
Find the smallest 24-digit number.,100000000000000000000000,Easy,QL-040,ES-004,CP-004
Find the greatest number having 3 digits.,999,Hard,QL-072,ES-004,CP-004
A number contains exactly 14 digits. What is the smallest such number?,10000000000000,Easy,QL-069,ES-004,CP-004
Identify the largest 17-digit number.,99999999999999999,Hard,QL-047,ES-004,CP-004
Determine the smallest 20-digit number.,10000000000000000000,Easy,QL-044,ES-004,CP-004
Which is the largest 15-digit number?,999999999999999,Medium,QL-068,ES-004,CP-004
What is the smallest 18-digit number?,100000000000000000,Easy,QL-042,ES-004,CP-004
What is the largest 29-digit number?,99999999999999999999999999999,Medium,QL-043,ES-004,CP-004
The largest 1-digit number is:,9,Easy,QL-066,ES-004,CP-004
Identify the least 38-digit number.,10000000000000000000000000000000000000,Easy,QL-073,ES-004,CP-004
Which is the largest 39-digit number?,999999999999999999999999999999999999999,Medium,QL-068,ES-004,CP-004
Determine the smallest 4-digit number.,1000,Easy,QL-044,ES-004,CP-004
What is the largest 29-digit number?,99999999999999999999999999999,Easy,QL-043,ES-004,CP-004
What is the smallest 34-digit number?,1000000000000000000000000000000000,Hard,QL-042,ES-004,CP-004
Find the greatest number having 27 digits.,999999999999999999999999999,Hard,QL-072,ES-004,CP-004
Determine the smallest 8-digit number.,10000000,Easy,QL-044,ES-004,CP-004
Identify the greatest 33-digit number.,999999999999999999999999999999999,Medium,QL-074,ES-004,CP-004
Identify the smallest 30-digit number.,100000000000000000000000000000,Medium,QL-046,ES-004,CP-004
Determine the smallest 28-digit number.,1000000000000000000000000000,Medium,QL-044,ES-004,CP-004
Find the largest 31-digit number.,9999999999999999999999999999999,Easy,QL-041,ES-004,CP-004
What is the smallest 38-digit number?,10000000000000000000000000000000000000,Medium,QL-042,ES-004,CP-004
A number contains exactly 25 digits. What is the largest such number?,9999999999999999999999999,Medium,QL-070,ES-004,CP-004
Determine the smallest 8-digit number.,10000000,Easy,QL-044,ES-004,CP-004
Find the greatest number having 27 digits.,999999999999999999999999999,Medium,QL-072,ES-004,CP-004
Identify the smallest 18-digit number.,100000000000000000,Easy,QL-046,ES-004,CP-004
Identify the greatest 5-digit number.,99999,Medium,QL-074,ES-004,CP-004
Which is the smallest 36-digit number?,100000000000000000000000000000000000,Hard,QL-067,ES-004,CP-004
Find the largest 31-digit number.,9999999999999999999999999999999,Hard,QL-041,ES-004,CP-004
Determine the largest 19-digit number.,9999999999999999999,Medium,QL-045,ES-004,CP-004
Find the smallest 32-digit number.,10000000000000000000000000000000,Medium,QL-040,ES-004,CP-004
A number contains exactly 21 digits. What is the largest such number?,999999999999999999999,Hard,QL-070,ES-004,CP-004
A number contains exactly 26 digits. What is the smallest such number?,10000000000000000000000000,Easy,QL-069,ES-004,CP-004
Find the largest 31-digit number.,9999999999999999999999999999999,Easy,QL-041,ES-004,CP-004
Find the least number having 12 digits.,100000000000,Medium,QL-071,ES-004,CP-004
The largest 33-digit number is:,999999999999999999999999999999999,Hard,QL-066,ES-004,CP-004
The smallest 38-digit number is:,10000000000000000000000000000000000000,Easy,QL-065,ES-004,CP-004
Find the greatest number having 19 digits.,9999999999999999999,Medium,QL-072,ES-004,CP-004
Which is the smallest 8-digit number?,10000000,Easy,QL-067,ES-004,CP-004
Identify the smallest 22-digit number.,1000000000000000000000,Medium,QL-046,ES-004,CP-004
What is the largest 33-digit number?,999999999999999999999999999999999,Medium,QL-043,ES-004,CP-004
Calculate the smallest 20-digit number.,10000000000000000000,Easy,QL-048,ES-004,CP-004
Find the largest 15-digit number.,999999999999999,Easy,QL-041,ES-004,CP-004
The smallest 10-digit number is:,1000000000,Easy,QL-065,ES-004,CP-004
Identify the largest 37-digit number.,9999999999999999999999999999999999999,Medium,QL-047,ES-004,CP-004
Determine the smallest 32-digit number.,10000000000000000000000000000000,Easy,QL-044,ES-004,CP-004
Calculate the largest 19-digit number.,9999999999999999999,Easy,QL-049,ES-004,CP-004
Identify the least 14-digit number.,10000000000000,Medium,QL-073,ES-004,CP-004
A number contains exactly 25 digits. What is the largest such number?,9999999999999999999999999,Easy,QL-070,ES-004,CP-004
The largest 13-digit number is:,9999999999999,Hard,QL-066,ES-004,CP-004
What is the smallest 2-digit number?,10,Medium,QL-042,ES-004,CP-004
Calculate the largest 3-digit number.,999,Medium,QL-049,ES-004,CP-004
Find the least number having 24 digits.,100000000000000000000000,Easy,QL-071,ES-004,CP-004
Identify the largest 33-digit number.,999999999999999999999999999999999,Medium,QL-047,ES-004,CP-004
Identify the least 6-digit number.,100000,Hard,QL-073,ES-004,CP-004
Calculate the largest 39-digit number.,999999999999999999999999999999999999999,Medium,QL-049,ES-004,CP-004
Which is the smallest 20-digit number?,10000000000000000000,Hard,QL-067,ES-004,CP-004
The largest 5-digit number is:,99999,Medium,QL-066,ES-004,CP-004
Identify the least 18-digit number.,100000000000000000,Easy,QL-073,ES-004,CP-004
Which is the smallest 16-digit number?,1000000000000000,Easy,QL-067,ES-004,CP-004
Find the greatest number having 11 digits.,99999999999,Medium,QL-072,ES-004,CP-004
What is the smallest 2-digit number?,10,Easy,QL-042,ES-004,CP-004
What is the largest 13-digit number?,9999999999999,Hard,QL-043,ES-004,CP-004
Calculate the smallest 36-digit number.,100000000000000000000000000000000000,Medium,QL-048,ES-004,CP-004
Find the greatest number having 23 digits.,99999999999999999999999,Hard,QL-072,ES-004,CP-004
Identify the least 22-digit number.,1000000000000000000000,Easy,QL-073,ES-004,CP-004
Identify the greatest 17-digit number.,99999999999999999,Medium,QL-074,ES-004,CP-004
Determine the smallest 8-digit number.,10000000,Medium,QL-044,ES-004,CP-004
Which is the largest 3-digit number?,999,Easy,QL-068,ES-004,CP-004
Find the least number having 32 digits.,10000000000000000000000000000000,Easy,QL-071,ES-004,CP-004
Calculate the largest 11-digit number.,99999999999,Medium,QL-049,ES-004,CP-004
What is the smallest 10-digit number?,1000000000,Medium,QL-042,ES-004,CP-004
The largest 21-digit number is:,999999999999999999999,Easy,QL-066,ES-004,CP-004
Which is the smallest 28-digit number?,1000000000000000000000000000,Hard,QL-067,ES-004,CP-004
Calculate the largest 7-digit number.,9999999,Hard,QL-049,ES-004,CP-004
Identify the least 14-digit number.,10000000000000,Easy,QL-073,ES-004,CP-004
What is the largest 1-digit number?,9,Medium,QL-043,ES-004,CP-004
Find the smallest 16-digit number.,1000000000000000,Medium,QL-040,ES-004,CP-004
Which is the largest 19-digit number?,9999999999999999999,Medium,QL-068,ES-004,CP-004
What is the largest 13-digit number?,9999999999999,Medium,QL-043,ES-004,CP-004
Identify the smallest 10-digit number.,1000000000,Medium,QL-046,ES-004,CP-004
Which is the largest 35-digit number?,99999999999999999999999999999999999,Hard,QL-068,ES-004,CP-004
Calculate the smallest 24-digit number.,100000000000000000000000,Hard,QL-048,ES-004,CP-004
Identify the largest 9-digit number.,999999999,Easy,QL-047,ES-004,CP-004
What is the smallest 22-digit number?,1000000000000000000000,Easy,QL-042,ES-004,CP-004
Find the largest 31-digit number.,9999999999999999999999999999999,Easy,QL-041,ES-004,CP-004
Determine the smallest 28-digit number.,1000000000000000000000000000,Medium,QL-044,ES-004,CP-004
The largest 5-digit number is:,99999,Hard,QL-066,ES-004,CP-004
A number contains exactly 2 digits. What is the smallest such number?,10,Medium,QL-069,ES-004,CP-004
Identify the least 2-digit number.,10,Easy,QL-073,ES-004,CP-004
Identify the greatest 37-digit number.,9999999999999999999999999999999999999,Medium,QL-074,ES-004,CP-004
Find the least number having 24 digits.,100000000000000000000000,Easy,QL-071,ES-004,CP-004
Calculate the largest 27-digit number.,999999999999999999999999999,Medium,QL-049,ES-004,CP-004
Identify the least 30-digit number.,100000000000000000000000000000,Medium,QL-073,ES-004,CP-004
A number contains exactly 17 digits. What is the largest such number?,99999999999999999,Medium,QL-070,ES-004,CP-004
Find the smallest 28-digit number.,1000000000000000000000000000,Medium,QL-040,ES-004,CP-004
Find the greatest number having 39 digits.,999999999999999999999999999999999999999,Easy,QL-072,ES-004,CP-004
Identify the least 18-digit number.,100000000000000000,Hard,QL-073,ES-004,CP-004
A number contains exactly 29 digits. What is the largest such number?,99999999999999999999999999999,Easy,QL-070,ES-004,CP-004
Find the greatest number having 15 digits.,999999999999999,Easy,QL-072,ES-004,CP-004
Determine the smallest 28-digit number.,1000000000000000000000000000,Easy,QL-044,ES-004,CP-004
Identify the greatest 25-digit number.,9999999999999999999999999,Medium,QL-074,ES-004,CP-004
The smallest 38-digit number is:,10000000000000000000000000000000000000,Easy,QL-065,ES-004,CP-004
Calculate the largest 11-digit number.,99999999999,Easy,QL-049,ES-004,CP-004
Find the smallest 16-digit number.,1000000000000000,Medium,QL-040,ES-004,CP-004
What is the largest 37-digit number?,9999999999999999999999999999999999999,Hard,QL-043,ES-004,CP-004
A number contains exactly 18 digits. What is the smallest such number?,100000000000000000,Medium,QL-069,ES-004,CP-004
Which is the largest 31-digit number?,9999999999999999999999999999999,Easy,QL-068,ES-004,CP-004
Determine the smallest 4-digit number.,1000,Medium,QL-044,ES-004,CP-004
Calculate the smallest 20-digit number.,10000000000000000000,Easy,QL-048,ES-004,CP-004
Find the greatest number having 15 digits.,999999999999999,Hard,QL-072,ES-004,CP-004
The smallest 14-digit number is:,10000000000000,Hard,QL-065,ES-004,CP-004
A number contains exactly 1 digits. What is the largest such number?,9,Medium,QL-070,ES-004,CP-004
Determine the smallest 40-digit number.,1000000000000000000000000000000000000000,Medium,QL-044,ES-004,CP-004
Find the greatest number having 11 digits.,99999999999,Easy,QL-072,ES-004,CP-004
Identify the smallest 18-digit number.,100000000000000000,Medium,QL-046,ES-004,CP-004
Identify the greatest 21-digit number.,999999999999999999999,Easy,QL-074,ES-004,CP-004
Find the smallest 12-digit number.,100000000000,Medium,QL-040,ES-004,CP-004
Find the greatest number having 39 digits.,999999999999999999999999999999999999999,Medium,QL-072,ES-004,CP-004
A number contains exactly 1 digits. What is the largest such number?,9,Medium,QL-070,ES-004,CP-004
What is the smallest 14-digit number?,10000000000000,Hard,QL-042,ES-004,CP-004
Find the largest 39-digit number.,999999999999999999999999999999999999999,Medium,QL-041,ES-004,CP-004
Determine the smallest 12-digit number.,100000000000,Medium,QL-044,ES-004,CP-004
Identify the greatest 21-digit number.,999999999999999999999,Medium,QL-074,ES-004,CP-004
What is the smallest 26-digit number?,10000000000000000000000000,Easy,QL-042,ES-004,CP-004
Calculate the largest 11-digit number.,99999999999,Medium,QL-049,ES-004,CP-004
Find the least number having 8 digits.,10000000,Easy,QL-071,ES-004,CP-004
Identify the largest 25-digit number.,9999999999999999999999999,Easy,QL-047,ES-004,CP-004
A number contains exactly 22 digits. What is the smallest such number?,1000000000000000000000,Easy,QL-069,ES-004,CP-004
Identify the smallest 38-digit number.,10000000000000000000000000000000000000,Easy,QL-046,ES-004,CP-004
The largest 9-digit number is:,999999999,Hard,QL-066,ES-004,CP-004
Determine the smallest 20-digit number.,10000000000000000000,Medium,QL-044,ES-004,CP-004
Which is the largest 39-digit number?,999999999999999999999999999999999999999,Easy,QL-068,ES-004,CP-004
Identify the smallest 26-digit number.,10000000000000000000000000,Easy,QL-046,ES-004,CP-004
A number contains exactly 5 digits. What is the largest such number?,99999,Easy,QL-070,ES-004,CP-004
Find the smallest 16-digit number.,1000000000000000,Medium,QL-040,ES-004,CP-004
Find the largest 3-digit number.,999,Easy,QL-041,ES-004,CP-004
Identify the smallest 6-digit number.,100000,Hard,QL-046,ES-004,CP-004
Identify the greatest 1-digit number.,9,Easy,QL-074,ES-004,CP-004
Which is the largest 3-digit number?,999,Medium,QL-068,ES-004,CP-004
Calculate the smallest 32-digit number.,10000000000000000000000000000000,Easy,QL-048,ES-004,CP-004
Identify the largest 5-digit number.,99999,Medium,QL-047,ES-004,CP-004
Identify the least 10-digit number.,1000000000,Medium,QL-073,ES-004,CP-004
Determine the largest 39-digit number.,999999999999999999999999999999999999999,Hard,QL-045,ES-004,CP-004
Find the least number having 36 digits.,100000000000000000000000000000000000,Hard,QL-071,ES-004,CP-004
Identify the largest 25-digit number.,9999999999999999999999999,Medium,QL-047,ES-004,CP-004
A number contains exactly 30 digits. What is the smallest such number?,100000000000000000000000000000,Easy,QL-069,ES-004,CP-004
Find the largest 27-digit number.,999999999999999999999999999,Medium,QL-041,ES-004,CP-004
Find the least number having 40 digits.,1000000000000000000000000000000000000000,Medium,QL-071,ES-004,CP-004
Calculate the smallest 32-digit number.,10000000000000000000000000000000,Medium,QL-048,ES-004,CP-004
Which is the largest 11-digit number?,99999999999,Medium,QL-068,ES-004,CP-004
What is the smallest 10-digit number?,1000000000,Medium,QL-042,ES-004,CP-004
The largest 13-digit number is:,9999999999999,Easy,QL-066,ES-004,CP-004
Determine the smallest 12-digit number.,100000000000,Easy,QL-044,ES-004,CP-004
Find the greatest number having 39 digits.,999999999999999999999999999999999999999,Easy,QL-072,ES-004,CP-004
Identify the least 30-digit number.,100000000000000000000000000000,Medium,QL-073,ES-004,CP-004
The largest 25-digit number is:,9999999999999999999999999,Hard,QL-066,ES-004,CP-004
Which is the smallest 40-digit number?,1000000000000000000000000000000000000000,Medium,QL-067,ES-004,CP-004
Which is the largest 27-digit number?,999999999999999999999999999,Hard,QL-068,ES-004,CP-004
Identify the largest 29-digit number.,99999999999999999999999999999,Medium,QL-047,ES-004,CP-004
The smallest 2-digit number is:,10,Medium,QL-065,ES-004,CP-004
Determine the largest 27-digit number.,999999999999999999999999999,Easy,QL-045,ES-004,CP-004
Determine the smallest 40-digit number.,1000000000000000000000000000000000000000,Easy,QL-044,ES-004,CP-004
Identify the greatest 1-digit number.,9,Medium,QL-074,ES-004,CP-004
Identify the smallest 30-digit number.,100000000000000000000000000000,Medium,QL-046,ES-004,CP-004
Find the largest 23-digit number.,99999999999999999999999,Easy,QL-041,ES-004,CP-004
Calculate the smallest 28-digit number.,1000000000000000000000000000,Easy,QL-048,ES-004,CP-004
Identify the greatest 13-digit number.,9999999999999,Medium,QL-074,ES-004,CP-004
What is the smallest 26-digit number?,10000000000000000000000000,Easy,QL-042,ES-004,CP-004
Determine the largest 11-digit number.,99999999999,Easy,QL-045,ES-004,CP-004
Find the smallest 16-digit number.,1000000000000000,Medium,QL-040,ES-004,CP-004
Identify the largest 5-digit number.,99999,Easy,QL-047,ES-004,CP-004
The smallest 26-digit number is:,10000000000000000000000000,Hard,QL-065,ES-004,CP-004
Which is the largest 15-digit number?,999999999999999,Medium,QL-068,ES-004,CP-004
Calculate the smallest 20-digit number.,10000000000000000000,Hard,QL-048,ES-004,CP-004
What is the largest 9-digit number?,999999999,Easy,QL-043,ES-004,CP-004
The smallest 22-digit number is:,1000000000000000000000,Medium,QL-065,ES-004,CP-004
Calculate the largest 35-digit number.,99999999999999999999999999999999999,Easy,QL-049,ES-004,CP-004
Determine the smallest 8-digit number.,10000000,Easy,QL-044,ES-004,CP-004
What is the smallest 30-digit number?,100000000000000000000000000000,Easy,QL-042,ES-004,CP-004
What is the largest 25-digit number?,9999999999999999999999999,Medium,QL-043,ES-004,CP-004
Which is the smallest 4-digit number?,1000,Easy,QL-067,ES-004,CP-004
Find the largest 31-digit number.,9999999999999999999999999999999,Medium,QL-041,ES-004,CP-004
Identify the smallest 10-digit number.,1000000000,Easy,QL-046,ES-004,CP-004
Identify the largest 21-digit number.,999999999999999999999,Medium,QL-047,ES-004,CP-004
Find the least number having 24 digits.,100000000000000000000000,Hard,QL-071,ES-004,CP-004
Determine the largest 19-digit number.,9999999999999999999,Medium,QL-045,ES-004,CP-004
A number contains exactly 38 digits. What is the smallest such number?,10000000000000000000000000000000000000,Hard,QL-069,ES-004,CP-004
Identify the largest 25-digit number.,9999999999999999999999999,Easy,QL-047,ES-004,CP-004
What is the largest 1-digit number?,9,Easy,QL-043,ES-004,CP-004
The smallest 6-digit number is:,100000,Easy,QL-065,ES-004,CP-004
Determine the largest 39-digit number.,999999999999999999999999999999999999999,Hard,QL-045,ES-004,CP-004
Which is the smallest 4-digit number?,1000,Medium,QL-067,ES-004,CP-004
The largest 5-digit number is:,99999,Easy,QL-066,ES-004,CP-004
A number contains exactly 18 digits. What is the smallest such number?,100000000000000000,Easy,QL-069,ES-004,CP-004
Calculate the largest 3-digit number.,999,Hard,QL-049,ES-004,CP-004
Calculate the smallest 40-digit number.,1000000000000000000000000000000000000000,Hard,QL-048,ES-004,CP-004
Identify the greatest 33-digit number.,999999999999999999999999999999999,Medium,QL-074,ES-004,CP-004
What is the smallest 38-digit number?,10000000000000000000000000000000000000,Medium,QL-042,ES-004,CP-004
Calculate the smallest 28-digit number.,1000000000000000000000000000,Medium,QL-048,ES-004,CP-004
Find the largest 15-digit number.,999999999999999,Hard,QL-041,ES-004,CP-004
What is the smallest 6-digit number?,100000,Easy,QL-042,ES-004,CP-004
A number contains exactly 25 digits. What is the largest such number?,9999999999999999999999999,Easy,QL-070,ES-004,CP-004
Which is the smallest 8-digit number?,10000000,Easy,QL-067,ES-004,CP-004
Find the greatest number having 27 digits.,999999999999999999999999999,Easy,QL-072,ES-004,CP-004
Identify the smallest 26-digit number.,10000000000000000000000000,Easy,QL-046,ES-004,CP-004
A number contains exactly 29 digits. What is the largest such number?,99999999999999999999999999999,Hard,QL-070,ES-004,CP-004
Find the smallest 20-digit number.,10000000000000000000,Hard,QL-040,ES-004,CP-004
Calculate the largest 39-digit number.,999999999999999999999999999999999999999,Medium,QL-049,ES-004,CP-004
Calculate the largest 15-digit number.,999999999999999,Medium,QL-049,ES-004,CP-004
Find the smallest 12-digit number.,100000000000,Medium,QL-040,ES-004,CP-004
The largest 1-digit number is:,9,Easy,QL-066,ES-004,CP-004
Identify the least 30-digit number.,100000000000000000000000000000,Medium,QL-073,ES-004,CP-004
Find the greatest number having 19 digits.,9999999999999999999,Easy,QL-072,ES-004,CP-004
Find the least number having 8 digits.,10000000,Hard,QL-071,ES-004,CP-004
The largest 21-digit number is:,999999999999999999999,Easy,QL-066,ES-004,CP-004
What is the smallest 10-digit number?,1000000000,Easy,QL-042,ES-004,CP-004
Find the largest 31-digit number.,9999999999999999999999999999999,Hard,QL-041,ES-004,CP-004
Find the least number having 12 digits.,100000000000,Easy,QL-071,ES-004,CP-004
The smallest 34-digit number is:,1000000000000000000000000000000000,Easy,QL-065,ES-004,CP-004
Identify the largest 21-digit number.,999999999999999999999,Easy,QL-047,ES-004,CP-004
Determine the smallest 16-digit number.,1000000000000000,Hard,QL-044,ES-004,CP-004
Calculate the largest 19-digit number.,9999999999999999999,Hard,QL-049,ES-004,CP-004
Identify the smallest 22-digit number.,1000000000000000000000,Easy,QL-046,ES-004,CP-004
What is the largest 17-digit number?,99999999999999999,Easy,QL-043,ES-004,CP-004
Calculate the smallest 20-digit number.,10000000000000000000,Medium,QL-048,ES-004,CP-004
Determine the largest 15-digit number.,999999999999999,Hard,QL-045,ES-004,CP-004
What is the smallest 18-digit number?,100000000000000000,Medium,QL-042,ES-004,CP-004
Identify the greatest 29-digit number.,99999999999999999999999999999,Easy,QL-074,ES-004,CP-004
What is the largest 29-digit number?,99999999999999999999999999999,Hard,QL-043,ES-004,CP-004
What is the smallest 18-digit number?,100000000000000000,Medium,QL-042,ES-004,CP-004
Find the largest 27-digit number.,999999999999999999999999999,Medium,QL-041,ES-004,CP-004
Determine the smallest 8-digit number.,10000000,Easy,QL-044,ES-004,CP-004
The largest 1-digit number is:,9,Medium,QL-066,ES-004,CP-004
Identify the least 38-digit number.,10000000000000000000000000000000000000,Hard,QL-073,ES-004,CP-004
Which is the largest 39-digit number?,999999999999999999999999999999999999999,Easy,QL-068,ES-004,CP-004
Determine the smallest 4-digit number.,1000,Hard,QL-044,ES-004,CP-004
What is the largest 37-digit number?,9999999999999999999999999999999999999,Easy,QL-043,ES-004,CP-004
Identify the smallest 2-digit number.,10,Medium,QL-046,ES-004,CP-004
Determine the smallest 8-digit number.,10000000,Hard,QL-044,ES-004,CP-004
Find the greatest number having 27 digits.,999999999999999999999999999,Easy,QL-072,ES-004,CP-004
Identify the smallest 18-digit number.,100000000000000000,Hard,QL-046,ES-004,CP-004
Identify the greatest 5-digit number.,99999,Easy,QL-074,ES-004,CP-004
Determine the smallest 28-digit number.,1000000000000000000000000000,Easy,QL-044,ES-004,CP-004
Find the largest 15-digit number.,999999999999999,Easy,QL-041,ES-004,CP-004
What is the smallest 22-digit number?,1000000000000000000000,Easy,QL-042,ES-004,CP-004
A number contains exactly 25 digits. What is the largest such number?,9999999999999999999999999,Easy,QL-070,ES-004,CP-004
Calculate the smallest 16-digit number.,1000000000000000,Easy,QL-048,ES-004,CP-004
Determine the largest 27-digit number.,999999999999999999999999999,Medium,QL-045,ES-004,CP-004
Find the largest 27-digit number.,999999999999999999999999999,Medium,QL-041,ES-004,CP-004
Find the smallest 40-digit number.,1000000000000000000000000000000000000000,Easy,QL-040,ES-004,CP-004
A number contains exactly 29 digits. What is the largest such number?,99999999999999999999999999999,Medium,QL-070,ES-004,CP-004
What is the smallest 10-digit number?,1000000000,Medium,QL-042,ES-004,CP-004
Calculate the largest 23-digit number.,99999999999999999999999,Medium,QL-049,ES-004,CP-004
Find the smallest 4-digit number.,1000,Hard,QL-040,ES-004,CP-004
The largest 33-digit number is:,999999999999999999999999999999999,Easy,QL-066,ES-004,CP-004
What is the smallest 22-digit number?,1000000000000000000000,Medium,QL-042,ES-004,CP-004
Find the largest 11-digit number.,99999999999,Easy,QL-041,ES-004,CP-004
Which is the smallest 32-digit number?,10000000000000000000000000000000,Easy,QL-067,ES-004,CP-004
A number contains exactly 6 digits. What is the smallest such number?,100000,Medium,QL-069,ES-004,CP-004
What is the largest 33-digit number?,999999999999999999999999999999999,Easy,QL-043,ES-004,CP-004
Calculate the smallest 4-digit number.,1000,Hard,QL-048,ES-004,CP-004
Which is the largest 39-digit number?,999999999999999999999999999999999999999,Medium,QL-068,ES-004,CP-004
The smallest 26-digit number is:,10000000000000000000000000,Hard,QL-065,ES-004,CP-004
Identify the largest 29-digit number.,99999999999999999999999999999,Easy,QL-047,ES-004,CP-004
Find the smallest 40-digit number.,1000000000000000000000000000000000000000,Medium,QL-040,ES-004,CP-004
Calculate the largest 35-digit number.,99999999999999999999999999999999999,Easy,QL-049,ES-004,CP-004
What is the smallest 6-digit number?,100000,Medium,QL-042,ES-004,CP-004
Identify the largest 33-digit number.,999999999999999999999999999999999,Medium,QL-047,ES-004,CP-004
Identify the smallest 14-digit number.,10000000000000,Medium,QL-046,ES-004,CP-004
A number contains exactly 1 digits. What is the largest such number?,9,Medium,QL-070,ES-004,CP-004
Determine the smallest 4-digit number.,1000,Medium,QL-044,ES-004,CP-004
Determine the largest 7-digit number.,9999999,Easy,QL-045,ES-004,CP-004
The smallest 34-digit number is:,1000000000000000000000000000000000,Easy,QL-065,ES-004,CP-004
What is the largest 21-digit number?,999999999999999999999,Medium,QL-043,ES-004,CP-004
Determine the smallest 24-digit number.,100000000000000000000000,Easy,QL-044,ES-004,CP-004
Find the largest 3-digit number.,999,Medium,QL-041,ES-004,CP-004
A number contains exactly 6 digits. What is the smallest such number?,100000,Hard,QL-069,ES-004,CP-004
What is the largest 33-digit number?,999999999999999999999999999999999,Medium,QL-043,ES-004,CP-004
Calculate the largest 27-digit number.,999999999999999999999999999,Hard,QL-049,ES-004,CP-004
Find the smallest 32-digit number.,10000000000000000000000000000000,Easy,QL-040,ES-004,CP-004
What is the largest 13-digit number?,9999999999999,Medium,QL-043,ES-004,CP-004
The smallest 34-digit number is:,1000000000000000000000000000000000,Easy,QL-065,ES-004,CP-004
Which is the largest 31-digit number?,9999999999999999999999999999999,Hard,QL-068,ES-004,CP-004
Determine the smallest 4-digit number.,1000,Hard,QL-044,ES-004,CP-004
Identify the greatest 1-digit number.,9,Easy,QL-074,ES-004,CP-004
Identify the smallest 14-digit number.,10000000000000,Hard,QL-046,ES-004,CP-004
Which is the largest 35-digit number?,99999999999999999999999999999999999,Medium,QL-068,ES-004,CP-004
Calculate the smallest 40-digit number.,1000000000000000000000000000000000000000,Hard,QL-048,ES-004,CP-004
Determine the smallest 4-digit number.,1000,Hard,QL-044,ES-004,CP-004
Calculate the largest 39-digit number.,999999999999999999999999999999999999999,Hard,QL-049,ES-004,CP-004
The smallest 30-digit number is:,100000000000000000000000000000,Medium,QL-065,ES-004,CP-004
Identify the largest 25-digit number.,9999999999999999999999999,Medium,QL-047,ES-004,CP-004
Find the least number having 32 digits.,10000000000000000000000000000000,Easy,QL-071,ES-004,CP-004
Which is the largest 35-digit number?,99999999999999999999999999999999999,Easy,QL-068,ES-004,CP-004
A number contains exactly 2 digits. What is the smallest such number?,10,Hard,QL-069,ES-004,CP-004
Identify the largest 29-digit number.,99999999999999999999999999999,Easy,QL-047,ES-004,CP-004
Calculate the smallest 4-digit number.,1000,Medium,QL-048,ES-004,CP-004
Determine the largest 23-digit number.,99999999999999999999999,Medium,QL-045,ES-004,CP-004
What is the largest 25-digit number?,9999999999999999999999999,Medium,QL-043,ES-004,CP-004
A number contains exactly 14 digits. What is the smallest such number?,10000000000000,Easy,QL-069,ES-004,CP-004
Which is the largest 31-digit number?,9999999999999999999999999999999,Hard,QL-068,ES-004,CP-004
Calculate the smallest 36-digit number.,100000000000000000000000000000000000,Easy,QL-048,ES-004,CP-004
Identify the largest 21-digit number.,999999999999999999999,Medium,QL-047,ES-004,CP-004
The smallest 18-digit number is:,100000000000000000,Easy,QL-065,ES-004,CP-004
Determine the largest 27-digit number.,999999999999999999999999999,Medium,QL-045,ES-004,CP-004
Find the smallest 32-digit number.,10000000000000000000000000000000,Hard,QL-040,ES-004,CP-004
Identify the largest 25-digit number.,9999999999999999999999999,Medium,QL-047,ES-004,CP-004
Identify the least 38-digit number.,10000000000000000000000000000000000000,Hard,QL-073,ES-004,CP-004
The smallest 34-digit number is:,1000000000000000000000000000000000,Easy,QL-065,ES-004,CP-004
Identify the largest 37-digit number.,9999999999999999999999999999999999999,Medium,QL-047,ES-004,CP-004
Find the smallest 8-digit number.,10000000,Hard,QL-040,ES-004,CP-004
Determine the largest 3-digit number.,999,Easy,QL-045,ES-004,CP-004
The smallest 30-digit number is:,100000000000000000000000000000,Hard,QL-065,ES-004,CP-004
What is the largest 1-digit number?,9,Easy,QL-043,ES-004,CP-004
Calculate the smallest 12-digit number.,100000000000,Easy,QL-048,ES-004,CP-004
Which is the largest 7-digit number?,9999999,Hard,QL-068,ES-004,CP-004
What is the smallest 2-digit number?,10,Easy,QL-042,ES-004,CP-004
A number contains exactly 5 digits. What is the largest such number?,99999,Easy,QL-070,ES-004,CP-004
Find the largest 7-digit number.,9999999,Easy,QL-041,ES-004,CP-004
Determine the smallest 20-digit number.,10000000000000000000,Hard,QL-044,ES-004,CP-004
A number contains exactly 33 digits. What is the largest such number?,999999999999999999999999999999999,Medium,QL-070,ES-004,CP-004
What is the smallest 38-digit number?,10000000000000000000000000000000000000,Medium,QL-042,ES-004,CP-004
Find the greatest number having 19 digits.,9999999999999999999,Easy,QL-072,ES-004,CP-004
Which is the smallest 40-digit number?,1000000000000000000000000000000000000000,Easy,QL-067,ES-004,CP-004
A number contains exactly 21 digits. What is the largest such number?,999999999999999999999,Easy,QL-070,ES-004,CP-004
Identify the smallest 18-digit number.,100000000000000000,Medium,QL-046,ES-004,CP-004
Calculate the largest 31-digit number.,9999999999999999999999999999999,Medium,QL-049,ES-004,CP-004
Find the smallest 12-digit number.,100000000000,Easy,QL-040,ES-004,CP-004
Find the smallest 16-digit number.,1000000000000000,Easy,QL-040,ES-004,CP-004
Find the largest 11-digit number.,99999999999,Medium,QL-041,ES-004,CP-004
Identify the smallest 34-digit number.,1000000000000000000000000000000000,Hard,QL-046,ES-004,CP-004
What is the largest 21-digit number?,999999999999999999999,Medium,QL-043,ES-004,CP-004
Which is the smallest 4-digit number?,1000,Easy,QL-067,ES-004,CP-004
Find the largest 23-digit number.,99999999999999999999999,Medium,QL-041,ES-004,CP-004
Identify the least 30-digit number.,100000000000000000000000000000,Medium,QL-073,ES-004,CP-004
Identify the greatest 1-digit number.,9,Easy,QL-074,ES-004,CP-004
Determine the smallest 32-digit number.,10000000000000000000000000000000,Easy,QL-044,ES-004,CP-004
Calculate the largest 35-digit number.,99999999999999999999999999999999999,Easy,QL-049,ES-004,CP-004
A number contains exactly 37 digits. What is the largest such number?,9999999999999999999999999999999999999,Hard,QL-070,ES-004,CP-004
Identify the least 2-digit number.,10,Hard,QL-073,ES-004,CP-004
Calculate the largest 35-digit number.,99999999999999999999999999999999999,Medium,QL-049,ES-004,CP-004
Determine the smallest 32-digit number.,10000000000000000000000000000000,Medium,QL-044,ES-004,CP-004
The largest 9-digit number is:,999999999,Hard,QL-066,ES-004,CP-004
A number contains exactly 14 digits. What is the smallest such number?,10000000000000,Easy,QL-069,ES-004,CP-004
Find the largest 7-digit number.,9999999,Easy,QL-041,ES-004,CP-004
Find the least number having 28 digits.,1000000000000000000000000000,Medium,QL-071,ES-004,CP-004
The largest 37-digit number is:,9999999999999999999999999999999999999,Medium,QL-066,ES-004,CP-004
Identify the smallest 2-digit number.,10,Medium,QL-046,ES-004,CP-004
The smallest 38-digit number is:,10000000000000000000000000000000000000,Hard,QL-065,ES-004,CP-004
Identify the greatest 25-digit number.,9999999999999999999999999,Easy,QL-074,ES-004,CP-004
Calculate the smallest 28-digit number.,1000000000000000000000000000,Hard,QL-048,ES-004,CP-004
Find the greatest number having 15 digits.,999999999999999,Hard,QL-072,ES-004,CP-004
A number contains exactly 18 digits. What is the smallest such number?,100000000000000000,Medium,QL-069,ES-004,CP-004
Identify the largest 13-digit number.,9999999999999,Medium,QL-047,ES-004,CP-004
Determine the smallest 16-digit number.,1000000000000000,Easy,QL-044,ES-004,CP-004
Calculate the largest 11-digit number.,99999999999,Easy,QL-049,ES-004,CP-004
Identify the least 30-digit number.,100000000000000000000000000000,Easy,QL-073,ES-004,CP-004
Identify the greatest 25-digit number.,9999999999999999999999999,Medium,QL-074,ES-004,CP-004
Calculate the largest 11-digit number.,99999999999,Easy,QL-049,ES-004,CP-004
Find the least number having 32 digits.,10000000000000000000000000000000,Hard,QL-071,ES-004,CP-004
The largest 21-digit number is:,999999999999999999999,Medium,QL-066,ES-004,CP-004
What is the smallest 10-digit number?,1000000000,Easy,QL-042,ES-004,CP-004
Calculate the largest 7-digit number.,9999999,Medium,QL-049,ES-004,CP-004
Which is the smallest 28-digit number?,1000000000000000000000000000,Medium,QL-067,ES-004,CP-004
What is the largest 1-digit number?,9,Easy,QL-043,ES-004,CP-004
Identify the least 14-digit number.,10000000000000,Medium,QL-073,ES-004,CP-004
Which is the largest 19-digit number?,9999999999999999999,Easy,QL-068,ES-004,CP-004
Find the smallest 16-digit number.,1000000000000000,Easy,QL-040,ES-004,CP-004
The number 2^n has 13 digits. Find n.,41,Medium,QL-051,ES-005,CP-005
Identify the exponent n using the digit count of 2^n.,110,Easy,QL-064,ES-005,CP-005
The number 12^n has 129 digits. Find n.,119,Easy,QL-051,ES-005,CP-005
"If 2^n contains 2 digits, find n.",4,Easy,QL-050,ES-005,CP-005
Calculate the exponent n when 3^n contains 3 digits.,5,Hard,QL-061,ES-005,CP-005
The number 3^n has 21 digits. Find n.,42,Medium,QL-051,ES-005,CP-005
Select the value of n for which 7^n contains 37 digits.,43,Easy,QL-078,ES-005,CP-005
Calculate n if 7^n contains 14 digits.,16,Medium,QL-054,ES-005,CP-005
The number 2^n has 32 digits. Find n.,105,Hard,QL-051,ES-005,CP-005
"If 3^n has 53 digits, identify n from the following options.",110,Medium,QL-077,ES-005,CP-005
Calculate n if 7^n contains 31 digits.,36,Easy,QL-054,ES-005,CP-005
Choose the exponent n if 3^n contains 27 digits.,55,Hard,QL-081,ES-005,CP-005
"If 5^n contains 77 digits, find n.",110,Easy,QL-050,ES-005,CP-005
Find the value of n if 7^n has 22 digits.,25,Medium,QL-055,ES-005,CP-005
The digit count of 5^n is 17. Find n.,24,Medium,QL-058,ES-005,CP-005
Which of the following values of n gives 90 digits in 12^n?,83,Hard,QL-080,ES-005,CP-005
Choose the exponent n if 3^n contains 9 digits.,18,Hard,QL-081,ES-005,CP-005
The value 7^n contains 18 digits. Find n.,21,Hard,QL-063,ES-005,CP-005
The digit count of 5^n is 31. Find n.,44,Hard,QL-058,ES-005,CP-005
The value 3^n contains 34 digits. Find n.,71,Medium,QL-063,ES-005,CP-005
Calculate the exponent n when 3^n contains 44 digits.,91,Medium,QL-061,ES-005,CP-005
"If 12^n contains 121 digits, find n from the given options.",112,Easy,QL-075,ES-005,CP-005
The expression 12^n contains 118 digits. Select n.,109,Hard,QL-082,ES-005,CP-005
"If 7^n has 77 digits, identify n from the following options.",90,Medium,QL-077,ES-005,CP-005
Identify n when 7^n has 47 digits.,55,Medium,QL-057,ES-005,CP-005
Calculate the exponent n when 3^n contains 10 digits.,20,Easy,QL-061,ES-005,CP-005
Find n from the given digit count of 12^n.,65,Medium,QL-062,ES-005,CP-005
Find the correct exponent n from the given options.,86,Medium,QL-079,ES-005,CP-005
Which of the following values of n gives 3 digits in 5^n?,3,Medium,QL-080,ES-005,CP-005
Calculate n if 5^n contains 23 digits.,32,Medium,QL-054,ES-005,CP-005
How many should n be so that 7^n contains 19 digits?,22,Medium,QL-056,ES-005,CP-005
Find the exponent n if 7^n contains 28 digits.,33,Easy,QL-059,ES-005,CP-005
Choose the exponent n if 7^n contains 17 digits.,20,Hard,QL-081,ES-005,CP-005
"If 7^n contains 101 digits, find n.",119,Easy,QL-050,ES-005,CP-005
The number of digits in 7^n is 29. Choose the value of n.,34,Hard,QL-076,ES-005,CP-005
"If 12^n contains 58 digits, find n from the given options.",53,Hard,QL-075,ES-005,CP-005
Find the correct exponent n from the given options.,48,Hard,QL-079,ES-005,CP-005
The number 5^n has 81 digits. Find n.,115,Easy,QL-051,ES-005,CP-005
"If 12^n contains 24 digits, find n from the given options.",22,Medium,QL-075,ES-005,CP-005
The value 7^n contains 22 digits. Find n.,25,Hard,QL-063,ES-005,CP-005
Calculate the exponent n when 3^n contains 3 digits.,5,Easy,QL-061,ES-005,CP-005
Find n if 3^n contains 5 digits.,10,Medium,QL-052,ES-005,CP-005
Determine the exponent n if 7^n has 37 digits.,43,Medium,QL-060,ES-005,CP-005
Calculate n if 3^n contains 27 digits.,56,Medium,QL-054,ES-005,CP-005
Select the value of n for which 3^n contains 47 digits.,97,Hard,QL-078,ES-005,CP-005
"If 3^n contains 26 digits, find n from the given options.",54,Easy,QL-075,ES-005,CP-005
Identify n when 3^n has 23 digits.,47,Easy,QL-057,ES-005,CP-005
"If 12^n has 48 digits, identify n from the following options.",44,Easy,QL-077,ES-005,CP-005
"If 2^n has 4 digits, identify n from the following options.",13,Hard,QL-077,ES-005,CP-005
Find the correct exponent n from the given options.,18,Medium,QL-079,ES-005,CP-005
The value 2^n contains 22 digits. Find n.,72,Medium,QL-063,ES-005,CP-005
The value 2^n contains 33 digits. Find n.,107,Hard,QL-063,ES-005,CP-005
Find the correct exponent n from the given options.,26,Medium,QL-079,ES-005,CP-005
Find the exponent n if 12^n contains 58 digits.,53,Easy,QL-059,ES-005,CP-005
Determine n when 7^n has 11 digits.,12,Medium,QL-053,ES-005,CP-005
Determine n when 7^n has 27 digits.,31,Easy,QL-053,ES-005,CP-005
Find the exponent n if 12^n contains 93 digits.,86,Medium,QL-059,ES-005,CP-005
The number of digits in 3^n is 47. Choose the value of n.,97,Easy,QL-076,ES-005,CP-005
Find the correct exponent n from the given options.,8,Medium,QL-079,ES-005,CP-005
The expression 2^n contains 11 digits. Select n.,35,Medium,QL-082,ES-005,CP-005
Find the exponent n if 7^n contains 13 digits.,15,Medium,QL-059,ES-005,CP-005
The number 7^n has 17 digits. Find n.,20,Medium,QL-051,ES-005,CP-005
Identify the exponent n using the digit count of 7^n.,113,Medium,QL-064,ES-005,CP-005
Choose the exponent n if 2^n contains 17 digits.,54,Hard,QL-081,ES-005,CP-005
The number of digits in 5^n is 25. Choose the value of n.,35,Medium,QL-076,ES-005,CP-005
"If 5^n has 34 digits, identify n from the following options.",48,Easy,QL-077,ES-005,CP-005
The number 12^n has 109 digits. Find n.,101,Hard,QL-051,ES-005,CP-005
The value 12^n contains 80 digits. Find n.,74,Easy,QL-063,ES-005,CP-005
The number 12^n has 51 digits. Find n.,47,Medium,QL-051,ES-005,CP-005
The number 7^n has 58 digits. Find n.,68,Easy,QL-051,ES-005,CP-005
Find the exponent n if 2^n contains 11 digits.,34,Medium,QL-059,ES-005,CP-005
Determine n when 3^n has 53 digits.,109,Easy,QL-053,ES-005,CP-005
Find the exponent n if 5^n contains 56 digits.,80,Medium,QL-059,ES-005,CP-005
The digit count of 2^n is 35. Find n.,115,Easy,QL-058,ES-005,CP-005
The value 12^n contains 93 digits. Find n.,86,Easy,QL-063,ES-005,CP-005
The number of digits in 7^n is 82. Choose the value of n.,97,Hard,QL-076,ES-005,CP-005
Find the value of n if 3^n has 37 digits.,76,Easy,QL-055,ES-005,CP-005
The expression 3^n contains 50 digits. Select n.,103,Hard,QL-082,ES-005,CP-005
Find the exponent n if 2^n contains 18 digits.,58,Easy,QL-059,ES-005,CP-005
The value 2^n contains 4 digits. Find n.,13,Hard,QL-063,ES-005,CP-005
The expression 3^n contains 32 digits. Select n.,65,Easy,QL-082,ES-005,CP-005
Find n from the given digit count of 3^n.,38,Medium,QL-062,ES-005,CP-005
Select the value of n for which 3^n contains 15 digits.,31,Hard,QL-078,ES-005,CP-005
Select the value of n for which 5^n contains 26 digits.,36,Medium,QL-078,ES-005,CP-005
The number of digits in 7^n is 18. Choose the value of n.,21,Medium,QL-076,ES-005,CP-005
The expression 7^n contains 22 digits. Select n.,26,Easy,QL-082,ES-005,CP-005
The number of digits in 7^n is 44. Choose the value of n.,51,Easy,QL-076,ES-005,CP-005
Identify the exponent n using the digit count of 3^n.,24,Medium,QL-064,ES-005,CP-005
The digit count of 5^n is 57. Find n.,81,Medium,QL-058,ES-005,CP-005
"If 7^n contains 19 digits, find n from the given options.",22,Easy,QL-075,ES-005,CP-005
The number 3^n has 21 digits. Find n.,44,Medium,QL-051,ES-005,CP-005
Determine the exponent n if 12^n has 8 digits.,7,Medium,QL-060,ES-005,CP-005
The number of digits in 5^n is 72. Choose the value of n.,102,Hard,QL-076,ES-005,CP-005
Identify the exponent n using the digit count of 5^n.,9,Medium,QL-064,ES-005,CP-005
The number of digits in 7^n is 7. Choose the value of n.,8,Medium,QL-076,ES-005,CP-005
How many should n be so that 7^n contains 71 digits?,83,Hard,QL-056,ES-005,CP-005
Determine n when 7^n has 36 digits.,42,Medium,QL-053,ES-005,CP-005
Identify n when 7^n has 86 digits.,101,Hard,QL-057,ES-005,CP-005
The expression 2^n contains 14 digits. Select n.,44,Easy,QL-082,ES-005,CP-005
The number of digits in 2^n is 22. Choose the value of n.,71,Easy,QL-076,ES-005,CP-005
Determine n when 3^n has 11 digits.,22,Medium,QL-053,ES-005,CP-005
How many should n be so that 7^n contains 55 digits?,65,Medium,QL-056,ES-005,CP-005
Find the correct exponent n from the given options.,12,Easy,QL-079,ES-005,CP-005
Find the correct exponent n from the given options.,119,Medium,QL-079,ES-005,CP-005
Select the value of n for which 12^n contains 115 digits.,106,Hard,QL-078,ES-005,CP-005
The expression 12^n contains 40 digits. Select n.,37,Medium,QL-082,ES-005,CP-005
"If 7^n contains 7 digits, find n from the given options.",8,Easy,QL-075,ES-005,CP-005
Find n from the given digit count of 2^n.,83,Hard,QL-062,ES-005,CP-005
The expression 12^n contains 67 digits. Select n.,62,Medium,QL-082,ES-005,CP-005
Find the exponent n if 12^n contains 88 digits.,81,Medium,QL-059,ES-005,CP-005
The digit count of 3^n is 29. Find n.,59,Easy,QL-058,ES-005,CP-005
Find the correct exponent n from the given options.,120,Hard,QL-079,ES-005,CP-005
The number 5^n has 82 digits. Find n.,117,Easy,QL-051,ES-005,CP-005
Find the exponent n if 5^n contains 80 digits.,114,Easy,QL-059,ES-005,CP-005
Which of the following values of n gives 22 digits in 5^n?,31,Easy,QL-080,ES-005,CP-005
Determine n when 3^n has 6 digits.,12,Easy,QL-053,ES-005,CP-005
The number of digits in 3^n is 1. Choose the value of n.,1,Easy,QL-076,ES-005,CP-005
The expression 2^n contains 26 digits. Select n.,86,Medium,QL-082,ES-005,CP-005
Determine the exponent n if 7^n has 57 digits.,67,Easy,QL-060,ES-005,CP-005
"If 3^n has 42 digits, identify n from the following options.",88,Easy,QL-077,ES-005,CP-005
Identify n when 3^n has 18 digits.,36,Medium,QL-057,ES-005,CP-005
The number 3^n has 31 digits. Find n.,63,Medium,QL-051,ES-005,CP-005
"If 2^n contains 14 digits, find n from the given options.",46,Medium,QL-075,ES-005,CP-005
Select the value of n for which 7^n contains 49 digits.,57,Easy,QL-078,ES-005,CP-005
Calculate the exponent n when 5^n contains 28 digits.,40,Easy,QL-061,ES-005,CP-005
Determine the exponent n if 5^n has 53 digits.,75,Medium,QL-060,ES-005,CP-005
Calculate the exponent n when 2^n contains 35 digits.,114,Hard,QL-061,ES-005,CP-005
Find the value of n if 7^n has 59 digits.,69,Medium,QL-055,ES-005,CP-005
Choose the exponent n if 12^n contains 22 digits.,20,Easy,QL-081,ES-005,CP-005
Select the value of n for which 3^n contains 57 digits.,119,Easy,QL-078,ES-005,CP-005
The number of digits in 12^n is 79. Choose the value of n.,73,Easy,QL-076,ES-005,CP-005
"If 2^n contains 5 digits, find n.",14,Easy,QL-050,ES-005,CP-005
Calculate the exponent n when 7^n contains 81 digits.,95,Hard,QL-061,ES-005,CP-005
"If 7^n contains 85 digits, find n from the given options.",100,Easy,QL-075,ES-005,CP-005
Determine n when 12^n has 66 digits.,61,Easy,QL-053,ES-005,CP-005
"If 2^n contains 11 digits, find n from the given options.",34,Medium,QL-075,ES-005,CP-005
Select the value of n for which 3^n contains 55 digits.,115,Easy,QL-078,ES-005,CP-005
Find the correct exponent n from the given options.,8,Medium,QL-079,ES-005,CP-005
Identify n when 12^n has 62 digits.,57,Medium,QL-057,ES-005,CP-005
Which of the following values of n gives 10 digits in 2^n?,30,Medium,QL-080,ES-005,CP-005
Find n from the given digit count of 7^n.,50,Medium,QL-062,ES-005,CP-005
Find n from the given digit count of 7^n.,77,Easy,QL-062,ES-005,CP-005
Find the value of n if 12^n has 26 digits.,24,Medium,QL-055,ES-005,CP-005
Calculate n if 2^n contains 4 digits.,11,Hard,QL-054,ES-005,CP-005
Find the exponent n if 7^n contains 26 digits.,30,Easy,QL-059,ES-005,CP-005
Find n if 3^n contains 43 digits.,89,Hard,QL-052,ES-005,CP-005
Find n from the given digit count of 3^n.,116,Hard,QL-062,ES-005,CP-005
Which of the following values of n gives 53 digits in 3^n?,111,Hard,QL-080,ES-005,CP-005
The number of digits in 12^n is 37. Choose the value of n.,34,Medium,QL-076,ES-005,CP-005
Determine the exponent n if 12^n has 32 digits.,29,Hard,QL-060,ES-005,CP-005
The number of digits in 2^n is 22. Choose the value of n.,71,Medium,QL-076,ES-005,CP-005
Determine n when 5^n has 54 digits.,76,Medium,QL-053,ES-005,CP-005
Calculate n if 5^n contains 7 digits.,9,Easy,QL-054,ES-005,CP-005
How many should n be so that 5^n contains 44 digits?,62,Hard,QL-056,ES-005,CP-005
Choose the exponent n if 12^n contains 125 digits.,115,Hard,QL-081,ES-005,CP-005
Identify n when 7^n has 88 digits.,104,Easy,QL-057,ES-005,CP-005
Identify the exponent n using the digit count of 7^n.,77,Medium,QL-064,ES-005,CP-005
The number of digits in 3^n is 5. Choose the value of n.,10,Easy,QL-076,ES-005,CP-005
Identify the exponent n using the digit count of 5^n.,7,Medium,QL-064,ES-005,CP-005
Identify the exponent n using the digit count of 3^n.,108,Easy,QL-064,ES-005,CP-005
"If 2^n contains 5 digits, find n from the given options.",16,Hard,QL-075,ES-005,CP-005
Choose the exponent n if 5^n contains 14 digits.,19,Easy,QL-081,ES-005,CP-005
The value 5^n contains 75 digits. Find n.,106,Easy,QL-063,ES-005,CP-005
The expression 5^n contains 71 digits. Select n.,101,Medium,QL-082,ES-005,CP-005
Find the value of n if 7^n has 17 digits.,20,Medium,QL-055,ES-005,CP-005
Select the value of n for which 5^n contains 17 digits.,23,Medium,QL-078,ES-005,CP-005
Determine n when 5^n has 21 digits.,30,Medium,QL-053,ES-005,CP-005
How many should n be so that 5^n contains 52 digits?,73,Easy,QL-056,ES-005,CP-005
Find n if 3^n contains 27 digits.,56,Easy,QL-052,ES-005,CP-005
Find n from the given digit count of 5^n.,99,Easy,QL-062,ES-005,CP-005
Determine n when 7^n has 25 digits.,29,Easy,QL-053,ES-005,CP-005
Calculate n if 5^n contains 7 digits.,10,Easy,QL-054,ES-005,CP-005
Find n from the given digit count of 12^n.,91,Medium,QL-062,ES-005,CP-005
Identify n when 7^n has 21 digits.,24,Easy,QL-057,ES-005,CP-005
Which of the following values of n gives 5 digits in 3^n?,9,Medium,QL-080,ES-005,CP-005
"If 3^n has 57 digits, identify n from the following options.",118,Hard,QL-077,ES-005,CP-005
Calculate the exponent n when 3^n contains 46 digits.,95,Medium,QL-061,ES-005,CP-005
Which of the following values of n gives 56 digits in 3^n?,116,Easy,QL-080,ES-005,CP-005
Calculate the exponent n when 7^n contains 32 digits.,37,Medium,QL-061,ES-005,CP-005
The expression 3^n contains 40 digits. Select n.,82,Easy,QL-082,ES-005,CP-005
Find n if 3^n contains 34 digits.,70,Medium,QL-052,ES-005,CP-005
Identify n when 12^n has 114 digits.,105,Easy,QL-057,ES-005,CP-005
How many should n be so that 7^n contains 99 digits?,116,Medium,QL-056,ES-005,CP-005
"If 3^n contains 8 digits, find n.",15,Medium,QL-050,ES-005,CP-005
Find n from the given digit count of 3^n.,98,Easy,QL-062,ES-005,CP-005
"If 7^n contains 86 digits, find n from the given options.",101,Easy,QL-075,ES-005,CP-005
Determine the exponent n if 5^n has 73 digits.,104,Hard,QL-060,ES-005,CP-005
The expression 12^n contains 47 digits. Select n.,43,Medium,QL-082,ES-005,CP-005
"If 2^n contains 24 digits, find n.",78,Hard,QL-050,ES-005,CP-005
Calculate the exponent n when 5^n contains 74 digits.,105,Medium,QL-061,ES-005,CP-005
"If 3^n has 29 digits, identify n from the following options.",59,Easy,QL-077,ES-005,CP-005
Calculate n if 3^n contains 50 digits.,104,Hard,QL-054,ES-005,CP-005
Select the value of n for which 3^n contains 37 digits.,77,Easy,QL-078,ES-005,CP-005
Find n if 5^n contains 13 digits.,18,Hard,QL-052,ES-005,CP-005
Choose the exponent n if 7^n contains 88 digits.,103,Easy,QL-081,ES-005,CP-005
Find n from the given digit count of 5^n.,20,Easy,QL-062,ES-005,CP-005
Find n if 2^n contains 32 digits.,105,Easy,QL-052,ES-005,CP-005
Calculate n if 2^n contains 19 digits.,62,Easy,QL-054,ES-005,CP-005
The number 3^n has 29 digits. Find n.,59,Medium,QL-051,ES-005,CP-005
Identify the exponent n using the digit count of 7^n.,24,Easy,QL-064,ES-005,CP-005
Calculate n if 12^n contains 25 digits.,23,Medium,QL-054,ES-005,CP-005
The digit count of 2^n is 21. Find n.,68,Easy,QL-058,ES-005,CP-005
Identify the exponent n using the digit count of 2^n.,57,Easy,QL-064,ES-005,CP-005
The number of digits in 2^n is 7. Choose the value of n.,22,Hard,QL-076,ES-005,CP-005
How many should n be so that 2^n contains 11 digits?,35,Medium,QL-056,ES-005,CP-005
The expression 3^n contains 16 digits. Select n.,32,Medium,QL-082,ES-005,CP-005
How many should n be so that 5^n contains 15 digits?,21,Medium,QL-056,ES-005,CP-005
Determine n when 5^n has 75 digits.,106,Easy,QL-053,ES-005,CP-005
The number 12^n has 86 digits. Find n.,79,Easy,QL-051,ES-005,CP-005
The number 2^n has 28 digits. Find n.,92,Medium,QL-051,ES-005,CP-005
Calculate n if 12^n contains 46 digits.,42,Medium,QL-054,ES-005,CP-005
The number of digits in 12^n is 127. Choose the value of n.,117,Hard,QL-076,ES-005,CP-005
Identify the exponent n using the digit count of 5^n.,56,Easy,QL-064,ES-005,CP-005
Choose the exponent n if 5^n contains 75 digits.,107,Medium,QL-081,ES-005,CP-005
The digit count of 7^n is 66. Find n.,78,Easy,QL-058,ES-005,CP-005
How many should n be so that 3^n contains 39 digits?,81,Medium,QL-056,ES-005,CP-005
Find the value of n if 3^n has 18 digits.,36,Medium,QL-055,ES-005,CP-005
Calculate n if 2^n contains 29 digits.,95,Easy,QL-054,ES-005,CP-005
Find the exponent n if 3^n contains 43 digits.,90,Medium,QL-059,ES-005,CP-005
Which of the following values of n gives 118 digits in 12^n?,109,Medium,QL-080,ES-005,CP-005
The value 3^n contains 14 digits. Find n.,29,Easy,QL-063,ES-005,CP-005
Identify n when 2^n has 1 digits.,2,Easy,QL-057,ES-005,CP-005
Determine the exponent n if 3^n has 52 digits.,107,Hard,QL-060,ES-005,CP-005
"If 5^n has 6 digits, identify n from the following options.",8,Medium,QL-077,ES-005,CP-005
Which of the following values of n gives 45 digits in 12^n?,41,Easy,QL-080,ES-005,CP-005
Which of the following values of n gives 12 digits in 7^n?,14,Medium,QL-080,ES-005,CP-005
The number 5^n has 61 digits. Find n.,87,Medium,QL-051,ES-005,CP-005
Find the correct exponent n from the given options.,60,Easy,QL-079,ES-005,CP-005
The number 5^n has 38 digits. Find n.,53,Hard,QL-051,ES-005,CP-005
Find the exponent n if 2^n contains 11 digits.,34,Easy,QL-059,ES-005,CP-005
Determine n when 12^n has 52 digits.,48,Medium,QL-053,ES-005,CP-005
The digit count of 12^n is 21. Find n.,19,Hard,QL-058,ES-005,CP-005
Identify the exponent n using the digit count of 3^n.,42,Easy,QL-064,ES-005,CP-005
Find the exponent n if 7^n contains 11 digits.,13,Hard,QL-059,ES-005,CP-005
Find the value of n if 5^n has 54 digits.,76,Medium,QL-055,ES-005,CP-005
Find the value of n if 12^n has 43 digits.,39,Hard,QL-055,ES-005,CP-005
The number of digits in 2^n is 2. Choose the value of n.,6,Easy,QL-076,ES-005,CP-005
The number of digits in 3^n is 54. Choose the value of n.,113,Easy,QL-076,ES-005,CP-005
Determine n when 3^n has 12 digits.,24,Medium,QL-053,ES-005,CP-005
The expression 2^n contains 33 digits. Select n.,107,Medium,QL-082,ES-005,CP-005
How many should n be so that 3^n contains 36 digits?,75,Easy,QL-056,ES-005,CP-005
"If 5^n contains 34 digits, find n from the given options.",48,Medium,QL-075,ES-005,CP-005
The expression 2^n contains 12 digits. Select n.,37,Hard,QL-082,ES-005,CP-005
The number 2^n has 23 digits. Find n.,74,Medium,QL-051,ES-005,CP-005
The number 3^n has 15 digits. Find n.,31,Easy,QL-051,ES-005,CP-005
Calculate the exponent n when 7^n contains 17 digits.,20,Easy,QL-061,ES-005,CP-005
Find n from the given digit count of 7^n.,73,Medium,QL-062,ES-005,CP-005
Identify the exponent n using the digit count of 7^n.,6,Easy,QL-064,ES-005,CP-005
Find the exponent n if 3^n contains 13 digits.,27,Medium,QL-059,ES-005,CP-005
Find the exponent n if 5^n contains 79 digits.,112,Easy,QL-059,ES-005,CP-005
The number 7^n has 12 digits. Find n.,14,Hard,QL-051,ES-005,CP-005
Calculate the exponent n when 7^n contains 35 digits.,41,Medium,QL-061,ES-005,CP-005
Choose the exponent n if 12^n contains 83 digits.,76,Medium,QL-081,ES-005,CP-005
Select the value of n for which 5^n contains 28 digits.,39,Medium,QL-078,ES-005,CP-005
Calculate the exponent n when 12^n contains 80 digits.,74,Medium,QL-061,ES-005,CP-005
"If 2^n contains 4 digits, find n from the given options.",13,Easy,QL-075,ES-005,CP-005
The value 2^n contains 13 digits. Find n.,40,Medium,QL-063,ES-005,CP-005
Identify the exponent n using the digit count of 2^n.,115,Hard,QL-064,ES-005,CP-005
"If 12^n contains 93 digits, find n from the given options.",86,Easy,QL-075,ES-005,CP-005
Select the value of n for which 3^n contains 47 digits.,97,Easy,QL-078,ES-005,CP-005
Find the exponent n if 12^n contains 71 digits.,65,Medium,QL-059,ES-005,CP-005
The expression 2^n contains 19 digits. Select n.,62,Medium,QL-082,ES-005,CP-005
Identify n when 3^n has 38 digits.,79,Easy,QL-057,ES-005,CP-005
The digit count of 12^n is 22. Find n.,20,Medium,QL-058,ES-005,CP-005
Find the correct exponent n from the given options.,101,Hard,QL-079,ES-005,CP-005
Identify n when 2^n has 8 digits.,26,Medium,QL-057,ES-005,CP-005
The number 7^n has 77 digits. Find n.,91,Hard,QL-051,ES-005,CP-005
"If 7^n has 34 digits, identify n from the following options.",40,Easy,QL-077,ES-005,CP-005
Find the value of n if 2^n has 22 digits.,73,Easy,QL-055,ES-005,CP-005
Find n if 12^n contains 67 digits.,62,Easy,QL-052,ES-005,CP-005
"If 2^n has 35 digits, identify n from the following options.",116,Easy,QL-077,ES-005,CP-005
The number of digits in 5^n is 56. Choose the value of n.,79,Easy,QL-076,ES-005,CP-005
Find the value of n if 3^n has 7 digits.,14,Hard,QL-055,ES-005,CP-005
"If 3^n has 51 digits, identify n from the following options.",105,Hard,QL-077,ES-005,CP-005
Determine the exponent n if 2^n has 37 digits.,120,Medium,QL-060,ES-005,CP-005
Which of the following values of n gives 50 digits in 7^n?,59,Medium,QL-080,ES-005,CP-005
"If 12^n contains 63 digits, find n from the given options.",58,Easy,QL-075,ES-005,CP-005
The value 5^n contains 38 digits. Find n.,53,Medium,QL-063,ES-005,CP-005
The value 2^n contains 26 digits. Find n.,84,Hard,QL-063,ES-005,CP-005
Determine n when 7^n has 74 digits.,87,Hard,QL-053,ES-005,CP-005
Find the correct exponent n from the given options.,23,Hard,QL-079,ES-005,CP-005
Find the correct exponent n from the given options.,60,Hard,QL-079,ES-005,CP-005
Find the correct exponent n from the given options.,97,Medium,QL-079,ES-005,CP-005
Identify n when 3^n has 53 digits.,110,Easy,QL-057,ES-005,CP-005
Calculate the exponent n when 5^n contains 3 digits.,3,Hard,QL-061,ES-005,CP-005
How many should n be so that 5^n contains 23 digits?,32,Medium,QL-056,ES-005,CP-005
Find n from the given digit count of 2^n.,117,Easy,QL-062,ES-005,CP-005
"If 7^n has 22 digits, identify n from the following options.",26,Easy,QL-077,ES-005,CP-005
Find the exponent n if 7^n contains 47 digits.,55,Medium,QL-059,ES-005,CP-005
The value 5^n contains 14 digits. Find n.,20,Medium,QL-063,ES-005,CP-005
Determine n when 5^n has 35 digits.,50,Easy,QL-053,ES-005,CP-005
Identify n when 3^n has 49 digits.,101,Easy,QL-057,ES-005,CP-005
"If 2^n contains 22 digits, find n.",72,Medium,QL-050,ES-005,CP-005
Which of the following values of n gives 37 digits in 7^n?,43,Easy,QL-080,ES-005,CP-005
Calculate the exponent n when 12^n contains 93 digits.,86,Easy,QL-061,ES-005,CP-005
Identify the exponent n using the digit count of 2^n.,9,Hard,QL-064,ES-005,CP-005
Calculate n if 5^n contains 54 digits.,76,Medium,QL-054,ES-005,CP-005
Calculate n if 5^n contains 45 digits.,63,Easy,QL-054,ES-005,CP-005
"If 7^n has 77 digits, identify n from the following options.",90,Easy,QL-077,ES-005,CP-005
Find the exponent n if 3^n contains 3 digits.,5,Medium,QL-059,ES-005,CP-005
Select the value of n for which 2^n contains 16 digits.,52,Medium,QL-078,ES-005,CP-005
Select the value of n for which 2^n contains 22 digits.,71,Easy,QL-078,ES-005,CP-005
The number 3^n has 3 digits. Find n.,6,Medium,QL-051,ES-005,CP-005
The digit count of 12^n is 19. Find n.,17,Easy,QL-058,ES-005,CP-005
Find the value of n if 3^n has 54 digits.,112,Medium,QL-055,ES-005,CP-005
The number of digits in 3^n is 13. Choose the value of n.,27,Easy,QL-076,ES-005,CP-005
Calculate the exponent n when 12^n contains 72 digits.,66,Medium,QL-061,ES-005,CP-005
The number 5^n has 66 digits. Find n.,93,Easy,QL-051,ES-005,CP-005
Identify n when 12^n has 22 digits.,20,Medium,QL-057,ES-005,CP-005
The digit count of 7^n is 13. Find n.,15,Medium,QL-058,ES-005,CP-005
Determine the exponent n if 2^n has 6 digits.,17,Hard,QL-060,ES-005,CP-005
Identify n when 12^n has 102 digits.,94,Easy,QL-057,ES-005,CP-005
The expression 12^n contains 94 digits. Select n.,87,Easy,QL-082,ES-005,CP-005
Find the exponent n if 5^n contains 59 digits.,84,Easy,QL-059,ES-005,CP-005
Determine n when 12^n has 49 digits.,45,Easy,QL-053,ES-005,CP-005
Find the value of n if 2^n has 16 digits.,50,Medium,QL-055,ES-005,CP-005
Find n if 2^n contains 25 digits.,83,Hard,QL-052,ES-005,CP-005
Find the correct exponent n from the given options.,80,Medium,QL-079,ES-005,CP-005
The number 7^n has 76 digits. Find n.,89,Easy,QL-051,ES-005,CP-005
The number 7^n has 12 digits. Find n.,14,Easy,QL-051,ES-005,CP-005
The number of digits in 3^n is 3. Choose the value of n.,6,Easy,QL-076,ES-005,CP-005
The digit count of 2^n is 6. Find n.,17,Hard,QL-058,ES-005,CP-005
Which of the following values of n gives 126 digits in 12^n?,116,Easy,QL-080,ES-005,CP-005
Identify the exponent n using the digit count of 12^n.,23,Easy,QL-064,ES-005,CP-005
The number 3^n has 36 digits. Find n.,74,Medium,QL-051,ES-005,CP-005
Select the value of n for which 2^n contains 9 digits.,29,Easy,QL-078,ES-005,CP-005
The number 7^n has 102 digits. Find n.,120,Hard,QL-051,ES-005,CP-005
"If 7^n contains 30 digits, find n.",35,Easy,QL-050,ES-005,CP-005
Identify the exponent n using the digit count of 2^n.,38,Medium,QL-064,ES-005,CP-005
Find n from the given digit count of 2^n.,65,Medium,QL-062,ES-005,CP-005
Identify the exponent n using the digit count of 7^n.,107,Easy,QL-064,ES-005,CP-005
Find n from the given digit count of 5^n.,96,Medium,QL-062,ES-005,CP-005
Identify the exponent n using the digit count of 7^n.,93,Medium,QL-064,ES-005,CP-005
Which of the following values of n gives 47 digits in 3^n?,98,Easy,QL-080,ES-005,CP-005
The number of digits in 5^n is 61. Choose the value of n.,87,Hard,QL-076,ES-005,CP-005
The number of digits in 2^n is 33. Choose the value of n.,108,Medium,QL-076,ES-005,CP-005
The digit count of 5^n is 12. Find n.,17,Easy,QL-058,ES-005,CP-005
Determine the exponent n if 3^n has 53 digits.,110,Easy,QL-060,ES-005,CP-005
The digit count of 12^n is 81. Find n.,75,Medium,QL-058,ES-005,CP-005
Find the exponent n if 7^n contains 75 digits.,88,Easy,QL-059,ES-005,CP-005
Calculate n if 2^n contains 15 digits.,48,Easy,QL-054,ES-005,CP-005
"If 3^n contains 13 digits, find n.",27,Medium,QL-050,ES-005,CP-005
Select the value of n for which 12^n contains 29 digits.,26,Medium,QL-078,ES-005,CP-005
Calculate the exponent n when 2^n contains 14 digits.,45,Hard,QL-061,ES-005,CP-005
"If 3^n contains 37 digits, find n.",76,Easy,QL-050,ES-005,CP-005
The digit count of 12^n is 103. Find n.,95,Medium,QL-058,ES-005,CP-005
The digit count of 12^n is 24. Find n.,22,Medium,QL-058,ES-005,CP-005
The number 12^n has 2 digits. Find n.,1,Medium,QL-051,ES-005,CP-005
The number of digits in 3^n is 35. Choose the value of n.,72,Medium,QL-076,ES-005,CP-005
Choose the exponent n if 3^n contains 29 digits.,59,Medium,QL-081,ES-005,CP-005
Find n if 7^n contains 66 digits.,77,Hard,QL-052,ES-005,CP-005
The expression 7^n contains 63 digits. Select n.,74,Hard,QL-082,ES-005,CP-005
Find the exponent n if 12^n contains 21 digits.,19,Hard,QL-059,ES-005,CP-005
Find the exponent n if 5^n contains 56 digits.,80,Medium,QL-059,ES-005,CP-005
How many should n be so that 12^n contains 88 digits?,81,Medium,QL-056,ES-005,CP-005
Find n from the given digit count of 3^n.,30,Easy,QL-062,ES-005,CP-005
Determine the exponent n if 7^n has 94 digits.,111,Hard,QL-060,ES-005,CP-005
The number of digits in 12^n is 100. Choose the value of n.,92,Hard,QL-076,ES-005,CP-005
Identify the exponent n using the digit count of 12^n.,69,Easy,QL-064,ES-005,CP-005
Which of the following values of n gives 22 digits in 7^n?,26,Easy,QL-080,ES-005,CP-005
Identify the exponent n using the digit count of 7^n.,50,Medium,QL-064,ES-005,CP-005
"If 7^n contains 52 digits, find n.",61,Easy,QL-050,ES-005,CP-005
The number of digits in 3^n is 46. Choose the value of n.,96,Medium,QL-076,ES-005,CP-005
The expression 7^n contains 84 digits. Select n.,99,Medium,QL-082,ES-005,CP-005
Calculate n if 3^n contains 53 digits.,110,Easy,QL-054,ES-005,CP-005
Find the correct exponent n from the given options.,33,Hard,QL-079,ES-005,CP-005
How many should n be so that 2^n contains 26 digits?,84,Easy,QL-056,ES-005,CP-005
Find the correct exponent n from the given options.,103,Easy,QL-079,ES-005,CP-005
The digit count of 7^n is 50. Find n.,58,Medium,QL-058,ES-005,CP-005
Select the value of n for which 5^n contains 49 digits.,69,Hard,QL-078,ES-005,CP-005
Find n from the given digit count of 12^n.,55,Easy,QL-062,ES-005,CP-005
Determine the exponent n if 12^n has 83 digits.,76,Hard,QL-060,ES-005,CP-005
Determine the exponent n if 12^n has 79 digits.,73,Easy,QL-060,ES-005,CP-005
Select the value of n for which 12^n contains 85 digits.,78,Medium,QL-078,ES-005,CP-005
The value 5^n contains 36 digits. Find n.,51,Easy,QL-063,ES-005,CP-005
Which of the following values of n gives 95 digits in 12^n?,88,Hard,QL-080,ES-005,CP-005
Calculate n if 2^n contains 33 digits.,109,Hard,QL-054,ES-005,CP-005
Find the value of n if 7^n has 77 digits.,90,Hard,QL-055,ES-005,CP-005
"If 5^n contains 67 digits, find n.",95,Medium,QL-050,ES-005,CP-005
The number 7^n has 31 digits. Find n.,36,Medium,QL-051,ES-005,CP-005
Find n if 12^n contains 83 digits.,76,Medium,QL-052,ES-005,CP-005
Choose the exponent n if 12^n contains 60 digits.,55,Medium,QL-081,ES-005,CP-005
Determine the exponent n if 2^n has 34 digits.,110,Hard,QL-060,ES-005,CP-005
Determine n when 12^n has 53 digits.,49,Medium,QL-053,ES-005,CP-005
How many should n be so that 5^n contains 73 digits?,104,Easy,QL-056,ES-005,CP-005
Find the value of n if 3^n has 44 digits.,91,Medium,QL-055,ES-005,CP-005
Find n if 2^n contains 4 digits.,10,Easy,QL-052,ES-005,CP-005
The value 2^n contains 12 digits. Find n.,37,Hard,QL-063,ES-005,CP-005
The value 12^n contains 5 digits. Find n.,4,Easy,QL-063,ES-005,CP-005
The value 12^n contains 112 digits. Find n.,103,Medium,QL-063,ES-005,CP-005
"If 7^n has 76 digits, identify n from the following options.",89,Hard,QL-077,ES-005,CP-005
Identify n when 7^n has 19 digits.,22,Medium,QL-057,ES-005,CP-005
"If 3^n has 15 digits, identify n from the following options.",31,Easy,QL-077,ES-005,CP-005
The number of digits in 7^n is 31. Choose the value of n.,36,Easy,QL-076,ES-005,CP-005
Calculate n if 12^n contains 40 digits.,37,Easy,QL-054,ES-005,CP-005
"If 12^n has 80 digits, identify n from the following options.",74,Hard,QL-077,ES-005,CP-005
Calculate the exponent n when 5^n contains 53 digits.,75,Medium,QL-061,ES-005,CP-005
Which of the following values of n gives 20 digits in 2^n?,64,Medium,QL-080,ES-005,CP-005
Find the value of n if 7^n has 28 digits.,33,Easy,QL-055,ES-005,CP-005
Determine the exponent n if 2^n has 7 digits.,22,Medium,QL-060,ES-005,CP-005
Find n from the given digit count of 3^n.,101,Medium,QL-062,ES-005,CP-005
Find n if 3^n contains 17 digits.,34,Easy,QL-052,ES-005,CP-005
Find the correct exponent n from the given options.,35,Hard,QL-079,ES-005,CP-005
Find the value of n if 7^n has 7 digits.,8,Easy,QL-055,ES-005,CP-005
Find n if 2^n contains 10 digits.,33,Easy,QL-052,ES-005,CP-005
"If 2^n contains 26 digits, find n from the given options.",86,Hard,QL-075,ES-005,CP-005
Find n if 12^n contains 120 digits.,111,Medium,QL-052,ES-005,CP-005
The number 2^n has 31 digits. Find n.,100,Medium,QL-051,ES-005,CP-005
How many should n be so that 3^n contains 26 digits?,53,Medium,QL-056,ES-005,CP-005
The number of digits in 2^n is 8. Choose the value of n.,26,Hard,QL-076,ES-005,CP-005
Identify the exponent n using the digit count of 12^n.,48,Medium,QL-064,ES-005,CP-005
The value 2^n contains 11 digits. Find n.,35,Hard,QL-063,ES-005,CP-005
Determine the exponent n if 7^n has 63 digits.,74,Medium,QL-060,ES-005,CP-005
Choose the exponent n if 3^n contains 49 digits.,101,Easy,QL-081,ES-005,CP-005
Determine the exponent n if 5^n has 14 digits.,20,Easy,QL-060,ES-005,CP-005
How many should n be so that 5^n contains 11 digits?,15,Hard,QL-056,ES-005,CP-005
Select the value of n for which 7^n contains 46 digits.,54,Easy,QL-078,ES-005,CP-005
Calculate the exponent n when 3^n contains 54 digits.,113,Hard,QL-061,ES-005,CP-005
How many should n be so that 3^n contains 27 digits?,56,Hard,QL-056,ES-005,CP-005
Find the correct exponent n from the given options.,83,Medium,QL-079,ES-005,CP-005
Find n if 7^n contains 40 digits.,47,Easy,QL-052,ES-005,CP-005
Which of the following values of n gives 14 digits in 5^n?,20,Medium,QL-080,ES-005,CP-005
Choose the exponent n if 5^n contains 1 digits.,1,Hard,QL-081,ES-005,CP-005
Determine the exponent n if 2^n has 29 digits.,94,Easy,QL-060,ES-005,CP-005
"If 12^n contains 73 digits, find n.",67,Medium,QL-050,ES-005,CP-005
Identify n when 7^n has 75 digits.,88,Easy,QL-057,ES-005,CP-005
Identify the exponent n using the digit count of 12^n.,109,Medium,QL-064,ES-005,CP-005
Which of the following values of n gives 32 digits in 3^n?,66,Hard,QL-080,ES-005,CP-005
Determine the exponent n if 3^n has 15 digits.,31,Medium,QL-060,ES-005,CP-005
The number of digits in 7^n is 11. Choose the value of n.,12,Medium,QL-076,ES-005,CP-005
Calculate n if 12^n contains 115 digits.,106,Hard,QL-054,ES-005,CP-005
The expression 2^n contains 28 digits. Select n.,93,Medium,QL-082,ES-005,CP-005
The number of digits in 5^n is 6. Choose the value of n.,8,Easy,QL-076,ES-005,CP-005
Choose the exponent n if 5^n contains 70 digits.,99,Medium,QL-081,ES-005,CP-005
"If 3^n has 42 digits, identify n from the following options.",86,Medium,QL-077,ES-005,CP-005
How many should n be so that 12^n contains 79 digits?,73,Hard,QL-056,ES-005,CP-005
How many should n be so that 7^n contains 31 digits?,36,Easy,QL-056,ES-005,CP-005
How many should n be so that 5^n contains 72 digits?,103,Medium,QL-056,ES-005,CP-005
Select the value of n for which 7^n contains 56 digits.,66,Easy,QL-078,ES-005,CP-005
Calculate the exponent n when 2^n contains 26 digits.,85,Medium,QL-061,ES-005,CP-005
Which of the following values of n gives 18 digits in 2^n?,57,Easy,QL-080,ES-005,CP-005
The digit count of 12^n is 76. Find n.,70,Medium,QL-058,ES-005,CP-005
Which of the following values of n gives 88 digits in 7^n?,103,Medium,QL-080,ES-005,CP-005
Which of the following values of n gives 22 digits in 12^n?,20,Medium,QL-080,ES-005,CP-005
The value 3^n contains 37 digits. Find n.,77,Medium,QL-063,ES-005,CP-005
Select the value of n for which 2^n contains 32 digits.,106,Hard,QL-078,ES-005,CP-005
Find n from the given digit count of 7^n.,83,Medium,QL-062,ES-005,CP-005
Identify n when 7^n has 95 digits.,112,Easy,QL-057,ES-005,CP-005
Calculate n if 2^n contains 8 digits.,25,Medium,QL-054,ES-005,CP-005
The expression 2^n contains 14 digits. Select n.,46,Medium,QL-082,ES-005,CP-005
Find the value of n if 7^n has 31 digits.,36,Easy,QL-055,ES-005,CP-005
Find the value of n if 7^n has 20 digits.,23,Medium,QL-055,ES-005,CP-005
Find n from the given digit count of 5^n.,46,Medium,QL-062,ES-005,CP-005
Calculate n if 3^n contains 43 digits.,89,Medium,QL-054,ES-005,CP-005
The value 3^n contains 16 digits. Find n.,32,Easy,QL-063,ES-005,CP-005
Choose the exponent n if 2^n contains 1 digits.,3,Hard,QL-081,ES-005,CP-005
Calculate n if 7^n contains 9 digits.,10,Hard,QL-054,ES-005,CP-005
Which of the following values of n gives 66 digits in 12^n?,61,Medium,QL-080,ES-005,CP-005
"If 7^n contains 11 digits, find n.",12,Hard,QL-050,ES-005,CP-005
The digit count of 3^n is 42. Find n.,87,Easy,QL-058,ES-005,CP-005
Choose the exponent n if 12^n contains 125 digits.,115,Medium,QL-081,ES-005,CP-005
Find the value of n if 3^n has 23 digits.,48,Easy,QL-055,ES-005,CP-005
Find n from the given digit count of 3^n.,53,Easy,QL-062,ES-005,CP-005
The value 5^n contains 24 digits. Find n.,34,Easy,QL-063,ES-005,CP-005
Which of the following values of n gives 57 digits in 3^n?,119,Medium,QL-080,ES-005,CP-005
Select the value of n for which 5^n contains 14 digits.,20,Easy,QL-078,ES-005,CP-005
Select the value of n for which 3^n contains 16 digits.,33,Medium,QL-078,ES-005,CP-005
Determine n when 5^n has 16 digits.,22,Hard,QL-053,ES-005,CP-005
Find n if 2^n contains 16 digits.,51,Medium,QL-052,ES-005,CP-005
Select the value of n for which 12^n contains 130 digits.,120,Hard,QL-078,ES-005,CP-005
How many should n be so that 12^n contains 102 digits?,94,Medium,QL-056,ES-005,CP-005
Select the value of n for which 12^n contains 53 digits.,49,Medium,QL-078,ES-005,CP-005
Select the value of n for which 3^n contains 29 digits.,60,Hard,QL-078,ES-005,CP-005
"If 7^n has 33 digits, identify n from the following options.",39,Hard,QL-077,ES-005,CP-005
The number of digits in 5^n is 13. Choose the value of n.,18,Hard,QL-076,ES-005,CP-005
Determine n when 7^n has 11 digits.,13,Easy,QL-053,ES-005,CP-005
Calculate the exponent n when 5^n contains 56 digits.,80,Easy,QL-061,ES-005,CP-005
Determine the exponent n if 2^n has 1 digits.,3,Easy,QL-060,ES-005,CP-005
Find n from the given digit count of 2^n.,54,Medium,QL-062,ES-005,CP-005
Calculate n if 5^n contains 68 digits.,97,Easy,QL-054,ES-005,CP-005
Identify the exponent n using the digit count of 2^n.,109,Medium,QL-064,ES-005,CP-005
Choose the exponent n if 2^n contains 16 digits.,50,Easy,QL-081,ES-005,CP-005
The number 5^n has 64 digits. Find n.,91,Medium,QL-051,ES-005,CP-005
"If 2^n contains 5 digits, find n.",16,Easy,QL-050,ES-005,CP-005
Choose the exponent n if 7^n contains 15 digits.,17,Easy,QL-081,ES-005,CP-005
Calculate the exponent n when 7^n contains 80 digits.,94,Medium,QL-061,ES-005,CP-005
Find the value of n if 3^n has 8 digits.,15,Easy,QL-055,ES-005,CP-005
The digit count of 12^n is 57. Find n.,52,Easy,QL-058,ES-005,CP-005
"If 7^n contains 72 digits, find n from the given options.",85,Hard,QL-075,ES-005,CP-005
Choose the exponent n if 2^n contains 8 digits.,26,Easy,QL-081,ES-005,CP-005
The number of digits in 3^n is 50. Choose the value of n.,104,Easy,QL-076,ES-005,CP-005
Which of the following values of n gives 71 digits in 7^n?,83,Medium,QL-080,ES-005,CP-005
"If 5^n has 58 digits, identify n from the following options.",82,Hard,QL-077,ES-005,CP-005
"If 3^n contains 3 digits, find n.",5,Medium,QL-050,ES-005,CP-005
How many should n be so that 12^n contains 39 digits?,36,Medium,QL-056,ES-005,CP-005
Calculate the exponent n when 5^n contains 45 digits.,63,Easy,QL-061,ES-005,CP-005
Identify n when 7^n has 93 digits.,110,Easy,QL-057,ES-005,CP-005
Identify n when 2^n has 6 digits.,17,Medium,QL-057,ES-005,CP-005
How many should n be so that 12^n contains 18 digits?,16,Easy,QL-056,ES-005,CP-005
Select the value of n for which 3^n contains 36 digits.,75,Medium,QL-078,ES-005,CP-005