archetypeId,canonicalProblemId,questionId,difficultyBand,questionLanguageId,stem,answer,explanationStyleId,n,expression,zeroCount,base,exponent,numberA,numberB
NS-TRAIL-001,CP-001,NS-TRAIL-001:CP-001:ns-trail-001-human-review-repair:CP-001:0,Hard,QL-029,Find the number of terminal zeros in the decimal representation of 3776!.,943,ES-001,3776,,,,,,
NS-TRAIL-001,CP-001,NS-TRAIL-001:CP-001:ns-trail-001-human-review-repair:CP-001:1,Easy,QL-028,How many zeros appear consecutively at the end of 1! ?,0,ES-001,1,,,,,,
NS-TRAIL-001,CP-001,NS-TRAIL-001:CP-001:ns-trail-001-human-review-repair:CP-001:2,Medium,QL-003,Determine the number of trailing zeros in 274!.,66,ES-001,274,,,,,,
NS-TRAIL-001,CP-001,NS-TRAIL-001:CP-001:ns-trail-001-human-review-repair:CP-001:3,Hard,QL-006,Calculate the number of zeros at the end of 1743!.,432,ES-001,1743,,,,,,
NS-TRAIL-001,CP-001,NS-TRAIL-001:CP-001:ns-trail-001-human-review-repair:CP-001:4,Easy,QL-005,How many trailing zeros does 16! contain?,3,ES-001,16,,,,,,
NS-TRAIL-001,CP-001,NS-TRAIL-001:CP-001:ns-trail-001-human-review-repair:CP-001:5,Hard,QL-004,Find the count of terminal zeros in 2305!.,574,ES-001,2305,,,,,,
NS-TRAIL-001,CP-001,NS-TRAIL-001:CP-001:ns-trail-001-human-review-repair:CP-001:6,Easy,QL-029,Find the number of terminal zeros in the decimal representation of 2!.,0,ES-001,2,,,,,,
NS-TRAIL-001,CP-001,NS-TRAIL-001:CP-001:ns-trail-001-human-review-repair:CP-001:7,Easy,QL-006,Calculate the number of zeros at the end of 115!.,27,ES-001,115,,,,,,
NS-TRAIL-001,CP-001,NS-TRAIL-001:CP-001:ns-trail-001-human-review-repair:CP-001:8,Medium,QL-005,How many trailing zeros does 40! contain?,9,ES-001,40,,,,,,
NS-TRAIL-001,CP-001,NS-TRAIL-001:CP-001:ns-trail-001-human-review-repair:CP-001:9,Hard,QL-028,How many zeros appear consecutively at the end of 1273! ?,316,ES-001,1273,,,,,,
NS-TRAIL-001,CP-001,NS-TRAIL-001:CP-001:ns-trail-001-human-review-repair:CP-001:10,Medium,QL-004,Find the count of terminal zeros in 905!.,225,ES-001,905,,,,,,
NS-TRAIL-001,CP-001,NS-TRAIL-001:CP-001:ns-trail-001-human-review-repair:CP-001:11,Easy,QL-001,Find the number of trailing zeros in 4!.,0,ES-001,4,,,,,,
NS-TRAIL-001,CP-001,NS-TRAIL-001:CP-001:ns-trail-001-human-review-repair:CP-001:12,Hard,QL-006,Calculate the number of zeros at the end of 3095!.,770,ES-001,3095,,,,,,
NS-TRAIL-001,CP-001,NS-TRAIL-001:CP-001:ns-trail-001-human-review-repair:CP-001:13,Easy,QL-001,Find the number of trailing zeros in 70!.,16,ES-001,70,,,,,,
NS-TRAIL-001,CP-001,NS-TRAIL-001:CP-001:ns-trail-001-human-review-repair:CP-001:14,Easy,QL-006,Calculate the number of zeros at the end of 37!.,8,ES-001,37,,,,,,
NS-TRAIL-001,CP-001,NS-TRAIL-001:CP-001:ns-trail-001-human-review-repair:CP-001:15,Hard,QL-027,The value of 2176! ends with how many zeros?,542,ES-001,2176,,,,,,
NS-TRAIL-001,CP-001,NS-TRAIL-001:CP-001:ns-trail-001-human-review-repair:CP-001:16,Medium,QL-004,Find the count of terminal zeros in 187!.,45,ES-001,187,,,,,,
NS-TRAIL-001,CP-001,NS-TRAIL-001:CP-001:ns-trail-001-human-review-repair:CP-001:17,Medium,QL-005,How many trailing zeros does 1394! contain?,346,ES-001,1394,,,,,,
NS-TRAIL-001,CP-001,NS-TRAIL-001:CP-001:ns-trail-001-human-review-repair:CP-001:18,Medium,QL-030,The factorial of 1317 is written in decimal form. How many trailing zeros does it contain?,327,ES-001,1317,,,,,,
NS-TRAIL-001,CP-001,NS-TRAIL-001:CP-001:ns-trail-001-human-review-repair:CP-001:19,Hard,QL-029,Find the number of terminal zeros in the decimal representation of 4648!.,1159,ES-001,4648,,,,,,
NS-TRAIL-001,CP-001,NS-TRAIL-001:CP-001:ns-trail-001-human-review-repair:CP-001:20,Hard,QL-003,Determine the number of trailing zeros in 996!.,246,ES-001,996,,,,,,
NS-TRAIL-001,CP-001,NS-TRAIL-001:CP-001:ns-trail-001-human-review-repair:CP-001:21,Medium,QL-030,The factorial of 1321 is written in decimal form. How many trailing zeros does it contain?,328,ES-001,1321,,,,,,
NS-TRAIL-001,CP-001,NS-TRAIL-001:CP-001:ns-trail-001-human-review-repair:CP-001:22,Easy,QL-027,The value of 18! ends with how many zeros?,3,ES-001,18,,,,,,
NS-TRAIL-001,CP-001,NS-TRAIL-001:CP-001:ns-trail-001-human-review-repair:CP-001:23,Medium,QL-002,How many zeros occur at the end of 567! ?,139,ES-001,567,,,,,,
NS-TRAIL-001,CP-001,NS-TRAIL-001:CP-001:ns-trail-001-human-review-repair:CP-001:24,Medium,QL-029,Find the number of terminal zeros in the decimal representation of 220!.,53,ES-001,220,,,,,,
NS-TRAIL-001,CP-001,NS-TRAIL-001:CP-001:ns-trail-001-human-review-repair:CP-001:25,Hard,QL-006,Calculate the number of zeros at the end of 15137!.,3781,ES-001,15137,,,,,,
NS-TRAIL-001,CP-001,NS-TRAIL-001:CP-001:ns-trail-001-human-review-repair:CP-001:26,Easy,QL-003,Determine the number of trailing zeros in 2!.,0,ES-001,2,,,,,,
NS-TRAIL-001,CP-001,NS-TRAIL-001:CP-001:ns-trail-001-human-review-repair:CP-001:27,Medium,QL-002,How many zeros occur at the end of 107! ?,25,ES-001,107,,,,,,
NS-TRAIL-001,CP-001,NS-TRAIL-001:CP-001:ns-trail-001-human-review-repair:CP-001:28,Easy,QL-001,Find the number of trailing zeros in 16!.,3,ES-001,16,,,,,,
NS-TRAIL-001,CP-001,NS-TRAIL-001:CP-001:ns-trail-001-human-review-repair:CP-001:29,Medium,QL-028,How many zeros appear consecutively at the end of 69! ?,15,ES-001,69,,,,,,
NS-TRAIL-001,CP-001,NS-TRAIL-001:CP-001:ns-trail-001-human-review-repair:CP-001:30,Easy,QL-002,How many zeros occur at the end of 15! ?,3,ES-001,15,,,,,,
NS-TRAIL-001,CP-001,NS-TRAIL-001:CP-001:ns-trail-001-human-review-repair:CP-001:31,Medium,QL-027,The value of 54! ends with how many zeros?,12,ES-001,54,,,,,,
NS-TRAIL-001,CP-001,NS-TRAIL-001:CP-001:ns-trail-001-human-review-repair:CP-001:32,Medium,QL-002,How many zeros occur at the end of 613! ?,150,ES-001,613,,,,,,
NS-TRAIL-001,CP-001,NS-TRAIL-001:CP-001:ns-trail-001-human-review-repair:CP-001:33,Easy,QL-001,Find the number of trailing zeros in 4!.,0,ES-001,4,,,,,,
NS-TRAIL-001,CP-001,NS-TRAIL-001:CP-001:ns-trail-001-human-review-repair:CP-001:34,Medium,QL-006,Calculate the number of zeros at the end of 83!.,19,ES-001,83,,,,,,
NS-TRAIL-001,CP-001,NS-TRAIL-001:CP-001:ns-trail-001-human-review-repair:CP-001:35,Easy,QL-001,Find the number of trailing zeros in 2!.,0,ES-001,2,,,,,,
NS-TRAIL-001,CP-001,NS-TRAIL-001:CP-001:ns-trail-001-human-review-repair:CP-001:36,Medium,QL-006,Calculate the number of zeros at the end of 113!.,26,ES-001,113,,,,,,
NS-TRAIL-001,CP-001,NS-TRAIL-001:CP-001:ns-trail-001-human-review-repair:CP-001:37,Hard,QL-029,Find the number of terminal zeros in the decimal representation of 1336!.,332,ES-001,1336,,,,,,
NS-TRAIL-001,CP-001,NS-TRAIL-001:CP-001:ns-trail-001-human-review-repair:CP-001:38,Medium,QL-030,The factorial of 171 is written in decimal form. How many trailing zeros does it contain?,41,ES-001,171,,,,,,
NS-TRAIL-001,CP-001,NS-TRAIL-001:CP-001:ns-trail-001-human-review-repair:CP-001:39,Medium,QL-001,Find the number of trailing zeros in 1190!.,295,ES-001,1190,,,,,,
NS-TRAIL-001,CP-001,NS-TRAIL-001:CP-001:ns-trail-001-human-review-repair:CP-001:40,Easy,QL-001,Find the number of trailing zeros in 2!.,0,ES-001,2,,,,,,
NS-TRAIL-001,CP-001,NS-TRAIL-001:CP-001:ns-trail-001-human-review-repair:CP-001:41,Medium,QL-030,The factorial of 35 is written in decimal form. How many trailing zeros does it contain?,8,ES-001,35,,,,,,
NS-TRAIL-001,CP-001,NS-TRAIL-001:CP-001:ns-trail-001-human-review-repair:CP-001:42,Medium,QL-003,Determine the number of trailing zeros in 204!.,49,ES-001,204,,,,,,
NS-TRAIL-001,CP-001,NS-TRAIL-001:CP-001:ns-trail-001-human-review-repair:CP-001:43,Medium,QL-028,How many zeros appear consecutively at the end of 53! ?,12,ES-001,53,,,,,,
NS-TRAIL-001,CP-001,NS-TRAIL-001:CP-001:ns-trail-001-human-review-repair:CP-001:44,Easy,QL-027,The value of 2! ends with how many zeros?,0,ES-001,2,,,,,,
NS-TRAIL-001,CP-001,NS-TRAIL-001:CP-001:ns-trail-001-human-review-repair:CP-001:45,Hard,QL-028,How many zeros appear consecutively at the end of 5663! ?,1413,ES-001,5663,,,,,,
NS-TRAIL-001,CP-001,NS-TRAIL-001:CP-001:ns-trail-001-human-review-repair:CP-001:46,Hard,QL-003,Determine the number of trailing zeros in 2368!.,588,ES-001,2368,,,,,,
NS-TRAIL-001,CP-001,NS-TRAIL-001:CP-001:ns-trail-001-human-review-repair:CP-001:47,Medium,QL-002,How many zeros occur at the end of 53! ?,12,ES-001,53,,,,,,
NS-TRAIL-001,CP-001,NS-TRAIL-001:CP-001:ns-trail-001-human-review-repair:CP-001:48,Hard,QL-029,Find the number of terminal zeros in the decimal representation of 11266!.,2814,ES-001,11266,,,,,,
NS-TRAIL-001,CP-001,NS-TRAIL-001:CP-001:ns-trail-001-human-review-repair:CP-001:49,Easy,QL-002,How many zeros occur at the end of 47! ?,10,ES-001,47,,,,,,
NS-TRAIL-001,CP-001,NS-TRAIL-001:CP-001:ns-trail-001-human-review-repair:CP-001:50,Easy,QL-030,The factorial of 17 is written in decimal form. How many trailing zeros does it contain?,3,ES-001,17,,,,,,
NS-TRAIL-001,CP-001,NS-TRAIL-001:CP-001:ns-trail-001-human-review-repair:CP-001:51,Medium,QL-003,Determine the number of trailing zeros in 72!.,16,ES-001,72,,,,,,
NS-TRAIL-001,CP-001,NS-TRAIL-001:CP-001:ns-trail-001-human-review-repair:CP-001:52,Medium,QL-006,Calculate the number of zeros at the end of 1311!.,326,ES-001,1311,,,,,,
NS-TRAIL-001,CP-001,NS-TRAIL-001:CP-001:ns-trail-001-human-review-repair:CP-001:53,Easy,QL-027,The value of 122! ends with how many zeros?,28,ES-001,122,,,,,,
NS-TRAIL-001,CP-001,NS-TRAIL-001:CP-001:ns-trail-001-human-review-repair:CP-001:54,Medium,QL-004,Find the count of terminal zeros in 601!.,148,ES-001,601,,,,,,
NS-TRAIL-001,CP-001,NS-TRAIL-001:CP-001:ns-trail-001-human-review-repair:CP-001:55,Hard,QL-027,The value of 8788! ends with how many zeros?,2194,ES-001,8788,,,,,,
NS-TRAIL-001,CP-001,NS-TRAIL-001:CP-001:ns-trail-001-human-review-repair:CP-001:56,Medium,QL-002,How many zeros occur at the end of 119! ?,27,ES-001,119,,,,,,
NS-TRAIL-001,CP-001,NS-TRAIL-001:CP-001:ns-trail-001-human-review-repair:CP-001:57,Easy,QL-001,Find the number of trailing zeros in 2!.,0,ES-001,2,,,,,,
NS-TRAIL-001,CP-001,NS-TRAIL-001:CP-001:ns-trail-001-human-review-repair:CP-001:58,Medium,QL-028,How many zeros appear consecutively at the end of 1325! ?,330,ES-001,1325,,,,,,
NS-TRAIL-001,CP-001,NS-TRAIL-001:CP-001:ns-trail-001-human-review-repair:CP-001:59,Medium,QL-001,Find the number of trailing zeros in 320!.,78,ES-001,320,,,,,,
NS-TRAIL-001,CP-001,NS-TRAIL-001:CP-001:ns-trail-001-human-review-repair:CP-001:60,Medium,QL-001,Find the number of trailing zeros in 144!.,34,ES-001,144,,,,,,
NS-TRAIL-001,CP-001,NS-TRAIL-001:CP-001:ns-trail-001-human-review-repair:CP-001:61,Medium,QL-028,How many zeros appear consecutively at the end of 45! ?,10,ES-001,45,,,,,,
NS-TRAIL-001,CP-001,NS-TRAIL-001:CP-001:ns-trail-001-human-review-repair:CP-001:62,Hard,QL-005,How many trailing zeros does 2166! contain?,539,ES-001,2166,,,,,,
NS-TRAIL-001,CP-001,NS-TRAIL-001:CP-001:ns-trail-001-human-review-repair:CP-001:63,Hard,QL-030,The factorial of 1583 is written in decimal form. How many trailing zeros does it contain?,393,ES-001,1583,,,,,,
NS-TRAIL-001,CP-001,NS-TRAIL-001:CP-001:ns-trail-001-human-review-repair:CP-001:64,Hard,QL-005,How many trailing zeros does 12780! contain?,3193,ES-001,12780,,,,,,
NS-TRAIL-001,CP-001,NS-TRAIL-001:CP-001:ns-trail-001-human-review-repair:CP-001:65,Easy,QL-028,How many zeros appear consecutively at the end of 25! ?,6,ES-001,25,,,,,,
NS-TRAIL-001,CP-001,NS-TRAIL-001:CP-001:ns-trail-001-human-review-repair:CP-001:66,Easy,QL-027,The value of 22! ends with how many zeros?,4,ES-001,22,,,,,,
NS-TRAIL-001,CP-001,NS-TRAIL-001:CP-001:ns-trail-001-human-review-repair:CP-001:67,Easy,QL-030,The factorial of 19 is written in decimal form. How many trailing zeros does it contain?,3,ES-001,19,,,,,,
NS-TRAIL-001,CP-001,NS-TRAIL-001:CP-001:ns-trail-001-human-review-repair:CP-001:68,Medium,QL-005,How many trailing zeros does 116! contain?,27,ES-001,116,,,,,,
NS-TRAIL-001,CP-001,NS-TRAIL-001:CP-001:ns-trail-001-human-review-repair:CP-001:69,Easy,QL-004,Find the count of terminal zeros in 65!.,15,ES-001,65,,,,,,
NS-TRAIL-001,CP-001,NS-TRAIL-001:CP-001:ns-trail-001-human-review-repair:CP-001:70,Medium,QL-030,The factorial of 343 is written in decimal form. How many trailing zeros does it contain?,83,ES-001,343,,,,,,
NS-TRAIL-001,CP-001,NS-TRAIL-001:CP-001:ns-trail-001-human-review-repair:CP-001:71,Easy,QL-029,Find the number of terminal zeros in the decimal representation of 2!.,0,ES-001,2,,,,,,
NS-TRAIL-001,CP-001,NS-TRAIL-001:CP-001:ns-trail-001-human-review-repair:CP-001:72,Easy,QL-030,The factorial of 9 is written in decimal form. How many trailing zeros does it contain?,1,ES-001,9,,,,,,
NS-TRAIL-001,CP-001,NS-TRAIL-001:CP-001:ns-trail-001-human-review-repair:CP-001:73,Easy,QL-003,Determine the number of trailing zeros in 36!.,8,ES-001,36,,,,,,
NS-TRAIL-001,CP-001,NS-TRAIL-001:CP-001:ns-trail-001-human-review-repair:CP-001:74,Medium,QL-028,How many zeros appear consecutively at the end of 739! ?,182,ES-001,739,,,,,,
NS-TRAIL-001,CP-001,NS-TRAIL-001:CP-001:ns-trail-001-human-review-repair:CP-001:75,Easy,QL-001,Find the number of trailing zeros in 18!.,3,ES-001,18,,,,,,
NS-TRAIL-001,CP-001,NS-TRAIL-001:CP-001:ns-trail-001-human-review-repair:CP-001:76,Medium,QL-028,How many zeros appear consecutively at the end of 489! ?,119,ES-001,489,,,,,,
NS-TRAIL-001,CP-001,NS-TRAIL-001:CP-001:ns-trail-001-human-review-repair:CP-001:77,Hard,QL-029,Find the number of terminal zeros in the decimal representation of 2496!.,620,ES-001,2496,,,,,,
NS-TRAIL-001,CP-001,NS-TRAIL-001:CP-001:ns-trail-001-human-review-repair:CP-001:78,Easy,QL-006,Calculate the number of zeros at the end of 3!.,0,ES-001,3,,,,,,
NS-TRAIL-001,CP-001,NS-TRAIL-001:CP-001:ns-trail-001-human-review-repair:CP-001:79,Hard,QL-001,Find the number of trailing zeros in 11634!.,2905,ES-001,11634,,,,,,
NS-TRAIL-001,CP-001,NS-TRAIL-001:CP-001:ns-trail-001-human-review-repair:CP-001:80,Easy,QL-001,Find the number of trailing zeros in 14!.,2,ES-001,14,,,,,,
NS-TRAIL-001,CP-001,NS-TRAIL-001:CP-001:ns-trail-001-human-review-repair:CP-001:81,Medium,QL-006,Calculate the number of zeros at the end of 127!.,31,ES-001,127,,,,,,
NS-TRAIL-001,CP-001,NS-TRAIL-001:CP-001:ns-trail-001-human-review-repair:CP-001:82,Hard,QL-005,How many trailing zeros does 5576! contain?,1391,ES-001,5576,,,,,,
NS-TRAIL-001,CP-001,NS-TRAIL-001:CP-001:ns-trail-001-human-review-repair:CP-001:83,Medium,QL-006,Calculate the number of zeros at the end of 161!.,39,ES-001,161,,,,,,
NS-TRAIL-001,CP-001,NS-TRAIL-001:CP-001:ns-trail-001-human-review-repair:CP-001:84,Medium,QL-027,The value of 1250! ends with how many zeros?,312,ES-001,1250,,,,,,
NS-TRAIL-001,CP-001,NS-TRAIL-001:CP-001:ns-trail-001-human-review-repair:CP-001:85,Easy,QL-002,How many zeros occur at the end of 123! ?,28,ES-001,123,,,,,,
NS-TRAIL-001,CP-001,NS-TRAIL-001:CP-001:ns-trail-001-human-review-repair:CP-001:86,Easy,QL-001,Find the number of trailing zeros in 24!.,4,ES-001,24,,,,,,
NS-TRAIL-001,CP-001,NS-TRAIL-001:CP-001:ns-trail-001-human-review-repair:CP-001:87,Medium,QL-028,How many zeros appear consecutively at the end of 1333! ?,331,ES-001,1333,,,,,,
NS-TRAIL-001,CP-001,NS-TRAIL-001:CP-001:ns-trail-001-human-review-repair:CP-001:88,Easy,QL-003,Determine the number of trailing zeros in 10!.,2,ES-001,10,,,,,,
NS-TRAIL-001,CP-001,NS-TRAIL-001:CP-001:ns-trail-001-human-review-repair:CP-001:89,Medium,QL-004,Find the count of terminal zeros in 683!.,169,ES-001,683,,,,,,
NS-TRAIL-001,CP-001,NS-TRAIL-001:CP-001:ns-trail-001-human-review-repair:CP-001:90,Medium,QL-030,The factorial of 469 is written in decimal form. How many trailing zeros does it contain?,114,ES-001,469,,,,,,
NS-TRAIL-001,CP-001,NS-TRAIL-001:CP-001:ns-trail-001-human-review-repair:CP-001:91,Easy,QL-027,The value of 4! ends with how many zeros?,0,ES-001,4,,,,,,
NS-TRAIL-001,CP-001,NS-TRAIL-001:CP-001:ns-trail-001-human-review-repair:CP-001:92,Medium,QL-028,How many zeros appear consecutively at the end of 295! ?,72,ES-001,295,,,,,,
NS-TRAIL-001,CP-001,NS-TRAIL-001:CP-001:ns-trail-001-human-review-repair:CP-001:93,Easy,QL-001,Find the number of trailing zeros in 2!.,0,ES-001,2,,,,,,
NS-TRAIL-001,CP-001,NS-TRAIL-001:CP-001:ns-trail-001-human-review-repair:CP-001:94,Easy,QL-002,How many zeros occur at the end of 5! ?,1,ES-001,5,,,,,,
NS-TRAIL-001,CP-001,NS-TRAIL-001:CP-001:ns-trail-001-human-review-repair:CP-001:95,Medium,QL-003,Determine the number of trailing zeros in 384!.,94,ES-001,384,,,,,,
NS-TRAIL-001,CP-001,NS-TRAIL-001:CP-001:ns-trail-001-human-review-repair:CP-001:96,Easy,QL-002,How many zeros occur at the end of 7! ?,1,ES-001,7,,,,,,
NS-TRAIL-001,CP-001,NS-TRAIL-001:CP-001:ns-trail-001-human-review-repair:CP-001:97,Easy,QL-001,Find the number of trailing zeros in 90!.,21,ES-001,90,,,,,,
NS-TRAIL-001,CP-001,NS-TRAIL-001:CP-001:ns-trail-001-human-review-repair:CP-001:98,Hard,QL-004,Find the count of terminal zeros in 857!.,212,ES-001,857,,,,,,
NS-TRAIL-001,CP-001,NS-TRAIL-001:CP-001:ns-trail-001-human-review-repair:CP-001:99,Easy,QL-001,Find the number of trailing zeros in 4!.,0,ES-001,4,,,,,,
NS-TRAIL-001,CP-001,NS-TRAIL-001:CP-001:ns-trail-001-human-review-repair:CP-001:100,Medium,QL-006,Calculate the number of zeros at the end of 117!.,27,ES-001,117,,,,,,
NS-TRAIL-001,CP-001,NS-TRAIL-001:CP-001:ns-trail-001-human-review-repair:CP-001:101,Easy,QL-001,Find the number of trailing zeros in 16!.,3,ES-001,16,,,,,,
NS-TRAIL-001,CP-001,NS-TRAIL-001:CP-001:ns-trail-001-human-review-repair:CP-001:102,Easy,QL-028,How many zeros appear consecutively at the end of 3! ?,0,ES-001,3,,,,,,
NS-TRAIL-001,CP-001,NS-TRAIL-001:CP-001:ns-trail-001-human-review-repair:CP-001:103,Easy,QL-005,How many trailing zeros does 10! contain?,2,ES-001,10,,,,,,
NS-TRAIL-001,CP-001,NS-TRAIL-001:CP-001:ns-trail-001-human-review-repair:CP-001:104,Medium,QL-002,How many zeros occur at the end of 1029! ?,255,ES-001,1029,,,,,,
NS-TRAIL-001,CP-001,NS-TRAIL-001:CP-001:ns-trail-001-human-review-repair:CP-001:105,Hard,QL-027,The value of 932! ends with how many zeros?,231,ES-001,932,,,,,,
NS-TRAIL-001,CP-001,NS-TRAIL-001:CP-001:ns-trail-001-human-review-repair:CP-001:106,Medium,QL-004,Find the count of terminal zeros in 607!.,149,ES-001,607,,,,,,
NS-TRAIL-001,CP-001,NS-TRAIL-001:CP-001:ns-trail-001-human-review-repair:CP-001:107,Medium,QL-027,The value of 1290! ends with how many zeros?,321,ES-001,1290,,,,,,
NS-TRAIL-001,CP-001,NS-TRAIL-001:CP-001:ns-trail-001-human-review-repair:CP-001:108,Medium,QL-006,Calculate the number of zeros at the end of 57!.,13,ES-001,57,,,,,,
NS-TRAIL-001,CP-001,NS-TRAIL-001:CP-001:ns-trail-001-human-review-repair:CP-001:109,Easy,QL-027,The value of 4! ends with how many zeros?,0,ES-001,4,,,,,,
NS-TRAIL-001,CP-001,NS-TRAIL-001:CP-001:ns-trail-001-human-review-repair:CP-001:110,Easy,QL-001,Find the number of trailing zeros in 58!.,13,ES-001,58,,,,,,
NS-TRAIL-001,CP-001,NS-TRAIL-001:CP-001:ns-trail-001-human-review-repair:CP-001:111,Medium,QL-006,Calculate the number of zeros at the end of 431!.,106,ES-001,431,,,,,,
NS-TRAIL-001,CP-001,NS-TRAIL-001:CP-001:ns-trail-001-human-review-repair:CP-001:112,Easy,QL-001,Find the number of trailing zeros in 8!.,1,ES-001,8,,,,,,
NS-TRAIL-001,CP-001,NS-TRAIL-001:CP-001:ns-trail-001-human-review-repair:CP-001:113,Medium,QL-002,How many zeros occur at the end of 113! ?,26,ES-001,113,,,,,,
NS-TRAIL-001,CP-001,NS-TRAIL-001:CP-001:ns-trail-001-human-review-repair:CP-001:114,Easy,QL-003,Determine the number of trailing zeros in 50!.,12,ES-001,50,,,,,,
NS-TRAIL-001,CP-001,NS-TRAIL-001:CP-001:ns-trail-001-human-review-repair:CP-001:115,Hard,QL-002,How many zeros occur at the end of 811! ?,201,ES-001,811,,,,,,
NS-TRAIL-001,CP-001,NS-TRAIL-001:CP-001:ns-trail-001-human-review-repair:CP-001:116,Easy,QL-003,Determine the number of trailing zeros in 4!.,0,ES-001,4,,,,,,
NS-TRAIL-001,CP-001,NS-TRAIL-001:CP-001:ns-trail-001-human-review-repair:CP-001:117,Medium,QL-028,How many zeros appear consecutively at the end of 1345! ?,334,ES-001,1345,,,,,,
NS-TRAIL-001,CP-001,NS-TRAIL-001:CP-001:ns-trail-001-human-review-repair:CP-001:118,Easy,QL-029,Find the number of terminal zeros in the decimal representation of 2!.,0,ES-001,2,,,,,,
NS-TRAIL-001,CP-001,NS-TRAIL-001:CP-001:ns-trail-001-human-review-repair:CP-001:119,Easy,QL-028,How many zeros appear consecutively at the end of 15! ?,3,ES-001,15,,,,,,
NS-TRAIL-001,CP-001,NS-TRAIL-001:CP-001:ns-trail-001-human-review-repair:CP-001:120,Easy,QL-006,Calculate the number of zeros at the end of 103!.,24,ES-001,103,,,,,,
NS-TRAIL-001,CP-001,NS-TRAIL-001:CP-001:ns-trail-001-human-review-repair:CP-001:121,Easy,QL-029,Find the number of terminal zeros in the decimal representation of 50!.,12,ES-001,50,,,,,,
NS-TRAIL-001,CP-001,NS-TRAIL-001:CP-001:ns-trail-001-human-review-repair:CP-001:122,Easy,QL-030,The factorial of 5 is written in decimal form. How many trailing zeros does it contain?,1,ES-001,5,,,,,,
NS-TRAIL-001,CP-001,NS-TRAIL-001:CP-001:ns-trail-001-human-review-repair:CP-001:123,Medium,QL-027,The value of 36! ends with how many zeros?,8,ES-001,36,,,,,,
NS-TRAIL-001,CP-001,NS-TRAIL-001:CP-001:ns-trail-001-human-review-repair:CP-001:124,Easy,QL-028,How many zeros appear consecutively at the end of 103! ?,24,ES-001,103,,,,,,
NS-TRAIL-001,CP-001,NS-TRAIL-001:CP-001:ns-trail-001-human-review-repair:CP-001:125,Hard,QL-005,How many trailing zeros does 4594! contain?,1145,ES-001,4594,,,,,,
NS-TRAIL-001,CP-001,NS-TRAIL-001:CP-001:ns-trail-001-human-review-repair:CP-001:126,Medium,QL-028,How many zeros appear consecutively at the end of 1209! ?,299,ES-001,1209,,,,,,
NS-TRAIL-001,CP-001,NS-TRAIL-001:CP-001:ns-trail-001-human-review-repair:CP-001:127,Hard,QL-027,The value of 1848! ends with how many zeros?,458,ES-001,1848,,,,,,
NS-TRAIL-001,CP-001,NS-TRAIL-001:CP-001:ns-trail-001-human-review-repair:CP-001:128,Easy,QL-028,How many zeros appear consecutively at the end of 59! ?,13,ES-001,59,,,,,,
NS-TRAIL-001,CP-001,NS-TRAIL-001:CP-001:ns-trail-001-human-review-repair:CP-001:129,Hard,QL-029,Find the number of terminal zeros in the decimal representation of 2498!.,620,ES-001,2498,,,,,,
NS-TRAIL-001,CP-001,NS-TRAIL-001:CP-001:ns-trail-001-human-review-repair:CP-001:130,Easy,QL-001,Find the number of trailing zeros in 4!.,0,ES-001,4,,,,,,
NS-TRAIL-001,CP-001,NS-TRAIL-001:CP-001:ns-trail-001-human-review-repair:CP-001:131,Hard,QL-028,How many zeros appear consecutively at the end of 10169! ?,2539,ES-001,10169,,,,,,
NS-TRAIL-001,CP-001,NS-TRAIL-001:CP-001:ns-trail-001-human-review-repair:CP-001:132,Easy,QL-003,Determine the number of trailing zeros in 70!.,16,ES-001,70,,,,,,
NS-TRAIL-001,CP-001,NS-TRAIL-001:CP-001:ns-trail-001-human-review-repair:CP-001:133,Hard,QL-006,Calculate the number of zeros at the end of 2175!.,542,ES-001,2175,,,,,,
NS-TRAIL-001,CP-001,NS-TRAIL-001:CP-001:ns-trail-001-human-review-repair:CP-001:134,Medium,QL-005,How many trailing zeros does 40! contain?,9,ES-001,40,,,,,,
NS-TRAIL-001,CP-001,NS-TRAIL-001:CP-001:ns-trail-001-human-review-repair:CP-001:135,Medium,QL-004,Find the count of terminal zeros in 1013!.,251,ES-001,1013,,,,,,
NS-TRAIL-001,CP-001,NS-TRAIL-001:CP-001:ns-trail-001-human-review-repair:CP-001:136,Medium,QL-027,The value of 118! ends with how many zeros?,27,ES-001,118,,,,,,
NS-TRAIL-001,CP-001,NS-TRAIL-001:CP-001:ns-trail-001-human-review-repair:CP-001:137,Medium,QL-006,Calculate the number of zeros at the end of 379!.,93,ES-001,379,,,,,,
NS-TRAIL-001,CP-001,NS-TRAIL-001:CP-001:ns-trail-001-human-review-repair:CP-001:138,Hard,QL-001,Find the number of trailing zeros in 844!.,208,ES-001,844,,,,,,
NS-TRAIL-001,CP-001,NS-TRAIL-001:CP-001:ns-trail-001-human-review-repair:CP-001:139,Medium,QL-030,The factorial of 109 is written in decimal form. How many trailing zeros does it contain?,25,ES-001,109,,,,,,
NS-TRAIL-001,CP-001,NS-TRAIL-001:CP-001:ns-trail-001-human-review-repair:CP-001:140,Medium,QL-004,Find the count of terminal zeros in 413!.,101,ES-001,413,,,,,,
NS-TRAIL-001,CP-001,NS-TRAIL-001:CP-001:ns-trail-001-human-review-repair:CP-001:141,Medium,QL-029,Find the number of terminal zeros in the decimal representation of 868!.,214,ES-001,868,,,,,,
NS-TRAIL-001,CP-001,NS-TRAIL-001:CP-001:ns-trail-001-human-review-repair:CP-001:142,Medium,QL-006,Calculate the number of zeros at the end of 31!.,7,ES-001,31,,,,,,
NS-TRAIL-001,CP-001,NS-TRAIL-001:CP-001:ns-trail-001-human-review-repair:CP-001:143,Hard,QL-027,The value of 14550! ends with how many zeros?,3635,ES-001,14550,,,,,,
NS-TRAIL-001,CP-001,NS-TRAIL-001:CP-001:ns-trail-001-human-review-repair:CP-001:144,Hard,QL-028,How many zeros appear consecutively at the end of 4821! ?,1202,ES-001,4821,,,,,,
NS-TRAIL-001,CP-001,NS-TRAIL-001:CP-001:ns-trail-001-human-review-repair:CP-001:145,Easy,QL-005,How many trailing zeros does 28! contain?,6,ES-001,28,,,,,,
NS-TRAIL-001,CP-001,NS-TRAIL-001:CP-001:ns-trail-001-human-review-repair:CP-001:146,Hard,QL-006,Calculate the number of zeros at the end of 4135!.,1032,ES-001,4135,,,,,,
NS-TRAIL-001,CP-001,NS-TRAIL-001:CP-001:ns-trail-001-human-review-repair:CP-001:147,Medium,QL-003,Determine the number of trailing zeros in 226!.,55,ES-001,226,,,,,,
NS-TRAIL-001,CP-001,NS-TRAIL-001:CP-001:ns-trail-001-human-review-repair:CP-001:148,Easy,QL-030,The factorial of 1 is written in decimal form. How many trailing zeros does it contain?,0,ES-001,1,,,,,,
NS-TRAIL-001,CP-001,NS-TRAIL-001:CP-001:ns-trail-001-human-review-repair:CP-001:149,Easy,QL-027,The value of 76! ends with how many zeros?,18,ES-001,76,,,,,,
NS-TRAIL-001,CP-001,NS-TRAIL-001:CP-001:ns-trail-001-human-review-repair:CP-001:150,Medium,QL-005,How many trailing zeros does 342! contain?,83,ES-001,342,,,,,,
NS-TRAIL-001,CP-001,NS-TRAIL-001:CP-001:ns-trail-001-human-review-repair:CP-001:151,Medium,QL-004,Find the count of terminal zeros in 411!.,101,ES-001,411,,,,,,
NS-TRAIL-001,CP-001,NS-TRAIL-001:CP-001:ns-trail-001-human-review-repair:CP-001:152,Hard,QL-003,Determine the number of trailing zeros in 13568!.,3388,ES-001,13568,,,,,,
NS-TRAIL-001,CP-001,NS-TRAIL-001:CP-001:ns-trail-001-human-review-repair:CP-001:153,Easy,QL-006,Calculate the number of zeros at the end of 101!.,24,ES-001,101,,,,,,
NS-TRAIL-001,CP-001,NS-TRAIL-001:CP-001:ns-trail-001-human-review-repair:CP-001:154,Easy,QL-027,The value of 2! ends with how many zeros?,0,ES-001,2,,,,,,
NS-TRAIL-001,CP-001,NS-TRAIL-001:CP-001:ns-trail-001-human-review-repair:CP-001:155,Medium,QL-002,How many zeros occur at the end of 87! ?,20,ES-001,87,,,,,,
NS-TRAIL-001,CP-001,NS-TRAIL-001:CP-001:ns-trail-001-human-review-repair:CP-001:156,Medium,QL-027,The value of 248! ends with how many zeros?,59,ES-001,248,,,,,,
NS-TRAIL-001,CP-001,NS-TRAIL-001:CP-001:ns-trail-001-human-review-repair:CP-001:157,Medium,QL-006,Calculate the number of zeros at the end of 565!.,139,ES-001,565,,,,,,
NS-TRAIL-001,CP-001,NS-TRAIL-001:CP-001:ns-trail-001-human-review-repair:CP-001:158,Medium,QL-001,Find the number of trailing zeros in 94!.,21,ES-001,94,,,,,,
NS-TRAIL-001,CP-001,NS-TRAIL-001:CP-001:ns-trail-001-human-review-repair:CP-001:159,Easy,QL-006,Calculate the number of zeros at the end of 3!.,0,ES-001,3,,,,,,
NS-TRAIL-001,CP-001,NS-TRAIL-001:CP-001:ns-trail-001-human-review-repair:CP-001:160,Easy,QL-004,Find the count of terminal zeros in 39!.,8,ES-001,39,,,,,,
NS-TRAIL-001,CP-001,NS-TRAIL-001:CP-001:ns-trail-001-human-review-repair:CP-001:161,Hard,QL-029,Find the number of terminal zeros in the decimal representation of 1374!.,340,ES-001,1374,,,,,,
NS-TRAIL-001,CP-001,NS-TRAIL-001:CP-001:ns-trail-001-human-review-repair:CP-001:162,Medium,QL-002,How many zeros occur at the end of 717! ?,177,ES-001,717,,,,,,
NS-TRAIL-001,CP-001,NS-TRAIL-001:CP-001:ns-trail-001-human-review-repair:CP-001:163,Easy,QL-005,How many trailing zeros does 4! contain?,0,ES-001,4,,,,,,
NS-TRAIL-001,CP-001,NS-TRAIL-001:CP-001:ns-trail-001-human-review-repair:CP-001:164,Easy,QL-006,Calculate the number of zeros at the end of 3!.,0,ES-001,3,,,,,,
NS-TRAIL-001,CP-001,NS-TRAIL-001:CP-001:ns-trail-001-human-review-repair:CP-001:165,Hard,QL-003,Determine the number of trailing zeros in 2886!.,719,ES-001,2886,,,,,,
NS-TRAIL-001,CP-001,NS-TRAIL-001:CP-001:ns-trail-001-human-review-repair:CP-001:166,Easy,QL-028,How many zeros appear consecutively at the end of 1! ?,0,ES-001,1,,,,,,
NS-TRAIL-001,CP-001,NS-TRAIL-001:CP-001:ns-trail-001-human-review-repair:CP-001:167,Easy,QL-001,Find the number of trailing zeros in 104!.,24,ES-001,104,,,,,,
NS-TRAIL-001,CP-001,NS-TRAIL-001:CP-001:ns-trail-001-human-review-repair:CP-001:168,Easy,QL-002,How many zeros occur at the end of 7! ?,1,ES-001,7,,,,,,
NS-TRAIL-001,CP-001,NS-TRAIL-001:CP-001:ns-trail-001-human-review-repair:CP-001:169,Easy,QL-001,Find the number of trailing zeros in 18!.,3,ES-001,18,,,,,,
NS-TRAIL-001,CP-001,NS-TRAIL-001:CP-001:ns-trail-001-human-review-repair:CP-001:170,Easy,QL-001,Find the number of trailing zeros in 4!.,0,ES-001,4,,,,,,
NS-TRAIL-001,CP-001,NS-TRAIL-001:CP-001:ns-trail-001-human-review-repair:CP-001:171,Hard,QL-006,Calculate the number of zeros at the end of 15197!.,3795,ES-001,15197,,,,,,
NS-TRAIL-001,CP-001,NS-TRAIL-001:CP-001:ns-trail-001-human-review-repair:CP-001:172,Medium,QL-003,Determine the number of trailing zeros in 666!.,165,ES-001,666,,,,,,
NS-TRAIL-001,CP-001,NS-TRAIL-001:CP-001:ns-trail-001-human-review-repair:CP-001:173,Medium,QL-030,The factorial of 107 is written in decimal form. How many trailing zeros does it contain?,25,ES-001,107,,,,,,
NS-TRAIL-001,CP-001,NS-TRAIL-001:CP-001:ns-trail-001-human-review-repair:CP-001:174,Medium,QL-005,How many trailing zeros does 72! contain?,16,ES-001,72,,,,,,
NS-TRAIL-001,CP-001,NS-TRAIL-001:CP-001:ns-trail-001-human-review-repair:CP-001:175,Medium,QL-002,How many zeros occur at the end of 385! ?,95,ES-001,385,,,,,,
NS-TRAIL-001,CP-001,NS-TRAIL-001:CP-001:ns-trail-001-human-review-repair:CP-001:176,Medium,QL-027,The value of 106! ends with how many zeros?,25,ES-001,106,,,,,,
NS-TRAIL-001,CP-001,NS-TRAIL-001:CP-001:ns-trail-001-human-review-repair:CP-001:177,Medium,QL-002,How many zeros occur at the end of 947! ?,234,ES-001,947,,,,,,
NS-TRAIL-001,CP-001,NS-TRAIL-001:CP-001:ns-trail-001-human-review-repair:CP-001:178,Easy,QL-003,Determine the number of trailing zeros in 4!.,0,ES-001,4,,,,,,
NS-TRAIL-001,CP-001,NS-TRAIL-001:CP-001:ns-trail-001-human-review-repair:CP-001:179,Medium,QL-006,Calculate the number of zeros at the end of 33!.,7,ES-001,33,,,,,,
NS-TRAIL-001,CP-001,NS-TRAIL-001:CP-001:ns-trail-001-human-review-repair:CP-001:180,Hard,QL-030,The factorial of 869 is written in decimal form. How many trailing zeros does it contain?,214,ES-001,869,,,,,,
NS-TRAIL-001,CP-001,NS-TRAIL-001:CP-001:ns-trail-001-human-review-repair:CP-001:181,Medium,QL-001,Find the number of trailing zeros in 568!.,139,ES-001,568,,,,,,
NS-TRAIL-001,CP-001,NS-TRAIL-001:CP-001:ns-trail-001-human-review-repair:CP-001:182,Easy,QL-002,How many zeros occur at the end of 3! ?,0,ES-001,3,,,,,,
NS-TRAIL-001,CP-001,NS-TRAIL-001:CP-001:ns-trail-001-human-review-repair:CP-001:183,Easy,QL-027,The value of 2! ends with how many zeros?,0,ES-001,2,,,,,,
NS-TRAIL-001,CP-001,NS-TRAIL-001:CP-001:ns-trail-001-human-review-repair:CP-001:184,Medium,QL-030,The factorial of 421 is written in decimal form. How many trailing zeros does it contain?,103,ES-001,421,,,,,,
NS-TRAIL-001,CP-001,NS-TRAIL-001:CP-001:ns-trail-001-human-review-repair:CP-001:185,Medium,QL-027,The value of 84! ends with how many zeros?,19,ES-001,84,,,,,,
NS-TRAIL-001,CP-001,NS-TRAIL-001:CP-001:ns-trail-001-human-review-repair:CP-001:186,Easy,QL-006,Calculate the number of zeros at the end of 7!.,1,ES-001,7,,,,,,
NS-TRAIL-001,CP-001,NS-TRAIL-001:CP-001:ns-trail-001-human-review-repair:CP-001:187,Medium,QL-029,Find the number of terminal zeros in the decimal representation of 130!.,32,ES-001,130,,,,,,
NS-TRAIL-001,CP-001,NS-TRAIL-001:CP-001:ns-trail-001-human-review-repair:CP-001:188,Medium,QL-006,Calculate the number of zeros at the end of 93!.,21,ES-001,93,,,,,,
NS-TRAIL-001,CP-001,NS-TRAIL-001:CP-001:ns-trail-001-human-review-repair:CP-001:189,Medium,QL-027,The value of 80! ends with how many zeros?,19,ES-001,80,,,,,,
NS-TRAIL-001,CP-001,NS-TRAIL-001:CP-001:ns-trail-001-human-review-repair:CP-001:190,Hard,QL-005,How many trailing zeros does 4874! contain?,1214,ES-001,4874,,,,,,
NS-TRAIL-001,CP-001,NS-TRAIL-001:CP-001:ns-trail-001-human-review-repair:CP-001:191,Easy,QL-030,The factorial of 3 is written in decimal form. How many trailing zeros does it contain?,0,ES-001,3,,,,,,
NS-TRAIL-001,CP-001,NS-TRAIL-001:CP-001:ns-trail-001-human-review-repair:CP-001:192,Hard,QL-005,How many trailing zeros does 2052! contain?,511,ES-001,2052,,,,,,
NS-TRAIL-001,CP-001,NS-TRAIL-001:CP-001:ns-trail-001-human-review-repair:CP-001:193,Easy,QL-002,How many zeros occur at the end of 13! ?,2,ES-001,13,,,,,,
NS-TRAIL-001,CP-001,NS-TRAIL-001:CP-001:ns-trail-001-human-review-repair:CP-001:194,Easy,QL-003,Determine the number of trailing zeros in 2!.,0,ES-001,2,,,,,,
NS-TRAIL-001,CP-001,NS-TRAIL-001:CP-001:ns-trail-001-human-review-repair:CP-001:195,Hard,QL-028,How many zeros appear consecutively at the end of 17511! ?,4376,ES-001,17511,,,,,,
NS-TRAIL-001,CP-001,NS-TRAIL-001:CP-001:ns-trail-001-human-review-repair:CP-001:196,Hard,QL-005,How many trailing zeros does 10824! contain?,2702,ES-001,10824,,,,,,
NS-TRAIL-001,CP-001,NS-TRAIL-001:CP-001:ns-trail-001-human-review-repair:CP-001:197,Easy,QL-028,How many zeros appear consecutively at the end of 37! ?,8,ES-001,37,,,,,,
NS-TRAIL-001,CP-001,NS-TRAIL-001:CP-001:ns-trail-001-human-review-repair:CP-001:198,Easy,QL-029,Find the number of terminal zeros in the decimal representation of 110!.,26,ES-001,110,,,,,,
NS-TRAIL-001,CP-001,NS-TRAIL-001:CP-001:ns-trail-001-human-review-repair:CP-001:199,Easy,QL-004,Find the count of terminal zeros in 23!.,4,ES-001,23,,,,,,
NS-TRAIL-001,CP-001,NS-TRAIL-001:CP-001:ns-trail-001-human-review-repair:CP-001:200,Easy,QL-029,Find the number of terminal zeros in the decimal representation of 62!.,14,ES-001,62,,,,,,
NS-TRAIL-001,CP-001,NS-TRAIL-001:CP-001:ns-trail-001-human-review-repair:CP-001:201,Hard,QL-002,How many zeros occur at the end of 1923! ?,478,ES-001,1923,,,,,,
NS-TRAIL-001,CP-001,NS-TRAIL-001:CP-001:ns-trail-001-human-review-repair:CP-001:202,Easy,QL-001,Find the number of trailing zeros in 4!.,0,ES-001,4,,,,,,
NS-TRAIL-001,CP-001,NS-TRAIL-001:CP-001:ns-trail-001-human-review-repair:CP-001:203,Hard,QL-004,Find the count of terminal zeros in 2453!.,610,ES-001,2453,,,,,,
NS-TRAIL-001,CP-001,NS-TRAIL-001:CP-001:ns-trail-001-human-review-repair:CP-001:204,Medium,QL-003,Determine the number of trailing zeros in 210!.,51,ES-001,210,,,,,,
NS-TRAIL-001,CP-001,NS-TRAIL-001:CP-001:ns-trail-001-human-review-repair:CP-001:205,Medium,QL-002,How many zeros occur at the end of 567! ?,139,ES-001,567,,,,,,
NS-TRAIL-001,CP-001,NS-TRAIL-001:CP-001:ns-trail-001-human-review-repair:CP-001:206,Medium,QL-001,Find the number of trailing zeros in 432!.,106,ES-001,432,,,,,,
NS-TRAIL-001,CP-001,NS-TRAIL-001:CP-001:ns-trail-001-human-review-repair:CP-001:207,Medium,QL-030,The factorial of 909 is written in decimal form. How many trailing zeros does it contain?,225,ES-001,909,,,,,,
NS-TRAIL-001,CP-001,NS-TRAIL-001:CP-001:ns-trail-001-human-review-repair:CP-001:208,Hard,QL-005,How many trailing zeros does 854! contain?,211,ES-001,854,,,,,,
NS-TRAIL-001,CP-001,NS-TRAIL-001:CP-001:ns-trail-001-human-review-repair:CP-001:209,Easy,QL-028,How many zeros appear consecutively at the end of 27! ?,6,ES-001,27,,,,,,
NS-TRAIL-001,CP-001,NS-TRAIL-001:CP-001:ns-trail-001-human-review-repair:CP-001:210,Medium,QL-004,Find the count of terminal zeros in 57!.,13,ES-001,57,,,,,,
NS-TRAIL-001,CP-001,NS-TRAIL-001:CP-001:ns-trail-001-human-review-repair:CP-001:211,Hard,QL-027,The value of 1228! ends with how many zeros?,304,ES-001,1228,,,,,,
NS-TRAIL-001,CP-001,NS-TRAIL-001:CP-001:ns-trail-001-human-review-repair:CP-001:212,Easy,QL-004,Find the count of terminal zeros in 3!.,0,ES-001,3,,,,,,
NS-TRAIL-001,CP-001,NS-TRAIL-001:CP-001:ns-trail-001-human-review-repair:CP-001:213,Hard,QL-001,Find the number of trailing zeros in 4282!.,1068,ES-001,4282,,,,,,
NS-TRAIL-001,CP-001,NS-TRAIL-001:CP-001:ns-trail-001-human-review-repair:CP-001:214,Easy,QL-030,The factorial of 53 is written in decimal form. How many trailing zeros does it contain?,12,ES-001,53,,,,,,
NS-TRAIL-001,CP-001,NS-TRAIL-001:CP-001:ns-trail-001-human-review-repair:CP-001:215,Medium,QL-003,Determine the number of trailing zeros in 328!.,80,ES-001,328,,,,,,
NS-TRAIL-001,CP-001,NS-TRAIL-001:CP-001:ns-trail-001-human-review-repair:CP-001:216,Easy,QL-002,How many zeros occur at the end of 95! ?,22,ES-001,95,,,,,,
NS-TRAIL-001,CP-001,NS-TRAIL-001:CP-001:ns-trail-001-human-review-repair:CP-001:217,Easy,QL-029,Find the number of terminal zeros in the decimal representation of 2!.,0,ES-001,2,,,,,,
NS-TRAIL-001,CP-001,NS-TRAIL-001:CP-001:ns-trail-001-human-review-repair:CP-001:218,Easy,QL-004,Find the count of terminal zeros in 5!.,1,ES-001,5,,,,,,
NS-TRAIL-001,CP-001,NS-TRAIL-001:CP-001:ns-trail-001-human-review-repair:CP-001:219,Medium,QL-003,Determine the number of trailing zeros in 1244!.,307,ES-001,1244,,,,,,
NS-TRAIL-001,CP-001,NS-TRAIL-001:CP-001:ns-trail-001-human-review-repair:CP-001:220,Hard,QL-001,Find the number of trailing zeros in 13588!.,3393,ES-001,13588,,,,,,
NS-TRAIL-001,CP-001,NS-TRAIL-001:CP-001:ns-trail-001-human-review-repair:CP-001:221,Hard,QL-030,The factorial of 12701 is written in decimal form. How many trailing zeros does it contain?,3173,ES-001,12701,,,,,,
NS-TRAIL-001,CP-001,NS-TRAIL-001:CP-001:ns-trail-001-human-review-repair:CP-001:222,Medium,QL-005,How many trailing zeros does 710! contain?,176,ES-001,710,,,,,,
NS-TRAIL-001,CP-001,NS-TRAIL-001:CP-001:ns-trail-001-human-review-repair:CP-001:223,Easy,QL-006,Calculate the number of zeros at the end of 3!.,0,ES-001,3,,,,,,
NS-TRAIL-001,CP-001,NS-TRAIL-001:CP-001:ns-trail-001-human-review-repair:CP-001:224,Hard,QL-027,The value of 1268! ends with how many zeros?,315,ES-001,1268,,,,,,
NS-TRAIL-001,CP-001,NS-TRAIL-001:CP-001:ns-trail-001-human-review-repair:CP-001:225,Medium,QL-006,Calculate the number of zeros at the end of 1137!.,282,ES-001,1137,,,,,,
NS-TRAIL-001,CP-001,NS-TRAIL-001:CP-001:ns-trail-001-human-review-repair:CP-001:226,Easy,QL-029,Find the number of terminal zeros in the decimal representation of 102!.,24,ES-001,102,,,,,,
NS-TRAIL-001,CP-001,NS-TRAIL-001:CP-001:ns-trail-001-human-review-repair:CP-001:227,Hard,QL-028,How many zeros appear consecutively at the end of 15479! ?,3865,ES-001,15479,,,,,,
NS-TRAIL-001,CP-001,NS-TRAIL-001:CP-001:ns-trail-001-human-review-repair:CP-001:228,Hard,QL-005,How many trailing zeros does 696! contain?,172,ES-001,696,,,,,,
NS-TRAIL-001,CP-001,NS-TRAIL-001:CP-001:ns-trail-001-human-review-repair:CP-001:229,Easy,QL-004,Find the count of terminal zeros in 77!.,18,ES-001,77,,,,,,
NS-TRAIL-001,CP-001,NS-TRAIL-001:CP-001:ns-trail-001-human-review-repair:CP-001:230,Medium,QL-030,The factorial of 231 is written in decimal form. How many trailing zeros does it contain?,56,ES-001,231,,,,,,
NS-TRAIL-001,CP-001,NS-TRAIL-001:CP-001:ns-trail-001-human-review-repair:CP-001:231,Medium,QL-001,Find the number of trailing zeros in 594!.,145,ES-001,594,,,,,,
NS-TRAIL-001,CP-001,NS-TRAIL-001:CP-001:ns-trail-001-human-review-repair:CP-001:232,Easy,QL-028,How many zeros appear consecutively at the end of 1! ?,0,ES-001,1,,,,,,
NS-TRAIL-001,CP-001,NS-TRAIL-001:CP-001:ns-trail-001-human-review-repair:CP-001:233,Hard,QL-027,The value of 15820! ends with how many zeros?,3953,ES-001,15820,,,,,,
NS-TRAIL-001,CP-001,NS-TRAIL-001:CP-001:ns-trail-001-human-review-repair:CP-001:234,Medium,QL-030,The factorial of 1363 is written in decimal form. How many trailing zeros does it contain?,338,ES-001,1363,,,,,,
NS-TRAIL-001,CP-001,NS-TRAIL-001:CP-001:ns-trail-001-human-review-repair:CP-001:235,Easy,QL-029,Find the number of terminal zeros in the decimal representation of 102!.,24,ES-001,102,,,,,,
NS-TRAIL-001,CP-001,NS-TRAIL-001:CP-001:ns-trail-001-human-review-repair:CP-001:236,Hard,QL-002,How many zeros occur at the end of 1441! ?,358,ES-001,1441,,,,,,
NS-TRAIL-001,CP-001,NS-TRAIL-001:CP-001:ns-trail-001-human-review-repair:CP-001:237,Easy,QL-005,How many trailing zeros does 24! contain?,4,ES-001,24,,,,,,
NS-TRAIL-001,CP-001,NS-TRAIL-001:CP-001:ns-trail-001-human-review-repair:CP-001:238,Easy,QL-004,Find the count of terminal zeros in 19!.,3,ES-001,19,,,,,,
NS-TRAIL-001,CP-001,NS-TRAIL-001:CP-001:ns-trail-001-human-review-repair:CP-001:239,Easy,QL-027,The value of 2! ends with how many zeros?,0,ES-001,2,,,,,,
NS-TRAIL-001,CP-001,NS-TRAIL-001:CP-001:ns-trail-001-human-review-repair:CP-001:240,Medium,QL-003,Determine the number of trailing zeros in 1178!.,292,ES-001,1178,,,,,,
NS-TRAIL-001,CP-001,NS-TRAIL-001:CP-001:ns-trail-001-human-review-repair:CP-001:241,Medium,QL-006,Calculate the number of zeros at the end of 99!.,22,ES-001,99,,,,,,
NS-TRAIL-001,CP-001,NS-TRAIL-001:CP-001:ns-trail-001-human-review-repair:CP-001:242,Easy,QL-027,The value of 16! ends with how many zeros?,3,ES-001,16,,,,,,
NS-TRAIL-001,CP-001,NS-TRAIL-001:CP-001:ns-trail-001-human-review-repair:CP-001:243,Hard,QL-006,Calculate the number of zeros at the end of 17589!.,4394,ES-001,17589,,,,,,
NS-TRAIL-001,CP-001,NS-TRAIL-001:CP-001:ns-trail-001-human-review-repair:CP-001:244,Medium,QL-027,The value of 398! ends with how many zeros?,97,ES-001,398,,,,,,
NS-TRAIL-001,CP-001,NS-TRAIL-001:CP-001:ns-trail-001-human-review-repair:CP-001:245,Medium,QL-028,How many zeros appear consecutively at the end of 1459! ?,362,ES-001,1459,,,,,,
NS-TRAIL-001,CP-001,NS-TRAIL-001:CP-001:ns-trail-001-human-review-repair:CP-001:246,Medium,QL-001,Find the number of trailing zeros in 60!.,14,ES-001,60,,,,,,
NS-TRAIL-001,CP-001,NS-TRAIL-001:CP-001:ns-trail-001-human-review-repair:CP-001:247,Medium,QL-028,How many zeros appear consecutively at the end of 573! ?,140,ES-001,573,,,,,,
NS-TRAIL-001,CP-001,NS-TRAIL-001:CP-001:ns-trail-001-human-review-repair:CP-001:248,Easy,QL-027,The value of 46! ends with how many zeros?,10,ES-001,46,,,,,,
NS-TRAIL-001,CP-001,NS-TRAIL-001:CP-001:ns-trail-001-human-review-repair:CP-001:249,Easy,QL-002,How many zeros occur at the end of 3! ?,0,ES-001,3,,,,,,
NS-TRAIL-001,CP-001,NS-TRAIL-001:CP-001:ns-trail-001-human-review-repair:CP-001:250,Medium,QL-030,The factorial of 377 is written in decimal form. How many trailing zeros does it contain?,93,ES-001,377,,,,,,
NS-TRAIL-001,CP-001,NS-TRAIL-001:CP-001:ns-trail-001-human-review-repair:CP-001:251,Hard,QL-001,Find the number of trailing zeros in 7804!.,1948,ES-001,7804,,,,,,
NS-TRAIL-001,CP-001,NS-TRAIL-001:CP-001:ns-trail-001-human-review-repair:CP-001:252,Hard,QL-028,How many zeros appear consecutively at the end of 1367! ?,339,ES-001,1367,,,,,,
NS-TRAIL-001,CP-001,NS-TRAIL-001:CP-001:ns-trail-001-human-review-repair:CP-001:253,Easy,QL-029,Find the number of terminal zeros in the decimal representation of 18!.,3,ES-001,18,,,,,,
NS-TRAIL-001,CP-001,NS-TRAIL-001:CP-001:ns-trail-001-human-review-repair:CP-001:254,Hard,QL-004,Find the count of terminal zeros in 4853!.,1210,ES-001,4853,,,,,,
NS-TRAIL-001,CP-001,NS-TRAIL-001:CP-001:ns-trail-001-human-review-repair:CP-001:255,Easy,QL-001,Find the number of trailing zeros in 8!.,1,ES-001,8,,,,,,
NS-TRAIL-001,CP-001,NS-TRAIL-001:CP-001:ns-trail-001-human-review-repair:CP-001:256,Easy,QL-006,Calculate the number of zeros at the end of 111!.,26,ES-001,111,,,,,,
NS-TRAIL-001,CP-001,NS-TRAIL-001:CP-001:ns-trail-001-human-review-repair:CP-001:257,Medium,QL-029,Find the number of terminal zeros in the decimal representation of 450!.,111,ES-001,450,,,,,,
NS-TRAIL-001,CP-001,NS-TRAIL-001:CP-001:ns-trail-001-human-review-repair:CP-001:258,Hard,QL-004,Find the count of terminal zeros in 8281!.,2068,ES-001,8281,,,,,,
NS-TRAIL-001,CP-001,NS-TRAIL-001:CP-001:ns-trail-001-human-review-repair:CP-001:259,Medium,QL-005,How many trailing zeros does 372! contain?,90,ES-001,372,,,,,,
NS-TRAIL-001,CP-001,NS-TRAIL-001:CP-001:ns-trail-001-human-review-repair:CP-001:260,Easy,QL-005,How many trailing zeros does 8! contain?,1,ES-001,8,,,,,,
NS-TRAIL-001,CP-001,NS-TRAIL-001:CP-001:ns-trail-001-human-review-repair:CP-001:261,Medium,QL-028,How many zeros appear consecutively at the end of 61! ?,14,ES-001,61,,,,,,
NS-TRAIL-001,CP-001,NS-TRAIL-001:CP-001:ns-trail-001-human-review-repair:CP-001:262,Hard,QL-003,Determine the number of trailing zeros in 1574!.,390,ES-001,1574,,,,,,
NS-TRAIL-001,CP-001,NS-TRAIL-001:CP-001:ns-trail-001-human-review-repair:CP-001:263,Hard,QL-002,How many zeros occur at the end of 14991! ?,3743,ES-001,14991,,,,,,
NS-TRAIL-001,CP-001,NS-TRAIL-001:CP-001:ns-trail-001-human-review-repair:CP-001:264,Medium,QL-029,Find the number of terminal zeros in the decimal representation of 392!.,96,ES-001,392,,,,,,
NS-TRAIL-001,CP-001,NS-TRAIL-001:CP-001:ns-trail-001-human-review-repair:CP-001:265,Medium,QL-002,How many zeros occur at the end of 69! ?,15,ES-001,69,,,,,,
NS-TRAIL-001,CP-001,NS-TRAIL-001:CP-001:ns-trail-001-human-review-repair:CP-001:266,Easy,QL-029,Find the number of terminal zeros in the decimal representation of 2!.,0,ES-001,2,,,,,,
NS-TRAIL-001,CP-001,NS-TRAIL-001:CP-001:ns-trail-001-human-review-repair:CP-001:267,Easy,QL-028,How many zeros appear consecutively at the end of 43! ?,9,ES-001,43,,,,,,
NS-TRAIL-001,CP-001,NS-TRAIL-001:CP-001:ns-trail-001-human-review-repair:CP-001:268,Easy,QL-003,Determine the number of trailing zeros in 20!.,4,ES-001,20,,,,,,
NS-TRAIL-001,CP-001,NS-TRAIL-001:CP-001:ns-trail-001-human-review-repair:CP-001:269,Medium,QL-004,Find the count of terminal zeros in 981!.,243,ES-001,981,,,,,,
NS-TRAIL-001,CP-001,NS-TRAIL-001:CP-001:ns-trail-001-human-review-repair:CP-001:270,Easy,QL-004,Find the count of terminal zeros in 3!.,0,ES-001,3,,,,,,
NS-TRAIL-001,CP-001,NS-TRAIL-001:CP-001:ns-trail-001-human-review-repair:CP-001:271,Easy,QL-001,Find the number of trailing zeros in 58!.,13,ES-001,58,,,,,,
NS-TRAIL-001,CP-001,NS-TRAIL-001:CP-001:ns-trail-001-human-review-repair:CP-001:272,Medium,QL-006,Calculate the number of zeros at the end of 105!.,25,ES-001,105,,,,,,
NS-TRAIL-001,CP-001,NS-TRAIL-001:CP-001:ns-trail-001-human-review-repair:CP-001:273,Easy,QL-027,The value of 24! ends with how many zeros?,4,ES-001,24,,,,,,
NS-TRAIL-001,CP-001,NS-TRAIL-001:CP-001:ns-trail-001-human-review-repair:CP-001:274,Medium,QL-004,Find the count of terminal zeros in 851!.,211,ES-001,851,,,,,,
NS-TRAIL-001,CP-001,NS-TRAIL-001:CP-001:ns-trail-001-human-review-repair:CP-001:275,Medium,QL-027,The value of 110! ends with how many zeros?,26,ES-001,110,,,,,,
NS-TRAIL-001,CP-001,NS-TRAIL-001:CP-001:ns-trail-001-human-review-repair:CP-001:276,Medium,QL-002,How many zeros occur at the end of 89! ?,20,ES-001,89,,,,,,
NS-TRAIL-001,CP-001,NS-TRAIL-001:CP-001:ns-trail-001-human-review-repair:CP-001:277,Hard,QL-003,Determine the number of trailing zeros in 5116!.,1276,ES-001,5116,,,,,,
NS-TRAIL-001,CP-001,NS-TRAIL-001:CP-001:ns-trail-001-human-review-repair:CP-001:278,Easy,QL-002,How many zeros occur at the end of 103! ?,24,ES-001,103,,,,,,
NS-TRAIL-001,CP-001,NS-TRAIL-001:CP-001:ns-trail-001-human-review-repair:CP-001:279,Easy,QL-005,How many trailing zeros does 66! contain?,15,ES-001,66,,,,,,
NS-TRAIL-001,CP-001,NS-TRAIL-001:CP-001:ns-trail-001-human-review-repair:CP-001:280,Easy,QL-005,How many trailing zeros does 2! contain?,0,ES-001,2,,,,,,
NS-TRAIL-001,CP-001,NS-TRAIL-001:CP-001:ns-trail-001-human-review-repair:CP-001:281,Medium,QL-006,Calculate the number of zeros at the end of 39!.,8,ES-001,39,,,,,,
NS-TRAIL-001,CP-001,NS-TRAIL-001:CP-001:ns-trail-001-human-review-repair:CP-001:282,Easy,QL-001,Find the number of trailing zeros in 32!.,7,ES-001,32,,,,,,
NS-TRAIL-001,CP-001,NS-TRAIL-001:CP-001:ns-trail-001-human-review-repair:CP-001:283,Medium,QL-028,How many zeros appear consecutively at the end of 649! ?,160,ES-001,649,,,,,,
NS-TRAIL-001,CP-001,NS-TRAIL-001:CP-001:ns-trail-001-human-review-repair:CP-001:284,Medium,QL-001,Find the number of trailing zeros in 1134!.,281,ES-001,1134,,,,,,
NS-TRAIL-001,CP-001,NS-TRAIL-001:CP-001:ns-trail-001-human-review-repair:CP-001:285,Medium,QL-030,The factorial of 1391 is written in decimal form. How many trailing zeros does it contain?,346,ES-001,1391,,,,,,
NS-TRAIL-001,CP-001,NS-TRAIL-001:CP-001:ns-trail-001-human-review-repair:CP-001:286,Hard,QL-027,The value of 848! ends with how many zeros?,209,ES-001,848,,,,,,
NS-TRAIL-001,CP-001,NS-TRAIL-001:CP-001:ns-trail-001-human-review-repair:CP-001:287,Easy,QL-004,Find the count of terminal zeros in 13!.,2,ES-001,13,,,,,,
NS-TRAIL-001,CP-001,NS-TRAIL-001:CP-001:ns-trail-001-human-review-repair:CP-001:288,Easy,QL-003,Determine the number of trailing zeros in 66!.,15,ES-001,66,,,,,,
NS-TRAIL-001,CP-001,NS-TRAIL-001:CP-001:ns-trail-001-human-review-repair:CP-001:289,Easy,QL-028,How many zeros appear consecutively at the end of 71! ?,16,ES-001,71,,,,,,
NS-TRAIL-001,CP-001,NS-TRAIL-001:CP-001:ns-trail-001-human-review-repair:CP-001:290,Hard,QL-004,Find the count of terminal zeros in 7761!.,1938,ES-001,7761,,,,,,
NS-TRAIL-001,CP-001,NS-TRAIL-001:CP-001:ns-trail-001-human-review-repair:CP-001:291,Easy,QL-003,Determine the number of trailing zeros in 124!.,28,ES-001,124,,,,,,
NS-TRAIL-001,CP-001,NS-TRAIL-001:CP-001:ns-trail-001-human-review-repair:CP-001:292,Medium,QL-004,Find the count of terminal zeros in 1215!.,301,ES-001,1215,,,,,,
NS-TRAIL-001,CP-001,NS-TRAIL-001:CP-001:ns-trail-001-human-review-repair:CP-001:293,Medium,QL-029,Find the number of terminal zeros in the decimal representation of 1234!.,305,ES-001,1234,,,,,,
NS-TRAIL-001,CP-001,NS-TRAIL-001:CP-001:ns-trail-001-human-review-repair:CP-001:294,Hard,QL-030,The factorial of 1993 is written in decimal form. How many trailing zeros does it contain?,495,ES-001,1993,,,,,,
NS-TRAIL-001,CP-001,NS-TRAIL-001:CP-001:ns-trail-001-human-review-repair:CP-001:295,Easy,QL-029,Find the number of terminal zeros in the decimal representation of 88!.,20,ES-001,88,,,,,,
NS-TRAIL-001,CP-001,NS-TRAIL-001:CP-001:ns-trail-001-human-review-repair:CP-001:296,Easy,QL-030,The factorial of 3 is written in decimal form. How many trailing zeros does it contain?,0,ES-001,3,,,,,,
NS-TRAIL-001,CP-001,NS-TRAIL-001:CP-001:ns-trail-001-human-review-repair:CP-001:297,Medium,QL-005,How many trailing zeros does 26! contain?,6,ES-001,26,,,,,,
NS-TRAIL-001,CP-001,NS-TRAIL-001:CP-001:ns-trail-001-human-review-repair:CP-001:298,Medium,QL-030,The factorial of 397 is written in decimal form. How many trailing zeros does it contain?,97,ES-001,397,,,,,,
NS-TRAIL-001,CP-001,NS-TRAIL-001:CP-001:ns-trail-001-human-review-repair:CP-001:299,Medium,QL-001,Find the number of trailing zeros in 580!.,143,ES-001,580,,,,,,
NS-TRAIL-001,CP-001,NS-TRAIL-001:CP-001:ns-trail-001-human-review-repair:CP-001:300,Hard,QL-006,Calculate the number of zeros at the end of 1971!.,490,ES-001,1971,,,,,,
NS-TRAIL-001,CP-001,NS-TRAIL-001:CP-001:ns-trail-001-human-review-repair:CP-001:301,Medium,QL-029,Find the number of terminal zeros in the decimal representation of 1454!.,361,ES-001,1454,,,,,,
NS-TRAIL-001,CP-001,NS-TRAIL-001:CP-001:ns-trail-001-human-review-repair:CP-001:302,Easy,QL-028,How many zeros appear consecutively at the end of 1! ?,0,ES-001,1,,,,,,
NS-TRAIL-001,CP-001,NS-TRAIL-001:CP-001:ns-trail-001-human-review-repair:CP-001:303,Medium,QL-005,How many trailing zeros does 1496! contain?,371,ES-001,1496,,,,,,
NS-TRAIL-001,CP-001,NS-TRAIL-001:CP-001:ns-trail-001-human-review-repair:CP-001:304,Hard,QL-030,The factorial of 2311 is written in decimal form. How many trailing zeros does it contain?,575,ES-001,2311,,,,,,
NS-TRAIL-001,CP-001,NS-TRAIL-001:CP-001:ns-trail-001-human-review-repair:CP-001:305,Hard,QL-029,Find the number of terminal zeros in the decimal representation of 5934!.,1480,ES-001,5934,,,,,,
NS-TRAIL-001,CP-001,NS-TRAIL-001:CP-001:ns-trail-001-human-review-repair:CP-001:306,Hard,QL-030,The factorial of 2037 is written in decimal form. How many trailing zeros does it contain?,507,ES-001,2037,,,,,,
NS-TRAIL-001,CP-001,NS-TRAIL-001:CP-001:ns-trail-001-human-review-repair:CP-001:307,Hard,QL-001,Find the number of trailing zeros in 1340!.,333,ES-001,1340,,,,,,
NS-TRAIL-001,CP-001,NS-TRAIL-001:CP-001:ns-trail-001-human-review-repair:CP-001:308,Medium,QL-030,The factorial of 663 is written in decimal form. How many trailing zeros does it contain?,164,ES-001,663,,,,,,
NS-TRAIL-001,CP-001,NS-TRAIL-001:CP-001:ns-trail-001-human-review-repair:CP-001:309,Easy,QL-027,The value of 18! ends with how many zeros?,3,ES-001,18,,,,,,
NS-TRAIL-001,CP-001,NS-TRAIL-001:CP-001:ns-trail-001-human-review-repair:CP-001:310,Medium,QL-027,The value of 868! ends with how many zeros?,214,ES-001,868,,,,,,
NS-TRAIL-001,CP-001,NS-TRAIL-001:CP-001:ns-trail-001-human-review-repair:CP-001:311,Hard,QL-030,The factorial of 18649 is written in decimal form. How many trailing zeros does it contain?,4658,ES-001,18649,,,,,,
NS-TRAIL-001,CP-001,NS-TRAIL-001:CP-001:ns-trail-001-human-review-repair:CP-001:312,Easy,QL-029,Find the number of terminal zeros in the decimal representation of 114!.,26,ES-001,114,,,,,,
NS-TRAIL-001,CP-001,NS-TRAIL-001:CP-001:ns-trail-001-human-review-repair:CP-001:313,Easy,QL-028,How many zeros appear consecutively at the end of 23! ?,4,ES-001,23,,,,,,
NS-TRAIL-001,CP-001,NS-TRAIL-001:CP-001:ns-trail-001-human-review-repair:CP-001:314,Easy,QL-001,Find the number of trailing zeros in 124!.,28,ES-001,124,,,,,,
NS-TRAIL-001,CP-001,NS-TRAIL-001:CP-001:ns-trail-001-human-review-repair:CP-001:315,Easy,QL-006,Calculate the number of zeros at the end of 41!.,9,ES-001,41,,,,,,
NS-TRAIL-001,CP-001,NS-TRAIL-001:CP-001:ns-trail-001-human-review-repair:CP-001:316,Medium,QL-001,Find the number of trailing zeros in 58!.,13,ES-001,58,,,,,,
NS-TRAIL-001,CP-001,NS-TRAIL-001:CP-001:ns-trail-001-human-review-repair:CP-001:317,Easy,QL-002,How many zeros occur at the end of 23! ?,4,ES-001,23,,,,,,
NS-TRAIL-001,CP-001,NS-TRAIL-001:CP-001:ns-trail-001-human-review-repair:CP-001:318,Medium,QL-029,Find the number of terminal zeros in the decimal representation of 32!.,7,ES-001,32,,,,,,
NS-TRAIL-001,CP-001,NS-TRAIL-001:CP-001:ns-trail-001-human-review-repair:CP-001:319,Easy,QL-006,Calculate the number of zeros at the end of 9!.,1,ES-001,9,,,,,,
NS-TRAIL-001,CP-001,NS-TRAIL-001:CP-001:ns-trail-001-human-review-repair:CP-001:320,Easy,QL-002,How many zeros occur at the end of 13! ?,2,ES-001,13,,,,,,
NS-TRAIL-001,CP-001,NS-TRAIL-001:CP-001:ns-trail-001-human-review-repair:CP-001:321,Hard,QL-001,Find the number of trailing zeros in 1472!.,365,ES-001,1472,,,,,,
NS-TRAIL-001,CP-001,NS-TRAIL-001:CP-001:ns-trail-001-human-review-repair:CP-001:322,Medium,QL-030,The factorial of 679 is written in decimal form. How many trailing zeros does it contain?,168,ES-001,679,,,,,,
NS-TRAIL-001,CP-001,NS-TRAIL-001:CP-001:ns-trail-001-human-review-repair:CP-001:323,Hard,QL-001,Find the number of trailing zeros in 4854!.,1210,ES-001,4854,,,,,,
NS-TRAIL-001,CP-001,NS-TRAIL-001:CP-001:ns-trail-001-human-review-repair:CP-001:324,Medium,QL-006,Calculate the number of zeros at the end of 1405!.,350,ES-001,1405,,,,,,
NS-TRAIL-001,CP-001,NS-TRAIL-001:CP-001:ns-trail-001-human-review-repair:CP-001:325,Medium,QL-005,How many trailing zeros does 532! contain?,131,ES-001,532,,,,,,
NS-TRAIL-001,CP-001,NS-TRAIL-001:CP-001:ns-trail-001-human-review-repair:CP-001:326,Easy,QL-030,The factorial of 3 is written in decimal form. How many trailing zeros does it contain?,0,ES-001,3,,,,,,
NS-TRAIL-001,CP-001,NS-TRAIL-001:CP-001:ns-trail-001-human-review-repair:CP-001:327,Medium,QL-005,How many trailing zeros does 586! contain?,144,ES-001,586,,,,,,
NS-TRAIL-001,CP-001,NS-TRAIL-001:CP-001:ns-trail-001-human-review-repair:CP-001:328,Easy,QL-002,How many zeros occur at the end of 97! ?,22,ES-001,97,,,,,,
NS-TRAIL-001,CP-001,NS-TRAIL-001:CP-001:ns-trail-001-human-review-repair:CP-001:329,Medium,QL-003,Determine the number of trailing zeros in 124!.,28,ES-001,124,,,,,,
NS-TRAIL-001,CP-001,NS-TRAIL-001:CP-001:ns-trail-001-human-review-repair:CP-001:330,Medium,QL-003,Determine the number of trailing zeros in 46!.,10,ES-001,46,,,,,,
NS-TRAIL-001,CP-001,NS-TRAIL-001:CP-001:ns-trail-001-human-review-repair:CP-001:331,Easy,QL-002,How many zeros occur at the end of 7! ?,1,ES-001,7,,,,,,
NS-TRAIL-001,CP-001,NS-TRAIL-001:CP-001:ns-trail-001-human-review-repair:CP-001:332,Medium,QL-027,The value of 928! ends with how many zeros?,230,ES-001,928,,,,,,
NS-TRAIL-001,CP-001,NS-TRAIL-001:CP-001:ns-trail-001-human-review-repair:CP-001:333,Medium,QL-006,Calculate the number of zeros at the end of 333!.,81,ES-001,333,,,,,,
NS-TRAIL-001,CP-001,NS-TRAIL-001:CP-001:ns-trail-001-human-review-repair:CP-001:334,Medium,QL-029,Find the number of terminal zeros in the decimal representation of 110!.,26,ES-001,110,,,,,,
NS-TRAIL-001,CP-001,NS-TRAIL-001:CP-001:ns-trail-001-human-review-repair:CP-001:335,Easy,QL-006,Calculate the number of zeros at the end of 3!.,0,ES-001,3,,,,,,
NS-TRAIL-001,CP-001,NS-TRAIL-001:CP-001:ns-trail-001-human-review-repair:CP-001:336,Easy,QL-001,Find the number of trailing zeros in 24!.,4,ES-001,24,,,,,,
NS-TRAIL-001,CP-001,NS-TRAIL-001:CP-001:ns-trail-001-human-review-repair:CP-001:337,Medium,QL-028,How many zeros appear consecutively at the end of 65! ?,15,ES-001,65,,,,,,
NS-TRAIL-001,CP-001,NS-TRAIL-001:CP-001:ns-trail-001-human-review-repair:CP-001:338,Hard,QL-027,The value of 5150! ends with how many zeros?,1286,ES-001,5150,,,,,,
NS-TRAIL-001,CP-001,NS-TRAIL-001:CP-001:ns-trail-001-human-review-repair:CP-001:339,Medium,QL-030,The factorial of 331 is written in decimal form. How many trailing zeros does it contain?,81,ES-001,331,,,,,,
NS-TRAIL-001,CP-001,NS-TRAIL-001:CP-001:ns-trail-001-human-review-repair:CP-001:340,Easy,QL-028,How many zeros appear consecutively at the end of 83! ?,19,ES-001,83,,,,,,
NS-TRAIL-001,CP-001,NS-TRAIL-001:CP-001:ns-trail-001-human-review-repair:CP-001:341,Easy,QL-001,Find the number of trailing zeros in 2!.,0,ES-001,2,,,,,,
NS-TRAIL-001,CP-001,NS-TRAIL-001:CP-001:ns-trail-001-human-review-repair:CP-001:342,Easy,QL-006,Calculate the number of zeros at the end of 1!.,0,ES-001,1,,,,,,
NS-TRAIL-001,CP-001,NS-TRAIL-001:CP-001:ns-trail-001-human-review-repair:CP-001:343,Medium,QL-027,The value of 624! ends with how many zeros?,152,ES-001,624,,,,,,
NS-TRAIL-001,CP-001,NS-TRAIL-001:CP-001:ns-trail-001-human-review-repair:CP-001:344,Hard,QL-028,How many zeros appear consecutively at the end of 1971! ?,490,ES-001,1971,,,,,,
NS-TRAIL-001,CP-001,NS-TRAIL-001:CP-001:ns-trail-001-human-review-repair:CP-001:345,Medium,QL-005,How many trailing zeros does 1498! contain?,371,ES-001,1498,,,,,,
NS-TRAIL-001,CP-001,NS-TRAIL-001:CP-001:ns-trail-001-human-review-repair:CP-001:346,Easy,QL-030,The factorial of 1 is written in decimal form. How many trailing zeros does it contain?,0,ES-001,1,,,,,,
NS-TRAIL-001,CP-001,NS-TRAIL-001:CP-001:ns-trail-001-human-review-repair:CP-001:347,Hard,QL-001,Find the number of trailing zeros in 3848!.,959,ES-001,3848,,,,,,
NS-TRAIL-001,CP-001,NS-TRAIL-001:CP-001:ns-trail-001-human-review-repair:CP-001:348,Medium,QL-002,How many zeros occur at the end of 595! ?,146,ES-001,595,,,,,,
NS-TRAIL-001,CP-001,NS-TRAIL-001:CP-001:ns-trail-001-human-review-repair:CP-001:349,Medium,QL-027,The value of 614! ends with how many zeros?,150,ES-001,614,,,,,,
NS-TRAIL-001,CP-001,NS-TRAIL-001:CP-001:ns-trail-001-human-review-repair:CP-001:350,Medium,QL-001,Find the number of trailing zeros in 976!.,242,ES-001,976,,,,,,
NS-TRAIL-001,CP-001,NS-TRAIL-001:CP-001:ns-trail-001-human-review-repair:CP-001:351,Easy,QL-002,How many zeros occur at the end of 1! ?,0,ES-001,1,,,,,,
NS-TRAIL-001,CP-001,NS-TRAIL-001:CP-001:ns-trail-001-human-review-repair:CP-001:352,Medium,QL-001,Find the number of trailing zeros in 1026!.,255,ES-001,1026,,,,,,
NS-TRAIL-001,CP-001,NS-TRAIL-001:CP-001:ns-trail-001-human-review-repair:CP-001:353,Easy,QL-006,Calculate the number of zeros at the end of 7!.,1,ES-001,7,,,,,,
NS-TRAIL-001,CP-001,NS-TRAIL-001:CP-001:ns-trail-001-human-review-repair:CP-001:354,Hard,QL-027,The value of 5980! ends with how many zeros?,1492,ES-001,5980,,,,,,
NS-TRAIL-001,CP-001,NS-TRAIL-001:CP-001:ns-trail-001-human-review-repair:CP-001:355,Easy,QL-028,How many zeros appear consecutively at the end of 101! ?,24,ES-001,101,,,,,,
NS-TRAIL-001,CP-001,NS-TRAIL-001:CP-001:ns-trail-001-human-review-repair:CP-001:356,Hard,QL-027,The value of 17702! ends with how many zeros?,4423,ES-001,17702,,,,,,
NS-TRAIL-001,CP-001,NS-TRAIL-001:CP-001:ns-trail-001-human-review-repair:CP-001:357,Medium,QL-006,Calculate the number of zeros at the end of 119!.,27,ES-001,119,,,,,,
NS-TRAIL-001,CP-001,NS-TRAIL-001:CP-001:ns-trail-001-human-review-repair:CP-001:358,Easy,QL-003,Determine the number of trailing zeros in 16!.,3,ES-001,16,,,,,,
NS-TRAIL-001,CP-001,NS-TRAIL-001:CP-001:ns-trail-001-human-review-repair:CP-001:359,Easy,QL-006,Calculate the number of zeros at the end of 1!.,0,ES-001,1,,,,,,
NS-TRAIL-001,CP-001,NS-TRAIL-001:CP-001:ns-trail-001-human-review-repair:CP-001:360,Easy,QL-002,How many zeros occur at the end of 1! ?,0,ES-001,1,,,,,,
NS-TRAIL-001,CP-001,NS-TRAIL-001:CP-001:ns-trail-001-human-review-repair:CP-001:361,Medium,QL-029,Find the number of terminal zeros in the decimal representation of 332!.,81,ES-001,332,,,,,,
NS-TRAIL-001,CP-001,NS-TRAIL-001:CP-001:ns-trail-001-human-review-repair:CP-001:362,Medium,QL-004,Find the count of terminal zeros in 115!.,27,ES-001,115,,,,,,
NS-TRAIL-001,CP-001,NS-TRAIL-001:CP-001:ns-trail-001-human-review-repair:CP-001:363,Medium,QL-029,Find the number of terminal zeros in the decimal representation of 110!.,26,ES-001,110,,,,,,
NS-TRAIL-001,CP-001,NS-TRAIL-001:CP-001:ns-trail-001-human-review-repair:CP-001:364,Hard,QL-028,How many zeros appear consecutively at the end of 1209! ?,299,ES-001,1209,,,,,,
NS-TRAIL-001,CP-001,NS-TRAIL-001:CP-001:ns-trail-001-human-review-repair:CP-001:365,Hard,QL-005,How many trailing zeros does 2004! contain?,499,ES-001,2004,,,,,,
NS-TRAIL-001,CP-001,NS-TRAIL-001:CP-001:ns-trail-001-human-review-repair:CP-001:366,Medium,QL-030,The factorial of 31 is written in decimal form. How many trailing zeros does it contain?,7,ES-001,31,,,,,,
NS-TRAIL-001,CP-001,NS-TRAIL-001:CP-001:ns-trail-001-human-review-repair:CP-001:367,Medium,QL-003,Determine the number of trailing zeros in 730!.,181,ES-001,730,,,,,,
NS-TRAIL-001,CP-001,NS-TRAIL-001:CP-001:ns-trail-001-human-review-repair:CP-001:368,Easy,QL-028,How many zeros appear consecutively at the end of 1! ?,0,ES-001,1,,,,,,
NS-TRAIL-001,CP-001,NS-TRAIL-001:CP-001:ns-trail-001-human-review-repair:CP-001:369,Medium,QL-001,Find the number of trailing zeros in 72!.,16,ES-001,72,,,,,,
NS-TRAIL-001,CP-001,NS-TRAIL-001:CP-001:ns-trail-001-human-review-repair:CP-001:370,Medium,QL-027,The value of 386! ends with how many zeros?,95,ES-001,386,,,,,,
NS-TRAIL-001,CP-001,NS-TRAIL-001:CP-001:ns-trail-001-human-review-repair:CP-001:371,Medium,QL-002,How many zeros occur at the end of 451! ?,111,ES-001,451,,,,,,
NS-TRAIL-001,CP-001,NS-TRAIL-001:CP-001:ns-trail-001-human-review-repair:CP-001:372,Easy,QL-001,Find the number of trailing zeros in 92!.,21,ES-001,92,,,,,,
NS-TRAIL-001,CP-001,NS-TRAIL-001:CP-001:ns-trail-001-human-review-repair:CP-001:373,Medium,QL-030,The factorial of 265 is written in decimal form. How many trailing zeros does it contain?,65,ES-001,265,,,,,,
NS-TRAIL-001,CP-001,NS-TRAIL-001:CP-001:ns-trail-001-human-review-repair:CP-001:374,Easy,QL-029,Find the number of terminal zeros in the decimal representation of 2!.,0,ES-001,2,,,,,,
NS-TRAIL-001,CP-001,NS-TRAIL-001:CP-001:ns-trail-001-human-review-repair:CP-001:375,Medium,QL-006,Calculate the number of zeros at the end of 107!.,25,ES-001,107,,,,,,
NS-TRAIL-001,CP-001,NS-TRAIL-001:CP-001:ns-trail-001-human-review-repair:CP-001:376,Hard,QL-027,The value of 19184! ends with how many zeros?,4793,ES-001,19184,,,,,,
NS-TRAIL-001,CP-001,NS-TRAIL-001:CP-001:ns-trail-001-human-review-repair:CP-001:377,Easy,QL-030,The factorial of 1 is written in decimal form. How many trailing zeros does it contain?,0,ES-001,1,,,,,,
NS-TRAIL-001,CP-001,NS-TRAIL-001:CP-001:ns-trail-001-human-review-repair:CP-001:378,Medium,QL-001,Find the number of trailing zeros in 386!.,95,ES-001,386,,,,,,
NS-TRAIL-001,CP-001,NS-TRAIL-001:CP-001:ns-trail-001-human-review-repair:CP-001:379,Easy,QL-002,How many zeros occur at the end of 3! ?,0,ES-001,3,,,,,,
NS-TRAIL-001,CP-001,NS-TRAIL-001:CP-001:ns-trail-001-human-review-repair:CP-001:380,Easy,QL-002,How many zeros occur at the end of 107! ?,25,ES-001,107,,,,,,
NS-TRAIL-001,CP-001,NS-TRAIL-001:CP-001:ns-trail-001-human-review-repair:CP-001:381,Medium,QL-027,The value of 402! ends with how many zeros?,99,ES-001,402,,,,,,
NS-TRAIL-001,CP-001,NS-TRAIL-001:CP-001:ns-trail-001-human-review-repair:CP-001:382,Hard,QL-006,Calculate the number of zeros at the end of 2257!.,562,ES-001,2257,,,,,,
NS-TRAIL-001,CP-001,NS-TRAIL-001:CP-001:ns-trail-001-human-review-repair:CP-001:383,Easy,QL-027,The value of 4! ends with how many zeros?,0,ES-001,4,,,,,,
NS-TRAIL-001,CP-001,NS-TRAIL-001:CP-001:ns-trail-001-human-review-repair:CP-001:384,Easy,QL-004,Find the count of terminal zeros in 31!.,7,ES-001,31,,,,,,
NS-TRAIL-001,CP-001,NS-TRAIL-001:CP-001:ns-trail-001-human-review-repair:CP-001:385,Easy,QL-005,How many trailing zeros does 2! contain?,0,ES-001,2,,,,,,
NS-TRAIL-001,CP-001,NS-TRAIL-001:CP-001:ns-trail-001-human-review-repair:CP-001:386,Hard,QL-006,Calculate the number of zeros at the end of 969!.,239,ES-001,969,,,,,,
NS-TRAIL-001,CP-001,NS-TRAIL-001:CP-001:ns-trail-001-human-review-repair:CP-001:387,Easy,QL-003,Determine the number of trailing zeros in 4!.,0,ES-001,4,,,,,,
NS-TRAIL-001,CP-001,NS-TRAIL-001:CP-001:ns-trail-001-human-review-repair:CP-001:388,Hard,QL-030,The factorial of 6519 is written in decimal form. How many trailing zeros does it contain?,1627,ES-001,6519,,,,,,
NS-TRAIL-001,CP-001,NS-TRAIL-001:CP-001:ns-trail-001-human-review-repair:CP-001:389,Medium,QL-005,How many trailing zeros does 346! contain?,84,ES-001,346,,,,,,
NS-TRAIL-001,CP-001,NS-TRAIL-001:CP-001:ns-trail-001-human-review-repair:CP-001:390,Medium,QL-001,Find the number of trailing zeros in 60!.,14,ES-001,60,,,,,,
NS-TRAIL-001,CP-001,NS-TRAIL-001:CP-001:ns-trail-001-human-review-repair:CP-001:391,Easy,QL-030,The factorial of 109 is written in decimal form. How many trailing zeros does it contain?,25,ES-001,109,,,,,,
NS-TRAIL-001,CP-001,NS-TRAIL-001:CP-001:ns-trail-001-human-review-repair:CP-001:392,Hard,QL-003,Determine the number of trailing zeros in 8966!.,2238,ES-001,8966,,,,,,
NS-TRAIL-001,CP-001,NS-TRAIL-001:CP-001:ns-trail-001-human-review-repair:CP-001:393,Medium,QL-002,How many zeros occur at the end of 1375! ?,343,ES-001,1375,,,,,,
NS-TRAIL-001,CP-001,NS-TRAIL-001:CP-001:ns-trail-001-human-review-repair:CP-001:394,Medium,QL-005,How many trailing zeros does 920! contain?,228,ES-001,920,,,,,,
NS-TRAIL-001,CP-001,NS-TRAIL-001:CP-001:ns-trail-001-human-review-repair:CP-001:395,Medium,QL-004,Find the count of terminal zeros in 1465!.,364,ES-001,1465,,,,,,
NS-TRAIL-001,CP-001,NS-TRAIL-001:CP-001:ns-trail-001-human-review-repair:CP-001:396,Easy,QL-029,Find the number of terminal zeros in the decimal representation of 82!.,19,ES-001,82,,,,,,
NS-TRAIL-001,CP-001,NS-TRAIL-001:CP-001:ns-trail-001-human-review-repair:CP-001:397,Medium,QL-030,The factorial of 43 is written in decimal form. How many trailing zeros does it contain?,9,ES-001,43,,,,,,
NS-TRAIL-001,CP-001,NS-TRAIL-001:CP-001:ns-trail-001-human-review-repair:CP-001:398,Easy,QL-005,How many trailing zeros does 4! contain?,0,ES-001,4,,,,,,
NS-TRAIL-001,CP-001,NS-TRAIL-001:CP-001:ns-trail-001-human-review-repair:CP-001:399,Medium,QL-028,How many zeros appear consecutively at the end of 37! ?,8,ES-001,37,,,,,,
NS-TRAIL-001,CP-001,NS-TRAIL-001:CP-001:ns-trail-001-human-review-repair:CP-001:400,Easy,QL-027,The value of 20! ends with how many zeros?,4,ES-001,20,,,,,,
NS-TRAIL-001,CP-001,NS-TRAIL-001:CP-001:ns-trail-001-human-review-repair:CP-001:401,Medium,QL-030,The factorial of 1329 is written in decimal form. How many trailing zeros does it contain?,330,ES-001,1329,,,,,,
NS-TRAIL-001,CP-001,NS-TRAIL-001:CP-001:ns-trail-001-human-review-repair:CP-001:402,Medium,QL-003,Determine the number of trailing zeros in 810!.,201,ES-001,810,,,,,,
NS-TRAIL-001,CP-001,NS-TRAIL-001:CP-001:ns-trail-001-human-review-repair:CP-001:403,Easy,QL-006,Calculate the number of zeros at the end of 59!.,13,ES-001,59,,,,,,
NS-TRAIL-001,CP-001,NS-TRAIL-001:CP-001:ns-trail-001-human-review-repair:CP-001:404,Medium,QL-001,Find the number of trailing zeros in 1308!.,325,ES-001,1308,,,,,,
NS-TRAIL-001,CP-001,NS-TRAIL-001:CP-001:ns-trail-001-human-review-repair:CP-001:405,Hard,QL-030,The factorial of 4693 is written in decimal form. How many trailing zeros does it contain?,1170,ES-001,4693,,,,,,
NS-TRAIL-001,CP-001,NS-TRAIL-001:CP-001:ns-trail-001-human-review-repair:CP-001:406,Easy,QL-027,The value of 18! ends with how many zeros?,3,ES-001,18,,,,,,
NS-TRAIL-001,CP-001,NS-TRAIL-001:CP-001:ns-trail-001-human-review-repair:CP-001:407,Easy,QL-002,How many zeros occur at the end of 23! ?,4,ES-001,23,,,,,,
NS-TRAIL-001,CP-001,NS-TRAIL-001:CP-001:ns-trail-001-human-review-repair:CP-001:408,Medium,QL-027,The value of 416! ends with how many zeros?,102,ES-001,416,,,,,,
NS-TRAIL-001,CP-001,NS-TRAIL-001:CP-001:ns-trail-001-human-review-repair:CP-001:409,Easy,QL-002,How many zeros occur at the end of 5! ?,1,ES-001,5,,,,,,
NS-TRAIL-001,CP-001,NS-TRAIL-001:CP-001:ns-trail-001-human-review-repair:CP-001:410,Easy,QL-006,Calculate the number of zeros at the end of 11!.,2,ES-001,11,,,,,,
NS-TRAIL-001,CP-001,NS-TRAIL-001:CP-001:ns-trail-001-human-review-repair:CP-001:411,Hard,QL-005,How many trailing zeros does 3018! contain?,751,ES-001,3018,,,,,,
NS-TRAIL-001,CP-001,NS-TRAIL-001:CP-001:ns-trail-001-human-review-repair:CP-001:412,Medium,QL-028,How many zeros appear consecutively at the end of 829! ?,205,ES-001,829,,,,,,
NS-TRAIL-001,CP-001,NS-TRAIL-001:CP-001:ns-trail-001-human-review-repair:CP-001:413,Medium,QL-001,Find the number of trailing zeros in 28!.,6,ES-001,28,,,,,,
NS-TRAIL-001,CP-001,NS-TRAIL-001:CP-001:ns-trail-001-human-review-repair:CP-001:414,Easy,QL-030,The factorial of 3 is written in decimal form. How many trailing zeros does it contain?,0,ES-001,3,,,,,,
NS-TRAIL-001,CP-001,NS-TRAIL-001:CP-001:ns-trail-001-human-review-repair:CP-001:415,Easy,QL-001,Find the number of trailing zeros in 2!.,0,ES-001,2,,,,,,
NS-TRAIL-001,CP-001,NS-TRAIL-001:CP-001:ns-trail-001-human-review-repair:CP-001:416,Hard,QL-004,Find the count of terminal zeros in 19205!.,4799,ES-001,19205,,,,,,
NS-TRAIL-001,CP-001,NS-TRAIL-001:CP-001:ns-trail-001-human-review-repair:CP-001:417,Medium,QL-027,The value of 88! ends with how many zeros?,20,ES-001,88,,,,,,
NS-TRAIL-001,CP-001,NS-TRAIL-001:CP-001:ns-trail-001-human-review-repair:CP-001:418,Easy,QL-028,How many zeros appear consecutively at the end of 67! ?,15,ES-001,67,,,,,,
NS-TRAIL-001,CP-001,NS-TRAIL-001:CP-001:ns-trail-001-human-review-repair:CP-001:419,Hard,QL-003,Determine the number of trailing zeros in 750!.,187,ES-001,750,,,,,,
NS-TRAIL-001,CP-001,NS-TRAIL-001:CP-001:ns-trail-001-human-review-repair:CP-001:420,Medium,QL-005,How many trailing zeros does 118! contain?,27,ES-001,118,,,,,,
NS-TRAIL-001,CP-001,NS-TRAIL-001:CP-001:ns-trail-001-human-review-repair:CP-001:421,Easy,QL-030,The factorial of 3 is written in decimal form. How many trailing zeros does it contain?,0,ES-001,3,,,,,,
NS-TRAIL-001,CP-001,NS-TRAIL-001:CP-001:ns-trail-001-human-review-repair:CP-001:422,Hard,QL-029,Find the number of terminal zeros in the decimal representation of 12760!.,3188,ES-001,12760,,,,,,
NS-TRAIL-001,CP-001,NS-TRAIL-001:CP-001:ns-trail-001-human-review-repair:CP-001:423,Medium,QL-030,The factorial of 81 is written in decimal form. How many trailing zeros does it contain?,19,ES-001,81,,,,,,
NS-TRAIL-001,CP-001,NS-TRAIL-001:CP-001:ns-trail-001-human-review-repair:CP-001:424,Easy,QL-029,Find the number of terminal zeros in the decimal representation of 54!.,12,ES-001,54,,,,,,
NS-TRAIL-001,CP-001,NS-TRAIL-001:CP-001:ns-trail-001-human-review-repair:CP-001:425,Easy,QL-004,Find the count of terminal zeros in 47!.,10,ES-001,47,,,,,,
NS-TRAIL-001,CP-001,NS-TRAIL-001:CP-001:ns-trail-001-human-review-repair:CP-001:426,Medium,QL-003,Determine the number of trailing zeros in 1488!.,369,ES-001,1488,,,,,,
NS-TRAIL-001,CP-001,NS-TRAIL-001:CP-001:ns-trail-001-human-review-repair:CP-001:427,Medium,QL-004,Find the count of terminal zeros in 77!.,18,ES-001,77,,,,,,
NS-TRAIL-001,CP-001,NS-TRAIL-001:CP-001:ns-trail-001-human-review-repair:CP-001:428,Medium,QL-029,Find the number of terminal zeros in the decimal representation of 466!.,114,ES-001,466,,,,,,
NS-TRAIL-001,CP-001,NS-TRAIL-001:CP-001:ns-trail-001-human-review-repair:CP-001:429,Medium,QL-028,How many zeros appear consecutively at the end of 535! ?,132,ES-001,535,,,,,,
NS-TRAIL-001,CP-001,NS-TRAIL-001:CP-001:ns-trail-001-human-review-repair:CP-001:430,Easy,QL-004,Find the count of terminal zeros in 1!.,0,ES-001,1,,,,,,
NS-TRAIL-001,CP-001,NS-TRAIL-001:CP-001:ns-trail-001-human-review-repair:CP-001:431,Easy,QL-001,Find the number of trailing zeros in 100!.,24,ES-001,100,,,,,,
NS-TRAIL-001,CP-001,NS-TRAIL-001:CP-001:ns-trail-001-human-review-repair:CP-001:432,Easy,QL-030,The factorial of 3 is written in decimal form. How many trailing zeros does it contain?,0,ES-001,3,,,,,,
NS-TRAIL-001,CP-001,NS-TRAIL-001:CP-001:ns-trail-001-human-review-repair:CP-001:433,Easy,QL-003,Determine the number of trailing zeros in 2!.,0,ES-001,2,,,,,,
NS-TRAIL-001,CP-001,NS-TRAIL-001:CP-001:ns-trail-001-human-review-repair:CP-001:434,Medium,QL-028,How many zeros appear consecutively at the end of 1261! ?,314,ES-001,1261,,,,,,
NS-TRAIL-001,CP-001,NS-TRAIL-001:CP-001:ns-trail-001-human-review-repair:CP-001:435,Hard,QL-005,How many trailing zeros does 16524! contain?,4128,ES-001,16524,,,,,,
NS-TRAIL-001,CP-001,NS-TRAIL-001:CP-001:ns-trail-001-human-review-repair:CP-001:436,Easy,QL-006,Calculate the number of zeros at the end of 3!.,0,ES-001,3,,,,,,
NS-TRAIL-001,CP-001,NS-TRAIL-001:CP-001:ns-trail-001-human-review-repair:CP-001:437,Hard,QL-003,Determine the number of trailing zeros in 19966!.,4988,ES-001,19966,,,,,,
NS-TRAIL-001,CP-001,NS-TRAIL-001:CP-001:ns-trail-001-human-review-repair:CP-001:438,Medium,QL-028,How many zeros appear consecutively at the end of 537! ?,132,ES-001,537,,,,,,
NS-TRAIL-001,CP-001,NS-TRAIL-001:CP-001:ns-trail-001-human-review-repair:CP-001:439,Medium,QL-003,Determine the number of trailing zeros in 1404!.,349,ES-001,1404,,,,,,
NS-TRAIL-001,CP-001,NS-TRAIL-001:CP-001:ns-trail-001-human-review-repair:CP-001:440,Hard,QL-005,How many trailing zeros does 2096! contain?,521,ES-001,2096,,,,,,
NS-TRAIL-001,CP-001,NS-TRAIL-001:CP-001:ns-trail-001-human-review-repair:CP-001:441,Easy,QL-004,Find the count of terminal zeros in 1!.,0,ES-001,1,,,,,,
NS-TRAIL-001,CP-001,NS-TRAIL-001:CP-001:ns-trail-001-human-review-repair:CP-001:442,Hard,QL-029,Find the number of terminal zeros in the decimal representation of 850!.,211,ES-001,850,,,,,,
NS-TRAIL-001,CP-001,NS-TRAIL-001:CP-001:ns-trail-001-human-review-repair:CP-001:443,Easy,QL-006,Calculate the number of zeros at the end of 23!.,4,ES-001,23,,,,,,
NS-TRAIL-001,CP-001,NS-TRAIL-001:CP-001:ns-trail-001-human-review-repair:CP-001:444,Easy,QL-001,Find the number of trailing zeros in 4!.,0,ES-001,4,,,,,,
NS-TRAIL-001,CP-001,NS-TRAIL-001:CP-001:ns-trail-001-human-review-repair:CP-001:445,Easy,QL-030,The factorial of 13 is written in decimal form. How many trailing zeros does it contain?,2,ES-001,13,,,,,,
NS-TRAIL-001,CP-001,NS-TRAIL-001:CP-001:ns-trail-001-human-review-repair:CP-001:446,Easy,QL-029,Find the number of terminal zeros in the decimal representation of 18!.,3,ES-001,18,,,,,,
NS-TRAIL-001,CP-001,NS-TRAIL-001:CP-001:ns-trail-001-human-review-repair:CP-001:447,Easy,QL-030,The factorial of 11 is written in decimal form. How many trailing zeros does it contain?,2,ES-001,11,,,,,,
NS-TRAIL-001,CP-001,NS-TRAIL-001:CP-001:ns-trail-001-human-review-repair:CP-001:448,Easy,QL-005,How many trailing zeros does 4! contain?,0,ES-001,4,,,,,,
NS-TRAIL-001,CP-001,NS-TRAIL-001:CP-001:ns-trail-001-human-review-repair:CP-001:449,Hard,QL-002,How many zeros occur at the end of 15997! ?,3996,ES-001,15997,,,,,,
NS-TRAIL-001,CP-001,NS-TRAIL-001:CP-001:ns-trail-001-human-review-repair:CP-001:450,Easy,QL-002,How many zeros occur at the end of 87! ?,20,ES-001,87,,,,,,
NS-TRAIL-001,CP-001,NS-TRAIL-001:CP-001:ns-trail-001-human-review-repair:CP-001:451,Hard,QL-003,Determine the number of trailing zeros in 2242!.,557,ES-001,2242,,,,,,
NS-TRAIL-001,CP-001,NS-TRAIL-001:CP-001:ns-trail-001-human-review-repair:CP-001:452,Medium,QL-006,Calculate the number of zeros at the end of 1093!.,270,ES-001,1093,,,,,,
NS-TRAIL-001,CP-001,NS-TRAIL-001:CP-001:ns-trail-001-human-review-repair:CP-001:453,Hard,QL-003,Determine the number of trailing zeros in 1796!.,446,ES-001,1796,,,,,,
NS-TRAIL-001,CP-001,NS-TRAIL-001:CP-001:ns-trail-001-human-review-repair:CP-001:454,Medium,QL-006,Calculate the number of zeros at the end of 619!.,151,ES-001,619,,,,,,
NS-TRAIL-001,CP-001,NS-TRAIL-001:CP-001:ns-trail-001-human-review-repair:CP-001:455,Easy,QL-029,Find the number of terminal zeros in the decimal representation of 10!.,2,ES-001,10,,,,,,
NS-TRAIL-001,CP-001,NS-TRAIL-001:CP-001:ns-trail-001-human-review-repair:CP-001:456,Easy,QL-028,How many zeros appear consecutively at the end of 21! ?,4,ES-001,21,,,,,,
NS-TRAIL-001,CP-001,NS-TRAIL-001:CP-001:ns-trail-001-human-review-repair:CP-001:457,Medium,QL-027,The value of 284! ends with how many zeros?,69,ES-001,284,,,,,,
NS-TRAIL-001,CP-001,NS-TRAIL-001:CP-001:ns-trail-001-human-review-repair:CP-001:458,Easy,QL-030,The factorial of 31 is written in decimal form. How many trailing zeros does it contain?,7,ES-001,31,,,,,,
NS-TRAIL-001,CP-001,NS-TRAIL-001:CP-001:ns-trail-001-human-review-repair:CP-001:459,Easy,QL-003,Determine the number of trailing zeros in 74!.,16,ES-001,74,,,,,,
NS-TRAIL-001,CP-001,NS-TRAIL-001:CP-001:ns-trail-001-human-review-repair:CP-001:460,Hard,QL-001,Find the number of trailing zeros in 13430!.,3355,ES-001,13430,,,,,,
NS-TRAIL-001,CP-001,NS-TRAIL-001:CP-001:ns-trail-001-human-review-repair:CP-001:461,Hard,QL-004,Find the count of terminal zeros in 15767!.,3940,ES-001,15767,,,,,,
NS-TRAIL-001,CP-001,NS-TRAIL-001:CP-001:ns-trail-001-human-review-repair:CP-001:462,Medium,QL-029,Find the number of terminal zeros in the decimal representation of 116!.,27,ES-001,116,,,,,,
NS-TRAIL-001,CP-001,NS-TRAIL-001:CP-001:ns-trail-001-human-review-repair:CP-001:463,Easy,QL-002,How many zeros occur at the end of 1! ?,0,ES-001,1,,,,,,
NS-TRAIL-001,CP-001,NS-TRAIL-001:CP-001:ns-trail-001-human-review-repair:CP-001:464,Medium,QL-029,Find the number of terminal zeros in the decimal representation of 218!.,52,ES-001,218,,,,,,
NS-TRAIL-001,CP-001,NS-TRAIL-001:CP-001:ns-trail-001-human-review-repair:CP-001:465,Medium,QL-004,Find the count of terminal zeros in 199!.,47,ES-001,199,,,,,,
NS-TRAIL-001,CP-001,NS-TRAIL-001:CP-001:ns-trail-001-human-review-repair:CP-001:466,Easy,QL-005,How many trailing zeros does 56! contain?,13,ES-001,56,,,,,,
NS-TRAIL-001,CP-001,NS-TRAIL-001:CP-001:ns-trail-001-human-review-repair:CP-001:467,Easy,QL-002,How many zeros occur at the end of 17! ?,3,ES-001,17,,,,,,
NS-TRAIL-001,CP-001,NS-TRAIL-001:CP-001:ns-trail-001-human-review-repair:CP-001:468,Medium,QL-027,The value of 246! ends with how many zeros?,59,ES-001,246,,,,,,
NS-TRAIL-001,CP-001,NS-TRAIL-001:CP-001:ns-trail-001-human-review-repair:CP-001:469,Hard,QL-030,The factorial of 1355 is written in decimal form. How many trailing zeros does it contain?,337,ES-001,1355,,,,,,
NS-TRAIL-001,CP-001,NS-TRAIL-001:CP-001:ns-trail-001-human-review-repair:CP-001:470,Easy,QL-002,How many zeros occur at the end of 29! ?,6,ES-001,29,,,,,,
NS-TRAIL-001,CP-001,NS-TRAIL-001:CP-001:ns-trail-001-human-review-repair:CP-001:471,Hard,QL-005,How many trailing zeros does 5880! contain?,1468,ES-001,5880,,,,,,
NS-TRAIL-001,CP-001,NS-TRAIL-001:CP-001:ns-trail-001-human-review-repair:CP-001:472,Easy,QL-030,The factorial of 15 is written in decimal form. How many trailing zeros does it contain?,3,ES-001,15,,,,,,
NS-TRAIL-001,CP-001,NS-TRAIL-001:CP-001:ns-trail-001-human-review-repair:CP-001:473,Medium,QL-005,How many trailing zeros does 74! contain?,16,ES-001,74,,,,,,
NS-TRAIL-001,CP-001,NS-TRAIL-001:CP-001:ns-trail-001-human-review-repair:CP-001:474,Easy,QL-028,How many zeros appear consecutively at the end of 9! ?,1,ES-001,9,,,,,,
NS-TRAIL-001,CP-001,NS-TRAIL-001:CP-001:ns-trail-001-human-review-repair:CP-001:475,Medium,QL-005,How many trailing zeros does 120! contain?,28,ES-001,120,,,,,,
NS-TRAIL-001,CP-001,NS-TRAIL-001:CP-001:ns-trail-001-human-review-repair:CP-001:476,Medium,QL-028,How many zeros appear consecutively at the end of 111! ?,26,ES-001,111,,,,,,
NS-TRAIL-001,CP-001,NS-TRAIL-001:CP-001:ns-trail-001-human-review-repair:CP-001:477,Hard,QL-003,Determine the number of trailing zeros in 17410!.,4350,ES-001,17410,,,,,,
NS-TRAIL-001,CP-001,NS-TRAIL-001:CP-001:ns-trail-001-human-review-repair:CP-001:478,Easy,QL-004,Find the count of terminal zeros in 21!.,4,ES-001,21,,,,,,
NS-TRAIL-001,CP-001,NS-TRAIL-001:CP-001:ns-trail-001-human-review-repair:CP-001:479,Easy,QL-027,The value of 4! ends with how many zeros?,0,ES-001,4,,,,,,
NS-TRAIL-001,CP-001,NS-TRAIL-001:CP-001:ns-trail-001-human-review-repair:CP-001:480,Medium,QL-027,The value of 524! ends with how many zeros?,128,ES-001,524,,,,,,
NS-TRAIL-001,CP-001,NS-TRAIL-001:CP-001:ns-trail-001-human-review-repair:CP-001:481,Easy,QL-006,Calculate the number of zeros at the end of 1!.,0,ES-001,1,,,,,,
NS-TRAIL-001,CP-001,NS-TRAIL-001:CP-001:ns-trail-001-human-review-repair:CP-001:482,Medium,QL-001,Find the number of trailing zeros in 94!.,21,ES-001,94,,,,,,
NS-TRAIL-001,CP-001,NS-TRAIL-001:CP-001:ns-trail-001-human-review-repair:CP-001:483,Medium,QL-028,How many zeros appear consecutively at the end of 83! ?,19,ES-001,83,,,,,,
NS-TRAIL-001,CP-001,NS-TRAIL-001:CP-001:ns-trail-001-human-review-repair:CP-001:484,Easy,QL-001,Find the number of trailing zeros in 68!.,15,ES-001,68,,,,,,
NS-TRAIL-001,CP-001,NS-TRAIL-001:CP-001:ns-trail-001-human-review-repair:CP-001:485,Medium,QL-030,The factorial of 289 is written in decimal form. How many trailing zeros does it contain?,70,ES-001,289,,,,,,
NS-TRAIL-001,CP-001,NS-TRAIL-001:CP-001:ns-trail-001-human-review-repair:CP-001:486,Hard,QL-005,How many trailing zeros does 11418! contain?,2851,ES-001,11418,,,,,,
NS-TRAIL-001,CP-001,NS-TRAIL-001:CP-001:ns-trail-001-human-review-repair:CP-001:487,Easy,QL-028,How many zeros appear consecutively at the end of 19! ?,3,ES-001,19,,,,,,
NS-TRAIL-001,CP-001,NS-TRAIL-001:CP-001:ns-trail-001-human-review-repair:CP-001:488,Medium,QL-003,Determine the number of trailing zeros in 52!.,12,ES-001,52,,,,,,
NS-TRAIL-001,CP-001,NS-TRAIL-001:CP-001:ns-trail-001-human-review-repair:CP-001:489,Medium,QL-030,The factorial of 1225 is written in decimal form. How many trailing zeros does it contain?,304,ES-001,1225,,,,,,
NS-TRAIL-001,CP-001,NS-TRAIL-001:CP-001:ns-trail-001-human-review-repair:CP-001:490,Hard,QL-002,How many zeros occur at the end of 16227! ?,4054,ES-001,16227,,,,,,
NS-TRAIL-001,CP-001,NS-TRAIL-001:CP-001:ns-trail-001-human-review-repair:CP-001:491,Easy,QL-003,Determine the number of trailing zeros in 86!.,20,ES-001,86,,,,,,
NS-TRAIL-001,CP-001,NS-TRAIL-001:CP-001:ns-trail-001-human-review-repair:CP-001:492,Hard,QL-006,Calculate the number of zeros at the end of 15041!.,3757,ES-001,15041,,,,,,
NS-TRAIL-001,CP-001,NS-TRAIL-001:CP-001:ns-trail-001-human-review-repair:CP-001:493,Easy,QL-001,Find the number of trailing zeros in 4!.,0,ES-001,4,,,,,,
NS-TRAIL-001,CP-001,NS-TRAIL-001:CP-001:ns-trail-001-human-review-repair:CP-001:494,Hard,QL-006,Calculate the number of zeros at the end of 3883!.,969,ES-001,3883,,,,,,
NS-TRAIL-001,CP-001,NS-TRAIL-001:CP-001:ns-trail-001-human-review-repair:CP-001:495,Medium,QL-029,Find the number of terminal zeros in the decimal representation of 450!.,111,ES-001,450,,,,,,
NS-TRAIL-001,CP-001,NS-TRAIL-001:CP-001:ns-trail-001-human-review-repair:CP-001:496,Easy,QL-006,Calculate the number of zeros at the end of 1!.,0,ES-001,1,,,,,,
NS-TRAIL-001,CP-001,NS-TRAIL-001:CP-001:ns-trail-001-human-review-repair:CP-001:497,Easy,QL-027,The value of 108! ends with how many zeros?,25,ES-001,108,,,,,,
NS-TRAIL-001,CP-001,NS-TRAIL-001:CP-001:ns-trail-001-human-review-repair:CP-001:498,Medium,QL-002,How many zeros occur at the end of 47! ?,10,ES-001,47,,,,,,
NS-TRAIL-001,CP-001,NS-TRAIL-001:CP-001:ns-trail-001-human-review-repair:CP-001:499,Easy,QL-001,Find the number of trailing zeros in 86!.,20,ES-001,86,,,,,,
NS-TRAIL-001,CP-002,NS-TRAIL-001:CP-002:ns-trail-001-human-review-repair:CP-002:0,Easy,QL-008,How many trailing zeros are present in 222! / 161!?,14,ES-002,,222! / 161!,,,,,
NS-TRAIL-001,CP-002,NS-TRAIL-001:CP-002:ns-trail-001-human-review-repair:CP-002:1,Easy,QL-011,Calculate the trailing zeros in 263! / (149! x 54!).,17,ES-002,,263! / (149! x 54!),,,,,
NS-TRAIL-001,CP-002,NS-TRAIL-001:CP-002:ns-trail-001-human-review-repair:CP-002:2,Medium,QL-010,Find the number of terminal zeros in 109!.,25,ES-002,,109!,,,,,
NS-TRAIL-001,CP-002,NS-TRAIL-001:CP-002:ns-trail-001-human-review-repair:CP-002:3,Easy,QL-032,"When simplified, how many zeros will appear at the end of 441! / (309! x 104!)?",9,ES-002,,441! / (309! x 104!),,,,,
NS-TRAIL-001,CP-002,NS-TRAIL-001:CP-002:ns-trail-001-human-review-repair:CP-002:4,Easy,QL-031,Evaluate the number of trailing zeros in the expression 71!.,16,ES-002,,71!,,,,,
NS-TRAIL-001,CP-002,NS-TRAIL-001:CP-002:ns-trail-001-human-review-repair:CP-002:5,Medium,QL-007,Find the number of trailing zeros in 294! / 72!.,55,ES-002,,294! / 72!,,,,,
NS-TRAIL-001,CP-002,NS-TRAIL-001:CP-002:ns-trail-001-human-review-repair:CP-002:6,Easy,QL-033,Find the terminal-zero count of 240! / 238!.,1,ES-002,,240! / 238!,,,,,
NS-TRAIL-001,CP-002,NS-TRAIL-001:CP-002:ns-trail-001-human-review-repair:CP-002:7,Hard,QL-009,Determine the trailing-zero count of 415! / (249! x 76!).,25,ES-002,,415! / (249! x 76!),,,,,
NS-TRAIL-001,CP-002,NS-TRAIL-001:CP-002:ns-trail-001-human-review-repair:CP-002:8,Easy,QL-008,How many trailing zeros are present in 140! / 132!?,2,ES-002,,140! / 132!,,,,,
NS-TRAIL-001,CP-002,NS-TRAIL-001:CP-002:ns-trail-001-human-review-repair:CP-002:9,Medium,QL-011,Calculate the trailing zeros in 318! / 108!.,52,ES-002,,318! / 108!,,,,,
NS-TRAIL-001,CP-002,NS-TRAIL-001:CP-002:ns-trail-001-human-review-repair:CP-002:10,Easy,QL-032,"When simplified, how many zeros will appear at the end of 311! / (169! x 120!)?",8,ES-002,,311! / (169! x 120!),,,,,
NS-TRAIL-001,CP-002,NS-TRAIL-001:CP-002:ns-trail-001-human-review-repair:CP-002:11,Easy,QL-010,Find the number of terminal zeros in 85!.,20,ES-002,,85!,,,,,
NS-TRAIL-001,CP-002,NS-TRAIL-001:CP-002:ns-trail-001-human-review-repair:CP-002:12,Hard,QL-011,Calculate the trailing zeros in 262! / 140!.,30,ES-002,,262! / 140!,,,,,
NS-TRAIL-001,CP-002,NS-TRAIL-001:CP-002:ns-trail-001-human-review-repair:CP-002:13,Easy,QL-008,How many trailing zeros are present in 87!?,20,ES-002,,87!,,,,,
NS-TRAIL-001,CP-002,NS-TRAIL-001:CP-002:ns-trail-001-human-review-repair:CP-002:14,Hard,QL-009,Determine the trailing-zero count of 379! / (329! x 44!).,4,ES-002,,379! / (329! x 44!),,,,,
NS-TRAIL-001,CP-002,NS-TRAIL-001:CP-002:ns-trail-001-human-review-repair:CP-002:15,Hard,QL-033,Find the terminal-zero count of 184! / 182!.,0,ES-002,,184! / 182!,,,,,
NS-TRAIL-001,CP-002,NS-TRAIL-001:CP-002:ns-trail-001-human-review-repair:CP-002:16,Hard,QL-007,Find the number of trailing zeros in 189! / (123! x 84!).,-2,ES-002,,189! / (123! x 84!),,,,,
NS-TRAIL-001,CP-002,NS-TRAIL-001:CP-002:ns-trail-001-human-review-repair:CP-002:17,Easy,QL-031,Evaluate the number of trailing zeros in the expression 99!.,22,ES-002,,99!,,,,,
NS-TRAIL-001,CP-002,NS-TRAIL-001:CP-002:ns-trail-001-human-review-repair:CP-002:18,Medium,QL-032,"When simplified, how many zeros will appear at the end of 152! / (71! x 72!)?",5,ES-002,,152! / (71! x 72!),,,,,
NS-TRAIL-001,CP-002,NS-TRAIL-001:CP-002:ns-trail-001-human-review-repair:CP-002:19,Hard,QL-010,Find the number of terminal zeros in 105!.,25,ES-002,,105!,,,,,
NS-TRAIL-001,CP-002,NS-TRAIL-001:CP-002:ns-trail-001-human-review-repair:CP-002:20,Hard,QL-010,Find the number of terminal zeros in 49!.,10,ES-002,,49!,,,,,
NS-TRAIL-001,CP-002,NS-TRAIL-001:CP-002:ns-trail-001-human-review-repair:CP-002:21,Easy,QL-032,"When simplified, how many zeros will appear at the end of 259! / (199! x 72!)?",0,ES-002,,259! / (199! x 72!),,,,,
NS-TRAIL-001,CP-002,NS-TRAIL-001:CP-002:ns-trail-001-human-review-repair:CP-002:22,Hard,QL-008,How many trailing zeros are present in 398! / 371!?,7,ES-002,,398! / 371!,,,,,
NS-TRAIL-001,CP-002,NS-TRAIL-001:CP-002:ns-trail-001-human-review-repair:CP-002:23,Easy,QL-011,Calculate the trailing zeros in 183! / (63! x 44!).,21,ES-002,,183! / (63! x 44!),,,,,
NS-TRAIL-001,CP-002,NS-TRAIL-001:CP-002:ns-trail-001-human-review-repair:CP-002:24,Easy,QL-033,Find the terminal-zero count of 71!.,16,ES-002,,71!,,,,,
NS-TRAIL-001,CP-002,NS-TRAIL-001:CP-002:ns-trail-001-human-review-repair:CP-002:25,Medium,QL-009,Determine the trailing-zero count of 325! / (209! x 36!).,22,ES-002,,325! / (209! x 36!),,,,,
NS-TRAIL-001,CP-002,NS-TRAIL-001:CP-002:ns-trail-001-human-review-repair:CP-002:26,Easy,QL-031,Evaluate the number of trailing zeros in the expression 402! / 371!.,9,ES-002,,402! / 371!,,,,,
NS-TRAIL-001,CP-002,NS-TRAIL-001:CP-002:ns-trail-001-human-review-repair:CP-002:27,Medium,QL-007,Find the number of trailing zeros in 214! / (127! x 38!).,12,ES-002,,214! / (127! x 38!),,,,,
NS-TRAIL-001,CP-002,NS-TRAIL-001:CP-002:ns-trail-001-human-review-repair:CP-002:28,Medium,QL-010,Find the number of terminal zeros in 152! / 146!.,2,ES-002,,152! / 146!,,,,,
NS-TRAIL-001,CP-002,NS-TRAIL-001:CP-002:ns-trail-001-human-review-repair:CP-002:29,Medium,QL-032,"When simplified, how many zeros will appear at the end of 230! / 62!?",42,ES-002,,230! / 62!,,,,,
NS-TRAIL-001,CP-002,NS-TRAIL-001:CP-002:ns-trail-001-human-review-repair:CP-002:30,Hard,QL-011,Calculate the trailing zeros in 257! / (79! x 98!).,23,ES-002,,257! / (79! x 98!),,,,,
NS-TRAIL-001,CP-002,NS-TRAIL-001:CP-002:ns-trail-001-human-review-repair:CP-002:31,Hard,QL-008,How many trailing zeros are present in 322! / 251!?,16,ES-002,,322! / 251!,,,,,
NS-TRAIL-001,CP-002,NS-TRAIL-001:CP-002:ns-trail-001-human-review-repair:CP-002:32,Easy,QL-032,"When simplified, how many zeros will appear at the end of 141! / (77! x 38!)?",8,ES-002,,141! / (77! x 38!),,,,,
NS-TRAIL-001,CP-002,NS-TRAIL-001:CP-002:ns-trail-001-human-review-repair:CP-002:33,Medium,QL-010,Find the number of terminal zeros in 240! / 234!.,2,ES-002,,240! / 234!,,,,,
NS-TRAIL-001,CP-002,NS-TRAIL-001:CP-002:ns-trail-001-human-review-repair:CP-002:34,Easy,QL-007,Find the number of trailing zeros in 298! / 88!.,52,ES-002,,298! / 88!,,,,,
NS-TRAIL-001,CP-002,NS-TRAIL-001:CP-002:ns-trail-001-human-review-repair:CP-002:35,Hard,QL-031,Evaluate the number of trailing zeros in the expression 117!.,27,ES-002,,117!,,,,,
NS-TRAIL-001,CP-002,NS-TRAIL-001:CP-002:ns-trail-001-human-review-repair:CP-002:36,Hard,QL-009,Determine the trailing-zero count of 206! / 66!.,35,ES-002,,206! / 66!,,,,,
NS-TRAIL-001,CP-002,NS-TRAIL-001:CP-002:ns-trail-001-human-review-repair:CP-002:37,Medium,QL-033,Find the terminal-zero count of 396! / 291!.,26,ES-002,,396! / 291!,,,,,
NS-TRAIL-001,CP-002,NS-TRAIL-001:CP-002:ns-trail-001-human-review-repair:CP-002:38,Hard,QL-011,Calculate the trailing zeros in 391! / (269! x 78!).,13,ES-002,,391! / (269! x 78!),,,,,
NS-TRAIL-001,CP-002,NS-TRAIL-001:CP-002:ns-trail-001-human-review-repair:CP-002:39,Easy,QL-008,How many trailing zeros are present in 51!?,12,ES-002,,51!,,,,,
NS-TRAIL-001,CP-002,NS-TRAIL-001:CP-002:ns-trail-001-human-review-repair:CP-002:40,Medium,QL-008,How many trailing zeros are present in 284! / 276!?,1,ES-002,,284! / 276!,,,,,
NS-TRAIL-001,CP-002,NS-TRAIL-001:CP-002:ns-trail-001-human-review-repair:CP-002:41,Medium,QL-011,Calculate the trailing zeros in 216! / (61! x 42!).,29,ES-002,,216! / (61! x 42!),,,,,
NS-TRAIL-001,CP-002,NS-TRAIL-001:CP-002:ns-trail-001-human-review-repair:CP-002:42,Medium,QL-010,Find the number of terminal zeros in 49!.,10,ES-002,,49!,,,,,
NS-TRAIL-001,CP-002,NS-TRAIL-001:CP-002:ns-trail-001-human-review-repair:CP-002:43,Hard,QL-032,"When simplified, how many zeros will appear at the end of 173! / (101! x 22!)?",13,ES-002,,173! / (101! x 22!),,,,,
NS-TRAIL-001,CP-002,NS-TRAIL-001:CP-002:ns-trail-001-human-review-repair:CP-002:44,Medium,QL-031,Evaluate the number of trailing zeros in the expression 156! / 152!.,1,ES-002,,156! / 152!,,,,,
NS-TRAIL-001,CP-002,NS-TRAIL-001:CP-002:ns-trail-001-human-review-repair:CP-002:45,Easy,QL-007,Find the number of trailing zeros in 441! / (349! x 30!).,17,ES-002,,441! / (349! x 30!),,,,,
NS-TRAIL-001,CP-002,NS-TRAIL-001:CP-002:ns-trail-001-human-review-repair:CP-002:46,Medium,QL-033,Find the terminal-zero count of 112! / 110!.,0,ES-002,,112! / 110!,,,,,
NS-TRAIL-001,CP-002,NS-TRAIL-001:CP-002:ns-trail-001-human-review-repair:CP-002:47,Easy,QL-009,Determine the trailing-zero count of 491! / (349! x 52!).,24,ES-002,,491! / (349! x 52!),,,,,
NS-TRAIL-001,CP-002,NS-TRAIL-001:CP-002:ns-trail-001-human-review-repair:CP-002:48,Medium,QL-008,How many trailing zeros are present in 268! / 260!?,1,ES-002,,268! / 260!,,,,,
NS-TRAIL-001,CP-002,NS-TRAIL-001:CP-002:ns-trail-001-human-review-repair:CP-002:49,Easy,QL-011,Calculate the trailing zeros in 347! / (289! x 34!).,7,ES-002,,347! / (289! x 34!),,,,,
NS-TRAIL-001,CP-002,NS-TRAIL-001:CP-002:ns-trail-001-human-review-repair:CP-002:50,Medium,QL-009,Determine the trailing-zero count of 258! / 146!.,28,ES-002,,258! / 146!,,,,,
NS-TRAIL-001,CP-002,NS-TRAIL-001:CP-002:ns-trail-001-human-review-repair:CP-002:51,Easy,QL-033,Find the terminal-zero count of 144! / 142!.,0,ES-002,,144! / 142!,,,,,
NS-TRAIL-001,CP-002,NS-TRAIL-001:CP-002:ns-trail-001-human-review-repair:CP-002:52,Medium,QL-007,Find the number of trailing zeros in 190! / 112!.,20,ES-002,,190! / 112!,,,,,
NS-TRAIL-001,CP-002,NS-TRAIL-001:CP-002:ns-trail-001-human-review-repair:CP-002:53,Easy,QL-031,Evaluate the number of trailing zeros in the expression 204! / 200!.,0,ES-002,,204! / 200!,,,,,
NS-TRAIL-001,CP-002,NS-TRAIL-001:CP-002:ns-trail-001-human-review-repair:CP-002:54,Hard,QL-032,"When simplified, how many zeros will appear at the end of 296! / (81! x 52!)?",41,ES-002,,296! / (81! x 52!),,,,,
NS-TRAIL-001,CP-002,NS-TRAIL-001:CP-002:ns-trail-001-human-review-repair:CP-002:55,Medium,QL-010,Find the number of terminal zeros in 264! / 258!.,1,ES-002,,264! / 258!,,,,,
NS-TRAIL-001,CP-002,NS-TRAIL-001:CP-002:ns-trail-001-human-review-repair:CP-002:56,Easy,QL-011,Calculate the trailing zeros in 461! / (389! x 106!).,-7,ES-002,,461! / (389! x 106!),,,,,
NS-TRAIL-001,CP-002,NS-TRAIL-001:CP-002:ns-trail-001-human-review-repair:CP-002:57,Hard,QL-008,How many trailing zeros are present in 276! / 268!?,3,ES-002,,276! / 268!,,,,,
NS-TRAIL-001,CP-002,NS-TRAIL-001:CP-002:ns-trail-001-human-review-repair:CP-002:58,Easy,QL-009,Determine the trailing-zero count of 183! / (85! x 46!).,14,ES-002,,183! / (85! x 46!),,,,,
NS-TRAIL-001,CP-002,NS-TRAIL-001:CP-002:ns-trail-001-human-review-repair:CP-002:59,Medium,QL-033,Find the terminal-zero count of 41!.,9,ES-002,,41!,,,,,
NS-TRAIL-001,CP-002,NS-TRAIL-001:CP-002:ns-trail-001-human-review-repair:CP-002:60,Easy,QL-033,Find the terminal-zero count of 404! / 351!.,13,ES-002,,404! / 351!,,,,,
NS-TRAIL-001,CP-002,NS-TRAIL-001:CP-002:ns-trail-001-human-review-repair:CP-002:61,Medium,QL-009,Determine the trailing-zero count of 183! / (49! x 30!).,27,ES-002,,183! / (49! x 30!),,,,,
NS-TRAIL-001,CP-002,NS-TRAIL-001:CP-002:ns-trail-001-human-review-repair:CP-002:62,Medium,QL-031,Evaluate the number of trailing zeros in the expression 236! / 232!.,1,ES-002,,236! / 232!,,,,,
NS-TRAIL-001,CP-002,NS-TRAIL-001:CP-002:ns-trail-001-human-review-repair:CP-002:63,Easy,QL-007,Find the number of trailing zeros in 274! / 56!.,53,ES-002,,274! / 56!,,,,,
NS-TRAIL-001,CP-002,NS-TRAIL-001:CP-002:ns-trail-001-human-review-repair:CP-002:64,Medium,QL-010,Find the number of terminal zeros in 252! / 151!.,25,ES-002,,252! / 151!,,,,,
NS-TRAIL-001,CP-002,NS-TRAIL-001:CP-002:ns-trail-001-human-review-repair:CP-002:65,Easy,QL-032,"When simplified, how many zeros will appear at the end of 136! / (87! x 88!)?",-7,ES-002,,136! / (87! x 88!),,,,,
NS-TRAIL-001,CP-002,NS-TRAIL-001:CP-002:ns-trail-001-human-review-repair:CP-002:66,Easy,QL-008,How many trailing zeros are present in 236! / 228!?,2,ES-002,,236! / 228!,,,,,
NS-TRAIL-001,CP-002,NS-TRAIL-001:CP-002:ns-trail-001-human-review-repair:CP-002:67,Easy,QL-011,Calculate the trailing zeros in 309! / (179! x 46!).,22,ES-002,,309! / (179! x 46!),,,,,
NS-TRAIL-001,CP-002,NS-TRAIL-001:CP-002:ns-trail-001-human-review-repair:CP-002:68,Hard,QL-033,Find the terminal-zero count of 128! / 126!.,0,ES-002,,128! / 126!,,,,,
NS-TRAIL-001,CP-002,NS-TRAIL-001:CP-002:ns-trail-001-human-review-repair:CP-002:69,Medium,QL-009,Determine the trailing-zero count of 365! / (249! x 76!).,12,ES-002,,365! / (249! x 76!),,,,,
NS-TRAIL-001,CP-002,NS-TRAIL-001:CP-002:ns-trail-001-human-review-repair:CP-002:70,Easy,QL-007,Find the number of trailing zeros in 437! / (349! x 122!).,-5,ES-002,,437! / (349! x 122!),,,,,
NS-TRAIL-001,CP-002,NS-TRAIL-001:CP-002:ns-trail-001-human-review-repair:CP-002:71,Hard,QL-031,Evaluate the number of trailing zeros in the expression 148! / 144!.,1,ES-002,,148! / 144!,,,,,
NS-TRAIL-001,CP-002,NS-TRAIL-001:CP-002:ns-trail-001-human-review-repair:CP-002:72,Medium,QL-009,Determine the trailing-zero count of 214! / 138!.,18,ES-002,,214! / 138!,,,,,
NS-TRAIL-001,CP-002,NS-TRAIL-001:CP-002:ns-trail-001-human-review-repair:CP-002:73,Easy,QL-033,Find the terminal-zero count of 99!.,22,ES-002,,99!,,,,,
NS-TRAIL-001,CP-002,NS-TRAIL-001:CP-002:ns-trail-001-human-review-repair:CP-002:74,Medium,QL-011,Calculate the trailing zeros in 261! / (199! x 98!).,-5,ES-002,,261! / (199! x 98!),,,,,
NS-TRAIL-001,CP-002,NS-TRAIL-001:CP-002:ns-trail-001-human-review-repair:CP-002:75,Easy,QL-008,How many trailing zeros are present in 390! / 321!?,18,ES-002,,390! / 321!,,,,,
NS-TRAIL-001,CP-002,NS-TRAIL-001:CP-002:ns-trail-001-human-review-repair:CP-002:76,Medium,QL-032,"When simplified, how many zeros will appear at the end of 258! / 62!?",49,ES-002,,258! / 62!,,,,,
NS-TRAIL-001,CP-002,NS-TRAIL-001:CP-002:ns-trail-001-human-review-repair:CP-002:77,Hard,QL-010,Find the number of terminal zeros in 320! / 271!.,12,ES-002,,320! / 271!,,,,,
NS-TRAIL-001,CP-002,NS-TRAIL-001:CP-002:ns-trail-001-human-review-repair:CP-002:78,Medium,QL-007,Find the number of trailing zeros in 317! / (139! x 106!).,19,ES-002,,317! / (139! x 106!),,,,,
NS-TRAIL-001,CP-002,NS-TRAIL-001:CP-002:ns-trail-001-human-review-repair:CP-002:79,Medium,QL-031,Evaluate the number of trailing zeros in the expression 220! / 216!.,1,ES-002,,220! / 216!,,,,,
NS-TRAIL-001,CP-002,NS-TRAIL-001:CP-002:ns-trail-001-human-review-repair:CP-002:80,Medium,QL-031,Evaluate the number of trailing zeros in the expression 101!.,24,ES-002,,101!,,,,,
NS-TRAIL-001,CP-002,NS-TRAIL-001:CP-002:ns-trail-001-human-review-repair:CP-002:81,Medium,QL-007,Find the number of trailing zeros in 457! / (379! x 42!).,10,ES-002,,457! / (379! x 42!),,,,,
NS-TRAIL-001,CP-002,NS-TRAIL-001:CP-002:ns-trail-001-human-review-repair:CP-002:82,Easy,QL-033,Find the terminal-zero count of 252! / 161!.,23,ES-002,,252! / 161!,,,,,
NS-TRAIL-001,CP-002,NS-TRAIL-001:CP-002:ns-trail-001-human-review-repair:CP-002:83,Easy,QL-009,Determine the trailing-zero count of 263! / (99! x 28!).,36,ES-002,,263! / (99! x 28!),,,,,
NS-TRAIL-001,CP-002,NS-TRAIL-001:CP-002:ns-trail-001-human-review-repair:CP-002:84,Medium,QL-008,How many trailing zeros are present in 252! / 244!?,4,ES-002,,252! / 244!,,,,,
NS-TRAIL-001,CP-002,NS-TRAIL-001:CP-002:ns-trail-001-human-review-repair:CP-002:85,Hard,QL-011,Calculate the trailing zeros in 242! / 132!.,26,ES-002,,242! / 132!,,,,,
NS-TRAIL-001,CP-002,NS-TRAIL-001:CP-002:ns-trail-001-human-review-repair:CP-002:86,Easy,QL-010,Find the number of terminal zeros in 208! / 202!.,1,ES-002,,208! / 202!,,,,,
NS-TRAIL-001,CP-002,NS-TRAIL-001:CP-002:ns-trail-001-human-review-repair:CP-002:87,Easy,QL-032,"When simplified, how many zeros will appear at the end of 266! / 118!?",38,ES-002,,266! / 118!,,,,,
NS-TRAIL-001,CP-002,NS-TRAIL-001:CP-002:ns-trail-001-human-review-repair:CP-002:88,Hard,QL-031,Evaluate the number of trailing zeros in the expression 244! / 240!.,0,ES-002,,244! / 240!,,,,,
NS-TRAIL-001,CP-002,NS-TRAIL-001:CP-002:ns-trail-001-human-review-repair:CP-002:89,Medium,QL-007,Find the number of trailing zeros in 257! / (115! x 26!).,30,ES-002,,257! / (115! x 26!),,,,,
NS-TRAIL-001,CP-002,NS-TRAIL-001:CP-002:ns-trail-001-human-review-repair:CP-002:90,Medium,QL-032,"When simplified, how many zeros will appear at the end of 122! / 70!?",12,ES-002,,122! / 70!,,,,,
NS-TRAIL-001,CP-002,NS-TRAIL-001:CP-002:ns-trail-001-human-review-repair:CP-002:91,Medium,QL-010,Find the number of terminal zeros in 312! / 281!.,7,ES-002,,312! / 281!,,,,,
NS-TRAIL-001,CP-002,NS-TRAIL-001:CP-002:ns-trail-001-human-review-repair:CP-002:92,Easy,QL-011,Calculate the trailing zeros in 240! / (107! x 78!).,15,ES-002,,240! / (107! x 78!),,,,,
NS-TRAIL-001,CP-002,NS-TRAIL-001:CP-002:ns-trail-001-human-review-repair:CP-002:93,Medium,QL-008,How many trailing zeros are present in 164! / 156!?,1,ES-002,,164! / 156!,,,,,
NS-TRAIL-001,CP-002,NS-TRAIL-001:CP-002:ns-trail-001-human-review-repair:CP-002:94,Medium,QL-009,Determine the trailing-zero count of 267! / (125! x 56!).,21,ES-002,,267! / (125! x 56!),,,,,
NS-TRAIL-001,CP-002,NS-TRAIL-001:CP-002:ns-trail-001-human-review-repair:CP-002:95,Hard,QL-033,Find the terminal-zero count of 127!.,31,ES-002,,127!,,,,,
NS-TRAIL-001,CP-002,NS-TRAIL-001:CP-002:ns-trail-001-human-review-repair:CP-002:96,Easy,QL-007,Find the number of trailing zeros in 262! / 88!.,44,ES-002,,262! / 88!,,,,,
NS-TRAIL-001,CP-002,NS-TRAIL-001:CP-002:ns-trail-001-human-review-repair:CP-002:97,Medium,QL-031,Evaluate the number of trailing zeros in the expression 366! / 311!.,13,ES-002,,366! / 311!,,,,,
NS-TRAIL-001,CP-002,NS-TRAIL-001:CP-002:ns-trail-001-human-review-repair:CP-002:98,Hard,QL-032,"When simplified, how many zeros will appear at the end of 222! / (85! x 46!)?",23,ES-002,,222! / (85! x 46!),,,,,
NS-TRAIL-001,CP-002,NS-TRAIL-001:CP-002:ns-trail-001-human-review-repair:CP-002:99,Easy,QL-010,Find the number of terminal zeros in 107!.,25,ES-002,,107!,,,,,
NS-TRAIL-001,CP-002,NS-TRAIL-001:CP-002:ns-trail-001-human-review-repair:CP-002:100,Easy,QL-011,Calculate the trailing zeros in 130! / 36!.,24,ES-002,,130! / 36!,,,,,
NS-TRAIL-001,CP-002,NS-TRAIL-001:CP-002:ns-trail-001-human-review-repair:CP-002:101,Hard,QL-008,How many trailing zeros are present in 65!?,15,ES-002,,65!,,,,,
NS-TRAIL-001,CP-002,NS-TRAIL-001:CP-002:ns-trail-001-human-review-repair:CP-002:102,Easy,QL-032,"When simplified, how many zeros will appear at the end of 194! / (121! x 32!)?",11,ES-002,,194! / (121! x 32!),,,,,
NS-TRAIL-001,CP-002,NS-TRAIL-001:CP-002:ns-trail-001-human-review-repair:CP-002:103,Medium,QL-010,Find the number of terminal zeros in 41!.,9,ES-002,,41!,,,,,
NS-TRAIL-001,CP-002,NS-TRAIL-001:CP-002:ns-trail-001-human-review-repair:CP-002:104,Easy,QL-007,Find the number of trailing zeros in 242! / 136!.,25,ES-002,,242! / 136!,,,,,
NS-TRAIL-001,CP-002,NS-TRAIL-001:CP-002:ns-trail-001-human-review-repair:CP-002:105,Medium,QL-031,Evaluate the number of trailing zeros in the expression 266! / 241!.,7,ES-002,,266! / 241!,,,,,
NS-TRAIL-001,CP-002,NS-TRAIL-001:CP-002:ns-trail-001-human-review-repair:CP-002:106,Easy,QL-009,Determine the trailing-zero count of 270! / (65! x 86!).,31,ES-002,,270! / (65! x 86!),,,,,
NS-TRAIL-001,CP-002,NS-TRAIL-001:CP-002:ns-trail-001-human-review-repair:CP-002:107,Hard,QL-033,Find the terminal-zero count of 192! / 190!.,0,ES-002,,192! / 190!,,,,,
NS-TRAIL-001,CP-002,NS-TRAIL-001:CP-002:ns-trail-001-human-review-repair:CP-002:108,Easy,QL-011,Calculate the trailing zeros in 345! / (189! x 86!).,19,ES-002,,345! / (189! x 86!),,,,,
NS-TRAIL-001,CP-002,NS-TRAIL-001:CP-002:ns-trail-001-human-review-repair:CP-002:109,Easy,QL-008,How many trailing zeros are present in 414! / 341!?,18,ES-002,,414! / 341!,,,,,
NS-TRAIL-001,CP-002,NS-TRAIL-001:CP-002:ns-trail-001-human-review-repair:CP-002:110,Medium,QL-010,Find the number of terminal zeros in 53!.,12,ES-002,,53!,,,,,
NS-TRAIL-001,CP-002,NS-TRAIL-001:CP-002:ns-trail-001-human-review-repair:CP-002:111,Hard,QL-032,"When simplified, how many zeros will appear at the end of 114! / 62!?",12,ES-002,,114! / 62!,,,,,
NS-TRAIL-001,CP-002,NS-TRAIL-001:CP-002:ns-trail-001-human-review-repair:CP-002:112,Medium,QL-008,How many trailing zeros are present in 117!?,27,ES-002,,117!,,,,,
NS-TRAIL-001,CP-002,NS-TRAIL-001:CP-002:ns-trail-001-human-review-repair:CP-002:113,Hard,QL-011,Calculate the trailing zeros in 206! / 36!.,42,ES-002,,206! / 36!,,,,,
NS-TRAIL-001,CP-002,NS-TRAIL-001:CP-002:ns-trail-001-human-review-repair:CP-002:114,Hard,QL-033,Find the terminal-zero count of 75!.,18,ES-002,,75!,,,,,
NS-TRAIL-001,CP-002,NS-TRAIL-001:CP-002:ns-trail-001-human-review-repair:CP-002:115,Medium,QL-009,Determine the trailing-zero count of 273! / (219! x 88!).,-6,ES-002,,273! / (219! x 88!),,,,,
NS-TRAIL-001,CP-002,NS-TRAIL-001:CP-002:ns-trail-001-human-review-repair:CP-002:116,Medium,QL-031,Evaluate the number of trailing zeros in the expression 342! / 271!.,17,ES-002,,342! / 271!,,,,,
NS-TRAIL-001,CP-002,NS-TRAIL-001:CP-002:ns-trail-001-human-review-repair:CP-002:117,Easy,QL-007,Find the number of trailing zeros in 298! / (127! x 38!).,33,ES-002,,298! / (127! x 38!),,,,,
NS-TRAIL-001,CP-002,NS-TRAIL-001:CP-002:ns-trail-001-human-review-repair:CP-002:118,Medium,QL-010,Find the number of terminal zeros in 356! / 271!.,21,ES-002,,356! / 271!,,,,,
NS-TRAIL-001,CP-002,NS-TRAIL-001:CP-002:ns-trail-001-human-review-repair:CP-002:119,Hard,QL-032,"When simplified, how many zeros will appear at the end of 204! / (97! x 58!)?",14,ES-002,,204! / (97! x 58!),,,,,
NS-TRAIL-001,CP-002,NS-TRAIL-001:CP-002:ns-trail-001-human-review-repair:CP-002:120,Medium,QL-032,"When simplified, how many zeros will appear at the end of 427! / (309! x 40!)?",21,ES-002,,427! / (309! x 40!),,,,,
NS-TRAIL-001,CP-002,NS-TRAIL-001:CP-002:ns-trail-001-human-review-repair:CP-002:121,Medium,QL-010,Find the number of terminal zeros in 67!.,15,ES-002,,67!,,,,,
NS-TRAIL-001,CP-002,NS-TRAIL-001:CP-002:ns-trail-001-human-review-repair:CP-002:122,Hard,QL-011,Calculate the trailing zeros in 122! / 68!.,13,ES-002,,122! / 68!,,,,,
NS-TRAIL-001,CP-002,NS-TRAIL-001:CP-002:ns-trail-001-human-review-repair:CP-002:123,Medium,QL-008,How many trailing zeros are present in 402! / 331!?,18,ES-002,,402! / 331!,,,,,
NS-TRAIL-001,CP-002,NS-TRAIL-001:CP-002:ns-trail-001-human-review-repair:CP-002:124,Easy,QL-009,Determine the trailing-zero count of 167! / (95! x 86!).,-2,ES-002,,167! / (95! x 86!),,,,,
NS-TRAIL-001,CP-002,NS-TRAIL-001:CP-002:ns-trail-001-human-review-repair:CP-002:125,Hard,QL-033,Find the terminal-zero count of 228! / 141!.,21,ES-002,,228! / 141!,,,,,
NS-TRAIL-001,CP-002,NS-TRAIL-001:CP-002:ns-trail-001-human-review-repair:CP-002:126,Medium,QL-007,Find the number of trailing zeros in 238! / (95! x 26!).,29,ES-002,,238! / (95! x 26!),,,,,
NS-TRAIL-001,CP-002,NS-TRAIL-001:CP-002:ns-trail-001-human-review-repair:CP-002:127,Hard,QL-031,Evaluate the number of trailing zeros in the expression 270! / 181!.,22,ES-002,,270! / 181!,,,,,
NS-TRAIL-001,CP-002,NS-TRAIL-001:CP-002:ns-trail-001-human-review-repair:CP-002:128,Medium,QL-032,"When simplified, how many zeros will appear at the end of 170! / 62!?",27,ES-002,,170! / 62!,,,,,
NS-TRAIL-001,CP-002,NS-TRAIL-001:CP-002:ns-trail-001-human-review-repair:CP-002:129,Easy,QL-010,Find the number of terminal zeros in 224! / 218!.,1,ES-002,,224! / 218!,,,,,
NS-TRAIL-001,CP-002,NS-TRAIL-001:CP-002:ns-trail-001-human-review-repair:CP-002:130,Medium,QL-031,Evaluate the number of trailing zeros in the expression 306! / 231!.,19,ES-002,,306! / 231!,,,,,
NS-TRAIL-001,CP-002,NS-TRAIL-001:CP-002:ns-trail-001-human-review-repair:CP-002:131,Easy,QL-007,Find the number of trailing zeros in 110! / 64!.,12,ES-002,,110! / 64!,,,,,
NS-TRAIL-001,CP-002,NS-TRAIL-001:CP-002:ns-trail-001-human-review-repair:CP-002:132,Easy,QL-033,Find the terminal-zero count of 57!.,13,ES-002,,57!,,,,,
NS-TRAIL-001,CP-002,NS-TRAIL-001:CP-002:ns-trail-001-human-review-repair:CP-002:133,Hard,QL-009,Determine the trailing-zero count of 248! / (119! x 70!).,16,ES-002,,248! / (119! x 70!),,,,,
NS-TRAIL-001,CP-002,NS-TRAIL-001:CP-002:ns-trail-001-human-review-repair:CP-002:134,Medium,QL-008,How many trailing zeros are present in 238! / 141!?,23,ES-002,,238! / 141!,,,,,
NS-TRAIL-001,CP-002,NS-TRAIL-001:CP-002:ns-trail-001-human-review-repair:CP-002:135,Easy,QL-011,Calculate the trailing zeros in 125! / (123! x 44!).,-6,ES-002,,125! / (123! x 44!),,,,,
NS-TRAIL-001,CP-002,NS-TRAIL-001:CP-002:ns-trail-001-human-review-repair:CP-002:136,Hard,QL-010,Find the number of terminal zeros in 91!.,21,ES-002,,91!,,,,,
NS-TRAIL-001,CP-002,NS-TRAIL-001:CP-002:ns-trail-001-human-review-repair:CP-002:137,Easy,QL-032,"When simplified, how many zeros will appear at the end of 194! / 38!?",38,ES-002,,194! / 38!,,,,,
NS-TRAIL-001,CP-002,NS-TRAIL-001:CP-002:ns-trail-001-human-review-repair:CP-002:138,Easy,QL-031,Evaluate the number of trailing zeros in the expression 262! / 221!.,11,ES-002,,262! / 221!,,,,,
NS-TRAIL-001,CP-002,NS-TRAIL-001:CP-002:ns-trail-001-human-review-repair:CP-002:139,Hard,QL-007,Find the number of trailing zeros in 206! / 72!.,34,ES-002,,206! / 72!,,,,,
NS-TRAIL-001,CP-002,NS-TRAIL-001:CP-002:ns-trail-001-human-review-repair:CP-002:140,Easy,QL-007,Find the number of trailing zeros in 353! / (279! x 42!).,9,ES-002,,353! / (279! x 42!),,,,,
NS-TRAIL-001,CP-002,NS-TRAIL-001:CP-002:ns-trail-001-human-review-repair:CP-002:141,Easy,QL-031,Evaluate the number of trailing zeros in the expression 67!.,15,ES-002,,67!,,,,,
NS-TRAIL-001,CP-002,NS-TRAIL-001:CP-002:ns-trail-001-human-review-repair:CP-002:142,Easy,QL-009,Determine the trailing-zero count of 345! / (239! x 56!).,14,ES-002,,345! / (239! x 56!),,,,,
NS-TRAIL-001,CP-002,NS-TRAIL-001:CP-002:ns-trail-001-human-review-repair:CP-002:143,Medium,QL-033,Find the terminal-zero count of 216! / 214!.,1,ES-002,,216! / 214!,,,,,
NS-TRAIL-001,CP-002,NS-TRAIL-001:CP-002:ns-trail-001-human-review-repair:CP-002:144,Hard,QL-011,Calculate the trailing zeros in 347! / (209! x 38!).,26,ES-002,,347! / (209! x 38!),,,,,
NS-TRAIL-001,CP-002,NS-TRAIL-001:CP-002:ns-trail-001-human-review-repair:CP-002:145,Easy,QL-008,How many trailing zeros are present in 314! / 251!?,14,ES-002,,314! / 251!,,,,,
NS-TRAIL-001,CP-002,NS-TRAIL-001:CP-002:ns-trail-001-human-review-repair:CP-002:146,Easy,QL-032,"When simplified, how many zeros will appear at the end of 146! / (107! x 28!)?",4,ES-002,,146! / (107! x 28!),,,,,
NS-TRAIL-001,CP-002,NS-TRAIL-001:CP-002:ns-trail-001-human-review-repair:CP-002:147,Easy,QL-010,Find the number of terminal zeros in 47!.,10,ES-002,,47!,,,,,
NS-TRAIL-001,CP-002,NS-TRAIL-001:CP-002:ns-trail-001-human-review-repair:CP-002:148,Easy,QL-007,Find the number of trailing zeros in 405! / (309! x 90!).,4,ES-002,,405! / (309! x 90!),,,,,
NS-TRAIL-001,CP-002,NS-TRAIL-001:CP-002:ns-trail-001-human-review-repair:CP-002:149,Easy,QL-031,Evaluate the number of trailing zeros in the expression 49!.,10,ES-002,,49!,,,,,
NS-TRAIL-001,CP-002,NS-TRAIL-001:CP-002:ns-trail-001-human-review-repair:CP-002:150,Medium,QL-033,Find the terminal-zero count of 400! / 341!.,16,ES-002,,400! / 341!,,,,,
NS-TRAIL-001,CP-002,NS-TRAIL-001:CP-002:ns-trail-001-human-review-repair:CP-002:151,Medium,QL-009,Determine the trailing-zero count of 365! / (199! x 76!).,24,ES-002,,365! / (199! x 76!),,,,,
NS-TRAIL-001,CP-002,NS-TRAIL-001:CP-002:ns-trail-001-human-review-repair:CP-002:152,Medium,QL-031,Evaluate the number of trailing zeros in the expression 45!.,10,ES-002,,45!,,,,,
NS-TRAIL-001,CP-002,NS-TRAIL-001:CP-002:ns-trail-001-human-review-repair:CP-002:153,Easy,QL-007,Find the number of trailing zeros in 238! / 88!.,37,ES-002,,238! / 88!,,,,,
NS-TRAIL-001,CP-002,NS-TRAIL-001:CP-002:ns-trail-001-human-review-repair:CP-002:154,Easy,QL-010,Find the number of terminal zeros in 55!.,13,ES-002,,55!,,,,,
NS-TRAIL-001,CP-002,NS-TRAIL-001:CP-002:ns-trail-001-human-review-repair:CP-002:155,Hard,QL-032,"When simplified, how many zeros will appear at the end of 165! / (45! x 26!)?",24,ES-002,,165! / (45! x 26!),,,,,
NS-TRAIL-001,CP-002,NS-TRAIL-001:CP-002:ns-trail-001-human-review-repair:CP-002:156,Medium,QL-008,How many trailing zeros are present in 410! / 371!?,11,ES-002,,410! / 371!,,,,,
NS-TRAIL-001,CP-002,NS-TRAIL-001:CP-002:ns-trail-001-human-review-repair:CP-002:157,Medium,QL-011,Calculate the trailing zeros in 235! / (61! x 62!).,29,ES-002,,235! / (61! x 62!),,,,,
NS-TRAIL-001,CP-002,NS-TRAIL-001:CP-002:ns-trail-001-human-review-repair:CP-002:158,Medium,QL-033,Find the terminal-zero count of 81!.,19,ES-002,,81!,,,,,
NS-TRAIL-001,CP-002,NS-TRAIL-001:CP-002:ns-trail-001-human-review-repair:CP-002:159,Hard,QL-009,Determine the trailing-zero count of 202! / 130!.,17,ES-002,,202! / 130!,,,,,
NS-TRAIL-001,CP-002,NS-TRAIL-001:CP-002:ns-trail-001-human-review-repair:CP-002:160,Easy,QL-009,Determine the trailing-zero count of 207! / (107! x 88!).,5,ES-002,,207! / (107! x 88!),,,,,
NS-TRAIL-001,CP-002,NS-TRAIL-001:CP-002:ns-trail-001-human-review-repair:CP-002:161,Hard,QL-033,Find the terminal-zero count of 192! / 190!.,0,ES-002,,192! / 190!,,,,,
NS-TRAIL-001,CP-002,NS-TRAIL-001:CP-002:ns-trail-001-human-review-repair:CP-002:162,Easy,QL-007,Find the number of trailing zeros in 437! / (339! x 122!).,-3,ES-002,,437! / (339! x 122!),,,,,
NS-TRAIL-001,CP-002,NS-TRAIL-001:CP-002:ns-trail-001-human-review-repair:CP-002:163,Medium,QL-031,Evaluate the number of trailing zeros in the expression 125!.,31,ES-002,,125!,,,,,
NS-TRAIL-001,CP-002,NS-TRAIL-001:CP-002:ns-trail-001-human-review-repair:CP-002:164,Hard,QL-032,"When simplified, how many zeros will appear at the end of 160! / (55! x 76!)?",8,ES-002,,160! / (55! x 76!),,,,,
NS-TRAIL-001,CP-002,NS-TRAIL-001:CP-002:ns-trail-001-human-review-repair:CP-002:165,Medium,QL-010,Find the number of terminal zeros in 264! / 258!.,1,ES-002,,264! / 258!,,,,,
NS-TRAIL-001,CP-002,NS-TRAIL-001:CP-002:ns-trail-001-human-review-repair:CP-002:166,Medium,QL-011,Calculate the trailing zeros in 232! / (103! x 74!).,16,ES-002,,232! / (103! x 74!),,,,,
NS-TRAIL-001,CP-002,NS-TRAIL-001:CP-002:ns-trail-001-human-review-repair:CP-002:167,Medium,QL-008,How many trailing zeros are present in 212! / 204!?,2,ES-002,,212! / 204!,,,,,
NS-TRAIL-001,CP-002,NS-TRAIL-001:CP-002:ns-trail-001-human-review-repair:CP-002:168,Easy,QL-009,Determine the trailing-zero count of 123! / (59! x 30!).,8,ES-002,,123! / (59! x 30!),,,,,
NS-TRAIL-001,CP-002,NS-TRAIL-001:CP-002:ns-trail-001-human-review-repair:CP-002:169,Medium,QL-033,Find the terminal-zero count of 41!.,9,ES-002,,41!,,,,,
NS-TRAIL-001,CP-002,NS-TRAIL-001:CP-002:ns-trail-001-human-review-repair:CP-002:170,Hard,QL-008,How many trailing zeros are present in 105!?,25,ES-002,,105!,,,,,
NS-TRAIL-001,CP-002,NS-TRAIL-001:CP-002:ns-trail-001-human-review-repair:CP-002:171,Medium,QL-011,Calculate the trailing zeros in 351! / (299! x 38!).,6,ES-002,,351! / (299! x 38!),,,,,
NS-TRAIL-001,CP-002,NS-TRAIL-001:CP-002:ns-trail-001-human-review-repair:CP-002:172,Hard,QL-010,Find the number of terminal zeros in 89!.,20,ES-002,,89!,,,,,
NS-TRAIL-001,CP-002,NS-TRAIL-001:CP-002:ns-trail-001-human-review-repair:CP-002:173,Easy,QL-032,"When simplified, how many zeros will appear at the end of 479! / (409! x 88!)?",-3,ES-002,,479! / (409! x 88!),,,,,
NS-TRAIL-001,CP-002,NS-TRAIL-001:CP-002:ns-trail-001-human-review-repair:CP-002:174,Medium,QL-031,Evaluate the number of trailing zeros in the expression 278! / 251!.,6,ES-002,,278! / 251!,,,,,
NS-TRAIL-001,CP-002,NS-TRAIL-001:CP-002:ns-trail-001-human-review-repair:CP-002:175,Medium,QL-007,Find the number of trailing zeros in 228! / (77! x 48!).,27,ES-002,,228! / (77! x 48!),,,,,
NS-TRAIL-001,CP-002,NS-TRAIL-001:CP-002:ns-trail-001-human-review-repair:CP-002:176,Medium,QL-033,Find the terminal-zero count of 105!.,25,ES-002,,105!,,,,,
NS-TRAIL-001,CP-002,NS-TRAIL-001:CP-002:ns-trail-001-human-review-repair:CP-002:177,Medium,QL-009,Determine the trailing-zero count of 285! / (83! x 44!).,42,ES-002,,285! / (83! x 44!),,,,,
NS-TRAIL-001,CP-002,NS-TRAIL-001:CP-002:ns-trail-001-human-review-repair:CP-002:178,Easy,QL-008,How many trailing zeros are present in 69!?,15,ES-002,,69!,,,,,
NS-TRAIL-001,CP-002,NS-TRAIL-001:CP-002:ns-trail-001-human-review-repair:CP-002:179,Easy,QL-011,Calculate the trailing zeros in 331! / (179! x 122!).,10,ES-002,,331! / (179! x 122!),,,,,
NS-TRAIL-001,CP-002,NS-TRAIL-001:CP-002:ns-trail-001-human-review-repair:CP-002:180,Easy,QL-011,Calculate the trailing zeros in 255! / (105! x 76!).,20,ES-002,,255! / (105! x 76!),,,,,
NS-TRAIL-001,CP-002,NS-TRAIL-001:CP-002:ns-trail-001-human-review-repair:CP-002:181,Easy,QL-008,How many trailing zeros are present in 156! / 148!?,3,ES-002,,156! / 148!,,,,,
NS-TRAIL-001,CP-002,NS-TRAIL-001:CP-002:ns-trail-001-human-review-repair:CP-002:182,Medium,QL-032,"When simplified, how many zeros will appear at the end of 212! / (55! x 56!)?",25,ES-002,,212! / (55! x 56!),,,,,
NS-TRAIL-001,CP-002,NS-TRAIL-001:CP-002:ns-trail-001-human-review-repair:CP-002:183,Easy,QL-010,Find the number of terminal zeros in 67!.,15,ES-002,,67!,,,,,
NS-TRAIL-001,CP-002,NS-TRAIL-001:CP-002:ns-trail-001-human-review-repair:CP-002:184,Hard,QL-007,Find the number of trailing zeros in 359! / (209! x 98!).,15,ES-002,,359! / (209! x 98!),,,,,
NS-TRAIL-001,CP-002,NS-TRAIL-001:CP-002:ns-trail-001-human-review-repair:CP-002:185,Easy,QL-031,Evaluate the number of trailing zeros in the expression 65!.,15,ES-002,,65!,,,,,
NS-TRAIL-001,CP-002,NS-TRAIL-001:CP-002:ns-trail-001-human-review-repair:CP-002:186,Hard,QL-009,Determine the trailing-zero count of 409! / (339! x 120!).,-10,ES-002,,409! / (339! x 120!),,,,,
NS-TRAIL-001,CP-002,NS-TRAIL-001:CP-002:ns-trail-001-human-review-repair:CP-002:187,Medium,QL-033,Find the terminal-zero count of 93!.,21,ES-002,,93!,,,,,
NS-TRAIL-001,CP-002,NS-TRAIL-001:CP-002:ns-trail-001-human-review-repair:CP-002:188,Easy,QL-011,Calculate the trailing zeros in 265! / (149! x 102!).,6,ES-002,,265! / (149! x 102!),,,,,
NS-TRAIL-001,CP-002,NS-TRAIL-001:CP-002:ns-trail-001-human-review-repair:CP-002:189,Medium,QL-008,How many trailing zeros are present in 140! / 132!?,2,ES-002,,140! / 132!,,,,,
NS-TRAIL-001,CP-002,NS-TRAIL-001:CP-002:ns-trail-001-human-review-repair:CP-002:190,Medium,QL-010,Find the number of terminal zeros in 96! / 90!.,1,ES-002,,96! / 90!,,,,,
NS-TRAIL-001,CP-002,NS-TRAIL-001:CP-002:ns-trail-001-human-review-repair:CP-002:191,Easy,QL-032,"When simplified, how many zeros will appear at the end of 242! / 70!?",42,ES-002,,242! / 70!,,,,,
NS-TRAIL-001,CP-002,NS-TRAIL-001:CP-002:ns-trail-001-human-review-repair:CP-002:192,Hard,QL-008,How many trailing zeros are present in 67!?,15,ES-002,,67!,,,,,
NS-TRAIL-001,CP-002,NS-TRAIL-001:CP-002:ns-trail-001-human-review-repair:CP-002:193,Hard,QL-011,Calculate the trailing zeros in 208! / (49! x 30!).,33,ES-002,,208! / (49! x 30!),,,,,
NS-TRAIL-001,CP-002,NS-TRAIL-001:CP-002:ns-trail-001-human-review-repair:CP-002:194,Medium,QL-033,Find the terminal-zero count of 123!.,28,ES-002,,123!,,,,,
NS-TRAIL-001,CP-002,NS-TRAIL-001:CP-002:ns-trail-001-human-review-repair:CP-002:195,Medium,QL-009,Determine the trailing-zero count of 222! / 82!.,34,ES-002,,222! / 82!,,,,,
NS-TRAIL-001,CP-002,NS-TRAIL-001:CP-002:ns-trail-001-human-review-repair:CP-002:196,Easy,QL-031,Evaluate the number of trailing zeros in the expression 92! / 88!.,1,ES-002,,92! / 88!,,,,,
NS-TRAIL-001,CP-002,NS-TRAIL-001:CP-002:ns-trail-001-human-review-repair:CP-002:197,Easy,QL-007,Find the number of trailing zeros in 276! / (45! x 56!).,45,ES-002,,276! / (45! x 56!),,,,,
NS-TRAIL-001,CP-002,NS-TRAIL-001:CP-002:ns-trail-001-human-review-repair:CP-002:198,Medium,QL-010,Find the number of terminal zeros in 408! / 301!.,26,ES-002,,408! / 301!,,,,,
NS-TRAIL-001,CP-002,NS-TRAIL-001:CP-002:ns-trail-001-human-review-repair:CP-002:199,Easy,QL-032,"When simplified, how many zeros will appear at the end of 198! / 62!?",33,ES-002,,198! / 62!,,,,,
NS-TRAIL-001,CP-002,NS-TRAIL-001:CP-002:ns-trail-001-human-review-repair:CP-002:200,Medium,QL-010,Find the number of terminal zeros in 332! / 251!.,19,ES-002,,332! / 251!,,,,,
NS-TRAIL-001,CP-002,NS-TRAIL-001:CP-002:ns-trail-001-human-review-repair:CP-002:201,Easy,QL-032,"When simplified, how many zeros will appear at the end of 282! / 142!?",35,ES-002,,282! / 142!,,,,,
NS-TRAIL-001,CP-002,NS-TRAIL-001:CP-002:ns-trail-001-human-review-repair:CP-002:202,Easy,QL-008,How many trailing zeros are present in 172! / 164!?,2,ES-002,,172! / 164!,,,,,
NS-TRAIL-001,CP-002,NS-TRAIL-001:CP-002:ns-trail-001-human-review-repair:CP-002:203,Hard,QL-011,Calculate the trailing zeros in 125! / (53! x 84!).,0,ES-002,,125! / (53! x 84!),,,,,
NS-TRAIL-001,CP-002,NS-TRAIL-001:CP-002:ns-trail-001-human-review-repair:CP-002:204,Medium,QL-033,Find the terminal-zero count of 73!.,16,ES-002,,73!,,,,,
NS-TRAIL-001,CP-002,NS-TRAIL-001:CP-002:ns-trail-001-human-review-repair:CP-002:205,Easy,QL-009,Determine the trailing-zero count of 137! / (85! x 86!).,-7,ES-002,,137! / (85! x 86!),,,,,
NS-TRAIL-001,CP-002,NS-TRAIL-001:CP-002:ns-trail-001-human-review-repair:CP-002:206,Easy,QL-031,Evaluate the number of trailing zeros in the expression 386! / 281!.,26,ES-002,,386! / 281!,,,,,
NS-TRAIL-001,CP-002,NS-TRAIL-001:CP-002:ns-trail-001-human-review-repair:CP-002:207,Easy,QL-007,Find the number of trailing zeros in 138! / 56!.,20,ES-002,,138! / 56!,,,,,
NS-TRAIL-001,CP-002,NS-TRAIL-001:CP-002:ns-trail-001-human-review-repair:CP-002:208,Hard,QL-010,Find the number of terminal zeros in 53!.,12,ES-002,,53!,,,,,
NS-TRAIL-001,CP-002,NS-TRAIL-001:CP-002:ns-trail-001-human-review-repair:CP-002:209,Medium,QL-032,"When simplified, how many zeros will appear at the end of 273! / (45! x 76!)?",38,ES-002,,273! / (45! x 76!),,,,,
NS-TRAIL-001,CP-002,NS-TRAIL-001:CP-002:ns-trail-001-human-review-repair:CP-002:210,Medium,QL-011,Calculate the trailing zeros in 285! / (53! x 74!).,42,ES-002,,285! / (53! x 74!),,,,,
NS-TRAIL-001,CP-002,NS-TRAIL-001:CP-002:ns-trail-001-human-review-repair:CP-002:211,Easy,QL-008,How many trailing zeros are present in 276! / 268!?,3,ES-002,,276! / 268!,,,,,
NS-TRAIL-001,CP-002,NS-TRAIL-001:CP-002:ns-trail-001-human-review-repair:CP-002:212,Medium,QL-032,"When simplified, how many zeros will appear at the end of 266! / 118!?",38,ES-002,,266! / 118!,,,,,
NS-TRAIL-001,CP-002,NS-TRAIL-001:CP-002:ns-trail-001-human-review-repair:CP-002:213,Medium,QL-010,Find the number of terminal zeros in 392! / 371!.,6,ES-002,,392! / 371!,,,,,
NS-TRAIL-001,CP-002,NS-TRAIL-001:CP-002:ns-trail-001-human-review-repair:CP-002:214,Easy,QL-007,Find the number of trailing zeros in 277! / (99! x 66!).,31,ES-002,,277! / (99! x 66!),,,,,
NS-TRAIL-001,CP-002,NS-TRAIL-001:CP-002:ns-trail-001-human-review-repair:CP-002:215,Easy,QL-031,Evaluate the number of trailing zeros in the expression 202! / 141!.,15,ES-002,,202! / 141!,,,,,
NS-TRAIL-001,CP-002,NS-TRAIL-001:CP-002:ns-trail-001-human-review-repair:CP-002:216,Medium,QL-009,Determine the trailing-zero count of 171! / (109! x 50!).,4,ES-002,,171! / (109! x 50!),,,,,
NS-TRAIL-001,CP-002,NS-TRAIL-001:CP-002:ns-trail-001-human-review-repair:CP-002:217,Easy,QL-033,Find the terminal-zero count of 264! / 262!.,0,ES-002,,264! / 262!,,,,,
NS-TRAIL-001,CP-002,NS-TRAIL-001:CP-002:ns-trail-001-human-review-repair:CP-002:218,Easy,QL-011,Calculate the trailing zeros in 479! / (429! x 66!).,-3,ES-002,,479! / (429! x 66!),,,,,
NS-TRAIL-001,CP-002,NS-TRAIL-001:CP-002:ns-trail-001-human-review-repair:CP-002:219,Medium,QL-008,How many trailing zeros are present in 156! / 148!?,3,ES-002,,156! / 148!,,,,,
NS-TRAIL-001,CP-002,NS-TRAIL-001:CP-002:ns-trail-001-human-review-repair:CP-002:220,Easy,QL-031,Evaluate the number of trailing zeros in the expression 202! / 121!.,21,ES-002,,202! / 121!,,,,,
NS-TRAIL-001,CP-002,NS-TRAIL-001:CP-002:ns-trail-001-human-review-repair:CP-002:221,Hard,QL-007,Find the number of trailing zeros in 204! / (75! x 56!).,18,ES-002,,204! / (75! x 56!),,,,,
NS-TRAIL-001,CP-002,NS-TRAIL-001:CP-002:ns-trail-001-human-review-repair:CP-002:222,Medium,QL-033,Find the terminal-zero count of 392! / 341!.,13,ES-002,,392! / 341!,,,,,
NS-TRAIL-001,CP-002,NS-TRAIL-001:CP-002:ns-trail-001-human-review-repair:CP-002:223,Hard,QL-009,Determine the trailing-zero count of 299! / (89! x 70!).,36,ES-002,,299! / (89! x 70!),,,,,
NS-TRAIL-001,CP-002,NS-TRAIL-001:CP-002:ns-trail-001-human-review-repair:CP-002:224,Hard,QL-008,How many trailing zeros are present in 282! / 231!?,13,ES-002,,282! / 231!,,,,,
NS-TRAIL-001,CP-002,NS-TRAIL-001:CP-002:ns-trail-001-human-review-repair:CP-002:225,Easy,QL-011,Calculate the trailing zeros in 144! / (113! x 54!).,-4,ES-002,,144! / (113! x 54!),,,,,
NS-TRAIL-001,CP-002,NS-TRAIL-001:CP-002:ns-trail-001-human-review-repair:CP-002:226,Easy,QL-010,Find the number of terminal zeros in 136! / 130!.,1,ES-002,,136! / 130!,,,,,
NS-TRAIL-001,CP-002,NS-TRAIL-001:CP-002:ns-trail-001-human-review-repair:CP-002:227,Hard,QL-032,"When simplified, how many zeros will appear at the end of 357! / (189! x 120!)?",14,ES-002,,357! / (189! x 120!),,,,,
NS-TRAIL-001,CP-002,NS-TRAIL-001:CP-002:ns-trail-001-human-review-repair:CP-002:228,Medium,QL-031,Evaluate the number of trailing zeros in the expression 92! / 88!.,1,ES-002,,92! / 88!,,,,,
NS-TRAIL-001,CP-002,NS-TRAIL-001:CP-002:ns-trail-001-human-review-repair:CP-002:229,Easy,QL-007,Find the number of trailing zeros in 142! / 96!.,12,ES-002,,142! / 96!,,,,,
NS-TRAIL-001,CP-002,NS-TRAIL-001:CP-002:ns-trail-001-human-review-repair:CP-002:230,Easy,QL-032,"When simplified, how many zeros will appear at the end of 389! / (279! x 48!)?",17,ES-002,,389! / (279! x 48!),,,,,
NS-TRAIL-001,CP-002,NS-TRAIL-001:CP-002:ns-trail-001-human-review-repair:CP-002:231,Medium,QL-010,Find the number of terminal zeros in 280! / 274!.,3,ES-002,,280! / 274!,,,,,
NS-TRAIL-001,CP-002,NS-TRAIL-001:CP-002:ns-trail-001-human-review-repair:CP-002:232,Easy,QL-011,Calculate the trailing zeros in 290! / 124!.,43,ES-002,,290! / 124!,,,,,
NS-TRAIL-001,CP-002,NS-TRAIL-001:CP-002:ns-trail-001-human-review-repair:CP-002:233,Hard,QL-008,How many trailing zeros are present in 252! / 244!?,4,ES-002,,252! / 244!,,,,,
NS-TRAIL-001,CP-002,NS-TRAIL-001:CP-002:ns-trail-001-human-review-repair:CP-002:234,Easy,QL-009,Determine the trailing-zero count of 131! / (43! x 34!).,16,ES-002,,131! / (43! x 34!),,,,,
NS-TRAIL-001,CP-002,NS-TRAIL-001:CP-002:ns-trail-001-human-review-repair:CP-002:235,Hard,QL-033,Find the terminal-zero count of 212! / 151!.,14,ES-002,,212! / 151!,,,,,
NS-TRAIL-001,CP-002,NS-TRAIL-001:CP-002:ns-trail-001-human-review-repair:CP-002:236,Easy,QL-007,Find the number of trailing zeros in 151! / (83! x 24!).,14,ES-002,,151! / (83! x 24!),,,,,
NS-TRAIL-001,CP-002,NS-TRAIL-001:CP-002:ns-trail-001-human-review-repair:CP-002:237,Medium,QL-031,Evaluate the number of trailing zeros in the expression 334! / 241!.,23,ES-002,,334! / 241!,,,,,
NS-TRAIL-001,CP-002,NS-TRAIL-001:CP-002:ns-trail-001-human-review-repair:CP-002:238,Easy,QL-032,"When simplified, how many zeros will appear at the end of 381! / (259! x 44!)?",22,ES-002,,381! / (259! x 44!),,,,,
NS-TRAIL-001,CP-002,NS-TRAIL-001:CP-002:ns-trail-001-human-review-repair:CP-002:239,Medium,QL-010,Find the number of terminal zeros in 55!.,13,ES-002,,55!,,,,,
NS-TRAIL-001,CP-002,NS-TRAIL-001:CP-002:ns-trail-001-human-review-repair:CP-002:240,Easy,QL-033,Find the terminal-zero count of 89!.,20,ES-002,,89!,,,,,
NS-TRAIL-001,CP-002,NS-TRAIL-001:CP-002:ns-trail-001-human-review-repair:CP-002:241,Hard,QL-009,Determine the trailing-zero count of 290! / (97! x 88!).,29,ES-002,,290! / (97! x 88!),,,,,
NS-TRAIL-001,CP-002,NS-TRAIL-001:CP-002:ns-trail-001-human-review-repair:CP-002:242,Medium,QL-031,Evaluate the number of trailing zeros in the expression 99!.,22,ES-002,,99!,,,,,
NS-TRAIL-001,CP-002,NS-TRAIL-001:CP-002:ns-trail-001-human-review-repair:CP-002:243,Easy,QL-007,Find the number of trailing zeros in 286! / (123! x 24!).,38,ES-002,,286! / (123! x 24!),,,,,
NS-TRAIL-001,CP-002,NS-TRAIL-001:CP-002:ns-trail-001-human-review-repair:CP-002:244,Hard,QL-010,Find the number of terminal zeros in 136! / 130!.,1,ES-002,,136! / 130!,,,,,
NS-TRAIL-001,CP-002,NS-TRAIL-001:CP-002:ns-trail-001-human-review-repair:CP-002:245,Hard,QL-032,"When simplified, how many zeros will appear at the end of 234! / 110!?",30,ES-002,,234! / 110!,,,,,
NS-TRAIL-001,CP-002,NS-TRAIL-001:CP-002:ns-trail-001-human-review-repair:CP-002:246,Medium,QL-008,How many trailing zeros are present in 61!?,14,ES-002,,61!,,,,,
NS-TRAIL-001,CP-002,NS-TRAIL-001:CP-002:ns-trail-001-human-review-repair:CP-002:247,Easy,QL-011,Calculate the trailing zeros in 152! / (115! x 86!).,-10,ES-002,,152! / (115! x 86!),,,,,
NS-TRAIL-001,CP-002,NS-TRAIL-001:CP-002:ns-trail-001-human-review-repair:CP-002:248,Medium,QL-033,Find the terminal-zero count of 300! / 221!.,21,ES-002,,300! / 221!,,,,,
NS-TRAIL-001,CP-002,NS-TRAIL-001:CP-002:ns-trail-001-human-review-repair:CP-002:249,Hard,QL-009,Determine the trailing-zero count of 208! / (129! x 60!).,5,ES-002,,208! / (129! x 60!),,,,,
NS-TRAIL-001,CP-002,NS-TRAIL-001:CP-002:ns-trail-001-human-review-repair:CP-002:250,Easy,QL-007,Find the number of trailing zeros in 194! / (57! x 78!).,15,ES-002,,194! / (57! x 78!),,,,,
NS-TRAIL-001,CP-002,NS-TRAIL-001:CP-002:ns-trail-001-human-review-repair:CP-002:251,Medium,QL-031,Evaluate the number of trailing zeros in the expression 276! / 272!.,2,ES-002,,276! / 272!,,,,,
NS-TRAIL-001,CP-002,NS-TRAIL-001:CP-002:ns-trail-001-human-review-repair:CP-002:252,Easy,QL-009,Determine the trailing-zero count of 481! / (309! x 96!).,21,ES-002,,481! / (309! x 96!),,,,,
NS-TRAIL-001,CP-002,NS-TRAIL-001:CP-002:ns-trail-001-human-review-repair:CP-002:253,Medium,QL-033,Find the terminal-zero count of 404! / 361!.,11,ES-002,,404! / 361!,,,,,
NS-TRAIL-001,CP-002,NS-TRAIL-001:CP-002:ns-trail-001-human-review-repair:CP-002:254,Easy,QL-011,Calculate the trailing zeros in 282! / 140!.,35,ES-002,,282! / 140!,,,,,
NS-TRAIL-001,CP-002,NS-TRAIL-001:CP-002:ns-trail-001-human-review-repair:CP-002:255,Easy,QL-008,How many trailing zeros are present in 99!?,22,ES-002,,99!,,,,,
NS-TRAIL-001,CP-002,NS-TRAIL-001:CP-002:ns-trail-001-human-review-repair:CP-002:256,Medium,QL-032,"When simplified, how many zeros will appear at the end of 232! / (123! x 24!)?",24,ES-002,,232! / (123! x 24!),,,,,
NS-TRAIL-001,CP-002,NS-TRAIL-001:CP-002:ns-trail-001-human-review-repair:CP-002:257,Easy,QL-010,Find the number of terminal zeros in 264! / 258!.,1,ES-002,,264! / 258!,,,,,
NS-TRAIL-001,CP-002,NS-TRAIL-001:CP-002:ns-trail-001-human-review-repair:CP-002:258,Medium,QL-007,Find the number of trailing zeros in 363! / (229! x 102!).,9,ES-002,,363! / (229! x 102!),,,,,
NS-TRAIL-001,CP-002,NS-TRAIL-001:CP-002:ns-trail-001-human-review-repair:CP-002:259,Hard,QL-031,Evaluate the number of trailing zeros in the expression 121!.,28,ES-002,,121!,,,,,
NS-TRAIL-001,CP-002,NS-TRAIL-001:CP-002:ns-trail-001-human-review-repair:CP-002:260,Medium,QL-008,How many trailing zeros are present in 342! / 311!?,7,ES-002,,342! / 311!,,,,,
NS-TRAIL-001,CP-002,NS-TRAIL-001:CP-002:ns-trail-001-human-review-repair:CP-002:261,Medium,QL-011,Calculate the trailing zeros in 487! / (429! x 78!).,-4,ES-002,,487! / (429! x 78!),,,,,
NS-TRAIL-001,CP-002,NS-TRAIL-001:CP-002:ns-trail-001-human-review-repair:CP-002:262,Easy,QL-010,Find the number of terminal zeros in 152! / 146!.,2,ES-002,,152! / 146!,,,,,
NS-TRAIL-001,CP-002,NS-TRAIL-001:CP-002:ns-trail-001-human-review-repair:CP-002:263,Hard,QL-032,"When simplified, how many zeros will appear at the end of 192! / (127! x 68!)?",0,ES-002,,192! / (127! x 68!),,,,,
NS-TRAIL-001,CP-002,NS-TRAIL-001:CP-002:ns-trail-001-human-review-repair:CP-002:264,Medium,QL-031,Evaluate the number of trailing zeros in the expression 63!.,14,ES-002,,63!,,,,,
NS-TRAIL-001,CP-002,NS-TRAIL-001:CP-002:ns-trail-001-human-review-repair:CP-002:265,Easy,QL-007,Find the number of trailing zeros in 158! / 40!.,29,ES-002,,158! / 40!,,,,,
NS-TRAIL-001,CP-002,NS-TRAIL-001:CP-002:ns-trail-001-human-review-repair:CP-002:266,Medium,QL-033,Find the terminal-zero count of 117!.,27,ES-002,,117!,,,,,
NS-TRAIL-001,CP-002,NS-TRAIL-001:CP-002:ns-trail-001-human-review-repair:CP-002:267,Medium,QL-009,Determine the trailing-zero count of 82! / 34!.,12,ES-002,,82! / 34!,,,,,
NS-TRAIL-001,CP-002,NS-TRAIL-001:CP-002:ns-trail-001-human-review-repair:CP-002:268,Easy,QL-008,How many trailing zeros are present in 101!?,24,ES-002,,101!,,,,,
NS-TRAIL-001,CP-002,NS-TRAIL-001:CP-002:ns-trail-001-human-review-repair:CP-002:269,Medium,QL-011,Calculate the trailing zeros in 417! / (289! x 54!).,20,ES-002,,417! / (289! x 54!),,,,,
NS-TRAIL-001,CP-002,NS-TRAIL-001:CP-002:ns-trail-001-human-review-repair:CP-002:270,Easy,QL-009,Determine the trailing-zero count of 286! / 130!.,38,ES-002,,286! / 130!,,,,,
NS-TRAIL-001,CP-002,NS-TRAIL-001:CP-002:ns-trail-001-human-review-repair:CP-002:271,Medium,QL-033,Find the terminal-zero count of 280! / 211!.,18,ES-002,,280! / 211!,,,,,
NS-TRAIL-001,CP-002,NS-TRAIL-001:CP-002:ns-trail-001-human-review-repair:CP-002:272,Easy,QL-007,Find the number of trailing zeros in 415! / (259! x 54!).,27,ES-002,,415! / (259! x 54!),,,,,
NS-TRAIL-001,CP-002,NS-TRAIL-001:CP-002:ns-trail-001-human-review-repair:CP-002:273,Easy,QL-031,Evaluate the number of trailing zeros in the expression 244! / 240!.,0,ES-002,,244! / 240!,,,,,
NS-TRAIL-001,CP-002,NS-TRAIL-001:CP-002:ns-trail-001-human-review-repair:CP-002:274,Easy,QL-032,"When simplified, how many zeros will appear at the end of 315! / (229! x 28!)?",16,ES-002,,315! / (229! x 28!),,,,,
NS-TRAIL-001,CP-002,NS-TRAIL-001:CP-002:ns-trail-001-human-review-repair:CP-002:275,Easy,QL-010,Find the number of terminal zeros in 216! / 210!.,1,ES-002,,216! / 210!,,,,,
NS-TRAIL-001,CP-002,NS-TRAIL-001:CP-002:ns-trail-001-human-review-repair:CP-002:276,Hard,QL-011,Calculate the trailing zeros in 246! / 116!.,32,ES-002,,246! / 116!,,,,,
NS-TRAIL-001,CP-002,NS-TRAIL-001:CP-002:ns-trail-001-human-review-repair:CP-002:277,Easy,QL-008,How many trailing zeros are present in 95!?,22,ES-002,,95!,,,,,
NS-TRAIL-001,CP-002,NS-TRAIL-001:CP-002:ns-trail-001-human-review-repair:CP-002:278,Hard,QL-009,Determine the trailing-zero count of 178! / 98!.,21,ES-002,,178! / 98!,,,,,
NS-TRAIL-001,CP-002,NS-TRAIL-001:CP-002:ns-trail-001-human-review-repair:CP-002:279,Medium,QL-033,Find the terminal-zero count of 236! / 171!.,16,ES-002,,236! / 171!,,,,,
NS-TRAIL-001,CP-002,NS-TRAIL-001:CP-002:ns-trail-001-human-review-repair:CP-002:280,Hard,QL-010,Find the number of terminal zeros in 55!.,13,ES-002,,55!,,,,,
NS-TRAIL-001,CP-002,NS-TRAIL-001:CP-002:ns-trail-001-human-review-repair:CP-002:281,Easy,QL-032,"When simplified, how many zeros will appear at the end of 205! / (49! x 60!)?",26,ES-002,,205! / (49! x 60!),,,,,
NS-TRAIL-001,CP-002,NS-TRAIL-001:CP-002:ns-trail-001-human-review-repair:CP-002:282,Easy,QL-008,How many trailing zeros are present in 105!?,25,ES-002,,105!,,,,,
NS-TRAIL-001,CP-002,NS-TRAIL-001:CP-002:ns-trail-001-human-review-repair:CP-002:283,Medium,QL-011,Calculate the trailing zeros in 425! / (339! x 62!).,9,ES-002,,425! / (339! x 62!),,,,,
NS-TRAIL-001,CP-002,NS-TRAIL-001:CP-002:ns-trail-001-human-review-repair:CP-002:284,Hard,QL-033,Find the terminal-zero count of 144! / 142!.,0,ES-002,,144! / 142!,,,,,
NS-TRAIL-001,CP-002,NS-TRAIL-001:CP-002:ns-trail-001-human-review-repair:CP-002:285,Hard,QL-009,Determine the trailing-zero count of 186! / 122!.,17,ES-002,,186! / 122!,,,,,
NS-TRAIL-001,CP-002,NS-TRAIL-001:CP-002:ns-trail-001-human-review-repair:CP-002:286,Medium,QL-031,Evaluate the number of trailing zeros in the expression 100! / 96!.,2,ES-002,,100! / 96!,,,,,
NS-TRAIL-001,CP-002,NS-TRAIL-001:CP-002:ns-trail-001-human-review-repair:CP-002:287,Medium,QL-007,Find the number of trailing zeros in 254! / (109! x 70!).,21,ES-002,,254! / (109! x 70!),,,,,
NS-TRAIL-001,CP-002,NS-TRAIL-001:CP-002:ns-trail-001-human-review-repair:CP-002:288,Medium,QL-010,Find the number of terminal zeros in 248! / 242!.,1,ES-002,,248! / 242!,,,,,
NS-TRAIL-001,CP-002,NS-TRAIL-001:CP-002:ns-trail-001-human-review-repair:CP-002:289,Easy,QL-032,"When simplified, how many zeros will appear at the end of 271! / (51! x 22!)?",50,ES-002,,271! / (51! x 22!),,,,,
NS-TRAIL-001,CP-002,NS-TRAIL-001:CP-002:ns-trail-001-human-review-repair:CP-002:290,Easy,QL-011,Calculate the trailing zeros in 178! / 52!.,31,ES-002,,178! / 52!,,,,,
NS-TRAIL-001,CP-002,NS-TRAIL-001:CP-002:ns-trail-001-human-review-repair:CP-002:291,Medium,QL-008,How many trailing zeros are present in 236! / 228!?,2,ES-002,,236! / 228!,,,,,
NS-TRAIL-001,CP-002,NS-TRAIL-001:CP-002:ns-trail-001-human-review-repair:CP-002:292,Medium,QL-032,"When simplified, how many zeros will appear at the end of 413! / (279! x 72!)?",17,ES-002,,413! / (279! x 72!),,,,,
NS-TRAIL-001,CP-002,NS-TRAIL-001:CP-002:ns-trail-001-human-review-repair:CP-002:293,Easy,QL-010,Find the number of terminal zeros in 112! / 106!.,1,ES-002,,112! / 106!,,,,,
NS-TRAIL-001,CP-002,NS-TRAIL-001:CP-002:ns-trail-001-human-review-repair:CP-002:294,Easy,QL-007,Find the number of trailing zeros in 475! / (339! x 106!).,10,ES-002,,475! / (339! x 106!),,,,,
NS-TRAIL-001,CP-002,NS-TRAIL-001:CP-002:ns-trail-001-human-review-repair:CP-002:295,Medium,QL-031,Evaluate the number of trailing zeros in the expression 99!.,22,ES-002,,99!,,,,,
NS-TRAIL-001,CP-002,NS-TRAIL-001:CP-002:ns-trail-001-human-review-repair:CP-002:296,Hard,QL-009,Determine the trailing-zero count of 302! / 122!.,46,ES-002,,302! / 122!,,,,,
NS-TRAIL-001,CP-002,NS-TRAIL-001:CP-002:ns-trail-001-human-review-repair:CP-002:297,Medium,QL-033,Find the terminal-zero count of 264! / 171!.,23,ES-002,,264! / 171!,,,,,
NS-TRAIL-001,CP-002,NS-TRAIL-001:CP-002:ns-trail-001-human-review-repair:CP-002:298,Easy,QL-011,Calculate the trailing zeros in 190! / 36!.,38,ES-002,,190! / 36!,,,,,
NS-TRAIL-001,CP-002,NS-TRAIL-001:CP-002:ns-trail-001-human-review-repair:CP-002:299,Easy,QL-008,How many trailing zeros are present in 410! / 341!?,18,ES-002,,410! / 341!,,,,,
NS-TRAIL-001,CP-002,NS-TRAIL-001:CP-002:ns-trail-001-human-review-repair:CP-002:300,Medium,QL-032,"When simplified, how many zeros will appear at the end of 190! / 110!?",20,ES-002,,190! / 110!,,,,,
NS-TRAIL-001,CP-002,NS-TRAIL-001:CP-002:ns-trail-001-human-review-repair:CP-002:301,Easy,QL-010,Find the number of terminal zeros in 376! / 331!.,12,ES-002,,376! / 331!,,,,,
NS-TRAIL-001,CP-002,NS-TRAIL-001:CP-002:ns-trail-001-human-review-repair:CP-002:302,Hard,QL-011,Calculate the trailing zeros in 391! / (299! x 78!).,6,ES-002,,391! / (299! x 78!),,,,,
NS-TRAIL-001,CP-002,NS-TRAIL-001:CP-002:ns-trail-001-human-review-repair:CP-002:303,Easy,QL-008,How many trailing zeros are present in 260! / 252!?,2,ES-002,,260! / 252!,,,,,
NS-TRAIL-001,CP-002,NS-TRAIL-001:CP-002:ns-trail-001-human-review-repair:CP-002:304,Medium,QL-009,Determine the trailing-zero count of 366! / 146!.,54,ES-002,,366! / 146!,,,,,
NS-TRAIL-001,CP-002,NS-TRAIL-001:CP-002:ns-trail-001-human-review-repair:CP-002:305,Medium,QL-033,Find the terminal-zero count of 280! / 278!.,1,ES-002,,280! / 278!,,,,,
NS-TRAIL-001,CP-002,NS-TRAIL-001:CP-002:ns-trail-001-human-review-repair:CP-002:306,Hard,QL-007,Find the number of trailing zeros in 346! / 128!.,53,ES-002,,346! / 128!,,,,,
NS-TRAIL-001,CP-002,NS-TRAIL-001:CP-002:ns-trail-001-human-review-repair:CP-002:307,Medium,QL-031,Evaluate the number of trailing zeros in the expression 89!.,20,ES-002,,89!,,,,,
NS-TRAIL-001,CP-002,NS-TRAIL-001:CP-002:ns-trail-001-human-review-repair:CP-002:308,Easy,QL-032,"When simplified, how many zeros will appear at the end of 174! / 102!?",17,ES-002,,174! / 102!,,,,,
NS-TRAIL-001,CP-002,NS-TRAIL-001:CP-002:ns-trail-001-human-review-repair:CP-002:309,Easy,QL-010,Find the number of terminal zeros in 224! / 141!.,19,ES-002,,224! / 141!,,,,,
NS-TRAIL-001,CP-002,NS-TRAIL-001:CP-002:ns-trail-001-human-review-repair:CP-002:310,Hard,QL-031,Evaluate the number of trailing zeros in the expression 346! / 281!.,15,ES-002,,346! / 281!,,,,,
NS-TRAIL-001,CP-002,NS-TRAIL-001:CP-002:ns-trail-001-human-review-repair:CP-002:311,Medium,QL-007,Find the number of trailing zeros in 290! / (45! x 46!).,51,ES-002,,290! / (45! x 46!),,,,,
NS-TRAIL-001,CP-002,NS-TRAIL-001:CP-002:ns-trail-001-human-review-repair:CP-002:312,Hard,QL-033,Find the terminal-zero count of 240! / 238!.,1,ES-002,,240! / 238!,,,,,
NS-TRAIL-001,CP-002,NS-TRAIL-001:CP-002:ns-trail-001-human-review-repair:CP-002:313,Hard,QL-009,Determine the trailing-zero count of 227! / (115! x 76!).,10,ES-002,,227! / (115! x 76!),,,,,
NS-TRAIL-001,CP-002,NS-TRAIL-001:CP-002:ns-trail-001-human-review-repair:CP-002:314,Easy,QL-008,How many trailing zeros are present in 81!?,19,ES-002,,81!,,,,,
NS-TRAIL-001,CP-002,NS-TRAIL-001:CP-002:ns-trail-001-human-review-repair:CP-002:315,Easy,QL-011,Calculate the trailing zeros in 194! / 36!.,38,ES-002,,194! / 36!,,,,,
NS-TRAIL-001,CP-002,NS-TRAIL-001:CP-002:ns-trail-001-human-review-repair:CP-002:316,Medium,QL-010,Find the number of terminal zeros in 364! / 281!.,19,ES-002,,364! / 281!,,,,,
NS-TRAIL-001,CP-002,NS-TRAIL-001:CP-002:ns-trail-001-human-review-repair:CP-002:317,Easy,QL-032,"When simplified, how many zeros will appear at the end of 329! / (169! x 92!)?",19,ES-002,,329! / (169! x 92!),,,,,
NS-TRAIL-001,CP-002,NS-TRAIL-001:CP-002:ns-trail-001-human-review-repair:CP-002:318,Hard,QL-031,Evaluate the number of trailing zeros in the expression 59!.,13,ES-002,,59!,,,,,
NS-TRAIL-001,CP-002,NS-TRAIL-001:CP-002:ns-trail-001-human-review-repair:CP-002:319,Medium,QL-007,Find the number of trailing zeros in 122! / 72!.,12,ES-002,,122! / 72!,,,,,
NS-TRAIL-001,CP-002,NS-TRAIL-001:CP-002:ns-trail-001-human-review-repair:CP-002:320,Easy,QL-011,Calculate the trailing zeros in 459! / (319! x 50!).,23,ES-002,,459! / (319! x 50!),,,,,
NS-TRAIL-001,CP-002,NS-TRAIL-001:CP-002:ns-trail-001-human-review-repair:CP-002:321,Easy,QL-008,How many trailing zeros are present in 83!?,19,ES-002,,83!,,,,,
NS-TRAIL-001,CP-002,NS-TRAIL-001:CP-002:ns-trail-001-human-review-repair:CP-002:322,Easy,QL-032,"When simplified, how many zeros will appear at the end of 242! / 70!?",42,ES-002,,242! / 70!,,,,,
NS-TRAIL-001,CP-002,NS-TRAIL-001:CP-002:ns-trail-001-human-review-repair:CP-002:323,Hard,QL-010,Find the number of terminal zeros in 112! / 106!.,1,ES-002,,112! / 106!,,,,,
NS-TRAIL-001,CP-002,NS-TRAIL-001:CP-002:ns-trail-001-human-review-repair:CP-002:324,Hard,QL-007,Find the number of trailing zeros in 174! / 104!.,17,ES-002,,174! / 104!,,,,,
NS-TRAIL-001,CP-002,NS-TRAIL-001:CP-002:ns-trail-001-human-review-repair:CP-002:325,Easy,QL-031,Evaluate the number of trailing zeros in the expression 252! / 248!.,3,ES-002,,252! / 248!,,,,,
NS-TRAIL-001,CP-002,NS-TRAIL-001:CP-002:ns-trail-001-human-review-repair:CP-002:326,Medium,QL-009,Determine the trailing-zero count of 318! / 138!.,44,ES-002,,318! / 138!,,,,,
NS-TRAIL-001,CP-002,NS-TRAIL-001:CP-002:ns-trail-001-human-review-repair:CP-002:327,Easy,QL-033,Find the terminal-zero count of 192! / 190!.,0,ES-002,,192! / 190!,,,,,
NS-TRAIL-001,CP-002,NS-TRAIL-001:CP-002:ns-trail-001-human-review-repair:CP-002:328,Medium,QL-011,Calculate the trailing zeros in 219! / (77! x 58!).,21,ES-002,,219! / (77! x 58!),,,,,
NS-TRAIL-001,CP-002,NS-TRAIL-001:CP-002:ns-trail-001-human-review-repair:CP-002:329,Medium,QL-008,How many trailing zeros are present in 212! / 204!?,2,ES-002,,212! / 204!,,,,,
NS-TRAIL-001,CP-002,NS-TRAIL-001:CP-002:ns-trail-001-human-review-repair:CP-002:330,Medium,QL-010,Find the number of terminal zeros in 115!.,27,ES-002,,115!,,,,,
NS-TRAIL-001,CP-002,NS-TRAIL-001:CP-002:ns-trail-001-human-review-repair:CP-002:331,Easy,QL-032,"When simplified, how many zeros will appear at the end of 285! / (45! x 66!)?",45,ES-002,,285! / (45! x 66!),,,,,
NS-TRAIL-001,CP-002,NS-TRAIL-001:CP-002:ns-trail-001-human-review-repair:CP-002:332,Medium,QL-008,How many trailing zeros are present in 132! / 124!?,4,ES-002,,132! / 124!,,,,,
NS-TRAIL-001,CP-002,NS-TRAIL-001:CP-002:ns-trail-001-human-review-repair:CP-002:333,Medium,QL-011,Calculate the trailing zeros in 147! / (95! x 86!).,-7,ES-002,,147! / (95! x 86!),,,,,
NS-TRAIL-001,CP-002,NS-TRAIL-001:CP-002:ns-trail-001-human-review-repair:CP-002:334,Hard,QL-033,Find the terminal-zero count of 160! / 158!.,1,ES-002,,160! / 158!,,,,,
NS-TRAIL-001,CP-002,NS-TRAIL-001:CP-002:ns-trail-001-human-review-repair:CP-002:335,Easy,QL-009,Determine the trailing-zero count of 489! / (409! x 100!).,-5,ES-002,,489! / (409! x 100!),,,,,
NS-TRAIL-001,CP-002,NS-TRAIL-001:CP-002:ns-trail-001-human-review-repair:CP-002:336,Medium,QL-031,Evaluate the number of trailing zeros in the expression 113!.,26,ES-002,,113!,,,,,
NS-TRAIL-001,CP-002,NS-TRAIL-001:CP-002:ns-trail-001-human-review-repair:CP-002:337,Easy,QL-007,Find the number of trailing zeros in 439! / (279! x 78!).,21,ES-002,,439! / (279! x 78!),,,,,
NS-TRAIL-001,CP-002,NS-TRAIL-001:CP-002:ns-trail-001-human-review-repair:CP-002:338,Easy,QL-010,Find the number of terminal zeros in 236! / 211!.,6,ES-002,,236! / 211!,,,,,
NS-TRAIL-001,CP-002,NS-TRAIL-001:CP-002:ns-trail-001-human-review-repair:CP-002:339,Medium,QL-032,"When simplified, how many zeros will appear at the end of 290! / (109! x 60!)?",32,ES-002,,290! / (109! x 60!),,,,,
NS-TRAIL-001,CP-002,NS-TRAIL-001:CP-002:ns-trail-001-human-review-repair:CP-002:340,Easy,QL-009,Determine the trailing-zero count of 98! / 50!.,10,ES-002,,98! / 50!,,,,,
NS-TRAIL-001,CP-002,NS-TRAIL-001:CP-002:ns-trail-001-human-review-repair:CP-002:341,Hard,QL-033,Find the terminal-zero count of 204! / 141!.,15,ES-002,,204! / 141!,,,,,
NS-TRAIL-001,CP-002,NS-TRAIL-001:CP-002:ns-trail-001-human-review-repair:CP-002:342,Easy,QL-007,Find the number of trailing zeros in 148! / (41! x 82!).,7,ES-002,,148! / (41! x 82!),,,,,
NS-TRAIL-001,CP-002,NS-TRAIL-001:CP-002:ns-trail-001-human-review-repair:CP-002:343,Medium,QL-031,Evaluate the number of trailing zeros in the expression 234! / 141!.,22,ES-002,,234! / 141!,,,,,
NS-TRAIL-001,CP-002,NS-TRAIL-001:CP-002:ns-trail-001-human-review-repair:CP-002:344,Hard,QL-032,"When simplified, how many zeros will appear at the end of 342! / 126!?",52,ES-002,,342! / 126!,,,,,
NS-TRAIL-001,CP-002,NS-TRAIL-001:CP-002:ns-trail-001-human-review-repair:CP-002:345,Medium,QL-010,Find the number of terminal zeros in 200! / 91!.,28,ES-002,,200! / 91!,,,,,
NS-TRAIL-001,CP-002,NS-TRAIL-001:CP-002:ns-trail-001-human-review-repair:CP-002:346,Medium,QL-011,Calculate the trailing zeros in 387! / (299! x 78!).,5,ES-002,,387! / (299! x 78!),,,,,
NS-TRAIL-001,CP-002,NS-TRAIL-001:CP-002:ns-trail-001-human-review-repair:CP-002:347,Medium,QL-008,How many trailing zeros are present in 117!?,27,ES-002,,117!,,,,,
NS-TRAIL-001,CP-002,NS-TRAIL-001:CP-002:ns-trail-001-human-review-repair:CP-002:348,Easy,QL-009,Determine the trailing-zero count of 257! / (81! x 32!).,37,ES-002,,257! / (81! x 32!),,,,,
NS-TRAIL-001,CP-002,NS-TRAIL-001:CP-002:ns-trail-001-human-review-repair:CP-002:349,Medium,QL-033,Find the terminal-zero count of 101!.,24,ES-002,,101!,,,,,
NS-TRAIL-001,CP-002,NS-TRAIL-001:CP-002:ns-trail-001-human-review-repair:CP-002:350,Easy,QL-008,How many trailing zeros are present in 250! / 201!?,13,ES-002,,250! / 201!,,,,,
NS-TRAIL-001,CP-002,NS-TRAIL-001:CP-002:ns-trail-001-human-review-repair:CP-002:351,Easy,QL-011,Calculate the trailing zeros in 371! / (289! x 62!).,6,ES-002,,371! / (289! x 62!),,,,,
NS-TRAIL-001,CP-002,NS-TRAIL-001:CP-002:ns-trail-001-human-review-repair:CP-002:352,Hard,QL-010,Find the number of terminal zeros in 67!.,15,ES-002,,67!,,,,,
NS-TRAIL-001,CP-002,NS-TRAIL-001:CP-002:ns-trail-001-human-review-repair:CP-002:353,Medium,QL-032,"When simplified, how many zeros will appear at the end of 345! / (249! x 108!)?",0,ES-002,,345! / (249! x 108!),,,,,
NS-TRAIL-001,CP-002,NS-TRAIL-001:CP-002:ns-trail-001-human-review-repair:CP-002:354,Medium,QL-031,Evaluate the number of trailing zeros in the expression 119!.,27,ES-002,,119!,,,,,
NS-TRAIL-001,CP-002,NS-TRAIL-001:CP-002:ns-trail-001-human-review-repair:CP-002:355,Medium,QL-007,Find the number of trailing zeros in 146! / 88!.,15,ES-002,,146! / 88!,,,,,
NS-TRAIL-001,CP-002,NS-TRAIL-001:CP-002:ns-trail-001-human-review-repair:CP-002:356,Easy,QL-033,Find the terminal-zero count of 96! / 94!.,1,ES-002,,96! / 94!,,,,,
NS-TRAIL-001,CP-002,NS-TRAIL-001:CP-002:ns-trail-001-human-review-repair:CP-002:357,Hard,QL-009,Determine the trailing-zero count of 319! / (189! x 80!).,13,ES-002,,319! / (189! x 80!),,,,,
NS-TRAIL-001,CP-002,NS-TRAIL-001:CP-002:ns-trail-001-human-review-repair:CP-002:358,Easy,QL-008,How many trailing zeros are present in 92! / 84!?,2,ES-002,,92! / 84!,,,,,
NS-TRAIL-001,CP-002,NS-TRAIL-001:CP-002:ns-trail-001-human-review-repair:CP-002:359,Medium,QL-011,Calculate the trailing zeros in 170! / 124!.,13,ES-002,,170! / 124!,,,,,
NS-TRAIL-001,CP-002,NS-TRAIL-001:CP-002:ns-trail-001-human-review-repair:CP-002:360,Medium,QL-007,Find the number of trailing zeros in 126! / (89! x 70!).,-5,ES-002,,126! / (89! x 70!),,,,,
NS-TRAIL-001,CP-002,NS-TRAIL-001:CP-002:ns-trail-001-human-review-repair:CP-002:361,Hard,QL-031,Evaluate the number of trailing zeros in the expression 398! / 351!.,11,ES-002,,398! / 351!,,,,,
NS-TRAIL-001,CP-002,NS-TRAIL-001:CP-002:ns-trail-001-human-review-repair:CP-002:362,Medium,QL-009,Determine the trailing-zero count of 234! / 42!.,47,ES-002,,234! / 42!,,,,,
NS-TRAIL-001,CP-002,NS-TRAIL-001:CP-002:ns-trail-001-human-review-repair:CP-002:363,Easy,QL-033,Find the terminal-zero count of 119!.,27,ES-002,,119!,,,,,
NS-TRAIL-001,CP-002,NS-TRAIL-001:CP-002:ns-trail-001-human-review-repair:CP-002:364,Easy,QL-011,Calculate the trailing zeros in 230! / 108!.,31,ES-002,,230! / 108!,,,,,
NS-TRAIL-001,CP-002,NS-TRAIL-001:CP-002:ns-trail-001-human-review-repair:CP-002:365,Easy,QL-008,How many trailing zeros are present in 57!?,13,ES-002,,57!,,,,,
NS-TRAIL-001,CP-002,NS-TRAIL-001:CP-002:ns-trail-001-human-review-repair:CP-002:366,Easy,QL-032,"When simplified, how many zeros will appear at the end of 214! / 30!?",44,ES-002,,214! / 30!,,,,,
NS-TRAIL-001,CP-002,NS-TRAIL-001:CP-002:ns-trail-001-human-review-repair:CP-002:367,Hard,QL-010,Find the number of terminal zeros in 97!.,22,ES-002,,97!,,,,,
NS-TRAIL-001,CP-002,NS-TRAIL-001:CP-002:ns-trail-001-human-review-repair:CP-002:368,Medium,QL-007,Find the number of trailing zeros in 319! / (269! x 58!).,-1,ES-002,,319! / (269! x 58!),,,,,
NS-TRAIL-001,CP-002,NS-TRAIL-001:CP-002:ns-trail-001-human-review-repair:CP-002:369,Medium,QL-031,Evaluate the number of trailing zeros in the expression 148! / 144!.,1,ES-002,,148! / 144!,,,,,
NS-TRAIL-001,CP-002,NS-TRAIL-001:CP-002:ns-trail-001-human-review-repair:CP-002:370,Hard,QL-033,Find the terminal-zero count of 268! / 161!.,26,ES-002,,268! / 161!,,,,,
NS-TRAIL-001,CP-002,NS-TRAIL-001:CP-002:ns-trail-001-human-review-repair:CP-002:371,Hard,QL-009,Determine the trailing-zero count of 238! / 58!.,44,ES-002,,238! / 58!,,,,,
NS-TRAIL-001,CP-002,NS-TRAIL-001:CP-002:ns-trail-001-human-review-repair:CP-002:372,Easy,QL-031,Evaluate the number of trailing zeros in the expression 196! / 192!.,1,ES-002,,196! / 192!,,,,,
NS-TRAIL-001,CP-002,NS-TRAIL-001:CP-002:ns-trail-001-human-review-repair:CP-002:373,Easy,QL-007,Find the number of trailing zeros in 230! / 80!.,37,ES-002,,230! / 80!,,,,,
NS-TRAIL-001,CP-002,NS-TRAIL-001:CP-002:ns-trail-001-human-review-repair:CP-002:374,Easy,QL-010,Find the number of terminal zeros in 264! / 258!.,1,ES-002,,264! / 258!,,,,,
NS-TRAIL-001,CP-002,NS-TRAIL-001:CP-002:ns-trail-001-human-review-repair:CP-002:375,Medium,QL-032,"When simplified, how many zeros will appear at the end of 224! / (67! x 38!)?",30,ES-002,,224! / (67! x 38!),,,,,
NS-TRAIL-001,CP-002,NS-TRAIL-001:CP-002:ns-trail-001-human-review-repair:CP-002:376,Easy,QL-008,How many trailing zeros are present in 230! / 121!?,28,ES-002,,230! / 121!,,,,,
NS-TRAIL-001,CP-002,NS-TRAIL-001:CP-002:ns-trail-001-human-review-repair:CP-002:377,Hard,QL-011,Calculate the trailing zeros in 141! / (91! x 42!).,4,ES-002,,141! / (91! x 42!),,,,,
NS-TRAIL-001,CP-002,NS-TRAIL-001:CP-002:ns-trail-001-human-review-repair:CP-002:378,Easy,QL-033,Find the terminal-zero count of 224! / 201!.,4,ES-002,,224! / 201!,,,,,
NS-TRAIL-001,CP-002,NS-TRAIL-001:CP-002:ns-trail-001-human-review-repair:CP-002:379,Medium,QL-009,Determine the trailing-zero count of 213! / (47! x 68!).,26,ES-002,,213! / (47! x 68!),,,,,
NS-TRAIL-001,CP-002,NS-TRAIL-001:CP-002:ns-trail-001-human-review-repair:CP-002:380,Easy,QL-032,"When simplified, how many zeros will appear at the end of 238! / (125! x 36!)?",18,ES-002,,238! / (125! x 36!),,,,,
NS-TRAIL-001,CP-002,NS-TRAIL-001:CP-002:ns-trail-001-human-review-repair:CP-002:381,Hard,QL-010,Find the number of terminal zeros in 103!.,24,ES-002,,103!,,,,,
NS-TRAIL-001,CP-002,NS-TRAIL-001:CP-002:ns-trail-001-human-review-repair:CP-002:382,Easy,QL-011,Calculate the trailing zeros in 127! / (51! x 72!).,3,ES-002,,127! / (51! x 72!),,,,,
NS-TRAIL-001,CP-002,NS-TRAIL-001:CP-002:ns-trail-001-human-review-repair:CP-002:383,Easy,QL-008,How many trailing zeros are present in 410! / 381!?,7,ES-002,,410! / 381!,,,,,
NS-TRAIL-001,CP-002,NS-TRAIL-001:CP-002:ns-trail-001-human-review-repair:CP-002:384,Hard,QL-009,Determine the trailing-zero count of 445! / (269! x 56!).,31,ES-002,,445! / (269! x 56!),,,,,
NS-TRAIL-001,CP-002,NS-TRAIL-001:CP-002:ns-trail-001-human-review-repair:CP-002:385,Hard,QL-033,Find the terminal-zero count of 400! / 351!.,13,ES-002,,400! / 351!,,,,,
NS-TRAIL-001,CP-002,NS-TRAIL-001:CP-002:ns-trail-001-human-review-repair:CP-002:386,Medium,QL-007,Find the number of trailing zeros in 178! / 80!.,24,ES-002,,178! / 80!,,,,,
NS-TRAIL-001,CP-002,NS-TRAIL-001:CP-002:ns-trail-001-human-review-repair:CP-002:387,Easy,QL-031,Evaluate the number of trailing zeros in the expression 93!.,21,ES-002,,93!,,,,,
NS-TRAIL-001,CP-002,NS-TRAIL-001:CP-002:ns-trail-001-human-review-repair:CP-002:388,Medium,QL-032,"When simplified, how many zeros will appear at the end of 172! / (123! x 74!)?",-3,ES-002,,172! / (123! x 74!),,,,,
NS-TRAIL-001,CP-002,NS-TRAIL-001:CP-002:ns-trail-001-human-review-repair:CP-002:389,Easy,QL-010,Find the number of terminal zeros in 53!.,12,ES-002,,53!,,,,,
NS-TRAIL-001,CP-002,NS-TRAIL-001:CP-002:ns-trail-001-human-review-repair:CP-002:390,Hard,QL-031,Evaluate the number of trailing zeros in the expression 63!.,14,ES-002,,63!,,,,,
NS-TRAIL-001,CP-002,NS-TRAIL-001:CP-002:ns-trail-001-human-review-repair:CP-002:391,Medium,QL-007,Find the number of trailing zeros in 225! / (69! x 70!).,24,ES-002,,225! / (69! x 70!),,,,,
NS-TRAIL-001,CP-002,NS-TRAIL-001:CP-002:ns-trail-001-human-review-repair:CP-002:392,Hard,QL-033,Find the terminal-zero count of 272! / 270!.,0,ES-002,,272! / 270!,,,,,
NS-TRAIL-001,CP-002,NS-TRAIL-001:CP-002:ns-trail-001-human-review-repair:CP-002:393,Medium,QL-009,Determine the trailing-zero count of 499! / (399! x 64!).,10,ES-002,,499! / (399! x 64!),,,,,
NS-TRAIL-001,CP-002,NS-TRAIL-001:CP-002:ns-trail-001-human-review-repair:CP-002:394,Medium,QL-008,How many trailing zeros are present in 129!?,31,ES-002,,129!,,,,,
NS-TRAIL-001,CP-002,NS-TRAIL-001:CP-002:ns-trail-001-human-review-repair:CP-002:395,Medium,QL-011,Calculate the trailing zeros in 313! / (249! x 50!).,5,ES-002,,313! / (249! x 50!),,,,,
NS-TRAIL-001,CP-002,NS-TRAIL-001:CP-002:ns-trail-001-human-review-repair:CP-002:396,Medium,QL-010,Find the number of terminal zeros in 200! / 194!.,3,ES-002,,200! / 194!,,,,,
NS-TRAIL-001,CP-002,NS-TRAIL-001:CP-002:ns-trail-001-human-review-repair:CP-002:397,Hard,QL-032,"When simplified, how many zeros will appear at the end of 214! / 54!?",39,ES-002,,214! / 54!,,,,,
NS-TRAIL-001,CP-002,NS-TRAIL-001:CP-002:ns-trail-001-human-review-repair:CP-002:398,Easy,QL-031,Evaluate the number of trailing zeros in the expression 406! / 341!.,17,ES-002,,406! / 341!,,,,,
NS-TRAIL-001,CP-002,NS-TRAIL-001:CP-002:ns-trail-001-human-review-repair:CP-002:399,Hard,QL-007,Find the number of trailing zeros in 130! / (85! x 36!).,4,ES-002,,130! / (85! x 36!),,,,,
NS-TRAIL-001,CP-002,NS-TRAIL-001:CP-002:ns-trail-001-human-review-repair:CP-002:400,Medium,QL-031,Evaluate the number of trailing zeros in the expression 260! / 256!.,1,ES-002,,260! / 256!,,,,,
NS-TRAIL-001,CP-002,NS-TRAIL-001:CP-002:ns-trail-001-human-review-repair:CP-002:401,Easy,QL-007,Find the number of trailing zeros in 146! / 72!.,19,ES-002,,146! / 72!,,,,,
NS-TRAIL-001,CP-002,NS-TRAIL-001:CP-002:ns-trail-001-human-review-repair:CP-002:402,Hard,QL-033,Find the terminal-zero count of 120! / 118!.,1,ES-002,,120! / 118!,,,,,
NS-TRAIL-001,CP-002,NS-TRAIL-001:CP-002:ns-trail-001-human-review-repair:CP-002:403,Easy,QL-009,Determine the trailing-zero count of 447! / (349! x 108!).,0,ES-002,,447! / (349! x 108!),,,,,
NS-TRAIL-001,CP-002,NS-TRAIL-001:CP-002:ns-trail-001-human-review-repair:CP-002:404,Medium,QL-008,How many trailing zeros are present in 334! / 311!?,5,ES-002,,334! / 311!,,,,,
NS-TRAIL-001,CP-002,NS-TRAIL-001:CP-002:ns-trail-001-human-review-repair:CP-002:405,Medium,QL-011,Calculate the trailing zeros in 451! / (299! x 42!).,30,ES-002,,451! / (299! x 42!),,,,,
NS-TRAIL-001,CP-002,NS-TRAIL-001:CP-002:ns-trail-001-human-review-repair:CP-002:406,Medium,QL-010,Find the number of terminal zeros in 88! / 82!.,1,ES-002,,88! / 82!,,,,,
NS-TRAIL-001,CP-002,NS-TRAIL-001:CP-002:ns-trail-001-human-review-repair:CP-002:407,Easy,QL-032,"When simplified, how many zeros will appear at the end of 473! / (409! x 36!)?",7,ES-002,,473! / (409! x 36!),,,,,
NS-TRAIL-001,CP-002,NS-TRAIL-001:CP-002:ns-trail-001-human-review-repair:CP-002:408,Easy,QL-031,Evaluate the number of trailing zeros in the expression 302! / 211!.,23,ES-002,,302! / 211!,,,,,
NS-TRAIL-001,CP-002,NS-TRAIL-001:CP-002:ns-trail-001-human-review-repair:CP-002:409,Medium,QL-007,Find the number of trailing zeros in 230! / 64!.,42,ES-002,,230! / 64!,,,,,
NS-TRAIL-001,CP-002,NS-TRAIL-001:CP-002:ns-trail-001-human-review-repair:CP-002:410,Hard,QL-032,"When simplified, how many zeros will appear at the end of 241! / (47! x 28!)?",42,ES-002,,241! / (47! x 28!),,,,,
NS-TRAIL-001,CP-002,NS-TRAIL-001:CP-002:ns-trail-001-human-review-repair:CP-002:411,Medium,QL-010,Find the number of terminal zeros in 356! / 331!.,6,ES-002,,356! / 331!,,,,,
NS-TRAIL-001,CP-002,NS-TRAIL-001:CP-002:ns-trail-001-human-review-repair:CP-002:412,Easy,QL-011,Calculate the trailing zeros in 158! / (59! x 40!).,16,ES-002,,158! / (59! x 40!),,,,,
NS-TRAIL-001,CP-002,NS-TRAIL-001:CP-002:ns-trail-001-human-review-repair:CP-002:413,Hard,QL-008,How many trailing zeros are present in 414! / 341!?,18,ES-002,,414! / 341!,,,,,
NS-TRAIL-001,CP-002,NS-TRAIL-001:CP-002:ns-trail-001-human-review-repair:CP-002:414,Medium,QL-009,Determine the trailing-zero count of 274! / 114!.,40,ES-002,,274! / 114!,,,,,
NS-TRAIL-001,CP-002,NS-TRAIL-001:CP-002:ns-trail-001-human-review-repair:CP-002:415,Medium,QL-033,Find the terminal-zero count of 57!.,13,ES-002,,57!,,,,,
NS-TRAIL-001,CP-002,NS-TRAIL-001:CP-002:ns-trail-001-human-review-repair:CP-002:416,Easy,QL-007,Find the number of trailing zeros in 290! / (107! x 38!).,38,ES-002,,290! / (107! x 38!),,,,,
NS-TRAIL-001,CP-002,NS-TRAIL-001:CP-002:ns-trail-001-human-review-repair:CP-002:417,Easy,QL-031,Evaluate the number of trailing zeros in the expression 116! / 112!.,1,ES-002,,116! / 112!,,,,,
NS-TRAIL-001,CP-002,NS-TRAIL-001:CP-002:ns-trail-001-human-review-repair:CP-002:418,Medium,QL-032,"When simplified, how many zeros will appear at the end of 122! / 62!?",14,ES-002,,122! / 62!,,,,,
NS-TRAIL-001,CP-002,NS-TRAIL-001:CP-002:ns-trail-001-human-review-repair:CP-002:419,Easy,QL-010,Find the number of terminal zeros in 121!.,28,ES-002,,121!,,,,,
NS-TRAIL-001,CP-002,NS-TRAIL-001:CP-002:ns-trail-001-human-review-repair:CP-002:420,Easy,QL-010,Find the number of terminal zeros in 352! / 251!.,24,ES-002,,352! / 251!,,,,,
NS-TRAIL-001,CP-002,NS-TRAIL-001:CP-002:ns-trail-001-human-review-repair:CP-002:421,Easy,QL-032,"When simplified, how many zeros will appear at the end of 233! / (113! x 84!)?",11,ES-002,,233! / (113! x 84!),,,,,
NS-TRAIL-001,CP-002,NS-TRAIL-001:CP-002:ns-trail-001-human-review-repair:CP-002:422,Medium,QL-008,How many trailing zeros are present in 55!?,13,ES-002,,55!,,,,,
NS-TRAIL-001,CP-002,NS-TRAIL-001:CP-002:ns-trail-001-human-review-repair:CP-002:423,Medium,QL-011,Calculate the trailing zeros in 274! / (51! x 42!).,45,ES-002,,274! / (51! x 42!),,,,,
NS-TRAIL-001,CP-002,NS-TRAIL-001:CP-002:ns-trail-001-human-review-repair:CP-002:424,Easy,QL-033,Find the terminal-zero count of 232! / 230!.,0,ES-002,,232! / 230!,,,,,
NS-TRAIL-001,CP-002,NS-TRAIL-001:CP-002:ns-trail-001-human-review-repair:CP-002:425,Medium,QL-009,Determine the trailing-zero count of 321! / (249! x 32!).,12,ES-002,,321! / (249! x 32!),,,,,
NS-TRAIL-001,CP-002,NS-TRAIL-001:CP-002:ns-trail-001-human-review-repair:CP-002:426,Hard,QL-031,Evaluate the number of trailing zeros in the expression 156! / 152!.,1,ES-002,,156! / 152!,,,,,
NS-TRAIL-001,CP-002,NS-TRAIL-001:CP-002:ns-trail-001-human-review-repair:CP-002:427,Hard,QL-007,Find the number of trailing zeros in 273! / (63! x 84!).,33,ES-002,,273! / (63! x 84!),,,,,
NS-TRAIL-001,CP-002,NS-TRAIL-001:CP-002:ns-trail-001-human-review-repair:CP-002:428,Hard,QL-010,Find the number of terminal zeros in 392! / 331!.,15,ES-002,,392! / 331!,,,,,
NS-TRAIL-001,CP-002,NS-TRAIL-001:CP-002:ns-trail-001-human-review-repair:CP-002:429,Easy,QL-032,"When simplified, how many zeros will appear at the end of 329! / (239! x 88!)?",3,ES-002,,329! / (239! x 88!),,,,,
NS-TRAIL-001,CP-002,NS-TRAIL-001:CP-002:ns-trail-001-human-review-repair:CP-002:430,Medium,QL-011,Calculate the trailing zeros in 186! / (117! x 68!).,3,ES-002,,186! / (117! x 68!),,,,,
NS-TRAIL-001,CP-002,NS-TRAIL-001:CP-002:ns-trail-001-human-review-repair:CP-002:431,Medium,QL-008,How many trailing zeros are present in 252! / 244!?,4,ES-002,,252! / 244!,,,,,
NS-TRAIL-001,CP-002,NS-TRAIL-001:CP-002:ns-trail-001-human-review-repair:CP-002:432,Medium,QL-032,"When simplified, how many zeros will appear at the end of 212! / (113! x 74!)?",9,ES-002,,212! / (113! x 74!),,,,,
NS-TRAIL-001,CP-002,NS-TRAIL-001:CP-002:ns-trail-001-human-review-repair:CP-002:433,Hard,QL-010,Find the number of terminal zeros in 228! / 201!.,6,ES-002,,228! / 201!,,,,,
NS-TRAIL-001,CP-002,NS-TRAIL-001:CP-002:ns-trail-001-human-review-repair:CP-002:434,Hard,QL-007,Find the number of trailing zeros in 273! / (139! x 62!).,19,ES-002,,273! / (139! x 62!),,,,,
NS-TRAIL-001,CP-002,NS-TRAIL-001:CP-002:ns-trail-001-human-review-repair:CP-002:435,Medium,QL-031,Evaluate the number of trailing zeros in the expression 366! / 327!.,9,ES-002,,366! / 327!,,,,,
NS-TRAIL-001,CP-002,NS-TRAIL-001:CP-002:ns-trail-001-human-review-repair:CP-002:436,Easy,QL-009,Determine the trailing-zero count of 176! / (129! x 80!).,-7,ES-002,,176! / (129! x 80!),,,,,
NS-TRAIL-001,CP-002,NS-TRAIL-001:CP-002:ns-trail-001-human-review-repair:CP-002:437,Easy,QL-033,Find the terminal-zero count of 200! / 198!.,2,ES-002,,200! / 198!,,,,,
NS-TRAIL-001,CP-002,NS-TRAIL-001:CP-002:ns-trail-001-human-review-repair:CP-002:438,Medium,QL-011,Calculate the trailing zeros in 467! / (319! x 54!).,25,ES-002,,467! / (319! x 54!),,,,,
NS-TRAIL-001,CP-002,NS-TRAIL-001:CP-002:ns-trail-001-human-review-repair:CP-002:439,Easy,QL-008,How many trailing zeros are present in 57!?,13,ES-002,,57!,,,,,
NS-TRAIL-001,CP-002,NS-TRAIL-001:CP-002:ns-trail-001-human-review-repair:CP-002:440,Medium,QL-008,How many trailing zeros are present in 61!?,14,ES-002,,61!,,,,,
NS-TRAIL-001,CP-002,NS-TRAIL-001:CP-002:ns-trail-001-human-review-repair:CP-002:441,Medium,QL-011,Calculate the trailing zeros in 467! / (329! x 58!).,21,ES-002,,467! / (329! x 58!),,,,,
NS-TRAIL-001,CP-002,NS-TRAIL-001:CP-002:ns-trail-001-human-review-repair:CP-002:442,Easy,QL-010,Find the number of terminal zeros in 416! / 371!.,12,ES-002,,416! / 371!,,,,,
NS-TRAIL-001,CP-002,NS-TRAIL-001:CP-002:ns-trail-001-human-review-repair:CP-002:443,Medium,QL-032,"When simplified, how many zeros will appear at the end of 154! / 70!?",21,ES-002,,154! / 70!,,,,,
NS-TRAIL-001,CP-002,NS-TRAIL-001:CP-002:ns-trail-001-human-review-repair:CP-002:444,Easy,QL-031,Evaluate the number of trailing zeros in the expression 53!.,12,ES-002,,53!,,,,,
NS-TRAIL-001,CP-002,NS-TRAIL-001:CP-002:ns-trail-001-human-review-repair:CP-002:445,Medium,QL-007,Find the number of trailing zeros in 305! / (139! x 94!).,21,ES-002,,305! / (139! x 94!),,,,,
NS-TRAIL-001,CP-002,NS-TRAIL-001:CP-002:ns-trail-001-human-review-repair:CP-002:446,Easy,QL-033,Find the terminal-zero count of 81!.,19,ES-002,,81!,,,,,
NS-TRAIL-001,CP-002,NS-TRAIL-001:CP-002:ns-trail-001-human-review-repair:CP-002:447,Medium,QL-009,Determine the trailing-zero count of 293! / (139! x 104!).,14,ES-002,,293! / (139! x 104!),,,,,
NS-TRAIL-001,CP-002,NS-TRAIL-001:CP-002:ns-trail-001-human-review-repair:CP-002:448,Easy,QL-008,How many trailing zeros are present in 282! / 261!?,5,ES-002,,282! / 261!,,,,,
NS-TRAIL-001,CP-002,NS-TRAIL-001:CP-002:ns-trail-001-human-review-repair:CP-002:449,Hard,QL-011,Calculate the trailing zeros in 487! / (319! x 74!).,26,ES-002,,487! / (319! x 74!),,,,,
NS-TRAIL-001,CP-002,NS-TRAIL-001:CP-002:ns-trail-001-human-review-repair:CP-002:450,Medium,QL-009,Determine the trailing-zero count of 152! / (75! x 56!).,6,ES-002,,152! / (75! x 56!),,,,,
NS-TRAIL-001,CP-002,NS-TRAIL-001:CP-002:ns-trail-001-human-review-repair:CP-002:451,Hard,QL-033,Find the terminal-zero count of 47!.,10,ES-002,,47!,,,,,
NS-TRAIL-001,CP-002,NS-TRAIL-001:CP-002:ns-trail-001-human-review-repair:CP-002:452,Medium,QL-007,Find the number of trailing zeros in 262! / 80!.,45,ES-002,,262! / 80!,,,,,
NS-TRAIL-001,CP-002,NS-TRAIL-001:CP-002:ns-trail-001-human-review-repair:CP-002:453,Medium,QL-031,Evaluate the number of trailing zeros in the expression 226! / 181!.,11,ES-002,,226! / 181!,,,,,
NS-TRAIL-001,CP-002,NS-TRAIL-001:CP-002:ns-trail-001-human-review-repair:CP-002:454,Easy,QL-032,"When simplified, how many zeros will appear at the end of 230! / 38!?",48,ES-002,,230! / 38!,,,,,
NS-TRAIL-001,CP-002,NS-TRAIL-001:CP-002:ns-trail-001-human-review-repair:CP-002:455,Easy,QL-010,Find the number of terminal zeros in 99!.,22,ES-002,,99!,,,,,
NS-TRAIL-001,CP-002,NS-TRAIL-001:CP-002:ns-trail-001-human-review-repair:CP-002:456,Medium,QL-011,Calculate the trailing zeros in 278! / 124!.,40,ES-002,,278! / 124!,,,,,
NS-TRAIL-001,CP-002,NS-TRAIL-001:CP-002:ns-trail-001-human-review-repair:CP-002:457,Medium,QL-008,How many trailing zeros are present in 228! / 220!?,2,ES-002,,228! / 220!,,,,,
NS-TRAIL-001,CP-002,NS-TRAIL-001:CP-002:ns-trail-001-human-review-repair:CP-002:458,Medium,QL-009,Determine the trailing-zero count of 236! / (123! x 44!).,20,ES-002,,236! / (123! x 44!),,,,,
NS-TRAIL-001,CP-002,NS-TRAIL-001:CP-002:ns-trail-001-human-review-repair:CP-002:459,Easy,QL-033,Find the terminal-zero count of 176! / 174!.,2,ES-002,,176! / 174!,,,,,
NS-TRAIL-001,CP-002,NS-TRAIL-001:CP-002:ns-trail-001-human-review-repair:CP-002:460,Easy,QL-033,Find the terminal-zero count of 312! / 221!.,23,ES-002,,312! / 221!,,,,,
NS-TRAIL-001,CP-002,NS-TRAIL-001:CP-002:ns-trail-001-human-review-repair:CP-002:461,Medium,QL-009,Determine the trailing-zero count of 493! / (339! x 108!).,13,ES-002,,493! / (339! x 108!),,,,,
NS-TRAIL-001,CP-002,NS-TRAIL-001:CP-002:ns-trail-001-human-review-repair:CP-002:462,Easy,QL-031,Evaluate the number of trailing zeros in the expression 115!.,27,ES-002,,115!,,,,,
NS-TRAIL-001,CP-002,NS-TRAIL-001:CP-002:ns-trail-001-human-review-repair:CP-002:463,Hard,QL-007,Find the number of trailing zeros in 443! / (289! x 78!).,20,ES-002,,443! / (289! x 78!),,,,,
NS-TRAIL-001,CP-002,NS-TRAIL-001:CP-002:ns-trail-001-human-review-repair:CP-002:464,Medium,QL-010,Find the number of terminal zeros in 128! / 122!.,3,ES-002,,128! / 122!,,,,,
NS-TRAIL-001,CP-002,NS-TRAIL-001:CP-002:ns-trail-001-human-review-repair:CP-002:465,Easy,QL-032,"When simplified, how many zeros will appear at the end of 381! / (229! x 40!)?",30,ES-002,,381! / (229! x 40!),,,,,
NS-TRAIL-001,CP-002,NS-TRAIL-001:CP-002:ns-trail-001-human-review-repair:CP-002:466,Easy,QL-008,How many trailing zeros are present in 69!?,15,ES-002,,69!,,,,,
NS-TRAIL-001,CP-002,NS-TRAIL-001:CP-002:ns-trail-001-human-review-repair:CP-002:467,Easy,QL-011,Calculate the trailing zeros in 313! / (189! x 50!).,19,ES-002,,313! / (189! x 50!),,,,,
NS-TRAIL-001,CP-002,NS-TRAIL-001:CP-002:ns-trail-001-human-review-repair:CP-002:468,Easy,QL-033,Find the terminal-zero count of 264! / 262!.,0,ES-002,,264! / 262!,,,,,
NS-TRAIL-001,CP-002,NS-TRAIL-001:CP-002:ns-trail-001-human-review-repair:CP-002:469,Hard,QL-009,Determine the trailing-zero count of 429! / (269! x 40!).,31,ES-002,,429! / (269! x 40!),,,,,
NS-TRAIL-001,CP-002,NS-TRAIL-001:CP-002:ns-trail-001-human-review-repair:CP-002:470,Hard,QL-007,Find the number of trailing zeros in 166! / (97! x 78!).,0,ES-002,,166! / (97! x 78!),,,,,
NS-TRAIL-001,CP-002,NS-TRAIL-001:CP-002:ns-trail-001-human-review-repair:CP-002:471,Medium,QL-031,Evaluate the number of trailing zeros in the expression 188! / 184!.,1,ES-002,,188! / 184!,,,,,
NS-TRAIL-001,CP-002,NS-TRAIL-001:CP-002:ns-trail-001-human-review-repair:CP-002:472,Medium,QL-009,Determine the trailing-zero count of 201! / (121! x 22!).,17,ES-002,,201! / (121! x 22!),,,,,
NS-TRAIL-001,CP-002,NS-TRAIL-001:CP-002:ns-trail-001-human-review-repair:CP-002:473,Medium,QL-033,Find the terminal-zero count of 404! / 341!.,16,ES-002,,404! / 341!,,,,,
NS-TRAIL-001,CP-002,NS-TRAIL-001:CP-002:ns-trail-001-human-review-repair:CP-002:474,Hard,QL-011,Calculate the trailing zeros in 349! / (239! x 86!).,7,ES-002,,349! / (239! x 86!),,,,,
NS-TRAIL-001,CP-002,NS-TRAIL-001:CP-002:ns-trail-001-human-review-repair:CP-002:475,Easy,QL-008,How many trailing zeros are present in 220! / 212!?,2,ES-002,,220! / 212!,,,,,
NS-TRAIL-001,CP-002,NS-TRAIL-001:CP-002:ns-trail-001-human-review-repair:CP-002:476,Medium,QL-032,"When simplified, how many zeros will appear at the end of 214! / 54!?",39,ES-002,,214! / 54!,,,,,
NS-TRAIL-001,CP-002,NS-TRAIL-001:CP-002:ns-trail-001-human-review-repair:CP-002:477,Easy,QL-010,Find the number of terminal zeros in 105!.,25,ES-002,,105!,,,,,
NS-TRAIL-001,CP-002,NS-TRAIL-001:CP-002:ns-trail-001-human-review-repair:CP-002:478,Hard,QL-007,Find the number of trailing zeros in 238! / 128!.,26,ES-002,,238! / 128!,,,,,
NS-TRAIL-001,CP-002,NS-TRAIL-001:CP-002:ns-trail-001-human-review-repair:CP-002:479,Hard,QL-031,Evaluate the number of trailing zeros in the expression 222! / 201!.,4,ES-002,,222! / 201!,,,,,
NS-TRAIL-001,CP-002,NS-TRAIL-001:CP-002:ns-trail-001-human-review-repair:CP-002:480,Easy,QL-031,Evaluate the number of trailing zeros in the expression 103!.,24,ES-002,,103!,,,,,
NS-TRAIL-001,CP-002,NS-TRAIL-001:CP-002:ns-trail-001-human-review-repair:CP-002:481,Medium,QL-007,Find the number of trailing zeros in 283! / (69! x 20!).,50,ES-002,,283! / (69! x 20!),,,,,
NS-TRAIL-001,CP-002,NS-TRAIL-001:CP-002:ns-trail-001-human-review-repair:CP-002:482,Easy,QL-033,Find the terminal-zero count of 332! / 271!.,15,ES-002,,332! / 271!,,,,,
NS-TRAIL-001,CP-002,NS-TRAIL-001:CP-002:ns-trail-001-human-review-repair:CP-002:483,Medium,QL-009,Determine the trailing-zero count of 477! / (419! x 92!).,-6,ES-002,,477! / (419! x 92!),,,,,
NS-TRAIL-001,CP-002,NS-TRAIL-001:CP-002:ns-trail-001-human-review-repair:CP-002:484,Medium,QL-008,How many trailing zeros are present in 148! / 140!?,1,ES-002,,148! / 140!,,,,,
NS-TRAIL-001,CP-002,NS-TRAIL-001:CP-002:ns-trail-001-human-review-repair:CP-002:485,Hard,QL-011,Calculate the trailing zeros in 242! / (75! x 46!).,30,ES-002,,242! / (75! x 46!),,,,,
NS-TRAIL-001,CP-002,NS-TRAIL-001:CP-002:ns-trail-001-human-review-repair:CP-002:486,Easy,QL-010,Find the number of terminal zeros in 176! / 170!.,2,ES-002,,176! / 170!,,,,,
NS-TRAIL-001,CP-002,NS-TRAIL-001:CP-002:ns-trail-001-human-review-repair:CP-002:487,Hard,QL-032,"When simplified, how many zeros will appear at the end of 365! / (309! x 124!)?",-14,ES-002,,365! / (309! x 124!),,,,,
NS-TRAIL-001,CP-002,NS-TRAIL-001:CP-002:ns-trail-001-human-review-repair:CP-002:488,Medium,QL-031,Evaluate the number of trailing zeros in the expression 97!.,22,ES-002,,97!,,,,,
NS-TRAIL-001,CP-002,NS-TRAIL-001:CP-002:ns-trail-001-human-review-repair:CP-002:489,Hard,QL-007,Find the number of trailing zeros in 188! / (89! x 60!).,11,ES-002,,188! / (89! x 60!),,,,,
NS-TRAIL-001,CP-002,NS-TRAIL-001:CP-002:ns-trail-001-human-review-repair:CP-002:490,Easy,QL-032,"When simplified, how many zeros will appear at the end of 266! / 126!?",34,ES-002,,266! / 126!,,,,,
NS-TRAIL-001,CP-002,NS-TRAIL-001:CP-002:ns-trail-001-human-review-repair:CP-002:491,Medium,QL-010,Find the number of terminal zeros in 416! / 381!.,8,ES-002,,416! / 381!,,,,,
NS-TRAIL-001,CP-002,NS-TRAIL-001:CP-002:ns-trail-001-human-review-repair:CP-002:492,Medium,QL-011,Calculate the trailing zeros in 250! / 132!.,30,ES-002,,250! / 132!,,,,,
NS-TRAIL-001,CP-002,NS-TRAIL-001:CP-002:ns-trail-001-human-review-repair:CP-002:493,Medium,QL-008,How many trailing zeros are present in 95!?,22,ES-002,,95!,,,,,
NS-TRAIL-001,CP-002,NS-TRAIL-001:CP-002:ns-trail-001-human-review-repair:CP-002:494,Medium,QL-009,Determine the trailing-zero count of 144! / (129! x 80!).,-16,ES-002,,144! / (129! x 80!),,,,,
NS-TRAIL-001,CP-002,NS-TRAIL-001:CP-002:ns-trail-001-human-review-repair:CP-002:495,Easy,QL-033,Find the terminal-zero count of 103!.,24,ES-002,,103!,,,,,
NS-TRAIL-001,CP-002,NS-TRAIL-001:CP-002:ns-trail-001-human-review-repair:CP-002:496,Medium,QL-007,Find the number of trailing zeros in 298! / (57! x 88!).,39,ES-002,,298! / (57! x 88!),,,,,
NS-TRAIL-001,CP-002,NS-TRAIL-001:CP-002:ns-trail-001-human-review-repair:CP-002:497,Medium,QL-031,Evaluate the number of trailing zeros in the expression 75!.,18,ES-002,,75!,,,,,
NS-TRAIL-001,CP-002,NS-TRAIL-001:CP-002:ns-trail-001-human-review-repair:CP-002:498,Medium,QL-032,"When simplified, how many zeros will appear at the end of 218! / 110!?",26,ES-002,,218! / 110!,,,,,
NS-TRAIL-001,CP-002,NS-TRAIL-001:CP-002:ns-trail-001-human-review-repair:CP-002:499,Easy,QL-010,Find the number of terminal zeros in 232! / 226!.,1,ES-002,,232! / 226!,,,,,
NS-TRAIL-001,CP-003,NS-TRAIL-001:CP-003:ns-trail-001-human-review-repair:CP-003:0,Easy,QL-014,Determine the smallest integer whose factorial ends with 152 zeros.,620,ES-003,,,152,,,,
NS-TRAIL-001,CP-003,NS-TRAIL-001:CP-003:ns-trail-001-human-review-repair:CP-003:1,Easy,QL-015,Find the least n such that n! contains 28 trailing zeros.,120,ES-003,,,28,,,,
NS-TRAIL-001,CP-003,NS-TRAIL-001:CP-003:ns-trail-001-human-review-repair:CP-003:2,Hard,QL-015,Find the least n such that n! contains 197 trailing zeros.,795,ES-003,,,197,,,,
NS-TRAIL-001,CP-003,NS-TRAIL-001:CP-003:ns-trail-001-human-review-repair:CP-003:3,Medium,QL-012,Find the smallest number whose factorial contains exactly 3 trailing zeros.,15,ES-003,,,3,,,,
NS-TRAIL-001,CP-003,NS-TRAIL-001:CP-003:ns-trail-001-human-review-repair:CP-003:4,Easy,QL-015,Find the least n such that n! contains 24 trailing zeros.,100,ES-003,,,24,,,,
NS-TRAIL-001,CP-003,NS-TRAIL-001:CP-003:ns-trail-001-human-review-repair:CP-003:5,Easy,QL-014,Determine the smallest integer whose factorial ends with 139 zeros.,565,ES-003,,,139,,,,
NS-TRAIL-001,CP-003,NS-TRAIL-001:CP-003:ns-trail-001-human-review-repair:CP-003:6,Medium,QL-016,Identify the smallest number whose factorial has a trailing-zero count of 481.,1930,ES-003,,,481,,,,
NS-TRAIL-001,CP-003,NS-TRAIL-001:CP-003:ns-trail-001-human-review-repair:CP-003:7,Hard,QL-013,What is the least value of n for which n! has exactly 3 trailing zeros?,15,ES-003,,,3,,,,
NS-TRAIL-001,CP-003,NS-TRAIL-001:CP-003:ns-trail-001-human-review-repair:CP-003:8,Hard,QL-012,Find the smallest number whose factorial contains exactly 496 trailing zeros.,1995,ES-003,,,496,,,,
NS-TRAIL-001,CP-003,NS-TRAIL-001:CP-003:ns-trail-001-human-review-repair:CP-003:9,Easy,QL-012,Find the smallest number whose factorial contains exactly 10 trailing zeros.,45,ES-003,,,10,,,,
NS-TRAIL-001,CP-003,NS-TRAIL-001:CP-003:ns-trail-001-human-review-repair:CP-003:10,Medium,QL-014,Determine the smallest integer whose factorial ends with 2 zeros.,10,ES-003,,,2,,,,
NS-TRAIL-001,CP-003,NS-TRAIL-001:CP-003:ns-trail-001-human-review-repair:CP-003:11,Medium,QL-015,Find the least n such that n! contains 1781 trailing zeros.,7130,ES-003,,,1781,,,,
NS-TRAIL-001,CP-003,NS-TRAIL-001:CP-003:ns-trail-001-human-review-repair:CP-003:12,Easy,QL-013,What is the least value of n for which n! has exactly 594 trailing zeros?,2385,ES-003,,,594,,,,
NS-TRAIL-001,CP-003,NS-TRAIL-001:CP-003:ns-trail-001-human-review-repair:CP-003:13,Medium,QL-016,Identify the smallest number whose factorial has a trailing-zero count of 27.,115,ES-003,,,27,,,,
NS-TRAIL-001,CP-003,NS-TRAIL-001:CP-003:ns-trail-001-human-review-repair:CP-003:14,Medium,QL-015,Find the least n such that n! contains 1 trailing zeros.,5,ES-003,,,1,,,,
NS-TRAIL-001,CP-003,NS-TRAIL-001:CP-003:ns-trail-001-human-review-repair:CP-003:15,Easy,QL-014,Determine the smallest integer whose factorial ends with 20 zeros.,85,ES-003,,,20,,,,
NS-TRAIL-001,CP-003,NS-TRAIL-001:CP-003:ns-trail-001-human-review-repair:CP-003:16,Medium,QL-012,Find the smallest number whose factorial contains exactly 555 trailing zeros.,2230,ES-003,,,555,,,,
NS-TRAIL-001,CP-003,NS-TRAIL-001:CP-003:ns-trail-001-human-review-repair:CP-003:17,Easy,QL-015,Find the least n such that n! contains 76 trailing zeros.,310,ES-003,,,76,,,,
NS-TRAIL-001,CP-003,NS-TRAIL-001:CP-003:ns-trail-001-human-review-repair:CP-003:18,Easy,QL-014,Determine the smallest integer whose factorial ends with 126 zeros.,510,ES-003,,,126,,,,
NS-TRAIL-001,CP-003,NS-TRAIL-001:CP-003:ns-trail-001-human-review-repair:CP-003:19,Easy,QL-016,Identify the smallest number whose factorial has a trailing-zero count of 288.,1160,ES-003,,,288,,,,
NS-TRAIL-001,CP-003,NS-TRAIL-001:CP-003:ns-trail-001-human-review-repair:CP-003:20,Easy,QL-014,Determine the smallest integer whose factorial ends with 2717 zeros.,10875,ES-003,,,2717,,,,
NS-TRAIL-001,CP-003,NS-TRAIL-001:CP-003:ns-trail-001-human-review-repair:CP-003:21,Medium,QL-016,Identify the smallest number whose factorial has a trailing-zero count of 162.,650,ES-003,,,162,,,,
NS-TRAIL-001,CP-003,NS-TRAIL-001:CP-003:ns-trail-001-human-review-repair:CP-003:22,Easy,QL-016,Identify the smallest number whose factorial has a trailing-zero count of 111.,450,ES-003,,,111,,,,
NS-TRAIL-001,CP-003,NS-TRAIL-001:CP-003:ns-trail-001-human-review-repair:CP-003:23,Medium,QL-014,Determine the smallest integer whose factorial ends with 1489 zeros.,5970,ES-003,,,1489,,,,
NS-TRAIL-001,CP-003,NS-TRAIL-001:CP-003:ns-trail-001-human-review-repair:CP-003:24,Medium,QL-013,What is the least value of n for which n! has exactly 304 trailing zeros?,1225,ES-003,,,304,,,,
NS-TRAIL-001,CP-003,NS-TRAIL-001:CP-003:ns-trail-001-human-review-repair:CP-003:25,Medium,QL-012,Find the smallest number whose factorial contains exactly 2527 trailing zeros.,10120,ES-003,,,2527,,,,
NS-TRAIL-001,CP-003,NS-TRAIL-001:CP-003:ns-trail-001-human-review-repair:CP-003:26,Medium,QL-015,Find the least n such that n! contains 4 trailing zeros.,20,ES-003,,,4,,,,
NS-TRAIL-001,CP-003,NS-TRAIL-001:CP-003:ns-trail-001-human-review-repair:CP-003:27,Medium,QL-015,Find the least n such that n! contains 2 trailing zeros.,10,ES-003,,,2,,,,
NS-TRAIL-001,CP-003,NS-TRAIL-001:CP-003:ns-trail-001-human-review-repair:CP-003:28,Hard,QL-015,Find the least n such that n! contains 100 trailing zeros.,405,ES-003,,,100,,,,
NS-TRAIL-001,CP-003,NS-TRAIL-001:CP-003:ns-trail-001-human-review-repair:CP-003:29,Easy,QL-013,What is the least value of n for which n! has exactly 1882 trailing zeros?,7535,ES-003,,,1882,,,,
NS-TRAIL-001,CP-003,NS-TRAIL-001:CP-003:ns-trail-001-human-review-repair:CP-003:30,Easy,QL-014,Determine the smallest integer whose factorial ends with 19 zeros.,80,ES-003,,,19,,,,
NS-TRAIL-001,CP-003,NS-TRAIL-001:CP-003:ns-trail-001-human-review-repair:CP-003:31,Medium,QL-012,Find the smallest number whose factorial contains exactly 1991 trailing zeros.,7975,ES-003,,,1991,,,,
NS-TRAIL-001,CP-003,NS-TRAIL-001:CP-003:ns-trail-001-human-review-repair:CP-003:32,Easy,QL-013,What is the least value of n for which n! has exactly 14 trailing zeros?,60,ES-003,,,14,,,,
NS-TRAIL-001,CP-003,NS-TRAIL-001:CP-003:ns-trail-001-human-review-repair:CP-003:33,Hard,QL-016,Identify the smallest number whose factorial has a trailing-zero count of 70.,285,ES-003,,,70,,,,
NS-TRAIL-001,CP-003,NS-TRAIL-001:CP-003:ns-trail-001-human-review-repair:CP-003:34,Easy,QL-015,Find the least n such that n! contains 487 trailing zeros.,1955,ES-003,,,487,,,,
NS-TRAIL-001,CP-003,NS-TRAIL-001:CP-003:ns-trail-001-human-review-repair:CP-003:35,Medium,QL-012,Find the smallest number whose factorial contains exactly 37 trailing zeros.,150,ES-003,,,37,,,,
NS-TRAIL-001,CP-003,NS-TRAIL-001:CP-003:ns-trail-001-human-review-repair:CP-003:36,Easy,QL-016,Identify the smallest number whose factorial has a trailing-zero count of 601.,2415,ES-003,,,601,,,,
NS-TRAIL-001,CP-003,NS-TRAIL-001:CP-003:ns-trail-001-human-review-repair:CP-003:37,Easy,QL-014,Determine the smallest integer whose factorial ends with 22 zeros.,95,ES-003,,,22,,,,
NS-TRAIL-001,CP-003,NS-TRAIL-001:CP-003:ns-trail-001-human-review-repair:CP-003:38,Hard,QL-014,Determine the smallest integer whose factorial ends with 4 zeros.,20,ES-003,,,4,,,,
NS-TRAIL-001,CP-003,NS-TRAIL-001:CP-003:ns-trail-001-human-review-repair:CP-003:39,Medium,QL-013,What is the least value of n for which n! has exactly 16 trailing zeros?,70,ES-003,,,16,,,,
NS-TRAIL-001,CP-003,NS-TRAIL-001:CP-003:ns-trail-001-human-review-repair:CP-003:40,Hard,QL-015,Find the least n such that n! contains 6 trailing zeros.,25,ES-003,,,6,,,,
NS-TRAIL-001,CP-003,NS-TRAIL-001:CP-003:ns-trail-001-human-review-repair:CP-003:41,Easy,QL-013,What is the least value of n for which n! has exactly 6 trailing zeros?,25,ES-003,,,6,,,,
NS-TRAIL-001,CP-003,NS-TRAIL-001:CP-003:ns-trail-001-human-review-repair:CP-003:42,Hard,QL-013,What is the least value of n for which n! has exactly 1 trailing zeros?,5,ES-003,,,1,,,,
NS-TRAIL-001,CP-003,NS-TRAIL-001:CP-003:ns-trail-001-human-review-repair:CP-003:43,Hard,QL-016,Identify the smallest number whose factorial has a trailing-zero count of 509.,2045,ES-003,,,509,,,,
NS-TRAIL-001,CP-003,NS-TRAIL-001:CP-003:ns-trail-001-human-review-repair:CP-003:44,Medium,QL-013,What is the least value of n for which n! has exactly 25 trailing zeros?,105,ES-003,,,25,,,,
NS-TRAIL-001,CP-003,NS-TRAIL-001:CP-003:ns-trail-001-human-review-repair:CP-003:45,Medium,QL-012,Find the smallest number whose factorial contains exactly 21 trailing zeros.,90,ES-003,,,21,,,,
NS-TRAIL-001,CP-003,NS-TRAIL-001:CP-003:ns-trail-001-human-review-repair:CP-003:46,Easy,QL-014,Determine the smallest integer whose factorial ends with 53 zeros.,220,ES-003,,,53,,,,
NS-TRAIL-001,CP-003,NS-TRAIL-001:CP-003:ns-trail-001-human-review-repair:CP-003:47,Easy,QL-013,What is the least value of n for which n! has exactly 2989 trailing zeros?,11970,ES-003,,,2989,,,,
NS-TRAIL-001,CP-003,NS-TRAIL-001:CP-003:ns-trail-001-human-review-repair:CP-003:48,Easy,QL-013,What is the least value of n for which n! has exactly 598 trailing zeros?,2400,ES-003,,,598,,,,
NS-TRAIL-001,CP-003,NS-TRAIL-001:CP-003:ns-trail-001-human-review-repair:CP-003:49,Medium,QL-014,Determine the smallest integer whose factorial ends with 562 zeros.,2255,ES-003,,,562,,,,
NS-TRAIL-001,CP-003,NS-TRAIL-001:CP-003:ns-trail-001-human-review-repair:CP-003:50,Easy,QL-014,Determine the smallest integer whose factorial ends with 2855 zeros.,11430,ES-003,,,2855,,,,
NS-TRAIL-001,CP-003,NS-TRAIL-001:CP-003:ns-trail-001-human-review-repair:CP-003:51,Hard,QL-016,Identify the smallest number whose factorial has a trailing-zero count of 26.,110,ES-003,,,26,,,,
NS-TRAIL-001,CP-003,NS-TRAIL-001:CP-003:ns-trail-001-human-review-repair:CP-003:52,Medium,QL-016,Identify the smallest number whose factorial has a trailing-zero count of 649.,2605,ES-003,,,649,,,,
NS-TRAIL-001,CP-003,NS-TRAIL-001:CP-003:ns-trail-001-human-review-repair:CP-003:53,Easy,QL-016,Identify the smallest number whose factorial has a trailing-zero count of 3.,15,ES-003,,,3,,,,
NS-TRAIL-001,CP-003,NS-TRAIL-001:CP-003:ns-trail-001-human-review-repair:CP-003:54,Medium,QL-014,Determine the smallest integer whose factorial ends with 164 zeros.,660,ES-003,,,164,,,,
NS-TRAIL-001,CP-003,NS-TRAIL-001:CP-003:ns-trail-001-human-review-repair:CP-003:55,Medium,QL-012,Find the smallest number whose factorial contains exactly 1 trailing zeros.,5,ES-003,,,1,,,,
NS-TRAIL-001,CP-003,NS-TRAIL-001:CP-003:ns-trail-001-human-review-repair:CP-003:56,Easy,QL-012,Find the smallest number whose factorial contains exactly 251 trailing zeros.,1010,ES-003,,,251,,,,
NS-TRAIL-001,CP-003,NS-TRAIL-001:CP-003:ns-trail-001-human-review-repair:CP-003:57,Medium,QL-012,Find the smallest number whose factorial contains exactly 94 trailing zeros.,380,ES-003,,,94,,,,
NS-TRAIL-001,CP-003,NS-TRAIL-001:CP-003:ns-trail-001-human-review-repair:CP-003:58,Easy,QL-012,Find the smallest number whose factorial contains exactly 2 trailing zeros.,10,ES-003,,,2,,,,
NS-TRAIL-001,CP-003,NS-TRAIL-001:CP-003:ns-trail-001-human-review-repair:CP-003:59,Easy,QL-014,Determine the smallest integer whose factorial ends with 2647 zeros.,10600,ES-003,,,2647,,,,
NS-TRAIL-001,CP-003,NS-TRAIL-001:CP-003:ns-trail-001-human-review-repair:CP-003:60,Medium,QL-013,What is the least value of n for which n! has exactly 20 trailing zeros?,85,ES-003,,,20,,,,
NS-TRAIL-001,CP-003,NS-TRAIL-001:CP-003:ns-trail-001-human-review-repair:CP-003:61,Medium,QL-015,Find the least n such that n! contains 496 trailing zeros.,1995,ES-003,,,496,,,,
NS-TRAIL-001,CP-003,NS-TRAIL-001:CP-003:ns-trail-001-human-review-repair:CP-003:62,Hard,QL-016,Identify the smallest number whose factorial has a trailing-zero count of 4.,20,ES-003,,,4,,,,
NS-TRAIL-001,CP-003,NS-TRAIL-001:CP-003:ns-trail-001-human-review-repair:CP-003:63,Hard,QL-016,Identify the smallest number whose factorial has a trailing-zero count of 145.,590,ES-003,,,145,,,,
NS-TRAIL-001,CP-003,NS-TRAIL-001:CP-003:ns-trail-001-human-review-repair:CP-003:64,Medium,QL-012,Find the smallest number whose factorial contains exactly 1 trailing zeros.,5,ES-003,,,1,,,,
NS-TRAIL-001,CP-003,NS-TRAIL-001:CP-003:ns-trail-001-human-review-repair:CP-003:65,Medium,QL-013,What is the least value of n for which n! has exactly 494 trailing zeros?,1985,ES-003,,,494,,,,
NS-TRAIL-001,CP-003,NS-TRAIL-001:CP-003:ns-trail-001-human-review-repair:CP-003:66,Medium,QL-015,Find the least n such that n! contains 99 trailing zeros.,400,ES-003,,,99,,,,
NS-TRAIL-001,CP-003,NS-TRAIL-001:CP-003:ns-trail-001-human-review-repair:CP-003:67,Medium,QL-013,What is the least value of n for which n! has exactly 46 trailing zeros?,190,ES-003,,,46,,,,
NS-TRAIL-001,CP-003,NS-TRAIL-001:CP-003:ns-trail-001-human-review-repair:CP-003:68,Easy,QL-016,Identify the smallest number whose factorial has a trailing-zero count of 3.,15,ES-003,,,3,,,,
NS-TRAIL-001,CP-003,NS-TRAIL-001:CP-003:ns-trail-001-human-review-repair:CP-003:69,Easy,QL-016,Identify the smallest number whose factorial has a trailing-zero count of 24.,100,ES-003,,,24,,,,
NS-TRAIL-001,CP-003,NS-TRAIL-001:CP-003:ns-trail-001-human-review-repair:CP-003:70,Medium,QL-015,Find the least n such that n! contains 588 trailing zeros.,2365,ES-003,,,588,,,,
NS-TRAIL-001,CP-003,NS-TRAIL-001:CP-003:ns-trail-001-human-review-repair:CP-003:71,Hard,QL-016,Identify the smallest number whose factorial has a trailing-zero count of 13.,55,ES-003,,,13,,,,
NS-TRAIL-001,CP-003,NS-TRAIL-001:CP-003:ns-trail-001-human-review-repair:CP-003:72,Hard,QL-012,Find the smallest number whose factorial contains exactly 3 trailing zeros.,15,ES-003,,,3,,,,
NS-TRAIL-001,CP-003,NS-TRAIL-001:CP-003:ns-trail-001-human-review-repair:CP-003:73,Easy,QL-013,What is the least value of n for which n! has exactly 795 trailing zeros?,3185,ES-003,,,795,,,,
NS-TRAIL-001,CP-003,NS-TRAIL-001:CP-003:ns-trail-001-human-review-repair:CP-003:74,Hard,QL-014,Determine the smallest integer whose factorial ends with 133 zeros.,540,ES-003,,,133,,,,
NS-TRAIL-001,CP-003,NS-TRAIL-001:CP-003:ns-trail-001-human-review-repair:CP-003:75,Hard,QL-016,Identify the smallest number whose factorial has a trailing-zero count of 3.,15,ES-003,,,3,,,,
NS-TRAIL-001,CP-003,NS-TRAIL-001:CP-003:ns-trail-001-human-review-repair:CP-003:76,Hard,QL-015,Find the least n such that n! contains 18 trailing zeros.,75,ES-003,,,18,,,,
NS-TRAIL-001,CP-003,NS-TRAIL-001:CP-003:ns-trail-001-human-review-repair:CP-003:77,Medium,QL-014,Determine the smallest integer whose factorial ends with 35 zeros.,145,ES-003,,,35,,,,
NS-TRAIL-001,CP-003,NS-TRAIL-001:CP-003:ns-trail-001-human-review-repair:CP-003:78,Medium,QL-014,Determine the smallest integer whose factorial ends with 599 zeros.,2405,ES-003,,,599,,,,
NS-TRAIL-001,CP-003,NS-TRAIL-001:CP-003:ns-trail-001-human-review-repair:CP-003:79,Medium,QL-015,Find the least n such that n! contains 74 trailing zeros.,300,ES-003,,,74,,,,
NS-TRAIL-001,CP-003,NS-TRAIL-001:CP-003:ns-trail-001-human-review-repair:CP-003:80,Easy,QL-015,Find the least n such that n! contains 14 trailing zeros.,60,ES-003,,,14,,,,
NS-TRAIL-001,CP-003,NS-TRAIL-001:CP-003:ns-trail-001-human-review-repair:CP-003:81,Medium,QL-012,Find the smallest number whose factorial contains exactly 2 trailing zeros.,10,ES-003,,,2,,,,
NS-TRAIL-001,CP-003,NS-TRAIL-001:CP-003:ns-trail-001-human-review-repair:CP-003:82,Hard,QL-015,Find the least n such that n! contains 2420 trailing zeros.,9690,ES-003,,,2420,,,,
NS-TRAIL-001,CP-003,NS-TRAIL-001:CP-003:ns-trail-001-human-review-repair:CP-003:83,Easy,QL-015,Find the least n such that n! contains 4 trailing zeros.,20,ES-003,,,4,,,,
NS-TRAIL-001,CP-003,NS-TRAIL-001:CP-003:ns-trail-001-human-review-repair:CP-003:84,Hard,QL-014,Determine the smallest integer whose factorial ends with 7 zeros.,30,ES-003,,,7,,,,
NS-TRAIL-001,CP-003,NS-TRAIL-001:CP-003:ns-trail-001-human-review-repair:CP-003:85,Easy,QL-013,What is the least value of n for which n! has exactly 1 trailing zeros?,5,ES-003,,,1,,,,
NS-TRAIL-001,CP-003,NS-TRAIL-001:CP-003:ns-trail-001-human-review-repair:CP-003:86,Easy,QL-013,What is the least value of n for which n! has exactly 2157 trailing zeros?,8640,ES-003,,,2157,,,,
NS-TRAIL-001,CP-003,NS-TRAIL-001:CP-003:ns-trail-001-human-review-repair:CP-003:87,Hard,QL-013,What is the least value of n for which n! has exactly 24 trailing zeros?,100,ES-003,,,24,,,,
NS-TRAIL-001,CP-003,NS-TRAIL-001:CP-003:ns-trail-001-human-review-repair:CP-003:88,Easy,QL-012,Find the smallest number whose factorial contains exactly 146 trailing zeros.,595,ES-003,,,146,,,,
NS-TRAIL-001,CP-003,NS-TRAIL-001:CP-003:ns-trail-001-human-review-repair:CP-003:89,Easy,QL-014,Determine the smallest integer whose factorial ends with 19 zeros.,80,ES-003,,,19,,,,
NS-TRAIL-001,CP-003,NS-TRAIL-001:CP-003:ns-trail-001-human-review-repair:CP-003:90,Easy,QL-015,Find the least n such that n! contains 1288 trailing zeros.,5160,ES-003,,,1288,,,,
NS-TRAIL-001,CP-003,NS-TRAIL-001:CP-003:ns-trail-001-human-review-repair:CP-003:91,Hard,QL-013,What is the least value of n for which n! has exactly 10 trailing zeros?,45,ES-003,,,10,,,,
NS-TRAIL-001,CP-003,NS-TRAIL-001:CP-003:ns-trail-001-human-review-repair:CP-003:92,Medium,QL-015,Find the least n such that n! contains 56 trailing zeros.,230,ES-003,,,56,,,,
NS-TRAIL-001,CP-003,NS-TRAIL-001:CP-003:ns-trail-001-human-review-repair:CP-003:93,Medium,QL-016,Identify the smallest number whose factorial has a trailing-zero count of 22.,95,ES-003,,,22,,,,
NS-TRAIL-001,CP-003,NS-TRAIL-001:CP-003:ns-trail-001-human-review-repair:CP-003:94,Easy,QL-012,Find the smallest number whose factorial contains exactly 24 trailing zeros.,100,ES-003,,,24,,,,
NS-TRAIL-001,CP-003,NS-TRAIL-001:CP-003:ns-trail-001-human-review-repair:CP-003:95,Easy,QL-012,Find the smallest number whose factorial contains exactly 273 trailing zeros.,1100,ES-003,,,273,,,,
NS-TRAIL-001,CP-003,NS-TRAIL-001:CP-003:ns-trail-001-human-review-repair:CP-003:96,Easy,QL-015,Find the least n such that n! contains 2 trailing zeros.,10,ES-003,,,2,,,,
NS-TRAIL-001,CP-003,NS-TRAIL-001:CP-003:ns-trail-001-human-review-repair:CP-003:97,Medium,QL-015,Find the least n such that n! contains 8 trailing zeros.,35,ES-003,,,8,,,,
NS-TRAIL-001,CP-003,NS-TRAIL-001:CP-003:ns-trail-001-human-review-repair:CP-003:98,Medium,QL-014,Determine the smallest integer whose factorial ends with 2 zeros.,10,ES-003,,,2,,,,
NS-TRAIL-001,CP-003,NS-TRAIL-001:CP-003:ns-trail-001-human-review-repair:CP-003:99,Easy,QL-015,Find the least n such that n! contains 384 trailing zeros.,1545,ES-003,,,384,,,,
NS-TRAIL-001,CP-003,NS-TRAIL-001:CP-003:ns-trail-001-human-review-repair:CP-003:100,Medium,QL-013,What is the least value of n for which n! has exactly 2 trailing zeros?,10,ES-003,,,2,,,,
NS-TRAIL-001,CP-003,NS-TRAIL-001:CP-003:ns-trail-001-human-review-repair:CP-003:101,Easy,QL-015,Find the least n such that n! contains 62 trailing zeros.,250,ES-003,,,62,,,,
NS-TRAIL-001,CP-003,NS-TRAIL-001:CP-003:ns-trail-001-human-review-repair:CP-003:102,Easy,QL-015,Find the least n such that n! contains 2 trailing zeros.,10,ES-003,,,2,,,,
NS-TRAIL-001,CP-003,NS-TRAIL-001:CP-003:ns-trail-001-human-review-repair:CP-003:103,Medium,QL-016,Identify the smallest number whose factorial has a trailing-zero count of 14.,60,ES-003,,,14,,,,
NS-TRAIL-001,CP-003,NS-TRAIL-001:CP-003:ns-trail-001-human-review-repair:CP-003:104,Hard,QL-013,What is the least value of n for which n! has exactly 2482 trailing zeros?,9940,ES-003,,,2482,,,,
NS-TRAIL-001,CP-003,NS-TRAIL-001:CP-003:ns-trail-001-human-review-repair:CP-003:105,Easy,QL-016,Identify the smallest number whose factorial has a trailing-zero count of 10.,45,ES-003,,,10,,,,
NS-TRAIL-001,CP-003,NS-TRAIL-001:CP-003:ns-trail-001-human-review-repair:CP-003:106,Medium,QL-016,Identify the smallest number whose factorial has a trailing-zero count of 1906.,7630,ES-003,,,1906,,,,
NS-TRAIL-001,CP-003,NS-TRAIL-001:CP-003:ns-trail-001-human-review-repair:CP-003:107,Easy,QL-012,Find the smallest number whose factorial contains exactly 197 trailing zeros.,795,ES-003,,,197,,,,
NS-TRAIL-001,CP-003,NS-TRAIL-001:CP-003:ns-trail-001-human-review-repair:CP-003:108,Medium,QL-016,Identify the smallest number whose factorial has a trailing-zero count of 12.,50,ES-003,,,12,,,,
NS-TRAIL-001,CP-003,NS-TRAIL-001:CP-003:ns-trail-001-human-review-repair:CP-003:109,Medium,QL-014,Determine the smallest integer whose factorial ends with 1 zeros.,5,ES-003,,,1,,,,
NS-TRAIL-001,CP-003,NS-TRAIL-001:CP-003:ns-trail-001-human-review-repair:CP-003:110,Easy,QL-014,Determine the smallest integer whose factorial ends with 89 zeros.,365,ES-003,,,89,,,,
NS-TRAIL-001,CP-003,NS-TRAIL-001:CP-003:ns-trail-001-human-review-repair:CP-003:111,Medium,QL-012,Find the smallest number whose factorial contains exactly 40 trailing zeros.,165,ES-003,,,40,,,,
NS-TRAIL-001,CP-003,NS-TRAIL-001:CP-003:ns-trail-001-human-review-repair:CP-003:112,Easy,QL-012,Find the smallest number whose factorial contains exactly 26 trailing zeros.,110,ES-003,,,26,,,,
NS-TRAIL-001,CP-003,NS-TRAIL-001:CP-003:ns-trail-001-human-review-repair:CP-003:113,Easy,QL-016,Identify the smallest number whose factorial has a trailing-zero count of 1505.,6030,ES-003,,,1505,,,,
NS-TRAIL-001,CP-003,NS-TRAIL-001:CP-003:ns-trail-001-human-review-repair:CP-003:114,Hard,QL-013,What is the least value of n for which n! has exactly 136 trailing zeros?,550,ES-003,,,136,,,,
NS-TRAIL-001,CP-003,NS-TRAIL-001:CP-003:ns-trail-001-human-review-repair:CP-003:115,Easy,QL-016,Identify the smallest number whose factorial has a trailing-zero count of 81.,330,ES-003,,,81,,,,
NS-TRAIL-001,CP-003,NS-TRAIL-001:CP-003:ns-trail-001-human-review-repair:CP-003:116,Medium,QL-013,What is the least value of n for which n! has exactly 220 trailing zeros?,885,ES-003,,,220,,,,
NS-TRAIL-001,CP-003,NS-TRAIL-001:CP-003:ns-trail-001-human-review-repair:CP-003:117,Easy,QL-012,Find the smallest number whose factorial contains exactly 3 trailing zeros.,15,ES-003,,,3,,,,
NS-TRAIL-001,CP-003,NS-TRAIL-001:CP-003:ns-trail-001-human-review-repair:CP-003:118,Medium,QL-012,Find the smallest number whose factorial contains exactly 664 trailing zeros.,2665,ES-003,,,664,,,,
NS-TRAIL-001,CP-003,NS-TRAIL-001:CP-003:ns-trail-001-human-review-repair:CP-003:119,Hard,QL-013,What is the least value of n for which n! has exactly 2971 trailing zeros?,11895,ES-003,,,2971,,,,
NS-TRAIL-001,CP-003,NS-TRAIL-001:CP-003:ns-trail-001-human-review-repair:CP-003:120,Hard,QL-014,Determine the smallest integer whose factorial ends with 972 zeros.,3895,ES-003,,,972,,,,
NS-TRAIL-001,CP-003,NS-TRAIL-001:CP-003:ns-trail-001-human-review-repair:CP-003:121,Easy,QL-015,Find the least n such that n! contains 97 trailing zeros.,395,ES-003,,,97,,,,
NS-TRAIL-001,CP-003,NS-TRAIL-001:CP-003:ns-trail-001-human-review-repair:CP-003:122,Easy,QL-012,Find the smallest number whose factorial contains exactly 19 trailing zeros.,80,ES-003,,,19,,,,
NS-TRAIL-001,CP-003,NS-TRAIL-001:CP-003:ns-trail-001-human-review-repair:CP-003:123,Medium,QL-013,What is the least value of n for which n! has exactly 4 trailing zeros?,20,ES-003,,,4,,,,
NS-TRAIL-001,CP-003,NS-TRAIL-001:CP-003:ns-trail-001-human-review-repair:CP-003:124,Easy,QL-013,What is the least value of n for which n! has exactly 487 trailing zeros?,1955,ES-003,,,487,,,,
NS-TRAIL-001,CP-003,NS-TRAIL-001:CP-003:ns-trail-001-human-review-repair:CP-003:125,Easy,QL-015,Find the least n such that n! contains 14 trailing zeros.,60,ES-003,,,14,,,,
NS-TRAIL-001,CP-003,NS-TRAIL-001:CP-003:ns-trail-001-human-review-repair:CP-003:126,Easy,QL-015,Find the least n such that n! contains 152 trailing zeros.,620,ES-003,,,152,,,,
NS-TRAIL-001,CP-003,NS-TRAIL-001:CP-003:ns-trail-001-human-review-repair:CP-003:127,Hard,QL-013,What is the least value of n for which n! has exactly 595 trailing zeros?,2390,ES-003,,,595,,,,
NS-TRAIL-001,CP-003,NS-TRAIL-001:CP-003:ns-trail-001-human-review-repair:CP-003:128,Easy,QL-013,What is the least value of n for which n! has exactly 2476 trailing zeros?,9915,ES-003,,,2476,,,,
NS-TRAIL-001,CP-003,NS-TRAIL-001:CP-003:ns-trail-001-human-review-repair:CP-003:129,Easy,QL-014,Determine the smallest integer whose factorial ends with 134 zeros.,545,ES-003,,,134,,,,
NS-TRAIL-001,CP-003,NS-TRAIL-001:CP-003:ns-trail-001-human-review-repair:CP-003:130,Hard,QL-012,Find the smallest number whose factorial contains exactly 105 trailing zeros.,425,ES-003,,,105,,,,
NS-TRAIL-001,CP-003,NS-TRAIL-001:CP-003:ns-trail-001-human-review-repair:CP-003:131,Easy,QL-015,Find the least n such that n! contains 1594 trailing zeros.,6380,ES-003,,,1594,,,,
NS-TRAIL-001,CP-003,NS-TRAIL-001:CP-003:ns-trail-001-human-review-repair:CP-003:132,Easy,QL-016,Identify the smallest number whose factorial has a trailing-zero count of 9.,40,ES-003,,,9,,,,
NS-TRAIL-001,CP-003,NS-TRAIL-001:CP-003:ns-trail-001-human-review-repair:CP-003:133,Easy,QL-015,Find the least n such that n! contains 393 trailing zeros.,1580,ES-003,,,393,,,,
NS-TRAIL-001,CP-003,NS-TRAIL-001:CP-003:ns-trail-001-human-review-repair:CP-003:134,Hard,QL-016,Identify the smallest number whose factorial has a trailing-zero count of 6.,25,ES-003,,,6,,,,
NS-TRAIL-001,CP-003,NS-TRAIL-001:CP-003:ns-trail-001-human-review-repair:CP-003:135,Hard,QL-012,Find the smallest number whose factorial contains exactly 2986 trailing zeros.,11955,ES-003,,,2986,,,,
NS-TRAIL-001,CP-003,NS-TRAIL-001:CP-003:ns-trail-001-human-review-repair:CP-003:136,Hard,QL-015,Find the least n such that n! contains 284 trailing zeros.,1145,ES-003,,,284,,,,
NS-TRAIL-001,CP-003,NS-TRAIL-001:CP-003:ns-trail-001-human-review-repair:CP-003:137,Hard,QL-012,Find the smallest number whose factorial contains exactly 461 trailing zeros.,1855,ES-003,,,461,,,,
NS-TRAIL-001,CP-003,NS-TRAIL-001:CP-003:ns-trail-001-human-review-repair:CP-003:138,Medium,QL-016,Identify the smallest number whose factorial has a trailing-zero count of 24.,100,ES-003,,,24,,,,
NS-TRAIL-001,CP-003,NS-TRAIL-001:CP-003:ns-trail-001-human-review-repair:CP-003:139,Medium,QL-016,Identify the smallest number whose factorial has a trailing-zero count of 59.,245,ES-003,,,59,,,,
NS-TRAIL-001,CP-003,NS-TRAIL-001:CP-003:ns-trail-001-human-review-repair:CP-003:140,Hard,QL-014,Determine the smallest integer whose factorial ends with 16 zeros.,70,ES-003,,,16,,,,
NS-TRAIL-001,CP-003,NS-TRAIL-001:CP-003:ns-trail-001-human-review-repair:CP-003:141,Hard,QL-015,Find the least n such that n! contains 1 trailing zeros.,5,ES-003,,,1,,,,
NS-TRAIL-001,CP-003,NS-TRAIL-001:CP-003:ns-trail-001-human-review-repair:CP-003:142,Medium,QL-012,Find the smallest number whose factorial contains exactly 2506 trailing zeros.,10030,ES-003,,,2506,,,,
NS-TRAIL-001,CP-003,NS-TRAIL-001:CP-003:ns-trail-001-human-review-repair:CP-003:143,Easy,QL-016,Identify the smallest number whose factorial has a trailing-zero count of 138.,560,ES-003,,,138,,,,
NS-TRAIL-001,CP-003,NS-TRAIL-001:CP-003:ns-trail-001-human-review-repair:CP-003:144,Hard,QL-014,Determine the smallest integer whose factorial ends with 6 zeros.,25,ES-003,,,6,,,,
NS-TRAIL-001,CP-003,NS-TRAIL-001:CP-003:ns-trail-001-human-review-repair:CP-003:145,Medium,QL-013,What is the least value of n for which n! has exactly 105 trailing zeros?,425,ES-003,,,105,,,,
NS-TRAIL-001,CP-003,NS-TRAIL-001:CP-003:ns-trail-001-human-review-repair:CP-003:146,Easy,QL-016,Identify the smallest number whose factorial has a trailing-zero count of 1250.,5005,ES-003,,,1250,,,,
NS-TRAIL-001,CP-003,NS-TRAIL-001:CP-003:ns-trail-001-human-review-repair:CP-003:147,Medium,QL-014,Determine the smallest integer whose factorial ends with 242 zeros.,975,ES-003,,,242,,,,
NS-TRAIL-001,CP-003,NS-TRAIL-001:CP-003:ns-trail-001-human-review-repair:CP-003:148,Medium,QL-013,What is the least value of n for which n! has exactly 531 trailing zeros?,2130,ES-003,,,531,,,,
NS-TRAIL-001,CP-003,NS-TRAIL-001:CP-003:ns-trail-001-human-review-repair:CP-003:149,Medium,QL-016,Identify the smallest number whose factorial has a trailing-zero count of 2411.,9650,ES-003,,,2411,,,,
NS-TRAIL-001,CP-003,NS-TRAIL-001:CP-003:ns-trail-001-human-review-repair:CP-003:150,Easy,QL-016,Identify the smallest number whose factorial has a trailing-zero count of 544.,2185,ES-003,,,544,,,,
NS-TRAIL-001,CP-003,NS-TRAIL-001:CP-003:ns-trail-001-human-review-repair:CP-003:151,Easy,QL-014,Determine the smallest integer whose factorial ends with 2 zeros.,10,ES-003,,,2,,,,
NS-TRAIL-001,CP-003,NS-TRAIL-001:CP-003:ns-trail-001-human-review-repair:CP-003:152,Medium,QL-014,Determine the smallest integer whose factorial ends with 3 zeros.,15,ES-003,,,3,,,,
NS-TRAIL-001,CP-003,NS-TRAIL-001:CP-003:ns-trail-001-human-review-repair:CP-003:153,Easy,QL-015,Find the least n such that n! contains 1318 trailing zeros.,5280,ES-003,,,1318,,,,
NS-TRAIL-001,CP-003,NS-TRAIL-001:CP-003:ns-trail-001-human-review-repair:CP-003:154,Easy,QL-016,Identify the smallest number whose factorial has a trailing-zero count of 2820.,11290,ES-003,,,2820,,,,
NS-TRAIL-001,CP-003,NS-TRAIL-001:CP-003:ns-trail-001-human-review-repair:CP-003:155,Hard,QL-015,Find the least n such that n! contains 19 trailing zeros.,80,ES-003,,,19,,,,
NS-TRAIL-001,CP-003,NS-TRAIL-001:CP-003:ns-trail-001-human-review-repair:CP-003:156,Medium,QL-013,What is the least value of n for which n! has exactly 139 trailing zeros?,565,ES-003,,,139,,,,
NS-TRAIL-001,CP-003,NS-TRAIL-001:CP-003:ns-trail-001-human-review-repair:CP-003:157,Easy,QL-012,Find the smallest number whose factorial contains exactly 427 trailing zeros.,1720,ES-003,,,427,,,,
NS-TRAIL-001,CP-003,NS-TRAIL-001:CP-003:ns-trail-001-human-review-repair:CP-003:158,Easy,QL-014,Determine the smallest integer whose factorial ends with 2 zeros.,10,ES-003,,,2,,,,
NS-TRAIL-001,CP-003,NS-TRAIL-001:CP-003:ns-trail-001-human-review-repair:CP-003:159,Medium,QL-013,What is the least value of n for which n! has exactly 2111 trailing zeros?,8455,ES-003,,,2111,,,,
NS-TRAIL-001,CP-003,NS-TRAIL-001:CP-003:ns-trail-001-human-review-repair:CP-003:160,Medium,QL-013,What is the least value of n for which n! has exactly 78 trailing zeros?,320,ES-003,,,78,,,,
NS-TRAIL-001,CP-003,NS-TRAIL-001:CP-003:ns-trail-001-human-review-repair:CP-003:161,Easy,QL-012,Find the smallest number whose factorial contains exactly 1 trailing zeros.,5,ES-003,,,1,,,,
NS-TRAIL-001,CP-003,NS-TRAIL-001:CP-003:ns-trail-001-human-review-repair:CP-003:162,Medium,QL-013,What is the least value of n for which n! has exactly 124 trailing zeros?,500,ES-003,,,124,,,,
NS-TRAIL-001,CP-003,NS-TRAIL-001:CP-003:ns-trail-001-human-review-repair:CP-003:163,Easy,QL-015,Find the least n such that n! contains 361 trailing zeros.,1450,ES-003,,,361,,,,
NS-TRAIL-001,CP-003,NS-TRAIL-001:CP-003:ns-trail-001-human-review-repair:CP-003:164,Medium,QL-014,Determine the smallest integer whose factorial ends with 1719 zeros.,6880,ES-003,,,1719,,,,
NS-TRAIL-001,CP-003,NS-TRAIL-001:CP-003:ns-trail-001-human-review-repair:CP-003:165,Hard,QL-012,Find the smallest number whose factorial contains exactly 451 trailing zeros.,1815,ES-003,,,451,,,,
NS-TRAIL-001,CP-003,NS-TRAIL-001:CP-003:ns-trail-001-human-review-repair:CP-003:166,Medium,QL-016,Identify the smallest number whose factorial has a trailing-zero count of 1590.,6370,ES-003,,,1590,,,,
NS-TRAIL-001,CP-003,NS-TRAIL-001:CP-003:ns-trail-001-human-review-repair:CP-003:167,Medium,QL-013,What is the least value of n for which n! has exactly 82 trailing zeros?,335,ES-003,,,82,,,,
NS-TRAIL-001,CP-003,NS-TRAIL-001:CP-003:ns-trail-001-human-review-repair:CP-003:168,Easy,QL-013,What is the least value of n for which n! has exactly 14 trailing zeros?,60,ES-003,,,14,,,,
NS-TRAIL-001,CP-003,NS-TRAIL-001:CP-003:ns-trail-001-human-review-repair:CP-003:169,Easy,QL-012,Find the smallest number whose factorial contains exactly 150 trailing zeros.,610,ES-003,,,150,,,,
NS-TRAIL-001,CP-003,NS-TRAIL-001:CP-003:ns-trail-001-human-review-repair:CP-003:170,Medium,QL-013,What is the least value of n for which n! has exactly 3 trailing zeros?,15,ES-003,,,3,,,,
NS-TRAIL-001,CP-003,NS-TRAIL-001:CP-003:ns-trail-001-human-review-repair:CP-003:171,Easy,QL-016,Identify the smallest number whose factorial has a trailing-zero count of 2738.,10965,ES-003,,,2738,,,,
NS-TRAIL-001,CP-003,NS-TRAIL-001:CP-003:ns-trail-001-human-review-repair:CP-003:172,Medium,QL-015,Find the least n such that n! contains 588 trailing zeros.,2365,ES-003,,,588,,,,
NS-TRAIL-001,CP-003,NS-TRAIL-001:CP-003:ns-trail-001-human-review-repair:CP-003:173,Easy,QL-013,What is the least value of n for which n! has exactly 2 trailing zeros?,10,ES-003,,,2,,,,
NS-TRAIL-001,CP-003,NS-TRAIL-001:CP-003:ns-trail-001-human-review-repair:CP-003:174,Easy,QL-012,Find the smallest number whose factorial contains exactly 1512 trailing zeros.,6060,ES-003,,,1512,,,,
NS-TRAIL-001,CP-003,NS-TRAIL-001:CP-003:ns-trail-001-human-review-repair:CP-003:175,Hard,QL-016,Identify the smallest number whose factorial has a trailing-zero count of 3.,15,ES-003,,,3,,,,
NS-TRAIL-001,CP-003,NS-TRAIL-001:CP-003:ns-trail-001-human-review-repair:CP-003:176,Hard,QL-015,Find the least n such that n! contains 6 trailing zeros.,25,ES-003,,,6,,,,
NS-TRAIL-001,CP-003,NS-TRAIL-001:CP-003:ns-trail-001-human-review-repair:CP-003:177,Medium,QL-014,Determine the smallest integer whose factorial ends with 7 zeros.,30,ES-003,,,7,,,,
NS-TRAIL-001,CP-003,NS-TRAIL-001:CP-003:ns-trail-001-human-review-repair:CP-003:178,Easy,QL-014,Determine the smallest integer whose factorial ends with 608 zeros.,2445,ES-003,,,608,,,,
NS-TRAIL-001,CP-003,NS-TRAIL-001:CP-003:ns-trail-001-human-review-repair:CP-003:179,Medium,QL-012,Find the smallest number whose factorial contains exactly 4 trailing zeros.,20,ES-003,,,4,,,,
NS-TRAIL-001,CP-003,NS-TRAIL-001:CP-003:ns-trail-001-human-review-repair:CP-003:180,Easy,QL-013,What is the least value of n for which n! has exactly 148 trailing zeros?,600,ES-003,,,148,,,,
NS-TRAIL-001,CP-003,NS-TRAIL-001:CP-003:ns-trail-001-human-review-repair:CP-003:181,Medium,QL-014,Determine the smallest integer whose factorial ends with 1 zeros.,5,ES-003,,,1,,,,
NS-TRAIL-001,CP-003,NS-TRAIL-001:CP-003:ns-trail-001-human-review-repair:CP-003:182,Hard,QL-012,Find the smallest number whose factorial contains exactly 2843 trailing zeros.,11380,ES-003,,,2843,,,,
NS-TRAIL-001,CP-003,NS-TRAIL-001:CP-003:ns-trail-001-human-review-repair:CP-003:183,Medium,QL-013,What is the least value of n for which n! has exactly 1798 trailing zeros?,7200,ES-003,,,1798,,,,
NS-TRAIL-001,CP-003,NS-TRAIL-001:CP-003:ns-trail-001-human-review-repair:CP-003:184,Easy,QL-016,Identify the smallest number whose factorial has a trailing-zero count of 25.,105,ES-003,,,25,,,,
NS-TRAIL-001,CP-003,NS-TRAIL-001:CP-003:ns-trail-001-human-review-repair:CP-003:185,Easy,QL-013,What is the least value of n for which n! has exactly 158 trailing zeros?,635,ES-003,,,158,,,,
NS-TRAIL-001,CP-003,NS-TRAIL-001:CP-003:ns-trail-001-human-review-repair:CP-003:186,Medium,QL-013,What is the least value of n for which n! has exactly 2017 trailing zeros?,8080,ES-003,,,2017,,,,
NS-TRAIL-001,CP-003,NS-TRAIL-001:CP-003:ns-trail-001-human-review-repair:CP-003:187,Easy,QL-014,Determine the smallest integer whose factorial ends with 881 zeros.,3530,ES-003,,,881,,,,
NS-TRAIL-001,CP-003,NS-TRAIL-001:CP-003:ns-trail-001-human-review-repair:CP-003:188,Medium,QL-016,Identify the smallest number whose factorial has a trailing-zero count of 125.,505,ES-003,,,125,,,,
NS-TRAIL-001,CP-003,NS-TRAIL-001:CP-003:ns-trail-001-human-review-repair:CP-003:189,Easy,QL-012,Find the smallest number whose factorial contains exactly 2164 trailing zeros.,8670,ES-003,,,2164,,,,
NS-TRAIL-001,CP-003,NS-TRAIL-001:CP-003:ns-trail-001-human-review-repair:CP-003:190,Hard,QL-015,Find the least n such that n! contains 2130 trailing zeros.,8530,ES-003,,,2130,,,,
NS-TRAIL-001,CP-003,NS-TRAIL-001:CP-003:ns-trail-001-human-review-repair:CP-003:191,Hard,QL-013,What is the least value of n for which n! has exactly 26 trailing zeros?,110,ES-003,,,26,,,,
NS-TRAIL-001,CP-003,NS-TRAIL-001:CP-003:ns-trail-001-human-review-repair:CP-003:192,Hard,QL-012,Find the smallest number whose factorial contains exactly 1 trailing zeros.,5,ES-003,,,1,,,,
NS-TRAIL-001,CP-003,NS-TRAIL-001:CP-003:ns-trail-001-human-review-repair:CP-003:193,Medium,QL-014,Determine the smallest integer whose factorial ends with 19 zeros.,80,ES-003,,,19,,,,
NS-TRAIL-001,CP-003,NS-TRAIL-001:CP-003:ns-trail-001-human-review-repair:CP-003:194,Medium,QL-014,Determine the smallest integer whose factorial ends with 14 zeros.,60,ES-003,,,14,,,,
NS-TRAIL-001,CP-003,NS-TRAIL-001:CP-003:ns-trail-001-human-review-repair:CP-003:195,Easy,QL-012,Find the smallest number whose factorial contains exactly 125 trailing zeros.,505,ES-003,,,125,,,,
NS-TRAIL-001,CP-003,NS-TRAIL-001:CP-003:ns-trail-001-human-review-repair:CP-003:196,Medium,QL-012,Find the smallest number whose factorial contains exactly 1513 trailing zeros.,6065,ES-003,,,1513,,,,
NS-TRAIL-001,CP-003,NS-TRAIL-001:CP-003:ns-trail-001-human-review-repair:CP-003:197,Hard,QL-015,Find the least n such that n! contains 19 trailing zeros.,80,ES-003,,,19,,,,
NS-TRAIL-001,CP-003,NS-TRAIL-001:CP-003:ns-trail-001-human-review-repair:CP-003:198,Easy,QL-013,What is the least value of n for which n! has exactly 152 trailing zeros?,620,ES-003,,,152,,,,
NS-TRAIL-001,CP-003,NS-TRAIL-001:CP-003:ns-trail-001-human-review-repair:CP-003:199,Easy,QL-012,Find the smallest number whose factorial contains exactly 31 trailing zeros.,125,ES-003,,,31,,,,
NS-TRAIL-001,CP-003,NS-TRAIL-001:CP-003:ns-trail-001-human-review-repair:CP-003:200,Easy,QL-013,What is the least value of n for which n! has exactly 4 trailing zeros?,20,ES-003,,,4,,,,
NS-TRAIL-001,CP-003,NS-TRAIL-001:CP-003:ns-trail-001-human-review-repair:CP-003:201,Medium,QL-015,Find the least n such that n! contains 62 trailing zeros.,250,ES-003,,,62,,,,
NS-TRAIL-001,CP-003,NS-TRAIL-001:CP-003:ns-trail-001-human-review-repair:CP-003:202,Hard,QL-013,What is the least value of n for which n! has exactly 12 trailing zeros?,50,ES-003,,,12,,,,
NS-TRAIL-001,CP-003,NS-TRAIL-001:CP-003:ns-trail-001-human-review-repair:CP-003:203,Easy,QL-013,What is the least value of n for which n! has exactly 599 trailing zeros?,2405,ES-003,,,599,,,,
NS-TRAIL-001,CP-003,NS-TRAIL-001:CP-003:ns-trail-001-human-review-repair:CP-003:204,Easy,QL-014,Determine the smallest integer whose factorial ends with 28 zeros.,120,ES-003,,,28,,,,
NS-TRAIL-001,CP-003,NS-TRAIL-001:CP-003:ns-trail-001-human-review-repair:CP-003:205,Easy,QL-012,Find the smallest number whose factorial contains exactly 21 trailing zeros.,90,ES-003,,,21,,,,
NS-TRAIL-001,CP-003,NS-TRAIL-001:CP-003:ns-trail-001-human-review-repair:CP-003:206,Hard,QL-016,Identify the smallest number whose factorial has a trailing-zero count of 125.,505,ES-003,,,125,,,,
NS-TRAIL-001,CP-003,NS-TRAIL-001:CP-003:ns-trail-001-human-review-repair:CP-003:207,Easy,QL-014,Determine the smallest integer whose factorial ends with 118 zeros.,480,ES-003,,,118,,,,
NS-TRAIL-001,CP-003,NS-TRAIL-001:CP-003:ns-trail-001-human-review-repair:CP-003:208,Hard,QL-015,Find the least n such that n! contains 18 trailing zeros.,75,ES-003,,,18,,,,
NS-TRAIL-001,CP-003,NS-TRAIL-001:CP-003:ns-trail-001-human-review-repair:CP-003:209,Medium,QL-012,Find the smallest number whose factorial contains exactly 111 trailing zeros.,450,ES-003,,,111,,,,
NS-TRAIL-001,CP-003,NS-TRAIL-001:CP-003:ns-trail-001-human-review-repair:CP-003:210,Medium,QL-012,Find the smallest number whose factorial contains exactly 3 trailing zeros.,15,ES-003,,,3,,,,
NS-TRAIL-001,CP-003,NS-TRAIL-001:CP-003:ns-trail-001-human-review-repair:CP-003:211,Medium,QL-013,What is the least value of n for which n! has exactly 2075 trailing zeros?,8310,ES-003,,,2075,,,,
NS-TRAIL-001,CP-003,NS-TRAIL-001:CP-003:ns-trail-001-human-review-repair:CP-003:212,Easy,QL-014,Determine the smallest integer whose factorial ends with 80 zeros.,325,ES-003,,,80,,,,
NS-TRAIL-001,CP-003,NS-TRAIL-001:CP-003:ns-trail-001-human-review-repair:CP-003:213,Hard,QL-016,Identify the smallest number whose factorial has a trailing-zero count of 4.,20,ES-003,,,4,,,,
NS-TRAIL-001,CP-003,NS-TRAIL-001:CP-003:ns-trail-001-human-review-repair:CP-003:214,Medium,QL-016,Identify the smallest number whose factorial has a trailing-zero count of 94.,380,ES-003,,,94,,,,
NS-TRAIL-001,CP-003,NS-TRAIL-001:CP-003:ns-trail-001-human-review-repair:CP-003:215,Easy,QL-015,Find the least n such that n! contains 914 trailing zeros.,3665,ES-003,,,914,,,,
NS-TRAIL-001,CP-003,NS-TRAIL-001:CP-003:ns-trail-001-human-review-repair:CP-003:216,Medium,QL-014,Determine the smallest integer whose factorial ends with 2 zeros.,10,ES-003,,,2,,,,
NS-TRAIL-001,CP-003,NS-TRAIL-001:CP-003:ns-trail-001-human-review-repair:CP-003:217,Medium,QL-015,Find the least n such that n! contains 947 trailing zeros.,3795,ES-003,,,947,,,,
NS-TRAIL-001,CP-003,NS-TRAIL-001:CP-003:ns-trail-001-human-review-repair:CP-003:218,Easy,QL-014,Determine the smallest integer whose factorial ends with 446 zeros.,1795,ES-003,,,446,,,,
NS-TRAIL-001,CP-003,NS-TRAIL-001:CP-003:ns-trail-001-human-review-repair:CP-003:219,Medium,QL-014,Determine the smallest integer whose factorial ends with 562 zeros.,2255,ES-003,,,562,,,,
NS-TRAIL-001,CP-003,NS-TRAIL-001:CP-003:ns-trail-001-human-review-repair:CP-003:220,Easy,QL-013,What is the least value of n for which n! has exactly 4 trailing zeros?,20,ES-003,,,4,,,,
NS-TRAIL-001,CP-003,NS-TRAIL-001:CP-003:ns-trail-001-human-review-repair:CP-003:221,Easy,QL-015,Find the least n such that n! contains 113 trailing zeros.,460,ES-003,,,113,,,,
NS-TRAIL-001,CP-003,NS-TRAIL-001:CP-003:ns-trail-001-human-review-repair:CP-003:222,Easy,QL-014,Determine the smallest integer whose factorial ends with 132 zeros.,535,ES-003,,,132,,,,
NS-TRAIL-001,CP-003,NS-TRAIL-001:CP-003:ns-trail-001-human-review-repair:CP-003:223,Medium,QL-012,Find the smallest number whose factorial contains exactly 1556 trailing zeros.,6240,ES-003,,,1556,,,,
NS-TRAIL-001,CP-003,NS-TRAIL-001:CP-003:ns-trail-001-human-review-repair:CP-003:224,Easy,QL-013,What is the least value of n for which n! has exactly 70 trailing zeros?,285,ES-003,,,70,,,,
NS-TRAIL-001,CP-003,NS-TRAIL-001:CP-003:ns-trail-001-human-review-repair:CP-003:225,Easy,QL-014,Determine the smallest integer whose factorial ends with 207 zeros.,835,ES-003,,,207,,,,
NS-TRAIL-001,CP-003,NS-TRAIL-001:CP-003:ns-trail-001-human-review-repair:CP-003:226,Easy,QL-015,Find the least n such that n! contains 1 trailing zeros.,5,ES-003,,,1,,,,
NS-TRAIL-001,CP-003,NS-TRAIL-001:CP-003:ns-trail-001-human-review-repair:CP-003:227,Easy,QL-013,What is the least value of n for which n! has exactly 233 trailing zeros?,940,ES-003,,,233,,,,
NS-TRAIL-001,CP-003,NS-TRAIL-001:CP-003:ns-trail-001-human-review-repair:CP-003:228,Medium,QL-016,Identify the smallest number whose factorial has a trailing-zero count of 328.,1320,ES-003,,,328,,,,
NS-TRAIL-001,CP-003,NS-TRAIL-001:CP-003:ns-trail-001-human-review-repair:CP-003:229,Hard,QL-014,Determine the smallest integer whose factorial ends with 77 zeros.,315,ES-003,,,77,,,,
NS-TRAIL-001,CP-003,NS-TRAIL-001:CP-003:ns-trail-001-human-review-repair:CP-003:230,Easy,QL-012,Find the smallest number whose factorial contains exactly 2252 trailing zeros.,9020,ES-003,,,2252,,,,
NS-TRAIL-001,CP-003,NS-TRAIL-001:CP-003:ns-trail-001-human-review-repair:CP-003:231,Medium,QL-015,Find the least n such that n! contains 1733 trailing zeros.,6940,ES-003,,,1733,,,,
NS-TRAIL-001,CP-003,NS-TRAIL-001:CP-003:ns-trail-001-human-review-repair:CP-003:232,Medium,QL-015,Find the least n such that n! contains 2445 trailing zeros.,9790,ES-003,,,2445,,,,
NS-TRAIL-001,CP-003,NS-TRAIL-001:CP-003:ns-trail-001-human-review-repair:CP-003:233,Easy,QL-013,What is the least value of n for which n! has exactly 1550 trailing zeros?,6215,ES-003,,,1550,,,,
NS-TRAIL-001,CP-003,NS-TRAIL-001:CP-003:ns-trail-001-human-review-repair:CP-003:234,Hard,QL-015,Find the least n such that n! contains 2355 trailing zeros.,9425,ES-003,,,2355,,,,
NS-TRAIL-001,CP-003,NS-TRAIL-001:CP-003:ns-trail-001-human-review-repair:CP-003:235,Hard,QL-016,Identify the smallest number whose factorial has a trailing-zero count of 28.,120,ES-003,,,28,,,,
NS-TRAIL-001,CP-003,NS-TRAIL-001:CP-003:ns-trail-001-human-review-repair:CP-003:236,Medium,QL-016,Identify the smallest number whose factorial has a trailing-zero count of 15.,65,ES-003,,,15,,,,
NS-TRAIL-001,CP-003,NS-TRAIL-001:CP-003:ns-trail-001-human-review-repair:CP-003:237,Easy,QL-012,Find the smallest number whose factorial contains exactly 26 trailing zeros.,110,ES-003,,,26,,,,
NS-TRAIL-001,CP-003,NS-TRAIL-001:CP-003:ns-trail-001-human-review-repair:CP-003:238,Medium,QL-016,Identify the smallest number whose factorial has a trailing-zero count of 2677.,10720,ES-003,,,2677,,,,
NS-TRAIL-001,CP-003,NS-TRAIL-001:CP-003:ns-trail-001-human-review-repair:CP-003:239,Hard,QL-015,Find the least n such that n! contains 142 trailing zeros.,575,ES-003,,,142,,,,
NS-TRAIL-001,CP-003,NS-TRAIL-001:CP-003:ns-trail-001-human-review-repair:CP-003:240,Easy,QL-015,Find the least n such that n! contains 15 trailing zeros.,65,ES-003,,,15,,,,
NS-TRAIL-001,CP-003,NS-TRAIL-001:CP-003:ns-trail-001-human-review-repair:CP-003:241,Medium,QL-016,Identify the smallest number whose factorial has a trailing-zero count of 10.,45,ES-003,,,10,,,,
NS-TRAIL-001,CP-003,NS-TRAIL-001:CP-003:ns-trail-001-human-review-repair:CP-003:242,Easy,QL-015,Find the least n such that n! contains 655 trailing zeros.,2625,ES-003,,,655,,,,
NS-TRAIL-001,CP-003,NS-TRAIL-001:CP-003:ns-trail-001-human-review-repair:CP-003:243,Hard,QL-014,Determine the smallest integer whose factorial ends with 152 zeros.,620,ES-003,,,152,,,,
NS-TRAIL-001,CP-003,NS-TRAIL-001:CP-003:ns-trail-001-human-review-repair:CP-003:244,Easy,QL-014,Determine the smallest integer whose factorial ends with 6 zeros.,25,ES-003,,,6,,,,
NS-TRAIL-001,CP-003,NS-TRAIL-001:CP-003:ns-trail-001-human-review-repair:CP-003:245,Hard,QL-015,Find the least n such that n! contains 2 trailing zeros.,10,ES-003,,,2,,,,
NS-TRAIL-001,CP-003,NS-TRAIL-001:CP-003:ns-trail-001-human-review-repair:CP-003:246,Easy,QL-014,Determine the smallest integer whose factorial ends with 839 zeros.,3365,ES-003,,,839,,,,
NS-TRAIL-001,CP-003,NS-TRAIL-001:CP-003:ns-trail-001-human-review-repair:CP-003:247,Medium,QL-014,Determine the smallest integer whose factorial ends with 132 zeros.,535,ES-003,,,132,,,,
NS-TRAIL-001,CP-003,NS-TRAIL-001:CP-003:ns-trail-001-human-review-repair:CP-003:248,Easy,QL-012,Find the smallest number whose factorial contains exactly 4 trailing zeros.,20,ES-003,,,4,,,,
NS-TRAIL-001,CP-003,NS-TRAIL-001:CP-003:ns-trail-001-human-review-repair:CP-003:249,Medium,QL-015,Find the least n such that n! contains 692 trailing zeros.,2775,ES-003,,,692,,,,
NS-TRAIL-001,CP-003,NS-TRAIL-001:CP-003:ns-trail-001-human-review-repair:CP-003:250,Easy,QL-013,What is the least value of n for which n! has exactly 27 trailing zeros?,115,ES-003,,,27,,,,
NS-TRAIL-001,CP-003,NS-TRAIL-001:CP-003:ns-trail-001-human-review-repair:CP-003:251,Hard,QL-014,Determine the smallest integer whose factorial ends with 1255 zeros.,5025,ES-003,,,1255,,,,
NS-TRAIL-001,CP-003,NS-TRAIL-001:CP-003:ns-trail-001-human-review-repair:CP-003:252,Easy,QL-016,Identify the smallest number whose factorial has a trailing-zero count of 1.,5,ES-003,,,1,,,,
NS-TRAIL-001,CP-003,NS-TRAIL-001:CP-003:ns-trail-001-human-review-repair:CP-003:253,Hard,QL-014,Determine the smallest integer whose factorial ends with 8 zeros.,35,ES-003,,,8,,,,
NS-TRAIL-001,CP-003,NS-TRAIL-001:CP-003:ns-trail-001-human-review-repair:CP-003:254,Hard,QL-012,Find the smallest number whose factorial contains exactly 16 trailing zeros.,70,ES-003,,,16,,,,
NS-TRAIL-001,CP-003,NS-TRAIL-001:CP-003:ns-trail-001-human-review-repair:CP-003:255,Easy,QL-012,Find the smallest number whose factorial contains exactly 1 trailing zeros.,5,ES-003,,,1,,,,
NS-TRAIL-001,CP-003,NS-TRAIL-001:CP-003:ns-trail-001-human-review-repair:CP-003:256,Easy,QL-012,Find the smallest number whose factorial contains exactly 3 trailing zeros.,15,ES-003,,,3,,,,
NS-TRAIL-001,CP-003,NS-TRAIL-001:CP-003:ns-trail-001-human-review-repair:CP-003:257,Hard,QL-013,What is the least value of n for which n! has exactly 99 trailing zeros?,400,ES-003,,,99,,,,
NS-TRAIL-001,CP-003,NS-TRAIL-001:CP-003:ns-trail-001-human-review-repair:CP-003:258,Easy,QL-013,What is the least value of n for which n! has exactly 81 trailing zeros?,330,ES-003,,,81,,,,
NS-TRAIL-001,CP-003,NS-TRAIL-001:CP-003:ns-trail-001-human-review-repair:CP-003:259,Easy,QL-012,Find the smallest number whose factorial contains exactly 756 trailing zeros.,3035,ES-003,,,756,,,,
NS-TRAIL-001,CP-003,NS-TRAIL-001:CP-003:ns-trail-001-human-review-repair:CP-003:260,Medium,QL-012,Find the smallest number whose factorial contains exactly 27 trailing zeros.,115,ES-003,,,27,,,,
NS-TRAIL-001,CP-003,NS-TRAIL-001:CP-003:ns-trail-001-human-review-repair:CP-003:261,Easy,QL-014,Determine the smallest integer whose factorial ends with 682 zeros.,2740,ES-003,,,682,,,,
NS-TRAIL-001,CP-003,NS-TRAIL-001:CP-003:ns-trail-001-human-review-repair:CP-003:262,Medium,QL-015,Find the least n such that n! contains 16 trailing zeros.,70,ES-003,,,16,,,,
NS-TRAIL-001,CP-003,NS-TRAIL-001:CP-003:ns-trail-001-human-review-repair:CP-003:263,Medium,QL-014,Determine the smallest integer whose factorial ends with 124 zeros.,500,ES-003,,,124,,,,
NS-TRAIL-001,CP-003,NS-TRAIL-001:CP-003:ns-trail-001-human-review-repair:CP-003:264,Easy,QL-016,Identify the smallest number whose factorial has a trailing-zero count of 267.,1075,ES-003,,,267,,,,
NS-TRAIL-001,CP-003,NS-TRAIL-001:CP-003:ns-trail-001-human-review-repair:CP-003:265,Easy,QL-015,Find the least n such that n! contains 19 trailing zeros.,80,ES-003,,,19,,,,
NS-TRAIL-001,CP-003,NS-TRAIL-001:CP-003:ns-trail-001-human-review-repair:CP-003:266,Medium,QL-014,Determine the smallest integer whose factorial ends with 26 zeros.,110,ES-003,,,26,,,,
NS-TRAIL-001,CP-003,NS-TRAIL-001:CP-003:ns-trail-001-human-review-repair:CP-003:267,Easy,QL-014,Determine the smallest integer whose factorial ends with 4 zeros.,20,ES-003,,,4,,,,
NS-TRAIL-001,CP-003,NS-TRAIL-001:CP-003:ns-trail-001-human-review-repair:CP-003:268,Easy,QL-014,Determine the smallest integer whose factorial ends with 699 zeros.,2805,ES-003,,,699,,,,
NS-TRAIL-001,CP-003,NS-TRAIL-001:CP-003:ns-trail-001-human-review-repair:CP-003:269,Medium,QL-013,What is the least value of n for which n! has exactly 4 trailing zeros?,20,ES-003,,,4,,,,
NS-TRAIL-001,CP-003,NS-TRAIL-001:CP-003:ns-trail-001-human-review-repair:CP-003:270,Medium,QL-016,Identify the smallest number whose factorial has a trailing-zero count of 2052.,8220,ES-003,,,2052,,,,
NS-TRAIL-001,CP-003,NS-TRAIL-001:CP-003:ns-trail-001-human-review-repair:CP-003:271,Easy,QL-014,Determine the smallest integer whose factorial ends with 665 zeros.,2670,ES-003,,,665,,,,
NS-TRAIL-001,CP-003,NS-TRAIL-001:CP-003:ns-trail-001-human-review-repair:CP-003:272,Easy,QL-013,What is the least value of n for which n! has exactly 2 trailing zeros?,10,ES-003,,,2,,,,
NS-TRAIL-001,CP-003,NS-TRAIL-001:CP-003:ns-trail-001-human-review-repair:CP-003:273,Hard,QL-016,Identify the smallest number whose factorial has a trailing-zero count of 3.,15,ES-003,,,3,,,,
NS-TRAIL-001,CP-003,NS-TRAIL-001:CP-003:ns-trail-001-human-review-repair:CP-003:274,Medium,QL-015,Find the least n such that n! contains 1 trailing zeros.,5,ES-003,,,1,,,,
NS-TRAIL-001,CP-003,NS-TRAIL-001:CP-003:ns-trail-001-human-review-repair:CP-003:275,Easy,QL-012,Find the smallest number whose factorial contains exactly 356 trailing zeros.,1430,ES-003,,,356,,,,
NS-TRAIL-001,CP-003,NS-TRAIL-001:CP-003:ns-trail-001-human-review-repair:CP-003:276,Easy,QL-012,Find the smallest number whose factorial contains exactly 7 trailing zeros.,30,ES-003,,,7,,,,
NS-TRAIL-001,CP-003,NS-TRAIL-001:CP-003:ns-trail-001-human-review-repair:CP-003:277,Easy,QL-012,Find the smallest number whose factorial contains exactly 773 trailing zeros.,3105,ES-003,,,773,,,,
NS-TRAIL-001,CP-003,NS-TRAIL-001:CP-003:ns-trail-001-human-review-repair:CP-003:278,Hard,QL-013,What is the least value of n for which n! has exactly 19 trailing zeros?,80,ES-003,,,19,,,,
NS-TRAIL-001,CP-003,NS-TRAIL-001:CP-003:ns-trail-001-human-review-repair:CP-003:279,Medium,QL-016,Identify the smallest number whose factorial has a trailing-zero count of 294.,1185,ES-003,,,294,,,,
NS-TRAIL-001,CP-003,NS-TRAIL-001:CP-003:ns-trail-001-human-review-repair:CP-003:280,Hard,QL-016,Identify the smallest number whose factorial has a trailing-zero count of 594.,2385,ES-003,,,594,,,,
NS-TRAIL-001,CP-003,NS-TRAIL-001:CP-003:ns-trail-001-human-review-repair:CP-003:281,Medium,QL-013,What is the least value of n for which n! has exactly 1648 trailing zeros?,6600,ES-003,,,1648,,,,
NS-TRAIL-001,CP-003,NS-TRAIL-001:CP-003:ns-trail-001-human-review-repair:CP-003:282,Easy,QL-013,What is the least value of n for which n! has exactly 31 trailing zeros?,125,ES-003,,,31,,,,
NS-TRAIL-001,CP-003,NS-TRAIL-001:CP-003:ns-trail-001-human-review-repair:CP-003:283,Medium,QL-013,What is the least value of n for which n! has exactly 475 trailing zeros?,1905,ES-003,,,475,,,,
NS-TRAIL-001,CP-003,NS-TRAIL-001:CP-003:ns-trail-001-human-review-repair:CP-003:284,Easy,QL-012,Find the smallest number whose factorial contains exactly 4 trailing zeros.,20,ES-003,,,4,,,,
NS-TRAIL-001,CP-003,NS-TRAIL-001:CP-003:ns-trail-001-human-review-repair:CP-003:285,Medium,QL-014,Determine the smallest integer whose factorial ends with 2806 zeros.,11240,ES-003,,,2806,,,,
NS-TRAIL-001,CP-003,NS-TRAIL-001:CP-003:ns-trail-001-human-review-repair:CP-003:286,Medium,QL-014,Determine the smallest integer whose factorial ends with 13 zeros.,55,ES-003,,,13,,,,
NS-TRAIL-001,CP-003,NS-TRAIL-001:CP-003:ns-trail-001-human-review-repair:CP-003:287,Easy,QL-014,Determine the smallest integer whose factorial ends with 16 zeros.,70,ES-003,,,16,,,,
NS-TRAIL-001,CP-003,NS-TRAIL-001:CP-003:ns-trail-001-human-review-repair:CP-003:288,Medium,QL-014,Determine the smallest integer whose factorial ends with 132 zeros.,535,ES-003,,,132,,,,
NS-TRAIL-001,CP-003,NS-TRAIL-001:CP-003:ns-trail-001-human-review-repair:CP-003:289,Medium,QL-014,Determine the smallest integer whose factorial ends with 361 zeros.,1450,ES-003,,,361,,,,
NS-TRAIL-001,CP-003,NS-TRAIL-001:CP-003:ns-trail-001-human-review-repair:CP-003:290,Easy,QL-013,What is the least value of n for which n! has exactly 26 trailing zeros?,110,ES-003,,,26,,,,
NS-TRAIL-001,CP-003,NS-TRAIL-001:CP-003:ns-trail-001-human-review-repair:CP-003:291,Easy,QL-012,Find the smallest number whose factorial contains exactly 4 trailing zeros.,20,ES-003,,,4,,,,
NS-TRAIL-001,CP-003,NS-TRAIL-001:CP-003:ns-trail-001-human-review-repair:CP-003:292,Easy,QL-013,What is the least value of n for which n! has exactly 9 trailing zeros?,40,ES-003,,,9,,,,
NS-TRAIL-001,CP-003,NS-TRAIL-001:CP-003:ns-trail-001-human-review-repair:CP-003:293,Medium,QL-014,Determine the smallest integer whose factorial ends with 540 zeros.,2170,ES-003,,,540,,,,
NS-TRAIL-001,CP-003,NS-TRAIL-001:CP-003:ns-trail-001-human-review-repair:CP-003:294,Medium,QL-015,Find the least n such that n! contains 2 trailing zeros.,10,ES-003,,,2,,,,
NS-TRAIL-001,CP-003,NS-TRAIL-001:CP-003:ns-trail-001-human-review-repair:CP-003:295,Easy,QL-012,Find the smallest number whose factorial contains exactly 334 trailing zeros.,1345,ES-003,,,334,,,,
NS-TRAIL-001,CP-003,NS-TRAIL-001:CP-003:ns-trail-001-human-review-repair:CP-003:296,Medium,QL-012,Find the smallest number whose factorial contains exactly 57 trailing zeros.,235,ES-003,,,57,,,,
NS-TRAIL-001,CP-003,NS-TRAIL-001:CP-003:ns-trail-001-human-review-repair:CP-003:297,Easy,QL-013,What is the least value of n for which n! has exactly 2 trailing zeros?,10,ES-003,,,2,,,,
NS-TRAIL-001,CP-003,NS-TRAIL-001:CP-003:ns-trail-001-human-review-repair:CP-003:298,Medium,QL-013,What is the least value of n for which n! has exactly 28 trailing zeros?,120,ES-003,,,28,,,,
NS-TRAIL-001,CP-003,NS-TRAIL-001:CP-003:ns-trail-001-human-review-repair:CP-003:299,Hard,QL-014,Determine the smallest integer whose factorial ends with 1 zeros.,5,ES-003,,,1,,,,
NS-TRAIL-001,CP-003,NS-TRAIL-001:CP-003:ns-trail-001-human-review-repair:CP-003:300,Medium,QL-012,Find the smallest number whose factorial contains exactly 111 trailing zeros.,450,ES-003,,,111,,,,
NS-TRAIL-001,CP-003,NS-TRAIL-001:CP-003:ns-trail-001-human-review-repair:CP-003:301,Hard,QL-015,Find the least n such that n! contains 18 trailing zeros.,75,ES-003,,,18,,,,
NS-TRAIL-001,CP-003,NS-TRAIL-001:CP-003:ns-trail-001-human-review-repair:CP-003:302,Easy,QL-015,Find the least n such that n! contains 799 trailing zeros.,3200,ES-003,,,799,,,,
NS-TRAIL-001,CP-003,NS-TRAIL-001:CP-003:ns-trail-001-human-review-repair:CP-003:303,Easy,QL-014,Determine the smallest integer whose factorial ends with 2 zeros.,10,ES-003,,,2,,,,
NS-TRAIL-001,CP-003,NS-TRAIL-001:CP-003:ns-trail-001-human-review-repair:CP-003:304,Hard,QL-013,What is the least value of n for which n! has exactly 243 trailing zeros?,980,ES-003,,,243,,,,
NS-TRAIL-001,CP-003,NS-TRAIL-001:CP-003:ns-trail-001-human-review-repair:CP-003:305,Medium,QL-016,Identify the smallest number whose factorial has a trailing-zero count of 20.,85,ES-003,,,20,,,,
NS-TRAIL-001,CP-003,NS-TRAIL-001:CP-003:ns-trail-001-human-review-repair:CP-003:306,Easy,QL-014,Determine the smallest integer whose factorial ends with 1238 zeros.,4965,ES-003,,,1238,,,,
NS-TRAIL-001,CP-003,NS-TRAIL-001:CP-003:ns-trail-001-human-review-repair:CP-003:307,Easy,QL-015,Find the least n such that n! contains 1131 trailing zeros.,4530,ES-003,,,1131,,,,
NS-TRAIL-001,CP-003,NS-TRAIL-001:CP-003:ns-trail-001-human-review-repair:CP-003:308,Medium,QL-015,Find the least n such that n! contains 62 trailing zeros.,250,ES-003,,,62,,,,
NS-TRAIL-001,CP-003,NS-TRAIL-001:CP-003:ns-trail-001-human-review-repair:CP-003:309,Easy,QL-013,What is the least value of n for which n! has exactly 4 trailing zeros?,20,ES-003,,,4,,,,
NS-TRAIL-001,CP-003,NS-TRAIL-001:CP-003:ns-trail-001-human-review-repair:CP-003:310,Easy,QL-014,Determine the smallest integer whose factorial ends with 1802 zeros.,7220,ES-003,,,1802,,,,
NS-TRAIL-001,CP-003,NS-TRAIL-001:CP-003:ns-trail-001-human-review-repair:CP-003:311,Medium,QL-016,Identify the smallest number whose factorial has a trailing-zero count of 46.,190,ES-003,,,46,,,,
NS-TRAIL-001,CP-003,NS-TRAIL-001:CP-003:ns-trail-001-human-review-repair:CP-003:312,Medium,QL-016,Identify the smallest number whose factorial has a trailing-zero count of 8.,35,ES-003,,,8,,,,
NS-TRAIL-001,CP-003,NS-TRAIL-001:CP-003:ns-trail-001-human-review-repair:CP-003:313,Medium,QL-014,Determine the smallest integer whose factorial ends with 1555 zeros.,6235,ES-003,,,1555,,,,
NS-TRAIL-001,CP-003,NS-TRAIL-001:CP-003:ns-trail-001-human-review-repair:CP-003:314,Hard,QL-014,Determine the smallest integer whose factorial ends with 21 zeros.,90,ES-003,,,21,,,,
NS-TRAIL-001,CP-003,NS-TRAIL-001:CP-003:ns-trail-001-human-review-repair:CP-003:315,Medium,QL-013,What is the least value of n for which n! has exactly 37 trailing zeros?,150,ES-003,,,37,,,,
NS-TRAIL-001,CP-003,NS-TRAIL-001:CP-003:ns-trail-001-human-review-repair:CP-003:316,Medium,QL-016,Identify the smallest number whose factorial has a trailing-zero count of 614.,2470,ES-003,,,614,,,,
NS-TRAIL-001,CP-003,NS-TRAIL-001:CP-003:ns-trail-001-human-review-repair:CP-003:317,Easy,QL-016,Identify the smallest number whose factorial has a trailing-zero count of 1.,5,ES-003,,,1,,,,
NS-TRAIL-001,CP-003,NS-TRAIL-001:CP-003:ns-trail-001-human-review-repair:CP-003:318,Easy,QL-016,Identify the smallest number whose factorial has a trailing-zero count of 1.,5,ES-003,,,1,,,,
NS-TRAIL-001,CP-003,NS-TRAIL-001:CP-003:ns-trail-001-human-review-repair:CP-003:319,Easy,QL-016,Identify the smallest number whose factorial has a trailing-zero count of 409.,1645,ES-003,,,409,,,,
NS-TRAIL-001,CP-003,NS-TRAIL-001:CP-003:ns-trail-001-human-review-repair:CP-003:320,Medium,QL-012,Find the smallest number whose factorial contains exactly 172 trailing zeros.,695,ES-003,,,172,,,,
NS-TRAIL-001,CP-003,NS-TRAIL-001:CP-003:ns-trail-001-human-review-repair:CP-003:321,Hard,QL-012,Find the smallest number whose factorial contains exactly 90 trailing zeros.,370,ES-003,,,90,,,,
NS-TRAIL-001,CP-003,NS-TRAIL-001:CP-003:ns-trail-001-human-review-repair:CP-003:322,Easy,QL-012,Find the smallest number whose factorial contains exactly 95 trailing zeros.,385,ES-003,,,95,,,,
NS-TRAIL-001,CP-003,NS-TRAIL-001:CP-003:ns-trail-001-human-review-repair:CP-003:323,Hard,QL-014,Determine the smallest integer whose factorial ends with 2789 zeros.,11170,ES-003,,,2789,,,,
NS-TRAIL-001,CP-003,NS-TRAIL-001:CP-003:ns-trail-001-human-review-repair:CP-003:324,Easy,QL-014,Determine the smallest integer whose factorial ends with 425 zeros.,1710,ES-003,,,425,,,,
NS-TRAIL-001,CP-003,NS-TRAIL-001:CP-003:ns-trail-001-human-review-repair:CP-003:325,Medium,QL-014,Determine the smallest integer whose factorial ends with 15 zeros.,65,ES-003,,,15,,,,
NS-TRAIL-001,CP-003,NS-TRAIL-001:CP-003:ns-trail-001-human-review-repair:CP-003:326,Easy,QL-016,Identify the smallest number whose factorial has a trailing-zero count of 46.,190,ES-003,,,46,,,,
NS-TRAIL-001,CP-003,NS-TRAIL-001:CP-003:ns-trail-001-human-review-repair:CP-003:327,Hard,QL-014,Determine the smallest integer whose factorial ends with 299 zeros.,1205,ES-003,,,299,,,,
NS-TRAIL-001,CP-003,NS-TRAIL-001:CP-003:ns-trail-001-human-review-repair:CP-003:328,Medium,QL-016,Identify the smallest number whose factorial has a trailing-zero count of 2612.,10460,ES-003,,,2612,,,,
NS-TRAIL-001,CP-003,NS-TRAIL-001:CP-003:ns-trail-001-human-review-repair:CP-003:329,Easy,QL-013,What is the least value of n for which n! has exactly 50 trailing zeros?,205,ES-003,,,50,,,,
NS-TRAIL-001,CP-003,NS-TRAIL-001:CP-003:ns-trail-001-human-review-repair:CP-003:330,Medium,QL-013,What is the least value of n for which n! has exactly 107 trailing zeros?,435,ES-003,,,107,,,,
NS-TRAIL-001,CP-003,NS-TRAIL-001:CP-003:ns-trail-001-human-review-repair:CP-003:331,Easy,QL-016,Identify the smallest number whose factorial has a trailing-zero count of 18.,75,ES-003,,,18,,,,
NS-TRAIL-001,CP-003,NS-TRAIL-001:CP-003:ns-trail-001-human-review-repair:CP-003:332,Hard,QL-015,Find the least n such that n! contains 24 trailing zeros.,100,ES-003,,,24,,,,
NS-TRAIL-001,CP-003,NS-TRAIL-001:CP-003:ns-trail-001-human-review-repair:CP-003:333,Hard,QL-013,What is the least value of n for which n! has exactly 6 trailing zeros?,25,ES-003,,,6,,,,
NS-TRAIL-001,CP-003,NS-TRAIL-001:CP-003:ns-trail-001-human-review-repair:CP-003:334,Medium,QL-014,Determine the smallest integer whose factorial ends with 52 zeros.,215,ES-003,,,52,,,,
NS-TRAIL-001,CP-003,NS-TRAIL-001:CP-003:ns-trail-001-human-review-repair:CP-003:335,Easy,QL-016,Identify the smallest number whose factorial has a trailing-zero count of 259.,1045,ES-003,,,259,,,,
NS-TRAIL-001,CP-003,NS-TRAIL-001:CP-003:ns-trail-001-human-review-repair:CP-003:336,Medium,QL-013,What is the least value of n for which n! has exactly 25 trailing zeros?,105,ES-003,,,25,,,,
NS-TRAIL-001,CP-003,NS-TRAIL-001:CP-003:ns-trail-001-human-review-repair:CP-003:337,Medium,QL-013,What is the least value of n for which n! has exactly 1 trailing zeros?,5,ES-003,,,1,,,,
NS-TRAIL-001,CP-003,NS-TRAIL-001:CP-003:ns-trail-001-human-review-repair:CP-003:338,Hard,QL-012,Find the smallest number whose factorial contains exactly 8 trailing zeros.,35,ES-003,,,8,,,,
NS-TRAIL-001,CP-003,NS-TRAIL-001:CP-003:ns-trail-001-human-review-repair:CP-003:339,Medium,QL-016,Identify the smallest number whose factorial has a trailing-zero count of 25.,105,ES-003,,,25,,,,
NS-TRAIL-001,CP-003,NS-TRAIL-001:CP-003:ns-trail-001-human-review-repair:CP-003:340,Easy,QL-015,Find the least n such that n! contains 1 trailing zeros.,5,ES-003,,,1,,,,
NS-TRAIL-001,CP-003,NS-TRAIL-001:CP-003:ns-trail-001-human-review-repair:CP-003:341,Medium,QL-013,What is the least value of n for which n! has exactly 1 trailing zeros?,5,ES-003,,,1,,,,
NS-TRAIL-001,CP-003,NS-TRAIL-001:CP-003:ns-trail-001-human-review-repair:CP-003:342,Hard,QL-012,Find the smallest number whose factorial contains exactly 383 trailing zeros.,1540,ES-003,,,383,,,,
NS-TRAIL-001,CP-003,NS-TRAIL-001:CP-003:ns-trail-001-human-review-repair:CP-003:343,Medium,QL-012,Find the smallest number whose factorial contains exactly 2071 trailing zeros.,8295,ES-003,,,2071,,,,
NS-TRAIL-001,CP-003,NS-TRAIL-001:CP-003:ns-trail-001-human-review-repair:CP-003:344,Easy,QL-016,Identify the smallest number whose factorial has a trailing-zero count of 231.,930,ES-003,,,231,,,,
NS-TRAIL-001,CP-003,NS-TRAIL-001:CP-003:ns-trail-001-human-review-repair:CP-003:345,Medium,QL-012,Find the smallest number whose factorial contains exactly 1 trailing zeros.,5,ES-003,,,1,,,,
NS-TRAIL-001,CP-003,NS-TRAIL-001:CP-003:ns-trail-001-human-review-repair:CP-003:346,Easy,QL-012,Find the smallest number whose factorial contains exactly 1994 trailing zeros.,7990,ES-003,,,1994,,,,
NS-TRAIL-001,CP-003,NS-TRAIL-001:CP-003:ns-trail-001-human-review-repair:CP-003:347,Easy,QL-014,Determine the smallest integer whose factorial ends with 1998 zeros.,8000,ES-003,,,1998,,,,
NS-TRAIL-001,CP-003,NS-TRAIL-001:CP-003:ns-trail-001-human-review-repair:CP-003:348,Easy,QL-012,Find the smallest number whose factorial contains exactly 368 trailing zeros.,1480,ES-003,,,368,,,,
NS-TRAIL-001,CP-003,NS-TRAIL-001:CP-003:ns-trail-001-human-review-repair:CP-003:349,Medium,QL-012,Find the smallest number whose factorial contains exactly 12 trailing zeros.,50,ES-003,,,12,,,,
NS-TRAIL-001,CP-003,NS-TRAIL-001:CP-003:ns-trail-001-human-review-repair:CP-003:350,Medium,QL-013,What is the least value of n for which n! has exactly 3 trailing zeros?,15,ES-003,,,3,,,,
NS-TRAIL-001,CP-003,NS-TRAIL-001:CP-003:ns-trail-001-human-review-repair:CP-003:351,Medium,QL-016,Identify the smallest number whose factorial has a trailing-zero count of 44.,180,ES-003,,,44,,,,
NS-TRAIL-001,CP-003,NS-TRAIL-001:CP-003:ns-trail-001-human-review-repair:CP-003:352,Medium,QL-014,Determine the smallest integer whose factorial ends with 22 zeros.,95,ES-003,,,22,,,,
NS-TRAIL-001,CP-003,NS-TRAIL-001:CP-003:ns-trail-001-human-review-repair:CP-003:353,Easy,QL-013,What is the least value of n for which n! has exactly 2 trailing zeros?,10,ES-003,,,2,,,,
NS-TRAIL-001,CP-003,NS-TRAIL-001:CP-003:ns-trail-001-human-review-repair:CP-003:354,Easy,QL-014,Determine the smallest integer whose factorial ends with 20 zeros.,85,ES-003,,,20,,,,
NS-TRAIL-001,CP-003,NS-TRAIL-001:CP-003:ns-trail-001-human-review-repair:CP-003:355,Medium,QL-013,What is the least value of n for which n! has exactly 2338 trailing zeros?,9370,ES-003,,,2338,,,,
NS-TRAIL-001,CP-003,NS-TRAIL-001:CP-003:ns-trail-001-human-review-repair:CP-003:356,Easy,QL-013,What is the least value of n for which n! has exactly 3 trailing zeros?,15,ES-003,,,3,,,,
NS-TRAIL-001,CP-003,NS-TRAIL-001:CP-003:ns-trail-001-human-review-repair:CP-003:357,Medium,QL-012,Find the smallest number whose factorial contains exactly 3 trailing zeros.,15,ES-003,,,3,,,,
NS-TRAIL-001,CP-003,NS-TRAIL-001:CP-003:ns-trail-001-human-review-repair:CP-003:358,Hard,QL-013,What is the least value of n for which n! has exactly 3 trailing zeros?,15,ES-003,,,3,,,,
NS-TRAIL-001,CP-003,NS-TRAIL-001:CP-003:ns-trail-001-human-review-repair:CP-003:359,Medium,QL-012,Find the smallest number whose factorial contains exactly 509 trailing zeros.,2045,ES-003,,,509,,,,
NS-TRAIL-001,CP-003,NS-TRAIL-001:CP-003:ns-trail-001-human-review-repair:CP-003:360,Hard,QL-013,What is the least value of n for which n! has exactly 2 trailing zeros?,10,ES-003,,,2,,,,
NS-TRAIL-001,CP-003,NS-TRAIL-001:CP-003:ns-trail-001-human-review-repair:CP-003:361,Medium,QL-015,Find the least n such that n! contains 136 trailing zeros.,550,ES-003,,,136,,,,
NS-TRAIL-001,CP-003,NS-TRAIL-001:CP-003:ns-trail-001-human-review-repair:CP-003:362,Easy,QL-013,What is the least value of n for which n! has exactly 2 trailing zeros?,10,ES-003,,,2,,,,
NS-TRAIL-001,CP-003,NS-TRAIL-001:CP-003:ns-trail-001-human-review-repair:CP-003:363,Medium,QL-012,Find the smallest number whose factorial contains exactly 500 trailing zeros.,2005,ES-003,,,500,,,,
NS-TRAIL-001,CP-003,NS-TRAIL-001:CP-003:ns-trail-001-human-review-repair:CP-003:364,Hard,QL-016,Identify the smallest number whose factorial has a trailing-zero count of 125.,505,ES-003,,,125,,,,
NS-TRAIL-001,CP-003,NS-TRAIL-001:CP-003:ns-trail-001-human-review-repair:CP-003:365,Hard,QL-014,Determine the smallest integer whose factorial ends with 15 zeros.,65,ES-003,,,15,,,,
NS-TRAIL-001,CP-003,NS-TRAIL-001:CP-003:ns-trail-001-human-review-repair:CP-003:366,Hard,QL-015,Find the least n such that n! contains 136 trailing zeros.,550,ES-003,,,136,,,,
NS-TRAIL-001,CP-003,NS-TRAIL-001:CP-003:ns-trail-001-human-review-repair:CP-003:367,Easy,QL-012,Find the smallest number whose factorial contains exactly 27 trailing zeros.,115,ES-003,,,27,,,,
NS-TRAIL-001,CP-003,NS-TRAIL-001:CP-003:ns-trail-001-human-review-repair:CP-003:368,Easy,QL-012,Find the smallest number whose factorial contains exactly 2 trailing zeros.,10,ES-003,,,2,,,,
NS-TRAIL-001,CP-003,NS-TRAIL-001:CP-003:ns-trail-001-human-review-repair:CP-003:369,Hard,QL-015,Find the least n such that n! contains 2 trailing zeros.,10,ES-003,,,2,,,,
NS-TRAIL-001,CP-003,NS-TRAIL-001:CP-003:ns-trail-001-human-review-repair:CP-003:370,Easy,QL-013,What is the least value of n for which n! has exactly 84 trailing zeros?,345,ES-003,,,84,,,,
NS-TRAIL-001,CP-003,NS-TRAIL-001:CP-003:ns-trail-001-human-review-repair:CP-003:371,Medium,QL-014,Determine the smallest integer whose factorial ends with 26 zeros.,110,ES-003,,,26,,,,
NS-TRAIL-001,CP-003,NS-TRAIL-001:CP-003:ns-trail-001-human-review-repair:CP-003:372,Medium,QL-014,Determine the smallest integer whose factorial ends with 250 zeros.,1005,ES-003,,,250,,,,
NS-TRAIL-001,CP-003,NS-TRAIL-001:CP-003:ns-trail-001-human-review-repair:CP-003:373,Easy,QL-014,Determine the smallest integer whose factorial ends with 602 zeros.,2420,ES-003,,,602,,,,
NS-TRAIL-001,CP-003,NS-TRAIL-001:CP-003:ns-trail-001-human-review-repair:CP-003:374,Hard,QL-012,Find the smallest number whose factorial contains exactly 1 trailing zeros.,5,ES-003,,,1,,,,
NS-TRAIL-001,CP-003,NS-TRAIL-001:CP-003:ns-trail-001-human-review-repair:CP-003:375,Medium,QL-013,What is the least value of n for which n! has exactly 21 trailing zeros?,90,ES-003,,,21,,,,
NS-TRAIL-001,CP-003,NS-TRAIL-001:CP-003:ns-trail-001-human-review-repair:CP-003:376,Easy,QL-013,What is the least value of n for which n! has exactly 2260 trailing zeros?,9050,ES-003,,,2260,,,,
NS-TRAIL-001,CP-003,NS-TRAIL-001:CP-003:ns-trail-001-human-review-repair:CP-003:377,Medium,QL-013,What is the least value of n for which n! has exactly 1 trailing zeros?,5,ES-003,,,1,,,,
NS-TRAIL-001,CP-003,NS-TRAIL-001:CP-003:ns-trail-001-human-review-repair:CP-003:378,Hard,QL-016,Identify the smallest number whose factorial has a trailing-zero count of 4.,20,ES-003,,,4,,,,
NS-TRAIL-001,CP-003,NS-TRAIL-001:CP-003:ns-trail-001-human-review-repair:CP-003:379,Easy,QL-014,Determine the smallest integer whose factorial ends with 80 zeros.,325,ES-003,,,80,,,,
NS-TRAIL-001,CP-003,NS-TRAIL-001:CP-003:ns-trail-001-human-review-repair:CP-003:380,Medium,QL-013,What is the least value of n for which n! has exactly 12 trailing zeros?,50,ES-003,,,12,,,,
NS-TRAIL-001,CP-003,NS-TRAIL-001:CP-003:ns-trail-001-human-review-repair:CP-003:381,Hard,QL-015,Find the least n such that n! contains 2 trailing zeros.,10,ES-003,,,2,,,,
NS-TRAIL-001,CP-003,NS-TRAIL-001:CP-003:ns-trail-001-human-review-repair:CP-003:382,Medium,QL-016,Identify the smallest number whose factorial has a trailing-zero count of 28.,120,ES-003,,,28,,,,
NS-TRAIL-001,CP-003,NS-TRAIL-001:CP-003:ns-trail-001-human-review-repair:CP-003:383,Easy,QL-013,What is the least value of n for which n! has exactly 37 trailing zeros?,150,ES-003,,,37,,,,
NS-TRAIL-001,CP-003,NS-TRAIL-001:CP-003:ns-trail-001-human-review-repair:CP-003:384,Easy,QL-014,Determine the smallest integer whose factorial ends with 101 zeros.,410,ES-003,,,101,,,,
NS-TRAIL-001,CP-003,NS-TRAIL-001:CP-003:ns-trail-001-human-review-repair:CP-003:385,Easy,QL-014,Determine the smallest integer whose factorial ends with 49 zeros.,200,ES-003,,,49,,,,
NS-TRAIL-001,CP-003,NS-TRAIL-001:CP-003:ns-trail-001-human-review-repair:CP-003:386,Easy,QL-016,Identify the smallest number whose factorial has a trailing-zero count of 117.,475,ES-003,,,117,,,,
NS-TRAIL-001,CP-003,NS-TRAIL-001:CP-003:ns-trail-001-human-review-repair:CP-003:387,Medium,QL-012,Find the smallest number whose factorial contains exactly 22 trailing zeros.,95,ES-003,,,22,,,,
NS-TRAIL-001,CP-003,NS-TRAIL-001:CP-003:ns-trail-001-human-review-repair:CP-003:388,Easy,QL-014,Determine the smallest integer whose factorial ends with 570 zeros.,2290,ES-003,,,570,,,,
NS-TRAIL-001,CP-003,NS-TRAIL-001:CP-003:ns-trail-001-human-review-repair:CP-003:389,Medium,QL-016,Identify the smallest number whose factorial has a trailing-zero count of 9.,40,ES-003,,,9,,,,
NS-TRAIL-001,CP-003,NS-TRAIL-001:CP-003:ns-trail-001-human-review-repair:CP-003:390,Medium,QL-012,Find the smallest number whose factorial contains exactly 351 trailing zeros.,1410,ES-003,,,351,,,,
NS-TRAIL-001,CP-003,NS-TRAIL-001:CP-003:ns-trail-001-human-review-repair:CP-003:391,Easy,QL-012,Find the smallest number whose factorial contains exactly 19 trailing zeros.,80,ES-003,,,19,,,,
NS-TRAIL-001,CP-003,NS-TRAIL-001:CP-003:ns-trail-001-human-review-repair:CP-003:392,Easy,QL-012,Find the smallest number whose factorial contains exactly 488 trailing zeros.,1960,ES-003,,,488,,,,
NS-TRAIL-001,CP-003,NS-TRAIL-001:CP-003:ns-trail-001-human-review-repair:CP-003:393,Easy,QL-016,Identify the smallest number whose factorial has a trailing-zero count of 1265.,5070,ES-003,,,1265,,,,
NS-TRAIL-001,CP-003,NS-TRAIL-001:CP-003:ns-trail-001-human-review-repair:CP-003:394,Easy,QL-015,Find the least n such that n! contains 592 trailing zeros.,2375,ES-003,,,592,,,,
NS-TRAIL-001,CP-003,NS-TRAIL-001:CP-003:ns-trail-001-human-review-repair:CP-003:395,Easy,QL-014,Determine the smallest integer whose factorial ends with 761 zeros.,3055,ES-003,,,761,,,,
NS-TRAIL-001,CP-003,NS-TRAIL-001:CP-003:ns-trail-001-human-review-repair:CP-003:396,Medium,QL-013,What is the least value of n for which n! has exactly 1163 trailing zeros?,4660,ES-003,,,1163,,,,
NS-TRAIL-001,CP-003,NS-TRAIL-001:CP-003:ns-trail-001-human-review-repair:CP-003:397,Easy,QL-016,Identify the smallest number whose factorial has a trailing-zero count of 7.,30,ES-003,,,7,,,,
NS-TRAIL-001,CP-003,NS-TRAIL-001:CP-003:ns-trail-001-human-review-repair:CP-003:398,Hard,QL-015,Find the least n such that n! contains 398 trailing zeros.,1600,ES-003,,,398,,,,
NS-TRAIL-001,CP-003,NS-TRAIL-001:CP-003:ns-trail-001-human-review-repair:CP-003:399,Easy,QL-015,Find the least n such that n! contains 2756 trailing zeros.,11035,ES-003,,,2756,,,,
NS-TRAIL-001,CP-003,NS-TRAIL-001:CP-003:ns-trail-001-human-review-repair:CP-003:400,Hard,QL-014,Determine the smallest integer whose factorial ends with 2 zeros.,10,ES-003,,,2,,,,
NS-TRAIL-001,CP-003,NS-TRAIL-001:CP-003:ns-trail-001-human-review-repair:CP-003:401,Hard,QL-013,What is the least value of n for which n! has exactly 6 trailing zeros?,25,ES-003,,,6,,,,
NS-TRAIL-001,CP-003,NS-TRAIL-001:CP-003:ns-trail-001-human-review-repair:CP-003:402,Easy,QL-012,Find the smallest number whose factorial contains exactly 13 trailing zeros.,55,ES-003,,,13,,,,
NS-TRAIL-001,CP-003,NS-TRAIL-001:CP-003:ns-trail-001-human-review-repair:CP-003:403,Medium,QL-015,Find the least n such that n! contains 370 trailing zeros.,1490,ES-003,,,370,,,,
NS-TRAIL-001,CP-003,NS-TRAIL-001:CP-003:ns-trail-001-human-review-repair:CP-003:404,Easy,QL-016,Identify the smallest number whose factorial has a trailing-zero count of 1.,5,ES-003,,,1,,,,
NS-TRAIL-001,CP-003,NS-TRAIL-001:CP-003:ns-trail-001-human-review-repair:CP-003:405,Hard,QL-016,Identify the smallest number whose factorial has a trailing-zero count of 582.,2340,ES-003,,,582,,,,
NS-TRAIL-001,CP-003,NS-TRAIL-001:CP-003:ns-trail-001-human-review-repair:CP-003:406,Medium,QL-016,Identify the smallest number whose factorial has a trailing-zero count of 2.,10,ES-003,,,2,,,,
NS-TRAIL-001,CP-003,NS-TRAIL-001:CP-003:ns-trail-001-human-review-repair:CP-003:407,Medium,QL-015,Find the least n such that n! contains 20 trailing zeros.,85,ES-003,,,20,,,,
NS-TRAIL-001,CP-003,NS-TRAIL-001:CP-003:ns-trail-001-human-review-repair:CP-003:408,Medium,QL-015,Find the least n such that n! contains 1572 trailing zeros.,6295,ES-003,,,1572,,,,
NS-TRAIL-001,CP-003,NS-TRAIL-001:CP-003:ns-trail-001-human-review-repair:CP-003:409,Easy,QL-015,Find the least n such that n! contains 1336 trailing zeros.,5355,ES-003,,,1336,,,,
NS-TRAIL-001,CP-003,NS-TRAIL-001:CP-003:ns-trail-001-human-review-repair:CP-003:410,Hard,QL-013,What is the least value of n for which n! has exactly 2791 trailing zeros?,11175,ES-003,,,2791,,,,
NS-TRAIL-001,CP-003,NS-TRAIL-001:CP-003:ns-trail-001-human-review-repair:CP-003:411,Hard,QL-013,What is the least value of n for which n! has exactly 2748 trailing zeros?,11000,ES-003,,,2748,,,,
NS-TRAIL-001,CP-003,NS-TRAIL-001:CP-003:ns-trail-001-human-review-repair:CP-003:412,Hard,QL-015,Find the least n such that n! contains 1619 trailing zeros.,6485,ES-003,,,1619,,,,
NS-TRAIL-001,CP-003,NS-TRAIL-001:CP-003:ns-trail-001-human-review-repair:CP-003:413,Easy,QL-016,Identify the smallest number whose factorial has a trailing-zero count of 399.,1605,ES-003,,,399,,,,
NS-TRAIL-001,CP-003,NS-TRAIL-001:CP-003:ns-trail-001-human-review-repair:CP-003:414,Easy,QL-012,Find the smallest number whose factorial contains exactly 281 trailing zeros.,1130,ES-003,,,281,,,,
NS-TRAIL-001,CP-003,NS-TRAIL-001:CP-003:ns-trail-001-human-review-repair:CP-003:415,Medium,QL-014,Determine the smallest integer whose factorial ends with 112 zeros.,455,ES-003,,,112,,,,
NS-TRAIL-001,CP-003,NS-TRAIL-001:CP-003:ns-trail-001-human-review-repair:CP-003:416,Easy,QL-015,Find the least n such that n! contains 255 trailing zeros.,1025,ES-003,,,255,,,,
NS-TRAIL-001,CP-003,NS-TRAIL-001:CP-003:ns-trail-001-human-review-repair:CP-003:417,Medium,QL-012,Find the smallest number whose factorial contains exactly 1807 trailing zeros.,7240,ES-003,,,1807,,,,
NS-TRAIL-001,CP-003,NS-TRAIL-001:CP-003:ns-trail-001-human-review-repair:CP-003:418,Medium,QL-014,Determine the smallest integer whose factorial ends with 711 zeros.,2855,ES-003,,,711,,,,
NS-TRAIL-001,CP-003,NS-TRAIL-001:CP-003:ns-trail-001-human-review-repair:CP-003:419,Medium,QL-016,Identify the smallest number whose factorial has a trailing-zero count of 13.,55,ES-003,,,13,,,,
NS-TRAIL-001,CP-003,NS-TRAIL-001:CP-003:ns-trail-001-human-review-repair:CP-003:420,Easy,QL-015,Find the least n such that n! contains 13 trailing zeros.,55,ES-003,,,13,,,,
NS-TRAIL-001,CP-003,NS-TRAIL-001:CP-003:ns-trail-001-human-review-repair:CP-003:421,Easy,QL-015,Find the least n such that n! contains 264 trailing zeros.,1065,ES-003,,,264,,,,
NS-TRAIL-001,CP-003,NS-TRAIL-001:CP-003:ns-trail-001-human-review-repair:CP-003:422,Hard,QL-012,Find the smallest number whose factorial contains exactly 58 trailing zeros.,240,ES-003,,,58,,,,
NS-TRAIL-001,CP-003,NS-TRAIL-001:CP-003:ns-trail-001-human-review-repair:CP-003:423,Easy,QL-014,Determine the smallest integer whose factorial ends with 2356 zeros.,9430,ES-003,,,2356,,,,
NS-TRAIL-001,CP-003,NS-TRAIL-001:CP-003:ns-trail-001-human-review-repair:CP-003:424,Medium,QL-014,Determine the smallest integer whose factorial ends with 1033 zeros.,4140,ES-003,,,1033,,,,
NS-TRAIL-001,CP-003,NS-TRAIL-001:CP-003:ns-trail-001-human-review-repair:CP-003:425,Hard,QL-012,Find the smallest number whose factorial contains exactly 1464 trailing zeros.,5870,ES-003,,,1464,,,,
NS-TRAIL-001,CP-003,NS-TRAIL-001:CP-003:ns-trail-001-human-review-repair:CP-003:426,Hard,QL-016,Identify the smallest number whose factorial has a trailing-zero count of 133.,540,ES-003,,,133,,,,
NS-TRAIL-001,CP-003,NS-TRAIL-001:CP-003:ns-trail-001-human-review-repair:CP-003:427,Hard,QL-016,Identify the smallest number whose factorial has a trailing-zero count of 1374.,5505,ES-003,,,1374,,,,
NS-TRAIL-001,CP-003,NS-TRAIL-001:CP-003:ns-trail-001-human-review-repair:CP-003:428,Medium,QL-012,Find the smallest number whose factorial contains exactly 2532 trailing zeros.,10135,ES-003,,,2532,,,,
NS-TRAIL-001,CP-003,NS-TRAIL-001:CP-003:ns-trail-001-human-review-repair:CP-003:429,Hard,QL-015,Find the least n such that n! contains 103 trailing zeros.,420,ES-003,,,103,,,,
NS-TRAIL-001,CP-003,NS-TRAIL-001:CP-003:ns-trail-001-human-review-repair:CP-003:430,Easy,QL-013,What is the least value of n for which n! has exactly 1 trailing zeros?,5,ES-003,,,1,,,,
NS-TRAIL-001,CP-003,NS-TRAIL-001:CP-003:ns-trail-001-human-review-repair:CP-003:431,Easy,QL-013,What is the least value of n for which n! has exactly 108 trailing zeros?,440,ES-003,,,108,,,,
NS-TRAIL-001,CP-003,NS-TRAIL-001:CP-003:ns-trail-001-human-review-repair:CP-003:432,Medium,QL-016,Identify the smallest number whose factorial has a trailing-zero count of 166.,670,ES-003,,,166,,,,
NS-TRAIL-001,CP-003,NS-TRAIL-001:CP-003:ns-trail-001-human-review-repair:CP-003:433,Medium,QL-014,Determine the smallest integer whose factorial ends with 21 zeros.,90,ES-003,,,21,,,,
NS-TRAIL-001,CP-003,NS-TRAIL-001:CP-003:ns-trail-001-human-review-repair:CP-003:434,Easy,QL-015,Find the least n such that n! contains 514 trailing zeros.,2065,ES-003,,,514,,,,
NS-TRAIL-001,CP-003,NS-TRAIL-001:CP-003:ns-trail-001-human-review-repair:CP-003:435,Easy,QL-012,Find the smallest number whose factorial contains exactly 426 trailing zeros.,1715,ES-003,,,426,,,,
NS-TRAIL-001,CP-003,NS-TRAIL-001:CP-003:ns-trail-001-human-review-repair:CP-003:436,Medium,QL-012,Find the smallest number whose factorial contains exactly 43 trailing zeros.,175,ES-003,,,43,,,,
NS-TRAIL-001,CP-003,NS-TRAIL-001:CP-003:ns-trail-001-human-review-repair:CP-003:437,Medium,QL-015,Find the least n such that n! contains 127 trailing zeros.,515,ES-003,,,127,,,,
NS-TRAIL-001,CP-003,NS-TRAIL-001:CP-003:ns-trail-001-human-review-repair:CP-003:438,Medium,QL-016,Identify the smallest number whose factorial has a trailing-zero count of 4.,20,ES-003,,,4,,,,
NS-TRAIL-001,CP-003,NS-TRAIL-001:CP-003:ns-trail-001-human-review-repair:CP-003:439,Easy,QL-015,Find the least n such that n! contains 9 trailing zeros.,40,ES-003,,,9,,,,
NS-TRAIL-001,CP-003,NS-TRAIL-001:CP-003:ns-trail-001-human-review-repair:CP-003:440,Easy,QL-016,Identify the smallest number whose factorial has a trailing-zero count of 107.,435,ES-003,,,107,,,,
NS-TRAIL-001,CP-003,NS-TRAIL-001:CP-003:ns-trail-001-human-review-repair:CP-003:441,Hard,QL-015,Find the least n such that n! contains 2 trailing zeros.,10,ES-003,,,2,,,,
NS-TRAIL-001,CP-003,NS-TRAIL-001:CP-003:ns-trail-001-human-review-repair:CP-003:442,Easy,QL-015,Find the least n such that n! contains 4 trailing zeros.,20,ES-003,,,4,,,,
NS-TRAIL-001,CP-003,NS-TRAIL-001:CP-003:ns-trail-001-human-review-repair:CP-003:443,Easy,QL-016,Identify the smallest number whose factorial has a trailing-zero count of 362.,1455,ES-003,,,362,,,,
NS-TRAIL-001,CP-003,NS-TRAIL-001:CP-003:ns-trail-001-human-review-repair:CP-003:444,Medium,QL-012,Find the smallest number whose factorial contains exactly 571 trailing zeros.,2295,ES-003,,,571,,,,
NS-TRAIL-001,CP-003,NS-TRAIL-001:CP-003:ns-trail-001-human-review-repair:CP-003:445,Easy,QL-016,Identify the smallest number whose factorial has a trailing-zero count of 3.,15,ES-003,,,3,,,,
NS-TRAIL-001,CP-003,NS-TRAIL-001:CP-003:ns-trail-001-human-review-repair:CP-003:446,Medium,QL-012,Find the smallest number whose factorial contains exactly 4 trailing zeros.,20,ES-003,,,4,,,,
NS-TRAIL-001,CP-003,NS-TRAIL-001:CP-003:ns-trail-001-human-review-repair:CP-003:447,Hard,QL-012,Find the smallest number whose factorial contains exactly 1357 trailing zeros.,5440,ES-003,,,1357,,,,
NS-TRAIL-001,CP-003,NS-TRAIL-001:CP-003:ns-trail-001-human-review-repair:CP-003:448,Medium,QL-013,What is the least value of n for which n! has exactly 1023 trailing zeros?,4100,ES-003,,,1023,,,,
NS-TRAIL-001,CP-003,NS-TRAIL-001:CP-003:ns-trail-001-human-review-repair:CP-003:449,Easy,QL-012,Find the smallest number whose factorial contains exactly 15 trailing zeros.,65,ES-003,,,15,,,,
NS-TRAIL-001,CP-003,NS-TRAIL-001:CP-003:ns-trail-001-human-review-repair:CP-003:450,Easy,QL-015,Find the least n such that n! contains 9 trailing zeros.,40,ES-003,,,9,,,,
NS-TRAIL-001,CP-003,NS-TRAIL-001:CP-003:ns-trail-001-human-review-repair:CP-003:451,Medium,QL-015,Find the least n such that n! contains 16 trailing zeros.,70,ES-003,,,16,,,,
NS-TRAIL-001,CP-003,NS-TRAIL-001:CP-003:ns-trail-001-human-review-repair:CP-003:452,Medium,QL-012,Find the smallest number whose factorial contains exactly 19 trailing zeros.,80,ES-003,,,19,,,,
NS-TRAIL-001,CP-003,NS-TRAIL-001:CP-003:ns-trail-001-human-review-repair:CP-003:453,Easy,QL-014,Determine the smallest integer whose factorial ends with 327 zeros.,1315,ES-003,,,327,,,,
NS-TRAIL-001,CP-003,NS-TRAIL-001:CP-003:ns-trail-001-human-review-repair:CP-003:454,Medium,QL-016,Identify the smallest number whose factorial has a trailing-zero count of 1.,5,ES-003,,,1,,,,
NS-TRAIL-001,CP-003,NS-TRAIL-001:CP-003:ns-trail-001-human-review-repair:CP-003:455,Easy,QL-016,Identify the smallest number whose factorial has a trailing-zero count of 896.,3595,ES-003,,,896,,,,
NS-TRAIL-001,CP-003,NS-TRAIL-001:CP-003:ns-trail-001-human-review-repair:CP-003:456,Hard,QL-013,What is the least value of n for which n! has exactly 4 trailing zeros?,20,ES-003,,,4,,,,
NS-TRAIL-001,CP-003,NS-TRAIL-001:CP-003:ns-trail-001-human-review-repair:CP-003:457,Easy,QL-016,Identify the smallest number whose factorial has a trailing-zero count of 14.,60,ES-003,,,14,,,,
NS-TRAIL-001,CP-003,NS-TRAIL-001:CP-003:ns-trail-001-human-review-repair:CP-003:458,Medium,QL-015,Find the least n such that n! contains 26 trailing zeros.,110,ES-003,,,26,,,,
NS-TRAIL-001,CP-003,NS-TRAIL-001:CP-003:ns-trail-001-human-review-repair:CP-003:459,Easy,QL-016,Identify the smallest number whose factorial has a trailing-zero count of 115.,470,ES-003,,,115,,,,
NS-TRAIL-001,CP-003,NS-TRAIL-001:CP-003:ns-trail-001-human-review-repair:CP-003:460,Easy,QL-015,Find the least n such that n! contains 1352 trailing zeros.,5420,ES-003,,,1352,,,,
NS-TRAIL-001,CP-003,NS-TRAIL-001:CP-003:ns-trail-001-human-review-repair:CP-003:461,Easy,QL-012,Find the smallest number whose factorial contains exactly 18 trailing zeros.,75,ES-003,,,18,,,,
NS-TRAIL-001,CP-003,NS-TRAIL-001:CP-003:ns-trail-001-human-review-repair:CP-003:462,Medium,QL-012,Find the smallest number whose factorial contains exactly 20 trailing zeros.,85,ES-003,,,20,,,,
NS-TRAIL-001,CP-003,NS-TRAIL-001:CP-003:ns-trail-001-human-review-repair:CP-003:463,Easy,QL-015,Find the least n such that n! contains 2 trailing zeros.,10,ES-003,,,2,,,,
NS-TRAIL-001,CP-003,NS-TRAIL-001:CP-003:ns-trail-001-human-review-repair:CP-003:464,Hard,QL-014,Determine the smallest integer whose factorial ends with 8 zeros.,35,ES-003,,,8,,,,
NS-TRAIL-001,CP-003,NS-TRAIL-001:CP-003:ns-trail-001-human-review-repair:CP-003:465,Medium,QL-014,Determine the smallest integer whose factorial ends with 9 zeros.,40,ES-003,,,9,,,,
NS-TRAIL-001,CP-003,NS-TRAIL-001:CP-003:ns-trail-001-human-review-repair:CP-003:466,Easy,QL-016,Identify the smallest number whose factorial has a trailing-zero count of 1.,5,ES-003,,,1,,,,
NS-TRAIL-001,CP-003,NS-TRAIL-001:CP-003:ns-trail-001-human-review-repair:CP-003:467,Hard,QL-015,Find the least n such that n! contains 25 trailing zeros.,105,ES-003,,,25,,,,
NS-TRAIL-001,CP-003,NS-TRAIL-001:CP-003:ns-trail-001-human-review-repair:CP-003:468,Easy,QL-015,Find the least n such that n! contains 3 trailing zeros.,15,ES-003,,,3,,,,
NS-TRAIL-001,CP-003,NS-TRAIL-001:CP-003:ns-trail-001-human-review-repair:CP-003:469,Medium,QL-014,Determine the smallest integer whose factorial ends with 128 zeros.,520,ES-003,,,128,,,,
NS-TRAIL-001,CP-003,NS-TRAIL-001:CP-003:ns-trail-001-human-review-repair:CP-003:470,Easy,QL-015,Find the least n such that n! contains 2 trailing zeros.,10,ES-003,,,2,,,,
NS-TRAIL-001,CP-003,NS-TRAIL-001:CP-003:ns-trail-001-human-review-repair:CP-003:471,Medium,QL-013,What is the least value of n for which n! has exactly 409 trailing zeros?,1645,ES-003,,,409,,,,
NS-TRAIL-001,CP-003,NS-TRAIL-001:CP-003:ns-trail-001-human-review-repair:CP-003:472,Medium,QL-014,Determine the smallest integer whose factorial ends with 2480 zeros.,9930,ES-003,,,2480,,,,
NS-TRAIL-001,CP-003,NS-TRAIL-001:CP-003:ns-trail-001-human-review-repair:CP-003:473,Hard,QL-016,Identify the smallest number whose factorial has a trailing-zero count of 218.,875,ES-003,,,218,,,,
NS-TRAIL-001,CP-003,NS-TRAIL-001:CP-003:ns-trail-001-human-review-repair:CP-003:474,Medium,QL-012,Find the smallest number whose factorial contains exactly 77 trailing zeros.,315,ES-003,,,77,,,,
NS-TRAIL-001,CP-003,NS-TRAIL-001:CP-003:ns-trail-001-human-review-repair:CP-003:475,Easy,QL-014,Determine the smallest integer whose factorial ends with 1976 zeros.,7915,ES-003,,,1976,,,,
NS-TRAIL-001,CP-003,NS-TRAIL-001:CP-003:ns-trail-001-human-review-repair:CP-003:476,Medium,QL-012,Find the smallest number whose factorial contains exactly 531 trailing zeros.,2130,ES-003,,,531,,,,
NS-TRAIL-001,CP-003,NS-TRAIL-001:CP-003:ns-trail-001-human-review-repair:CP-003:477,Easy,QL-016,Identify the smallest number whose factorial has a trailing-zero count of 27.,115,ES-003,,,27,,,,
NS-TRAIL-001,CP-003,NS-TRAIL-001:CP-003:ns-trail-001-human-review-repair:CP-003:478,Medium,QL-012,Find the smallest number whose factorial contains exactly 1611 trailing zeros.,6450,ES-003,,,1611,,,,
NS-TRAIL-001,CP-003,NS-TRAIL-001:CP-003:ns-trail-001-human-review-repair:CP-003:479,Easy,QL-013,What is the least value of n for which n! has exactly 2375 trailing zeros?,9505,ES-003,,,2375,,,,
NS-TRAIL-001,CP-003,NS-TRAIL-001:CP-003:ns-trail-001-human-review-repair:CP-003:480,Medium,QL-013,What is the least value of n for which n! has exactly 6 trailing zeros?,25,ES-003,,,6,,,,
NS-TRAIL-001,CP-003,NS-TRAIL-001:CP-003:ns-trail-001-human-review-repair:CP-003:481,Medium,QL-014,Determine the smallest integer whose factorial ends with 49 zeros.,200,ES-003,,,49,,,,
NS-TRAIL-001,CP-003,NS-TRAIL-001:CP-003:ns-trail-001-human-review-repair:CP-003:482,Medium,QL-015,Find the least n such that n! contains 1025 trailing zeros.,4110,ES-003,,,1025,,,,
NS-TRAIL-001,CP-003,NS-TRAIL-001:CP-003:ns-trail-001-human-review-repair:CP-003:483,Medium,QL-014,Determine the smallest integer whose factorial ends with 106 zeros.,430,ES-003,,,106,,,,
NS-TRAIL-001,CP-003,NS-TRAIL-001:CP-003:ns-trail-001-human-review-repair:CP-003:484,Medium,QL-013,What is the least value of n for which n! has exactly 2783 trailing zeros?,11145,ES-003,,,2783,,,,
NS-TRAIL-001,CP-003,NS-TRAIL-001:CP-003:ns-trail-001-human-review-repair:CP-003:485,Medium,QL-015,Find the least n such that n! contains 24 trailing zeros.,100,ES-003,,,24,,,,
NS-TRAIL-001,CP-003,NS-TRAIL-001:CP-003:ns-trail-001-human-review-repair:CP-003:486,Easy,QL-014,Determine the smallest integer whose factorial ends with 19 zeros.,80,ES-003,,,19,,,,
NS-TRAIL-001,CP-003,NS-TRAIL-001:CP-003:ns-trail-001-human-review-repair:CP-003:487,Hard,QL-012,Find the smallest number whose factorial contains exactly 443 trailing zeros.,1780,ES-003,,,443,,,,
NS-TRAIL-001,CP-003,NS-TRAIL-001:CP-003:ns-trail-001-human-review-repair:CP-003:488,Easy,QL-015,Find the least n such that n! contains 7 trailing zeros.,30,ES-003,,,7,,,,
NS-TRAIL-001,CP-003,NS-TRAIL-001:CP-003:ns-trail-001-human-review-repair:CP-003:489,Easy,QL-014,Determine the smallest integer whose factorial ends with 126 zeros.,510,ES-003,,,126,,,,
NS-TRAIL-001,CP-003,NS-TRAIL-001:CP-003:ns-trail-001-human-review-repair:CP-003:490,Easy,QL-015,Find the least n such that n! contains 558 trailing zeros.,2245,ES-003,,,558,,,,
NS-TRAIL-001,CP-003,NS-TRAIL-001:CP-003:ns-trail-001-human-review-repair:CP-003:491,Easy,QL-016,Identify the smallest number whose factorial has a trailing-zero count of 1.,5,ES-003,,,1,,,,
NS-TRAIL-001,CP-003,NS-TRAIL-001:CP-003:ns-trail-001-human-review-repair:CP-003:492,Medium,QL-016,Identify the smallest number whose factorial has a trailing-zero count of 2.,10,ES-003,,,2,,,,
NS-TRAIL-001,CP-003,NS-TRAIL-001:CP-003:ns-trail-001-human-review-repair:CP-003:493,Easy,QL-012,Find the smallest number whose factorial contains exactly 3 trailing zeros.,15,ES-003,,,3,,,,
NS-TRAIL-001,CP-003,NS-TRAIL-001:CP-003:ns-trail-001-human-review-repair:CP-003:494,Medium,QL-012,Find the smallest number whose factorial contains exactly 187 trailing zeros.,750,ES-003,,,187,,,,
NS-TRAIL-001,CP-003,NS-TRAIL-001:CP-003:ns-trail-001-human-review-repair:CP-003:495,Easy,QL-015,Find the least n such that n! contains 242 trailing zeros.,975,ES-003,,,242,,,,
NS-TRAIL-001,CP-003,NS-TRAIL-001:CP-003:ns-trail-001-human-review-repair:CP-003:496,Easy,QL-015,Find the least n such that n! contains 455 trailing zeros.,1830,ES-003,,,455,,,,
NS-TRAIL-001,CP-003,NS-TRAIL-001:CP-003:ns-trail-001-human-review-repair:CP-003:497,Medium,QL-013,What is the least value of n for which n! has exactly 398 trailing zeros?,1600,ES-003,,,398,,,,
NS-TRAIL-001,CP-003,NS-TRAIL-001:CP-003:ns-trail-001-human-review-repair:CP-003:498,Medium,QL-012,Find the smallest number whose factorial contains exactly 4 trailing zeros.,20,ES-003,,,4,,,,
NS-TRAIL-001,CP-003,NS-TRAIL-001:CP-003:ns-trail-001-human-review-repair:CP-003:499,Hard,QL-015,Find the least n such that n! contains 2779 trailing zeros.,11125,ES-003,,,2779,,,,
NS-TRAIL-001,CP-004,NS-TRAIL-001:CP-004:ns-trail-001-human-review-repair:CP-004:0,Medium,QL-036,Determine the terminal-zero count of the power 3125^10.,0,ES-004,,,,3125,10,,
NS-TRAIL-001,CP-004,NS-TRAIL-001:CP-004:ns-trail-001-human-review-repair:CP-004:1,Easy,QL-019,Determine the trailing-zero count of 3600000^2.,10,ES-004,,,,3600000,2,,
NS-TRAIL-001,CP-004,NS-TRAIL-001:CP-004:ns-trail-001-human-review-repair:CP-004:2,Hard,QL-034,The number 1000000^78 is written in decimal form. How many trailing zeros does it contain?,468,ES-004,,,,1000000,78,,
NS-TRAIL-001,CP-004,NS-TRAIL-001:CP-004:ns-trail-001-human-review-repair:CP-004:3,Hard,QL-017,Find the number of trailing zeros in 4096^132.,0,ES-004,,,,4096,132,,
NS-TRAIL-001,CP-004,NS-TRAIL-001:CP-004:ns-trail-001-human-review-repair:CP-004:4,Easy,QL-020,Calculate the number of zeros at the end of 5^5.,0,ES-004,,,,5,5,,
NS-TRAIL-001,CP-004,NS-TRAIL-001:CP-004:ns-trail-001-human-review-repair:CP-004:5,Easy,QL-035,Find the number of zeros at the end of the value of 87500^2.,4,ES-004,,,,87500,2,,
NS-TRAIL-001,CP-004,NS-TRAIL-001:CP-004:ns-trail-001-human-review-repair:CP-004:6,Hard,QL-018,How many trailing zeros occur in 100^91?,182,ES-004,,,,100,91,,
NS-TRAIL-001,CP-004,NS-TRAIL-001:CP-004:ns-trail-001-human-review-repair:CP-004:7,Medium,QL-021,Find the terminal-zero count in 16384^51.,0,ES-004,,,,16384,51,,
NS-TRAIL-001,CP-004,NS-TRAIL-001:CP-004:ns-trail-001-human-review-repair:CP-004:8,Medium,QL-036,Determine the terminal-zero count of the power 5^9.,0,ES-004,,,,5,9,,
NS-TRAIL-001,CP-004,NS-TRAIL-001:CP-004:ns-trail-001-human-review-repair:CP-004:9,Medium,QL-019,Determine the trailing-zero count of 3600000^41.,205,ES-004,,,,3600000,41,,
NS-TRAIL-001,CP-004,NS-TRAIL-001:CP-004:ns-trail-001-human-review-repair:CP-004:10,Medium,QL-017,Find the number of trailing zeros in 16384^40.,0,ES-004,,,,16384,40,,
NS-TRAIL-001,CP-004,NS-TRAIL-001:CP-004:ns-trail-001-human-review-repair:CP-004:11,Easy,QL-034,The number 10000^3 is written in decimal form. How many trailing zeros does it contain?,12,ES-004,,,,10000,3,,
NS-TRAIL-001,CP-004,NS-TRAIL-001:CP-004:ns-trail-001-human-review-repair:CP-004:12,Easy,QL-019,Determine the trailing-zero count of 144000^3.,9,ES-004,,,,144000,3,,
NS-TRAIL-001,CP-004,NS-TRAIL-001:CP-004:ns-trail-001-human-review-repair:CP-004:13,Medium,QL-036,Determine the terminal-zero count of the power 125^146.,0,ES-004,,,,125,146,,
NS-TRAIL-001,CP-004,NS-TRAIL-001:CP-004:ns-trail-001-human-review-repair:CP-004:14,Medium,QL-021,Find the terminal-zero count in 4^54.,0,ES-004,,,,4,54,,
NS-TRAIL-001,CP-004,NS-TRAIL-001:CP-004:ns-trail-001-human-review-repair:CP-004:15,Hard,QL-018,How many trailing zeros occur in 100^4?,8,ES-004,,,,100,4,,
NS-TRAIL-001,CP-004,NS-TRAIL-001:CP-004:ns-trail-001-human-review-repair:CP-004:16,Easy,QL-035,Find the number of zeros at the end of the value of 140^9.,9,ES-004,,,,140,9,,
NS-TRAIL-001,CP-004,NS-TRAIL-001:CP-004:ns-trail-001-human-review-repair:CP-004:17,Easy,QL-020,Calculate the number of zeros at the end of 390625^10.,0,ES-004,,,,390625,10,,
NS-TRAIL-001,CP-004,NS-TRAIL-001:CP-004:ns-trail-001-human-review-repair:CP-004:18,Easy,QL-017,Find the number of trailing zeros in 16384^15.,0,ES-004,,,,16384,15,,
NS-TRAIL-001,CP-004,NS-TRAIL-001:CP-004:ns-trail-001-human-review-repair:CP-004:19,Medium,QL-034,The number 10000^5 is written in decimal form. How many trailing zeros does it contain?,20,ES-004,,,,10000,5,,
NS-TRAIL-001,CP-004,NS-TRAIL-001:CP-004:ns-trail-001-human-review-repair:CP-004:20,Easy,QL-018,How many trailing zeros occur in 100^154?,308,ES-004,,,,100,154,,
NS-TRAIL-001,CP-004,NS-TRAIL-001:CP-004:ns-trail-001-human-review-repair:CP-004:21,Easy,QL-021,Find the terminal-zero count in 64^123.,0,ES-004,,,,64,123,,
NS-TRAIL-001,CP-004,NS-TRAIL-001:CP-004:ns-trail-001-human-review-repair:CP-004:22,Hard,QL-020,Calculate the number of zeros at the end of 78125^166.,0,ES-004,,,,78125,166,,
NS-TRAIL-001,CP-004,NS-TRAIL-001:CP-004:ns-trail-001-human-review-repair:CP-004:23,Easy,QL-035,Find the number of zeros at the end of the value of 3500^51.,102,ES-004,,,,3500,51,,
NS-TRAIL-001,CP-004,NS-TRAIL-001:CP-004:ns-trail-001-human-review-repair:CP-004:24,Easy,QL-034,The number 100^15 is written in decimal form. How many trailing zeros does it contain?,30,ES-004,,,,100,15,,
NS-TRAIL-001,CP-004,NS-TRAIL-001:CP-004:ns-trail-001-human-review-repair:CP-004:25,Hard,QL-017,Find the number of trailing zeros in 1024^42.,0,ES-004,,,,1024,42,,
NS-TRAIL-001,CP-004,NS-TRAIL-001:CP-004:ns-trail-001-human-review-repair:CP-004:26,Easy,QL-036,Determine the terminal-zero count of the power 25^30.,0,ES-004,,,,25,30,,
NS-TRAIL-001,CP-004,NS-TRAIL-001:CP-004:ns-trail-001-human-review-repair:CP-004:27,Medium,QL-019,Determine the trailing-zero count of 3600000^6.,30,ES-004,,,,3600000,6,,
NS-TRAIL-001,CP-004,NS-TRAIL-001:CP-004:ns-trail-001-human-review-repair:CP-004:28,Medium,QL-018,How many trailing zeros occur in 10000^36?,144,ES-004,,,,10000,36,,
NS-TRAIL-001,CP-004,NS-TRAIL-001:CP-004:ns-trail-001-human-review-repair:CP-004:29,Medium,QL-021,Find the terminal-zero count in 16^50.,0,ES-004,,,,16,50,,
NS-TRAIL-001,CP-004,NS-TRAIL-001:CP-004:ns-trail-001-human-review-repair:CP-004:30,Hard,QL-019,Determine the trailing-zero count of 5760^15.,15,ES-004,,,,5760,15,,
NS-TRAIL-001,CP-004,NS-TRAIL-001:CP-004:ns-trail-001-human-review-repair:CP-004:31,Hard,QL-036,Determine the terminal-zero count of the power 390625^196.,0,ES-004,,,,390625,196,,
NS-TRAIL-001,CP-004,NS-TRAIL-001:CP-004:ns-trail-001-human-review-repair:CP-004:32,Medium,QL-017,Find the number of trailing zeros in 16384^10.,0,ES-004,,,,16384,10,,
NS-TRAIL-001,CP-004,NS-TRAIL-001:CP-004:ns-trail-001-human-review-repair:CP-004:33,Hard,QL-034,The number 100^173 is written in decimal form. How many trailing zeros does it contain?,346,ES-004,,,,100,173,,
NS-TRAIL-001,CP-004,NS-TRAIL-001:CP-004:ns-trail-001-human-review-repair:CP-004:34,Easy,QL-035,Find the number of zeros at the end of the value of 3500^21.,42,ES-004,,,,3500,21,,
NS-TRAIL-001,CP-004,NS-TRAIL-001:CP-004:ns-trail-001-human-review-repair:CP-004:35,Medium,QL-020,Calculate the number of zeros at the end of 5^4.,0,ES-004,,,,5,4,,
NS-TRAIL-001,CP-004,NS-TRAIL-001:CP-004:ns-trail-001-human-review-repair:CP-004:36,Hard,QL-021,Find the terminal-zero count in 16^194.,0,ES-004,,,,16,194,,
NS-TRAIL-001,CP-004,NS-TRAIL-001:CP-004:ns-trail-001-human-review-repair:CP-004:37,Hard,QL-018,How many trailing zeros occur in 10000^119?,476,ES-004,,,,10000,119,,
NS-TRAIL-001,CP-004,NS-TRAIL-001:CP-004:ns-trail-001-human-review-repair:CP-004:38,Easy,QL-019,Determine the trailing-zero count of 144000^197.,591,ES-004,,,,144000,197,,
NS-TRAIL-001,CP-004,NS-TRAIL-001:CP-004:ns-trail-001-human-review-repair:CP-004:39,Easy,QL-036,Determine the terminal-zero count of the power 390625^141.,0,ES-004,,,,390625,141,,
NS-TRAIL-001,CP-004,NS-TRAIL-001:CP-004:ns-trail-001-human-review-repair:CP-004:40,Medium,QL-020,Calculate the number of zeros at the end of 25^80.,0,ES-004,,,,25,80,,
NS-TRAIL-001,CP-004,NS-TRAIL-001:CP-004:ns-trail-001-human-review-repair:CP-004:41,Easy,QL-035,Find the number of zeros at the end of the value of 87500^3.,6,ES-004,,,,87500,3,,
NS-TRAIL-001,CP-004,NS-TRAIL-001:CP-004:ns-trail-001-human-review-repair:CP-004:42,Easy,QL-018,How many trailing zeros occur in 10000^32?,128,ES-004,,,,10000,32,,
NS-TRAIL-001,CP-004,NS-TRAIL-001:CP-004:ns-trail-001-human-review-repair:CP-004:43,Easy,QL-021,Find the terminal-zero count in 16^12.,0,ES-004,,,,16,12,,
NS-TRAIL-001,CP-004,NS-TRAIL-001:CP-004:ns-trail-001-human-review-repair:CP-004:44,Hard,QL-036,Determine the terminal-zero count of the power 625^26.,0,ES-004,,,,625,26,,
NS-TRAIL-001,CP-004,NS-TRAIL-001:CP-004:ns-trail-001-human-review-repair:CP-004:45,Hard,QL-019,Determine the trailing-zero count of 144000^3.,9,ES-004,,,,144000,3,,
NS-TRAIL-001,CP-004,NS-TRAIL-001:CP-004:ns-trail-001-human-review-repair:CP-004:46,Easy,QL-034,The number 100^42 is written in decimal form. How many trailing zeros does it contain?,84,ES-004,,,,100,42,,
NS-TRAIL-001,CP-004,NS-TRAIL-001:CP-004:ns-trail-001-human-review-repair:CP-004:47,Medium,QL-017,Find the number of trailing zeros in 16384^123.,0,ES-004,,,,16384,123,,
NS-TRAIL-001,CP-004,NS-TRAIL-001:CP-004:ns-trail-001-human-review-repair:CP-004:48,Easy,QL-020,Calculate the number of zeros at the end of 15625^196.,0,ES-004,,,,15625,196,,
NS-TRAIL-001,CP-004,NS-TRAIL-001:CP-004:ns-trail-001-human-review-repair:CP-004:49,Medium,QL-035,Find the number of zeros at the end of the value of 87500^49.,98,ES-004,,,,87500,49,,
NS-TRAIL-001,CP-004,NS-TRAIL-001:CP-004:ns-trail-001-human-review-repair:CP-004:50,Easy,QL-021,Find the terminal-zero count in 4096^39.,0,ES-004,,,,4096,39,,
NS-TRAIL-001,CP-004,NS-TRAIL-001:CP-004:ns-trail-001-human-review-repair:CP-004:51,Medium,QL-018,How many trailing zeros occur in 10000^44?,176,ES-004,,,,10000,44,,
NS-TRAIL-001,CP-004,NS-TRAIL-001:CP-004:ns-trail-001-human-review-repair:CP-004:52,Medium,QL-035,Find the number of zeros at the end of the value of 3500^100.,200,ES-004,,,,3500,100,,
NS-TRAIL-001,CP-004,NS-TRAIL-001:CP-004:ns-trail-001-human-review-repair:CP-004:53,Hard,QL-020,Calculate the number of zeros at the end of 25^7.,0,ES-004,,,,25,7,,
NS-TRAIL-001,CP-004,NS-TRAIL-001:CP-004:ns-trail-001-human-review-repair:CP-004:54,Medium,QL-017,Find the number of trailing zeros in 16384^113.,0,ES-004,,,,16384,113,,
NS-TRAIL-001,CP-004,NS-TRAIL-001:CP-004:ns-trail-001-human-review-repair:CP-004:55,Medium,QL-034,The number 10000^42 is written in decimal form. How many trailing zeros does it contain?,168,ES-004,,,,10000,42,,
NS-TRAIL-001,CP-004,NS-TRAIL-001:CP-004:ns-trail-001-human-review-repair:CP-004:56,Medium,QL-019,Determine the trailing-zero count of 3600000^15.,75,ES-004,,,,3600000,15,,
NS-TRAIL-001,CP-004,NS-TRAIL-001:CP-004:ns-trail-001-human-review-repair:CP-004:57,Hard,QL-036,Determine the terminal-zero count of the power 15625^5.,0,ES-004,,,,15625,5,,
NS-TRAIL-001,CP-004,NS-TRAIL-001:CP-004:ns-trail-001-human-review-repair:CP-004:58,Medium,QL-021,Find the terminal-zero count in 4^164.,0,ES-004,,,,4,164,,
NS-TRAIL-001,CP-004,NS-TRAIL-001:CP-004:ns-trail-001-human-review-repair:CP-004:59,Medium,QL-018,How many trailing zeros occur in 100^32?,64,ES-004,,,,100,32,,
NS-TRAIL-001,CP-004,NS-TRAIL-001:CP-004:ns-trail-001-human-review-repair:CP-004:60,Medium,QL-034,The number 10000^5 is written in decimal form. How many trailing zeros does it contain?,20,ES-004,,,,10000,5,,
NS-TRAIL-001,CP-004,NS-TRAIL-001:CP-004:ns-trail-001-human-review-repair:CP-004:61,Medium,QL-017,Find the number of trailing zeros in 1024^8.,0,ES-004,,,,1024,8,,
NS-TRAIL-001,CP-004,NS-TRAIL-001:CP-004:ns-trail-001-human-review-repair:CP-004:62,Easy,QL-036,Determine the terminal-zero count of the power 1953125^16.,0,ES-004,,,,1953125,16,,
NS-TRAIL-001,CP-004,NS-TRAIL-001:CP-004:ns-trail-001-human-review-repair:CP-004:63,Hard,QL-019,Determine the trailing-zero count of 3600000^18.,90,ES-004,,,,3600000,18,,
NS-TRAIL-001,CP-004,NS-TRAIL-001:CP-004:ns-trail-001-human-review-repair:CP-004:64,Medium,QL-018,How many trailing zeros occur in 1000000^4?,24,ES-004,,,,1000000,4,,
NS-TRAIL-001,CP-004,NS-TRAIL-001:CP-004:ns-trail-001-human-review-repair:CP-004:65,Easy,QL-021,Find the terminal-zero count in 4096^157.,0,ES-004,,,,4096,157,,
NS-TRAIL-001,CP-004,NS-TRAIL-001:CP-004:ns-trail-001-human-review-repair:CP-004:66,Hard,QL-020,Calculate the number of zeros at the end of 3125^17.,0,ES-004,,,,3125,17,,
NS-TRAIL-001,CP-004,NS-TRAIL-001:CP-004:ns-trail-001-human-review-repair:CP-004:67,Medium,QL-035,Find the number of zeros at the end of the value of 3500^37.,74,ES-004,,,,3500,37,,
NS-TRAIL-001,CP-004,NS-TRAIL-001:CP-004:ns-trail-001-human-review-repair:CP-004:68,Easy,QL-034,The number 1000000^10 is written in decimal form. How many trailing zeros does it contain?,60,ES-004,,,,1000000,10,,
NS-TRAIL-001,CP-004,NS-TRAIL-001:CP-004:ns-trail-001-human-review-repair:CP-004:69,Medium,QL-017,Find the number of trailing zeros in 16384^2.,0,ES-004,,,,16384,2,,
NS-TRAIL-001,CP-004,NS-TRAIL-001:CP-004:ns-trail-001-human-review-repair:CP-004:70,Easy,QL-035,Find the number of zeros at the end of the value of 87500^63.,126,ES-004,,,,87500,63,,
NS-TRAIL-001,CP-004,NS-TRAIL-001:CP-004:ns-trail-001-human-review-repair:CP-004:71,Hard,QL-020,Calculate the number of zeros at the end of 390625^50.,0,ES-004,,,,390625,50,,
NS-TRAIL-001,CP-004,NS-TRAIL-001:CP-004:ns-trail-001-human-review-repair:CP-004:72,Easy,QL-021,Find the terminal-zero count in 4096^16.,0,ES-004,,,,4096,16,,
NS-TRAIL-001,CP-004,NS-TRAIL-001:CP-004:ns-trail-001-human-review-repair:CP-004:73,Easy,QL-018,How many trailing zeros occur in 10000^9?,36,ES-004,,,,10000,9,,
NS-TRAIL-001,CP-004,NS-TRAIL-001:CP-004:ns-trail-001-human-review-repair:CP-004:74,Medium,QL-019,Determine the trailing-zero count of 5760^8.,8,ES-004,,,,5760,8,,
NS-TRAIL-001,CP-004,NS-TRAIL-001:CP-004:ns-trail-001-human-review-repair:CP-004:75,Easy,QL-036,Determine the terminal-zero count of the power 3125^2.,0,ES-004,,,,3125,2,,
NS-TRAIL-001,CP-004,NS-TRAIL-001:CP-004:ns-trail-001-human-review-repair:CP-004:76,Medium,QL-017,Find the number of trailing zeros in 4096^9.,0,ES-004,,,,4096,9,,
NS-TRAIL-001,CP-004,NS-TRAIL-001:CP-004:ns-trail-001-human-review-repair:CP-004:77,Hard,QL-034,The number 10000^175 is written in decimal form. How many trailing zeros does it contain?,700,ES-004,,,,10000,175,,
NS-TRAIL-001,CP-004,NS-TRAIL-001:CP-004:ns-trail-001-human-review-repair:CP-004:78,Easy,QL-035,Find the number of zeros at the end of the value of 140^9.,9,ES-004,,,,140,9,,
NS-TRAIL-001,CP-004,NS-TRAIL-001:CP-004:ns-trail-001-human-review-repair:CP-004:79,Easy,QL-020,Calculate the number of zeros at the end of 25^11.,0,ES-004,,,,25,11,,
NS-TRAIL-001,CP-004,NS-TRAIL-001:CP-004:ns-trail-001-human-review-repair:CP-004:80,Hard,QL-036,Determine the terminal-zero count of the power 25^9.,0,ES-004,,,,25,9,,
NS-TRAIL-001,CP-004,NS-TRAIL-001:CP-004:ns-trail-001-human-review-repair:CP-004:81,Medium,QL-019,Determine the trailing-zero count of 144000^194.,582,ES-004,,,,144000,194,,
NS-TRAIL-001,CP-004,NS-TRAIL-001:CP-004:ns-trail-001-human-review-repair:CP-004:82,Medium,QL-034,The number 100^78 is written in decimal form. How many trailing zeros does it contain?,156,ES-004,,,,100,78,,
NS-TRAIL-001,CP-004,NS-TRAIL-001:CP-004:ns-trail-001-human-review-repair:CP-004:83,Easy,QL-017,Find the number of trailing zeros in 4096^117.,0,ES-004,,,,4096,117,,
NS-TRAIL-001,CP-004,NS-TRAIL-001:CP-004:ns-trail-001-human-review-repair:CP-004:84,Medium,QL-020,Calculate the number of zeros at the end of 15625^54.,0,ES-004,,,,15625,54,,
NS-TRAIL-001,CP-004,NS-TRAIL-001:CP-004:ns-trail-001-human-review-repair:CP-004:85,Easy,QL-035,Find the number of zeros at the end of the value of 87500^97.,194,ES-004,,,,87500,97,,
NS-TRAIL-001,CP-004,NS-TRAIL-001:CP-004:ns-trail-001-human-review-repair:CP-004:86,Easy,QL-018,How many trailing zeros occur in 10000^120?,480,ES-004,,,,10000,120,,
NS-TRAIL-001,CP-004,NS-TRAIL-001:CP-004:ns-trail-001-human-review-repair:CP-004:87,Medium,QL-021,Find the terminal-zero count in 4096^45.,0,ES-004,,,,4096,45,,
NS-TRAIL-001,CP-004,NS-TRAIL-001:CP-004:ns-trail-001-human-review-repair:CP-004:88,Medium,QL-036,Determine the terminal-zero count of the power 390625^56.,0,ES-004,,,,390625,56,,
NS-TRAIL-001,CP-004,NS-TRAIL-001:CP-004:ns-trail-001-human-review-repair:CP-004:89,Medium,QL-019,Determine the trailing-zero count of 144000^190.,570,ES-004,,,,144000,190,,
NS-TRAIL-001,CP-004,NS-TRAIL-001:CP-004:ns-trail-001-human-review-repair:CP-004:90,Medium,QL-017,Find the number of trailing zeros in 64^36.,0,ES-004,,,,64,36,,
NS-TRAIL-001,CP-004,NS-TRAIL-001:CP-004:ns-trail-001-human-review-repair:CP-004:91,Medium,QL-034,The number 10000^111 is written in decimal form. How many trailing zeros does it contain?,444,ES-004,,,,10000,111,,
NS-TRAIL-001,CP-004,NS-TRAIL-001:CP-004:ns-trail-001-human-review-repair:CP-004:92,Easy,QL-019,Determine the trailing-zero count of 5760^74.,74,ES-004,,,,5760,74,,
NS-TRAIL-001,CP-004,NS-TRAIL-001:CP-004:ns-trail-001-human-review-repair:CP-004:93,Medium,QL-036,Determine the terminal-zero count of the power 390625^6.,0,ES-004,,,,390625,6,,
NS-TRAIL-001,CP-004,NS-TRAIL-001:CP-004:ns-trail-001-human-review-repair:CP-004:94,Easy,QL-021,Find the terminal-zero count in 1024^136.,0,ES-004,,,,1024,136,,
NS-TRAIL-001,CP-004,NS-TRAIL-001:CP-004:ns-trail-001-human-review-repair:CP-004:95,Easy,QL-018,How many trailing zeros occur in 100^84?,168,ES-004,,,,100,84,,
NS-TRAIL-001,CP-004,NS-TRAIL-001:CP-004:ns-trail-001-human-review-repair:CP-004:96,Hard,QL-035,Find the number of zeros at the end of the value of 3500^124.,248,ES-004,,,,3500,124,,
NS-TRAIL-001,CP-004,NS-TRAIL-001:CP-004:ns-trail-001-human-review-repair:CP-004:97,Hard,QL-020,Calculate the number of zeros at the end of 78125^9.,0,ES-004,,,,78125,9,,
NS-TRAIL-001,CP-004,NS-TRAIL-001:CP-004:ns-trail-001-human-review-repair:CP-004:98,Easy,QL-017,Find the number of trailing zeros in 16^8.,0,ES-004,,,,16,8,,
NS-TRAIL-001,CP-004,NS-TRAIL-001:CP-004:ns-trail-001-human-review-repair:CP-004:99,Medium,QL-034,The number 100^17 is written in decimal form. How many trailing zeros does it contain?,34,ES-004,,,,100,17,,
NS-TRAIL-001,CP-004,NS-TRAIL-001:CP-004:ns-trail-001-human-review-repair:CP-004:100,Easy,QL-019,Determine the trailing-zero count of 5760^5.,5,ES-004,,,,5760,5,,
NS-TRAIL-001,CP-004,NS-TRAIL-001:CP-004:ns-trail-001-human-review-repair:CP-004:101,Easy,QL-036,Determine the terminal-zero count of the power 15625^7.,0,ES-004,,,,15625,7,,
NS-TRAIL-001,CP-004,NS-TRAIL-001:CP-004:ns-trail-001-human-review-repair:CP-004:102,Easy,QL-017,Find the number of trailing zeros in 16384^152.,0,ES-004,,,,16384,152,,
NS-TRAIL-001,CP-004,NS-TRAIL-001:CP-004:ns-trail-001-human-review-repair:CP-004:103,Medium,QL-034,The number 1000000^61 is written in decimal form. How many trailing zeros does it contain?,366,ES-004,,,,1000000,61,,
NS-TRAIL-001,CP-004,NS-TRAIL-001:CP-004:ns-trail-001-human-review-repair:CP-004:104,Hard,QL-035,Find the number of zeros at the end of the value of 87500^10.,20,ES-004,,,,87500,10,,
NS-TRAIL-001,CP-004,NS-TRAIL-001:CP-004:ns-trail-001-human-review-repair:CP-004:105,Medium,QL-020,Calculate the number of zeros at the end of 25^180.,0,ES-004,,,,25,180,,
NS-TRAIL-001,CP-004,NS-TRAIL-001:CP-004:ns-trail-001-human-review-repair:CP-004:106,Easy,QL-021,Find the terminal-zero count in 4096^122.,0,ES-004,,,,4096,122,,
NS-TRAIL-001,CP-004,NS-TRAIL-001:CP-004:ns-trail-001-human-review-repair:CP-004:107,Medium,QL-018,How many trailing zeros occur in 10000^125?,500,ES-004,,,,10000,125,,
NS-TRAIL-001,CP-004,NS-TRAIL-001:CP-004:ns-trail-001-human-review-repair:CP-004:108,Easy,QL-019,Determine the trailing-zero count of 3600000^35.,175,ES-004,,,,3600000,35,,
NS-TRAIL-001,CP-004,NS-TRAIL-001:CP-004:ns-trail-001-human-review-repair:CP-004:109,Medium,QL-036,Determine the terminal-zero count of the power 3125^107.,0,ES-004,,,,3125,107,,
NS-TRAIL-001,CP-004,NS-TRAIL-001:CP-004:ns-trail-001-human-review-repair:CP-004:110,Medium,QL-018,How many trailing zeros occur in 1000000^15?,90,ES-004,,,,1000000,15,,
NS-TRAIL-001,CP-004,NS-TRAIL-001:CP-004:ns-trail-001-human-review-repair:CP-004:111,Easy,QL-021,Find the terminal-zero count in 4096^27.,0,ES-004,,,,4096,27,,
NS-TRAIL-001,CP-004,NS-TRAIL-001:CP-004:ns-trail-001-human-review-repair:CP-004:112,Medium,QL-020,Calculate the number of zeros at the end of 125^4.,0,ES-004,,,,125,4,,
NS-TRAIL-001,CP-004,NS-TRAIL-001:CP-004:ns-trail-001-human-review-repair:CP-004:113,Medium,QL-035,Find the number of zeros at the end of the value of 87500^71.,142,ES-004,,,,87500,71,,
NS-TRAIL-001,CP-004,NS-TRAIL-001:CP-004:ns-trail-001-human-review-repair:CP-004:114,Hard,QL-034,The number 100^10 is written in decimal form. How many trailing zeros does it contain?,20,ES-004,,,,100,10,,
NS-TRAIL-001,CP-004,NS-TRAIL-001:CP-004:ns-trail-001-human-review-repair:CP-004:115,Easy,QL-017,Find the number of trailing zeros in 256^18.,0,ES-004,,,,256,18,,
NS-TRAIL-001,CP-004,NS-TRAIL-001:CP-004:ns-trail-001-human-review-repair:CP-004:116,Medium,QL-036,Determine the terminal-zero count of the power 625^95.,0,ES-004,,,,625,95,,
NS-TRAIL-001,CP-004,NS-TRAIL-001:CP-004:ns-trail-001-human-review-repair:CP-004:117,Hard,QL-019,Determine the trailing-zero count of 5760^178.,178,ES-004,,,,5760,178,,
NS-TRAIL-001,CP-004,NS-TRAIL-001:CP-004:ns-trail-001-human-review-repair:CP-004:118,Easy,QL-018,How many trailing zeros occur in 100^9?,18,ES-004,,,,100,9,,
NS-TRAIL-001,CP-004,NS-TRAIL-001:CP-004:ns-trail-001-human-review-repair:CP-004:119,Hard,QL-021,Find the terminal-zero count in 64^3.,0,ES-004,,,,64,3,,
NS-TRAIL-001,CP-004,NS-TRAIL-001:CP-004:ns-trail-001-human-review-repair:CP-004:120,Hard,QL-017,Find the number of trailing zeros in 16^5.,0,ES-004,,,,16,5,,
NS-TRAIL-001,CP-004,NS-TRAIL-001:CP-004:ns-trail-001-human-review-repair:CP-004:121,Easy,QL-034,The number 1000000^40 is written in decimal form. How many trailing zeros does it contain?,240,ES-004,,,,1000000,40,,
NS-TRAIL-001,CP-004,NS-TRAIL-001:CP-004:ns-trail-001-human-review-repair:CP-004:122,Easy,QL-019,Determine the trailing-zero count of 5760^51.,51,ES-004,,,,5760,51,,
NS-TRAIL-001,CP-004,NS-TRAIL-001:CP-004:ns-trail-001-human-review-repair:CP-004:123,Easy,QL-036,Determine the terminal-zero count of the power 78125^102.,0,ES-004,,,,78125,102,,
NS-TRAIL-001,CP-004,NS-TRAIL-001:CP-004:ns-trail-001-human-review-repair:CP-004:124,Easy,QL-021,Find the terminal-zero count in 256^59.,0,ES-004,,,,256,59,,
NS-TRAIL-001,CP-004,NS-TRAIL-001:CP-004:ns-trail-001-human-review-repair:CP-004:125,Easy,QL-018,How many trailing zeros occur in 100^171?,342,ES-004,,,,100,171,,
NS-TRAIL-001,CP-004,NS-TRAIL-001:CP-004:ns-trail-001-human-review-repair:CP-004:126,Medium,QL-035,Find the number of zeros at the end of the value of 3500^9.,18,ES-004,,,,3500,9,,
NS-TRAIL-001,CP-004,NS-TRAIL-001:CP-004:ns-trail-001-human-review-repair:CP-004:127,Easy,QL-020,Calculate the number of zeros at the end of 3125^131.,0,ES-004,,,,3125,131,,
NS-TRAIL-001,CP-004,NS-TRAIL-001:CP-004:ns-trail-001-human-review-repair:CP-004:128,Easy,QL-017,Find the number of trailing zeros in 256^7.,0,ES-004,,,,256,7,,
NS-TRAIL-001,CP-004,NS-TRAIL-001:CP-004:ns-trail-001-human-review-repair:CP-004:129,Easy,QL-034,The number 100^177 is written in decimal form. How many trailing zeros does it contain?,354,ES-004,,,,100,177,,
NS-TRAIL-001,CP-004,NS-TRAIL-001:CP-004:ns-trail-001-human-review-repair:CP-004:130,Medium,QL-036,Determine the terminal-zero count of the power 5^4.,0,ES-004,,,,5,4,,
NS-TRAIL-001,CP-004,NS-TRAIL-001:CP-004:ns-trail-001-human-review-repair:CP-004:131,Hard,QL-019,Determine the trailing-zero count of 5760^110.,110,ES-004,,,,5760,110,,
NS-TRAIL-001,CP-004,NS-TRAIL-001:CP-004:ns-trail-001-human-review-repair:CP-004:132,Medium,QL-034,The number 1000000^7 is written in decimal form. How many trailing zeros does it contain?,42,ES-004,,,,1000000,7,,
NS-TRAIL-001,CP-004,NS-TRAIL-001:CP-004:ns-trail-001-human-review-repair:CP-004:133,Easy,QL-017,Find the number of trailing zeros in 16384^29.,0,ES-004,,,,16384,29,,
NS-TRAIL-001,CP-004,NS-TRAIL-001:CP-004:ns-trail-001-human-review-repair:CP-004:134,Easy,QL-020,Calculate the number of zeros at the end of 15625^77.,0,ES-004,,,,15625,77,,
NS-TRAIL-001,CP-004,NS-TRAIL-001:CP-004:ns-trail-001-human-review-repair:CP-004:135,Medium,QL-035,Find the number of zeros at the end of the value of 3500^7.,14,ES-004,,,,3500,7,,
NS-TRAIL-001,CP-004,NS-TRAIL-001:CP-004:ns-trail-001-human-review-repair:CP-004:136,Medium,QL-018,How many trailing zeros occur in 1000000^65?,390,ES-004,,,,1000000,65,,
NS-TRAIL-001,CP-004,NS-TRAIL-001:CP-004:ns-trail-001-human-review-repair:CP-004:137,Medium,QL-021,Find the terminal-zero count in 1024^41.,0,ES-004,,,,1024,41,,
NS-TRAIL-001,CP-004,NS-TRAIL-001:CP-004:ns-trail-001-human-review-repair:CP-004:138,Easy,QL-036,Determine the terminal-zero count of the power 390625^49.,0,ES-004,,,,390625,49,,
NS-TRAIL-001,CP-004,NS-TRAIL-001:CP-004:ns-trail-001-human-review-repair:CP-004:139,Medium,QL-019,Determine the trailing-zero count of 5760^16.,16,ES-004,,,,5760,16,,
NS-TRAIL-001,CP-004,NS-TRAIL-001:CP-004:ns-trail-001-human-review-repair:CP-004:140,Easy,QL-035,Find the number of zeros at the end of the value of 87500^154.,308,ES-004,,,,87500,154,,
NS-TRAIL-001,CP-004,NS-TRAIL-001:CP-004:ns-trail-001-human-review-repair:CP-004:141,Easy,QL-020,Calculate the number of zeros at the end of 390625^42.,0,ES-004,,,,390625,42,,
NS-TRAIL-001,CP-004,NS-TRAIL-001:CP-004:ns-trail-001-human-review-repair:CP-004:142,Easy,QL-021,Find the terminal-zero count in 4^40.,0,ES-004,,,,4,40,,
NS-TRAIL-001,CP-004,NS-TRAIL-001:CP-004:ns-trail-001-human-review-repair:CP-004:143,Hard,QL-018,How many trailing zeros occur in 100^149?,298,ES-004,,,,100,149,,
NS-TRAIL-001,CP-004,NS-TRAIL-001:CP-004:ns-trail-001-human-review-repair:CP-004:144,Medium,QL-019,Determine the trailing-zero count of 3600000^21.,105,ES-004,,,,3600000,21,,
NS-TRAIL-001,CP-004,NS-TRAIL-001:CP-004:ns-trail-001-human-review-repair:CP-004:145,Easy,QL-036,Determine the terminal-zero count of the power 390625^26.,0,ES-004,,,,390625,26,,
NS-TRAIL-001,CP-004,NS-TRAIL-001:CP-004:ns-trail-001-human-review-repair:CP-004:146,Medium,QL-017,Find the number of trailing zeros in 16^4.,0,ES-004,,,,16,4,,
NS-TRAIL-001,CP-004,NS-TRAIL-001:CP-004:ns-trail-001-human-review-repair:CP-004:147,Easy,QL-034,The number 100^9 is written in decimal form. How many trailing zeros does it contain?,18,ES-004,,,,100,9,,
NS-TRAIL-001,CP-004,NS-TRAIL-001:CP-004:ns-trail-001-human-review-repair:CP-004:148,Medium,QL-035,Find the number of zeros at the end of the value of 3500^4.,8,ES-004,,,,3500,4,,
NS-TRAIL-001,CP-004,NS-TRAIL-001:CP-004:ns-trail-001-human-review-repair:CP-004:149,Medium,QL-020,Calculate the number of zeros at the end of 78125^5.,0,ES-004,,,,78125,5,,
NS-TRAIL-001,CP-004,NS-TRAIL-001:CP-004:ns-trail-001-human-review-repair:CP-004:150,Medium,QL-034,The number 100^60 is written in decimal form. How many trailing zeros does it contain?,120,ES-004,,,,100,60,,
NS-TRAIL-001,CP-004,NS-TRAIL-001:CP-004:ns-trail-001-human-review-repair:CP-004:151,Hard,QL-017,Find the number of trailing zeros in 16384^50.,0,ES-004,,,,16384,50,,
NS-TRAIL-001,CP-004,NS-TRAIL-001:CP-004:ns-trail-001-human-review-repair:CP-004:152,Medium,QL-036,Determine the terminal-zero count of the power 5^5.,0,ES-004,,,,5,5,,
NS-TRAIL-001,CP-004,NS-TRAIL-001:CP-004:ns-trail-001-human-review-repair:CP-004:153,Hard,QL-019,Determine the trailing-zero count of 3600000^149.,745,ES-004,,,,3600000,149,,
NS-TRAIL-001,CP-004,NS-TRAIL-001:CP-004:ns-trail-001-human-review-repair:CP-004:154,Medium,QL-018,How many trailing zeros occur in 100^10?,20,ES-004,,,,100,10,,
NS-TRAIL-001,CP-004,NS-TRAIL-001:CP-004:ns-trail-001-human-review-repair:CP-004:155,Easy,QL-021,Find the terminal-zero count in 256^50.,0,ES-004,,,,256,50,,
NS-TRAIL-001,CP-004,NS-TRAIL-001:CP-004:ns-trail-001-human-review-repair:CP-004:156,Medium,QL-020,Calculate the number of zeros at the end of 25^103.,0,ES-004,,,,25,103,,
NS-TRAIL-001,CP-004,NS-TRAIL-001:CP-004:ns-trail-001-human-review-repair:CP-004:157,Easy,QL-035,Find the number of zeros at the end of the value of 3500^3.,6,ES-004,,,,3500,3,,
NS-TRAIL-001,CP-004,NS-TRAIL-001:CP-004:ns-trail-001-human-review-repair:CP-004:158,Hard,QL-034,The number 10000^198 is written in decimal form. How many trailing zeros does it contain?,792,ES-004,,,,10000,198,,
NS-TRAIL-001,CP-004,NS-TRAIL-001:CP-004:ns-trail-001-human-review-repair:CP-004:159,Easy,QL-017,Find the number of trailing zeros in 4096^9.,0,ES-004,,,,4096,9,,
NS-TRAIL-001,CP-004,NS-TRAIL-001:CP-004:ns-trail-001-human-review-repair:CP-004:160,Medium,QL-021,Find the terminal-zero count in 4^10.,0,ES-004,,,,4,10,,
NS-TRAIL-001,CP-004,NS-TRAIL-001:CP-004:ns-trail-001-human-review-repair:CP-004:161,Medium,QL-018,How many trailing zeros occur in 100^4?,8,ES-004,,,,100,4,,
NS-TRAIL-001,CP-004,NS-TRAIL-001:CP-004:ns-trail-001-human-review-repair:CP-004:162,Medium,QL-035,Find the number of zeros at the end of the value of 87500^26.,52,ES-004,,,,87500,26,,
NS-TRAIL-001,CP-004,NS-TRAIL-001:CP-004:ns-trail-001-human-review-repair:CP-004:163,Easy,QL-020,Calculate the number of zeros at the end of 78125^37.,0,ES-004,,,,78125,37,,
NS-TRAIL-001,CP-004,NS-TRAIL-001:CP-004:ns-trail-001-human-review-repair:CP-004:164,Hard,QL-017,Find the number of trailing zeros in 4^4.,0,ES-004,,,,4,4,,
NS-TRAIL-001,CP-004,NS-TRAIL-001:CP-004:ns-trail-001-human-review-repair:CP-004:165,Easy,QL-034,The number 100^19 is written in decimal form. How many trailing zeros does it contain?,38,ES-004,,,,100,19,,
NS-TRAIL-001,CP-004,NS-TRAIL-001:CP-004:ns-trail-001-human-review-repair:CP-004:166,Easy,QL-019,Determine the trailing-zero count of 5760^166.,166,ES-004,,,,5760,166,,
NS-TRAIL-001,CP-004,NS-TRAIL-001:CP-004:ns-trail-001-human-review-repair:CP-004:167,Medium,QL-036,Determine the terminal-zero count of the power 625^194.,0,ES-004,,,,625,194,,
NS-TRAIL-001,CP-004,NS-TRAIL-001:CP-004:ns-trail-001-human-review-repair:CP-004:168,Hard,QL-021,Find the terminal-zero count in 256^192.,0,ES-004,,,,256,192,,
NS-TRAIL-001,CP-004,NS-TRAIL-001:CP-004:ns-trail-001-human-review-repair:CP-004:169,Hard,QL-018,How many trailing zeros occur in 10000^140?,560,ES-004,,,,10000,140,,
NS-TRAIL-001,CP-004,NS-TRAIL-001:CP-004:ns-trail-001-human-review-repair:CP-004:170,Medium,QL-020,Calculate the number of zeros at the end of 78125^25.,0,ES-004,,,,78125,25,,
NS-TRAIL-001,CP-004,NS-TRAIL-001:CP-004:ns-trail-001-human-review-repair:CP-004:171,Hard,QL-035,Find the number of zeros at the end of the value of 140^189.,189,ES-004,,,,140,189,,
NS-TRAIL-001,CP-004,NS-TRAIL-001:CP-004:ns-trail-001-human-review-repair:CP-004:172,Medium,QL-018,How many trailing zeros occur in 10000^18?,72,ES-004,,,,10000,18,,
NS-TRAIL-001,CP-004,NS-TRAIL-001:CP-004:ns-trail-001-human-review-repair:CP-004:173,Easy,QL-021,Find the terminal-zero count in 4096^20.,0,ES-004,,,,4096,20,,
NS-TRAIL-001,CP-004,NS-TRAIL-001:CP-004:ns-trail-001-human-review-repair:CP-004:174,Easy,QL-036,Determine the terminal-zero count of the power 78125^146.,0,ES-004,,,,78125,146,,
NS-TRAIL-001,CP-004,NS-TRAIL-001:CP-004:ns-trail-001-human-review-repair:CP-004:175,Easy,QL-019,Determine the trailing-zero count of 144000^105.,315,ES-004,,,,144000,105,,
NS-TRAIL-001,CP-004,NS-TRAIL-001:CP-004:ns-trail-001-human-review-repair:CP-004:176,Medium,QL-034,The number 1000000^55 is written in decimal form. How many trailing zeros does it contain?,330,ES-004,,,,1000000,55,,
NS-TRAIL-001,CP-004,NS-TRAIL-001:CP-004:ns-trail-001-human-review-repair:CP-004:177,Medium,QL-017,Find the number of trailing zeros in 16384^25.,0,ES-004,,,,16384,25,,
NS-TRAIL-001,CP-004,NS-TRAIL-001:CP-004:ns-trail-001-human-review-repair:CP-004:178,Medium,QL-020,Calculate the number of zeros at the end of 3125^183.,0,ES-004,,,,3125,183,,
NS-TRAIL-001,CP-004,NS-TRAIL-001:CP-004:ns-trail-001-human-review-repair:CP-004:179,Easy,QL-035,Find the number of zeros at the end of the value of 87500^148.,296,ES-004,,,,87500,148,,
NS-TRAIL-001,CP-004,NS-TRAIL-001:CP-004:ns-trail-001-human-review-repair:CP-004:180,Hard,QL-019,Determine the trailing-zero count of 5760^133.,133,ES-004,,,,5760,133,,
NS-TRAIL-001,CP-004,NS-TRAIL-001:CP-004:ns-trail-001-human-review-repair:CP-004:181,Easy,QL-036,Determine the terminal-zero count of the power 3125^2.,0,ES-004,,,,3125,2,,
NS-TRAIL-001,CP-004,NS-TRAIL-001:CP-004:ns-trail-001-human-review-repair:CP-004:182,Easy,QL-017,Find the number of trailing zeros in 16384^21.,0,ES-004,,,,16384,21,,
NS-TRAIL-001,CP-004,NS-TRAIL-001:CP-004:ns-trail-001-human-review-repair:CP-004:183,Easy,QL-034,The number 1000000^170 is written in decimal form. How many trailing zeros does it contain?,1020,ES-004,,,,1000000,170,,
NS-TRAIL-001,CP-004,NS-TRAIL-001:CP-004:ns-trail-001-human-review-repair:CP-004:184,Medium,QL-035,Find the number of zeros at the end of the value of 3500^34.,68,ES-004,,,,3500,34,,
NS-TRAIL-001,CP-004,NS-TRAIL-001:CP-004:ns-trail-001-human-review-repair:CP-004:185,Easy,QL-020,Calculate the number of zeros at the end of 625^10.,0,ES-004,,,,625,10,,
NS-TRAIL-001,CP-004,NS-TRAIL-001:CP-004:ns-trail-001-human-review-repair:CP-004:186,Medium,QL-021,Find the terminal-zero count in 16^33.,0,ES-004,,,,16,33,,
NS-TRAIL-001,CP-004,NS-TRAIL-001:CP-004:ns-trail-001-human-review-repair:CP-004:187,Hard,QL-018,How many trailing zeros occur in 10000^23?,92,ES-004,,,,10000,23,,
NS-TRAIL-001,CP-004,NS-TRAIL-001:CP-004:ns-trail-001-human-review-repair:CP-004:188,Easy,QL-019,Determine the trailing-zero count of 144000^169.,507,ES-004,,,,144000,169,,
NS-TRAIL-001,CP-004,NS-TRAIL-001:CP-004:ns-trail-001-human-review-repair:CP-004:189,Medium,QL-036,Determine the terminal-zero count of the power 78125^22.,0,ES-004,,,,78125,22,,
NS-TRAIL-001,CP-004,NS-TRAIL-001:CP-004:ns-trail-001-human-review-repair:CP-004:190,Hard,QL-018,How many trailing zeros occur in 1000000^25?,150,ES-004,,,,1000000,25,,
NS-TRAIL-001,CP-004,NS-TRAIL-001:CP-004:ns-trail-001-human-review-repair:CP-004:191,Easy,QL-021,Find the terminal-zero count in 64^30.,0,ES-004,,,,64,30,,
NS-TRAIL-001,CP-004,NS-TRAIL-001:CP-004:ns-trail-001-human-review-repair:CP-004:192,Easy,QL-020,Calculate the number of zeros at the end of 390625^49.,0,ES-004,,,,390625,49,,
NS-TRAIL-001,CP-004,NS-TRAIL-001:CP-004:ns-trail-001-human-review-repair:CP-004:193,Hard,QL-035,Find the number of zeros at the end of the value of 140^50.,50,ES-004,,,,140,50,,
NS-TRAIL-001,CP-004,NS-TRAIL-001:CP-004:ns-trail-001-human-review-repair:CP-004:194,Easy,QL-034,The number 10000^17 is written in decimal form. How many trailing zeros does it contain?,68,ES-004,,,,10000,17,,
NS-TRAIL-001,CP-004,NS-TRAIL-001:CP-004:ns-trail-001-human-review-repair:CP-004:195,Hard,QL-017,Find the number of trailing zeros in 64^181.,0,ES-004,,,,64,181,,
NS-TRAIL-001,CP-004,NS-TRAIL-001:CP-004:ns-trail-001-human-review-repair:CP-004:196,Medium,QL-036,Determine the terminal-zero count of the power 625^5.,0,ES-004,,,,625,5,,
NS-TRAIL-001,CP-004,NS-TRAIL-001:CP-004:ns-trail-001-human-review-repair:CP-004:197,Easy,QL-019,Determine the trailing-zero count of 144000^112.,336,ES-004,,,,144000,112,,
NS-TRAIL-001,CP-004,NS-TRAIL-001:CP-004:ns-trail-001-human-review-repair:CP-004:198,Medium,QL-018,How many trailing zeros occur in 1000000^8?,48,ES-004,,,,1000000,8,,
NS-TRAIL-001,CP-004,NS-TRAIL-001:CP-004:ns-trail-001-human-review-repair:CP-004:199,Easy,QL-021,Find the terminal-zero count in 4096^7.,0,ES-004,,,,4096,7,,
NS-TRAIL-001,CP-004,NS-TRAIL-001:CP-004:ns-trail-001-human-review-repair:CP-004:200,Easy,QL-034,The number 100^53 is written in decimal form. How many trailing zeros does it contain?,106,ES-004,,,,100,53,,
NS-TRAIL-001,CP-004,NS-TRAIL-001:CP-004:ns-trail-001-human-review-repair:CP-004:201,Hard,QL-017,Find the number of trailing zeros in 4096^56.,0,ES-004,,,,4096,56,,
NS-TRAIL-001,CP-004,NS-TRAIL-001:CP-004:ns-trail-001-human-review-repair:CP-004:202,Medium,QL-036,Determine the terminal-zero count of the power 125^189.,0,ES-004,,,,125,189,,
NS-TRAIL-001,CP-004,NS-TRAIL-001:CP-004:ns-trail-001-human-review-repair:CP-004:203,Easy,QL-019,Determine the trailing-zero count of 3600000^43.,215,ES-004,,,,3600000,43,,
NS-TRAIL-001,CP-004,NS-TRAIL-001:CP-004:ns-trail-001-human-review-repair:CP-004:204,Hard,QL-018,How many trailing zeros occur in 1000000^12?,72,ES-004,,,,1000000,12,,
NS-TRAIL-001,CP-004,NS-TRAIL-001:CP-004:ns-trail-001-human-review-repair:CP-004:205,Easy,QL-021,Find the terminal-zero count in 4096^4.,0,ES-004,,,,4096,4,,
NS-TRAIL-001,CP-004,NS-TRAIL-001:CP-004:ns-trail-001-human-review-repair:CP-004:206,Easy,QL-020,Calculate the number of zeros at the end of 25^5.,0,ES-004,,,,25,5,,
NS-TRAIL-001,CP-004,NS-TRAIL-001:CP-004:ns-trail-001-human-review-repair:CP-004:207,Hard,QL-035,Find the number of zeros at the end of the value of 140^37.,37,ES-004,,,,140,37,,
NS-TRAIL-001,CP-004,NS-TRAIL-001:CP-004:ns-trail-001-human-review-repair:CP-004:208,Medium,QL-034,The number 1000000^143 is written in decimal form. How many trailing zeros does it contain?,858,ES-004,,,,1000000,143,,
NS-TRAIL-001,CP-004,NS-TRAIL-001:CP-004:ns-trail-001-human-review-repair:CP-004:209,Easy,QL-017,Find the number of trailing zeros in 4^93.,0,ES-004,,,,4,93,,
NS-TRAIL-001,CP-004,NS-TRAIL-001:CP-004:ns-trail-001-human-review-repair:CP-004:210,Medium,QL-035,Find the number of zeros at the end of the value of 140^48.,48,ES-004,,,,140,48,,
NS-TRAIL-001,CP-004,NS-TRAIL-001:CP-004:ns-trail-001-human-review-repair:CP-004:211,Medium,QL-020,Calculate the number of zeros at the end of 1953125^3.,0,ES-004,,,,1953125,3,,
NS-TRAIL-001,CP-004,NS-TRAIL-001:CP-004:ns-trail-001-human-review-repair:CP-004:212,Medium,QL-021,Find the terminal-zero count in 16^159.,0,ES-004,,,,16,159,,
NS-TRAIL-001,CP-004,NS-TRAIL-001:CP-004:ns-trail-001-human-review-repair:CP-004:213,Easy,QL-018,How many trailing zeros occur in 10000^44?,176,ES-004,,,,10000,44,,
NS-TRAIL-001,CP-004,NS-TRAIL-001:CP-004:ns-trail-001-human-review-repair:CP-004:214,Easy,QL-019,Determine the trailing-zero count of 5760^7.,7,ES-004,,,,5760,7,,
NS-TRAIL-001,CP-004,NS-TRAIL-001:CP-004:ns-trail-001-human-review-repair:CP-004:215,Hard,QL-036,Determine the terminal-zero count of the power 390625^11.,0,ES-004,,,,390625,11,,
NS-TRAIL-001,CP-004,NS-TRAIL-001:CP-004:ns-trail-001-human-review-repair:CP-004:216,Easy,QL-017,Find the number of trailing zeros in 1024^4.,0,ES-004,,,,1024,4,,
NS-TRAIL-001,CP-004,NS-TRAIL-001:CP-004:ns-trail-001-human-review-repair:CP-004:217,Medium,QL-034,The number 10000^6 is written in decimal form. How many trailing zeros does it contain?,24,ES-004,,,,10000,6,,
NS-TRAIL-001,CP-004,NS-TRAIL-001:CP-004:ns-trail-001-human-review-repair:CP-004:218,Easy,QL-035,Find the number of zeros at the end of the value of 140^188.,188,ES-004,,,,140,188,,
NS-TRAIL-001,CP-004,NS-TRAIL-001:CP-004:ns-trail-001-human-review-repair:CP-004:219,Medium,QL-020,Calculate the number of zeros at the end of 15625^172.,0,ES-004,,,,15625,172,,
NS-TRAIL-001,CP-004,NS-TRAIL-001:CP-004:ns-trail-001-human-review-repair:CP-004:220,Medium,QL-020,Calculate the number of zeros at the end of 390625^42.,0,ES-004,,,,390625,42,,
NS-TRAIL-001,CP-004,NS-TRAIL-001:CP-004:ns-trail-001-human-review-repair:CP-004:221,Medium,QL-035,Find the number of zeros at the end of the value of 140^3.,3,ES-004,,,,140,3,,
NS-TRAIL-001,CP-004,NS-TRAIL-001:CP-004:ns-trail-001-human-review-repair:CP-004:222,Easy,QL-018,How many trailing zeros occur in 10000^142?,568,ES-004,,,,10000,142,,
NS-TRAIL-001,CP-004,NS-TRAIL-001:CP-004:ns-trail-001-human-review-repair:CP-004:223,Easy,QL-021,Find the terminal-zero count in 4096^94.,0,ES-004,,,,4096,94,,
NS-TRAIL-001,CP-004,NS-TRAIL-001:CP-004:ns-trail-001-human-review-repair:CP-004:224,Medium,QL-036,Determine the terminal-zero count of the power 125^48.,0,ES-004,,,,125,48,,
NS-TRAIL-001,CP-004,NS-TRAIL-001:CP-004:ns-trail-001-human-review-repair:CP-004:225,Easy,QL-019,Determine the trailing-zero count of 144000^151.,453,ES-004,,,,144000,151,,
NS-TRAIL-001,CP-004,NS-TRAIL-001:CP-004:ns-trail-001-human-review-repair:CP-004:226,Easy,QL-034,The number 10000^182 is written in decimal form. How many trailing zeros does it contain?,728,ES-004,,,,10000,182,,
NS-TRAIL-001,CP-004,NS-TRAIL-001:CP-004:ns-trail-001-human-review-repair:CP-004:227,Easy,QL-017,Find the number of trailing zeros in 16384^4.,0,ES-004,,,,16384,4,,
NS-TRAIL-001,CP-004,NS-TRAIL-001:CP-004:ns-trail-001-human-review-repair:CP-004:228,Easy,QL-020,Calculate the number of zeros at the end of 625^10.,0,ES-004,,,,625,10,,
NS-TRAIL-001,CP-004,NS-TRAIL-001:CP-004:ns-trail-001-human-review-repair:CP-004:229,Medium,QL-035,Find the number of zeros at the end of the value of 3500^156.,312,ES-004,,,,3500,156,,
NS-TRAIL-001,CP-004,NS-TRAIL-001:CP-004:ns-trail-001-human-review-repair:CP-004:230,Hard,QL-021,Find the terminal-zero count in 4096^6.,0,ES-004,,,,4096,6,,
NS-TRAIL-001,CP-004,NS-TRAIL-001:CP-004:ns-trail-001-human-review-repair:CP-004:231,Easy,QL-018,How many trailing zeros occur in 1000000^13?,78,ES-004,,,,1000000,13,,
NS-TRAIL-001,CP-004,NS-TRAIL-001:CP-004:ns-trail-001-human-review-repair:CP-004:232,Medium,QL-035,Find the number of zeros at the end of the value of 140^37.,37,ES-004,,,,140,37,,
NS-TRAIL-001,CP-004,NS-TRAIL-001:CP-004:ns-trail-001-human-review-repair:CP-004:233,Medium,QL-020,Calculate the number of zeros at the end of 25^97.,0,ES-004,,,,25,97,,
NS-TRAIL-001,CP-004,NS-TRAIL-001:CP-004:ns-trail-001-human-review-repair:CP-004:234,Easy,QL-017,Find the number of trailing zeros in 1024^13.,0,ES-004,,,,1024,13,,
NS-TRAIL-001,CP-004,NS-TRAIL-001:CP-004:ns-trail-001-human-review-repair:CP-004:235,Easy,QL-034,The number 10000^8 is written in decimal form. How many trailing zeros does it contain?,32,ES-004,,,,10000,8,,
NS-TRAIL-001,CP-004,NS-TRAIL-001:CP-004:ns-trail-001-human-review-repair:CP-004:236,Medium,QL-019,Determine the trailing-zero count of 144000^155.,465,ES-004,,,,144000,155,,
NS-TRAIL-001,CP-004,NS-TRAIL-001:CP-004:ns-trail-001-human-review-repair:CP-004:237,Easy,QL-036,Determine the terminal-zero count of the power 15625^167.,0,ES-004,,,,15625,167,,
NS-TRAIL-001,CP-004,NS-TRAIL-001:CP-004:ns-trail-001-human-review-repair:CP-004:238,Easy,QL-021,Find the terminal-zero count in 16^35.,0,ES-004,,,,16,35,,
NS-TRAIL-001,CP-004,NS-TRAIL-001:CP-004:ns-trail-001-human-review-repair:CP-004:239,Medium,QL-018,How many trailing zeros occur in 1000000^23?,138,ES-004,,,,1000000,23,,
NS-TRAIL-001,CP-004,NS-TRAIL-001:CP-004:ns-trail-001-human-review-repair:CP-004:240,Medium,QL-018,How many trailing zeros occur in 10000^8?,32,ES-004,,,,10000,8,,
NS-TRAIL-001,CP-004,NS-TRAIL-001:CP-004:ns-trail-001-human-review-repair:CP-004:241,Medium,QL-021,Find the terminal-zero count in 16^6.,0,ES-004,,,,16,6,,
NS-TRAIL-001,CP-004,NS-TRAIL-001:CP-004:ns-trail-001-human-review-repair:CP-004:242,Medium,QL-020,Calculate the number of zeros at the end of 125^13.,0,ES-004,,,,125,13,,
NS-TRAIL-001,CP-004,NS-TRAIL-001:CP-004:ns-trail-001-human-review-repair:CP-004:243,Hard,QL-035,Find the number of zeros at the end of the value of 140^107.,107,ES-004,,,,140,107,,
NS-TRAIL-001,CP-004,NS-TRAIL-001:CP-004:ns-trail-001-human-review-repair:CP-004:244,Medium,QL-034,The number 100^170 is written in decimal form. How many trailing zeros does it contain?,340,ES-004,,,,100,170,,
NS-TRAIL-001,CP-004,NS-TRAIL-001:CP-004:ns-trail-001-human-review-repair:CP-004:245,Easy,QL-017,Find the number of trailing zeros in 16384^25.,0,ES-004,,,,16384,25,,
NS-TRAIL-001,CP-004,NS-TRAIL-001:CP-004:ns-trail-001-human-review-repair:CP-004:246,Medium,QL-036,Determine the terminal-zero count of the power 3125^6.,0,ES-004,,,,3125,6,,
NS-TRAIL-001,CP-004,NS-TRAIL-001:CP-004:ns-trail-001-human-review-repair:CP-004:247,Medium,QL-019,Determine the trailing-zero count of 3600000^113.,565,ES-004,,,,3600000,113,,
NS-TRAIL-001,CP-004,NS-TRAIL-001:CP-004:ns-trail-001-human-review-repair:CP-004:248,Easy,QL-018,How many trailing zeros occur in 10000^131?,524,ES-004,,,,10000,131,,
NS-TRAIL-001,CP-004,NS-TRAIL-001:CP-004:ns-trail-001-human-review-repair:CP-004:249,Medium,QL-021,Find the terminal-zero count in 16384^41.,0,ES-004,,,,16384,41,,
NS-TRAIL-001,CP-004,NS-TRAIL-001:CP-004:ns-trail-001-human-review-repair:CP-004:250,Easy,QL-019,Determine the trailing-zero count of 5760^10.,10,ES-004,,,,5760,10,,
NS-TRAIL-001,CP-004,NS-TRAIL-001:CP-004:ns-trail-001-human-review-repair:CP-004:251,Medium,QL-036,Determine the terminal-zero count of the power 25^119.,0,ES-004,,,,25,119,,
NS-TRAIL-001,CP-004,NS-TRAIL-001:CP-004:ns-trail-001-human-review-repair:CP-004:252,Easy,QL-017,Find the number of trailing zeros in 1024^53.,0,ES-004,,,,1024,53,,
NS-TRAIL-001,CP-004,NS-TRAIL-001:CP-004:ns-trail-001-human-review-repair:CP-004:253,Easy,QL-034,The number 10000^9 is written in decimal form. How many trailing zeros does it contain?,36,ES-004,,,,10000,9,,
NS-TRAIL-001,CP-004,NS-TRAIL-001:CP-004:ns-trail-001-human-review-repair:CP-004:254,Easy,QL-035,Find the number of zeros at the end of the value of 87500^51.,102,ES-004,,,,87500,51,,
NS-TRAIL-001,CP-004,NS-TRAIL-001:CP-004:ns-trail-001-human-review-repair:CP-004:255,Medium,QL-020,Calculate the number of zeros at the end of 125^170.,0,ES-004,,,,125,170,,
NS-TRAIL-001,CP-004,NS-TRAIL-001:CP-004:ns-trail-001-human-review-repair:CP-004:256,Hard,QL-021,Find the terminal-zero count in 4096^8.,0,ES-004,,,,4096,8,,
NS-TRAIL-001,CP-004,NS-TRAIL-001:CP-004:ns-trail-001-human-review-repair:CP-004:257,Easy,QL-018,How many trailing zeros occur in 1000000^2?,12,ES-004,,,,1000000,2,,
NS-TRAIL-001,CP-004,NS-TRAIL-001:CP-004:ns-trail-001-human-review-repair:CP-004:258,Hard,QL-019,Determine the trailing-zero count of 5760^175.,175,ES-004,,,,5760,175,,
NS-TRAIL-001,CP-004,NS-TRAIL-001:CP-004:ns-trail-001-human-review-repair:CP-004:259,Medium,QL-036,Determine the terminal-zero count of the power 15625^7.,0,ES-004,,,,15625,7,,
NS-TRAIL-001,CP-004,NS-TRAIL-001:CP-004:ns-trail-001-human-review-repair:CP-004:260,Easy,QL-036,Determine the terminal-zero count of the power 1953125^9.,0,ES-004,,,,1953125,9,,
NS-TRAIL-001,CP-004,NS-TRAIL-001:CP-004:ns-trail-001-human-review-repair:CP-004:261,Hard,QL-019,Determine the trailing-zero count of 5760^6.,6,ES-004,,,,5760,6,,
NS-TRAIL-001,CP-004,NS-TRAIL-001:CP-004:ns-trail-001-human-review-repair:CP-004:262,Hard,QL-034,The number 10000^45 is written in decimal form. How many trailing zeros does it contain?,180,ES-004,,,,10000,45,,
NS-TRAIL-001,CP-004,NS-TRAIL-001:CP-004:ns-trail-001-human-review-repair:CP-004:263,Easy,QL-017,Find the number of trailing zeros in 16384^101.,0,ES-004,,,,16384,101,,
NS-TRAIL-001,CP-004,NS-TRAIL-001:CP-004:ns-trail-001-human-review-repair:CP-004:264,Hard,QL-020,Calculate the number of zeros at the end of 3125^24.,0,ES-004,,,,3125,24,,
NS-TRAIL-001,CP-004,NS-TRAIL-001:CP-004:ns-trail-001-human-review-repair:CP-004:265,Easy,QL-035,Find the number of zeros at the end of the value of 87500^11.,22,ES-004,,,,87500,11,,
NS-TRAIL-001,CP-004,NS-TRAIL-001:CP-004:ns-trail-001-human-review-repair:CP-004:266,Medium,QL-018,How many trailing zeros occur in 100^18?,36,ES-004,,,,100,18,,
NS-TRAIL-001,CP-004,NS-TRAIL-001:CP-004:ns-trail-001-human-review-repair:CP-004:267,Easy,QL-021,Find the terminal-zero count in 4^148.,0,ES-004,,,,4,148,,
NS-TRAIL-001,CP-004,NS-TRAIL-001:CP-004:ns-trail-001-human-review-repair:CP-004:268,Medium,QL-036,Determine the terminal-zero count of the power 15625^100.,0,ES-004,,,,15625,100,,
NS-TRAIL-001,CP-004,NS-TRAIL-001:CP-004:ns-trail-001-human-review-repair:CP-004:269,Easy,QL-019,Determine the trailing-zero count of 144000^80.,240,ES-004,,,,144000,80,,
NS-TRAIL-001,CP-004,NS-TRAIL-001:CP-004:ns-trail-001-human-review-repair:CP-004:270,Easy,QL-017,Find the number of trailing zeros in 256^7.,0,ES-004,,,,256,7,,
NS-TRAIL-001,CP-004,NS-TRAIL-001:CP-004:ns-trail-001-human-review-repair:CP-004:271,Medium,QL-034,The number 1000000^17 is written in decimal form. How many trailing zeros does it contain?,102,ES-004,,,,1000000,17,,
NS-TRAIL-001,CP-004,NS-TRAIL-001:CP-004:ns-trail-001-human-review-repair:CP-004:272,Easy,QL-019,Determine the trailing-zero count of 3600000^85.,425,ES-004,,,,3600000,85,,
NS-TRAIL-001,CP-004,NS-TRAIL-001:CP-004:ns-trail-001-human-review-repair:CP-004:273,Medium,QL-036,Determine the terminal-zero count of the power 15625^61.,0,ES-004,,,,15625,61,,
NS-TRAIL-001,CP-004,NS-TRAIL-001:CP-004:ns-trail-001-human-review-repair:CP-004:274,Easy,QL-021,Find the terminal-zero count in 16^198.,0,ES-004,,,,16,198,,
NS-TRAIL-001,CP-004,NS-TRAIL-001:CP-004:ns-trail-001-human-review-repair:CP-004:275,Easy,QL-018,How many trailing zeros occur in 10000^129?,516,ES-004,,,,10000,129,,
NS-TRAIL-001,CP-004,NS-TRAIL-001:CP-004:ns-trail-001-human-review-repair:CP-004:276,Medium,QL-035,Find the number of zeros at the end of the value of 87500^9.,18,ES-004,,,,87500,9,,
NS-TRAIL-001,CP-004,NS-TRAIL-001:CP-004:ns-trail-001-human-review-repair:CP-004:277,Easy,QL-020,Calculate the number of zeros at the end of 15625^39.,0,ES-004,,,,15625,39,,
NS-TRAIL-001,CP-004,NS-TRAIL-001:CP-004:ns-trail-001-human-review-repair:CP-004:278,Medium,QL-017,Find the number of trailing zeros in 1024^89.,0,ES-004,,,,1024,89,,
NS-TRAIL-001,CP-004,NS-TRAIL-001:CP-004:ns-trail-001-human-review-repair:CP-004:279,Hard,QL-034,The number 100^15 is written in decimal form. How many trailing zeros does it contain?,30,ES-004,,,,100,15,,
NS-TRAIL-001,CP-004,NS-TRAIL-001:CP-004:ns-trail-001-human-review-repair:CP-004:280,Hard,QL-034,The number 1000000^6 is written in decimal form. How many trailing zeros does it contain?,36,ES-004,,,,1000000,6,,
NS-TRAIL-001,CP-004,NS-TRAIL-001:CP-004:ns-trail-001-human-review-repair:CP-004:281,Easy,QL-017,Find the number of trailing zeros in 16384^7.,0,ES-004,,,,16384,7,,
NS-TRAIL-001,CP-004,NS-TRAIL-001:CP-004:ns-trail-001-human-review-repair:CP-004:282,Hard,QL-036,Determine the terminal-zero count of the power 125^51.,0,ES-004,,,,125,51,,
NS-TRAIL-001,CP-004,NS-TRAIL-001:CP-004:ns-trail-001-human-review-repair:CP-004:283,Hard,QL-019,Determine the trailing-zero count of 144000^16.,48,ES-004,,,,144000,16,,
NS-TRAIL-001,CP-004,NS-TRAIL-001:CP-004:ns-trail-001-human-review-repair:CP-004:284,Hard,QL-018,How many trailing zeros occur in 10000^4?,16,ES-004,,,,10000,4,,
NS-TRAIL-001,CP-004,NS-TRAIL-001:CP-004:ns-trail-001-human-review-repair:CP-004:285,Easy,QL-021,Find the terminal-zero count in 16^2.,0,ES-004,,,,16,2,,
NS-TRAIL-001,CP-004,NS-TRAIL-001:CP-004:ns-trail-001-human-review-repair:CP-004:286,Medium,QL-020,Calculate the number of zeros at the end of 15625^118.,0,ES-004,,,,15625,118,,
NS-TRAIL-001,CP-004,NS-TRAIL-001:CP-004:ns-trail-001-human-review-repair:CP-004:287,Hard,QL-035,Find the number of zeros at the end of the value of 140^17.,17,ES-004,,,,140,17,,
NS-TRAIL-001,CP-004,NS-TRAIL-001:CP-004:ns-trail-001-human-review-repair:CP-004:288,Easy,QL-034,The number 10000^173 is written in decimal form. How many trailing zeros does it contain?,692,ES-004,,,,10000,173,,
NS-TRAIL-001,CP-004,NS-TRAIL-001:CP-004:ns-trail-001-human-review-repair:CP-004:289,Easy,QL-017,Find the number of trailing zeros in 1024^4.,0,ES-004,,,,1024,4,,
NS-TRAIL-001,CP-004,NS-TRAIL-001:CP-004:ns-trail-001-human-review-repair:CP-004:290,Easy,QL-035,Find the number of zeros at the end of the value of 3500^94.,188,ES-004,,,,3500,94,,
NS-TRAIL-001,CP-004,NS-TRAIL-001:CP-004:ns-trail-001-human-review-repair:CP-004:291,Medium,QL-020,Calculate the number of zeros at the end of 125^124.,0,ES-004,,,,125,124,,
NS-TRAIL-001,CP-004,NS-TRAIL-001:CP-004:ns-trail-001-human-review-repair:CP-004:292,Easy,QL-021,Find the terminal-zero count in 4096^114.,0,ES-004,,,,4096,114,,
NS-TRAIL-001,CP-004,NS-TRAIL-001:CP-004:ns-trail-001-human-review-repair:CP-004:293,Hard,QL-018,How many trailing zeros occur in 10000^112?,448,ES-004,,,,10000,112,,
NS-TRAIL-001,CP-004,NS-TRAIL-001:CP-004:ns-trail-001-human-review-repair:CP-004:294,Easy,QL-019,Determine the trailing-zero count of 5760^6.,6,ES-004,,,,5760,6,,
NS-TRAIL-001,CP-004,NS-TRAIL-001:CP-004:ns-trail-001-human-review-repair:CP-004:295,Medium,QL-036,Determine the terminal-zero count of the power 390625^30.,0,ES-004,,,,390625,30,,
NS-TRAIL-001,CP-004,NS-TRAIL-001:CP-004:ns-trail-001-human-review-repair:CP-004:296,Hard,QL-017,Find the number of trailing zeros in 4096^5.,0,ES-004,,,,4096,5,,
NS-TRAIL-001,CP-004,NS-TRAIL-001:CP-004:ns-trail-001-human-review-repair:CP-004:297,Medium,QL-034,The number 100^75 is written in decimal form. How many trailing zeros does it contain?,150,ES-004,,,,100,75,,
NS-TRAIL-001,CP-004,NS-TRAIL-001:CP-004:ns-trail-001-human-review-repair:CP-004:298,Hard,QL-035,Find the number of zeros at the end of the value of 140^130.,130,ES-004,,,,140,130,,
NS-TRAIL-001,CP-004,NS-TRAIL-001:CP-004:ns-trail-001-human-review-repair:CP-004:299,Medium,QL-020,Calculate the number of zeros at the end of 3125^33.,0,ES-004,,,,3125,33,,
NS-TRAIL-001,CP-004,NS-TRAIL-001:CP-004:ns-trail-001-human-review-repair:CP-004:300,Medium,QL-017,Find the number of trailing zeros in 4^184.,0,ES-004,,,,4,184,,
NS-TRAIL-001,CP-004,NS-TRAIL-001:CP-004:ns-trail-001-human-review-repair:CP-004:301,Hard,QL-034,The number 10000^34 is written in decimal form. How many trailing zeros does it contain?,136,ES-004,,,,10000,34,,
NS-TRAIL-001,CP-004,NS-TRAIL-001:CP-004:ns-trail-001-human-review-repair:CP-004:302,Hard,QL-019,Determine the trailing-zero count of 144000^127.,381,ES-004,,,,144000,127,,
NS-TRAIL-001,CP-004,NS-TRAIL-001:CP-004:ns-trail-001-human-review-repair:CP-004:303,Easy,QL-036,Determine the terminal-zero count of the power 78125^44.,0,ES-004,,,,78125,44,,
NS-TRAIL-001,CP-004,NS-TRAIL-001:CP-004:ns-trail-001-human-review-repair:CP-004:304,Easy,QL-021,Find the terminal-zero count in 64^4.,0,ES-004,,,,64,4,,
NS-TRAIL-001,CP-004,NS-TRAIL-001:CP-004:ns-trail-001-human-review-repair:CP-004:305,Easy,QL-018,How many trailing zeros occur in 10000^72?,288,ES-004,,,,10000,72,,
NS-TRAIL-001,CP-004,NS-TRAIL-001:CP-004:ns-trail-001-human-review-repair:CP-004:306,Easy,QL-035,Find the number of zeros at the end of the value of 140^31.,31,ES-004,,,,140,31,,
NS-TRAIL-001,CP-004,NS-TRAIL-001:CP-004:ns-trail-001-human-review-repair:CP-004:307,Hard,QL-020,Calculate the number of zeros at the end of 5^5.,0,ES-004,,,,5,5,,
NS-TRAIL-001,CP-004,NS-TRAIL-001:CP-004:ns-trail-001-human-review-repair:CP-004:308,Hard,QL-017,Find the number of trailing zeros in 16384^43.,0,ES-004,,,,16384,43,,
NS-TRAIL-001,CP-004,NS-TRAIL-001:CP-004:ns-trail-001-human-review-repair:CP-004:309,Hard,QL-034,The number 1000000^123 is written in decimal form. How many trailing zeros does it contain?,738,ES-004,,,,1000000,123,,
NS-TRAIL-001,CP-004,NS-TRAIL-001:CP-004:ns-trail-001-human-review-repair:CP-004:310,Easy,QL-036,Determine the terminal-zero count of the power 5^24.,0,ES-004,,,,5,24,,
NS-TRAIL-001,CP-004,NS-TRAIL-001:CP-004:ns-trail-001-human-review-repair:CP-004:311,Easy,QL-019,Determine the trailing-zero count of 144000^54.,162,ES-004,,,,144000,54,,
NS-TRAIL-001,CP-004,NS-TRAIL-001:CP-004:ns-trail-001-human-review-repair:CP-004:312,Easy,QL-034,The number 1000000^10 is written in decimal form. How many trailing zeros does it contain?,60,ES-004,,,,1000000,10,,
NS-TRAIL-001,CP-004,NS-TRAIL-001:CP-004:ns-trail-001-human-review-repair:CP-004:313,Easy,QL-017,Find the number of trailing zeros in 16384^10.,0,ES-004,,,,16384,10,,
NS-TRAIL-001,CP-004,NS-TRAIL-001:CP-004:ns-trail-001-human-review-repair:CP-004:314,Medium,QL-020,Calculate the number of zeros at the end of 15625^8.,0,ES-004,,,,15625,8,,
NS-TRAIL-001,CP-004,NS-TRAIL-001:CP-004:ns-trail-001-human-review-repair:CP-004:315,Medium,QL-035,Find the number of zeros at the end of the value of 3500^23.,46,ES-004,,,,3500,23,,
NS-TRAIL-001,CP-004,NS-TRAIL-001:CP-004:ns-trail-001-human-review-repair:CP-004:316,Easy,QL-018,How many trailing zeros occur in 1000000^2?,12,ES-004,,,,1000000,2,,
NS-TRAIL-001,CP-004,NS-TRAIL-001:CP-004:ns-trail-001-human-review-repair:CP-004:317,Easy,QL-021,Find the terminal-zero count in 4^5.,0,ES-004,,,,4,5,,
NS-TRAIL-001,CP-004,NS-TRAIL-001:CP-004:ns-trail-001-human-review-repair:CP-004:318,Easy,QL-036,Determine the terminal-zero count of the power 1953125^8.,0,ES-004,,,,1953125,8,,
NS-TRAIL-001,CP-004,NS-TRAIL-001:CP-004:ns-trail-001-human-review-repair:CP-004:319,Medium,QL-019,Determine the trailing-zero count of 144000^65.,195,ES-004,,,,144000,65,,
NS-TRAIL-001,CP-004,NS-TRAIL-001:CP-004:ns-trail-001-human-review-repair:CP-004:320,Easy,QL-019,Determine the trailing-zero count of 5760^8.,8,ES-004,,,,5760,8,,
NS-TRAIL-001,CP-004,NS-TRAIL-001:CP-004:ns-trail-001-human-review-repair:CP-004:321,Hard,QL-036,Determine the terminal-zero count of the power 78125^3.,0,ES-004,,,,78125,3,,
NS-TRAIL-001,CP-004,NS-TRAIL-001:CP-004:ns-trail-001-human-review-repair:CP-004:322,Easy,QL-017,Find the number of trailing zeros in 16^7.,0,ES-004,,,,16,7,,
NS-TRAIL-001,CP-004,NS-TRAIL-001:CP-004:ns-trail-001-human-review-repair:CP-004:323,Medium,QL-034,The number 10000^118 is written in decimal form. How many trailing zeros does it contain?,472,ES-004,,,,10000,118,,
NS-TRAIL-001,CP-004,NS-TRAIL-001:CP-004:ns-trail-001-human-review-repair:CP-004:324,Easy,QL-035,Find the number of zeros at the end of the value of 140^40.,40,ES-004,,,,140,40,,
NS-TRAIL-001,CP-004,NS-TRAIL-001:CP-004:ns-trail-001-human-review-repair:CP-004:325,Medium,QL-020,Calculate the number of zeros at the end of 25^9.,0,ES-004,,,,25,9,,
NS-TRAIL-001,CP-004,NS-TRAIL-001:CP-004:ns-trail-001-human-review-repair:CP-004:326,Medium,QL-021,Find the terminal-zero count in 4^45.,0,ES-004,,,,4,45,,
NS-TRAIL-001,CP-004,NS-TRAIL-001:CP-004:ns-trail-001-human-review-repair:CP-004:327,Medium,QL-018,How many trailing zeros occur in 10000^34?,136,ES-004,,,,10000,34,,
NS-TRAIL-001,CP-004,NS-TRAIL-001:CP-004:ns-trail-001-human-review-repair:CP-004:328,Easy,QL-019,Determine the trailing-zero count of 3600000^42.,210,ES-004,,,,3600000,42,,
NS-TRAIL-001,CP-004,NS-TRAIL-001:CP-004:ns-trail-001-human-review-repair:CP-004:329,Medium,QL-036,Determine the terminal-zero count of the power 3125^38.,0,ES-004,,,,3125,38,,
NS-TRAIL-001,CP-004,NS-TRAIL-001:CP-004:ns-trail-001-human-review-repair:CP-004:330,Medium,QL-018,How many trailing zeros occur in 10000^4?,16,ES-004,,,,10000,4,,
NS-TRAIL-001,CP-004,NS-TRAIL-001:CP-004:ns-trail-001-human-review-repair:CP-004:331,Medium,QL-021,Find the terminal-zero count in 64^167.,0,ES-004,,,,64,167,,
NS-TRAIL-001,CP-004,NS-TRAIL-001:CP-004:ns-trail-001-human-review-repair:CP-004:332,Hard,QL-020,Calculate the number of zeros at the end of 78125^3.,0,ES-004,,,,78125,3,,
NS-TRAIL-001,CP-004,NS-TRAIL-001:CP-004:ns-trail-001-human-review-repair:CP-004:333,Medium,QL-035,Find the number of zeros at the end of the value of 87500^63.,126,ES-004,,,,87500,63,,
NS-TRAIL-001,CP-004,NS-TRAIL-001:CP-004:ns-trail-001-human-review-repair:CP-004:334,Medium,QL-034,The number 1000000^48 is written in decimal form. How many trailing zeros does it contain?,288,ES-004,,,,1000000,48,,
NS-TRAIL-001,CP-004,NS-TRAIL-001:CP-004:ns-trail-001-human-review-repair:CP-004:335,Hard,QL-017,Find the number of trailing zeros in 4096^155.,0,ES-004,,,,4096,155,,
NS-TRAIL-001,CP-004,NS-TRAIL-001:CP-004:ns-trail-001-human-review-repair:CP-004:336,Easy,QL-036,Determine the terminal-zero count of the power 3125^131.,0,ES-004,,,,3125,131,,
NS-TRAIL-001,CP-004,NS-TRAIL-001:CP-004:ns-trail-001-human-review-repair:CP-004:337,Easy,QL-019,Determine the trailing-zero count of 144000^20.,60,ES-004,,,,144000,20,,
NS-TRAIL-001,CP-004,NS-TRAIL-001:CP-004:ns-trail-001-human-review-repair:CP-004:338,Easy,QL-018,How many trailing zeros occur in 10000^121?,484,ES-004,,,,10000,121,,
NS-TRAIL-001,CP-004,NS-TRAIL-001:CP-004:ns-trail-001-human-review-repair:CP-004:339,Medium,QL-021,Find the terminal-zero count in 4096^6.,0,ES-004,,,,4096,6,,
NS-TRAIL-001,CP-004,NS-TRAIL-001:CP-004:ns-trail-001-human-review-repair:CP-004:340,Easy,QL-021,Find the terminal-zero count in 16384^5.,0,ES-004,,,,16384,5,,
NS-TRAIL-001,CP-004,NS-TRAIL-001:CP-004:ns-trail-001-human-review-repair:CP-004:341,Easy,QL-018,How many trailing zeros occur in 100^7?,14,ES-004,,,,100,7,,
NS-TRAIL-001,CP-004,NS-TRAIL-001:CP-004:ns-trail-001-human-review-repair:CP-004:342,Easy,QL-035,Find the number of zeros at the end of the value of 140^32.,32,ES-004,,,,140,32,,
NS-TRAIL-001,CP-004,NS-TRAIL-001:CP-004:ns-trail-001-human-review-repair:CP-004:343,Easy,QL-020,Calculate the number of zeros at the end of 5^4.,0,ES-004,,,,5,4,,
NS-TRAIL-001,CP-004,NS-TRAIL-001:CP-004:ns-trail-001-human-review-repair:CP-004:344,Hard,QL-017,Find the number of trailing zeros in 16^101.,0,ES-004,,,,16,101,,
NS-TRAIL-001,CP-004,NS-TRAIL-001:CP-004:ns-trail-001-human-review-repair:CP-004:345,Easy,QL-034,The number 100^35 is written in decimal form. How many trailing zeros does it contain?,70,ES-004,,,,100,35,,
NS-TRAIL-001,CP-004,NS-TRAIL-001:CP-004:ns-trail-001-human-review-repair:CP-004:346,Medium,QL-019,Determine the trailing-zero count of 144000^6.,18,ES-004,,,,144000,6,,
NS-TRAIL-001,CP-004,NS-TRAIL-001:CP-004:ns-trail-001-human-review-repair:CP-004:347,Medium,QL-036,Determine the terminal-zero count of the power 3125^50.,0,ES-004,,,,3125,50,,
NS-TRAIL-001,CP-004,NS-TRAIL-001:CP-004:ns-trail-001-human-review-repair:CP-004:348,Medium,QL-021,Find the terminal-zero count in 4096^31.,0,ES-004,,,,4096,31,,
NS-TRAIL-001,CP-004,NS-TRAIL-001:CP-004:ns-trail-001-human-review-repair:CP-004:349,Medium,QL-018,How many trailing zeros occur in 100^141?,282,ES-004,,,,100,141,,
NS-TRAIL-001,CP-004,NS-TRAIL-001:CP-004:ns-trail-001-human-review-repair:CP-004:350,Medium,QL-020,Calculate the number of zeros at the end of 125^133.,0,ES-004,,,,125,133,,
NS-TRAIL-001,CP-004,NS-TRAIL-001:CP-004:ns-trail-001-human-review-repair:CP-004:351,Easy,QL-035,Find the number of zeros at the end of the value of 3500^8.,16,ES-004,,,,3500,8,,
NS-TRAIL-001,CP-004,NS-TRAIL-001:CP-004:ns-trail-001-human-review-repair:CP-004:352,Medium,QL-018,How many trailing zeros occur in 10000^10?,40,ES-004,,,,10000,10,,
NS-TRAIL-001,CP-004,NS-TRAIL-001:CP-004:ns-trail-001-human-review-repair:CP-004:353,Medium,QL-021,Find the terminal-zero count in 4^3.,0,ES-004,,,,4,3,,
NS-TRAIL-001,CP-004,NS-TRAIL-001:CP-004:ns-trail-001-human-review-repair:CP-004:354,Easy,QL-036,Determine the terminal-zero count of the power 125^112.,0,ES-004,,,,125,112,,
NS-TRAIL-001,CP-004,NS-TRAIL-001:CP-004:ns-trail-001-human-review-repair:CP-004:355,Medium,QL-019,Determine the trailing-zero count of 144000^92.,276,ES-004,,,,144000,92,,
NS-TRAIL-001,CP-004,NS-TRAIL-001:CP-004:ns-trail-001-human-review-repair:CP-004:356,Medium,QL-034,The number 10000^45 is written in decimal form. How many trailing zeros does it contain?,180,ES-004,,,,10000,45,,
NS-TRAIL-001,CP-004,NS-TRAIL-001:CP-004:ns-trail-001-human-review-repair:CP-004:357,Medium,QL-017,Find the number of trailing zeros in 256^136.,0,ES-004,,,,256,136,,
NS-TRAIL-001,CP-004,NS-TRAIL-001:CP-004:ns-trail-001-human-review-repair:CP-004:358,Easy,QL-020,Calculate the number of zeros at the end of 25^44.,0,ES-004,,,,25,44,,
NS-TRAIL-001,CP-004,NS-TRAIL-001:CP-004:ns-trail-001-human-review-repair:CP-004:359,Medium,QL-035,Find the number of zeros at the end of the value of 140^31.,31,ES-004,,,,140,31,,
NS-TRAIL-001,CP-004,NS-TRAIL-001:CP-004:ns-trail-001-human-review-repair:CP-004:360,Medium,QL-035,Find the number of zeros at the end of the value of 3500^5.,10,ES-004,,,,3500,5,,
NS-TRAIL-001,CP-004,NS-TRAIL-001:CP-004:ns-trail-001-human-review-repair:CP-004:361,Easy,QL-020,Calculate the number of zeros at the end of 78125^44.,0,ES-004,,,,78125,44,,
NS-TRAIL-001,CP-004,NS-TRAIL-001:CP-004:ns-trail-001-human-review-repair:CP-004:362,Hard,QL-021,Find the terminal-zero count in 4^108.,0,ES-004,,,,4,108,,
NS-TRAIL-001,CP-004,NS-TRAIL-001:CP-004:ns-trail-001-human-review-repair:CP-004:363,Medium,QL-018,How many trailing zeros occur in 100^160?,320,ES-004,,,,100,160,,
NS-TRAIL-001,CP-004,NS-TRAIL-001:CP-004:ns-trail-001-human-review-repair:CP-004:364,Medium,QL-019,Determine the trailing-zero count of 3600000^7.,35,ES-004,,,,3600000,7,,
NS-TRAIL-001,CP-004,NS-TRAIL-001:CP-004:ns-trail-001-human-review-repair:CP-004:365,Medium,QL-036,Determine the terminal-zero count of the power 390625^10.,0,ES-004,,,,390625,10,,
NS-TRAIL-001,CP-004,NS-TRAIL-001:CP-004:ns-trail-001-human-review-repair:CP-004:366,Easy,QL-017,Find the number of trailing zeros in 4096^119.,0,ES-004,,,,4096,119,,
NS-TRAIL-001,CP-004,NS-TRAIL-001:CP-004:ns-trail-001-human-review-repair:CP-004:367,Medium,QL-034,The number 100^56 is written in decimal form. How many trailing zeros does it contain?,112,ES-004,,,,100,56,,
NS-TRAIL-001,CP-004,NS-TRAIL-001:CP-004:ns-trail-001-human-review-repair:CP-004:368,Easy,QL-035,Find the number of zeros at the end of the value of 87500^172.,344,ES-004,,,,87500,172,,
NS-TRAIL-001,CP-004,NS-TRAIL-001:CP-004:ns-trail-001-human-review-repair:CP-004:369,Easy,QL-020,Calculate the number of zeros at the end of 390625^6.,0,ES-004,,,,390625,6,,
NS-TRAIL-001,CP-004,NS-TRAIL-001:CP-004:ns-trail-001-human-review-repair:CP-004:370,Easy,QL-034,The number 100^182 is written in decimal form. How many trailing zeros does it contain?,364,ES-004,,,,100,182,,
NS-TRAIL-001,CP-004,NS-TRAIL-001:CP-004:ns-trail-001-human-review-repair:CP-004:371,Medium,QL-017,Find the number of trailing zeros in 16^45.,0,ES-004,,,,16,45,,
NS-TRAIL-001,CP-004,NS-TRAIL-001:CP-004:ns-trail-001-human-review-repair:CP-004:372,Hard,QL-036,Determine the terminal-zero count of the power 25^3.,0,ES-004,,,,25,3,,
NS-TRAIL-001,CP-004,NS-TRAIL-001:CP-004:ns-trail-001-human-review-repair:CP-004:373,Easy,QL-019,Determine the trailing-zero count of 3600000^125.,625,ES-004,,,,3600000,125,,
NS-TRAIL-001,CP-004,NS-TRAIL-001:CP-004:ns-trail-001-human-review-repair:CP-004:374,Easy,QL-018,How many trailing zeros occur in 100^5?,10,ES-004,,,,100,5,,
NS-TRAIL-001,CP-004,NS-TRAIL-001:CP-004:ns-trail-001-human-review-repair:CP-004:375,Easy,QL-021,Find the terminal-zero count in 4096^62.,0,ES-004,,,,4096,62,,
NS-TRAIL-001,CP-004,NS-TRAIL-001:CP-004:ns-trail-001-human-review-repair:CP-004:376,Hard,QL-020,Calculate the number of zeros at the end of 1953125^33.,0,ES-004,,,,1953125,33,,
NS-TRAIL-001,CP-004,NS-TRAIL-001:CP-004:ns-trail-001-human-review-repair:CP-004:377,Easy,QL-035,Find the number of zeros at the end of the value of 140^41.,41,ES-004,,,,140,41,,
NS-TRAIL-001,CP-004,NS-TRAIL-001:CP-004:ns-trail-001-human-review-repair:CP-004:378,Hard,QL-034,The number 100^8 is written in decimal form. How many trailing zeros does it contain?,16,ES-004,,,,100,8,,
NS-TRAIL-001,CP-004,NS-TRAIL-001:CP-004:ns-trail-001-human-review-repair:CP-004:379,Medium,QL-017,Find the number of trailing zeros in 256^14.,0,ES-004,,,,256,14,,
NS-TRAIL-001,CP-004,NS-TRAIL-001:CP-004:ns-trail-001-human-review-repair:CP-004:380,Medium,QL-017,Find the number of trailing zeros in 16^33.,0,ES-004,,,,16,33,,
NS-TRAIL-001,CP-004,NS-TRAIL-001:CP-004:ns-trail-001-human-review-repair:CP-004:381,Medium,QL-034,The number 100^5 is written in decimal form. How many trailing zeros does it contain?,10,ES-004,,,,100,5,,
NS-TRAIL-001,CP-004,NS-TRAIL-001:CP-004:ns-trail-001-human-review-repair:CP-004:382,Easy,QL-019,Determine the trailing-zero count of 144000^167.,501,ES-004,,,,144000,167,,
NS-TRAIL-001,CP-004,NS-TRAIL-001:CP-004:ns-trail-001-human-review-repair:CP-004:383,Medium,QL-036,Determine the terminal-zero count of the power 125^179.,0,ES-004,,,,125,179,,
NS-TRAIL-001,CP-004,NS-TRAIL-001:CP-004:ns-trail-001-human-review-repair:CP-004:384,Easy,QL-021,Find the terminal-zero count in 4^3.,0,ES-004,,,,4,3,,
NS-TRAIL-001,CP-004,NS-TRAIL-001:CP-004:ns-trail-001-human-review-repair:CP-004:385,Medium,QL-018,How many trailing zeros occur in 1000000^4?,24,ES-004,,,,1000000,4,,
NS-TRAIL-001,CP-004,NS-TRAIL-001:CP-004:ns-trail-001-human-review-repair:CP-004:386,Hard,QL-035,Find the number of zeros at the end of the value of 140^57.,57,ES-004,,,,140,57,,
NS-TRAIL-001,CP-004,NS-TRAIL-001:CP-004:ns-trail-001-human-review-repair:CP-004:387,Easy,QL-020,Calculate the number of zeros at the end of 390625^109.,0,ES-004,,,,390625,109,,
NS-TRAIL-001,CP-004,NS-TRAIL-001:CP-004:ns-trail-001-human-review-repair:CP-004:388,Medium,QL-017,Find the number of trailing zeros in 16^46.,0,ES-004,,,,16,46,,
NS-TRAIL-001,CP-004,NS-TRAIL-001:CP-004:ns-trail-001-human-review-repair:CP-004:389,Easy,QL-034,The number 1000000^41 is written in decimal form. How many trailing zeros does it contain?,246,ES-004,,,,1000000,41,,
NS-TRAIL-001,CP-004,NS-TRAIL-001:CP-004:ns-trail-001-human-review-repair:CP-004:390,Easy,QL-036,Determine the terminal-zero count of the power 1953125^19.,0,ES-004,,,,1953125,19,,
NS-TRAIL-001,CP-004,NS-TRAIL-001:CP-004:ns-trail-001-human-review-repair:CP-004:391,Medium,QL-019,Determine the trailing-zero count of 144000^163.,489,ES-004,,,,144000,163,,
NS-TRAIL-001,CP-004,NS-TRAIL-001:CP-004:ns-trail-001-human-review-repair:CP-004:392,Medium,QL-034,The number 10000^194 is written in decimal form. How many trailing zeros does it contain?,776,ES-004,,,,10000,194,,
NS-TRAIL-001,CP-004,NS-TRAIL-001:CP-004:ns-trail-001-human-review-repair:CP-004:393,Medium,QL-017,Find the number of trailing zeros in 16^122.,0,ES-004,,,,16,122,,
NS-TRAIL-001,CP-004,NS-TRAIL-001:CP-004:ns-trail-001-human-review-repair:CP-004:394,Hard,QL-020,Calculate the number of zeros at the end of 3125^13.,0,ES-004,,,,3125,13,,
NS-TRAIL-001,CP-004,NS-TRAIL-001:CP-004:ns-trail-001-human-review-repair:CP-004:395,Hard,QL-035,Find the number of zeros at the end of the value of 140^109.,109,ES-004,,,,140,109,,
NS-TRAIL-001,CP-004,NS-TRAIL-001:CP-004:ns-trail-001-human-review-repair:CP-004:396,Medium,QL-018,How many trailing zeros occur in 10000^154?,616,ES-004,,,,10000,154,,
NS-TRAIL-001,CP-004,NS-TRAIL-001:CP-004:ns-trail-001-human-review-repair:CP-004:397,Medium,QL-021,Find the terminal-zero count in 64^106.,0,ES-004,,,,64,106,,
NS-TRAIL-001,CP-004,NS-TRAIL-001:CP-004:ns-trail-001-human-review-repair:CP-004:398,Easy,QL-036,Determine the terminal-zero count of the power 625^197.,0,ES-004,,,,625,197,,
NS-TRAIL-001,CP-004,NS-TRAIL-001:CP-004:ns-trail-001-human-review-repair:CP-004:399,Easy,QL-019,Determine the trailing-zero count of 144000^56.,168,ES-004,,,,144000,56,,
NS-TRAIL-001,CP-004,NS-TRAIL-001:CP-004:ns-trail-001-human-review-repair:CP-004:400,Hard,QL-020,Calculate the number of zeros at the end of 25^10.,0,ES-004,,,,25,10,,
NS-TRAIL-001,CP-004,NS-TRAIL-001:CP-004:ns-trail-001-human-review-repair:CP-004:401,Easy,QL-035,Find the number of zeros at the end of the value of 3500^3.,6,ES-004,,,,3500,3,,
NS-TRAIL-001,CP-004,NS-TRAIL-001:CP-004:ns-trail-001-human-review-repair:CP-004:402,Hard,QL-018,How many trailing zeros occur in 1000000^9?,54,ES-004,,,,1000000,9,,
NS-TRAIL-001,CP-004,NS-TRAIL-001:CP-004:ns-trail-001-human-review-repair:CP-004:403,Hard,QL-021,Find the terminal-zero count in 64^2.,0,ES-004,,,,64,2,,
NS-TRAIL-001,CP-004,NS-TRAIL-001:CP-004:ns-trail-001-human-review-repair:CP-004:404,Easy,QL-036,Determine the terminal-zero count of the power 78125^165.,0,ES-004,,,,78125,165,,
NS-TRAIL-001,CP-004,NS-TRAIL-001:CP-004:ns-trail-001-human-review-repair:CP-004:405,Medium,QL-019,Determine the trailing-zero count of 144000^145.,435,ES-004,,,,144000,145,,
NS-TRAIL-001,CP-004,NS-TRAIL-001:CP-004:ns-trail-001-human-review-repair:CP-004:406,Hard,QL-034,The number 1000000^39 is written in decimal form. How many trailing zeros does it contain?,234,ES-004,,,,1000000,39,,
NS-TRAIL-001,CP-004,NS-TRAIL-001:CP-004:ns-trail-001-human-review-repair:CP-004:407,Medium,QL-017,Find the number of trailing zeros in 256^189.,0,ES-004,,,,256,189,,
NS-TRAIL-001,CP-004,NS-TRAIL-001:CP-004:ns-trail-001-human-review-repair:CP-004:408,Medium,QL-020,Calculate the number of zeros at the end of 5^188.,0,ES-004,,,,5,188,,
NS-TRAIL-001,CP-004,NS-TRAIL-001:CP-004:ns-trail-001-human-review-repair:CP-004:409,Medium,QL-035,Find the number of zeros at the end of the value of 87500^25.,50,ES-004,,,,87500,25,,
NS-TRAIL-001,CP-004,NS-TRAIL-001:CP-004:ns-trail-001-human-review-repair:CP-004:410,Medium,QL-021,Find the terminal-zero count in 16384^9.,0,ES-004,,,,16384,9,,
NS-TRAIL-001,CP-004,NS-TRAIL-001:CP-004:ns-trail-001-human-review-repair:CP-004:411,Easy,QL-018,How many trailing zeros occur in 10000^2?,8,ES-004,,,,10000,2,,
NS-TRAIL-001,CP-004,NS-TRAIL-001:CP-004:ns-trail-001-human-review-repair:CP-004:412,Medium,QL-035,Find the number of zeros at the end of the value of 140^107.,107,ES-004,,,,140,107,,
NS-TRAIL-001,CP-004,NS-TRAIL-001:CP-004:ns-trail-001-human-review-repair:CP-004:413,Easy,QL-020,Calculate the number of zeros at the end of 1953125^3.,0,ES-004,,,,1953125,3,,
NS-TRAIL-001,CP-004,NS-TRAIL-001:CP-004:ns-trail-001-human-review-repair:CP-004:414,Easy,QL-017,Find the number of trailing zeros in 16^154.,0,ES-004,,,,16,154,,
NS-TRAIL-001,CP-004,NS-TRAIL-001:CP-004:ns-trail-001-human-review-repair:CP-004:415,Medium,QL-034,The number 10000^154 is written in decimal form. How many trailing zeros does it contain?,616,ES-004,,,,10000,154,,
NS-TRAIL-001,CP-004,NS-TRAIL-001:CP-004:ns-trail-001-human-review-repair:CP-004:416,Hard,QL-019,Determine the trailing-zero count of 144000^19.,57,ES-004,,,,144000,19,,
NS-TRAIL-001,CP-004,NS-TRAIL-001:CP-004:ns-trail-001-human-review-repair:CP-004:417,Medium,QL-036,Determine the terminal-zero count of the power 625^79.,0,ES-004,,,,625,79,,
NS-TRAIL-001,CP-004,NS-TRAIL-001:CP-004:ns-trail-001-human-review-repair:CP-004:418,Hard,QL-021,Find the terminal-zero count in 4096^122.,0,ES-004,,,,4096,122,,
NS-TRAIL-001,CP-004,NS-TRAIL-001:CP-004:ns-trail-001-human-review-repair:CP-004:419,Hard,QL-018,How many trailing zeros occur in 1000000^194?,1164,ES-004,,,,1000000,194,,
NS-TRAIL-001,CP-004,NS-TRAIL-001:CP-004:ns-trail-001-human-review-repair:CP-004:420,Easy,QL-034,The number 1000000^4 is written in decimal form. How many trailing zeros does it contain?,24,ES-004,,,,1000000,4,,
NS-TRAIL-001,CP-004,NS-TRAIL-001:CP-004:ns-trail-001-human-review-repair:CP-004:421,Medium,QL-017,Find the number of trailing zeros in 256^29.,0,ES-004,,,,256,29,,
NS-TRAIL-001,CP-004,NS-TRAIL-001:CP-004:ns-trail-001-human-review-repair:CP-004:422,Easy,QL-036,Determine the terminal-zero count of the power 5^2.,0,ES-004,,,,5,2,,
NS-TRAIL-001,CP-004,NS-TRAIL-001:CP-004:ns-trail-001-human-review-repair:CP-004:423,Easy,QL-019,Determine the trailing-zero count of 3600000^178.,890,ES-004,,,,3600000,178,,
NS-TRAIL-001,CP-004,NS-TRAIL-001:CP-004:ns-trail-001-human-review-repair:CP-004:424,Easy,QL-018,How many trailing zeros occur in 1000000^18?,108,ES-004,,,,1000000,18,,
NS-TRAIL-001,CP-004,NS-TRAIL-001:CP-004:ns-trail-001-human-review-repair:CP-004:425,Easy,QL-021,Find the terminal-zero count in 4096^7.,0,ES-004,,,,4096,7,,
NS-TRAIL-001,CP-004,NS-TRAIL-001:CP-004:ns-trail-001-human-review-repair:CP-004:426,Easy,QL-020,Calculate the number of zeros at the end of 390625^17.,0,ES-004,,,,390625,17,,
NS-TRAIL-001,CP-004,NS-TRAIL-001:CP-004:ns-trail-001-human-review-repair:CP-004:427,Medium,QL-035,Find the number of zeros at the end of the value of 140^172.,172,ES-004,,,,140,172,,
NS-TRAIL-001,CP-004,NS-TRAIL-001:CP-004:ns-trail-001-human-review-repair:CP-004:428,Easy,QL-034,The number 1000000^7 is written in decimal form. How many trailing zeros does it contain?,42,ES-004,,,,1000000,7,,
NS-TRAIL-001,CP-004,NS-TRAIL-001:CP-004:ns-trail-001-human-review-repair:CP-004:429,Hard,QL-017,Find the number of trailing zeros in 4096^47.,0,ES-004,,,,4096,47,,
NS-TRAIL-001,CP-004,NS-TRAIL-001:CP-004:ns-trail-001-human-review-repair:CP-004:430,Medium,QL-035,Find the number of zeros at the end of the value of 3500^4.,8,ES-004,,,,3500,4,,
NS-TRAIL-001,CP-004,NS-TRAIL-001:CP-004:ns-trail-001-human-review-repair:CP-004:431,Easy,QL-020,Calculate the number of zeros at the end of 15625^196.,0,ES-004,,,,15625,196,,
NS-TRAIL-001,CP-004,NS-TRAIL-001:CP-004:ns-trail-001-human-review-repair:CP-004:432,Easy,QL-021,Find the terminal-zero count in 4^161.,0,ES-004,,,,4,161,,
NS-TRAIL-001,CP-004,NS-TRAIL-001:CP-004:ns-trail-001-human-review-repair:CP-004:433,Medium,QL-018,How many trailing zeros occur in 10000^72?,288,ES-004,,,,10000,72,,
NS-TRAIL-001,CP-004,NS-TRAIL-001:CP-004:ns-trail-001-human-review-repair:CP-004:434,Medium,QL-019,Determine the trailing-zero count of 3600000^56.,280,ES-004,,,,3600000,56,,
NS-TRAIL-001,CP-004,NS-TRAIL-001:CP-004:ns-trail-001-human-review-repair:CP-004:435,Medium,QL-036,Determine the terminal-zero count of the power 78125^9.,0,ES-004,,,,78125,9,,
NS-TRAIL-001,CP-004,NS-TRAIL-001:CP-004:ns-trail-001-human-review-repair:CP-004:436,Easy,QL-017,Find the number of trailing zeros in 4096^172.,0,ES-004,,,,4096,172,,
NS-TRAIL-001,CP-004,NS-TRAIL-001:CP-004:ns-trail-001-human-review-repair:CP-004:437,Medium,QL-034,The number 1000000^107 is written in decimal form. How many trailing zeros does it contain?,642,ES-004,,,,1000000,107,,
NS-TRAIL-001,CP-004,NS-TRAIL-001:CP-004:ns-trail-001-human-review-repair:CP-004:438,Medium,QL-035,Find the number of zeros at the end of the value of 87500^2.,4,ES-004,,,,87500,2,,
NS-TRAIL-001,CP-004,NS-TRAIL-001:CP-004:ns-trail-001-human-review-repair:CP-004:439,Medium,QL-020,Calculate the number of zeros at the end of 78125^5.,0,ES-004,,,,78125,5,,
NS-TRAIL-001,CP-004,NS-TRAIL-001:CP-004:ns-trail-001-human-review-repair:CP-004:440,Easy,QL-036,Determine the terminal-zero count of the power 1953125^57.,0,ES-004,,,,1953125,57,,
NS-TRAIL-001,CP-004,NS-TRAIL-001:CP-004:ns-trail-001-human-review-repair:CP-004:441,Easy,QL-019,Determine the trailing-zero count of 144000^119.,357,ES-004,,,,144000,119,,
NS-TRAIL-001,CP-004,NS-TRAIL-001:CP-004:ns-trail-001-human-review-repair:CP-004:442,Medium,QL-034,The number 10000^9 is written in decimal form. How many trailing zeros does it contain?,36,ES-004,,,,10000,9,,
NS-TRAIL-001,CP-004,NS-TRAIL-001:CP-004:ns-trail-001-human-review-repair:CP-004:443,Easy,QL-017,Find the number of trailing zeros in 16^5.,0,ES-004,,,,16,5,,
NS-TRAIL-001,CP-004,NS-TRAIL-001:CP-004:ns-trail-001-human-review-repair:CP-004:444,Medium,QL-020,Calculate the number of zeros at the end of 3125^7.,0,ES-004,,,,3125,7,,
NS-TRAIL-001,CP-004,NS-TRAIL-001:CP-004:ns-trail-001-human-review-repair:CP-004:445,Medium,QL-035,Find the number of zeros at the end of the value of 3500^62.,124,ES-004,,,,3500,62,,
NS-TRAIL-001,CP-004,NS-TRAIL-001:CP-004:ns-trail-001-human-review-repair:CP-004:446,Medium,QL-018,How many trailing zeros occur in 10000^17?,68,ES-004,,,,10000,17,,
NS-TRAIL-001,CP-004,NS-TRAIL-001:CP-004:ns-trail-001-human-review-repair:CP-004:447,Easy,QL-021,Find the terminal-zero count in 4^9.,0,ES-004,,,,4,9,,
NS-TRAIL-001,CP-004,NS-TRAIL-001:CP-004:ns-trail-001-human-review-repair:CP-004:448,Medium,QL-036,Determine the terminal-zero count of the power 390625^7.,0,ES-004,,,,390625,7,,
NS-TRAIL-001,CP-004,NS-TRAIL-001:CP-004:ns-trail-001-human-review-repair:CP-004:449,Hard,QL-019,Determine the trailing-zero count of 5760^123.,123,ES-004,,,,5760,123,,
NS-TRAIL-001,CP-004,NS-TRAIL-001:CP-004:ns-trail-001-human-review-repair:CP-004:450,Medium,QL-017,Find the number of trailing zeros in 4^6.,0,ES-004,,,,4,6,,
NS-TRAIL-001,CP-004,NS-TRAIL-001:CP-004:ns-trail-001-human-review-repair:CP-004:451,Easy,QL-034,The number 100^18 is written in decimal form. How many trailing zeros does it contain?,36,ES-004,,,,100,18,,
NS-TRAIL-001,CP-004,NS-TRAIL-001:CP-004:ns-trail-001-human-review-repair:CP-004:452,Easy,QL-019,Determine the trailing-zero count of 144000^180.,540,ES-004,,,,144000,180,,
NS-TRAIL-001,CP-004,NS-TRAIL-001:CP-004:ns-trail-001-human-review-repair:CP-004:453,Medium,QL-036,Determine the terminal-zero count of the power 15625^72.,0,ES-004,,,,15625,72,,
NS-TRAIL-001,CP-004,NS-TRAIL-001:CP-004:ns-trail-001-human-review-repair:CP-004:454,Medium,QL-021,Find the terminal-zero count in 64^3.,0,ES-004,,,,64,3,,
NS-TRAIL-001,CP-004,NS-TRAIL-001:CP-004:ns-trail-001-human-review-repair:CP-004:455,Medium,QL-018,How many trailing zeros occur in 1000000^6?,36,ES-004,,,,1000000,6,,
NS-TRAIL-001,CP-004,NS-TRAIL-001:CP-004:ns-trail-001-human-review-repair:CP-004:456,Medium,QL-035,Find the number of zeros at the end of the value of 140^25.,25,ES-004,,,,140,25,,
NS-TRAIL-001,CP-004,NS-TRAIL-001:CP-004:ns-trail-001-human-review-repair:CP-004:457,Easy,QL-020,Calculate the number of zeros at the end of 1953125^36.,0,ES-004,,,,1953125,36,,
NS-TRAIL-001,CP-004,NS-TRAIL-001:CP-004:ns-trail-001-human-review-repair:CP-004:458,Easy,QL-017,Find the number of trailing zeros in 16^37.,0,ES-004,,,,16,37,,
NS-TRAIL-001,CP-004,NS-TRAIL-001:CP-004:ns-trail-001-human-review-repair:CP-004:459,Easy,QL-034,The number 10000^2 is written in decimal form. How many trailing zeros does it contain?,8,ES-004,,,,10000,2,,
NS-TRAIL-001,CP-004,NS-TRAIL-001:CP-004:ns-trail-001-human-review-repair:CP-004:460,Medium,QL-018,How many trailing zeros occur in 100^8?,16,ES-004,,,,100,8,,
NS-TRAIL-001,CP-004,NS-TRAIL-001:CP-004:ns-trail-001-human-review-repair:CP-004:461,Medium,QL-021,Find the terminal-zero count in 64^84.,0,ES-004,,,,64,84,,
NS-TRAIL-001,CP-004,NS-TRAIL-001:CP-004:ns-trail-001-human-review-repair:CP-004:462,Easy,QL-020,Calculate the number of zeros at the end of 15625^43.,0,ES-004,,,,15625,43,,
NS-TRAIL-001,CP-004,NS-TRAIL-001:CP-004:ns-trail-001-human-review-repair:CP-004:463,Medium,QL-035,Find the number of zeros at the end of the value of 87500^4.,8,ES-004,,,,87500,4,,
NS-TRAIL-001,CP-004,NS-TRAIL-001:CP-004:ns-trail-001-human-review-repair:CP-004:464,Hard,QL-034,The number 100^42 is written in decimal form. How many trailing zeros does it contain?,84,ES-004,,,,100,42,,
NS-TRAIL-001,CP-004,NS-TRAIL-001:CP-004:ns-trail-001-human-review-repair:CP-004:465,Easy,QL-017,Find the number of trailing zeros in 4096^2.,0,ES-004,,,,4096,2,,
NS-TRAIL-001,CP-004,NS-TRAIL-001:CP-004:ns-trail-001-human-review-repair:CP-004:466,Medium,QL-036,Determine the terminal-zero count of the power 1953125^184.,0,ES-004,,,,1953125,184,,
NS-TRAIL-001,CP-004,NS-TRAIL-001:CP-004:ns-trail-001-human-review-repair:CP-004:467,Easy,QL-019,Determine the trailing-zero count of 5760^14.,14,ES-004,,,,5760,14,,
NS-TRAIL-001,CP-004,NS-TRAIL-001:CP-004:ns-trail-001-human-review-repair:CP-004:468,Medium,QL-018,How many trailing zeros occur in 1000000^8?,48,ES-004,,,,1000000,8,,
NS-TRAIL-001,CP-004,NS-TRAIL-001:CP-004:ns-trail-001-human-review-repair:CP-004:469,Easy,QL-021,Find the terminal-zero count in 4096^49.,0,ES-004,,,,4096,49,,
NS-TRAIL-001,CP-004,NS-TRAIL-001:CP-004:ns-trail-001-human-review-repair:CP-004:470,Medium,QL-019,Determine the trailing-zero count of 5760^7.,7,ES-004,,,,5760,7,,
NS-TRAIL-001,CP-004,NS-TRAIL-001:CP-004:ns-trail-001-human-review-repair:CP-004:471,Easy,QL-036,Determine the terminal-zero count of the power 15625^2.,0,ES-004,,,,15625,2,,
NS-TRAIL-001,CP-004,NS-TRAIL-001:CP-004:ns-trail-001-human-review-repair:CP-004:472,Medium,QL-017,Find the number of trailing zeros in 256^6.,0,ES-004,,,,256,6,,
NS-TRAIL-001,CP-004,NS-TRAIL-001:CP-004:ns-trail-001-human-review-repair:CP-004:473,Hard,QL-034,The number 100^2 is written in decimal form. How many trailing zeros does it contain?,4,ES-004,,,,100,2,,
NS-TRAIL-001,CP-004,NS-TRAIL-001:CP-004:ns-trail-001-human-review-repair:CP-004:474,Easy,QL-035,Find the number of zeros at the end of the value of 87500^24.,48,ES-004,,,,87500,24,,
NS-TRAIL-001,CP-004,NS-TRAIL-001:CP-004:ns-trail-001-human-review-repair:CP-004:475,Hard,QL-020,Calculate the number of zeros at the end of 5^41.,0,ES-004,,,,5,41,,
NS-TRAIL-001,CP-004,NS-TRAIL-001:CP-004:ns-trail-001-human-review-repair:CP-004:476,Hard,QL-021,Find the terminal-zero count in 4^39.,0,ES-004,,,,4,39,,
NS-TRAIL-001,CP-004,NS-TRAIL-001:CP-004:ns-trail-001-human-review-repair:CP-004:477,Hard,QL-018,How many trailing zeros occur in 100^163?,326,ES-004,,,,100,163,,
NS-TRAIL-001,CP-004,NS-TRAIL-001:CP-004:ns-trail-001-human-review-repair:CP-004:478,Medium,QL-019,Determine the trailing-zero count of 3600000^76.,380,ES-004,,,,3600000,76,,
NS-TRAIL-001,CP-004,NS-TRAIL-001:CP-004:ns-trail-001-human-review-repair:CP-004:479,Medium,QL-036,Determine the terminal-zero count of the power 625^71.,0,ES-004,,,,625,71,,
NS-TRAIL-001,CP-004,NS-TRAIL-001:CP-004:ns-trail-001-human-review-repair:CP-004:480,Medium,QL-020,Calculate the number of zeros at the end of 15625^109.,0,ES-004,,,,15625,109,,
NS-TRAIL-001,CP-004,NS-TRAIL-001:CP-004:ns-trail-001-human-review-repair:CP-004:481,Easy,QL-035,Find the number of zeros at the end of the value of 3500^5.,10,ES-004,,,,3500,5,,
NS-TRAIL-001,CP-004,NS-TRAIL-001:CP-004:ns-trail-001-human-review-repair:CP-004:482,Medium,QL-018,How many trailing zeros occur in 1000000^3?,18,ES-004,,,,1000000,3,,
NS-TRAIL-001,CP-004,NS-TRAIL-001:CP-004:ns-trail-001-human-review-repair:CP-004:483,Easy,QL-021,Find the terminal-zero count in 4^56.,0,ES-004,,,,4,56,,
NS-TRAIL-001,CP-004,NS-TRAIL-001:CP-004:ns-trail-001-human-review-repair:CP-004:484,Medium,QL-036,Determine the terminal-zero count of the power 3125^2.,0,ES-004,,,,3125,2,,
NS-TRAIL-001,CP-004,NS-TRAIL-001:CP-004:ns-trail-001-human-review-repair:CP-004:485,Hard,QL-019,Determine the trailing-zero count of 144000^155.,465,ES-004,,,,144000,155,,
NS-TRAIL-001,CP-004,NS-TRAIL-001:CP-004:ns-trail-001-human-review-repair:CP-004:486,Medium,QL-034,The number 1000000^66 is written in decimal form. How many trailing zeros does it contain?,396,ES-004,,,,1000000,66,,
NS-TRAIL-001,CP-004,NS-TRAIL-001:CP-004:ns-trail-001-human-review-repair:CP-004:487,Hard,QL-017,Find the number of trailing zeros in 16^106.,0,ES-004,,,,16,106,,
NS-TRAIL-001,CP-004,NS-TRAIL-001:CP-004:ns-trail-001-human-review-repair:CP-004:488,Easy,QL-020,Calculate the number of zeros at the end of 125^11.,0,ES-004,,,,125,11,,
NS-TRAIL-001,CP-004,NS-TRAIL-001:CP-004:ns-trail-001-human-review-repair:CP-004:489,Hard,QL-035,Find the number of zeros at the end of the value of 3500^38.,76,ES-004,,,,3500,38,,
NS-TRAIL-001,CP-004,NS-TRAIL-001:CP-004:ns-trail-001-human-review-repair:CP-004:490,Hard,QL-021,Find the terminal-zero count in 16384^47.,0,ES-004,,,,16384,47,,
NS-TRAIL-001,CP-004,NS-TRAIL-001:CP-004:ns-trail-001-human-review-repair:CP-004:491,Easy,QL-018,How many trailing zeros occur in 100^5?,10,ES-004,,,,100,5,,
NS-TRAIL-001,CP-004,NS-TRAIL-001:CP-004:ns-trail-001-human-review-repair:CP-004:492,Medium,QL-035,Find the number of zeros at the end of the value of 140^10.,10,ES-004,,,,140,10,,
NS-TRAIL-001,CP-004,NS-TRAIL-001:CP-004:ns-trail-001-human-review-repair:CP-004:493,Medium,QL-020,Calculate the number of zeros at the end of 25^2.,0,ES-004,,,,25,2,,
NS-TRAIL-001,CP-004,NS-TRAIL-001:CP-004:ns-trail-001-human-review-repair:CP-004:494,Hard,QL-017,Find the number of trailing zeros in 256^33.,0,ES-004,,,,256,33,,
NS-TRAIL-001,CP-004,NS-TRAIL-001:CP-004:ns-trail-001-human-review-repair:CP-004:495,Medium,QL-034,The number 10000^9 is written in decimal form. How many trailing zeros does it contain?,36,ES-004,,,,10000,9,,
NS-TRAIL-001,CP-004,NS-TRAIL-001:CP-004:ns-trail-001-human-review-repair:CP-004:496,Medium,QL-019,Determine the trailing-zero count of 144000^4.,12,ES-004,,,,144000,4,,
NS-TRAIL-001,CP-004,NS-TRAIL-001:CP-004:ns-trail-001-human-review-repair:CP-004:497,Hard,QL-036,Determine the terminal-zero count of the power 5^63.,0,ES-004,,,,5,63,,
NS-TRAIL-001,CP-004,NS-TRAIL-001:CP-004:ns-trail-001-human-review-repair:CP-004:498,Easy,QL-021,Find the terminal-zero count in 64^188.,0,ES-004,,,,64,188,,
NS-TRAIL-001,CP-004,NS-TRAIL-001:CP-004:ns-trail-001-human-review-repair:CP-004:499,Hard,QL-018,How many trailing zeros occur in 1000000^160?,960,ES-004,,,,1000000,160,,
NS-TRAIL-001,CP-005,NS-TRAIL-001:CP-005:ns-trail-001-human-review-repair:CP-005:0,Easy,QL-038,Find the number of terminal zeros in the product of 2453 and 221.,0,ES-005,,,,,,2453,221
NS-TRAIL-001,CP-005,NS-TRAIL-001:CP-005:ns-trail-001-human-review-repair:CP-005:1,Medium,QL-025,How many zeros appear at the end of 4096 x 1953125?,9,ES-005,,,,,,4096,1953125
NS-TRAIL-001,CP-005,NS-TRAIL-001:CP-005:ns-trail-001-human-review-repair:CP-005:2,Easy,QL-026,Calculate the trailing zeros in the product of 805 and 1725.,0,ES-005,,,,,,805,1725
NS-TRAIL-001,CP-005,NS-TRAIL-001:CP-005:ns-trail-001-human-review-repair:CP-005:3,Medium,QL-023,Find the number of trailing zeros in the product 4096 x 125.,3,ES-005,,,,,,4096,125
NS-TRAIL-001,CP-005,NS-TRAIL-001:CP-005:ns-trail-001-human-review-repair:CP-005:4,Easy,QL-024,Determine the trailing-zero count after multiplying 3915 and 979.,0,ES-005,,,,,,3915,979
NS-TRAIL-001,CP-005,NS-TRAIL-001:CP-005:ns-trail-001-human-review-repair:CP-005:5,Medium,QL-039,The product 1521 x 140 ends with how many zeros?,1,ES-005,,,,,,1521,140
NS-TRAIL-001,CP-005,NS-TRAIL-001:CP-005:ns-trail-001-human-review-repair:CP-005:6,Hard,QL-022,"If 25000 is multiplied by 420, how many trailing zeros will the product contain?",5,ES-005,,,,,,25000,420
NS-TRAIL-001,CP-005,NS-TRAIL-001:CP-005:ns-trail-001-human-review-repair:CP-005:7,Medium,QL-037,"After multiplying 155 and 610, how many zeros will appear at the end of the result?",1,ES-005,,,,,,155,610
NS-TRAIL-001,CP-005,NS-TRAIL-001:CP-005:ns-trail-001-human-review-repair:CP-005:8,Easy,QL-038,Find the number of terminal zeros in the product of 1953125 and 16.,4,ES-005,,,,,,1953125,16
NS-TRAIL-001,CP-005,NS-TRAIL-001:CP-005:ns-trail-001-human-review-repair:CP-005:9,Easy,QL-025,How many zeros appear at the end of 260 x 225?,2,ES-005,,,,,,260,225
NS-TRAIL-001,CP-005,NS-TRAIL-001:CP-005:ns-trail-001-human-review-repair:CP-005:10,Hard,QL-025,How many zeros appear at the end of 10875 x 310?,1,ES-005,,,,,,10875,310
NS-TRAIL-001,CP-005,NS-TRAIL-001:CP-005:ns-trail-001-human-review-repair:CP-005:11,Hard,QL-038,Find the number of terminal zeros in the product of 1953125 and 65536.,9,ES-005,,,,,,1953125,65536
NS-TRAIL-001,CP-005,NS-TRAIL-001:CP-005:ns-trail-001-human-review-repair:CP-005:12,Medium,QL-023,Find the number of trailing zeros in the product 78125 x 128.,7,ES-005,,,,,,78125,128
NS-TRAIL-001,CP-005,NS-TRAIL-001:CP-005:ns-trail-001-human-review-repair:CP-005:13,Easy,QL-026,Calculate the trailing zeros in the product of 22500 and 380.,4,ES-005,,,,,,22500,380
NS-TRAIL-001,CP-005,NS-TRAIL-001:CP-005:ns-trail-001-human-review-repair:CP-005:14,Easy,QL-039,The product 131072 x 125 ends with how many zeros?,3,ES-005,,,,,,131072,125
NS-TRAIL-001,CP-005,NS-TRAIL-001:CP-005:ns-trail-001-human-review-repair:CP-005:15,Medium,QL-024,Determine the trailing-zero count after multiplying 2295 and 319.,0,ES-005,,,,,,2295,319
NS-TRAIL-001,CP-005,NS-TRAIL-001:CP-005:ns-trail-001-human-review-repair:CP-005:16,Medium,QL-037,"After multiplying 625 and 64, how many zeros will appear at the end of the result?",4,ES-005,,,,,,625,64
NS-TRAIL-001,CP-005,NS-TRAIL-001:CP-005:ns-trail-001-human-review-repair:CP-005:17,Easy,QL-022,"If 550 is multiplied by 600, how many trailing zeros will the product contain?",4,ES-005,,,,,,550,600
NS-TRAIL-001,CP-005,NS-TRAIL-001:CP-005:ns-trail-001-human-review-repair:CP-005:18,Easy,QL-025,How many zeros appear at the end of 4199 x 1368?,0,ES-005,,,,,,4199,1368
NS-TRAIL-001,CP-005,NS-TRAIL-001:CP-005:ns-trail-001-human-review-repair:CP-005:19,Medium,QL-038,Find the number of terminal zeros in the product of 15625 and 64.,6,ES-005,,,,,,15625,64
NS-TRAIL-001,CP-005,NS-TRAIL-001:CP-005:ns-trail-001-human-review-repair:CP-005:20,Easy,QL-038,Find the number of terminal zeros in the product of 700 and 1160.,3,ES-005,,,,,,700,1160
NS-TRAIL-001,CP-005,NS-TRAIL-001:CP-005:ns-trail-001-human-review-repair:CP-005:21,Easy,QL-025,How many zeros appear at the end of 2375 x 1026?,1,ES-005,,,,,,2375,1026
NS-TRAIL-001,CP-005,NS-TRAIL-001:CP-005:ns-trail-001-human-review-repair:CP-005:22,Hard,QL-026,Calculate the trailing zeros in the product of 390625 and 32.,5,ES-005,,,,,,390625,32
NS-TRAIL-001,CP-005,NS-TRAIL-001:CP-005:ns-trail-001-human-review-repair:CP-005:23,Easy,QL-023,Find the number of trailing zeros in the product 539 x 1368.,0,ES-005,,,,,,539,1368
NS-TRAIL-001,CP-005,NS-TRAIL-001:CP-005:ns-trail-001-human-review-repair:CP-005:24,Easy,QL-024,Determine the trailing-zero count after multiplying 15625 and 32768.,6,ES-005,,,,,,15625,32768
NS-TRAIL-001,CP-005,NS-TRAIL-001:CP-005:ns-trail-001-human-review-repair:CP-005:25,Medium,QL-039,The product 460 x 325 ends with how many zeros?,2,ES-005,,,,,,460,325
NS-TRAIL-001,CP-005,NS-TRAIL-001:CP-005:ns-trail-001-human-review-repair:CP-005:26,Hard,QL-022,"If 1024 is multiplied by 3125, how many trailing zeros will the product contain?",5,ES-005,,,,,,1024,3125
NS-TRAIL-001,CP-005,NS-TRAIL-001:CP-005:ns-trail-001-human-review-repair:CP-005:27,Easy,QL-037,"After multiplying 1953125 and 65536, how many zeros will appear at the end of the result?",9,ES-005,,,,,,1953125,65536
NS-TRAIL-001,CP-005,NS-TRAIL-001:CP-005:ns-trail-001-human-review-repair:CP-005:28,Medium,QL-038,Find the number of terminal zeros in the product of 3125 and 65536.,5,ES-005,,,,,,3125,65536
NS-TRAIL-001,CP-005,NS-TRAIL-001:CP-005:ns-trail-001-human-review-repair:CP-005:29,Hard,QL-025,How many zeros appear at the end of 340 x 65?,2,ES-005,,,,,,340,65
NS-TRAIL-001,CP-005,NS-TRAIL-001:CP-005:ns-trail-001-human-review-repair:CP-005:30,Easy,QL-037,"After multiplying 85 and 770, how many zeros will appear at the end of the result?",1,ES-005,,,,,,85,770
NS-TRAIL-001,CP-005,NS-TRAIL-001:CP-005:ns-trail-001-human-review-repair:CP-005:31,Easy,QL-022,"If 710 is multiplied by 80, how many trailing zeros will the product contain?",2,ES-005,,,,,,710,80
NS-TRAIL-001,CP-005,NS-TRAIL-001:CP-005:ns-trail-001-human-review-repair:CP-005:32,Medium,QL-039,The product 6003 x 224 ends with how many zeros?,0,ES-005,,,,,,6003,224
NS-TRAIL-001,CP-005,NS-TRAIL-001:CP-005:ns-trail-001-human-review-repair:CP-005:33,Hard,QL-024,Determine the trailing-zero count after multiplying 570 and 390.,2,ES-005,,,,,,570,390
NS-TRAIL-001,CP-005,NS-TRAIL-001:CP-005:ns-trail-001-human-review-repair:CP-005:34,Easy,QL-023,Find the number of trailing zeros in the product 2967 x 1066.,0,ES-005,,,,,,2967,1066
NS-TRAIL-001,CP-005,NS-TRAIL-001:CP-005:ns-trail-001-human-review-repair:CP-005:35,Medium,QL-026,Calculate the trailing zeros in the product of 4263 and 1037.,0,ES-005,,,,,,4263,1037
NS-TRAIL-001,CP-005,NS-TRAIL-001:CP-005:ns-trail-001-human-review-repair:CP-005:36,Medium,QL-025,How many zeros appear at the end of 1625 x 470?,1,ES-005,,,,,,1625,470
NS-TRAIL-001,CP-005,NS-TRAIL-001:CP-005:ns-trail-001-human-review-repair:CP-005:37,Easy,QL-038,Find the number of terminal zeros in the product of 625 and 64.,4,ES-005,,,,,,625,64
NS-TRAIL-001,CP-005,NS-TRAIL-001:CP-005:ns-trail-001-human-review-repair:CP-005:38,Medium,QL-037,"After multiplying 455 and 610, how many zeros will appear at the end of the result?",1,ES-005,,,,,,455,610
NS-TRAIL-001,CP-005,NS-TRAIL-001:CP-005:ns-trail-001-human-review-repair:CP-005:39,Easy,QL-022,"If 625 is multiplied by 262144, how many trailing zeros will the product contain?",4,ES-005,,,,,,625,262144
NS-TRAIL-001,CP-005,NS-TRAIL-001:CP-005:ns-trail-001-human-review-repair:CP-005:40,Medium,QL-022,"If 790 is multiplied by 120, how many trailing zeros will the product contain?",2,ES-005,,,,,,790,120
NS-TRAIL-001,CP-005,NS-TRAIL-001:CP-005:ns-trail-001-human-review-repair:CP-005:41,Easy,QL-037,"After multiplying 15625 and 32768, how many zeros will appear at the end of the result?",6,ES-005,,,,,,15625,32768
NS-TRAIL-001,CP-005,NS-TRAIL-001:CP-005:ns-trail-001-human-review-repair:CP-005:42,Hard,QL-024,Determine the trailing-zero count after multiplying 400 and 1040.,3,ES-005,,,,,,400,1040
NS-TRAIL-001,CP-005,NS-TRAIL-001:CP-005:ns-trail-001-human-review-repair:CP-005:43,Easy,QL-039,The product 128 x 125 ends with how many zeros?,3,ES-005,,,,,,128,125
NS-TRAIL-001,CP-005,NS-TRAIL-001:CP-005:ns-trail-001-human-review-repair:CP-005:44,Hard,QL-026,Calculate the trailing zeros in the product of 3125 and 512.,5,ES-005,,,,,,3125,512
NS-TRAIL-001,CP-005,NS-TRAIL-001:CP-005:ns-trail-001-human-review-repair:CP-005:45,Medium,QL-023,Find the number of trailing zeros in the product 256 x 625.,4,ES-005,,,,,,256,625
NS-TRAIL-001,CP-005,NS-TRAIL-001:CP-005:ns-trail-001-human-review-repair:CP-005:46,Hard,QL-038,Find the number of terminal zeros in the product of 7395 and 319.,0,ES-005,,,,,,7395,319
NS-TRAIL-001,CP-005,NS-TRAIL-001:CP-005:ns-trail-001-human-review-repair:CP-005:47,Easy,QL-025,How many zeros appear at the end of 16 x 625?,4,ES-005,,,,,,16,625
NS-TRAIL-001,CP-005,NS-TRAIL-001:CP-005:ns-trail-001-human-review-repair:CP-005:48,Easy,QL-022,"If 256 is multiplied by 3125, how many trailing zeros will the product contain?",5,ES-005,,,,,,256,3125
NS-TRAIL-001,CP-005,NS-TRAIL-001:CP-005:ns-trail-001-human-review-repair:CP-005:49,Easy,QL-037,"After multiplying 75 and 450, how many zeros will appear at the end of the result?",1,ES-005,,,,,,75,450
NS-TRAIL-001,CP-005,NS-TRAIL-001:CP-005:ns-trail-001-human-review-repair:CP-005:50,Hard,QL-039,The product 2048 x 78125 ends with how many zeros?,7,ES-005,,,,,,2048,78125
NS-TRAIL-001,CP-005,NS-TRAIL-001:CP-005:ns-trail-001-human-review-repair:CP-005:51,Medium,QL-024,Determine the trailing-zero count after multiplying 650 and 240.,3,ES-005,,,,,,650,240
NS-TRAIL-001,CP-005,NS-TRAIL-001:CP-005:ns-trail-001-human-review-repair:CP-005:52,Easy,QL-037,"After multiplying 600 and 215, how many zeros will appear at the end of the result?",3,ES-005,,,,,,600,215
NS-TRAIL-001,CP-005,NS-TRAIL-001:CP-005:ns-trail-001-human-review-repair:CP-005:53,Easy,QL-022,"If 790 is multiplied by 520, how many trailing zeros will the product contain?",2,ES-005,,,,,,790,520
NS-TRAIL-001,CP-005,NS-TRAIL-001:CP-005:ns-trail-001-human-review-repair:CP-005:54,Medium,QL-025,How many zeros appear at the end of 4125 x 70?,1,ES-005,,,,,,4125,70
NS-TRAIL-001,CP-005,NS-TRAIL-001:CP-005:ns-trail-001-human-review-repair:CP-005:55,Easy,QL-038,Find the number of terminal zeros in the product of 1953125 and 8192.,9,ES-005,,,,,,1953125,8192
NS-TRAIL-001,CP-005,NS-TRAIL-001:CP-005:ns-trail-001-human-review-repair:CP-005:56,Easy,QL-023,Find the number of trailing zeros in the product 175 x 650.,1,ES-005,,,,,,175,650
NS-TRAIL-001,CP-005,NS-TRAIL-001:CP-005:ns-trail-001-human-review-repair:CP-005:57,Medium,QL-026,Calculate the trailing zeros in the product of 430 and 140.,2,ES-005,,,,,,430,140
NS-TRAIL-001,CP-005,NS-TRAIL-001:CP-005:ns-trail-001-human-review-repair:CP-005:58,Medium,QL-039,The product 380 x 85 ends with how many zeros?,2,ES-005,,,,,,380,85
NS-TRAIL-001,CP-005,NS-TRAIL-001:CP-005:ns-trail-001-human-review-repair:CP-005:59,Medium,QL-024,Determine the trailing-zero count after multiplying 410 and 510.,2,ES-005,,,,,,410,510
NS-TRAIL-001,CP-005,NS-TRAIL-001:CP-005:ns-trail-001-human-review-repair:CP-005:60,Medium,QL-024,Determine the trailing-zero count after multiplying 3125 and 64.,5,ES-005,,,,,,3125,64
NS-TRAIL-001,CP-005,NS-TRAIL-001:CP-005:ns-trail-001-human-review-repair:CP-005:61,Easy,QL-039,The product 700 x 45 ends with how many zeros?,2,ES-005,,,,,,700,45
NS-TRAIL-001,CP-005,NS-TRAIL-001:CP-005:ns-trail-001-human-review-repair:CP-005:62,Easy,QL-022,"If 23750 is multiplied by 100, how many trailing zeros will the product contain?",3,ES-005,,,,,,23750,100
NS-TRAIL-001,CP-005,NS-TRAIL-001:CP-005:ns-trail-001-human-review-repair:CP-005:63,Medium,QL-037,"After multiplying 40 and 335, how many zeros will appear at the end of the result?",2,ES-005,,,,,,40,335
NS-TRAIL-001,CP-005,NS-TRAIL-001:CP-005:ns-trail-001-human-review-repair:CP-005:64,Hard,QL-038,Find the number of terminal zeros in the product of 210 and 410.,2,ES-005,,,,,,210,410
NS-TRAIL-001,CP-005,NS-TRAIL-001:CP-005:ns-trail-001-human-review-repair:CP-005:65,Medium,QL-025,How many zeros appear at the end of 8 x 78125?,3,ES-005,,,,,,8,78125
NS-TRAIL-001,CP-005,NS-TRAIL-001:CP-005:ns-trail-001-human-review-repair:CP-005:66,Hard,QL-026,Calculate the trailing zeros in the product of 78125 and 256.,7,ES-005,,,,,,78125,256
NS-TRAIL-001,CP-005,NS-TRAIL-001:CP-005:ns-trail-001-human-review-repair:CP-005:67,Easy,QL-023,Find the number of trailing zeros in the product 640 x 235.,2,ES-005,,,,,,640,235
NS-TRAIL-001,CP-005,NS-TRAIL-001:CP-005:ns-trail-001-human-review-repair:CP-005:68,Hard,QL-024,Determine the trailing-zero count after multiplying 1953125 and 16.,4,ES-005,,,,,,1953125,16
NS-TRAIL-001,CP-005,NS-TRAIL-001:CP-005:ns-trail-001-human-review-repair:CP-005:69,Medium,QL-039,The product 1937 x 684 ends with how many zeros?,0,ES-005,,,,,,1937,684
NS-TRAIL-001,CP-005,NS-TRAIL-001:CP-005:ns-trail-001-human-review-repair:CP-005:70,Hard,QL-023,Find the number of trailing zeros in the product 845 x 560.,2,ES-005,,,,,,845,560
NS-TRAIL-001,CP-005,NS-TRAIL-001:CP-005:ns-trail-001-human-review-repair:CP-005:71,Easy,QL-026,Calculate the trailing zeros in the product of 125 and 64.,3,ES-005,,,,,,125,64
NS-TRAIL-001,CP-005,NS-TRAIL-001:CP-005:ns-trail-001-human-review-repair:CP-005:72,Medium,QL-025,How many zeros appear at the end of 2697 x 476?,0,ES-005,,,,,,2697,476
NS-TRAIL-001,CP-005,NS-TRAIL-001:CP-005:ns-trail-001-human-review-repair:CP-005:73,Easy,QL-038,Find the number of terminal zeros in the product of 625 and 4096.,4,ES-005,,,,,,625,4096
NS-TRAIL-001,CP-005,NS-TRAIL-001:CP-005:ns-trail-001-human-review-repair:CP-005:74,Medium,QL-037,"After multiplying 128 and 625, how many zeros will appear at the end of the result?",4,ES-005,,,,,,128,625
NS-TRAIL-001,CP-005,NS-TRAIL-001:CP-005:ns-trail-001-human-review-repair:CP-005:75,Easy,QL-022,"If 16 is multiplied by 125, how many trailing zeros will the product contain?",3,ES-005,,,,,,16,125
NS-TRAIL-001,CP-005,NS-TRAIL-001:CP-005:ns-trail-001-human-review-repair:CP-005:76,Medium,QL-039,The product 390625 x 2048 ends with how many zeros?,8,ES-005,,,,,,390625,2048
NS-TRAIL-001,CP-005,NS-TRAIL-001:CP-005:ns-trail-001-human-review-repair:CP-005:77,Easy,QL-024,Determine the trailing-zero count after multiplying 3125 and 16384.,5,ES-005,,,,,,3125,16384
NS-TRAIL-001,CP-005,NS-TRAIL-001:CP-005:ns-trail-001-human-review-repair:CP-005:78,Hard,QL-023,Find the number of trailing zeros in the product 435 x 570.,1,ES-005,,,,,,435,570
NS-TRAIL-001,CP-005,NS-TRAIL-001:CP-005:ns-trail-001-human-review-repair:CP-005:79,Hard,QL-026,Calculate the trailing zeros in the product of 590 and 20.,2,ES-005,,,,,,590,20
NS-TRAIL-001,CP-005,NS-TRAIL-001:CP-005:ns-trail-001-human-review-repair:CP-005:80,Medium,QL-026,Calculate the trailing zeros in the product of 625 and 1024.,4,ES-005,,,,,,625,1024
NS-TRAIL-001,CP-005,NS-TRAIL-001:CP-005:ns-trail-001-human-review-repair:CP-005:81,Medium,QL-023,Find the number of trailing zeros in the product 560 x 395.,2,ES-005,,,,,,560,395
NS-TRAIL-001,CP-005,NS-TRAIL-001:CP-005:ns-trail-001-human-review-repair:CP-005:82,Medium,QL-038,Find the number of terminal zeros in the product of 125 and 131072.,3,ES-005,,,,,,125,131072
NS-TRAIL-001,CP-005,NS-TRAIL-001:CP-005:ns-trail-001-human-review-repair:CP-005:83,Easy,QL-025,How many zeros appear at the end of 78125 x 16384?,7,ES-005,,,,,,78125,16384
NS-TRAIL-001,CP-005,NS-TRAIL-001:CP-005:ns-trail-001-human-review-repair:CP-005:84,Hard,QL-022,"If 790 is multiplied by 320, how many trailing zeros will the product contain?",2,ES-005,,,,,,790,320
NS-TRAIL-001,CP-005,NS-TRAIL-001:CP-005:ns-trail-001-human-review-repair:CP-005:85,Medium,QL-037,"After multiplying 128 and 390625, how many zeros will appear at the end of the result?",7,ES-005,,,,,,128,390625
NS-TRAIL-001,CP-005,NS-TRAIL-001:CP-005:ns-trail-001-human-review-repair:CP-005:86,Medium,QL-024,Determine the trailing-zero count after multiplying 3125 and 262144.,5,ES-005,,,,,,3125,262144
NS-TRAIL-001,CP-005,NS-TRAIL-001:CP-005:ns-trail-001-human-review-repair:CP-005:87,Easy,QL-039,The product 300 x 445 ends with how many zeros?,2,ES-005,,,,,,300,445
NS-TRAIL-001,CP-005,NS-TRAIL-001:CP-005:ns-trail-001-human-review-repair:CP-005:88,Medium,QL-026,Calculate the trailing zeros in the product of 18750 and 620.,3,ES-005,,,,,,18750,620
NS-TRAIL-001,CP-005,NS-TRAIL-001:CP-005:ns-trail-001-human-review-repair:CP-005:89,Hard,QL-023,Find the number of trailing zeros in the product 390625 x 16.,4,ES-005,,,,,,390625,16
NS-TRAIL-001,CP-005,NS-TRAIL-001:CP-005:ns-trail-001-human-review-repair:CP-005:90,Medium,QL-025,How many zeros appear at the end of 125 x 16?,3,ES-005,,,,,,125,16
NS-TRAIL-001,CP-005,NS-TRAIL-001:CP-005:ns-trail-001-human-review-repair:CP-005:91,Medium,QL-038,Find the number of terminal zeros in the product of 130 and 370.,2,ES-005,,,,,,130,370
NS-TRAIL-001,CP-005,NS-TRAIL-001:CP-005:ns-trail-001-human-review-repair:CP-005:92,Medium,QL-023,Find the number of trailing zeros in the product 1351 x 1026.,0,ES-005,,,,,,1351,1026
NS-TRAIL-001,CP-005,NS-TRAIL-001:CP-005:ns-trail-001-human-review-repair:CP-005:93,Medium,QL-026,Calculate the trailing zeros in the product of 1024 and 125.,3,ES-005,,,,,,1024,125
NS-TRAIL-001,CP-005,NS-TRAIL-001:CP-005:ns-trail-001-human-review-repair:CP-005:94,Hard,QL-039,The product 4625 x 110 ends with how many zeros?,1,ES-005,,,,,,4625,110
NS-TRAIL-001,CP-005,NS-TRAIL-001:CP-005:ns-trail-001-human-review-repair:CP-005:95,Easy,QL-024,Determine the trailing-zero count after multiplying 1300 and 800.,4,ES-005,,,,,,1300,800
NS-TRAIL-001,CP-005,NS-TRAIL-001:CP-005:ns-trail-001-human-review-repair:CP-005:96,Hard,QL-037,"After multiplying 1653 and 208, how many zeros will appear at the end of the result?",0,ES-005,,,,,,1653,208
NS-TRAIL-001,CP-005,NS-TRAIL-001:CP-005:ns-trail-001-human-review-repair:CP-005:97,Easy,QL-022,"If 15625 is multiplied by 512, how many trailing zeros will the product contain?",6,ES-005,,,,,,15625,512
NS-TRAIL-001,CP-005,NS-TRAIL-001:CP-005:ns-trail-001-human-review-repair:CP-005:98,Easy,QL-025,How many zeros appear at the end of 390625 x 1024?,8,ES-005,,,,,,390625,1024
NS-TRAIL-001,CP-005,NS-TRAIL-001:CP-005:ns-trail-001-human-review-repair:CP-005:99,Easy,QL-038,Find the number of terminal zeros in the product of 210 and 610.,2,ES-005,,,,,,210,610
NS-TRAIL-001,CP-005,NS-TRAIL-001:CP-005:ns-trail-001-human-review-repair:CP-005:100,Easy,QL-025,How many zeros appear at the end of 660 x 425?,2,ES-005,,,,,,660,425
NS-TRAIL-001,CP-005,NS-TRAIL-001:CP-005:ns-trail-001-human-review-repair:CP-005:101,Easy,QL-038,Find the number of terminal zeros in the product of 1950 and 760.,3,ES-005,,,,,,1950,760
NS-TRAIL-001,CP-005,NS-TRAIL-001:CP-005:ns-trail-001-human-review-repair:CP-005:102,Easy,QL-023,Find the number of trailing zeros in the product 480 x 155.,2,ES-005,,,,,,480,155
NS-TRAIL-001,CP-005,NS-TRAIL-001:CP-005:ns-trail-001-human-review-repair:CP-005:103,Medium,QL-026,Calculate the trailing zeros in the product of 6119 and 1449.,0,ES-005,,,,,,6119,1449
NS-TRAIL-001,CP-005,NS-TRAIL-001:CP-005:ns-trail-001-human-review-repair:CP-005:104,Hard,QL-039,The product 5375 x 1070 ends with how many zeros?,1,ES-005,,,,,,5375,1070
NS-TRAIL-001,CP-005,NS-TRAIL-001:CP-005:ns-trail-001-human-review-repair:CP-005:105,Medium,QL-024,Determine the trailing-zero count after multiplying 1500 and 880.,4,ES-005,,,,,,1500,880
NS-TRAIL-001,CP-005,NS-TRAIL-001:CP-005:ns-trail-001-human-review-repair:CP-005:106,Hard,QL-037,"After multiplying 3125 and 16, how many zeros will appear at the end of the result?",4,ES-005,,,,,,3125,16
NS-TRAIL-001,CP-005,NS-TRAIL-001:CP-005:ns-trail-001-human-review-repair:CP-005:107,Hard,QL-022,"If 550 is multiplied by 200, how many trailing zeros will the product contain?",4,ES-005,,,,,,550,200
NS-TRAIL-001,CP-005,NS-TRAIL-001:CP-005:ns-trail-001-human-review-repair:CP-005:108,Hard,QL-025,How many zeros appear at the end of 100 x 545?,2,ES-005,,,,,,100,545
NS-TRAIL-001,CP-005,NS-TRAIL-001:CP-005:ns-trail-001-human-review-repair:CP-005:109,Medium,QL-038,Find the number of terminal zeros in the product of 850 and 920.,3,ES-005,,,,,,850,920
NS-TRAIL-001,CP-005,NS-TRAIL-001:CP-005:ns-trail-001-human-review-repair:CP-005:110,Hard,QL-026,Calculate the trailing zeros in the product of 670 and 60.,2,ES-005,,,,,,670,60
NS-TRAIL-001,CP-005,NS-TRAIL-001:CP-005:ns-trail-001-human-review-repair:CP-005:111,Hard,QL-023,Find the number of trailing zeros in the product 125 x 512.,3,ES-005,,,,,,125,512
NS-TRAIL-001,CP-005,NS-TRAIL-001:CP-005:ns-trail-001-human-review-repair:CP-005:112,Easy,QL-038,Find the number of terminal zeros in the product of 2717 and 69.,0,ES-005,,,,,,2717,69
NS-TRAIL-001,CP-005,NS-TRAIL-001:CP-005:ns-trail-001-human-review-repair:CP-005:113,Medium,QL-025,How many zeros appear at the end of 1953125 x 32768?,9,ES-005,,,,,,1953125,32768
NS-TRAIL-001,CP-005,NS-TRAIL-001:CP-005:ns-trail-001-human-review-repair:CP-005:114,Easy,QL-022,"If 3125 is multiplied by 64, how many trailing zeros will the product contain?",5,ES-005,,,,,,3125,64
NS-TRAIL-001,CP-005,NS-TRAIL-001:CP-005:ns-trail-001-human-review-repair:CP-005:115,Medium,QL-037,"After multiplying 4096 and 15625, how many zeros will appear at the end of the result?",6,ES-005,,,,,,4096,15625
NS-TRAIL-001,CP-005,NS-TRAIL-001:CP-005:ns-trail-001-human-review-repair:CP-005:116,Medium,QL-024,Determine the trailing-zero count after multiplying 64 and 390625.,6,ES-005,,,,,,64,390625
NS-TRAIL-001,CP-005,NS-TRAIL-001:CP-005:ns-trail-001-human-review-repair:CP-005:117,Easy,QL-039,The product 3893 x 988 ends with how many zeros?,0,ES-005,,,,,,3893,988
NS-TRAIL-001,CP-005,NS-TRAIL-001:CP-005:ns-trail-001-human-review-repair:CP-005:118,Easy,QL-026,Calculate the trailing zeros in the product of 17500 and 300.,4,ES-005,,,,,,17500,300
NS-TRAIL-001,CP-005,NS-TRAIL-001:CP-005:ns-trail-001-human-review-repair:CP-005:119,Easy,QL-023,Find the number of trailing zeros in the product 1015 x 570.,1,ES-005,,,,,,1015,570
NS-TRAIL-001,CP-005,NS-TRAIL-001:CP-005:ns-trail-001-human-review-repair:CP-005:120,Hard,QL-037,"After multiplying 128 and 78125, how many zeros will appear at the end of the result?",7,ES-005,,,,,,128,78125
NS-TRAIL-001,CP-005,NS-TRAIL-001:CP-005:ns-trail-001-human-review-repair:CP-005:121,Easy,QL-022,"If 16 is multiplied by 15625, how many trailing zeros will the product contain?",4,ES-005,,,,,,16,15625
NS-TRAIL-001,CP-005,NS-TRAIL-001:CP-005:ns-trail-001-human-review-repair:CP-005:122,Easy,QL-039,The product 1024 x 125 ends with how many zeros?,3,ES-005,,,,,,1024,125
NS-TRAIL-001,CP-005,NS-TRAIL-001:CP-005:ns-trail-001-human-review-repair:CP-005:123,Easy,QL-024,Determine the trailing-zero count after multiplying 78125 and 131072.,7,ES-005,,,,,,78125,131072
NS-TRAIL-001,CP-005,NS-TRAIL-001:CP-005:ns-trail-001-human-review-repair:CP-005:124,Easy,QL-023,Find the number of trailing zeros in the product 245 x 490.,1,ES-005,,,,,,245,490
NS-TRAIL-001,CP-005,NS-TRAIL-001:CP-005:ns-trail-001-human-review-repair:CP-005:125,Medium,QL-026,Calculate the trailing zeros in the product of 1024 and 125.,3,ES-005,,,,,,1024,125
NS-TRAIL-001,CP-005,NS-TRAIL-001:CP-005:ns-trail-001-human-review-repair:CP-005:126,Hard,QL-025,How many zeros appear at the end of 1463 x 1140?,1,ES-005,,,,,,1463,1140
NS-TRAIL-001,CP-005,NS-TRAIL-001:CP-005:ns-trail-001-human-review-repair:CP-005:127,Medium,QL-038,Find the number of terminal zeros in the product of 15625 and 16384.,6,ES-005,,,,,,15625,16384
NS-TRAIL-001,CP-005,NS-TRAIL-001:CP-005:ns-trail-001-human-review-repair:CP-005:128,Easy,QL-037,"After multiplying 105 and 210, how many zeros will appear at the end of the result?",1,ES-005,,,,,,105,210
NS-TRAIL-001,CP-005,NS-TRAIL-001:CP-005:ns-trail-001-human-review-repair:CP-005:129,Medium,QL-022,"If 131072 is multiplied by 15625, how many trailing zeros will the product contain?",6,ES-005,,,,,,131072,15625
NS-TRAIL-001,CP-005,NS-TRAIL-001:CP-005:ns-trail-001-human-review-repair:CP-005:130,Hard,QL-038,Find the number of terminal zeros in the product of 130 and 570.,2,ES-005,,,,,,130,570
NS-TRAIL-001,CP-005,NS-TRAIL-001:CP-005:ns-trail-001-human-review-repair:CP-005:131,Medium,QL-025,How many zeros appear at the end of 125 x 64?,3,ES-005,,,,,,125,64
NS-TRAIL-001,CP-005,NS-TRAIL-001:CP-005:ns-trail-001-human-review-repair:CP-005:132,Medium,QL-026,Calculate the trailing zeros in the product of 430 and 420.,2,ES-005,,,,,,430,420
NS-TRAIL-001,CP-005,NS-TRAIL-001:CP-005:ns-trail-001-human-review-repair:CP-005:133,Easy,QL-023,Find the number of trailing zeros in the product 720 x 475.,3,ES-005,,,,,,720,475
NS-TRAIL-001,CP-005,NS-TRAIL-001:CP-005:ns-trail-001-human-review-repair:CP-005:134,Easy,QL-024,Determine the trailing-zero count after multiplying 625 and 64.,4,ES-005,,,,,,625,64
NS-TRAIL-001,CP-005,NS-TRAIL-001:CP-005:ns-trail-001-human-review-repair:CP-005:135,Medium,QL-039,The product 931 x 364 ends with how many zeros?,0,ES-005,,,,,,931,364
NS-TRAIL-001,CP-005,NS-TRAIL-001:CP-005:ns-trail-001-human-review-repair:CP-005:136,Easy,QL-022,"If 30000 is multiplied by 500, how many trailing zeros will the product contain?",6,ES-005,,,,,,30000,500
NS-TRAIL-001,CP-005,NS-TRAIL-001:CP-005:ns-trail-001-human-review-repair:CP-005:137,Medium,QL-037,"After multiplying 760 and 495, how many zeros will appear at the end of the result?",2,ES-005,,,,,,760,495
NS-TRAIL-001,CP-005,NS-TRAIL-001:CP-005:ns-trail-001-human-review-repair:CP-005:138,Easy,QL-038,Find the number of terminal zeros in the product of 530 and 370.,2,ES-005,,,,,,530,370
NS-TRAIL-001,CP-005,NS-TRAIL-001:CP-005:ns-trail-001-human-review-repair:CP-005:139,Easy,QL-025,How many zeros appear at the end of 8 x 125?,3,ES-005,,,,,,8,125
NS-TRAIL-001,CP-005,NS-TRAIL-001:CP-005:ns-trail-001-human-review-repair:CP-005:140,Easy,QL-039,The product 3875 x 350 ends with how many zeros?,1,ES-005,,,,,,3875,350
NS-TRAIL-001,CP-005,NS-TRAIL-001:CP-005:ns-trail-001-human-review-repair:CP-005:141,Easy,QL-024,Determine the trailing-zero count after multiplying 15625 and 32.,5,ES-005,,,,,,15625,32
NS-TRAIL-001,CP-005,NS-TRAIL-001:CP-005:ns-trail-001-human-review-repair:CP-005:142,Easy,QL-037,"After multiplying 405 and 210, how many zeros will appear at the end of the result?",1,ES-005,,,,,,405,210
NS-TRAIL-001,CP-005,NS-TRAIL-001:CP-005:ns-trail-001-human-review-repair:CP-005:143,Medium,QL-022,"If 65536 is multiplied by 390625, how many trailing zeros will the product contain?",8,ES-005,,,,,,65536,390625
NS-TRAIL-001,CP-005,NS-TRAIL-001:CP-005:ns-trail-001-human-review-repair:CP-005:144,Medium,QL-025,How many zeros appear at the end of 3125 x 64?,5,ES-005,,,,,,3125,64
NS-TRAIL-001,CP-005,NS-TRAIL-001:CP-005:ns-trail-001-human-review-repair:CP-005:145,Hard,QL-038,Find the number of terminal zeros in the product of 2453 and 1241.,0,ES-005,,,,,,2453,1241
NS-TRAIL-001,CP-005,NS-TRAIL-001:CP-005:ns-trail-001-human-review-repair:CP-005:146,Hard,QL-023,Find the number of trailing zeros in the product 2301 x 598.,0,ES-005,,,,,,2301,598
NS-TRAIL-001,CP-005,NS-TRAIL-001:CP-005:ns-trail-001-human-review-repair:CP-005:147,Easy,QL-026,Calculate the trailing zeros in the product of 110 and 380.,2,ES-005,,,,,,110,380
NS-TRAIL-001,CP-005,NS-TRAIL-001:CP-005:ns-trail-001-human-review-repair:CP-005:148,Medium,QL-039,The product 1625 x 1070 ends with how many zeros?,1,ES-005,,,,,,1625,1070
NS-TRAIL-001,CP-005,NS-TRAIL-001:CP-005:ns-trail-001-human-review-repair:CP-005:149,Easy,QL-024,Determine the trailing-zero count after multiplying 3125 and 16384.,5,ES-005,,,,,,3125,16384
NS-TRAIL-001,CP-005,NS-TRAIL-001:CP-005:ns-trail-001-human-review-repair:CP-005:150,Easy,QL-022,"If 310 is multiplied by 280, how many trailing zeros will the product contain?",2,ES-005,,,,,,310,280
NS-TRAIL-001,CP-005,NS-TRAIL-001:CP-005:ns-trail-001-human-review-repair:CP-005:151,Medium,QL-037,"After multiplying 128 and 390625, how many zeros will appear at the end of the result?",7,ES-005,,,,,,128,390625
NS-TRAIL-001,CP-005,NS-TRAIL-001:CP-005:ns-trail-001-human-review-repair:CP-005:152,Medium,QL-024,Determine the trailing-zero count after multiplying 65536 and 625.,4,ES-005,,,,,,65536,625
NS-TRAIL-001,CP-005,NS-TRAIL-001:CP-005:ns-trail-001-human-review-repair:CP-005:153,Medium,QL-039,The product 3743 x 570 ends with how many zeros?,1,ES-005,,,,,,3743,570
NS-TRAIL-001,CP-005,NS-TRAIL-001:CP-005:ns-trail-001-human-review-repair:CP-005:154,Hard,QL-026,Calculate the trailing zeros in the product of 15625 and 4096.,6,ES-005,,,,,,15625,4096
NS-TRAIL-001,CP-005,NS-TRAIL-001:CP-005:ns-trail-001-human-review-repair:CP-005:155,Medium,QL-023,Find the number of trailing zeros in the product 80 x 355.,2,ES-005,,,,,,80,355
NS-TRAIL-001,CP-005,NS-TRAIL-001:CP-005:ns-trail-001-human-review-repair:CP-005:156,Easy,QL-038,Find the number of terminal zeros in the product of 128 and 3125.,5,ES-005,,,,,,128,3125
NS-TRAIL-001,CP-005,NS-TRAIL-001:CP-005:ns-trail-001-human-review-repair:CP-005:157,Medium,QL-025,How many zeros appear at the end of 8192 x 390625?,8,ES-005,,,,,,8192,390625
NS-TRAIL-001,CP-005,NS-TRAIL-001:CP-005:ns-trail-001-human-review-repair:CP-005:158,Medium,QL-022,"If 16250 is multiplied by 580, how many trailing zeros will the product contain?",3,ES-005,,,,,,16250,580
NS-TRAIL-001,CP-005,NS-TRAIL-001:CP-005:ns-trail-001-human-review-repair:CP-005:159,Medium,QL-037,"After multiplying 16 and 3125, how many zeros will appear at the end of the result?",4,ES-005,,,,,,16,3125
NS-TRAIL-001,CP-005,NS-TRAIL-001:CP-005:ns-trail-001-human-review-repair:CP-005:160,Easy,QL-023,Find the number of trailing zeros in the product 625 x 131072.,4,ES-005,,,,,,625,131072
NS-TRAIL-001,CP-005,NS-TRAIL-001:CP-005:ns-trail-001-human-review-repair:CP-005:161,Medium,QL-026,Calculate the trailing zeros in the product of 41250 and 380.,3,ES-005,,,,,,41250,380
NS-TRAIL-001,CP-005,NS-TRAIL-001:CP-005:ns-trail-001-human-review-repair:CP-005:162,Hard,QL-025,How many zeros appear at the end of 315 x 98?,1,ES-005,,,,,,315,98
NS-TRAIL-001,CP-005,NS-TRAIL-001:CP-005:ns-trail-001-human-review-repair:CP-005:163,Easy,QL-038,Find the number of terminal zeros in the product of 125 and 512.,3,ES-005,,,,,,125,512
NS-TRAIL-001,CP-005,NS-TRAIL-001:CP-005:ns-trail-001-human-review-repair:CP-005:164,Easy,QL-037,"After multiplying 847 and 342, how many zeros will appear at the end of the result?",0,ES-005,,,,,,847,342
NS-TRAIL-001,CP-005,NS-TRAIL-001:CP-005:ns-trail-001-human-review-repair:CP-005:165,Medium,QL-022,"If 390 is multiplied by 120, how many trailing zeros will the product contain?",2,ES-005,,,,,,390,120
NS-TRAIL-001,CP-005,NS-TRAIL-001:CP-005:ns-trail-001-human-review-repair:CP-005:166,Easy,QL-039,The product 1953125 x 32 ends with how many zeros?,5,ES-005,,,,,,1953125,32
NS-TRAIL-001,CP-005,NS-TRAIL-001:CP-005:ns-trail-001-human-review-repair:CP-005:167,Easy,QL-024,Determine the trailing-zero count after multiplying 450 and 160.,3,ES-005,,,,,,450,160
NS-TRAIL-001,CP-005,NS-TRAIL-001:CP-005:ns-trail-001-human-review-repair:CP-005:168,Medium,QL-023,Find the number of trailing zeros in the product 65536 x 1953125.,9,ES-005,,,,,,65536,1953125
NS-TRAIL-001,CP-005,NS-TRAIL-001:CP-005:ns-trail-001-human-review-repair:CP-005:169,Easy,QL-026,Calculate the trailing zeros in the product of 27500 and 460.,4,ES-005,,,,,,27500,460
NS-TRAIL-001,CP-005,NS-TRAIL-001:CP-005:ns-trail-001-human-review-repair:CP-005:170,Medium,QL-024,Determine the trailing-zero count after multiplying 15625 and 2048.,6,ES-005,,,,,,15625,2048
NS-TRAIL-001,CP-005,NS-TRAIL-001:CP-005:ns-trail-001-human-review-repair:CP-005:171,Medium,QL-039,The product 32 x 15625 ends with how many zeros?,5,ES-005,,,,,,32,15625
NS-TRAIL-001,CP-005,NS-TRAIL-001:CP-005:ns-trail-001-human-review-repair:CP-005:172,Medium,QL-022,"If 32500 is multiplied by 1140, how many trailing zeros will the product contain?",4,ES-005,,,,,,32500,1140
NS-TRAIL-001,CP-005,NS-TRAIL-001:CP-005:ns-trail-001-human-review-repair:CP-005:173,Hard,QL-037,"After multiplying 40 and 135, how many zeros will appear at the end of the result?",2,ES-005,,,,,,40,135
NS-TRAIL-001,CP-005,NS-TRAIL-001:CP-005:ns-trail-001-human-review-repair:CP-005:174,Easy,QL-038,Find the number of terminal zeros in the product of 512 and 78125.,7,ES-005,,,,,,512,78125
NS-TRAIL-001,CP-005,NS-TRAIL-001:CP-005:ns-trail-001-human-review-repair:CP-005:175,Easy,QL-025,How many zeros appear at the end of 1375 x 150?,1,ES-005,,,,,,1375,150
NS-TRAIL-001,CP-005,NS-TRAIL-001:CP-005:ns-trail-001-human-review-repair:CP-005:176,Medium,QL-026,Calculate the trailing zeros in the product of 125 and 131072.,3,ES-005,,,,,,125,131072
NS-TRAIL-001,CP-005,NS-TRAIL-001:CP-005:ns-trail-001-human-review-repair:CP-005:177,Hard,QL-023,Find the number of trailing zeros in the product 2509 x 456.,0,ES-005,,,,,,2509,456
NS-TRAIL-001,CP-005,NS-TRAIL-001:CP-005:ns-trail-001-human-review-repair:CP-005:178,Medium,QL-024,Determine the trailing-zero count after multiplying 330 and 470.,2,ES-005,,,,,,330,470
NS-TRAIL-001,CP-005,NS-TRAIL-001:CP-005:ns-trail-001-human-review-repair:CP-005:179,Hard,QL-039,The product 1105 x 52 ends with how many zeros?,1,ES-005,,,,,,1105,52
NS-TRAIL-001,CP-005,NS-TRAIL-001:CP-005:ns-trail-001-human-review-repair:CP-005:180,Hard,QL-025,How many zeros appear at the end of 260 x 225?,2,ES-005,,,,,,260,225
NS-TRAIL-001,CP-005,NS-TRAIL-001:CP-005:ns-trail-001-human-review-repair:CP-005:181,Hard,QL-038,Find the number of terminal zeros in the product of 130 and 570.,2,ES-005,,,,,,130,570
NS-TRAIL-001,CP-005,NS-TRAIL-001:CP-005:ns-trail-001-human-review-repair:CP-005:182,Easy,QL-023,Find the number of trailing zeros in the product 215 x 730.,1,ES-005,,,,,,215,730
NS-TRAIL-001,CP-005,NS-TRAIL-001:CP-005:ns-trail-001-human-review-repair:CP-005:183,Easy,QL-026,Calculate the trailing zeros in the product of 131072 and 3125.,5,ES-005,,,,,,131072,3125
NS-TRAIL-001,CP-005,NS-TRAIL-001:CP-005:ns-trail-001-human-review-repair:CP-005:184,Medium,QL-039,The product 65536 x 78125 ends with how many zeros?,7,ES-005,,,,,,65536,78125
NS-TRAIL-001,CP-005,NS-TRAIL-001:CP-005:ns-trail-001-human-review-repair:CP-005:185,Easy,QL-024,Determine the trailing-zero count after multiplying 330 and 270.,2,ES-005,,,,,,330,270
NS-TRAIL-001,CP-005,NS-TRAIL-001:CP-005:ns-trail-001-human-review-repair:CP-005:186,Medium,QL-037,"After multiplying 625 and 262144, how many zeros will appear at the end of the result?",4,ES-005,,,,,,625,262144
NS-TRAIL-001,CP-005,NS-TRAIL-001:CP-005:ns-trail-001-human-review-repair:CP-005:187,Medium,QL-022,"If 8 is multiplied by 625, how many trailing zeros will the product contain?",3,ES-005,,,,,,8,625
NS-TRAIL-001,CP-005,NS-TRAIL-001:CP-005:ns-trail-001-human-review-repair:CP-005:188,Medium,QL-025,How many zeros appear at the end of 32768 x 125?,3,ES-005,,,,,,32768,125
NS-TRAIL-001,CP-005,NS-TRAIL-001:CP-005:ns-trail-001-human-review-repair:CP-005:189,Easy,QL-038,Find the number of terminal zeros in the product of 1250 and 1080.,4,ES-005,,,,,,1250,1080
NS-TRAIL-001,CP-005,NS-TRAIL-001:CP-005:ns-trail-001-human-review-repair:CP-005:190,Easy,QL-026,Calculate the trailing zeros in the product of 42500 and 700.,4,ES-005,,,,,,42500,700
NS-TRAIL-001,CP-005,NS-TRAIL-001:CP-005:ns-trail-001-human-review-repair:CP-005:191,Easy,QL-023,Find the number of trailing zeros in the product 32768 x 390625.,8,ES-005,,,,,,32768,390625
NS-TRAIL-001,CP-005,NS-TRAIL-001:CP-005:ns-trail-001-human-review-repair:CP-005:192,Easy,QL-038,Find the number of terminal zeros in the product of 1800 and 1000.,5,ES-005,,,,,,1800,1000
NS-TRAIL-001,CP-005,NS-TRAIL-001:CP-005:ns-trail-001-human-review-repair:CP-005:193,Medium,QL-025,How many zeros appear at the end of 32 x 125?,3,ES-005,,,,,,32,125
NS-TRAIL-001,CP-005,NS-TRAIL-001:CP-005:ns-trail-001-human-review-repair:CP-005:194,Medium,QL-022,"If 2363 is multiplied by 621, how many trailing zeros will the product contain?",0,ES-005,,,,,,2363,621
NS-TRAIL-001,CP-005,NS-TRAIL-001:CP-005:ns-trail-001-human-review-repair:CP-005:195,Easy,QL-037,"After multiplying 4096 and 3125, how many zeros will appear at the end of the result?",5,ES-005,,,,,,4096,3125
NS-TRAIL-001,CP-005,NS-TRAIL-001:CP-005:ns-trail-001-human-review-repair:CP-005:196,Medium,QL-024,Determine the trailing-zero count after multiplying 750 and 880.,4,ES-005,,,,,,750,880
NS-TRAIL-001,CP-005,NS-TRAIL-001:CP-005:ns-trail-001-human-review-repair:CP-005:197,Hard,QL-039,The product 140 x 565 ends with how many zeros?,2,ES-005,,,,,,140,565
NS-TRAIL-001,CP-005,NS-TRAIL-001:CP-005:ns-trail-001-human-review-repair:CP-005:198,Medium,QL-026,Calculate the trailing zeros in the product of 350 and 500.,3,ES-005,,,,,,350,500
NS-TRAIL-001,CP-005,NS-TRAIL-001:CP-005:ns-trail-001-human-review-repair:CP-005:199,Easy,QL-023,Find the number of trailing zeros in the product 125 x 16384.,3,ES-005,,,,,,125,16384
NS-TRAIL-001,CP-005,NS-TRAIL-001:CP-005:ns-trail-001-human-review-repair:CP-005:200,Medium,QL-026,Calculate the trailing zeros in the product of 390625 and 262144.,8,ES-005,,,,,,390625,262144
NS-TRAIL-001,CP-005,NS-TRAIL-001:CP-005:ns-trail-001-human-review-repair:CP-005:201,Medium,QL-023,Find the number of trailing zeros in the product 891 x 1144.,0,ES-005,,,,,,891,1144
NS-TRAIL-001,CP-005,NS-TRAIL-001:CP-005:ns-trail-001-human-review-repair:CP-005:202,Easy,QL-038,Find the number of terminal zeros in the product of 8192 and 390625.,8,ES-005,,,,,,8192,390625
NS-TRAIL-001,CP-005,NS-TRAIL-001:CP-005:ns-trail-001-human-review-repair:CP-005:203,Easy,QL-025,How many zeros appear at the end of 4096 x 625?,4,ES-005,,,,,,4096,625
NS-TRAIL-001,CP-005,NS-TRAIL-001:CP-005:ns-trail-001-human-review-repair:CP-005:204,Medium,QL-022,"If 15625 is multiplied by 32768, how many trailing zeros will the product contain?",6,ES-005,,,,,,15625,32768
NS-TRAIL-001,CP-005,NS-TRAIL-001:CP-005:ns-trail-001-human-review-repair:CP-005:205,Medium,QL-037,"After multiplying 390625 and 32768, how many zeros will appear at the end of the result?",8,ES-005,,,,,,390625,32768
NS-TRAIL-001,CP-005,NS-TRAIL-001:CP-005:ns-trail-001-human-review-repair:CP-005:206,Medium,QL-024,Determine the trailing-zero count after multiplying 256 and 125.,3,ES-005,,,,,,256,125
NS-TRAIL-001,CP-005,NS-TRAIL-001:CP-005:ns-trail-001-human-review-repair:CP-005:207,Hard,QL-039,The product 8192 x 3125 ends with how many zeros?,5,ES-005,,,,,,8192,3125
NS-TRAIL-001,CP-005,NS-TRAIL-001:CP-005:ns-trail-001-human-review-repair:CP-005:208,Easy,QL-026,Calculate the trailing zeros in the product of 805 and 55.,0,ES-005,,,,,,805,55
NS-TRAIL-001,CP-005,NS-TRAIL-001:CP-005:ns-trail-001-human-review-repair:CP-005:209,Easy,QL-023,Find the number of trailing zeros in the product 32768 x 625.,4,ES-005,,,,,,32768,625
NS-TRAIL-001,CP-005,NS-TRAIL-001:CP-005:ns-trail-001-human-review-repair:CP-005:210,Hard,QL-025,How many zeros appear at the end of 580 x 385?,2,ES-005,,,,,,580,385
NS-TRAIL-001,CP-005,NS-TRAIL-001:CP-005:ns-trail-001-human-review-repair:CP-005:211,Medium,QL-038,Find the number of terminal zeros in the product of 950 and 360.,3,ES-005,,,,,,950,360
NS-TRAIL-001,CP-005,NS-TRAIL-001:CP-005:ns-trail-001-human-review-repair:CP-005:212,Medium,QL-023,Find the number of trailing zeros in the product 400 x 115.,3,ES-005,,,,,,400,115
NS-TRAIL-001,CP-005,NS-TRAIL-001:CP-005:ns-trail-001-human-review-repair:CP-005:213,Medium,QL-026,Calculate the trailing zeros in the product of 590 and 420.,2,ES-005,,,,,,590,420
NS-TRAIL-001,CP-005,NS-TRAIL-001:CP-005:ns-trail-001-human-review-repair:CP-005:214,Easy,QL-039,The product 780 x 485 ends with how many zeros?,2,ES-005,,,,,,780,485
NS-TRAIL-001,CP-005,NS-TRAIL-001:CP-005:ns-trail-001-human-review-repair:CP-005:215,Medium,QL-024,Determine the trailing-zero count after multiplying 8192 and 78125.,7,ES-005,,,,,,8192,78125
NS-TRAIL-001,CP-005,NS-TRAIL-001:CP-005:ns-trail-001-human-review-repair:CP-005:216,Hard,QL-037,"After multiplying 16 and 15625, how many zeros will appear at the end of the result?",4,ES-005,,,,,,16,15625
NS-TRAIL-001,CP-005,NS-TRAIL-001:CP-005:ns-trail-001-human-review-repair:CP-005:217,Medium,QL-022,"If 18750 is multiplied by 1220, how many trailing zeros will the product contain?",3,ES-005,,,,,,18750,1220
NS-TRAIL-001,CP-005,NS-TRAIL-001:CP-005:ns-trail-001-human-review-repair:CP-005:218,Easy,QL-025,How many zeros appear at the end of 4199 x 798?,0,ES-005,,,,,,4199,798
NS-TRAIL-001,CP-005,NS-TRAIL-001:CP-005:ns-trail-001-human-review-repair:CP-005:219,Easy,QL-038,Find the number of terminal zeros in the product of 78125 and 4096.,7,ES-005,,,,,,78125,4096
NS-TRAIL-001,CP-005,NS-TRAIL-001:CP-005:ns-trail-001-human-review-repair:CP-005:220,Easy,QL-038,Find the number of terminal zeros in the product of 1900 and 440.,3,ES-005,,,,,,1900,440
NS-TRAIL-001,CP-005,NS-TRAIL-001:CP-005:ns-trail-001-human-review-repair:CP-005:221,Hard,QL-025,How many zeros appear at the end of 65536 x 625?,4,ES-005,,,,,,65536,625
NS-TRAIL-001,CP-005,NS-TRAIL-001:CP-005:ns-trail-001-human-review-repair:CP-005:222,Hard,QL-026,Calculate the trailing zeros in the product of 3705 and 1445.,0,ES-005,,,,,,3705,1445
NS-TRAIL-001,CP-005,NS-TRAIL-001:CP-005:ns-trail-001-human-review-repair:CP-005:223,Hard,QL-023,Find the number of trailing zeros in the product 1771 x 476.,0,ES-005,,,,,,1771,476
NS-TRAIL-001,CP-005,NS-TRAIL-001:CP-005:ns-trail-001-human-review-repair:CP-005:224,Medium,QL-024,Determine the trailing-zero count after multiplying 16384 and 78125.,7,ES-005,,,,,,16384,78125
NS-TRAIL-001,CP-005,NS-TRAIL-001:CP-005:ns-trail-001-human-review-repair:CP-005:225,Easy,QL-039,The product 125 x 65536 ends with how many zeros?,3,ES-005,,,,,,125,65536
NS-TRAIL-001,CP-005,NS-TRAIL-001:CP-005:ns-trail-001-human-review-repair:CP-005:226,Medium,QL-022,"If 710 is multiplied by 80, how many trailing zeros will the product contain?",2,ES-005,,,,,,710,80
NS-TRAIL-001,CP-005,NS-TRAIL-001:CP-005:ns-trail-001-human-review-repair:CP-005:227,Easy,QL-037,"After multiplying 6757 and 518, how many zeros will appear at the end of the result?",0,ES-005,,,,,,6757,518
NS-TRAIL-001,CP-005,NS-TRAIL-001:CP-005:ns-trail-001-human-review-repair:CP-005:228,Easy,QL-038,Find the number of terminal zeros in the product of 1100 and 120.,3,ES-005,,,,,,1100,120
NS-TRAIL-001,CP-005,NS-TRAIL-001:CP-005:ns-trail-001-human-review-repair:CP-005:229,Easy,QL-025,How many zeros appear at the end of 16384 x 625?,4,ES-005,,,,,,16384,625
NS-TRAIL-001,CP-005,NS-TRAIL-001:CP-005:ns-trail-001-human-review-repair:CP-005:230,Medium,QL-037,"After multiplying 3125 and 2048, how many zeros will appear at the end of the result?",5,ES-005,,,,,,3125,2048
NS-TRAIL-001,CP-005,NS-TRAIL-001:CP-005:ns-trail-001-human-review-repair:CP-005:231,Medium,QL-022,"If 470 is multiplied by 160, how many trailing zeros will the product contain?",2,ES-005,,,,,,470,160
NS-TRAIL-001,CP-005,NS-TRAIL-001:CP-005:ns-trail-001-human-review-repair:CP-005:232,Easy,QL-039,The product 1024 x 1953125 ends with how many zeros?,9,ES-005,,,,,,1024,1953125
NS-TRAIL-001,CP-005,NS-TRAIL-001:CP-005:ns-trail-001-human-review-repair:CP-005:233,Hard,QL-024,Determine the trailing-zero count after multiplying 945 and 649.,0,ES-005,,,,,,945,649
NS-TRAIL-001,CP-005,NS-TRAIL-001:CP-005:ns-trail-001-human-review-repair:CP-005:234,Easy,QL-023,Find the number of trailing zeros in the product 4096 x 15625.,6,ES-005,,,,,,4096,15625
NS-TRAIL-001,CP-005,NS-TRAIL-001:CP-005:ns-trail-001-human-review-repair:CP-005:235,Easy,QL-026,Calculate the trailing zeros in the product of 1479 and 731.,0,ES-005,,,,,,1479,731
NS-TRAIL-001,CP-005,NS-TRAIL-001:CP-005:ns-trail-001-human-review-repair:CP-005:236,Medium,QL-025,How many zeros appear at the end of 3125 x 128?,5,ES-005,,,,,,3125,128
NS-TRAIL-001,CP-005,NS-TRAIL-001:CP-005:ns-trail-001-human-review-repair:CP-005:237,Easy,QL-038,Find the number of terminal zeros in the product of 3791 and 731.,0,ES-005,,,,,,3791,731
NS-TRAIL-001,CP-005,NS-TRAIL-001:CP-005:ns-trail-001-human-review-repair:CP-005:238,Hard,QL-037,"After multiplying 360 and 295, how many zeros will appear at the end of the result?",2,ES-005,,,,,,360,295
NS-TRAIL-001,CP-005,NS-TRAIL-001:CP-005:ns-trail-001-human-review-repair:CP-005:239,Easy,QL-022,"If 230 is multiplied by 40, how many trailing zeros will the product contain?",2,ES-005,,,,,,230,40
NS-TRAIL-001,CP-005,NS-TRAIL-001:CP-005:ns-trail-001-human-review-repair:CP-005:240,Medium,QL-022,"If 550 is multiplied by 400, how many trailing zeros will the product contain?",4,ES-005,,,,,,550,400
NS-TRAIL-001,CP-005,NS-TRAIL-001:CP-005:ns-trail-001-human-review-repair:CP-005:241,Easy,QL-037,"After multiplying 451 and 266, how many zeros will appear at the end of the result?",0,ES-005,,,,,,451,266
NS-TRAIL-001,CP-005,NS-TRAIL-001:CP-005:ns-trail-001-human-review-repair:CP-005:242,Medium,QL-024,Determine the trailing-zero count after multiplying 128 and 125.,3,ES-005,,,,,,128,125
NS-TRAIL-001,CP-005,NS-TRAIL-001:CP-005:ns-trail-001-human-review-repair:CP-005:243,Easy,QL-039,The product 6875 x 590 ends with how many zeros?,1,ES-005,,,,,,6875,590
NS-TRAIL-001,CP-005,NS-TRAIL-001:CP-005:ns-trail-001-human-review-repair:CP-005:244,Hard,QL-026,Calculate the trailing zeros in the product of 16 and 78125.,4,ES-005,,,,,,16,78125
NS-TRAIL-001,CP-005,NS-TRAIL-001:CP-005:ns-trail-001-human-review-repair:CP-005:245,Hard,QL-023,Find the number of trailing zeros in the product 2925 x 520.,3,ES-005,,,,,,2925,520
NS-TRAIL-001,CP-005,NS-TRAIL-001:CP-005:ns-trail-001-human-review-repair:CP-005:246,Easy,QL-038,Find the number of terminal zeros in the product of 2431 and 759.,0,ES-005,,,,,,2431,759
NS-TRAIL-001,CP-005,NS-TRAIL-001:CP-005:ns-trail-001-human-review-repair:CP-005:247,Medium,QL-025,How many zeros appear at the end of 625 x 64?,4,ES-005,,,,,,625,64
NS-TRAIL-001,CP-005,NS-TRAIL-001:CP-005:ns-trail-001-human-review-repair:CP-005:248,Medium,QL-022,"If 51250 is multiplied by 1140, how many trailing zeros will the product contain?",3,ES-005,,,,,,51250,1140
NS-TRAIL-001,CP-005,NS-TRAIL-001:CP-005:ns-trail-001-human-review-repair:CP-005:249,Medium,QL-037,"After multiplying 3509 and 912, how many zeros will appear at the end of the result?",0,ES-005,,,,,,3509,912
NS-TRAIL-001,CP-005,NS-TRAIL-001:CP-005:ns-trail-001-human-review-repair:CP-005:250,Easy,QL-039,The product 64 x 625 ends with how many zeros?,4,ES-005,,,,,,64,625
NS-TRAIL-001,CP-005,NS-TRAIL-001:CP-005:ns-trail-001-human-review-repair:CP-005:251,Medium,QL-024,Determine the trailing-zero count after multiplying 15625 and 131072.,6,ES-005,,,,,,15625,131072
NS-TRAIL-001,CP-005,NS-TRAIL-001:CP-005:ns-trail-001-human-review-repair:CP-005:252,Easy,QL-037,"After multiplying 40 and 535, how many zeros will appear at the end of the result?",2,ES-005,,,,,,40,535
NS-TRAIL-001,CP-005,NS-TRAIL-001:CP-005:ns-trail-001-human-review-repair:CP-005:253,Hard,QL-022,"If 78125 is multiplied by 16384, how many trailing zeros will the product contain?",7,ES-005,,,,,,78125,16384
NS-TRAIL-001,CP-005,NS-TRAIL-001:CP-005:ns-trail-001-human-review-repair:CP-005:254,Easy,QL-025,How many zeros appear at the end of 340 x 65?,2,ES-005,,,,,,340,65
NS-TRAIL-001,CP-005,NS-TRAIL-001:CP-005:ns-trail-001-human-review-repair:CP-005:255,Medium,QL-038,Find the number of terminal zeros in the product of 1113 and 121.,0,ES-005,,,,,,1113,121
NS-TRAIL-001,CP-005,NS-TRAIL-001:CP-005:ns-trail-001-human-review-repair:CP-005:256,Medium,QL-023,Find the number of trailing zeros in the product 2048 x 1953125.,9,ES-005,,,,,,2048,1953125
NS-TRAIL-001,CP-005,NS-TRAIL-001:CP-005:ns-trail-001-human-review-repair:CP-005:257,Easy,QL-026,Calculate the trailing zeros in the product of 32 and 125.,3,ES-005,,,,,,32,125
NS-TRAIL-001,CP-005,NS-TRAIL-001:CP-005:ns-trail-001-human-review-repair:CP-005:258,Easy,QL-039,The product 6375 x 1150 ends with how many zeros?,1,ES-005,,,,,,6375,1150
NS-TRAIL-001,CP-005,NS-TRAIL-001:CP-005:ns-trail-001-human-review-repair:CP-005:259,Easy,QL-024,Determine the trailing-zero count after multiplying 170 and 390.,2,ES-005,,,,,,170,390
NS-TRAIL-001,CP-005,NS-TRAIL-001:CP-005:ns-trail-001-human-review-repair:CP-005:260,Medium,QL-024,Determine the trailing-zero count after multiplying 650 and 230.,2,ES-005,,,,,,650,230
NS-TRAIL-001,CP-005,NS-TRAIL-001:CP-005:ns-trail-001-human-review-repair:CP-005:261,Hard,QL-039,The product 3125 x 590 ends with how many zeros?,1,ES-005,,,,,,3125,590
NS-TRAIL-001,CP-005,NS-TRAIL-001:CP-005:ns-trail-001-human-review-repair:CP-005:262,Easy,QL-022,"If 3125 is multiplied by 32, how many trailing zeros will the product contain?",5,ES-005,,,,,,3125,32
NS-TRAIL-001,CP-005,NS-TRAIL-001:CP-005:ns-trail-001-human-review-repair:CP-005:263,Hard,QL-037,"After multiplying 2873 and 1368, how many zeros will appear at the end of the result?",0,ES-005,,,,,,2873,1368
NS-TRAIL-001,CP-005,NS-TRAIL-001:CP-005:ns-trail-001-human-review-repair:CP-005:264,Medium,QL-038,Find the number of terminal zeros in the product of 1024 and 625.,4,ES-005,,,,,,1024,625
NS-TRAIL-001,CP-005,NS-TRAIL-001:CP-005:ns-trail-001-human-review-repair:CP-005:265,Hard,QL-025,How many zeros appear at the end of 1875 x 790?,1,ES-005,,,,,,1875,790
NS-TRAIL-001,CP-005,NS-TRAIL-001:CP-005:ns-trail-001-human-review-repair:CP-005:266,Medium,QL-026,Calculate the trailing zeros in the product of 1079 and 319.,0,ES-005,,,,,,1079,319
NS-TRAIL-001,CP-005,NS-TRAIL-001:CP-005:ns-trail-001-human-review-repair:CP-005:267,Easy,QL-023,Find the number of trailing zeros in the product 215 x 730.,1,ES-005,,,,,,215,730
NS-TRAIL-001,CP-005,NS-TRAIL-001:CP-005:ns-trail-001-human-review-repair:CP-005:268,Medium,QL-024,Determine the trailing-zero count after multiplying 8 and 625.,3,ES-005,,,,,,8,625
NS-TRAIL-001,CP-005,NS-TRAIL-001:CP-005:ns-trail-001-human-review-repair:CP-005:269,Hard,QL-039,The product 380 x 85 ends with how many zeros?,2,ES-005,,,,,,380,85
NS-TRAIL-001,CP-005,NS-TRAIL-001:CP-005:ns-trail-001-human-review-repair:CP-005:270,Medium,QL-023,Find the number of trailing zeros in the product 400 x 515.,3,ES-005,,,,,,400,515
NS-TRAIL-001,CP-005,NS-TRAIL-001:CP-005:ns-trail-001-human-review-repair:CP-005:271,Easy,QL-026,Calculate the trailing zeros in the product of 3125 and 512.,5,ES-005,,,,,,3125,512
NS-TRAIL-001,CP-005,NS-TRAIL-001:CP-005:ns-trail-001-human-review-repair:CP-005:272,Easy,QL-025,How many zeros appear at the end of 740 x 265?,2,ES-005,,,,,,740,265
NS-TRAIL-001,CP-005,NS-TRAIL-001:CP-005:ns-trail-001-human-review-repair:CP-005:273,Hard,QL-038,Find the number of terminal zeros in the product of 1950 and 760.,3,ES-005,,,,,,1950,760
NS-TRAIL-001,CP-005,NS-TRAIL-001:CP-005:ns-trail-001-human-review-repair:CP-005:274,Medium,QL-037,"After multiplying 512 and 125, how many zeros will appear at the end of the result?",3,ES-005,,,,,,512,125
NS-TRAIL-001,CP-005,NS-TRAIL-001:CP-005:ns-trail-001-human-review-repair:CP-005:275,Medium,QL-022,"If 256 is multiplied by 125, how many trailing zeros will the product contain?",3,ES-005,,,,,,256,125
NS-TRAIL-001,CP-005,NS-TRAIL-001:CP-005:ns-trail-001-human-review-repair:CP-005:276,Medium,QL-039,The product 8875 x 750 ends with how many zeros?,1,ES-005,,,,,,8875,750
NS-TRAIL-001,CP-005,NS-TRAIL-001:CP-005:ns-trail-001-human-review-repair:CP-005:277,Easy,QL-024,Determine the trailing-zero count after multiplying 810 and 510.,2,ES-005,,,,,,810,510
NS-TRAIL-001,CP-005,NS-TRAIL-001:CP-005:ns-trail-001-human-review-repair:CP-005:278,Easy,QL-023,Find the number of trailing zeros in the product 1024 x 1953125.,9,ES-005,,,,,,1024,1953125
NS-TRAIL-001,CP-005,NS-TRAIL-001:CP-005:ns-trail-001-human-review-repair:CP-005:279,Medium,QL-026,Calculate the trailing zeros in the product of 1953125 and 32768.,9,ES-005,,,,,,1953125,32768
NS-TRAIL-001,CP-005,NS-TRAIL-001:CP-005:ns-trail-001-human-review-repair:CP-005:280,Hard,QL-026,Calculate the trailing zeros in the product of 190 and 420.,2,ES-005,,,,,,190,420
NS-TRAIL-001,CP-005,NS-TRAIL-001:CP-005:ns-trail-001-human-review-repair:CP-005:281,Easy,QL-023,Find the number of trailing zeros in the product 4096 x 390625.,8,ES-005,,,,,,4096,390625
NS-TRAIL-001,CP-005,NS-TRAIL-001:CP-005:ns-trail-001-human-review-repair:CP-005:282,Medium,QL-038,Find the number of terminal zeros in the product of 5497 and 1863.,0,ES-005,,,,,,5497,1863
NS-TRAIL-001,CP-005,NS-TRAIL-001:CP-005:ns-trail-001-human-review-repair:CP-005:283,Easy,QL-025,How many zeros appear at the end of 500 x 345?,2,ES-005,,,,,,500,345
NS-TRAIL-001,CP-005,NS-TRAIL-001:CP-005:ns-trail-001-human-review-repair:CP-005:284,Hard,QL-022,"If 16 is multiplied by 78125, how many trailing zeros will the product contain?",4,ES-005,,,,,,16,78125
NS-TRAIL-001,CP-005,NS-TRAIL-001:CP-005:ns-trail-001-human-review-repair:CP-005:285,Easy,QL-037,"After multiplying 375 and 450, how many zeros will appear at the end of the result?",1,ES-005,,,,,,375,450
NS-TRAIL-001,CP-005,NS-TRAIL-001:CP-005:ns-trail-001-human-review-repair:CP-005:286,Hard,QL-024,Determine the trailing-zero count after multiplying 935 and 1343.,0,ES-005,,,,,,935,1343
NS-TRAIL-001,CP-005,NS-TRAIL-001:CP-005:ns-trail-001-human-review-repair:CP-005:287,Hard,QL-039,The product 6125 x 830 ends with how many zeros?,1,ES-005,,,,,,6125,830
NS-TRAIL-001,CP-005,NS-TRAIL-001:CP-005:ns-trail-001-human-review-repair:CP-005:288,Medium,QL-026,Calculate the trailing zeros in the product of 15625 and 1024.,6,ES-005,,,,,,15625,1024
NS-TRAIL-001,CP-005,NS-TRAIL-001:CP-005:ns-trail-001-human-review-repair:CP-005:289,Medium,QL-023,Find the number of trailing zeros in the product 1953125 x 128.,7,ES-005,,,,,,1953125,128
NS-TRAIL-001,CP-005,NS-TRAIL-001:CP-005:ns-trail-001-human-review-repair:CP-005:290,Easy,QL-025,How many zeros appear at the end of 1024 x 3125?,5,ES-005,,,,,,1024,3125
NS-TRAIL-001,CP-005,NS-TRAIL-001:CP-005:ns-trail-001-human-review-repair:CP-005:291,Easy,QL-038,Find the number of terminal zeros in the product of 690 and 50.,2,ES-005,,,,,,690,50
NS-TRAIL-001,CP-005,NS-TRAIL-001:CP-005:ns-trail-001-human-review-repair:CP-005:292,Easy,QL-023,Find the number of trailing zeros in the product 3133 x 342.,0,ES-005,,,,,,3133,342
NS-TRAIL-001,CP-005,NS-TRAIL-001:CP-005:ns-trail-001-human-review-repair:CP-005:293,Medium,QL-026,Calculate the trailing zeros in the product of 131072 and 390625.,8,ES-005,,,,,,131072,390625
NS-TRAIL-001,CP-005,NS-TRAIL-001:CP-005:ns-trail-001-human-review-repair:CP-005:294,Easy,QL-039,The product 700 x 445 ends with how many zeros?,2,ES-005,,,,,,700,445
NS-TRAIL-001,CP-005,NS-TRAIL-001:CP-005:ns-trail-001-human-review-repair:CP-005:295,Medium,QL-024,Determine the trailing-zero count after multiplying 730 and 270.,2,ES-005,,,,,,730,270
NS-TRAIL-001,CP-005,NS-TRAIL-001:CP-005:ns-trail-001-human-review-repair:CP-005:296,Medium,QL-037,"After multiplying 625 and 4096, how many zeros will appear at the end of the result?",4,ES-005,,,,,,625,4096
NS-TRAIL-001,CP-005,NS-TRAIL-001:CP-005:ns-trail-001-human-review-repair:CP-005:297,Hard,QL-022,"If 3125 is multiplied by 262144, how many trailing zeros will the product contain?",5,ES-005,,,,,,3125,262144
NS-TRAIL-001,CP-005,NS-TRAIL-001:CP-005:ns-trail-001-human-review-repair:CP-005:298,Easy,QL-025,How many zeros appear at the end of 375 x 70?,1,ES-005,,,,,,375,70
NS-TRAIL-001,CP-005,NS-TRAIL-001:CP-005:ns-trail-001-human-review-repair:CP-005:299,Easy,QL-038,Find the number of terminal zeros in the product of 125 and 16384.,3,ES-005,,,,,,125,16384
NS-TRAIL-001,CP-005,NS-TRAIL-001:CP-005:ns-trail-001-human-review-repair:CP-005:300,Medium,QL-023,Find the number of trailing zeros in the product 2231 x 1254.,0,ES-005,,,,,,2231,1254
NS-TRAIL-001,CP-005,NS-TRAIL-001:CP-005:ns-trail-001-human-review-repair:CP-005:301,Medium,QL-026,Calculate the trailing zeros in the product of 125 and 128.,3,ES-005,,,,,,125,128
NS-TRAIL-001,CP-005,NS-TRAIL-001:CP-005:ns-trail-001-human-review-repair:CP-005:302,Medium,QL-025,How many zeros appear at the end of 1305 x 98?,1,ES-005,,,,,,1305,98
NS-TRAIL-001,CP-005,NS-TRAIL-001:CP-005:ns-trail-001-human-review-repair:CP-005:303,Hard,QL-038,Find the number of terminal zeros in the product of 8192 and 78125.,7,ES-005,,,,,,8192,78125
NS-TRAIL-001,CP-005,NS-TRAIL-001:CP-005:ns-trail-001-human-review-repair:CP-005:304,Easy,QL-037,"After multiplying 415 and 530, how many zeros will appear at the end of the result?",1,ES-005,,,,,,415,530
NS-TRAIL-001,CP-005,NS-TRAIL-001:CP-005:ns-trail-001-human-review-repair:CP-005:305,Easy,QL-022,"If 3249 is multiplied by 221, how many trailing zeros will the product contain?",0,ES-005,,,,,,3249,221
NS-TRAIL-001,CP-005,NS-TRAIL-001:CP-005:ns-trail-001-human-review-repair:CP-005:306,Medium,QL-039,The product 4096 x 1953125 ends with how many zeros?,9,ES-005,,,,,,4096,1953125
NS-TRAIL-001,CP-005,NS-TRAIL-001:CP-005:ns-trail-001-human-review-repair:CP-005:307,Easy,QL-024,Determine the trailing-zero count after multiplying 2100 and 1120.,3,ES-005,,,,,,2100,1120
NS-TRAIL-001,CP-005,NS-TRAIL-001:CP-005:ns-trail-001-human-review-repair:CP-005:308,Easy,QL-023,Find the number of trailing zeros in the product 4096 x 78125.,7,ES-005,,,,,,4096,78125
NS-TRAIL-001,CP-005,NS-TRAIL-001:CP-005:ns-trail-001-human-review-repair:CP-005:309,Easy,QL-026,Calculate the trailing zeros in the product of 430 and 140.,2,ES-005,,,,,,430,140
NS-TRAIL-001,CP-005,NS-TRAIL-001:CP-005:ns-trail-001-human-review-repair:CP-005:310,Easy,QL-024,Determine the trailing-zero count after multiplying 935 and 833.,0,ES-005,,,,,,935,833
NS-TRAIL-001,CP-005,NS-TRAIL-001:CP-005:ns-trail-001-human-review-repair:CP-005:311,Medium,QL-039,The product 625 x 990 ends with how many zeros?,1,ES-005,,,,,,625,990
NS-TRAIL-001,CP-005,NS-TRAIL-001:CP-005:ns-trail-001-human-review-repair:CP-005:312,Easy,QL-022,"If 8750 is multiplied by 1060, how many trailing zeros will the product contain?",3,ES-005,,,,,,8750,1060
NS-TRAIL-001,CP-005,NS-TRAIL-001:CP-005:ns-trail-001-human-review-repair:CP-005:313,Medium,QL-037,"After multiplying 25 and 50, how many zeros will appear at the end of the result?",1,ES-005,,,,,,25,50
NS-TRAIL-001,CP-005,NS-TRAIL-001:CP-005:ns-trail-001-human-review-repair:CP-005:314,Easy,QL-038,Find the number of terminal zeros in the product of 1850 and 120.,3,ES-005,,,,,,1850,120
NS-TRAIL-001,CP-005,NS-TRAIL-001:CP-005:ns-trail-001-human-review-repair:CP-005:315,Medium,QL-025,How many zeros appear at the end of 32768 x 15625?,6,ES-005,,,,,,32768,15625
NS-TRAIL-001,CP-005,NS-TRAIL-001:CP-005:ns-trail-001-human-review-repair:CP-005:316,Easy,QL-026,Calculate the trailing zeros in the product of 51250 and 540.,3,ES-005,,,,,,51250,540
NS-TRAIL-001,CP-005,NS-TRAIL-001:CP-005:ns-trail-001-human-review-repair:CP-005:317,Hard,QL-023,Find the number of trailing zeros in the product 640 x 35.,2,ES-005,,,,,,640,35
NS-TRAIL-001,CP-005,NS-TRAIL-001:CP-005:ns-trail-001-human-review-repair:CP-005:318,Medium,QL-024,Determine the trailing-zero count after multiplying 125 and 131072.,3,ES-005,,,,,,125,131072
NS-TRAIL-001,CP-005,NS-TRAIL-001:CP-005:ns-trail-001-human-review-repair:CP-005:319,Medium,QL-039,The product 9125 x 1070 ends with how many zeros?,1,ES-005,,,,,,9125,1070
NS-TRAIL-001,CP-005,NS-TRAIL-001:CP-005:ns-trail-001-human-review-repair:CP-005:320,Medium,QL-039,The product 78125 x 256 ends with how many zeros?,7,ES-005,,,,,,78125,256
NS-TRAIL-001,CP-005,NS-TRAIL-001:CP-005:ns-trail-001-human-review-repair:CP-005:321,Easy,QL-024,Determine the trailing-zero count after multiplying 2737 and 1173.,0,ES-005,,,,,,2737,1173
NS-TRAIL-001,CP-005,NS-TRAIL-001:CP-005:ns-trail-001-human-review-repair:CP-005:322,Easy,QL-037,"After multiplying 435 and 1170, how many zeros will appear at the end of the result?",1,ES-005,,,,,,435,1170
NS-TRAIL-001,CP-005,NS-TRAIL-001:CP-005:ns-trail-001-human-review-repair:CP-005:323,Hard,QL-022,"If 3125 is multiplied by 2048, how many trailing zeros will the product contain?",5,ES-005,,,,,,3125,2048
NS-TRAIL-001,CP-005,NS-TRAIL-001:CP-005:ns-trail-001-human-review-repair:CP-005:324,Easy,QL-025,How many zeros appear at the end of 2048 x 78125?,7,ES-005,,,,,,2048,78125
NS-TRAIL-001,CP-005,NS-TRAIL-001:CP-005:ns-trail-001-human-review-repair:CP-005:325,Easy,QL-038,Find the number of terminal zeros in the product of 290 and 450.,2,ES-005,,,,,,290,450
NS-TRAIL-001,CP-005,NS-TRAIL-001:CP-005:ns-trail-001-human-review-repair:CP-005:326,Easy,QL-023,Find the number of trailing zeros in the product 32768 x 390625.,8,ES-005,,,,,,32768,390625
NS-TRAIL-001,CP-005,NS-TRAIL-001:CP-005:ns-trail-001-human-review-repair:CP-005:327,Hard,QL-026,Calculate the trailing zeros in the product of 4727 and 207.,0,ES-005,,,,,,4727,207
NS-TRAIL-001,CP-005,NS-TRAIL-001:CP-005:ns-trail-001-human-review-repair:CP-005:328,Medium,QL-039,The product 9375 x 190 ends with how many zeros?,1,ES-005,,,,,,9375,190
NS-TRAIL-001,CP-005,NS-TRAIL-001:CP-005:ns-trail-001-human-review-repair:CP-005:329,Hard,QL-024,Determine the trailing-zero count after multiplying 32 and 1953125.,5,ES-005,,,,,,32,1953125
NS-TRAIL-001,CP-005,NS-TRAIL-001:CP-005:ns-trail-001-human-review-repair:CP-005:330,Easy,QL-022,"If 64 is multiplied by 1953125, how many trailing zeros will the product contain?",6,ES-005,,,,,,64,1953125
NS-TRAIL-001,CP-005,NS-TRAIL-001:CP-005:ns-trail-001-human-review-repair:CP-005:331,Easy,QL-037,"After multiplying 128 and 1953125, how many zeros will appear at the end of the result?",7,ES-005,,,,,,128,1953125
NS-TRAIL-001,CP-005,NS-TRAIL-001:CP-005:ns-trail-001-human-review-repair:CP-005:332,Medium,QL-024,Determine the trailing-zero count after multiplying 2369 and 221.,0,ES-005,,,,,,2369,221
NS-TRAIL-001,CP-005,NS-TRAIL-001:CP-005:ns-trail-001-human-review-repair:CP-005:333,Hard,QL-039,The product 11375 x 350 ends with how many zeros?,1,ES-005,,,,,,11375,350
NS-TRAIL-001,CP-005,NS-TRAIL-001:CP-005:ns-trail-001-human-review-repair:CP-005:334,Medium,QL-026,Calculate the trailing zeros in the product of 8 and 390625.,3,ES-005,,,,,,8,390625
NS-TRAIL-001,CP-005,NS-TRAIL-001:CP-005:ns-trail-001-human-review-repair:CP-005:335,Easy,QL-023,Find the number of trailing zeros in the product 560 x 595.,2,ES-005,,,,,,560,595
NS-TRAIL-001,CP-005,NS-TRAIL-001:CP-005:ns-trail-001-human-review-repair:CP-005:336,Easy,QL-038,Find the number of terminal zeros in the product of 550 and 200.,4,ES-005,,,,,,550,200
NS-TRAIL-001,CP-005,NS-TRAIL-001:CP-005:ns-trail-001-human-review-repair:CP-005:337,Medium,QL-025,How many zeros appear at the end of 100 x 345?,2,ES-005,,,,,,100,345
NS-TRAIL-001,CP-005,NS-TRAIL-001:CP-005:ns-trail-001-human-review-repair:CP-005:338,Easy,QL-022,"If 40000 is multiplied by 660, how many trailing zeros will the product contain?",5,ES-005,,,,,,40000,660
NS-TRAIL-001,CP-005,NS-TRAIL-001:CP-005:ns-trail-001-human-review-repair:CP-005:339,Medium,QL-037,"After multiplying 15 and 930, how many zeros will appear at the end of the result?",1,ES-005,,,,,,15,930
NS-TRAIL-001,CP-005,NS-TRAIL-001:CP-005:ns-trail-001-human-review-repair:CP-005:340,Easy,QL-037,"After multiplying 6095 and 1140, how many zeros will appear at the end of the result?",2,ES-005,,,,,,6095,1140
NS-TRAIL-001,CP-005,NS-TRAIL-001:CP-005:ns-trail-001-human-review-repair:CP-005:341,Easy,QL-022,"If 70 is multiplied by 160, how many trailing zeros will the product contain?",2,ES-005,,,,,,70,160
NS-TRAIL-001,CP-005,NS-TRAIL-001:CP-005:ns-trail-001-human-review-repair:CP-005:342,Medium,QL-039,The product 625 x 32 ends with how many zeros?,4,ES-005,,,,,,625,32
NS-TRAIL-001,CP-005,NS-TRAIL-001:CP-005:ns-trail-001-human-review-repair:CP-005:343,Easy,QL-024,Determine the trailing-zero count after multiplying 90 and 350.,2,ES-005,,,,,,90,350
NS-TRAIL-001,CP-005,NS-TRAIL-001:CP-005:ns-trail-001-human-review-repair:CP-005:344,Easy,QL-023,Find the number of trailing zeros in the product 1351 x 1026.,0,ES-005,,,,,,1351,1026
NS-TRAIL-001,CP-005,NS-TRAIL-001:CP-005:ns-trail-001-human-review-repair:CP-005:345,Easy,QL-026,Calculate the trailing zeros in the product of 3315 and 1445.,0,ES-005,,,,,,3315,1445
NS-TRAIL-001,CP-005,NS-TRAIL-001:CP-005:ns-trail-001-human-review-repair:CP-005:346,Easy,QL-025,How many zeros appear at the end of 340 x 65?,2,ES-005,,,,,,340,65
NS-TRAIL-001,CP-005,NS-TRAIL-001:CP-005:ns-trail-001-human-review-repair:CP-005:347,Easy,QL-038,Find the number of terminal zeros in the product of 150 and 40.,3,ES-005,,,,,,150,40
NS-TRAIL-001,CP-005,NS-TRAIL-001:CP-005:ns-trail-001-human-review-repair:CP-005:348,Hard,QL-037,"After multiplying 125 and 2048, how many zeros will appear at the end of the result?",3,ES-005,,,,,,125,2048
NS-TRAIL-001,CP-005,NS-TRAIL-001:CP-005:ns-trail-001-human-review-repair:CP-005:349,Medium,QL-022,"If 630 is multiplied by 40, how many trailing zeros will the product contain?",2,ES-005,,,,,,630,40
NS-TRAIL-001,CP-005,NS-TRAIL-001:CP-005:ns-trail-001-human-review-repair:CP-005:350,Hard,QL-038,Find the number of terminal zeros in the product of 770 and 290.,2,ES-005,,,,,,770,290
NS-TRAIL-001,CP-005,NS-TRAIL-001:CP-005:ns-trail-001-human-review-repair:CP-005:351,Easy,QL-025,How many zeros appear at the end of 740 x 265?,2,ES-005,,,,,,740,265
NS-TRAIL-001,CP-005,NS-TRAIL-001:CP-005:ns-trail-001-human-review-repair:CP-005:352,Medium,QL-026,Calculate the trailing zeros in the product of 750 and 300.,3,ES-005,,,,,,750,300
NS-TRAIL-001,CP-005,NS-TRAIL-001:CP-005:ns-trail-001-human-review-repair:CP-005:353,Medium,QL-023,Find the number of trailing zeros in the product 445 x 890.,1,ES-005,,,,,,445,890
NS-TRAIL-001,CP-005,NS-TRAIL-001:CP-005:ns-trail-001-human-review-repair:CP-005:354,Medium,QL-024,Determine the trailing-zero count after multiplying 170 and 390.,2,ES-005,,,,,,170,390
NS-TRAIL-001,CP-005,NS-TRAIL-001:CP-005:ns-trail-001-human-review-repair:CP-005:355,Medium,QL-039,The product 8875 x 750 ends with how many zeros?,1,ES-005,,,,,,8875,750
NS-TRAIL-001,CP-005,NS-TRAIL-001:CP-005:ns-trail-001-human-review-repair:CP-005:356,Easy,QL-022,"If 6250 is multiplied by 420, how many trailing zeros will the product contain?",3,ES-005,,,,,,6250,420
NS-TRAIL-001,CP-005,NS-TRAIL-001:CP-005:ns-trail-001-human-review-repair:CP-005:357,Medium,QL-037,"After multiplying 4233 and 1066, how many zeros will appear at the end of the result?",0,ES-005,,,,,,4233,1066
NS-TRAIL-001,CP-005,NS-TRAIL-001:CP-005:ns-trail-001-human-review-repair:CP-005:358,Easy,QL-038,Find the number of terminal zeros in the product of 5539 and 2001.,0,ES-005,,,,,,5539,2001
NS-TRAIL-001,CP-005,NS-TRAIL-001:CP-005:ns-trail-001-human-review-repair:CP-005:359,Medium,QL-025,How many zeros appear at the end of 340 x 65?,2,ES-005,,,,,,340,65
NS-TRAIL-001,CP-005,NS-TRAIL-001:CP-005:ns-trail-001-human-review-repair:CP-005:360,Medium,QL-025,How many zeros appear at the end of 1953125 x 64?,6,ES-005,,,,,,1953125,64
NS-TRAIL-001,CP-005,NS-TRAIL-001:CP-005:ns-trail-001-human-review-repair:CP-005:361,Easy,QL-038,Find the number of terminal zeros in the product of 370 and 290.,2,ES-005,,,,,,370,290
NS-TRAIL-001,CP-005,NS-TRAIL-001:CP-005:ns-trail-001-human-review-repair:CP-005:362,Hard,QL-023,Find the number of trailing zeros in the product 78125 x 262144.,7,ES-005,,,,,,78125,262144
NS-TRAIL-001,CP-005,NS-TRAIL-001:CP-005:ns-trail-001-human-review-repair:CP-005:363,Easy,QL-026,Calculate the trailing zeros in the product of 510 and 380.,2,ES-005,,,,,,510,380
NS-TRAIL-001,CP-005,NS-TRAIL-001:CP-005:ns-trail-001-human-review-repair:CP-005:364,Hard,QL-039,The product 220 x 205 ends with how many zeros?,2,ES-005,,,,,,220,205
NS-TRAIL-001,CP-005,NS-TRAIL-001:CP-005:ns-trail-001-human-review-repair:CP-005:365,Easy,QL-024,Determine the trailing-zero count after multiplying 570 and 190.,2,ES-005,,,,,,570,190
NS-TRAIL-001,CP-005,NS-TRAIL-001:CP-005:ns-trail-001-human-review-repair:CP-005:366,Medium,QL-037,"After multiplying 1855 and 570, how many zeros will appear at the end of the result?",1,ES-005,,,,,,1855,570
NS-TRAIL-001,CP-005,NS-TRAIL-001:CP-005:ns-trail-001-human-review-repair:CP-005:367,Easy,QL-022,"If 1599 is multiplied by 1343, how many trailing zeros will the product contain?",0,ES-005,,,,,,1599,1343
NS-TRAIL-001,CP-005,NS-TRAIL-001:CP-005:ns-trail-001-human-review-repair:CP-005:368,Medium,QL-025,How many zeros appear at the end of 32768 x 625?,4,ES-005,,,,,,32768,625
NS-TRAIL-001,CP-005,NS-TRAIL-001:CP-005:ns-trail-001-human-review-repair:CP-005:369,Easy,QL-038,Find the number of terminal zeros in the product of 2050 and 200.,4,ES-005,,,,,,2050,200
NS-TRAIL-001,CP-005,NS-TRAIL-001:CP-005:ns-trail-001-human-review-repair:CP-005:370,Easy,QL-026,Calculate the trailing zeros in the product of 30 and 340.,2,ES-005,,,,,,30,340
NS-TRAIL-001,CP-005,NS-TRAIL-001:CP-005:ns-trail-001-human-review-repair:CP-005:371,Medium,QL-023,Find the number of trailing zeros in the product 75 x 1050.,1,ES-005,,,,,,75,1050
NS-TRAIL-001,CP-005,NS-TRAIL-001:CP-005:ns-trail-001-human-review-repair:CP-005:372,Hard,QL-038,Find the number of terminal zeros in the product of 1550 and 600.,4,ES-005,,,,,,1550,600
NS-TRAIL-001,CP-005,NS-TRAIL-001:CP-005:ns-trail-001-human-review-repair:CP-005:373,Hard,QL-025,How many zeros appear at the end of 1001 x 1710?,1,ES-005,,,,,,1001,1710
NS-TRAIL-001,CP-005,NS-TRAIL-001:CP-005:ns-trail-001-human-review-repair:CP-005:374,Easy,QL-022,"If 65536 is multiplied by 125, how many trailing zeros will the product contain?",3,ES-005,,,,,,65536,125
NS-TRAIL-001,CP-005,NS-TRAIL-001:CP-005:ns-trail-001-human-review-repair:CP-005:375,Medium,QL-037,"After multiplying 135 and 1170, how many zeros will appear at the end of the result?",1,ES-005,,,,,,135,1170
NS-TRAIL-001,CP-005,NS-TRAIL-001:CP-005:ns-trail-001-human-review-repair:CP-005:376,Medium,QL-024,Determine the trailing-zero count after multiplying 90 and 550.,2,ES-005,,,,,,90,550
NS-TRAIL-001,CP-005,NS-TRAIL-001:CP-005:ns-trail-001-human-review-repair:CP-005:377,Easy,QL-039,The product 1875 x 190 ends with how many zeros?,1,ES-005,,,,,,1875,190
NS-TRAIL-001,CP-005,NS-TRAIL-001:CP-005:ns-trail-001-human-review-repair:CP-005:378,Easy,QL-026,Calculate the trailing zeros in the product of 1089 and 1139.,0,ES-005,,,,,,1089,1139
NS-TRAIL-001,CP-005,NS-TRAIL-001:CP-005:ns-trail-001-human-review-repair:CP-005:379,Easy,QL-023,Find the number of trailing zeros in the product 627 x 832.,0,ES-005,,,,,,627,832
NS-TRAIL-001,CP-005,NS-TRAIL-001:CP-005:ns-trail-001-human-review-repair:CP-005:380,Hard,QL-023,Find the number of trailing zeros in the product 285 x 570.,1,ES-005,,,,,,285,570
NS-TRAIL-001,CP-005,NS-TRAIL-001:CP-005:ns-trail-001-human-review-repair:CP-005:381,Hard,QL-026,Calculate the trailing zeros in the product of 270 and 60.,2,ES-005,,,,,,270,60
NS-TRAIL-001,CP-005,NS-TRAIL-001:CP-005:ns-trail-001-human-review-repair:CP-005:382,Easy,QL-025,How many zeros appear at the end of 6625 x 870?,1,ES-005,,,,,,6625,870
NS-TRAIL-001,CP-005,NS-TRAIL-001:CP-005:ns-trail-001-human-review-repair:CP-005:383,Hard,QL-038,Find the number of terminal zeros in the product of 770 and 290.,2,ES-005,,,,,,770,290
NS-TRAIL-001,CP-005,NS-TRAIL-001:CP-005:ns-trail-001-human-review-repair:CP-005:384,Easy,QL-037,"After multiplying 435 and 1170, how many zeros will appear at the end of the result?",1,ES-005,,,,,,435,1170
NS-TRAIL-001,CP-005,NS-TRAIL-001:CP-005:ns-trail-001-human-review-repair:CP-005:385,Easy,QL-022,"If 16 is multiplied by 3125, how many trailing zeros will the product contain?",4,ES-005,,,,,,16,3125
NS-TRAIL-001,CP-005,NS-TRAIL-001:CP-005:ns-trail-001-human-review-repair:CP-005:386,Medium,QL-039,The product 78125 x 512 ends with how many zeros?,7,ES-005,,,,,,78125,512
NS-TRAIL-001,CP-005,NS-TRAIL-001:CP-005:ns-trail-001-human-review-repair:CP-005:387,Medium,QL-024,Determine the trailing-zero count after multiplying 170 and 190.,2,ES-005,,,,,,170,190
NS-TRAIL-001,CP-005,NS-TRAIL-001:CP-005:ns-trail-001-human-review-repair:CP-005:388,Medium,QL-023,Find the number of trailing zeros in the product 1243 x 518.,0,ES-005,,,,,,1243,518
NS-TRAIL-001,CP-005,NS-TRAIL-001:CP-005:ns-trail-001-human-review-repair:CP-005:389,Easy,QL-026,Calculate the trailing zeros in the product of 3125 and 8192.,5,ES-005,,,,,,3125,8192
NS-TRAIL-001,CP-005,NS-TRAIL-001:CP-005:ns-trail-001-human-review-repair:CP-005:390,Medium,QL-024,Determine the trailing-zero count after multiplying 78125 and 1024.,7,ES-005,,,,,,78125,1024
NS-TRAIL-001,CP-005,NS-TRAIL-001:CP-005:ns-trail-001-human-review-repair:CP-005:391,Easy,QL-039,The product 2167 x 570 ends with how many zeros?,1,ES-005,,,,,,2167,570
NS-TRAIL-001,CP-005,NS-TRAIL-001:CP-005:ns-trail-001-human-review-repair:CP-005:392,Hard,QL-022,"If 23750 is multiplied by 100, how many trailing zeros will the product contain?",3,ES-005,,,,,,23750,100
NS-TRAIL-001,CP-005,NS-TRAIL-001:CP-005:ns-trail-001-human-review-repair:CP-005:393,Easy,QL-037,"After multiplying 280 and 55, how many zeros will appear at the end of the result?",2,ES-005,,,,,,280,55
NS-TRAIL-001,CP-005,NS-TRAIL-001:CP-005:ns-trail-001-human-review-repair:CP-005:394,Medium,QL-038,Find the number of terminal zeros in the product of 450 and 130.,2,ES-005,,,,,,450,130
NS-TRAIL-001,CP-005,NS-TRAIL-001:CP-005:ns-trail-001-human-review-repair:CP-005:395,Easy,QL-025,How many zeros appear at the end of 125 x 1024?,3,ES-005,,,,,,125,1024
NS-TRAIL-001,CP-005,NS-TRAIL-001:CP-005:ns-trail-001-human-review-repair:CP-005:396,Easy,QL-026,Calculate the trailing zeros in the product of 750 and 500.,3,ES-005,,,,,,750,500
NS-TRAIL-001,CP-005,NS-TRAIL-001:CP-005:ns-trail-001-human-review-repair:CP-005:397,Easy,QL-023,Find the number of trailing zeros in the product 8192 x 625.,4,ES-005,,,,,,8192,625
NS-TRAIL-001,CP-005,NS-TRAIL-001:CP-005:ns-trail-001-human-review-repair:CP-005:398,Medium,QL-024,Determine the trailing-zero count after multiplying 78125 and 4096.,7,ES-005,,,,,,78125,4096
NS-TRAIL-001,CP-005,NS-TRAIL-001:CP-005:ns-trail-001-human-review-repair:CP-005:399,Hard,QL-039,The product 540 x 165 ends with how many zeros?,2,ES-005,,,,,,540,165
NS-TRAIL-001,CP-005,NS-TRAIL-001:CP-005:ns-trail-001-human-review-repair:CP-005:400,Medium,QL-024,Determine the trailing-zero count after multiplying 65536 and 390625.,8,ES-005,,,,,,65536,390625
NS-TRAIL-001,CP-005,NS-TRAIL-001:CP-005:ns-trail-001-human-review-repair:CP-005:401,Medium,QL-039,The product 9625 x 510 ends with how many zeros?,1,ES-005,,,,,,9625,510
NS-TRAIL-001,CP-005,NS-TRAIL-001:CP-005:ns-trail-001-human-review-repair:CP-005:402,Easy,QL-022,"If 78125 is multiplied by 262144, how many trailing zeros will the product contain?",7,ES-005,,,,,,78125,262144
NS-TRAIL-001,CP-005,NS-TRAIL-001:CP-005:ns-trail-001-human-review-repair:CP-005:403,Easy,QL-037,"After multiplying 3509 and 342, how many zeros will appear at the end of the result?",0,ES-005,,,,,,3509,342
NS-TRAIL-001,CP-005,NS-TRAIL-001:CP-005:ns-trail-001-human-review-repair:CP-005:404,Easy,QL-038,Find the number of terminal zeros in the product of 64 and 78125.,6,ES-005,,,,,,64,78125
NS-TRAIL-001,CP-005,NS-TRAIL-001:CP-005:ns-trail-001-human-review-repair:CP-005:405,Medium,QL-025,How many zeros appear at the end of 651 x 56?,0,ES-005,,,,,,651,56
NS-TRAIL-001,CP-005,NS-TRAIL-001:CP-005:ns-trail-001-human-review-repair:CP-005:406,Easy,QL-026,Calculate the trailing zeros in the product of 128 and 625.,4,ES-005,,,,,,128,625
NS-TRAIL-001,CP-005,NS-TRAIL-001:CP-005:ns-trail-001-human-review-repair:CP-005:407,Easy,QL-023,Find the number of trailing zeros in the product 315 x 330.,1,ES-005,,,,,,315,330
NS-TRAIL-001,CP-005,NS-TRAIL-001:CP-005:ns-trail-001-human-review-repair:CP-005:408,Easy,QL-024,Determine the trailing-zero count after multiplying 1100 and 720.,3,ES-005,,,,,,1100,720
NS-TRAIL-001,CP-005,NS-TRAIL-001:CP-005:ns-trail-001-human-review-repair:CP-005:409,Hard,QL-039,The product 125 x 32768 ends with how many zeros?,3,ES-005,,,,,,125,32768
NS-TRAIL-001,CP-005,NS-TRAIL-001:CP-005:ns-trail-001-human-review-repair:CP-005:410,Easy,QL-023,Find the number of trailing zeros in the product 4096 x 125.,3,ES-005,,,,,,4096,125
NS-TRAIL-001,CP-005,NS-TRAIL-001:CP-005:ns-trail-001-human-review-repair:CP-005:411,Easy,QL-026,Calculate the trailing zeros in the product of 4727 and 207.,0,ES-005,,,,,,4727,207
NS-TRAIL-001,CP-005,NS-TRAIL-001:CP-005:ns-trail-001-human-review-repair:CP-005:412,Medium,QL-025,How many zeros appear at the end of 5125 x 150?,1,ES-005,,,,,,5125,150
NS-TRAIL-001,CP-005,NS-TRAIL-001:CP-005:ns-trail-001-human-review-repair:CP-005:413,Hard,QL-038,Find the number of terminal zeros in the product of 950 and 360.,3,ES-005,,,,,,950,360
NS-TRAIL-001,CP-005,NS-TRAIL-001:CP-005:ns-trail-001-human-review-repair:CP-005:414,Medium,QL-037,"After multiplying 2047 and 644, how many zeros will appear at the end of the result?",0,ES-005,,,,,,2047,644
NS-TRAIL-001,CP-005,NS-TRAIL-001:CP-005:ns-trail-001-human-review-repair:CP-005:415,Easy,QL-022,"If 1705 is multiplied by 715, how many trailing zeros will the product contain?",0,ES-005,,,,,,1705,715
NS-TRAIL-001,CP-005,NS-TRAIL-001:CP-005:ns-trail-001-human-review-repair:CP-005:416,Medium,QL-039,The product 10375 x 270 ends with how many zeros?,1,ES-005,,,,,,10375,270
NS-TRAIL-001,CP-005,NS-TRAIL-001:CP-005:ns-trail-001-human-review-repair:CP-005:417,Easy,QL-024,Determine the trailing-zero count after multiplying 300 and 400.,4,ES-005,,,,,,300,400
NS-TRAIL-001,CP-005,NS-TRAIL-001:CP-005:ns-trail-001-human-review-repair:CP-005:418,Medium,QL-023,Find the number of trailing zeros in the product 425 x 250.,1,ES-005,,,,,,425,250
NS-TRAIL-001,CP-005,NS-TRAIL-001:CP-005:ns-trail-001-human-review-repair:CP-005:419,Medium,QL-026,Calculate the trailing zeros in the product of 2048 and 15625.,6,ES-005,,,,,,2048,15625
NS-TRAIL-001,CP-005,NS-TRAIL-001:CP-005:ns-trail-001-human-review-repair:CP-005:420,Medium,QL-022,"If 64 is multiplied by 15625, how many trailing zeros will the product contain?",6,ES-005,,,,,,64,15625
NS-TRAIL-001,CP-005,NS-TRAIL-001:CP-005:ns-trail-001-human-review-repair:CP-005:421,Medium,QL-037,"After multiplying 255 and 210, how many zeros will appear at the end of the result?",1,ES-005,,,,,,255,210
NS-TRAIL-001,CP-005,NS-TRAIL-001:CP-005:ns-trail-001-human-review-repair:CP-005:422,Medium,QL-024,Determine the trailing-zero count after multiplying 2261 and 1863.,0,ES-005,,,,,,2261,1863
NS-TRAIL-001,CP-005,NS-TRAIL-001:CP-005:ns-trail-001-human-review-repair:CP-005:423,Medium,QL-039,The product 5267 x 988 ends with how many zeros?,0,ES-005,,,,,,5267,988
NS-TRAIL-001,CP-005,NS-TRAIL-001:CP-005:ns-trail-001-human-review-repair:CP-005:424,Medium,QL-026,Calculate the trailing zeros in the product of 510 and 580.,2,ES-005,,,,,,510,580
NS-TRAIL-001,CP-005,NS-TRAIL-001:CP-005:ns-trail-001-human-review-repair:CP-005:425,Hard,QL-023,Find the number of trailing zeros in the product 390625 x 256.,8,ES-005,,,,,,390625,256
NS-TRAIL-001,CP-005,NS-TRAIL-001:CP-005:ns-trail-001-human-review-repair:CP-005:426,Easy,QL-038,Find the number of terminal zeros in the product of 1827 and 913.,0,ES-005,,,,,,1827,913
NS-TRAIL-001,CP-005,NS-TRAIL-001:CP-005:ns-trail-001-human-review-repair:CP-005:427,Hard,QL-025,How many zeros appear at the end of 8192 x 3125?,5,ES-005,,,,,,8192,3125
NS-TRAIL-001,CP-005,NS-TRAIL-001:CP-005:ns-trail-001-human-review-repair:CP-005:428,Easy,QL-022,"If 630 is multiplied by 40, how many trailing zeros will the product contain?",2,ES-005,,,,,,630,40
NS-TRAIL-001,CP-005,NS-TRAIL-001:CP-005:ns-trail-001-human-review-repair:CP-005:429,Medium,QL-037,"After multiplying 395 and 1090, how many zeros will appear at the end of the result?",1,ES-005,,,,,,395,1090
NS-TRAIL-001,CP-005,NS-TRAIL-001:CP-005:ns-trail-001-human-review-repair:CP-005:430,Easy,QL-039,The product 60 x 525 ends with how many zeros?,2,ES-005,,,,,,60,525
NS-TRAIL-001,CP-005,NS-TRAIL-001:CP-005:ns-trail-001-human-review-repair:CP-005:431,Easy,QL-024,Determine the trailing-zero count after multiplying 90 and 350.,2,ES-005,,,,,,90,350
NS-TRAIL-001,CP-005,NS-TRAIL-001:CP-005:ns-trail-001-human-review-repair:CP-005:432,Easy,QL-037,"After multiplying 625 and 65536, how many zeros will appear at the end of the result?",4,ES-005,,,,,,625,65536
NS-TRAIL-001,CP-005,NS-TRAIL-001:CP-005:ns-trail-001-human-review-repair:CP-005:433,Medium,QL-022,"If 390625 is multiplied by 128, how many trailing zeros will the product contain?",7,ES-005,,,,,,390625,128
NS-TRAIL-001,CP-005,NS-TRAIL-001:CP-005:ns-trail-001-human-review-repair:CP-005:434,Medium,QL-025,How many zeros appear at the end of 390625 x 16?,4,ES-005,,,,,,390625,16
NS-TRAIL-001,CP-005,NS-TRAIL-001:CP-005:ns-trail-001-human-review-repair:CP-005:435,Easy,QL-038,Find the number of terminal zeros in the product of 210 and 210.,2,ES-005,,,,,,210,210
NS-TRAIL-001,CP-005,NS-TRAIL-001:CP-005:ns-trail-001-human-review-repair:CP-005:436,Easy,QL-023,Find the number of trailing zeros in the product 480 x 355.,2,ES-005,,,,,,480,355
NS-TRAIL-001,CP-005,NS-TRAIL-001:CP-005:ns-trail-001-human-review-repair:CP-005:437,Medium,QL-026,Calculate the trailing zeros in the product of 32 and 78125.,5,ES-005,,,,,,32,78125
NS-TRAIL-001,CP-005,NS-TRAIL-001:CP-005:ns-trail-001-human-review-repair:CP-005:438,Easy,QL-039,The product 125 x 128 ends with how many zeros?,3,ES-005,,,,,,125,128
NS-TRAIL-001,CP-005,NS-TRAIL-001:CP-005:ns-trail-001-human-review-repair:CP-005:439,Hard,QL-024,Determine the trailing-zero count after multiplying 1550 and 1200.,4,ES-005,,,,,,1550,1200
NS-TRAIL-001,CP-005,NS-TRAIL-001:CP-005:ns-trail-001-human-review-repair:CP-005:440,Hard,QL-038,Find the number of terminal zeros in the product of 15625 and 64.,6,ES-005,,,,,,15625,64
NS-TRAIL-001,CP-005,NS-TRAIL-001:CP-005:ns-trail-001-human-review-repair:CP-005:441,Easy,QL-025,How many zeros appear at the end of 32 x 78125?,5,ES-005,,,,,,32,78125
NS-TRAIL-001,CP-005,NS-TRAIL-001:CP-005:ns-trail-001-human-review-repair:CP-005:442,Medium,QL-026,Calculate the trailing zeros in the product of 1911 and 1037.,0,ES-005,,,,,,1911,1037
NS-TRAIL-001,CP-005,NS-TRAIL-001:CP-005:ns-trail-001-human-review-repair:CP-005:443,Medium,QL-023,Find the number of trailing zeros in the product 85 x 170.,1,ES-005,,,,,,85,170
NS-TRAIL-001,CP-005,NS-TRAIL-001:CP-005:ns-trail-001-human-review-repair:CP-005:444,Easy,QL-024,Determine the trailing-zero count after multiplying 570 and 590.,2,ES-005,,,,,,570,590
NS-TRAIL-001,CP-005,NS-TRAIL-001:CP-005:ns-trail-001-human-review-repair:CP-005:445,Hard,QL-039,The product 390625 x 512 ends with how many zeros?,8,ES-005,,,,,,390625,512
NS-TRAIL-001,CP-005,NS-TRAIL-001:CP-005:ns-trail-001-human-review-repair:CP-005:446,Medium,QL-022,"If 38750 is multiplied by 340, how many trailing zeros will the product contain?",3,ES-005,,,,,,38750,340
NS-TRAIL-001,CP-005,NS-TRAIL-001:CP-005:ns-trail-001-human-review-repair:CP-005:447,Medium,QL-037,"After multiplying 125 and 65536, how many zeros will appear at the end of the result?",3,ES-005,,,,,,125,65536
NS-TRAIL-001,CP-005,NS-TRAIL-001:CP-005:ns-trail-001-human-review-repair:CP-005:448,Medium,QL-038,Find the number of terminal zeros in the product of 3315 and 979.,0,ES-005,,,,,,3315,979
NS-TRAIL-001,CP-005,NS-TRAIL-001:CP-005:ns-trail-001-human-review-repair:CP-005:449,Medium,QL-025,How many zeros appear at the end of 580 x 185?,2,ES-005,,,,,,580,185
NS-TRAIL-001,CP-005,NS-TRAIL-001:CP-005:ns-trail-001-human-review-repair:CP-005:450,Hard,QL-037,"After multiplying 2048 and 15625, how many zeros will appear at the end of the result?",6,ES-005,,,,,,2048,15625
NS-TRAIL-001,CP-005,NS-TRAIL-001:CP-005:ns-trail-001-human-review-repair:CP-005:451,Medium,QL-022,"If 2847 is multiplied by 629, how many trailing zeros will the product contain?",0,ES-005,,,,,,2847,629
NS-TRAIL-001,CP-005,NS-TRAIL-001:CP-005:ns-trail-001-human-review-repair:CP-005:452,Hard,QL-039,The product 8 x 3125 ends with how many zeros?,3,ES-005,,,,,,8,3125
NS-TRAIL-001,CP-005,NS-TRAIL-001:CP-005:ns-trail-001-human-review-repair:CP-005:453,Easy,QL-024,Determine the trailing-zero count after multiplying 490 and 350.,2,ES-005,,,,,,490,350
NS-TRAIL-001,CP-005,NS-TRAIL-001:CP-005:ns-trail-001-human-review-repair:CP-005:454,Medium,QL-023,Find the number of trailing zeros in the product 625 x 32.,4,ES-005,,,,,,625,32
NS-TRAIL-001,CP-005,NS-TRAIL-001:CP-005:ns-trail-001-human-review-repair:CP-005:455,Hard,QL-026,Calculate the trailing zeros in the product of 2500 and 60.,4,ES-005,,,,,,2500,60
NS-TRAIL-001,CP-005,NS-TRAIL-001:CP-005:ns-trail-001-human-review-repair:CP-005:456,Medium,QL-025,How many zeros appear at the end of 4347 x 182?,0,ES-005,,,,,,4347,182
NS-TRAIL-001,CP-005,NS-TRAIL-001:CP-005:ns-trail-001-human-review-repair:CP-005:457,Medium,QL-038,Find the number of terminal zeros in the product of 125 and 131072.,3,ES-005,,,,,,125,131072
NS-TRAIL-001,CP-005,NS-TRAIL-001:CP-005:ns-trail-001-human-review-repair:CP-005:458,Medium,QL-037,"After multiplying 115 and 530, how many zeros will appear at the end of the result?",1,ES-005,,,,,,115,530
NS-TRAIL-001,CP-005,NS-TRAIL-001:CP-005:ns-trail-001-human-review-repair:CP-005:459,Easy,QL-022,"If 1725 is multiplied by 935, how many trailing zeros will the product contain?",0,ES-005,,,,,,1725,935
NS-TRAIL-001,CP-005,NS-TRAIL-001:CP-005:ns-trail-001-human-review-repair:CP-005:460,Easy,QL-026,Calculate the trailing zeros in the product of 10000 and 780.,5,ES-005,,,,,,10000,780
NS-TRAIL-001,CP-005,NS-TRAIL-001:CP-005:ns-trail-001-human-review-repair:CP-005:461,Easy,QL-023,Find the number of trailing zeros in the product 325 x 650.,1,ES-005,,,,,,325,650
NS-TRAIL-001,CP-005,NS-TRAIL-001:CP-005:ns-trail-001-human-review-repair:CP-005:462,Medium,QL-038,Find the number of terminal zeros in the product of 3125 and 1024.,5,ES-005,,,,,,3125,1024
NS-TRAIL-001,CP-005,NS-TRAIL-001:CP-005:ns-trail-001-human-review-repair:CP-005:463,Easy,QL-025,How many zeros appear at the end of 580 x 385?,2,ES-005,,,,,,580,385
NS-TRAIL-001,CP-005,NS-TRAIL-001:CP-005:ns-trail-001-human-review-repair:CP-005:464,Easy,QL-022,"If 32 is multiplied by 3125, how many trailing zeros will the product contain?",5,ES-005,,,,,,32,3125
NS-TRAIL-001,CP-005,NS-TRAIL-001:CP-005:ns-trail-001-human-review-repair:CP-005:465,Easy,QL-037,"After multiplying 55 and 1010, how many zeros will appear at the end of the result?",1,ES-005,,,,,,55,1010
NS-TRAIL-001,CP-005,NS-TRAIL-001:CP-005:ns-trail-001-human-review-repair:CP-005:466,Hard,QL-024,Determine the trailing-zero count after multiplying 741 and 781.,0,ES-005,,,,,,741,781
NS-TRAIL-001,CP-005,NS-TRAIL-001:CP-005:ns-trail-001-human-review-repair:CP-005:467,Medium,QL-039,The product 390625 x 32768 ends with how many zeros?,8,ES-005,,,,,,390625,32768
NS-TRAIL-001,CP-005,NS-TRAIL-001:CP-005:ns-trail-001-human-review-repair:CP-005:468,Easy,QL-026,Calculate the trailing zeros in the product of 1265 and 345.,0,ES-005,,,,,,1265,345
NS-TRAIL-001,CP-005,NS-TRAIL-001:CP-005:ns-trail-001-human-review-repair:CP-005:469,Medium,QL-023,Find the number of trailing zeros in the product 95 x 490.,1,ES-005,,,,,,95,490
NS-TRAIL-001,CP-005,NS-TRAIL-001:CP-005:ns-trail-001-human-review-repair:CP-005:470,Medium,QL-025,How many zeros appear at the end of 740 x 465?,2,ES-005,,,,,,740,465
NS-TRAIL-001,CP-005,NS-TRAIL-001:CP-005:ns-trail-001-human-review-repair:CP-005:471,Easy,QL-038,Find the number of terminal zeros in the product of 3125 and 16.,4,ES-005,,,,,,3125,16
NS-TRAIL-001,CP-005,NS-TRAIL-001:CP-005:ns-trail-001-human-review-repair:CP-005:472,Easy,QL-023,Find the number of trailing zeros in the product 80 x 155.,2,ES-005,,,,,,80,155
NS-TRAIL-001,CP-005,NS-TRAIL-001:CP-005:ns-trail-001-human-review-repair:CP-005:473,Easy,QL-026,Calculate the trailing zeros in the product of 390625 and 16384.,8,ES-005,,,,,,390625,16384
NS-TRAIL-001,CP-005,NS-TRAIL-001:CP-005:ns-trail-001-human-review-repair:CP-005:474,Hard,QL-039,The product 901 x 912 ends with how many zeros?,0,ES-005,,,,,,901,912
NS-TRAIL-001,CP-005,NS-TRAIL-001:CP-005:ns-trail-001-human-review-repair:CP-005:475,Medium,QL-024,Determine the trailing-zero count after multiplying 1100 and 720.,3,ES-005,,,,,,1100,720
NS-TRAIL-001,CP-005,NS-TRAIL-001:CP-005:ns-trail-001-human-review-repair:CP-005:476,Easy,QL-037,"After multiplying 120 and 175, how many zeros will appear at the end of the result?",3,ES-005,,,,,,120,175
NS-TRAIL-001,CP-005,NS-TRAIL-001:CP-005:ns-trail-001-human-review-repair:CP-005:477,Medium,QL-022,"If 28750 is multiplied by 180, how many trailing zeros will the product contain?",3,ES-005,,,,,,28750,180
NS-TRAIL-001,CP-005,NS-TRAIL-001:CP-005:ns-trail-001-human-review-repair:CP-005:478,Medium,QL-025,How many zeros appear at the end of 1953125 x 16384?,9,ES-005,,,,,,1953125,16384
NS-TRAIL-001,CP-005,NS-TRAIL-001:CP-005:ns-trail-001-human-review-repair:CP-005:479,Medium,QL-038,Find the number of terminal zeros in the product of 869 and 1547.,0,ES-005,,,,,,869,1547
NS-TRAIL-001,CP-005,NS-TRAIL-001:CP-005:ns-trail-001-human-review-repair:CP-005:480,Medium,QL-024,Determine the trailing-zero count after multiplying 4997 and 69.,0,ES-005,,,,,,4997,69
NS-TRAIL-001,CP-005,NS-TRAIL-001:CP-005:ns-trail-001-human-review-repair:CP-005:481,Hard,QL-039,The product 3125 x 65536 ends with how many zeros?,5,ES-005,,,,,,3125,65536
NS-TRAIL-001,CP-005,NS-TRAIL-001:CP-005:ns-trail-001-human-review-repair:CP-005:482,Easy,QL-022,"If 749 is multiplied by 451, how many trailing zeros will the product contain?",0,ES-005,,,,,,749,451
NS-TRAIL-001,CP-005,NS-TRAIL-001:CP-005:ns-trail-001-human-review-repair:CP-005:483,Medium,QL-037,"After multiplying 4901 and 228, how many zeros will appear at the end of the result?",0,ES-005,,,,,,4901,228
NS-TRAIL-001,CP-005,NS-TRAIL-001:CP-005:ns-trail-001-human-review-repair:CP-005:484,Hard,QL-038,Find the number of terminal zeros in the product of 1953125 and 32768.,9,ES-005,,,,,,1953125,32768
NS-TRAIL-001,CP-005,NS-TRAIL-001:CP-005:ns-trail-001-human-review-repair:CP-005:485,Medium,QL-025,How many zeros appear at the end of 20 x 305?,2,ES-005,,,,,,20,305
NS-TRAIL-001,CP-005,NS-TRAIL-001:CP-005:ns-trail-001-human-review-repair:CP-005:486,Hard,QL-026,Calculate the trailing zeros in the product of 28750 and 780.,3,ES-005,,,,,,28750,780
NS-TRAIL-001,CP-005,NS-TRAIL-001:CP-005:ns-trail-001-human-review-repair:CP-005:487,Hard,QL-023,Find the number of trailing zeros in the product 160 x 595.,2,ES-005,,,,,,160,595
NS-TRAIL-001,CP-005,NS-TRAIL-001:CP-005:ns-trail-001-human-review-repair:CP-005:488,Easy,QL-024,Determine the trailing-zero count after multiplying 650 and 430.,2,ES-005,,,,,,650,430
NS-TRAIL-001,CP-005,NS-TRAIL-001:CP-005:ns-trail-001-human-review-repair:CP-005:489,Medium,QL-039,The product 460 x 125 ends with how many zeros?,2,ES-005,,,,,,460,125
NS-TRAIL-001,CP-005,NS-TRAIL-001:CP-005:ns-trail-001-human-review-repair:CP-005:490,Hard,QL-023,Find the number of trailing zeros in the product 195 x 90.,1,ES-005,,,,,,195,90
NS-TRAIL-001,CP-005,NS-TRAIL-001:CP-005:ns-trail-001-human-review-repair:CP-005:491,Medium,QL-026,Calculate the trailing zeros in the product of 78125 and 8192.,7,ES-005,,,,,,78125,8192
NS-TRAIL-001,CP-005,NS-TRAIL-001:CP-005:ns-trail-001-human-review-repair:CP-005:492,Easy,QL-025,How many zeros appear at the end of 78125 x 1024?,7,ES-005,,,,,,78125,1024
NS-TRAIL-001,CP-005,NS-TRAIL-001:CP-005:ns-trail-001-human-review-repair:CP-005:493,Easy,QL-038,Find the number of terminal zeros in the product of 8 and 390625.,3,ES-005,,,,,,8,390625
NS-TRAIL-001,CP-005,NS-TRAIL-001:CP-005:ns-trail-001-human-review-repair:CP-005:494,Hard,QL-037,"After multiplying 360 and 295, how many zeros will appear at the end of the result?",2,ES-005,,,,,,360,295
NS-TRAIL-001,CP-005,NS-TRAIL-001:CP-005:ns-trail-001-human-review-repair:CP-005:495,Medium,QL-022,"If 41250 is multiplied by 980, how many trailing zeros will the product contain?",3,ES-005,,,,,,41250,980
NS-TRAIL-001,CP-005,NS-TRAIL-001:CP-005:ns-trail-001-human-review-repair:CP-005:496,Medium,QL-039,The product 380 x 485 ends with how many zeros?,2,ES-005,,,,,,380,485
NS-TRAIL-001,CP-005,NS-TRAIL-001:CP-005:ns-trail-001-human-review-repair:CP-005:497,Medium,QL-024,Determine the trailing-zero count after multiplying 4096 and 3125.,5,ES-005,,,,,,4096,3125
NS-TRAIL-001,CP-005,NS-TRAIL-001:CP-005:ns-trail-001-human-review-repair:CP-005:498,Easy,QL-023,Find the number of trailing zeros in the product 1015 x 570.,1,ES-005,,,,,,1015,570
NS-TRAIL-001,CP-005,NS-TRAIL-001:CP-005:ns-trail-001-human-review-repair:CP-005:499,Medium,QL-026,Calculate the trailing zeros in the product of 455 and 715.,0,ES-005,,,,,,455,715